/* Generated from _dsl by wypoc's bytecode compiler. */

#include <stdint.h>
#include "wyrm/image.h"

static const uint8_t _dsl_header[] = {
    0x26, 0x00, 0x00, 0x00, 0x02, 0x6E, 0x00, 0x05, 0x00, 0x00, 0x00, 0x5F,
    0x64, 0x73, 0x6C, 0x00, 0x10, 0x76, 0x00, 0x01, 0x00, 0x00, 0x00, 0x10,
    0x67, 0x00, 0x54, 0x00, 0x00, 0x00, 0x10, 0x6C, 0x00, 0x03, 0x00, 0x00,
    0x00, 0x00,
};

static const uint8_t _dsl_statics[] = {
    0x04, 0x02, 0x00, 0x00, 0x02, 0x30, 0x00, 0x05, 0x00, 0x00, 0x00, 0x77,
    0x79, 0x72, 0x6D, 0x00, 0x02, 0x31, 0x00, 0x0A, 0x00, 0x00, 0x00, 0x77,
    0x79, 0x72, 0x6D, 0x3A, 0x3A, 0x61, 0x73, 0x74, 0x00, 0x02, 0x32, 0x00,
    0x0F, 0x00, 0x00, 0x00, 0x77, 0x79, 0x72, 0x6D, 0x3A, 0x3A, 0x74, 0x65,
    0x6D, 0x70, 0x6C, 0x61, 0x74, 0x65, 0x00, 0x02, 0x33, 0x00, 0x04, 0x00,
    0x00, 0x00, 0x73, 0x74, 0x64, 0x00, 0x02, 0x34, 0x00, 0x0B, 0x00, 0x00,
    0x00, 0x73, 0x74, 0x64, 0x3A, 0x3A, 0x70, 0x61, 0x69, 0x72, 0x73, 0x00,
    0x02, 0x35, 0x00, 0x4A, 0x00, 0x00, 0x00, 0x74, 0x65, 0x78, 0x74, 0x28,
    0x29, 0x3A, 0x20, 0x61, 0x72, 0x67, 0x75, 0x6D, 0x65, 0x6E, 0x74, 0x20,
    0x6D, 0x75, 0x73, 0x74, 0x20, 0x62, 0x65, 0x20, 0x61, 0x20, 0x74, 0x6F,
    0x6B, 0x65, 0x6E, 0x20, 0x6B, 0x69, 0x6E, 0x64, 0x20, 0x73, 0x79, 0x6D,
    0x62, 0x6F, 0x6C, 0x2C, 0x20, 0x65, 0x2E, 0x67, 0x2E, 0x20, 0x74, 0x65,
    0x78, 0x74, 0x28, 0x27, 0x54, 0x4F, 0x4B, 0x5F, 0x4C, 0x49, 0x54, 0x45,
    0x52, 0x41, 0x4C, 0x5F, 0x49, 0x4E, 0x54, 0x29, 0x00, 0x02, 0x36, 0x00,
    0x06, 0x00, 0x00, 0x00, 0x65, 0x72, 0x72, 0x6F, 0x72, 0x00, 0x02, 0x37,
    0x00, 0x46, 0x00, 0x00, 0x00, 0x76, 0x61, 0x6C, 0x75, 0x65, 0x28, 0x29,
    0x3A, 0x20, 0x66, 0x69, 0x72, 0x73, 0x74, 0x20, 0x61, 0x72, 0x67, 0x75,
    0x6D, 0x65, 0x6E, 0x74, 0x20, 0x6D, 0x75, 0x73, 0x74, 0x20, 0x62, 0x65,
    0x20, 0x61, 0x20, 0x62, 0x61, 0x72, 0x65, 0x20, 0x73, 0x79, 0x6D, 0x62,
    0x6F, 0x6C, 0x2C, 0x20, 0x65, 0x2E, 0x67, 0x2E, 0x20, 0x76, 0x61, 0x6C,
    0x75, 0x65, 0x28, 0x27, 0x74, 0x72, 0x75, 0x65, 0x2C, 0x20, 0x2E, 0x2E,
    0x2E, 0x29, 0x00, 0x02, 0x38, 0x00, 0x38, 0x00, 0x00, 0x00, 0x70, 0x75,
    0x73, 0x68, 0x28, 0x29, 0x3A, 0x20, 0x61, 0x72, 0x67, 0x75, 0x6D, 0x65,
    0x6E, 0x74, 0x20, 0x6D, 0x75, 0x73, 0x74, 0x20, 0x62, 0x65, 0x20, 0x61,
    0x20, 0x62, 0x61, 0x72, 0x65, 0x20, 0x73, 0x79, 0x6D, 0x62, 0x6F, 0x6C,
    0x2C, 0x20, 0x65, 0x2E, 0x67, 0x2E, 0x20, 0x70, 0x75, 0x73, 0x68, 0x28,
    0x27, 0x66, 0x6F, 0x6F, 0x29, 0x00, 0x02, 0x39, 0x00, 0x25, 0x00, 0x00,
    0x00, 0x63, 0x6F, 0x6E, 0x73, 0x28, 0x29, 0x3A, 0x20, 0x65, 0x78, 0x61,
    0x63, 0x74, 0x6C, 0x79, 0x20, 0x32, 0x20, 0x61, 0x72, 0x67, 0x75, 0x6D,
    0x65, 0x6E, 0x74, 0x73, 0x20, 0x72, 0x65, 0x71, 0x75, 0x69, 0x72, 0x65,
    0x64, 0x00, 0x02, 0x31, 0x30, 0x00, 0x1D, 0x00, 0x00, 0x00, 0x40, 0x61,
    0x63, 0x63, 0x65, 0x70, 0x74, 0x3A, 0x20, 0x75, 0x6E, 0x6B, 0x6E, 0x6F,
    0x77, 0x6E, 0x20, 0x74, 0x65, 0x72, 0x6D, 0x20, 0x66, 0x6F, 0x72, 0x6D,
    0x20, 0x27, 0x00, 0x02, 0x31, 0x31, 0x00, 0x02, 0x00, 0x00, 0x00, 0x27,
    0x00, 0x02, 0x31, 0x32, 0x00, 0x20, 0x00, 0x00, 0x00, 0x40, 0x61, 0x63,
    0x63, 0x65, 0x70, 0x74, 0x3A, 0x20, 0x75, 0x6E, 0x73, 0x75, 0x70, 0x70,
    0x6F, 0x72, 0x74, 0x65, 0x64, 0x20, 0x6F, 0x70, 0x65, 0x72, 0x61, 0x74,
    0x6F, 0x72, 0x20, 0x27, 0x00, 0x02, 0x31, 0x33, 0x00, 0x3A, 0x00, 0x00,
    0x00, 0x40, 0x61, 0x63, 0x63, 0x65, 0x70, 0x74, 0x3A, 0x20, 0x74, 0x68,
    0x69, 0x73, 0x20, 0x69, 0x73, 0x20, 0x6E, 0x6F, 0x74, 0x20, 0x73, 0x6F,
    0x6D, 0x65, 0x74, 0x68, 0x69, 0x6E, 0x67, 0x20, 0x74, 0x68, 0x65, 0x20,
    0x6E, 0x6F, 0x74, 0x61, 0x74, 0x69, 0x6F, 0x6E, 0x20, 0x63, 0x61, 0x6E,
    0x20, 0x6D, 0x61, 0x74, 0x63, 0x68, 0x20, 0x79, 0x65, 0x74, 0x00, 0x00,
};

static const uint8_t _dsl_symbols[] = {
    0xFD, 0x05, 0x00, 0x00, 0x02, 0x30, 0x00, 0x04, 0x00, 0x00, 0x00, 0x73,
    0x79, 0x6D, 0x00, 0x02, 0x31, 0x00, 0x09, 0x00, 0x00, 0x00, 0x4E, 0x4F,
    0x5F, 0x4D, 0x41, 0x54, 0x43, 0x48, 0x00, 0x02, 0x32, 0x00, 0x04, 0x00,
    0x00, 0x00, 0x5F, 0x76, 0x74, 0x00, 0x02, 0x33, 0x00, 0x03, 0x00, 0x00,
    0x00, 0x21, 0x3D, 0x00, 0x02, 0x34, 0x00, 0x06, 0x00, 0x00, 0x00, 0x65,
    0x72, 0x72, 0x6F, 0x72, 0x00, 0x02, 0x35, 0x00, 0x05, 0x00, 0x00, 0x00,
    0x70, 0x65, 0x65, 0x6B, 0x00, 0x02, 0x36, 0x00, 0x07, 0x00, 0x00, 0x00,
    0x66, 0x6E, 0x5F, 0x64, 0x65, 0x66, 0x00, 0x02, 0x37, 0x00, 0x0C, 0x00,
    0x00, 0x00, 0x24, 0x74, 0x6F, 0x6B, 0x65, 0x6E, 0x5F, 0x6B, 0x69, 0x6E,
    0x64, 0x00, 0x02, 0x38, 0x00, 0x05, 0x00, 0x00, 0x00, 0x6B, 0x69, 0x6E,
    0x64, 0x00, 0x02, 0x39, 0x00, 0x05, 0x00, 0x00, 0x00, 0x74, 0x79, 0x70,
    0x65, 0x00, 0x02, 0x31, 0x30, 0x00, 0x05, 0x00, 0x00, 0x00, 0x61, 0x75,
    0x74, 0x6F, 0x00, 0x02, 0x31, 0x31, 0x00, 0x05, 0x00, 0x00, 0x00, 0x63,
    0x6F, 0x6E, 0x64, 0x00, 0x02, 0x31, 0x32, 0x00, 0x03, 0x00, 0x00, 0x00,
    0x3D, 0x3D, 0x00, 0x02, 0x31, 0x33, 0x00, 0x05, 0x00, 0x00, 0x00, 0x61,
    0x74, 0x74, 0x72, 0x00, 0x02, 0x31, 0x34, 0x00, 0x06, 0x00, 0x00, 0x00,
    0x61, 0x70, 0x70, 0x6C, 0x79, 0x00, 0x02, 0x31, 0x35, 0x00, 0x09, 0x00,
    0x00, 0x00, 0x62, 0x69, 0x6E, 0x64, 0x5F, 0x6D, 0x73, 0x67, 0x00, 0x02,
    0x31, 0x36, 0x00, 0x05, 0x00, 0x00, 0x00, 0x74, 0x68, 0x69, 0x73, 0x00,
    0x02, 0x31, 0x37, 0x00, 0x04, 0x00, 0x00, 0x00, 0x69, 0x6E, 0x74, 0x00,
    0x02, 0x31, 0x38, 0x00, 0x08, 0x00, 0x00, 0x00, 0x61, 0x64, 0x76, 0x61,
    0x6E, 0x63, 0x65, 0x00, 0x02, 0x31, 0x39, 0x00, 0x05, 0x00, 0x00, 0x00,
    0x65, 0x6C, 0x73, 0x65, 0x00, 0x02, 0x32, 0x30, 0x00, 0x0C, 0x00, 0x00,
    0x00, 0x24, 0x5F, 0x74, 0x65, 0x78, 0x74, 0x5F, 0x74, 0x6D, 0x70, 0x6C,
    0x00, 0x02, 0x32, 0x31, 0x00, 0x03, 0x00, 0x00, 0x00, 0x64, 0x6F, 0x00,
    0x02, 0x32, 0x32, 0x00, 0x07, 0x00, 0x00, 0x00, 0x64, 0x65, 0x66, 0x69,
    0x6E, 0x65, 0x00, 0x02, 0x32, 0x33, 0x00, 0x04, 0x00, 0x00, 0x00, 0x74,
    0x6F, 0x6B, 0x00, 0x02, 0x32, 0x34, 0x00, 0x09, 0x00, 0x00, 0x00, 0x67,
    0x65, 0x74, 0x5F, 0x74, 0x65, 0x78, 0x74, 0x00, 0x02, 0x32, 0x35, 0x00,
    0x07, 0x00, 0x00, 0x00, 0x62, 0x75, 0x66, 0x66, 0x65, 0x72, 0x00, 0x02,
    0x32, 0x36, 0x00, 0x0E, 0x00, 0x00, 0x00, 0x24, 0x73, 0x6F, 0x66, 0x74,
    0x5F, 0x6B, 0x65, 0x79, 0x77, 0x6F, 0x72, 0x64, 0x00, 0x02, 0x32, 0x37,
    0x00, 0x05, 0x00, 0x00, 0x00, 0x74, 0x65, 0x78, 0x74, 0x00, 0x02, 0x32,
    0x38, 0x00, 0x04, 0x00, 0x00, 0x00, 0x61, 0x6E, 0x64, 0x00, 0x02, 0x32,
    0x39, 0x00, 0x08, 0x00, 0x00, 0x00, 0x54, 0x4F, 0x4B, 0x5F, 0x58, 0x49,
    0x44, 0x00, 0x02, 0x33, 0x30, 0x00, 0x0E, 0x00, 0x00, 0x00, 0x24, 0x5F,
    0x65, 0x78, 0x70, 0x65, 0x63, 0x74, 0x5F, 0x74, 0x6D, 0x70, 0x6C, 0x00,
    0x02, 0x33, 0x31, 0x00, 0x0C, 0x00, 0x00, 0x00, 0x65, 0x78, 0x70, 0x65,
    0x63, 0x74, 0x5F, 0x74, 0x65, 0x78, 0x74, 0x00, 0x02, 0x33, 0x32, 0x00,
    0x0B, 0x00, 0x00, 0x00, 0x6D, 0x61, 0x74, 0x63, 0x68, 0x5F, 0x65, 0x78,
    0x70, 0x72, 0x00, 0x02, 0x33, 0x33, 0x00, 0x02, 0x00, 0x00, 0x00, 0x76,
    0x00, 0x02, 0x33, 0x34, 0x00, 0x05, 0x00, 0x00, 0x00, 0x6D, 0x61, 0x72,
    0x6B, 0x00, 0x02, 0x33, 0x35, 0x00, 0x07, 0x00, 0x00, 0x00, 0x24, 0x5F,
    0x6D, 0x61, 0x6E, 0x79, 0x00, 0x02, 0x33, 0x36, 0x00, 0x06, 0x00, 0x00,
    0x00, 0x69, 0x74, 0x65, 0x6D, 0x73, 0x00, 0x02, 0x33, 0x37, 0x00, 0x04,
    0x00, 0x00, 0x00, 0x6E, 0x69, 0x6C, 0x00, 0x02, 0x33, 0x38, 0x00, 0x06,
    0x00, 0x00, 0x00, 0x77, 0x68, 0x69, 0x6C, 0x65, 0x00, 0x02, 0x33, 0x39,
    0x00, 0x05, 0x00, 0x00, 0x00, 0x74, 0x72, 0x75, 0x65, 0x00, 0x02, 0x34,
    0x30, 0x00, 0x06, 0x00, 0x00, 0x00, 0x5F, 0x6D, 0x61, 0x72, 0x6B, 0x00,
    0x02, 0x34, 0x31, 0x00, 0x02, 0x00, 0x00, 0x00, 0x6D, 0x00, 0x02, 0x34,
    0x32, 0x00, 0x06, 0x00, 0x00, 0x00, 0x72, 0x65, 0x73, 0x65, 0x74, 0x00,
    0x02, 0x34, 0x33, 0x00, 0x06, 0x00, 0x00, 0x00, 0x62, 0x72, 0x65, 0x61,
    0x6B, 0x00, 0x02, 0x34, 0x34, 0x00, 0x03, 0x00, 0x00, 0x00, 0x69, 0x73,
    0x00, 0x02, 0x34, 0x35, 0x00, 0x04, 0x00, 0x00, 0x00, 0x73, 0x65, 0x74,
    0x00, 0x02, 0x34, 0x36, 0x00, 0x05, 0x00, 0x00, 0x00, 0x63, 0x6F, 0x6E,
    0x73, 0x00, 0x02, 0x34, 0x37, 0x00, 0x08, 0x00, 0x00, 0x00, 0x72, 0x65,
    0x76, 0x65, 0x72, 0x73, 0x65, 0x00, 0x02, 0x34, 0x38, 0x00, 0x0B, 0x00,
    0x00, 0x00, 0x24, 0x5F, 0x6D, 0x61, 0x6E, 0x79, 0x66, 0x6C, 0x61, 0x74,
    0x00, 0x02, 0x34, 0x39, 0x00, 0x03, 0x00, 0x00, 0x00, 0x6F, 0x72, 0x00,
    0x02, 0x35, 0x30, 0x00, 0x05, 0x00, 0x00, 0x00, 0x70, 0x61, 0x69, 0x72,
    0x00, 0x02, 0x35, 0x31, 0x00, 0x06, 0x00, 0x00, 0x00, 0x5F, 0x6D, 0x66,
    0x5F, 0x70, 0x00, 0x02, 0x35, 0x32, 0x00, 0x04, 0x00, 0x00, 0x00, 0x63,
    0x61, 0x72, 0x00, 0x02, 0x35, 0x33, 0x00, 0x04, 0x00, 0x00, 0x00, 0x63,
    0x64, 0x72, 0x00, 0x02, 0x35, 0x34, 0x00, 0x05, 0x00, 0x00, 0x00, 0x6C,
    0x69, 0x73, 0x74, 0x00, 0x02, 0x35, 0x35, 0x00, 0x06, 0x00, 0x00, 0x00,
    0x5F, 0x6D, 0x66, 0x5F, 0x69, 0x00, 0x02, 0x35, 0x36, 0x00, 0x02, 0x00,
    0x00, 0x00, 0x3C, 0x00, 0x02, 0x35, 0x37, 0x00, 0x04, 0x00, 0x00, 0x00,
    0x6C, 0x65, 0x6E, 0x00, 0x02, 0x35, 0x38, 0x00, 0x06, 0x00, 0x00, 0x00,
    0x69, 0x6E, 0x64, 0x65, 0x78, 0x00, 0x02, 0x35, 0x39, 0x00, 0x02, 0x00,
    0x00, 0x00, 0x2B, 0x00, 0x02, 0x36, 0x30, 0x00, 0x0B, 0x00, 0x00, 0x00,
    0x5F, 0x74, 0x6D, 0x70, 0x6C, 0x5F, 0x62, 0x6F, 0x6F, 0x6C, 0x00, 0x02,
    0x36, 0x31, 0x00, 0x06, 0x00, 0x00, 0x00, 0x66, 0x61, 0x6C, 0x73, 0x65,
    0x00, 0x02, 0x36, 0x32, 0x00, 0x0D, 0x00, 0x00, 0x00, 0x24, 0x5F, 0x74,
    0x6D, 0x70, 0x6C, 0x5F, 0x76, 0x61, 0x6C, 0x75, 0x65, 0x00, 0x02, 0x36,
    0x33, 0x00, 0x05, 0x00, 0x00, 0x00, 0x72, 0x65, 0x70, 0x6C, 0x00, 0x02,
    0x36, 0x34, 0x00, 0x04, 0x00, 0x00, 0x00, 0x6E, 0x6F, 0x74, 0x00, 0x02,
    0x36, 0x35, 0x00, 0x0C, 0x00, 0x00, 0x00, 0x24, 0x5F, 0x74, 0x6D, 0x70,
    0x6C, 0x5F, 0x70, 0x75, 0x73, 0x68, 0x00, 0x02, 0x36, 0x36, 0x00, 0x0C,
    0x00, 0x00, 0x00, 0x24, 0x5F, 0x74, 0x6D, 0x70, 0x6C, 0x5F, 0x63, 0x6F,
    0x6E, 0x73, 0x00, 0x02, 0x36, 0x37, 0x00, 0x07, 0x00, 0x00, 0x00, 0x61,
    0x5F, 0x65, 0x78, 0x70, 0x72, 0x00, 0x02, 0x36, 0x38, 0x00, 0x07, 0x00,
    0x00, 0x00, 0x62, 0x5F, 0x65, 0x78, 0x70, 0x72, 0x00, 0x02, 0x36, 0x39,
    0x00, 0x02, 0x00, 0x00, 0x00, 0x61, 0x00, 0x02, 0x37, 0x30, 0x00, 0x02,
    0x00, 0x00, 0x00, 0x62, 0x00, 0x02, 0x37, 0x31, 0x00, 0x0A, 0x00, 0x00,
    0x00, 0x5F, 0x74, 0x6D, 0x70, 0x6C, 0x5F, 0x6F, 0x70, 0x74, 0x00, 0x02,
    0x37, 0x32, 0x00, 0x09, 0x00, 0x00, 0x00, 0x61, 0x70, 0x70, 0x6C, 0x79,
    0x5F, 0x69, 0x66, 0x00, 0x02, 0x37, 0x33, 0x00, 0x05, 0x00, 0x00, 0x00,
    0x6D, 0x61, 0x6E, 0x79, 0x00, 0x02, 0x37, 0x34, 0x00, 0x09, 0x00, 0x00,
    0x00, 0x6D, 0x61, 0x6E, 0x79, 0x66, 0x6C, 0x61, 0x74, 0x00, 0x02, 0x37,
    0x35, 0x00, 0x04, 0x00, 0x00, 0x00, 0x6F, 0x70, 0x74, 0x00, 0x02, 0x37,
    0x36, 0x00, 0x07, 0x00, 0x00, 0x00, 0x65, 0x78, 0x70, 0x65, 0x63, 0x74,
    0x00, 0x02, 0x37, 0x37, 0x00, 0x05, 0x00, 0x00, 0x00, 0x62, 0x6F, 0x6F,
    0x6C, 0x00, 0x02, 0x37, 0x38, 0x00, 0x06, 0x00, 0x00, 0x00, 0x76, 0x61,
    0x6C, 0x75, 0x65, 0x00, 0x02, 0x37, 0x39, 0x00, 0x05, 0x00, 0x00, 0x00,
    0x70, 0x75, 0x73, 0x68, 0x00, 0x02, 0x38, 0x30, 0x00, 0x02, 0x00, 0x00,
    0x00, 0x7C, 0x00, 0x02, 0x38, 0x31, 0x00, 0x0B, 0x00, 0x00, 0x00, 0x24,
    0x5F, 0x62, 0x69, 0x6E, 0x6F, 0x70, 0x5F, 0x6F, 0x72, 0x00, 0x02, 0x38,
    0x32, 0x00, 0x0B, 0x00, 0x00, 0x00, 0x66, 0x69, 0x72, 0x73, 0x74, 0x5F,
    0x65, 0x78, 0x70, 0x72, 0x00, 0x02, 0x38, 0x33, 0x00, 0x0C, 0x00, 0x00,
    0x00, 0x73, 0x65, 0x63, 0x6F, 0x6E, 0x64, 0x5F, 0x65, 0x78, 0x70, 0x72,
    0x00, 0x02, 0x38, 0x34, 0x00, 0x05, 0x00, 0x00, 0x00, 0x6E, 0x61, 0x6D,
    0x65, 0x00, 0x02, 0x38, 0x35, 0x00, 0x04, 0x00, 0x00, 0x00, 0x73, 0x74,
    0x72, 0x00, 0x02, 0x38, 0x36, 0x00, 0x05, 0x00, 0x00, 0x00, 0x5F, 0x61,
    0x63, 0x63, 0x00, 0x02, 0x38, 0x37, 0x00, 0x07, 0x00, 0x00, 0x00, 0x61,
    0x70, 0x70, 0x65, 0x6E, 0x64, 0x00, 0x02, 0x38, 0x38, 0x00, 0x03, 0x00,
    0x00, 0x00, 0x5F, 0x74, 0x00, 0x02, 0x38, 0x39, 0x00, 0x0F, 0x00, 0x00,
    0x00, 0x24, 0x5F, 0x61, 0x63, 0x63, 0x65, 0x70, 0x74, 0x5F, 0x63, 0x61,
    0x63, 0x68, 0x65, 0x00, 0x02, 0x39, 0x30, 0x00, 0x09, 0x00, 0x00, 0x00,
    0x5F, 0x73, 0x69, 0x74, 0x65, 0x5F, 0x69, 0x64, 0x00, 0x02, 0x39, 0x31,
    0x00, 0x09, 0x00, 0x00, 0x00, 0x73, 0x65, 0x71, 0x5F, 0x65, 0x78, 0x70,
    0x72, 0x00, 0x02, 0x39, 0x32, 0x00, 0x0E, 0x00, 0x00, 0x00, 0x5F, 0x61,
    0x63, 0x63, 0x65, 0x70, 0x74, 0x5F, 0x73, 0x74, 0x61, 0x72, 0x74, 0x00,
    0x02, 0x39, 0x33, 0x00, 0x0F, 0x00, 0x00, 0x00, 0x5F, 0x61, 0x63, 0x63,
    0x65, 0x70, 0x74, 0x5F, 0x63, 0x61, 0x63, 0x68, 0x65, 0x64, 0x00, 0x02,
    0x39, 0x34, 0x00, 0x0A, 0x00, 0x00, 0x00, 0x67, 0x65, 0x74, 0x5F, 0x63,
    0x61, 0x63, 0x68, 0x65, 0x00, 0x02, 0x39, 0x35, 0x00, 0x09, 0x00, 0x00,
    0x00, 0x4E, 0x4F, 0x5F, 0x43, 0x41, 0x43, 0x48, 0x45, 0x00, 0x02, 0x39,
    0x36, 0x00, 0x0F, 0x00, 0x00, 0x00, 0x5F, 0x61, 0x63, 0x63, 0x65, 0x70,
    0x74, 0x5F, 0x72, 0x65, 0x73, 0x75, 0x6C, 0x74, 0x00, 0x02, 0x39, 0x37,
    0x00, 0x09, 0x00, 0x00, 0x00, 0x70, 0x75, 0x74, 0x5F, 0x6D, 0x69, 0x73,
    0x73, 0x00, 0x02, 0x39, 0x38, 0x00, 0x08, 0x00, 0x00, 0x00, 0x70, 0x75,
    0x74, 0x5F, 0x68, 0x69, 0x74, 0x00, 0x02, 0x39, 0x39, 0x00, 0x07, 0x00,
    0x00, 0x00, 0x61, 0x63, 0x63, 0x65, 0x70, 0x74, 0x00, 0x02, 0x31, 0x30,
    0x30, 0x00, 0x09, 0x00, 0x00, 0x00, 0x24, 0x5F, 0x65, 0x78, 0x70, 0x65,
    0x63, 0x74, 0x00, 0x02, 0x31, 0x30, 0x31, 0x00, 0x05, 0x00, 0x00, 0x00,
    0x64, 0x65, 0x73, 0x63, 0x00, 0x02, 0x31, 0x30, 0x32, 0x00, 0x02, 0x00,
    0x00, 0x00, 0x72, 0x00, 0x02, 0x31, 0x30, 0x33, 0x00, 0x07, 0x00, 0x00,
    0x00, 0x72, 0x65, 0x74, 0x75, 0x72, 0x6E, 0x00, 0x00,
};

static const uint8_t _dsl_functions[] = {
    0xCB, 0x0C, 0x00, 0x00, 0x03, 0x30, 0x00, 0x63, 0x00, 0x00, 0x00, 0x02,
    0x6E, 0x00, 0x11, 0x00, 0x00, 0x00, 0x5F, 0x64, 0x65, 0x63, 0x6F, 0x64,
    0x65, 0x5F, 0x61, 0x70, 0x70, 0x6C, 0x79, 0x5F, 0x69, 0x66, 0x00, 0x04,
    0x70, 0x00, 0x2E, 0x00, 0x00, 0x00, 0x03, 0x30, 0x00, 0x12, 0x00, 0x00,
    0x00, 0x02, 0x6E, 0x00, 0x06, 0x00, 0x00, 0x00, 0x66, 0x69, 0x72, 0x73,
    0x74, 0x00, 0x00, 0x03, 0x31, 0x00, 0x11, 0x00, 0x00, 0x00, 0x02, 0x6E,
    0x00, 0x05, 0x00, 0x00, 0x00, 0x72, 0x65, 0x73, 0x74, 0x00, 0x00, 0x00,
    0x10, 0x6C, 0x00, 0x0D, 0x00, 0x00, 0x00, 0x10, 0x63, 0x00, 0x96, 0x00,
    0x00, 0x00, 0x10, 0x66, 0x00, 0x00, 0x00, 0x00, 0x00, 0x00, 0x03, 0x31,
    0x00, 0x4F, 0x00, 0x00, 0x00, 0x02, 0x6E, 0x00, 0x12, 0x00, 0x00, 0x00,
    0x5F, 0x64, 0x65, 0x63, 0x6F, 0x64, 0x65, 0x5F, 0x72, 0x75, 0x6C, 0x65,
    0x5F, 0x63, 0x61, 0x6C, 0x6C, 0x00, 0x04, 0x70, 0x00, 0x19, 0x00, 0x00,
    0x00, 0x03, 0x30, 0x00, 0x11, 0x00, 0x00, 0x00, 0x02, 0x6E, 0x00, 0x05,
    0x00, 0x00, 0x00, 0x6E, 0x61, 0x6D, 0x65, 0x00, 0x00, 0x00, 0x10, 0x6C,
    0x00, 0x02, 0x00, 0x00, 0x00, 0x10, 0x63, 0x00, 0xDD, 0x00, 0x00, 0x00,
    0x10, 0x66, 0x00, 0x00, 0x00, 0x00, 0x00, 0x00, 0x03, 0x32, 0x00, 0x49,
    0x00, 0x00, 0x00, 0x02, 0x6E, 0x00, 0x0C, 0x00, 0x00, 0x00, 0x24, 0x74,
    0x6F, 0x6B, 0x65, 0x6E, 0x5F, 0x6B, 0x69, 0x6E, 0x64, 0x00, 0x04, 0x70,
    0x00, 0x19, 0x00, 0x00, 0x00, 0x03, 0x30, 0x00, 0x11, 0x00, 0x00, 0x00,
    0x02, 0x6E, 0x00, 0x05, 0x00, 0x00, 0x00, 0x6B, 0x69, 0x6E, 0x64, 0x00,
    0x00, 0x00, 0x10, 0x6C, 0x00, 0x02, 0x00, 0x00, 0x00, 0x10, 0x63, 0x00,
    0xE2, 0x00, 0x00, 0x00, 0x10, 0x66, 0x00, 0x00, 0x00, 0x00, 0x00, 0x00,
    0x03, 0x33, 0x00, 0x50, 0x00, 0x00, 0x00, 0x02, 0x6E, 0x00, 0x13, 0x00,
    0x00, 0x00, 0x5F, 0x64, 0x65, 0x63, 0x6F, 0x64, 0x65, 0x5F, 0x74, 0x6F,
    0x6B, 0x65, 0x6E, 0x5F, 0x6B, 0x69, 0x6E, 0x64, 0x00, 0x04, 0x70, 0x00,
    0x19, 0x00, 0x00, 0x00, 0x03, 0x30, 0x00, 0x11, 0x00, 0x00, 0x00, 0x02,
    0x6E, 0x00, 0x05, 0x00, 0x00, 0x00, 0x6B, 0x69, 0x6E, 0x64, 0x00, 0x00,
    0x00, 0x10, 0x6C, 0x00, 0x14, 0x00, 0x00, 0x00, 0x10, 0x63, 0x00, 0xE3,
    0x00, 0x00, 0x00, 0x10, 0x66, 0x00, 0x00, 0x00, 0x00, 0x00, 0x00, 0x03,
    0x34, 0x00, 0x49, 0x00, 0x00, 0x00, 0x02, 0x6E, 0x00, 0x0C, 0x00, 0x00,
    0x00, 0x24, 0x5F, 0x74, 0x65, 0x78, 0x74, 0x5F, 0x74, 0x6D, 0x70, 0x6C,
    0x00, 0x04, 0x70, 0x00, 0x19, 0x00, 0x00, 0x00, 0x03, 0x30, 0x00, 0x11,
    0x00, 0x00, 0x00, 0x02, 0x6E, 0x00, 0x05, 0x00, 0x00, 0x00, 0x6B, 0x69,
    0x6E, 0x64, 0x00, 0x00, 0x00, 0x10, 0x6C, 0x00, 0x03, 0x00, 0x00, 0x00,
    0x10, 0x63, 0x00, 0x27, 0x01, 0x00, 0x00, 0x10, 0x66, 0x00, 0x00, 0x00,
    0x00, 0x00, 0x00, 0x03, 0x35, 0x00, 0x4A, 0x00, 0x00, 0x00, 0x02, 0x6E,
    0x00, 0x0D, 0x00, 0x00, 0x00, 0x5F, 0x64, 0x65, 0x63, 0x6F, 0x64, 0x65,
    0x5F, 0x74, 0x65, 0x78, 0x74, 0x00, 0x04, 0x70, 0x00, 0x19, 0x00, 0x00,
    0x00, 0x03, 0x30, 0x00, 0x11, 0x00, 0x00, 0x00, 0x02, 0x6E, 0x00, 0x05,
    0x00, 0x00, 0x00, 0x6E, 0x6F, 0x64, 0x65, 0x00, 0x00, 0x00, 0x10, 0x6C,
    0x00, 0x18, 0x00, 0x00, 0x00, 0x10, 0x63, 0x00, 0x28, 0x01, 0x00, 0x00,
    0x10, 0x66, 0x00, 0x00, 0x00, 0x00, 0x00, 0x00, 0x03, 0x36, 0x00, 0x4B,
    0x00, 0x00, 0x00, 0x02, 0x6E, 0x00, 0x0E, 0x00, 0x00, 0x00, 0x24, 0x73,
    0x6F, 0x66, 0x74, 0x5F, 0x6B, 0x65, 0x79, 0x77, 0x6F, 0x72, 0x64, 0x00,
    0x04, 0x70, 0x00, 0x19, 0x00, 0x00, 0x00, 0x03, 0x30, 0x00, 0x11, 0x00,
    0x00, 0x00, 0x02, 0x6E, 0x00, 0x05, 0x00, 0x00, 0x00, 0x74, 0x65, 0x78,
    0x74, 0x00, 0x00, 0x00, 0x10, 0x6C, 0x00, 0x03, 0x00, 0x00, 0x00, 0x10,
    0x63, 0x00, 0x98, 0x01, 0x00, 0x00, 0x10, 0x66, 0x00, 0x00, 0x00, 0x00,
    0x00, 0x00, 0x03, 0x37, 0x00, 0x52, 0x00, 0x00, 0x00, 0x02, 0x6E, 0x00,
    0x15, 0x00, 0x00, 0x00, 0x5F, 0x64, 0x65, 0x63, 0x6F, 0x64, 0x65, 0x5F,
    0x73, 0x6F, 0x66, 0x74, 0x5F, 0x6B, 0x65, 0x79, 0x77, 0x6F, 0x72, 0x64,
    0x00, 0x04, 0x70, 0x00, 0x19, 0x00, 0x00, 0x00, 0x03, 0x30, 0x00, 0x11,
    0x00, 0x00, 0x00, 0x02, 0x6E, 0x00, 0x05, 0x00, 0x00, 0x00, 0x74, 0x65,
    0x78, 0x74, 0x00, 0x00, 0x00, 0x10, 0x6C, 0x00, 0x19, 0x00, 0x00, 0x00,
    0x10, 0x63, 0x00, 0x99, 0x01, 0x00, 0x00, 0x10, 0x66, 0x00, 0x00, 0x00,
    0x00, 0x00, 0x00, 0x03, 0x38, 0x00, 0x6C, 0x00, 0x00, 0x00, 0x02, 0x6E,
    0x00, 0x0E, 0x00, 0x00, 0x00, 0x24, 0x5F, 0x65, 0x78, 0x70, 0x65, 0x63,
    0x74, 0x5F, 0x74, 0x6D, 0x70, 0x6C, 0x00, 0x04, 0x70, 0x00, 0x3A, 0x00,
    0x00, 0x00, 0x03, 0x30, 0x00, 0x18, 0x00, 0x00, 0x00, 0x02, 0x6E, 0x00,
    0x0C, 0x00, 0x00, 0x00, 0x65, 0x78, 0x70, 0x65, 0x63, 0x74, 0x5F, 0x74,
    0x65, 0x78, 0x74, 0x00, 0x00, 0x03, 0x31, 0x00, 0x17, 0x00, 0x00, 0x00,
    0x02, 0x6E, 0x00, 0x0B, 0x00, 0x00, 0x00, 0x6D, 0x61, 0x74, 0x63, 0x68,
    0x5F, 0x65, 0x78, 0x70, 0x72, 0x00, 0x00, 0x00, 0x10, 0x6C, 0x00, 0x04,
    0x00, 0x00, 0x00, 0x10, 0x63, 0x00, 0x00, 0x02, 0x00, 0x00, 0x10, 0x66,
    0x00, 0x00, 0x00, 0x00, 0x00, 0x00, 0x03, 0x39, 0x00, 0x6A, 0x00, 0x00,
    0x00, 0x02, 0x6E, 0x00, 0x0F, 0x00, 0x00, 0x00, 0x5F, 0x64, 0x65, 0x63,
    0x6F, 0x64, 0x65, 0x5F, 0x65, 0x78, 0x70, 0x65, 0x63, 0x74, 0x00, 0x04,
    0x70, 0x00, 0x37, 0x00, 0x00, 0x00, 0x03, 0x30, 0x00, 0x15, 0x00, 0x00,
    0x00, 0x02, 0x6E, 0x00, 0x09, 0x00, 0x00, 0x00, 0x61, 0x72, 0x67, 0x5F,
    0x74, 0x65, 0x78, 0x74, 0x00, 0x00, 0x03, 0x31, 0x00, 0x17, 0x00, 0x00,
    0x00, 0x02, 0x6E, 0x00, 0x0B, 0x00, 0x00, 0x00, 0x61, 0x72, 0x67, 0x5F,
    0x73, 0x75, 0x62, 0x73, 0x65, 0x71, 0x00, 0x00, 0x00, 0x10, 0x6C, 0x00,
    0x13, 0x00, 0x00, 0x00, 0x10, 0x63, 0x00, 0x0D, 0x02, 0x00, 0x00, 0x10,
    0x66, 0x00, 0x00, 0x00, 0x00, 0x00, 0x00, 0x03, 0x31, 0x30, 0x00, 0x4A,
    0x00, 0x00, 0x00, 0x02, 0x6E, 0x00, 0x07, 0x00, 0x00, 0x00, 0x24, 0x5F,
    0x6D, 0x61, 0x6E, 0x79, 0x00, 0x04, 0x70, 0x00, 0x1F, 0x00, 0x00, 0x00,
    0x03, 0x30, 0x00, 0x17, 0x00, 0x00, 0x00, 0x02, 0x6E, 0x00, 0x0B, 0x00,
    0x00, 0x00, 0x6D, 0x61, 0x74, 0x63, 0x68, 0x5F, 0x65, 0x78, 0x70, 0x72,
    0x00, 0x00, 0x00, 0x10, 0x6C, 0x00, 0x05, 0x00, 0x00, 0x00, 0x10, 0x63,
    0x00, 0x5B, 0x02, 0x00, 0x00, 0x10, 0x66, 0x00, 0x00, 0x00, 0x00, 0x00,
    0x00, 0x03, 0x31, 0x31, 0x00, 0x49, 0x00, 0x00, 0x00, 0x02, 0x6E, 0x00,
    0x0D, 0x00, 0x00, 0x00, 0x5F, 0x64, 0x65, 0x63, 0x6F, 0x64, 0x65, 0x5F,
    0x6D, 0x61, 0x6E, 0x79, 0x00, 0x04, 0x70, 0x00, 0x18, 0x00, 0x00, 0x00,
    0x03, 0x30, 0x00, 0x10, 0x00, 0x00, 0x00, 0x02, 0x6E, 0x00, 0x04, 0x00,
    0x00, 0x00, 0x61, 0x72, 0x67, 0x00, 0x00, 0x00, 0x10, 0x6C, 0x00, 0x1E,
    0x00, 0x00, 0x00, 0x10, 0x63, 0x00, 0x5C, 0x02, 0x00, 0x00, 0x10, 0x66,
    0x00, 0x00, 0x00, 0x00, 0x00, 0x00, 0x03, 0x31, 0x32, 0x00, 0x4E, 0x00,
    0x00, 0x00, 0x02, 0x6E, 0x00, 0x0B, 0x00, 0x00, 0x00, 0x24, 0x5F, 0x6D,
    0x61, 0x6E, 0x79, 0x66, 0x6C, 0x61, 0x74, 0x00, 0x04, 0x70, 0x00, 0x1F,
    0x00, 0x00, 0x00, 0x03, 0x30, 0x00, 0x17, 0x00, 0x00, 0x00, 0x02, 0x6E,
    0x00, 0x0B, 0x00, 0x00, 0x00, 0x6D, 0x61, 0x74, 0x63, 0x68, 0x5F, 0x65,
    0x78, 0x70, 0x72, 0x00, 0x00, 0x00, 0x10, 0x6C, 0x00, 0x08, 0x00, 0x00,
    0x00, 0x10, 0x63, 0x00, 0xF4, 0x02, 0x00, 0x00, 0x10, 0x66, 0x00, 0x00,
    0x00, 0x00, 0x00, 0x00, 0x03, 0x31, 0x33, 0x00, 0x4D, 0x00, 0x00, 0x00,
    0x02, 0x6E, 0x00, 0x11, 0x00, 0x00, 0x00, 0x5F, 0x64, 0x65, 0x63, 0x6F,
    0x64, 0x65, 0x5F, 0x6D, 0x61, 0x6E, 0x79, 0x66, 0x6C, 0x61, 0x74, 0x00,
    0x04, 0x70, 0x00, 0x18, 0x00, 0x00, 0x00, 0x03, 0x30, 0x00, 0x10, 0x00,
    0x00, 0x00, 0x02, 0x6E, 0x00, 0x04, 0x00, 0x00, 0x00, 0x61, 0x72, 0x67,
    0x00, 0x00, 0x00, 0x10, 0x6C, 0x00, 0x2A, 0x00, 0x00, 0x00, 0x10, 0x63,
    0x00, 0xF5, 0x02, 0x00, 0x00, 0x10, 0x66, 0x00, 0x00, 0x00, 0x00, 0x00,
    0x00, 0x03, 0x31, 0x34, 0x00, 0x4E, 0x00, 0x00, 0x00, 0x02, 0x6E, 0x00,
    0x0B, 0x00, 0x00, 0x00, 0x5F, 0x74, 0x6D, 0x70, 0x6C, 0x5F, 0x62, 0x6F,
    0x6F, 0x6C, 0x00, 0x04, 0x70, 0x00, 0x1F, 0x00, 0x00, 0x00, 0x03, 0x30,
    0x00, 0x17, 0x00, 0x00, 0x00, 0x02, 0x6E, 0x00, 0x0B, 0x00, 0x00, 0x00,
    0x6D, 0x61, 0x74, 0x63, 0x68, 0x5F, 0x65, 0x78, 0x70, 0x72, 0x00, 0x00,
    0x00, 0x10, 0x6C, 0x00, 0x04, 0x00, 0x00, 0x00, 0x10, 0x63, 0x00, 0x1B,
    0x04, 0x00, 0x00, 0x10, 0x66, 0x00, 0x00, 0x00, 0x00, 0x00, 0x00, 0x03,
    0x31, 0x35, 0x00, 0x49, 0x00, 0x00, 0x00, 0x02, 0x6E, 0x00, 0x0D, 0x00,
    0x00, 0x00, 0x5F, 0x64, 0x65, 0x63, 0x6F, 0x64, 0x65, 0x5F, 0x62, 0x6F,
    0x6F, 0x6C, 0x00, 0x04, 0x70, 0x00, 0x18, 0x00, 0x00, 0x00, 0x03, 0x30,
    0x00, 0x10, 0x00, 0x00, 0x00, 0x02, 0x6E, 0x00, 0x04, 0x00, 0x00, 0x00,
    0x61, 0x72, 0x67, 0x00, 0x00, 0x00, 0x10, 0x6C, 0x00, 0x18, 0x00, 0x00,
    0x00, 0x10, 0x63, 0x00, 0x1C, 0x04, 0x00, 0x00, 0x10, 0x66, 0x00, 0x00,
    0x00, 0x00, 0x00, 0x00, 0x03, 0x31, 0x36, 0x00, 0x64, 0x00, 0x00, 0x00,
    0x02, 0x6E, 0x00, 0x0D, 0x00, 0x00, 0x00, 0x24, 0x5F, 0x74, 0x6D, 0x70,
    0x6C, 0x5F, 0x76, 0x61, 0x6C, 0x75, 0x65, 0x00, 0x04, 0x70, 0x00, 0x33,
    0x00, 0x00, 0x00, 0x03, 0x30, 0x00, 0x11, 0x00, 0x00, 0x00, 0x02, 0x6E,
    0x00, 0x05, 0x00, 0x00, 0x00, 0x72, 0x65, 0x70, 0x6C, 0x00, 0x00, 0x03,
    0x31, 0x00, 0x17, 0x00, 0x00, 0x00, 0x02, 0x6E, 0x00, 0x0B, 0x00, 0x00,
    0x00, 0x6D, 0x61, 0x74, 0x63, 0x68, 0x5F, 0x65, 0x78, 0x70, 0x72, 0x00,
    0x00, 0x00, 0x10, 0x6C, 0x00, 0x05, 0x00, 0x00, 0x00, 0x10, 0x63, 0x00,
    0x84, 0x04, 0x00, 0x00, 0x10, 0x66, 0x00, 0x00, 0x00, 0x00, 0x00, 0x00,
    0x03, 0x31, 0x37, 0x00, 0x5E, 0x00, 0x00, 0x00, 0x02, 0x6E, 0x00, 0x0E,
    0x00, 0x00, 0x00, 0x5F, 0x64, 0x65, 0x63, 0x6F, 0x64, 0x65, 0x5F, 0x76,
    0x61, 0x6C, 0x75, 0x65, 0x00, 0x04, 0x70, 0x00, 0x2C, 0x00, 0x00, 0x00,
    0x03, 0x30, 0x00, 0x11, 0x00, 0x00, 0x00, 0x02, 0x6E, 0x00, 0x05, 0x00,
    0x00, 0x00, 0x72, 0x65, 0x70, 0x6C, 0x00, 0x00, 0x03, 0x31, 0x00, 0x10,
    0x00, 0x00, 0x00, 0x02, 0x6E, 0x00, 0x04, 0x00, 0x00, 0x00, 0x61, 0x72,
    0x67, 0x00, 0x00, 0x00, 0x10, 0x6C, 0x00, 0x18, 0x00, 0x00, 0x00, 0x10,
    0x63, 0x00, 0x92, 0x04, 0x00, 0x00, 0x10, 0x66, 0x00, 0x00, 0x00, 0x00,
    0x00, 0x00, 0x03, 0x31, 0x38, 0x00, 0x49, 0x00, 0x00, 0x00, 0x02, 0x6E,
    0x00, 0x0C, 0x00, 0x00, 0x00, 0x24, 0x5F, 0x74, 0x6D, 0x70, 0x6C, 0x5F,
    0x70, 0x75, 0x73, 0x68, 0x00, 0x04, 0x70, 0x00, 0x19, 0x00, 0x00, 0x00,
    0x03, 0x30, 0x00, 0x11, 0x00, 0x00, 0x00, 0x02, 0x6E, 0x00, 0x05, 0x00,
    0x00, 0x00, 0x72, 0x65, 0x70, 0x6C, 0x00, 0x00, 0x00, 0x10, 0x6C, 0x00,
    0x01, 0x00, 0x00, 0x00, 0x10, 0x63, 0x00, 0xF7, 0x04, 0x00, 0x00, 0x10,
    0x66, 0x00, 0x00, 0x00, 0x00, 0x00, 0x00, 0x03, 0x31, 0x39, 0x00, 0x4A,
    0x00, 0x00, 0x00, 0x02, 0x6E, 0x00, 0x0D, 0x00, 0x00, 0x00, 0x5F, 0x64,
    0x65, 0x63, 0x6F, 0x64, 0x65, 0x5F, 0x70, 0x75, 0x73, 0x68, 0x00, 0x04,
    0x70, 0x00, 0x19, 0x00, 0x00, 0x00, 0x03, 0x30, 0x00, 0x11, 0x00, 0x00,
    0x00, 0x02, 0x6E, 0x00, 0x05, 0x00, 0x00, 0x00, 0x72, 0x65, 0x70, 0x6C,
    0x00, 0x00, 0x00, 0x10, 0x6C, 0x00, 0x0B, 0x00, 0x00, 0x00, 0x10, 0x63,
    0x00, 0xF9, 0x04, 0x00, 0x00, 0x10, 0x66, 0x00, 0x00, 0x00, 0x00, 0x00,
    0x00, 0x03, 0x32, 0x30, 0x00, 0x61, 0x00, 0x00, 0x00, 0x02, 0x6E, 0x00,
    0x0C, 0x00, 0x00, 0x00, 0x24, 0x5F, 0x74, 0x6D, 0x70, 0x6C, 0x5F, 0x63,
    0x6F, 0x6E, 0x73, 0x00, 0x04, 0x70, 0x00, 0x31, 0x00, 0x00, 0x00, 0x03,
    0x30, 0x00, 0x13, 0x00, 0x00, 0x00, 0x02, 0x6E, 0x00, 0x07, 0x00, 0x00,
    0x00, 0x61, 0x5F, 0x65, 0x78, 0x70, 0x72, 0x00, 0x00, 0x03, 0x31, 0x00,
    0x13, 0x00, 0x00, 0x00, 0x02, 0x6E, 0x00, 0x07, 0x00, 0x00, 0x00, 0x62,
    0x5F, 0x65, 0x78, 0x70, 0x72, 0x00, 0x00, 0x00, 0x10, 0x6C, 0x00, 0x06,
    0x00, 0x00, 0x00, 0x10, 0x63, 0x00, 0x20, 0x05, 0x00, 0x00, 0x10, 0x66,
    0x00, 0x00, 0x00, 0x00, 0x00, 0x00, 0x03, 0x32, 0x31, 0x00, 0x4A, 0x00,
    0x00, 0x00, 0x02, 0x6E, 0x00, 0x0D, 0x00, 0x00, 0x00, 0x5F, 0x64, 0x65,
    0x63, 0x6F, 0x64, 0x65, 0x5F, 0x63, 0x6F, 0x6E, 0x73, 0x00, 0x04, 0x70,
    0x00, 0x19, 0x00, 0x00, 0x00, 0x03, 0x30, 0x00, 0x11, 0x00, 0x00, 0x00,
    0x02, 0x6E, 0x00, 0x05, 0x00, 0x00, 0x00, 0x61, 0x72, 0x67, 0x73, 0x00,
    0x00, 0x00, 0x10, 0x6C, 0x00, 0x1E, 0x00, 0x00, 0x00, 0x10, 0x63, 0x00,
    0x41, 0x05, 0x00, 0x00, 0x10, 0x66, 0x00, 0x00, 0x00, 0x00, 0x00, 0x00,
    0x03, 0x32, 0x32, 0x00, 0x4D, 0x00, 0x00, 0x00, 0x02, 0x6E, 0x00, 0x0A,
    0x00, 0x00, 0x00, 0x5F, 0x74, 0x6D, 0x70, 0x6C, 0x5F, 0x6F, 0x70, 0x74,
    0x00, 0x04, 0x70, 0x00, 0x1F, 0x00, 0x00, 0x00, 0x03, 0x30, 0x00, 0x17,
    0x00, 0x00, 0x00, 0x02, 0x6E, 0x00, 0x0B, 0x00, 0x00, 0x00, 0x6D, 0x61,
    0x74, 0x63, 0x68, 0x5F, 0x65, 0x78, 0x70, 0x72, 0x00, 0x00, 0x00, 0x10,
    0x6C, 0x00, 0x04, 0x00, 0x00, 0x00, 0x10, 0x63, 0x00, 0xD9, 0x05, 0x00,
    0x00, 0x10, 0x66, 0x00, 0x00, 0x00, 0x00, 0x00, 0x00, 0x03, 0x32, 0x33,
    0x00, 0x48, 0x00, 0x00, 0x00, 0x02, 0x6E, 0x00, 0x0C, 0x00, 0x00, 0x00,
    0x5F, 0x64, 0x65, 0x63, 0x6F, 0x64, 0x65, 0x5F, 0x6F, 0x70, 0x74, 0x00,
    0x04, 0x70, 0x00, 0x18, 0x00, 0x00, 0x00, 0x03, 0x30, 0x00, 0x10, 0x00,
    0x00, 0x00, 0x02, 0x6E, 0x00, 0x04, 0x00, 0x00, 0x00, 0x61, 0x72, 0x67,
    0x00, 0x00, 0x00, 0x10, 0x6C, 0x00, 0x17, 0x00, 0x00, 0x00, 0x10, 0x63,
    0x00, 0xDA, 0x05, 0x00, 0x00, 0x10, 0x66, 0x00, 0x00, 0x00, 0x00, 0x00,
    0x00, 0x03, 0x32, 0x34, 0x00, 0x4A, 0x00, 0x00, 0x00, 0x02, 0x6E, 0x00,
    0x0D, 0x00, 0x00, 0x00, 0x5F, 0x64, 0x65, 0x63, 0x6F, 0x64, 0x65, 0x5F,
    0x63, 0x61, 0x6C, 0x6C, 0x00, 0x04, 0x70, 0x00, 0x19, 0x00, 0x00, 0x00,
    0x03, 0x30, 0x00, 0x11, 0x00, 0x00, 0x00, 0x02, 0x6E, 0x00, 0x05, 0x00,
    0x00, 0x00, 0x6E, 0x6F, 0x64, 0x65, 0x00, 0x00, 0x00, 0x10, 0x6C, 0x00,
    0x09, 0x00, 0x00, 0x00, 0x10, 0x63, 0x00, 0x32, 0x06, 0x00, 0x00, 0x10,
    0x66, 0x00, 0x00, 0x00, 0x00, 0x00, 0x00, 0x03, 0x32, 0x35, 0x00, 0x69,
    0x00, 0x00, 0x00, 0x02, 0x6E, 0x00, 0x0B, 0x00, 0x00, 0x00, 0x24, 0x5F,
    0x62, 0x69, 0x6E, 0x6F, 0x70, 0x5F, 0x6F, 0x72, 0x00, 0x04, 0x70, 0x00,
    0x3A, 0x00, 0x00, 0x00, 0x03, 0x30, 0x00, 0x17, 0x00, 0x00, 0x00, 0x02,
    0x6E, 0x00, 0x0B, 0x00, 0x00, 0x00, 0x66, 0x69, 0x72, 0x73, 0x74, 0x5F,
    0x65, 0x78, 0x70, 0x72, 0x00, 0x00, 0x03, 0x31, 0x00, 0x18, 0x00, 0x00,
    0x00, 0x02, 0x6E, 0x00, 0x0C, 0x00, 0x00, 0x00, 0x73, 0x65, 0x63, 0x6F,
    0x6E, 0x64, 0x5F, 0x65, 0x78, 0x70, 0x72, 0x00, 0x00, 0x00, 0x10, 0x6C,
    0x00, 0x04, 0x00, 0x00, 0x00, 0x10, 0x63, 0x00, 0xC5, 0x06, 0x00, 0x00,
    0x10, 0x66, 0x00, 0x00, 0x00, 0x00, 0x00, 0x00, 0x03, 0x32, 0x36, 0x00,
    0x4B, 0x00, 0x00, 0x00, 0x02, 0x6E, 0x00, 0x0E, 0x00, 0x00, 0x00, 0x5F,
    0x64, 0x65, 0x63, 0x6F, 0x64, 0x65, 0x5F, 0x62, 0x69, 0x6E, 0x6F, 0x70,
    0x00, 0x04, 0x70, 0x00, 0x19, 0x00, 0x00, 0x00, 0x03, 0x30, 0x00, 0x11,
    0x00, 0x00, 0x00, 0x02, 0x6E, 0x00, 0x05, 0x00, 0x00, 0x00, 0x6E, 0x6F,
    0x64, 0x65, 0x00, 0x00, 0x00, 0x10, 0x6C, 0x00, 0x19, 0x00, 0x00, 0x00,
    0x10, 0x63, 0x00, 0xC6, 0x06, 0x00, 0x00, 0x10, 0x66, 0x00, 0x00, 0x00,
    0x00, 0x00, 0x00, 0x03, 0x32, 0x37, 0x00, 0x4A, 0x00, 0x00, 0x00, 0x02,
    0x6E, 0x00, 0x0D, 0x00, 0x00, 0x00, 0x5F, 0x64, 0x65, 0x63, 0x6F, 0x64,
    0x65, 0x5F, 0x74, 0x65, 0x72, 0x6D, 0x00, 0x04, 0x70, 0x00, 0x19, 0x00,
    0x00, 0x00, 0x03, 0x30, 0x00, 0x11, 0x00, 0x00, 0x00, 0x02, 0x6E, 0x00,
    0x05, 0x00, 0x00, 0x00, 0x6E, 0x6F, 0x64, 0x65, 0x00, 0x00, 0x00, 0x10,
    0x6C, 0x00, 0x04, 0x00, 0x00, 0x00, 0x10, 0x63, 0x00, 0x4D, 0x07, 0x00,
    0x00, 0x10, 0x66, 0x00, 0x00, 0x00, 0x00, 0x00, 0x00, 0x03, 0x32, 0x38,
    0x00, 0x46, 0x00, 0x00, 0x00, 0x02, 0x6E, 0x00, 0x09, 0x00, 0x00, 0x00,
    0x5F, 0x69, 0x73, 0x5F, 0x64, 0x72, 0x6F, 0x70, 0x00, 0x04, 0x70, 0x00,
    0x19, 0x00, 0x00, 0x00, 0x03, 0x30, 0x00, 0x11, 0x00, 0x00, 0x00, 0x02,
    0x6E, 0x00, 0x05, 0x00, 0x00, 0x00, 0x6E, 0x6F, 0x64, 0x65, 0x00, 0x00,
    0x00, 0x10, 0x6C, 0x00, 0x02, 0x00, 0x00, 0x00, 0x10, 0x63, 0x00, 0x9A,
    0x07, 0x00, 0x00, 0x10, 0x66, 0x00, 0x00, 0x00, 0x00, 0x00, 0x00, 0x03,
    0x32, 0x39, 0x00, 0x77, 0x00, 0x00, 0x00, 0x02, 0x6E, 0x00, 0x16, 0x00,
    0x00, 0x00, 0x5F, 0x62, 0x75, 0x69, 0x6C, 0x64, 0x5F, 0x73, 0x65, 0x71,
    0x75, 0x65, 0x6E, 0x63, 0x65, 0x5F, 0x73, 0x74, 0x65, 0x70, 0x73, 0x00,
    0x04, 0x70, 0x00, 0x3D, 0x00, 0x00, 0x00, 0x03, 0x30, 0x00, 0x16, 0x00,
    0x00, 0x00, 0x02, 0x6E, 0x00, 0x0A, 0x00, 0x00, 0x00, 0x72, 0x65, 0x6D,
    0x61, 0x69, 0x6E, 0x69, 0x6E, 0x67, 0x00, 0x00, 0x03, 0x31, 0x00, 0x1C,
    0x00, 0x00, 0x00, 0x02, 0x6E, 0x00, 0x10, 0x00, 0x00, 0x00, 0x6E, 0x5F,
    0x63, 0x61, 0x70, 0x74, 0x75, 0x72, 0x65, 0x5F, 0x63, 0x6F, 0x75, 0x6E,
    0x74, 0x00, 0x00, 0x00, 0x10, 0x6C, 0x00, 0x10, 0x00, 0x00, 0x00, 0x10,
    0x63, 0x00, 0x9F, 0x07, 0x00, 0x00, 0x10, 0x66, 0x00, 0x00, 0x00, 0x00,
    0x00, 0x00, 0x03, 0x33, 0x30, 0x00, 0x56, 0x00, 0x00, 0x00, 0x02, 0x6E,
    0x00, 0x15, 0x00, 0x00, 0x00, 0x5F, 0x62, 0x75, 0x69, 0x6C, 0x64, 0x5F,
    0x73, 0x65, 0x71, 0x75, 0x65, 0x6E, 0x63, 0x65, 0x5F, 0x65, 0x78, 0x70,
    0x72, 0x00, 0x04, 0x70, 0x00, 0x1D, 0x00, 0x00, 0x00, 0x03, 0x30, 0x00,
    0x15, 0x00, 0x00, 0x00, 0x02, 0x6E, 0x00, 0x09, 0x00, 0x00, 0x00, 0x65,
    0x6C, 0x65, 0x6D, 0x65, 0x6E, 0x74, 0x73, 0x00, 0x00, 0x00, 0x10, 0x6C,
    0x00, 0x06, 0x00, 0x00, 0x00, 0x10, 0x63, 0x00, 0x3B, 0x08, 0x00, 0x00,
    0x10, 0x66, 0x00, 0x00, 0x00, 0x00, 0x00, 0x00, 0x03, 0x33, 0x31, 0x00,
    0x50, 0x00, 0x00, 0x00, 0x02, 0x6E, 0x00, 0x13, 0x00, 0x00, 0x00, 0x5F,
    0x73, 0x65, 0x71, 0x75, 0x65, 0x6E, 0x63, 0x65, 0x5F, 0x65, 0x6C, 0x65,
    0x6D, 0x65, 0x6E, 0x74, 0x73, 0x00, 0x04, 0x70, 0x00, 0x19, 0x00, 0x00,
    0x00, 0x03, 0x30, 0x00, 0x11, 0x00, 0x00, 0x00, 0x02, 0x6E, 0x00, 0x05,
    0x00, 0x00, 0x00, 0x6E, 0x6F, 0x64, 0x65, 0x00, 0x00, 0x00, 0x10, 0x6C,
    0x00, 0x02, 0x00, 0x00, 0x00, 0x10, 0x63, 0x00, 0x56, 0x08, 0x00, 0x00,
    0x10, 0x66, 0x00, 0x00, 0x00, 0x00, 0x00, 0x00, 0x03, 0x33, 0x32, 0x00,
    0x68, 0x00, 0x00, 0x00, 0x02, 0x6E, 0x00, 0x0F, 0x00, 0x00, 0x00, 0x24,
    0x5F, 0x61, 0x63, 0x63, 0x65, 0x70, 0x74, 0x5F, 0x63, 0x61, 0x63, 0x68,
    0x65, 0x00, 0x04, 0x70, 0x00, 0x35, 0x00, 0x00, 0x00, 0x03, 0x30, 0x00,
    0x15, 0x00, 0x00, 0x00, 0x02, 0x6E, 0x00, 0x09, 0x00, 0x00, 0x00, 0x5F,
    0x73, 0x69, 0x74, 0x65, 0x5F, 0x69, 0x64, 0x00, 0x00, 0x03, 0x31, 0x00,
    0x15, 0x00, 0x00, 0x00, 0x02, 0x6E, 0x00, 0x09, 0x00, 0x00, 0x00, 0x73,
    0x65, 0x71, 0x5F, 0x65, 0x78, 0x70, 0x72, 0x00, 0x00, 0x00, 0x10, 0x6C,
    0x00, 0x05, 0x00, 0x00, 0x00, 0x10, 0x63, 0x00, 0x64, 0x08, 0x00, 0x00,
    0x10, 0x66, 0x00, 0x00, 0x00, 0x00, 0x00, 0x00, 0x03, 0x33, 0x33, 0x00,
    0x3E, 0x00, 0x00, 0x00, 0x02, 0x6E, 0x00, 0x15, 0x00, 0x00, 0x00, 0x5F,
    0x6E, 0x65, 0x78, 0x74, 0x5F, 0x61, 0x63, 0x63, 0x65, 0x70, 0x74, 0x5F,
    0x73, 0x69, 0x74, 0x65, 0x5F, 0x69, 0x64, 0x00, 0x04, 0x70, 0x00, 0x05,
    0x00, 0x00, 0x00, 0x00, 0x10, 0x6C, 0x00, 0x03, 0x00, 0x00, 0x00, 0x10,
    0x63, 0x00, 0x65, 0x08, 0x00, 0x00, 0x10, 0x66, 0x00, 0x00, 0x00, 0x00,
    0x00, 0x00, 0x03, 0x33, 0x34, 0x00, 0x40, 0x00, 0x00, 0x00, 0x02, 0x6E,
    0x00, 0x08, 0x00, 0x00, 0x00, 0x61, 0x63, 0x63, 0x65, 0x70, 0x74, 0x21,
    0x00, 0x04, 0x70, 0x00, 0x05, 0x00, 0x00, 0x00, 0x00, 0x10, 0x6C, 0x00,
    0x27, 0x00, 0x00, 0x00, 0x10, 0x63, 0x00, 0x6C, 0x08, 0x00, 0x00, 0x10,
    0x66, 0x00, 0x02, 0x00, 0x00, 0x00, 0x04, 0x74, 0x00, 0x0C, 0x00, 0x00,
    0x00, 0x10, 0x30, 0x00, 0x52, 0x00, 0x00, 0x00, 0x00, 0x00, 0x03, 0x33,
    0x35, 0x00, 0x60, 0x00, 0x00, 0x00, 0x02, 0x6E, 0x00, 0x09, 0x00, 0x00,
    0x00, 0x24, 0x5F, 0x65, 0x78, 0x70, 0x65, 0x63, 0x74, 0x00, 0x04, 0x70,
    0x00, 0x33, 0x00, 0x00, 0x00, 0x03, 0x30, 0x00, 0x17, 0x00, 0x00, 0x00,
    0x02, 0x6E, 0x00, 0x0B, 0x00, 0x00, 0x00, 0x6D, 0x61, 0x74, 0x63, 0x68,
    0x5F, 0x65, 0x78, 0x70, 0x72, 0x00, 0x00, 0x03, 0x31, 0x00, 0x11, 0x00,
    0x00, 0x00, 0x02, 0x6E, 0x00, 0x05, 0x00, 0x00, 0x00, 0x64, 0x65, 0x73,
    0x63, 0x00, 0x00, 0x00, 0x10, 0x6C, 0x00, 0x04, 0x00, 0x00, 0x00, 0x10,
    0x63, 0x00, 0x26, 0x09, 0x00, 0x00, 0x10, 0x66, 0x00, 0x00, 0x00, 0x00,
    0x00, 0x00, 0x03, 0x33, 0x36, 0x00, 0x54, 0x00, 0x00, 0x00, 0x02, 0x6E,
    0x00, 0x08, 0x00, 0x00, 0x00, 0x65, 0x78, 0x70, 0x65, 0x63, 0x74, 0x21,
    0x00, 0x04, 0x70, 0x00, 0x19, 0x00, 0x00, 0x00, 0x03, 0x30, 0x00, 0x11,
    0x00, 0x00, 0x00, 0x02, 0x6E, 0x00, 0x05, 0x00, 0x00, 0x00, 0x64, 0x65,
    0x73, 0x63, 0x00, 0x00, 0x00, 0x10, 0x6C, 0x00, 0x17, 0x00, 0x00, 0x00,
    0x10, 0x63, 0x00, 0x32, 0x09, 0x00, 0x00, 0x10, 0x66, 0x00, 0x02, 0x00,
    0x00, 0x00, 0x04, 0x74, 0x00, 0x0C, 0x00, 0x00, 0x00, 0x10, 0x30, 0x00,
    0x52, 0x00, 0x00, 0x00, 0x00, 0x00, 0x03, 0x33, 0x37, 0x00, 0x48, 0x00,
    0x00, 0x00, 0x02, 0x6E, 0x00, 0x09, 0x00, 0x00, 0x00, 0x69, 0x73, 0x5F,
    0x6D, 0x61, 0x74, 0x63, 0x68, 0x00, 0x04, 0x70, 0x00, 0x1B, 0x00, 0x00,
    0x00, 0x03, 0x30, 0x00, 0x13, 0x00, 0x00, 0x00, 0x02, 0x6E, 0x00, 0x07,
    0x00, 0x00, 0x00, 0x72, 0x65, 0x73, 0x75, 0x6C, 0x74, 0x00, 0x00, 0x00,
    0x10, 0x6C, 0x00, 0x03, 0x00, 0x00, 0x00, 0x10, 0x63, 0x00, 0x90, 0x09,
    0x00, 0x00, 0x10, 0x66, 0x00, 0x00, 0x00, 0x00, 0x00, 0x00, 0x00,
};

static const uint8_t _dsl_classes[] = {
    0x05, 0x00, 0x00, 0x00, 0x00,
};

static const uint8_t _dsl_messages[] = {
    0x78, 0x00, 0x00, 0x00, 0x03, 0x30, 0x00, 0x14, 0x00, 0x00, 0x00, 0x04,
    0x70, 0x00, 0x0C, 0x00, 0x00, 0x00, 0x10, 0x30, 0x00, 0x05, 0x00, 0x00,
    0x00, 0x00, 0x00, 0x03, 0x31, 0x00, 0x14, 0x00, 0x00, 0x00, 0x04, 0x70,
    0x00, 0x0C, 0x00, 0x00, 0x00, 0x10, 0x30, 0x00, 0x22, 0x00, 0x00, 0x00,
    0x00, 0x00, 0x03, 0x32, 0x00, 0x14, 0x00, 0x00, 0x00, 0x04, 0x70, 0x00,
    0x0C, 0x00, 0x00, 0x00, 0x10, 0x30, 0x00, 0x57, 0x00, 0x00, 0x00, 0x00,
    0x00, 0x03, 0x33, 0x00, 0x14, 0x00, 0x00, 0x00, 0x04, 0x70, 0x00, 0x0C,
    0x00, 0x00, 0x00, 0x10, 0x30, 0x00, 0x63, 0x00, 0x00, 0x00, 0x00, 0x00,
    0x03, 0x34, 0x00, 0x14, 0x00, 0x00, 0x00, 0x04, 0x70, 0x00, 0x0C, 0x00,
    0x00, 0x00, 0x10, 0x30, 0x00, 0x4C, 0x00, 0x00, 0x00, 0x00, 0x00, 0x00,
};

static const uint8_t _dsl_exports[] = {
    0x20, 0x03, 0x00, 0x00, 0x10, 0x77, 0x79, 0x72, 0x6D, 0x00, 0x00, 0x00,
    0x00, 0x00, 0x10, 0x73, 0x74, 0x64, 0x00, 0x01, 0x00, 0x00, 0x00, 0x10,
    0x70, 0x61, 0x69, 0x72, 0x73, 0x00, 0x02, 0x00, 0x00, 0x00, 0x10, 0x72,
    0x65, 0x70, 0x6C, 0x61, 0x63, 0x65, 0x00, 0x03, 0x00, 0x00, 0x00, 0x10,
    0x63, 0x68, 0x61, 0x69, 0x6E, 0x00, 0x04, 0x00, 0x00, 0x00, 0x10, 0x63,
    0x61, 0x64, 0x72, 0x00, 0x05, 0x00, 0x00, 0x00, 0x10, 0x5F, 0x64, 0x65,
    0x63, 0x6F, 0x64, 0x65, 0x5F, 0x61, 0x70, 0x70, 0x6C, 0x79, 0x5F, 0x69,
    0x66, 0x00, 0x06, 0x00, 0x00, 0x00, 0x10, 0x5F, 0x64, 0x65, 0x63, 0x6F,
    0x64, 0x65, 0x5F, 0x72, 0x75, 0x6C, 0x65, 0x5F, 0x63, 0x61, 0x6C, 0x6C,
    0x00, 0x07, 0x00, 0x00, 0x00, 0x10, 0x24, 0x74, 0x6F, 0x6B, 0x65, 0x6E,
    0x5F, 0x6B, 0x69, 0x6E, 0x64, 0x00, 0x08, 0x00, 0x00, 0x00, 0x10, 0x5F,
    0x64, 0x65, 0x63, 0x6F, 0x64, 0x65, 0x5F, 0x74, 0x6F, 0x6B, 0x65, 0x6E,
    0x5F, 0x6B, 0x69, 0x6E, 0x64, 0x00, 0x09, 0x00, 0x00, 0x00, 0x10, 0x24,
    0x5F, 0x74, 0x65, 0x78, 0x74, 0x5F, 0x74, 0x6D, 0x70, 0x6C, 0x00, 0x0A,
    0x00, 0x00, 0x00, 0x10, 0x5F, 0x64, 0x65, 0x63, 0x6F, 0x64, 0x65, 0x5F,
    0x74, 0x65, 0x78, 0x74, 0x00, 0x0B, 0x00, 0x00, 0x00, 0x10, 0x24, 0x73,
    0x6F, 0x66, 0x74, 0x5F, 0x6B, 0x65, 0x79, 0x77, 0x6F, 0x72, 0x64, 0x00,
    0x0C, 0x00, 0x00, 0x00, 0x10, 0x5F, 0x64, 0x65, 0x63, 0x6F, 0x64, 0x65,
    0x5F, 0x73, 0x6F, 0x66, 0x74, 0x5F, 0x6B, 0x65, 0x79, 0x77, 0x6F, 0x72,
    0x64, 0x00, 0x0D, 0x00, 0x00, 0x00, 0x10, 0x24, 0x5F, 0x65, 0x78, 0x70,
    0x65, 0x63, 0x74, 0x5F, 0x74, 0x6D, 0x70, 0x6C, 0x00, 0x0E, 0x00, 0x00,
    0x00, 0x10, 0x5F, 0x64, 0x65, 0x63, 0x6F, 0x64, 0x65, 0x5F, 0x65, 0x78,
    0x70, 0x65, 0x63, 0x74, 0x00, 0x0F, 0x00, 0x00, 0x00, 0x10, 0x24, 0x5F,
    0x6D, 0x61, 0x6E, 0x79, 0x00, 0x10, 0x00, 0x00, 0x00, 0x10, 0x5F, 0x64,
    0x65, 0x63, 0x6F, 0x64, 0x65, 0x5F, 0x6D, 0x61, 0x6E, 0x79, 0x00, 0x11,
    0x00, 0x00, 0x00, 0x10, 0x24, 0x5F, 0x6D, 0x61, 0x6E, 0x79, 0x66, 0x6C,
    0x61, 0x74, 0x00, 0x12, 0x00, 0x00, 0x00, 0x10, 0x5F, 0x64, 0x65, 0x63,
    0x6F, 0x64, 0x65, 0x5F, 0x6D, 0x61, 0x6E, 0x79, 0x66, 0x6C, 0x61, 0x74,
    0x00, 0x13, 0x00, 0x00, 0x00, 0x10, 0x5F, 0x74, 0x6D, 0x70, 0x6C, 0x5F,
    0x62, 0x6F, 0x6F, 0x6C, 0x00, 0x14, 0x00, 0x00, 0x00, 0x10, 0x5F, 0x64,
    0x65, 0x63, 0x6F, 0x64, 0x65, 0x5F, 0x62, 0x6F, 0x6F, 0x6C, 0x00, 0x15,
    0x00, 0x00, 0x00, 0x10, 0x24, 0x5F, 0x74, 0x6D, 0x70, 0x6C, 0x5F, 0x76,
    0x61, 0x6C, 0x75, 0x65, 0x00, 0x16, 0x00, 0x00, 0x00, 0x10, 0x5F, 0x64,
    0x65, 0x63, 0x6F, 0x64, 0x65, 0x5F, 0x76, 0x61, 0x6C, 0x75, 0x65, 0x00,
    0x17, 0x00, 0x00, 0x00, 0x10, 0x24, 0x5F, 0x74, 0x6D, 0x70, 0x6C, 0x5F,
    0x70, 0x75, 0x73, 0x68, 0x00, 0x18, 0x00, 0x00, 0x00, 0x10, 0x5F, 0x64,
    0x65, 0x63, 0x6F, 0x64, 0x65, 0x5F, 0x70, 0x75, 0x73, 0x68, 0x00, 0x19,
    0x00, 0x00, 0x00, 0x10, 0x24, 0x5F, 0x74, 0x6D, 0x70, 0x6C, 0x5F, 0x63,
    0x6F, 0x6E, 0x73, 0x00, 0x1A, 0x00, 0x00, 0x00, 0x10, 0x5F, 0x64, 0x65,
    0x63, 0x6F, 0x64, 0x65, 0x5F, 0x63, 0x6F, 0x6E, 0x73, 0x00, 0x1B, 0x00,
    0x00, 0x00, 0x10, 0x5F, 0x74, 0x6D, 0x70, 0x6C, 0x5F, 0x6F, 0x70, 0x74,
    0x00, 0x1C, 0x00, 0x00, 0x00, 0x10, 0x5F, 0x64, 0x65, 0x63, 0x6F, 0x64,
    0x65, 0x5F, 0x6F, 0x70, 0x74, 0x00, 0x1D, 0x00, 0x00, 0x00, 0x10, 0x5F,
    0x64, 0x65, 0x63, 0x6F, 0x64, 0x65, 0x5F, 0x63, 0x61, 0x6C, 0x6C, 0x00,
    0x1E, 0x00, 0x00, 0x00, 0x10, 0x24, 0x5F, 0x62, 0x69, 0x6E, 0x6F, 0x70,
    0x5F, 0x6F, 0x72, 0x00, 0x1F, 0x00, 0x00, 0x00, 0x10, 0x5F, 0x64, 0x65,
    0x63, 0x6F, 0x64, 0x65, 0x5F, 0x62, 0x69, 0x6E, 0x6F, 0x70, 0x00, 0x20,
    0x00, 0x00, 0x00, 0x10, 0x5F, 0x64, 0x65, 0x63, 0x6F, 0x64, 0x65, 0x5F,
    0x74, 0x65, 0x72, 0x6D, 0x00, 0x21, 0x00, 0x00, 0x00, 0x10, 0x5F, 0x69,
    0x73, 0x5F, 0x64, 0x72, 0x6F, 0x70, 0x00, 0x22, 0x00, 0x00, 0x00, 0x10,
    0x5F, 0x62, 0x75, 0x69, 0x6C, 0x64, 0x5F, 0x73, 0x65, 0x71, 0x75, 0x65,
    0x6E, 0x63, 0x65, 0x5F, 0x73, 0x74, 0x65, 0x70, 0x73, 0x00, 0x23, 0x00,
    0x00, 0x00, 0x10, 0x5F, 0x62, 0x75, 0x69, 0x6C, 0x64, 0x5F, 0x73, 0x65,
    0x71, 0x75, 0x65, 0x6E, 0x63, 0x65, 0x5F, 0x65, 0x78, 0x70, 0x72, 0x00,
    0x24, 0x00, 0x00, 0x00, 0x10, 0x5F, 0x73, 0x65, 0x71, 0x75, 0x65, 0x6E,
    0x63, 0x65, 0x5F, 0x65, 0x6C, 0x65, 0x6D, 0x65, 0x6E, 0x74, 0x73, 0x00,
    0x25, 0x00, 0x00, 0x00, 0x10, 0x24, 0x5F, 0x61, 0x63, 0x63, 0x65, 0x70,
    0x74, 0x5F, 0x63, 0x61, 0x63, 0x68, 0x65, 0x00, 0x26, 0x00, 0x00, 0x00,
    0x10, 0x5F, 0x6E, 0x65, 0x78, 0x74, 0x5F, 0x61, 0x63, 0x63, 0x65, 0x70,
    0x74, 0x5F, 0x73, 0x69, 0x74, 0x65, 0x5F, 0x69, 0x64, 0x00, 0x27, 0x00,
    0x00, 0x00, 0x10, 0x24, 0x5F, 0x65, 0x78, 0x70, 0x65, 0x63, 0x74, 0x00,
    0x28, 0x00, 0x00, 0x00, 0x10, 0x69, 0x73, 0x5F, 0x6D, 0x61, 0x74, 0x63,
    0x68, 0x00, 0x29, 0x00, 0x00, 0x00, 0x10, 0x4E, 0x4F, 0x5F, 0x4D, 0x41,
    0x54, 0x43, 0x48, 0x5F, 0x45, 0x58, 0x50, 0x52, 0x00, 0x2A, 0x00, 0x00,
    0x00, 0x10, 0x5F, 0x6E, 0x65, 0x78, 0x74, 0x5F, 0x61, 0x63, 0x63, 0x65,
    0x70, 0x74, 0x5F, 0x73, 0x69, 0x74, 0x65, 0x5F, 0x69, 0x64, 0x3A, 0x3A,
    0x69, 0x64, 0x00, 0x51, 0x00, 0x00, 0x00, 0x00,
};

static const uint8_t _dsl_free[] = {
    0x55, 0x02, 0x00, 0x00, 0x10, 0x73, 0x74, 0x64, 0x3A, 0x3A, 0x70, 0x61,
    0x69, 0x72, 0x73, 0x3A, 0x3A, 0x72, 0x65, 0x70, 0x6C, 0x61, 0x63, 0x65,
    0x00, 0x2B, 0x00, 0x00, 0x00, 0x10, 0x73, 0x74, 0x64, 0x3A, 0x3A, 0x70,
    0x61, 0x69, 0x72, 0x73, 0x3A, 0x3A, 0x63, 0x68, 0x61, 0x69, 0x6E, 0x00,
    0x2C, 0x00, 0x00, 0x00, 0x10, 0x73, 0x74, 0x64, 0x3A, 0x3A, 0x70, 0x61,
    0x69, 0x72, 0x73, 0x3A, 0x3A, 0x63, 0x61, 0x64, 0x72, 0x00, 0x2D, 0x00,
    0x00, 0x00, 0x10, 0x6D, 0x6B, 0x5F, 0x63, 0x61, 0x6C, 0x6C, 0x5F, 0x65,
    0x78, 0x70, 0x72, 0x00, 0x2E, 0x00, 0x00, 0x00, 0x10, 0x6D, 0x6B, 0x5F,
    0x6E, 0x61, 0x6D, 0x65, 0x00, 0x2F, 0x00, 0x00, 0x00, 0x10, 0x6D, 0x6B,
    0x5F, 0x62, 0x69, 0x6E, 0x6F, 0x70, 0x00, 0x30, 0x00, 0x00, 0x00, 0x10,
    0x6D, 0x6B, 0x5F, 0x69, 0x73, 0x5F, 0x74, 0x79, 0x70, 0x65, 0x00, 0x31,
    0x00, 0x00, 0x00, 0x10, 0x6D, 0x6B, 0x5F, 0x64, 0x6F, 0x00, 0x32, 0x00,
    0x00, 0x00, 0x10, 0x6E, 0x5F, 0x64, 0x65, 0x66, 0x69, 0x6E, 0x65, 0x00,
    0x33, 0x00, 0x00, 0x00, 0x10, 0x4E, 0x5F, 0x41, 0x55, 0x54, 0x4F, 0x5F,
    0x54, 0x59, 0x50, 0x45, 0x00, 0x34, 0x00, 0x00, 0x00, 0x10, 0x6D, 0x6B,
    0x5F, 0x69, 0x66, 0x00, 0x35, 0x00, 0x00, 0x00, 0x10, 0x6D, 0x6B, 0x5F,
    0x74, 0x68, 0x69, 0x73, 0x5F, 0x73, 0x65, 0x6E, 0x64, 0x00, 0x36, 0x00,
    0x00, 0x00, 0x10, 0x6D, 0x6B, 0x5F, 0x65, 0x78, 0x70, 0x61, 0x6E, 0x64,
    0x00, 0x37, 0x00, 0x00, 0x00, 0x10, 0x6D, 0x6B, 0x5F, 0x73, 0x79, 0x6D,
    0x00, 0x38, 0x00, 0x00, 0x00, 0x10, 0x63, 0x61, 0x72, 0x00, 0x39, 0x00,
    0x00, 0x00, 0x10, 0x65, 0x72, 0x72, 0x6F, 0x72, 0x00, 0x3A, 0x00, 0x00,
    0x00, 0x10, 0x6D, 0x6B, 0x5F, 0x73, 0x74, 0x72, 0x00, 0x3B, 0x00, 0x00,
    0x00, 0x10, 0x6D, 0x6B, 0x5F, 0x65, 0x78, 0x70, 0x61, 0x6E, 0x64, 0x5F,
    0x6E, 0x00, 0x3C, 0x00, 0x00, 0x00, 0x10, 0x70, 0x61, 0x69, 0x72, 0x00,
    0x3D, 0x00, 0x00, 0x00, 0x10, 0x63, 0x6F, 0x6E, 0x73, 0x00, 0x3E, 0x00,
    0x00, 0x00, 0x10, 0x6C, 0x65, 0x6E, 0x00, 0x3F, 0x00, 0x00, 0x00, 0x10,
    0x73, 0x5F, 0x63, 0x61, 0x6C, 0x6C, 0x5F, 0x74, 0x61, 0x72, 0x67, 0x65,
    0x74, 0x00, 0x40, 0x00, 0x00, 0x00, 0x10, 0x73, 0x5F, 0x63, 0x61, 0x6C,
    0x6C, 0x5F, 0x61, 0x72, 0x67, 0x73, 0x00, 0x41, 0x00, 0x00, 0x00, 0x10,
    0x73, 0x5F, 0x67, 0x65, 0x74, 0x5F, 0x6E, 0x61, 0x6D, 0x65, 0x00, 0x42,
    0x00, 0x00, 0x00, 0x10, 0x63, 0x64, 0x72, 0x00, 0x43, 0x00, 0x00, 0x00,
    0x10, 0x73, 0x74, 0x72, 0x00, 0x44, 0x00, 0x00, 0x00, 0x10, 0x73, 0x5F,
    0x62, 0x69, 0x6E, 0x6F, 0x70, 0x5F, 0x6F, 0x70, 0x00, 0x45, 0x00, 0x00,
    0x00, 0x10, 0x73, 0x5F, 0x62, 0x69, 0x6E, 0x6F, 0x70, 0x5F, 0x6C, 0x68,
    0x73, 0x00, 0x46, 0x00, 0x00, 0x00, 0x10, 0x73, 0x5F, 0x62, 0x69, 0x6E,
    0x6F, 0x70, 0x5F, 0x72, 0x68, 0x73, 0x00, 0x47, 0x00, 0x00, 0x00, 0x10,
    0x73, 0x5F, 0x6B, 0x69, 0x6E, 0x64, 0x00, 0x48, 0x00, 0x00, 0x00, 0x10,
    0x73, 0x5F, 0x69, 0x73, 0x5F, 0x70, 0x61, 0x69, 0x72, 0x6C, 0x69, 0x73,
    0x74, 0x00, 0x49, 0x00, 0x00, 0x00, 0x10, 0x73, 0x5F, 0x70, 0x61, 0x69,
    0x72, 0x6C, 0x69, 0x73, 0x74, 0x5F, 0x69, 0x74, 0x65, 0x6D, 0x73, 0x00,
    0x4A, 0x00, 0x00, 0x00, 0x10, 0x73, 0x5F, 0x69, 0x73, 0x5F, 0x64, 0x72,
    0x6F, 0x70, 0x00, 0x4B, 0x00, 0x00, 0x00, 0x10, 0x4E, 0x49, 0x4C, 0x5F,
    0x45, 0x58, 0x50, 0x52, 0x00, 0x4C, 0x00, 0x00, 0x00, 0x10, 0x6D, 0x6B,
    0x5F, 0x69, 0x6E, 0x64, 0x65, 0x78, 0x00, 0x4D, 0x00, 0x00, 0x00, 0x10,
    0x6D, 0x6B, 0x5F, 0x63, 0x61, 0x6C, 0x6C, 0x00, 0x4E, 0x00, 0x00, 0x00,
    0x10, 0x73, 0x5F, 0x75, 0x6E, 0x61, 0x72, 0x79, 0x5F, 0x74, 0x61, 0x72,
    0x67, 0x65, 0x74, 0x00, 0x4F, 0x00, 0x00, 0x00, 0x10, 0x6E, 0x5F, 0x73,
    0x65, 0x74, 0x00, 0x50, 0x00, 0x00, 0x00, 0x10, 0x54, 0x72, 0x65, 0x65,
    0x42, 0x61, 0x73, 0x65, 0x00, 0x52, 0x00, 0x00, 0x00, 0x10, 0x73, 0x65,
    0x78, 0x70, 0x72, 0x00, 0x53, 0x00, 0x00, 0x00, 0x00,
};

static const uint32_t _dsl_code[] = {
    0x00000047,                /* 0000  import L0 <- static#0   ("wyrm") */
    0x00000043,                /* 0001  gset g0 <- L0   (wyrm) */
    0x00010047,                /* 0002  import L0 <- static#1   ("wyrm::ast") */
    0x000100B5, 0x00000000,    /* 0003  import_star static#1 except 0, 0 names   ("wyrm::ast") */
    0x00000047,                /* 0005  import L0 <- static#0   ("wyrm") */
    0x00000043,                /* 0006  gset g0 <- L0   (wyrm) */
    0x00020047,                /* 0007  import L0 <- static#2   ("wyrm::template") */
    0x000200B5, 0x00000000,    /* 0008  import_star static#2 except 0, 0 names   ("wyrm::template") */
    0x00030047,                /* 000A  import L0 <- static#3   ("std") */
    0x00010043,                /* 000B  gset g1 <- L0   (std) */
    0x00040047,                /* 000C  import L0 <- static#4   ("std::pairs") */
    0x00020043,                /* 000D  gset g2 <- L0   (pairs) */
    0x002B0042,                /* 000E  gget L0 <- g43   (std::pairs::replace) */
    0x00030043,                /* 000F  gset g3 <- L0   (replace) */
    0x002C0042,                /* 0010  gget L0 <- g44   (std::pairs::chain) */
    0x00040043,                /* 0011  gset g4 <- L0   (chain) */
    0x002D0042,                /* 0012  gget L0 <- g45   (std::pairs::cadr) */
    0x00050043,                /* 0013  gset g5 <- L0   (cadr) */
    0x00000145,                /* 0014  lsym L1 <- sym#0   ("sym") */
    0x00010245,                /* 0015  lsym L2 <- sym#1   ("NO_MATCH") */
    0x00000284, 0x00010000,    /* 0016  plist L0 <- L1, 2 items */
    0x002A0043,                /* 0018  gset g42 <- L0   (NO_MATCH_EXPR) */
    0x000000A8, 0x00000000,    /* 0019  closure L0 <- fn#0, 0 caps */
    0x00060043,                /* 001B  gset g6 <- L0   (_decode_apply_if) */
    0x000000A8, 0x00010000,    /* 001C  closure L0 <- fn#1, 0 caps */
    0x00070043,                /* 001E  gset g7 <- L0   (_decode_rule_call) */
    0x000000A8, 0x00020000,    /* 001F  closure L0 <- fn#2, 0 caps */
    0x00080043,                /* 0021  gset g8 <- L0   ($token_kind) */
    0x000000A8, 0x00030000,    /* 0022  closure L0 <- fn#3, 0 caps */
    0x00090043,                /* 0024  gset g9 <- L0   (_decode_token_kind) */
    0x000000A8, 0x00040000,    /* 0025  closure L0 <- fn#4, 0 caps */
    0x000A0043,                /* 0027  gset g10 <- L0   ($_text_tmpl) */
    0x000000A8, 0x00050000,    /* 0028  closure L0 <- fn#5, 0 caps */
    0x000B0043,                /* 002A  gset g11 <- L0   (_decode_text) */
    0x000000A8, 0x00060000,    /* 002B  closure L0 <- fn#6, 0 caps */
    0x000C0043,                /* 002D  gset g12 <- L0   ($soft_keyword) */
    0x000000A8, 0x00070000,    /* 002E  closure L0 <- fn#7, 0 caps */
    0x000D0043,                /* 0030  gset g13 <- L0   (_decode_soft_keyword) */
    0x000000A8, 0x00080000,    /* 0031  closure L0 <- fn#8, 0 caps */
    0x000E0043,                /* 0033  gset g14 <- L0   ($_expect_tmpl) */
    0x000000A8, 0x00090000,    /* 0034  closure L0 <- fn#9, 0 caps */
    0x000F0043,                /* 0036  gset g15 <- L0   (_decode_expect) */
    0x000000A8, 0x000A0000,    /* 0037  closure L0 <- fn#10, 0 caps */
    0x00100043,                /* 0039  gset g16 <- L0   ($_many) */
    0x000000A8, 0x000B0000,    /* 003A  closure L0 <- fn#11, 0 caps */
    0x00110043,                /* 003C  gset g17 <- L0   (_decode_many) */
    0x000000A8, 0x000C0000,    /* 003D  closure L0 <- fn#12, 0 caps */
    0x00120043,                /* 003F  gset g18 <- L0   ($_manyflat) */
    0x000000A8, 0x000D0000,    /* 0040  closure L0 <- fn#13, 0 caps */
    0x00130043,                /* 0042  gset g19 <- L0   (_decode_manyflat) */
    0x000000A8, 0x000E0000,    /* 0043  closure L0 <- fn#14, 0 caps */
    0x00140043,                /* 0045  gset g20 <- L0   (_tmpl_bool) */
    0x000000A8, 0x000F0000,    /* 0046  closure L0 <- fn#15, 0 caps */
    0x00150043,                /* 0048  gset g21 <- L0   (_decode_bool) */
    0x000000A8, 0x00100000,    /* 0049  closure L0 <- fn#16, 0 caps */
    0x00160043,                /* 004B  gset g22 <- L0   ($_tmpl_value) */
    0x000000A8, 0x00110000,    /* 004C  closure L0 <- fn#17, 0 caps */
    0x00170043,                /* 004E  gset g23 <- L0   (_decode_value) */
    0x000000A8, 0x00120000,    /* 004F  closure L0 <- fn#18, 0 caps */
    0x00180043,                /* 0051  gset g24 <- L0   ($_tmpl_push) */
    0x000000A8, 0x00130000,    /* 0052  closure L0 <- fn#19, 0 caps */
    0x00190043,                /* 0054  gset g25 <- L0   (_decode_push) */
    0x000000A8, 0x00140000,    /* 0055  closure L0 <- fn#20, 0 caps */
    0x001A0043,                /* 0057  gset g26 <- L0   ($_tmpl_cons) */
    0x000000A8, 0x00150000,    /* 0058  closure L0 <- fn#21, 0 caps */
    0x001B0043,                /* 005A  gset g27 <- L0   (_decode_cons) */
    0x000000A8, 0x00160000,    /* 005B  closure L0 <- fn#22, 0 caps */
    0x001C0043,                /* 005D  gset g28 <- L0   (_tmpl_opt) */
    0x000000A8, 0x00170000,    /* 005E  closure L0 <- fn#23, 0 caps */
    0x001D0043,                /* 0060  gset g29 <- L0   (_decode_opt) */
    0x000000A8, 0x00180000,    /* 0061  closure L0 <- fn#24, 0 caps */
    0x001E0043,                /* 0063  gset g30 <- L0   (_decode_call) */
    0x000000A8, 0x00190000,    /* 0064  closure L0 <- fn#25, 0 caps */
    0x001F0043,                /* 0066  gset g31 <- L0   ($_binop_or) */
    0x000000A8, 0x001A0000,    /* 0067  closure L0 <- fn#26, 0 caps */
    0x00200043,                /* 0069  gset g32 <- L0   (_decode_binop) */
    0x000000A8, 0x001B0000,    /* 006A  closure L0 <- fn#27, 0 caps */
    0x00210043,                /* 006C  gset g33 <- L0   (_decode_term) */
    0x000000A8, 0x001C0000,    /* 006D  closure L0 <- fn#28, 0 caps */
    0x00220043,                /* 006F  gset g34 <- L0   (_is_drop) */
    0x000000A8, 0x001D0000,    /* 0070  closure L0 <- fn#29, 0 caps */
    0x00230043,                /* 0072  gset g35 <- L0   (_build_sequence_steps) */
    0x000000A8, 0x001E0000,    /* 0073  closure L0 <- fn#30, 0 caps */
    0x00240043,                /* 0075  gset g36 <- L0   (_build_sequence_expr) */
    0x000000A8, 0x001F0000,    /* 0076  closure L0 <- fn#31, 0 caps */
    0x00250043,                /* 0078  gset g37 <- L0   (_sequence_elements) */
    0x000000A8, 0x00200000,    /* 0079  closure L0 <- fn#32, 0 caps */
    0x00260043,                /* 007B  gset g38 <- L0   ($_accept_cache) */
    0x000000A8, 0x00210000,    /* 007C  closure L0 <- fn#33, 0 caps */
    0x00270043,                /* 007E  gset g39 <- L0   (_next_accept_site_id) */
    0x00010040,                /* 007F  i8 L1 <- 0 */
    0x00510143,                /* 0080  gset g81 <- L1   (_next_accept_site_id::id) */
    0x000000A8, 0x00220000,    /* 0081  closure L0 <- fn#34, 0 caps */
    0x00520142,                /* 0083  gget L1 <- g82   (TreeBase) */
    0x00020181, 0x00010000,    /* 0084  tuple L2 <- L1, 1 items */
    0x000300AC, 0x00000002,    /* 0086  reg_msg msg#3 <- L0, types L2   (accept) */
    0x000000A8, 0x00230000,    /* 0088  closure L0 <- fn#35, 0 caps */
    0x00280043,                /* 008A  gset g40 <- L0   ($_expect) */
    0x000000A8, 0x00240000,    /* 008B  closure L0 <- fn#36, 0 caps */
    0x00520142,                /* 008D  gget L1 <- g82   (TreeBase) */
    0x00020181, 0x00010000,    /* 008E  tuple L2 <- L1, 1 items */
    0x000400AC, 0x00000002,    /* 0090  reg_msg msg#4 <- L0, types L2   (expect) */
    0x000000A8, 0x00250000,    /* 0092  closure L0 <- fn#37, 0 caps */
    0x00290043,                /* 0094  gset g41 <- L0   (is_match) */
    0x00000002,                /* 0095  return count=0 */
    0x002E0342,                /* 0096  gget L3 <- g46   (mk_call_expr) */
    0x00048041,                /* 0097  move L4 <- P0 */
    0x002F0542,                /* 0098  gget L5 <- g47   (mk_name) */
    0x00020645,                /* 0099  lsym L6 <- sym#2   ("_vt") */
    0x000501A0, 0x00010000,    /* 009A  call base=L5 argc=1 nres=1 */
    0x00060184, 0x00050000,    /* 009C  plist L6 <- L5, 1 items */
    0x00050641,                /* 009E  move L5 <- L6 */
    0x000302A0, 0x00010000,    /* 009F  call base=L3 argc=2 nres=1 */
    0x00000184, 0x00030000,    /* 00A1  plist L0 <- L3, 1 items */
    0x00300342,                /* 00A3  gget L3 <- g48   (mk_binop) */
    0x002F0442,                /* 00A4  gget L4 <- g47   (mk_name) */
    0x00020545,                /* 00A5  lsym L5 <- sym#2   ("_vt") */
    0x000401A0, 0x00010000,    /* 00A6  call base=L4 argc=1 nres=1 */
    0x00030545,                /* 00A8  lsym L5 <- sym#3   ("!=") */
    0x002A0642,                /* 00A9  gget L6 <- g42   (NO_MATCH_EXPR) */
    0x000303A0, 0x00010000,    /* 00AA  call base=L3 argc=3 nres=1 */
    0x00010341,                /* 00AC  move L1 <- L3 */
    0x00310342,                /* 00AD  gget L3 <- g49   (mk_is_type) */
    0x002F0442,                /* 00AE  gget L4 <- g47   (mk_name) */
    0x00020545,                /* 00AF  lsym L5 <- sym#2   ("_vt") */
    0x000401A0, 0x00010000,    /* 00B0  call base=L4 argc=1 nres=1 */
    0x00040545,                /* 00B2  lsym L5 <- sym#4   ("error") */
    0x000302A0, 0x00010000,    /* 00B3  call base=L3 argc=2 nres=1 */
    0x00020341,                /* 00B5  move L2 <- L3 */
    0x00320342,                /* 00B6  gget L3 <- g50   (mk_do) */
    0x00330442,                /* 00B7  gget L4 <- g51   (n_define) */
    0x00020545,                /* 00B8  lsym L5 <- sym#2   ("_vt") */
    0x00340642,                /* 00B9  gget L6 <- g52   (N_AUTO_TYPE) */
    0x00240742,                /* 00BA  gget L7 <- g36   (_build_sequence_expr) */
    0x00088141,                /* 00BB  move L8 <- P1 */
    0x000701A0, 0x00010000,    /* 00BC  call base=L7 argc=1 nres=1 */
    0x000403A0, 0x00010000,    /* 00BE  call base=L4 argc=3 nres=1 */
    0x00350542,                /* 00C0  gget L5 <- g53   (mk_if) */
    0x00060241,                /* 00C1  move L6 <- L2 */
    0x002F0742,                /* 00C2  gget L7 <- g47   (mk_name) */
    0x00020845,                /* 00C3  lsym L8 <- sym#2   ("_vt") */
    0x000701A0, 0x00010000,    /* 00C4  call base=L7 argc=1 nres=1 */
    0x00080184, 0x00070000,    /* 00C6  plist L8 <- L7, 1 items */
    0x00070841,                /* 00C8  move L7 <- L8 */
    0x00350842,                /* 00C9  gget L8 <- g53   (mk_if) */
    0x00090141,                /* 00CA  move L9 <- L1 */
    0x000A0041,                /* 00CB  move L10 <- L0 */
    0x002A0B42,                /* 00CC  gget L11 <- g42   (NO_MATCH_EXPR) */
    0x000C0184, 0x000B0000,    /* 00CD  plist L12 <- L11, 1 items */
    0x000B0C41,                /* 00CF  move L11 <- L12 */
    0x000803A0, 0x00010000,    /* 00D0  call base=L8 argc=3 nres=1 */
    0x00090184, 0x00080000,    /* 00D2  plist L9 <- L8, 1 items */
    0x00080941,                /* 00D4  move L8 <- L9 */
    0x000503A0, 0x00010000,    /* 00D5  call base=L5 argc=3 nres=1 */
    0x00060284, 0x00040000,    /* 00D7  plist L6 <- L4, 2 items */
    0x00040641,                /* 00D9  move L4 <- L6 */
    0x000301A0, 0x00010000,    /* 00DA  call base=L3 argc=1 nres=1 */
    0x00030102,                /* 00DC  return L3 count=1 */
    0x00360042,                /* 00DD  gget L0 <- g54   (mk_this_send) */
    0x00018041,                /* 00DE  move L1 <- P0 */
    0x000001A0, 0x00010000,    /* 00DF  call base=L0 argc=1 nres=1 */
    0x00000102,                /* 00E1  return L0 count=1 */
    0x00000001,                /* 00E2  trap 0 */
    0x00370042,                /* 00E3  gget L0 <- g55   (mk_expand) */
    0x00060245,                /* 00E4  lsym L2 <- sym#6   ("fn_def") */
    0x00070345,                /* 00E5  lsym L3 <- sym#7   ("$token_kind") */
    0x00040003,                /* 00E6  lnil L4 */
    0x00080745,                /* 00E7  lsym L7 <- sym#8   ("kind") */
    0x00090945,                /* 00E8  lsym L9 <- sym#9   ("type") */
    0x000A0A45,                /* 00E9  lsym L10 <- sym#10   ("auto") */
    0x00080284, 0x00090000,    /* 00EA  plist L8 <- L9, 2 items */
    0x00090003,                /* 00EC  lnil L9 */
    0x00060384, 0x00070000,    /* 00ED  plist L6 <- L7, 3 items */
    0x00050184, 0x00060000,    /* 00EF  plist L5 <- L6, 1 items */
    0x00090745,                /* 00F1  lsym L7 <- sym#9   ("type") */
    0x000A0845,                /* 00F2  lsym L8 <- sym#10   ("auto") */
    0x00060284, 0x00070000,    /* 00F3  plist L6 <- L7, 2 items */
    0x000B0845,                /* 00F5  lsym L8 <- sym#11   ("cond") */
    0x000C0B45,                /* 00F6  lsym L11 <- sym#12   ("==") */
    0x000D0D45,                /* 00F7  lsym L13 <- sym#13   ("attr") */
    0x000E0F45,                /* 00F8  lsym L15 <- sym#14   ("apply") */
    0x000F1145,                /* 00F9  lsym L17 <- sym#15   ("bind_msg") */
    0x00101245,                /* 00FA  lsym L18 <- sym#16   ("this") */
    0x00051345,                /* 00FB  lsym L19 <- sym#5   ("peek") */
    0x00100384, 0x00110000,    /* 00FC  plist L16 <- L17, 3 items */
    0x00111245,                /* 00FE  lsym L18 <- sym#17   ("int") */
    0x00130040,                /* 00FF  i8 L19 <- 0 */
    0x00110284, 0x00120000,    /* 0100  plist L17 <- L18, 2 items */
    0x000E0384, 0x000F0000,    /* 0102  plist L14 <- L15, 3 items */
    0x00080F45,                /* 0104  lsym L15 <- sym#8   ("kind") */
    0x000C0384, 0x000D0000,    /* 0105  plist L12 <- L13, 3 items */
    0x00080D45,                /* 0107  lsym L13 <- sym#8   ("kind") */
    0x000A0384, 0x000B0000,    /* 0108  plist L10 <- L11, 3 items */
    0x000E0C45,                /* 010A  lsym L12 <- sym#14   ("apply") */
    0x000F0E45,                /* 010B  lsym L14 <- sym#15   ("bind_msg") */
    0x00100F45,                /* 010C  lsym L15 <- sym#16   ("this") */
    0x00121045,                /* 010D  lsym L16 <- sym#18   ("advance") */
    0x000D0384, 0x000E0000,    /* 010E  plist L13 <- L14, 3 items */
    0x000B0284, 0x000C0000,    /* 0110  plist L11 <- L12, 2 items */
    0x00090284, 0x000A0000,    /* 0112  plist L9 <- L10, 2 items */
    0x00130B45,                /* 0114  lsym L11 <- sym#19   ("else") */
    0x00000D45,                /* 0115  lsym L13 <- sym#0   ("sym") */
    0x00010E45,                /* 0116  lsym L14 <- sym#1   ("NO_MATCH") */
    0x000C0284, 0x000D0000,    /* 0117  plist L12 <- L13, 2 items */
    0x000A0284, 0x000B0000,    /* 0119  plist L10 <- L11, 2 items */
    0x00070384, 0x00080000,    /* 011B  plist L7 <- L8, 3 items */
    0x00010684, 0x00020000,    /* 011D  plist L1 <- L2, 6 items */
    0x00080245,                /* 011F  lsym L2 <- sym#8   ("kind") */
    0x00380342,                /* 0120  gget L3 <- g56   (mk_sym) */
    0x00048041,                /* 0121  move L4 <- P0 */
    0x000301A0, 0x00010000,    /* 0122  call base=L3 argc=1 nres=1 */
    0x000003A0, 0x00010000,    /* 0124  call base=L0 argc=3 nres=1 */
    0x00000102,                /* 0126  return L0 count=1 */
    0x00000001,                /* 0127  trap 0 */
    0x00390042,                /* 0128  gget L0 <- g57   (car) */
    0x00018041,                /* 0129  move L1 <- P0 */
    0x000001A0, 0x00010000,    /* 012A  call base=L0 argc=1 nres=1 */
    0x00000145,                /* 012C  lsym L1 <- sym#0   ("sym") */
    0x00020090, 0x00000001,    /* 012D  ne L2 <- L0 != L1 */
    0x0005024B,                /* 012F  jf L2, +5 */
    0x003A0042,                /* 0130  gget L0 <- g58   (error) */
    0x00050146,                /* 0131  lconst L1 <- static#5   ("text(): argument must be a token kind symbol, e.g. text('TOK_LITERAL_INT)") */
    0x000001A0, 0x00010000,    /* 0132  call base=L0 argc=1 nres=1 */
    0x00000102,                /* 0134  return L0 count=1 */
    0x00370042,                /* 0135  gget L0 <- g55   (mk_expand) */
    0x00060245,                /* 0136  lsym L2 <- sym#6   ("fn_def") */
    0x00140345,                /* 0137  lsym L3 <- sym#20   ("$_text_tmpl") */
    0x00040003,                /* 0138  lnil L4 */
    0x00080745,                /* 0139  lsym L7 <- sym#8   ("kind") */
    0x00090945,                /* 013A  lsym L9 <- sym#9   ("type") */
    0x000A0A45,                /* 013B  lsym L10 <- sym#10   ("auto") */
    0x00080284, 0x00090000,    /* 013C  plist L8 <- L9, 2 items */
    0x00090003,                /* 013E  lnil L9 */
    0x00060384, 0x00070000,    /* 013F  plist L6 <- L7, 3 items */
    0x00050184, 0x00060000,    /* 0141  plist L5 <- L6, 1 items */
    0x00090745,                /* 0143  lsym L7 <- sym#9   ("type") */
    0x000A0845,                /* 0144  lsym L8 <- sym#10   ("auto") */
    0x00060284, 0x00070000,    /* 0145  plist L6 <- L7, 2 items */
    0x00150845,                /* 0147  lsym L8 <- sym#21   ("do") */
    0x00160A45,                /* 0148  lsym L10 <- sym#22   ("define") */
    0x00170B45,                /* 0149  lsym L11 <- sym#23   ("tok") */
    0x00090D45,                /* 014A  lsym L13 <- sym#9   ("type") */
    0x000A0E45,                /* 014B  lsym L14 <- sym#10   ("auto") */
    0x000C0284, 0x000D0000,    /* 014C  plist L12 <- L13, 2 items */
    0x000E0E45,                /* 014E  lsym L14 <- sym#14   ("apply") */
    0x000F1045,                /* 014F  lsym L16 <- sym#15   ("bind_msg") */
    0x00101145,                /* 0150  lsym L17 <- sym#16   ("this") */
    0x00051245,                /* 0151  lsym L18 <- sym#5   ("peek") */
    0x000F0384, 0x00100000,    /* 0152  plist L15 <- L16, 3 items */
    0x00111145,                /* 0154  lsym L17 <- sym#17   ("int") */
    0x00120040,                /* 0155  i8 L18 <- 0 */
    0x00100284, 0x00110000,    /* 0156  plist L16 <- L17, 2 items */
    0x000D0384, 0x000E0000,    /* 0158  plist L13 <- L14, 3 items */
    0x00090484, 0x000A0000,    /* 015A  plist L9 <- L10, 4 items */
    0x000B0B45,                /* 015C  lsym L11 <- sym#11   ("cond") */
    0x000C0E45,                /* 015D  lsym L14 <- sym#12   ("==") */
    0x000D1045,                /* 015E  lsym L16 <- sym#13   ("attr") */
    0x00171145,                /* 015F  lsym L17 <- sym#23   ("tok") */
    0x00081245,                /* 0160  lsym L18 <- sym#8   ("kind") */
    0x000F0384, 0x00100000,    /* 0161  plist L15 <- L16, 3 items */
    0x00081045,                /* 0163  lsym L16 <- sym#8   ("kind") */
    0x000D0384, 0x000E0000,    /* 0164  plist L13 <- L14, 3 items */
    0x00150F45,                /* 0166  lsym L15 <- sym#21   ("do") */
    0x000E1145,                /* 0167  lsym L17 <- sym#14   ("apply") */
    0x000F1345,                /* 0168  lsym L19 <- sym#15   ("bind_msg") */
    0x00101445,                /* 0169  lsym L20 <- sym#16   ("this") */
    0x00121545,                /* 016A  lsym L21 <- sym#18   ("advance") */
    0x00120384, 0x00130000,    /* 016B  plist L18 <- L19, 3 items */
    0x00100284, 0x00110000,    /* 016D  plist L16 <- L17, 2 items */
    0x000E1245,                /* 016F  lsym L18 <- sym#14   ("apply") */
    0x000F1445,                /* 0170  lsym L20 <- sym#15   ("bind_msg") */
    0x00171545,                /* 0171  lsym L21 <- sym#23   ("tok") */
    0x00181645,                /* 0172  lsym L22 <- sym#24   ("get_text") */
    0x00130384, 0x00140000,    /* 0173  plist L19 <- L20, 3 items */
    0x000D1545,                /* 0175  lsym L21 <- sym#13   ("attr") */
    0x00101645,                /* 0176  lsym L22 <- sym#16   ("this") */
    0x00191745,                /* 0177  lsym L23 <- sym#25   ("buffer") */
    0x00140384, 0x00150000,    /* 0178  plist L20 <- L21, 3 items */
    0x00110384, 0x00120000,    /* 017A  plist L17 <- L18, 3 items */
    0x000E0384, 0x000F0000,    /* 017C  plist L14 <- L15, 3 items */
    0x000C0284, 0x000D0000,    /* 017E  plist L12 <- L13, 2 items */
    0x00130E45,                /* 0180  lsym L14 <- sym#19   ("else") */
    0x00001045,                /* 0181  lsym L16 <- sym#0   ("sym") */
    0x00011145,                /* 0182  lsym L17 <- sym#1   ("NO_MATCH") */
    0x000F0284, 0x00100000,    /* 0183  plist L15 <- L16, 2 items */
    0x000D0284, 0x000E0000,    /* 0185  plist L13 <- L14, 2 items */
    0x000A0384, 0x000B0000,    /* 0187  plist L10 <- L11, 3 items */
    0x00070384, 0x00080000,    /* 0189  plist L7 <- L8, 3 items */
    0x00010684, 0x00020000,    /* 018B  plist L1 <- L2, 6 items */
    0x00080245,                /* 018D  lsym L2 <- sym#8   ("kind") */
    0x00380342,                /* 018E  gget L3 <- g56   (mk_sym) */
    0x00050442,                /* 018F  gget L4 <- g5   (cadr) */
    0x00058041,                /* 0190  move L5 <- P0 */
    0x000401A0, 0x00010000,    /* 0191  call base=L4 argc=1 nres=1 */
    0x000301A0, 0x00010000,    /* 0193  call base=L3 argc=1 nres=1 */
    0x000003A0, 0x00010000,    /* 0195  call base=L0 argc=3 nres=1 */
    0x00000102,                /* 0197  return L0 count=1 */
    0x00000001,                /* 0198  trap 0 */
    0x00370042,                /* 0199  gget L0 <- g55   (mk_expand) */
    0x00060245,                /* 019A  lsym L2 <- sym#6   ("fn_def") */
    0x001A0345,                /* 019B  lsym L3 <- sym#26   ("$soft_keyword") */
    0x00040003,                /* 019C  lnil L4 */
    0x001B0745,                /* 019D  lsym L7 <- sym#27   ("text") */
    0x00090945,                /* 019E  lsym L9 <- sym#9   ("type") */
    0x000A0A45,                /* 019F  lsym L10 <- sym#10   ("auto") */
    0x00080284, 0x00090000,    /* 01A0  plist L8 <- L9, 2 items */
    0x00090003,                /* 01A2  lnil L9 */
    0x00060384, 0x00070000,    /* 01A3  plist L6 <- L7, 3 items */
    0x00050184, 0x00060000,    /* 01A5  plist L5 <- L6, 1 items */
    0x00090745,                /* 01A7  lsym L7 <- sym#9   ("type") */
    0x000A0845,                /* 01A8  lsym L8 <- sym#10   ("auto") */
    0x00060284, 0x00070000,    /* 01A9  plist L6 <- L7, 2 items */
    0x00150845,                /* 01AB  lsym L8 <- sym#21   ("do") */
    0x00160A45,                /* 01AC  lsym L10 <- sym#22   ("define") */
    0x00170B45,                /* 01AD  lsym L11 <- sym#23   ("tok") */
    0x00090D45,                /* 01AE  lsym L13 <- sym#9   ("type") */
    0x000A0E45,                /* 01AF  lsym L14 <- sym#10   ("auto") */
    0x000C0284, 0x000D0000,    /* 01B0  plist L12 <- L13, 2 items */
    0x000E0E45,                /* 01B2  lsym L14 <- sym#14   ("apply") */
    0x000F1045,                /* 01B3  lsym L16 <- sym#15   ("bind_msg") */
    0x00101145,                /* 01B4  lsym L17 <- sym#16   ("this") */
    0x00051245,                /* 01B5  lsym L18 <- sym#5   ("peek") */
    0x000F0384, 0x00100000,    /* 01B6  plist L15 <- L16, 3 items */
    0x00111145,                /* 01B8  lsym L17 <- sym#17   ("int") */
    0x00120040,                /* 01B9  i8 L18 <- 0 */
    0x00100284, 0x00110000,    /* 01BA  plist L16 <- L17, 2 items */
    0x000D0384, 0x000E0000,    /* 01BC  plist L13 <- L14, 3 items */
    0x00090484, 0x000A0000,    /* 01BE  plist L9 <- L10, 4 items */
    0x000B0B45,                /* 01C0  lsym L11 <- sym#11   ("cond") */
    0x001C0E45,                /* 01C1  lsym L14 <- sym#28   ("and") */
    0x000C1045,                /* 01C2  lsym L16 <- sym#12   ("==") */
    0x000D1245,                /* 01C3  lsym L18 <- sym#13   ("attr") */
    0x00171345,                /* 01C4  lsym L19 <- sym#23   ("tok") */
    0x00081445,                /* 01C5  lsym L20 <- sym#8   ("kind") */
    0x00110384, 0x00120000,    /* 01C6  plist L17 <- L18, 3 items */
    0x00001345,                /* 01C8  lsym L19 <- sym#0   ("sym") */
    0x001D1445,                /* 01C9  lsym L20 <- sym#29   ("TOK_XID") */
    0x00120284, 0x00130000,    /* 01CA  plist L18 <- L19, 2 items */
    0x000F0384, 0x00100000,    /* 01CC  plist L15 <- L16, 3 items */
    0x000C1145,                /* 01CE  lsym L17 <- sym#12   ("==") */
    0x000E1345,                /* 01CF  lsym L19 <- sym#14   ("apply") */
    0x000F1545,                /* 01D0  lsym L21 <- sym#15   ("bind_msg") */
    0x00171645,                /* 01D1  lsym L22 <- sym#23   ("tok") */
    0x00181745,                /* 01D2  lsym L23 <- sym#24   ("get_text") */
    0x00140384, 0x00150000,    /* 01D3  plist L20 <- L21, 3 items */
    0x000D1645,                /* 01D5  lsym L22 <- sym#13   ("attr") */
    0x00101745,                /* 01D6  lsym L23 <- sym#16   ("this") */
    0x00191845,                /* 01D7  lsym L24 <- sym#25   ("buffer") */
    0x00150384, 0x00160000,    /* 01D8  plist L21 <- L22, 3 items */
    0x00120384, 0x00130000,    /* 01DA  plist L18 <- L19, 3 items */
    0x001B1345,                /* 01DC  lsym L19 <- sym#27   ("text") */
    0x00100384, 0x00110000,    /* 01DD  plist L16 <- L17, 3 items */
    0x000D0384, 0x000E0000,    /* 01DF  plist L13 <- L14, 3 items */
    0x000E0F45,                /* 01E1  lsym L15 <- sym#14   ("apply") */
    0x000F1145,                /* 01E2  lsym L17 <- sym#15   ("bind_msg") */
    0x00101245,                /* 01E3  lsym L18 <- sym#16   ("this") */
    0x00121345,                /* 01E4  lsym L19 <- sym#18   ("advance") */
    0x00100384, 0x00110000,    /* 01E5  plist L16 <- L17, 3 items */
    0x000E0284, 0x000F0000,    /* 01E7  plist L14 <- L15, 2 items */
    0x000C0284, 0x000D0000,    /* 01E9  plist L12 <- L13, 2 items */
    0x00130E45,                /* 01EB  lsym L14 <- sym#19   ("else") */
    0x00001045,                /* 01EC  lsym L16 <- sym#0   ("sym") */
    0x00011145,                /* 01ED  lsym L17 <- sym#1   ("NO_MATCH") */
    0x000F0284, 0x00100000,    /* 01EE  plist L15 <- L16, 2 items */
    0x000D0284, 0x000E0000,    /* 01F0  plist L13 <- L14, 2 items */
    0x000A0384, 0x000B0000,    /* 01F2  plist L10 <- L11, 3 items */
    0x00070384, 0x00080000,    /* 01F4  plist L7 <- L8, 3 items */
    0x00010684, 0x00020000,    /* 01F6  plist L1 <- L2, 6 items */
    0x001B0245,                /* 01F8  lsym L2 <- sym#27   ("text") */
    0x003B0342,                /* 01F9  gget L3 <- g59   (mk_str) */
    0x00048041,                /* 01FA  move L4 <- P0 */
    0x000301A0, 0x00010000,    /* 01FB  call base=L3 argc=1 nres=1 */
    0x000003A0, 0x00010000,    /* 01FD  call base=L0 argc=3 nres=1 */
    0x00000102,                /* 01FF  return L0 count=1 */
    0x00008141,                /* 0200  move L0 <- P1 */
    0x00010245,                /* 0201  lsym L2 <- sym#1   ("NO_MATCH") */
    0x0003008F, 0x00000002,    /* 0202  eq L3 <- L0 == L2 */
    0x0006034B,                /* 0204  jf L3, +6 */
    0x003A0242,                /* 0205  gget L2 <- g58   (error) */
    0x00038041,                /* 0206  move L3 <- P0 */
    0x000201A0, 0x00010000,    /* 0207  call base=L2 argc=1 nres=1 */
    0x00010241,                /* 0209  move L1 <- L2 */
    0x0001004F,                /* 020A  jmp +1 */
    0x00010041,                /* 020B  move L1 <- L0 */
    0x00010102,                /* 020C  return L1 count=1 */
    0x003C0042,                /* 020D  gget L0 <- g60   (mk_expand_n) */
    0x00060245,                /* 020E  lsym L2 <- sym#6   ("fn_def") */
    0x001E0345,                /* 020F  lsym L3 <- sym#30   ("$_expect_tmpl") */
    0x00040003,                /* 0210  lnil L4 */
    0x001F0745,                /* 0211  lsym L7 <- sym#31   ("expect_text") */
    0x00090945,                /* 0212  lsym L9 <- sym#9   ("type") */
    0x000A0A45,                /* 0213  lsym L10 <- sym#10   ("auto") */
    0x00080284, 0x00090000,    /* 0214  plist L8 <- L9, 2 items */
    0x00090003,                /* 0216  lnil L9 */
    0x00060384, 0x00070000,    /* 0217  plist L6 <- L7, 3 items */
    0x00200845,                /* 0219  lsym L8 <- sym#32   ("match_expr") */
    0x00090A45,                /* 021A  lsym L10 <- sym#9   ("type") */
    0x000A0B45,                /* 021B  lsym L11 <- sym#10   ("auto") */
    0x00090284, 0x000A0000,    /* 021C  plist L9 <- L10, 2 items */
    0x000A0003,                /* 021E  lnil L10 */
    0x00070384, 0x00080000,    /* 021F  plist L7 <- L8, 3 items */
    0x00050284, 0x00060000,    /* 0221  plist L5 <- L6, 2 items */
    0x00090745,                /* 0223  lsym L7 <- sym#9   ("type") */
    0x000A0845,                /* 0224  lsym L8 <- sym#10   ("auto") */
    0x00060284, 0x00070000,    /* 0225  plist L6 <- L7, 2 items */
    0x00150845,                /* 0227  lsym L8 <- sym#21   ("do") */
    0x00160A45,                /* 0228  lsym L10 <- sym#22   ("define") */
    0x00210B45,                /* 0229  lsym L11 <- sym#33   ("v") */
    0x00090D45,                /* 022A  lsym L13 <- sym#9   ("type") */
    0x000A0E45,                /* 022B  lsym L14 <- sym#10   ("auto") */
    0x000C0284, 0x000D0000,    /* 022C  plist L12 <- L13, 2 items */
    0x00200D45,                /* 022E  lsym L13 <- sym#32   ("match_expr") */
    0x00090484, 0x000A0000,    /* 022F  plist L9 <- L10, 4 items */
    0x000B0B45,                /* 0231  lsym L11 <- sym#11   ("cond") */
    0x000C0E45,                /* 0232  lsym L14 <- sym#12   ("==") */
    0x00210F45,                /* 0233  lsym L15 <- sym#33   ("v") */
    0x00001145,                /* 0234  lsym L17 <- sym#0   ("sym") */
    0x00011245,                /* 0235  lsym L18 <- sym#1   ("NO_MATCH") */
    0x00100284, 0x00110000,    /* 0236  plist L16 <- L17, 2 items */
    0x000D0384, 0x000E0000,    /* 0238  plist L13 <- L14, 3 items */
    0x000E0F45,                /* 023A  lsym L15 <- sym#14   ("apply") */
    0x00041045,                /* 023B  lsym L16 <- sym#4   ("error") */
    0x001F1145,                /* 023C  lsym L17 <- sym#31   ("expect_text") */
    0x000E0384, 0x000F0000,    /* 023D  plist L14 <- L15, 3 items */
    0x000C0284, 0x000D0000,    /* 023F  plist L12 <- L13, 2 items */
    0x00130E45,                /* 0241  lsym L14 <- sym#19   ("else") */
    0x00210F45,                /* 0242  lsym L15 <- sym#33   ("v") */
    0x000D0284, 0x000E0000,    /* 0243  plist L13 <- L14, 2 items */
    0x000A0384, 0x000B0000,    /* 0245  plist L10 <- L11, 3 items */
    0x00070384, 0x00080000,    /* 0247  plist L7 <- L8, 3 items */
    0x00010684, 0x00020000,    /* 0249  plist L1 <- L2, 6 items */
    0x003D0242,                /* 024B  gget L2 <- g61   (pair) */
    0x001F0345,                /* 024C  lsym L3 <- sym#31   ("expect_text") */
    0x00048041,                /* 024D  move L4 <- P0 */
    0x000202A0, 0x00010000,    /* 024E  call base=L2 argc=2 nres=1 */
    0x003D0342,                /* 0250  gget L3 <- g61   (pair) */
    0x00200445,                /* 0251  lsym L4 <- sym#32   ("match_expr") */
    0x00210542,                /* 0252  gget L5 <- g33   (_decode_term) */
    0x00068141,                /* 0253  move L6 <- P1 */
    0x000501A0, 0x00010000,    /* 0254  call base=L5 argc=1 nres=1 */
    0x000302A0, 0x00010000,    /* 0256  call base=L3 argc=2 nres=1 */
    0x000003A0, 0x00010000,    /* 0258  call base=L0 argc=3 nres=1 */
    0x00000102,                /* 025A  return L0 count=1 */
    0x00000001,                /* 025B  trap 0 */
    0x00370042,                /* 025C  gget L0 <- g55   (mk_expand) */
    0x00060245,                /* 025D  lsym L2 <- sym#6   ("fn_def") */
    0x00230345,                /* 025E  lsym L3 <- sym#35   ("$_many") */
    0x00040003,                /* 025F  lnil L4 */
    0x00200745,                /* 0260  lsym L7 <- sym#32   ("match_expr") */
    0x00090945,                /* 0261  lsym L9 <- sym#9   ("type") */
    0x000A0A45,                /* 0262  lsym L10 <- sym#10   ("auto") */
    0x00080284, 0x00090000,    /* 0263  plist L8 <- L9, 2 items */
    0x00090003,                /* 0265  lnil L9 */
    0x00060384, 0x00070000,    /* 0266  plist L6 <- L7, 3 items */
    0x00050184, 0x00060000,    /* 0268  plist L5 <- L6, 1 items */
    0x00090745,                /* 026A  lsym L7 <- sym#9   ("type") */
    0x000A0845,                /* 026B  lsym L8 <- sym#10   ("auto") */
    0x00060284, 0x00070000,    /* 026C  plist L6 <- L7, 2 items */
    0x00150845,                /* 026E  lsym L8 <- sym#21   ("do") */
    0x00160A45,                /* 026F  lsym L10 <- sym#22   ("define") */
    0x00240B45,                /* 0270  lsym L11 <- sym#36   ("items") */
    0x00090D45,                /* 0271  lsym L13 <- sym#9   ("type") */
    0x000A0E45,                /* 0272  lsym L14 <- sym#10   ("auto") */
    0x000C0284, 0x000D0000,    /* 0273  plist L12 <- L13, 2 items */
    0x00250E45,                /* 0275  lsym L14 <- sym#37   ("nil") */
    0x000D0184, 0x000E0000,    /* 0276  plist L13 <- L14, 1 items */
    0x00090484, 0x000A0000,    /* 0278  plist L9 <- L10, 4 items */
    0x00260B45,                /* 027A  lsym L11 <- sym#38   ("while") */
    0x00270D45,                /* 027B  lsym L13 <- sym#39   ("true") */
    0x000C0184, 0x000D0000,    /* 027C  plist L12 <- L13, 1 items */
    0x00150E45,                /* 027E  lsym L14 <- sym#21   ("do") */
    0x00161045,                /* 027F  lsym L16 <- sym#22   ("define") */
    0x00281145,                /* 0280  lsym L17 <- sym#40   ("_mark") */
    0x00091345,                /* 0281  lsym L19 <- sym#9   ("type") */
    0x000A1445,                /* 0282  lsym L20 <- sym#10   ("auto") */
    0x00120284, 0x00130000,    /* 0283  plist L18 <- L19, 2 items */
    0x000E1445,                /* 0285  lsym L20 <- sym#14   ("apply") */
    0x000F1645,                /* 0286  lsym L22 <- sym#15   ("bind_msg") */
    0x00101745,                /* 0287  lsym L23 <- sym#16   ("this") */
    0x00221845,                /* 0288  lsym L24 <- sym#34   ("mark") */
    0x00150384, 0x00160000,    /* 0289  plist L21 <- L22, 3 items */
    0x00130284, 0x00140000,    /* 028B  plist L19 <- L20, 2 items */
    0x000F0484, 0x00100000,    /* 028D  plist L15 <- L16, 4 items */
    0x00161145,                /* 028F  lsym L17 <- sym#22   ("define") */
    0x00291245,                /* 0290  lsym L18 <- sym#41   ("m") */
    0x00091445,                /* 0291  lsym L20 <- sym#9   ("type") */
    0x000A1545,                /* 0292  lsym L21 <- sym#10   ("auto") */
    0x00130284, 0x00140000,    /* 0293  plist L19 <- L20, 2 items */
    0x00201445,                /* 0295  lsym L20 <- sym#32   ("match_expr") */
    0x00100484, 0x00110000,    /* 0296  plist L16 <- L17, 4 items */
    0x000B1245,                /* 0298  lsym L18 <- sym#11   ("cond") */
    0x000C1545,                /* 0299  lsym L21 <- sym#12   ("==") */
    0x00291645,                /* 029A  lsym L22 <- sym#41   ("m") */
    0x00001845,                /* 029B  lsym L24 <- sym#0   ("sym") */
    0x00011945,                /* 029C  lsym L25 <- sym#1   ("NO_MATCH") */
    0x00170284, 0x00180000,    /* 029D  plist L23 <- L24, 2 items */
    0x00140384, 0x00150000,    /* 029F  plist L20 <- L21, 3 items */
    0x00151645,                /* 02A1  lsym L22 <- sym#21   ("do") */
    0x000E1845,                /* 02A2  lsym L24 <- sym#14   ("apply") */
    0x000F1A45,                /* 02A3  lsym L26 <- sym#15   ("bind_msg") */
    0x00101B45,                /* 02A4  lsym L27 <- sym#16   ("this") */
    0x002A1C45,                /* 02A5  lsym L28 <- sym#42   ("reset") */
    0x00190384, 0x001A0000,    /* 02A6  plist L25 <- L26, 3 items */
    0x00281A45,                /* 02A8  lsym L26 <- sym#40   ("_mark") */
    0x00170384, 0x00180000,    /* 02A9  plist L23 <- L24, 3 items */
    0x002B1945,                /* 02AB  lsym L25 <- sym#43   ("break") */
    0x00180184, 0x00190000,    /* 02AC  plist L24 <- L25, 1 items */
    0x00150384, 0x00160000,    /* 02AE  plist L21 <- L22, 3 items */
    0x00130284, 0x00140000,    /* 02B0  plist L19 <- L20, 2 items */
    0x00110284, 0x00120000,    /* 02B2  plist L17 <- L18, 2 items */
    0x000B1345,                /* 02B4  lsym L19 <- sym#11   ("cond") */
    0x002C1645,                /* 02B5  lsym L22 <- sym#44   ("is") */
    0x00291745,                /* 02B6  lsym L23 <- sym#41   ("m") */
    0x00091945,                /* 02B7  lsym L25 <- sym#9   ("type") */
    0x00041A45,                /* 02B8  lsym L26 <- sym#4   ("error") */
    0x00180284, 0x00190000,    /* 02B9  plist L24 <- L25, 2 items */
    0x00150384, 0x00160000,    /* 02BB  plist L21 <- L22, 3 items */
    0x00151745,                /* 02BD  lsym L23 <- sym#21   ("do") */
    0x000E1945,                /* 02BE  lsym L25 <- sym#14   ("apply") */
    0x000F1B45,                /* 02BF  lsym L27 <- sym#15   ("bind_msg") */
    0x00101C45,                /* 02C0  lsym L28 <- sym#16   ("this") */
    0x002A1D45,                /* 02C1  lsym L29 <- sym#42   ("reset") */
    0x001A0384, 0x001B0000,    /* 02C2  plist L26 <- L27, 3 items */
    0x00281B45,                /* 02C4  lsym L27 <- sym#40   ("_mark") */
    0x00180384, 0x00190000,    /* 02C5  plist L24 <- L25, 3 items */
    0x002D1A45,                /* 02C7  lsym L26 <- sym#45   ("set") */
    0x00241B45,                /* 02C8  lsym L27 <- sym#36   ("items") */
    0x00291C45,                /* 02C9  lsym L28 <- sym#41   ("m") */
    0x00190384, 0x001A0000,    /* 02CA  plist L25 <- L26, 3 items */
    0x002B1B45,                /* 02CC  lsym L27 <- sym#43   ("break") */
    0x001A0184, 0x001B0000,    /* 02CD  plist L26 <- L27, 1 items */
    0x00160484, 0x00170000,    /* 02CF  plist L22 <- L23, 4 items */
    0x00140284, 0x00150000,    /* 02D1  plist L20 <- L21, 2 items */
    0x00120284, 0x00130000,    /* 02D3  plist L18 <- L19, 2 items */
    0x002D1445,                /* 02D5  lsym L20 <- sym#45   ("set") */
    0x00241545,                /* 02D6  lsym L21 <- sym#36   ("items") */
    0x000E1745,                /* 02D7  lsym L23 <- sym#14   ("apply") */
    0x002E1845,                /* 02D8  lsym L24 <- sym#46   ("cons") */
    0x00291945,                /* 02D9  lsym L25 <- sym#41   ("m") */
    0x00241A45,                /* 02DA  lsym L26 <- sym#36   ("items") */
    0x00160484, 0x00170000,    /* 02DB  plist L22 <- L23, 4 items */
    0x00130384, 0x00140000,    /* 02DD  plist L19 <- L20, 3 items */
    0x000D0684, 0x000E0000,    /* 02DF  plist L13 <- L14, 6 items */
    0x000A0384, 0x000B0000,    /* 02E1  plist L10 <- L11, 3 items */
    0x000E0C45,                /* 02E3  lsym L12 <- sym#14   ("apply") */
    0x002F0D45,                /* 02E4  lsym L13 <- sym#47   ("reverse") */
    0x00240E45,                /* 02E5  lsym L14 <- sym#36   ("items") */
    0x000B0384, 0x000C0000,    /* 02E6  plist L11 <- L12, 3 items */
    0x00070484, 0x00080000,    /* 02E8  plist L7 <- L8, 4 items */
    0x00010684, 0x00020000,    /* 02EA  plist L1 <- L2, 6 items */
    0x00200245,                /* 02EC  lsym L2 <- sym#32   ("match_expr") */
    0x00240342,                /* 02ED  gget L3 <- g36   (_build_sequence_expr) */
    0x00048041,                /* 02EE  move L4 <- P0 */
    0x000301A0, 0x00010000,    /* 02EF  call base=L3 argc=1 nres=1 */
    0x000003A0, 0x00010000,    /* 02F1  call base=L0 argc=3 nres=1 */
    0x00000102,                /* 02F3  return L0 count=1 */
    0x00000001,                /* 02F4  trap 0 */
    0x00370042,                /* 02F5  gget L0 <- g55   (mk_expand) */
    0x00060245,                /* 02F6  lsym L2 <- sym#6   ("fn_def") */
    0x00300345,                /* 02F7  lsym L3 <- sym#48   ("$_manyflat") */
    0x00040003,                /* 02F8  lnil L4 */
    0x00200745,                /* 02F9  lsym L7 <- sym#32   ("match_expr") */
    0x00090945,                /* 02FA  lsym L9 <- sym#9   ("type") */
    0x000A0A45,                /* 02FB  lsym L10 <- sym#10   ("auto") */
    0x00080284, 0x00090000,    /* 02FC  plist L8 <- L9, 2 items */
    0x00090003,                /* 02FE  lnil L9 */
    0x00060384, 0x00070000,    /* 02FF  plist L6 <- L7, 3 items */
    0x00050184, 0x00060000,    /* 0301  plist L5 <- L6, 1 items */
    0x00090745,                /* 0303  lsym L7 <- sym#9   ("type") */
    0x000A0845,                /* 0304  lsym L8 <- sym#10   ("auto") */
    0x00060284, 0x00070000,    /* 0305  plist L6 <- L7, 2 items */
    0x00150845,                /* 0307  lsym L8 <- sym#21   ("do") */
    0x00160A45,                /* 0308  lsym L10 <- sym#22   ("define") */
    0x00240B45,                /* 0309  lsym L11 <- sym#36   ("items") */
    0x00090D45,                /* 030A  lsym L13 <- sym#9   ("type") */
    0x000A0E45,                /* 030B  lsym L14 <- sym#10   ("auto") */
    0x000C0284, 0x000D0000,    /* 030C  plist L12 <- L13, 2 items */
    0x00250E45,                /* 030E  lsym L14 <- sym#37   ("nil") */
    0x000D0184, 0x000E0000,    /* 030F  plist L13 <- L14, 1 items */
    0x00090484, 0x000A0000,    /* 0311  plist L9 <- L10, 4 items */
    0x00260B45,                /* 0313  lsym L11 <- sym#38   ("while") */
    0x00270D45,                /* 0314  lsym L13 <- sym#39   ("true") */
    0x000C0184, 0x000D0000,    /* 0315  plist L12 <- L13, 1 items */
    0x00150E45,                /* 0317  lsym L14 <- sym#21   ("do") */
    0x00161045,                /* 0318  lsym L16 <- sym#22   ("define") */
    0x00281145,                /* 0319  lsym L17 <- sym#40   ("_mark") */
    0x00091345,                /* 031A  lsym L19 <- sym#9   ("type") */
    0x000A1445,                /* 031B  lsym L20 <- sym#10   ("auto") */
    0x00120284, 0x00130000,    /* 031C  plist L18 <- L19, 2 items */
    0x000E1445,                /* 031E  lsym L20 <- sym#14   ("apply") */
    0x000F1645,                /* 031F  lsym L22 <- sym#15   ("bind_msg") */
    0x00101745,                /* 0320  lsym L23 <- sym#16   ("this") */
    0x00221845,                /* 0321  lsym L24 <- sym#34   ("mark") */
    0x00150384, 0x00160000,    /* 0322  plist L21 <- L22, 3 items */
    0x00130284, 0x00140000,    /* 0324  plist L19 <- L20, 2 items */
    0x000F0484, 0x00100000,    /* 0326  plist L15 <- L16, 4 items */
    0x00161145,                /* 0328  lsym L17 <- sym#22   ("define") */
    0x00291245,                /* 0329  lsym L18 <- sym#41   ("m") */
    0x00091445,                /* 032A  lsym L20 <- sym#9   ("type") */
    0x000A1545,                /* 032B  lsym L21 <- sym#10   ("auto") */
    0x00130284, 0x00140000,    /* 032C  plist L19 <- L20, 2 items */
    0x00201445,                /* 032E  lsym L20 <- sym#32   ("match_expr") */
    0x00100484, 0x00110000,    /* 032F  plist L16 <- L17, 4 items */
    0x000B1245,                /* 0331  lsym L18 <- sym#11   ("cond") */
    0x000C1545,                /* 0332  lsym L21 <- sym#12   ("==") */
    0x00291645,                /* 0333  lsym L22 <- sym#41   ("m") */
    0x00001845,                /* 0334  lsym L24 <- sym#0   ("sym") */
    0x00011945,                /* 0335  lsym L25 <- sym#1   ("NO_MATCH") */
    0x00170284, 0x00180000,    /* 0336  plist L23 <- L24, 2 items */
    0x00140384, 0x00150000,    /* 0338  plist L20 <- L21, 3 items */
    0x00151645,                /* 033A  lsym L22 <- sym#21   ("do") */
    0x000E1845,                /* 033B  lsym L24 <- sym#14   ("apply") */
    0x000F1A45,                /* 033C  lsym L26 <- sym#15   ("bind_msg") */
    0x00101B45,                /* 033D  lsym L27 <- sym#16   ("this") */
    0x002A1C45,                /* 033E  lsym L28 <- sym#42   ("reset") */
    0x00190384, 0x001A0000,    /* 033F  plist L25 <- L26, 3 items */
    0x00281A45,                /* 0341  lsym L26 <- sym#40   ("_mark") */
    0x00170384, 0x00180000,    /* 0342  plist L23 <- L24, 3 items */
    0x002B1945,                /* 0344  lsym L25 <- sym#43   ("break") */
    0x00180184, 0x00190000,    /* 0345  plist L24 <- L25, 1 items */
    0x00150384, 0x00160000,    /* 0347  plist L21 <- L22, 3 items */
    0x00130284, 0x00140000,    /* 0349  plist L19 <- L20, 2 items */
    0x00110284, 0x00120000,    /* 034B  plist L17 <- L18, 2 items */
    0x000B1345,                /* 034D  lsym L19 <- sym#11   ("cond") */
    0x002C1645,                /* 034E  lsym L22 <- sym#44   ("is") */
    0x00291745,                /* 034F  lsym L23 <- sym#41   ("m") */
    0x00091945,                /* 0350  lsym L25 <- sym#9   ("type") */
    0x00041A45,                /* 0351  lsym L26 <- sym#4   ("error") */
    0x00180284, 0x00190000,    /* 0352  plist L24 <- L25, 2 items */
    0x00150384, 0x00160000,    /* 0354  plist L21 <- L22, 3 items */
    0x00151745,                /* 0356  lsym L23 <- sym#21   ("do") */
    0x000E1945,                /* 0357  lsym L25 <- sym#14   ("apply") */
    0x000F1B45,                /* 0358  lsym L27 <- sym#15   ("bind_msg") */
    0x00101C45,                /* 0359  lsym L28 <- sym#16   ("this") */
    0x002A1D45,                /* 035A  lsym L29 <- sym#42   ("reset") */
    0x001A0384, 0x001B0000,    /* 035B  plist L26 <- L27, 3 items */
    0x00281B45,                /* 035D  lsym L27 <- sym#40   ("_mark") */
    0x00180384, 0x00190000,    /* 035E  plist L24 <- L25, 3 items */
    0x002D1A45,                /* 0360  lsym L26 <- sym#45   ("set") */
    0x00241B45,                /* 0361  lsym L27 <- sym#36   ("items") */
    0x00291C45,                /* 0362  lsym L28 <- sym#41   ("m") */
    0x00190384, 0x001A0000,    /* 0363  plist L25 <- L26, 3 items */
    0x002B1B45,                /* 0365  lsym L27 <- sym#43   ("break") */
    0x001A0184, 0x001B0000,    /* 0366  plist L26 <- L27, 1 items */
    0x00160484, 0x00170000,    /* 0368  plist L22 <- L23, 4 items */
    0x00140284, 0x00150000,    /* 036A  plist L20 <- L21, 2 items */
    0x00120284, 0x00130000,    /* 036C  plist L18 <- L19, 2 items */
    0x000B1445,                /* 036E  lsym L20 <- sym#11   ("cond") */
    0x00311745,                /* 036F  lsym L23 <- sym#49   ("or") */
    0x002C1945,                /* 0370  lsym L25 <- sym#44   ("is") */
    0x00291A45,                /* 0371  lsym L26 <- sym#41   ("m") */
    0x00091C45,                /* 0372  lsym L28 <- sym#9   ("type") */
    0x00321D45,                /* 0373  lsym L29 <- sym#50   ("pair") */
    0x001B0284, 0x001C0000,    /* 0374  plist L27 <- L28, 2 items */
    0x00180384, 0x00190000,    /* 0376  plist L24 <- L25, 3 items */
    0x002C1A45,                /* 0378  lsym L26 <- sym#44   ("is") */
    0x00291B45,                /* 0379  lsym L27 <- sym#41   ("m") */
    0x00091D45,                /* 037A  lsym L29 <- sym#9   ("type") */
    0x00251E45,                /* 037B  lsym L30 <- sym#37   ("nil") */
    0x001C0284, 0x001D0000,    /* 037C  plist L28 <- L29, 2 items */
    0x00190384, 0x001A0000,    /* 037E  plist L25 <- L26, 3 items */
    0x00160384, 0x00170000,    /* 0380  plist L22 <- L23, 3 items */
    0x00151845,                /* 0382  lsym L24 <- sym#21   ("do") */
    0x00161A45,                /* 0383  lsym L26 <- sym#22   ("define") */
    0x00331B45,                /* 0384  lsym L27 <- sym#51   ("_mf_p") */
    0x00091D45,                /* 0385  lsym L29 <- sym#9   ("type") */
    0x000A1E45,                /* 0386  lsym L30 <- sym#10   ("auto") */
    0x001C0284, 0x001D0000,    /* 0387  plist L28 <- L29, 2 items */
    0x00291D45,                /* 0389  lsym L29 <- sym#41   ("m") */
    0x00190484, 0x001A0000,    /* 038A  plist L25 <- L26, 4 items */
    0x00261B45,                /* 038C  lsym L27 <- sym#38   ("while") */
    0x002C1D45,                /* 038D  lsym L29 <- sym#44   ("is") */
    0x00331E45,                /* 038E  lsym L30 <- sym#51   ("_mf_p") */
    0x00092045,                /* 038F  lsym L32 <- sym#9   ("type") */
    0x00322145,                /* 0390  lsym L33 <- sym#50   ("pair") */
    0x001F0284, 0x00200000,    /* 0391  plist L31 <- L32, 2 items */
    0x001C0384, 0x001D0000,    /* 0393  plist L28 <- L29, 3 items */
    0x00151E45,                /* 0395  lsym L30 <- sym#21   ("do") */
    0x002D2045,                /* 0396  lsym L32 <- sym#45   ("set") */
    0x00242145,                /* 0397  lsym L33 <- sym#36   ("items") */
    0x000E2345,                /* 0398  lsym L35 <- sym#14   ("apply") */
    0x002E2445,                /* 0399  lsym L36 <- sym#46   ("cons") */
    0x000E2645,                /* 039A  lsym L38 <- sym#14   ("apply") */
    0x00342745,                /* 039B  lsym L39 <- sym#52   ("car") */
    0x00332845,                /* 039C  lsym L40 <- sym#51   ("_mf_p") */
    0x00250384, 0x00260000,    /* 039D  plist L37 <- L38, 3 items */
    0x00242645,                /* 039F  lsym L38 <- sym#36   ("items") */
    0x00220484, 0x00230000,    /* 03A0  plist L34 <- L35, 4 items */
    0x001F0384, 0x00200000,    /* 03A2  plist L31 <- L32, 3 items */
    0x002D2145,                /* 03A4  lsym L33 <- sym#45   ("set") */
    0x00332245,                /* 03A5  lsym L34 <- sym#51   ("_mf_p") */
    0x000E2445,                /* 03A6  lsym L36 <- sym#14   ("apply") */
    0x00352545,                /* 03A7  lsym L37 <- sym#53   ("cdr") */
    0x00332645,                /* 03A8  lsym L38 <- sym#51   ("_mf_p") */
    0x00230384, 0x00240000,    /* 03A9  plist L35 <- L36, 3 items */
    0x00200384, 0x00210000,    /* 03AB  plist L32 <- L33, 3 items */
    0x001D0384, 0x001E0000,    /* 03AD  plist L29 <- L30, 3 items */
    0x001A0384, 0x001B0000,    /* 03AF  plist L26 <- L27, 3 items */
    0x00170384, 0x00180000,    /* 03B1  plist L23 <- L24, 3 items */
    0x00150284, 0x00160000,    /* 03B3  plist L21 <- L22, 2 items */
    0x002C1845,                /* 03B5  lsym L24 <- sym#44   ("is") */
    0x00291945,                /* 03B6  lsym L25 <- sym#41   ("m") */
    0x00091B45,                /* 03B7  lsym L27 <- sym#9   ("type") */
    0x00361C45,                /* 03B8  lsym L28 <- sym#54   ("list") */
    0x001A0284, 0x001B0000,    /* 03B9  plist L26 <- L27, 2 items */
    0x00170384, 0x00180000,    /* 03BB  plist L23 <- L24, 3 items */
    0x00151945,                /* 03BD  lsym L25 <- sym#21   ("do") */
    0x00161B45,                /* 03BE  lsym L27 <- sym#22   ("define") */
    0x00371C45,                /* 03BF  lsym L28 <- sym#55   ("_mf_i") */
    0x00091E45,                /* 03C0  lsym L30 <- sym#9   ("type") */
    0x000A1F45,                /* 03C1  lsym L31 <- sym#10   ("auto") */
    0x001D0284, 0x001E0000,    /* 03C2  plist L29 <- L30, 2 items */
    0x00111F45,                /* 03C4  lsym L31 <- sym#17   ("int") */
    0x00200040,                /* 03C5  i8 L32 <- 0 */
    0x001E0284, 0x001F0000,    /* 03C6  plist L30 <- L31, 2 items */
    0x001A0484, 0x001B0000,    /* 03C8  plist L26 <- L27, 4 items */
    0x00261C45,                /* 03CA  lsym L28 <- sym#38   ("while") */
    0x00381E45,                /* 03CB  lsym L30 <- sym#56   ("<") */
    0x00371F45,                /* 03CC  lsym L31 <- sym#55   ("_mf_i") */
    0x000E2145,                /* 03CD  lsym L33 <- sym#14   ("apply") */
    0x00392245,                /* 03CE  lsym L34 <- sym#57   ("len") */
    0x00292345,                /* 03CF  lsym L35 <- sym#41   ("m") */
    0x00200384, 0x00210000,    /* 03D0  plist L32 <- L33, 3 items */
    0x001D0384, 0x001E0000,    /* 03D2  plist L29 <- L30, 3 items */
    0x00151F45,                /* 03D4  lsym L31 <- sym#21   ("do") */
    0x002D2145,                /* 03D5  lsym L33 <- sym#45   ("set") */
    0x00242245,                /* 03D6  lsym L34 <- sym#36   ("items") */
    0x000E2445,                /* 03D7  lsym L36 <- sym#14   ("apply") */
    0x002E2545,                /* 03D8  lsym L37 <- sym#46   ("cons") */
    0x003A2745,                /* 03D9  lsym L39 <- sym#58   ("index") */
    0x00292845,                /* 03DA  lsym L40 <- sym#41   ("m") */
    0x00372945,                /* 03DB  lsym L41 <- sym#55   ("_mf_i") */
    0x00260384, 0x00270000,    /* 03DC  plist L38 <- L39, 3 items */
    0x00242745,                /* 03DE  lsym L39 <- sym#36   ("items") */
    0x00230484, 0x00240000,    /* 03DF  plist L35 <- L36, 4 items */
    0x00200384, 0x00210000,    /* 03E1  plist L32 <- L33, 3 items */
    0x002D2245,                /* 03E3  lsym L34 <- sym#45   ("set") */
    0x00372345,                /* 03E4  lsym L35 <- sym#55   ("_mf_i") */
    0x003B2545,                /* 03E5  lsym L37 <- sym#59   ("+") */
    0x00372645,                /* 03E6  lsym L38 <- sym#55   ("_mf_i") */
    0x00112845,                /* 03E7  lsym L40 <- sym#17   ("int") */
    0x00290140,                /* 03E8  i8 L41 <- 1 */
    0x00270284, 0x00280000,    /* 03E9  plist L39 <- L40, 2 items */
    0x00240384, 0x00250000,    /* 03EB  plist L36 <- L37, 3 items */
    0x00210384, 0x00220000,    /* 03ED  plist L33 <- L34, 3 items */
    0x001E0384, 0x001F0000,    /* 03EF  plist L30 <- L31, 3 items */
    0x001B0384, 0x001C0000,    /* 03F1  plist L27 <- L28, 3 items */
    0x00180384, 0x00190000,    /* 03F3  plist L24 <- L25, 3 items */
    0x00160284, 0x00170000,    /* 03F5  plist L22 <- L23, 2 items */
    0x00131845,                /* 03F7  lsym L24 <- sym#19   ("else") */
    0x002D1A45,                /* 03F8  lsym L26 <- sym#45   ("set") */
    0x00241B45,                /* 03F9  lsym L27 <- sym#36   ("items") */
    0x000E1D45,                /* 03FA  lsym L29 <- sym#14   ("apply") */
    0x002E1E45,                /* 03FB  lsym L30 <- sym#46   ("cons") */
    0x00291F45,                /* 03FC  lsym L31 <- sym#41   ("m") */
    0x00242045,                /* 03FD  lsym L32 <- sym#36   ("items") */
    0x001C0484, 0x001D0000,    /* 03FE  plist L28 <- L29, 4 items */
    0x00190384, 0x001A0000,    /* 0400  plist L25 <- L26, 3 items */
    0x00170284, 0x00180000,    /* 0402  plist L23 <- L24, 2 items */
    0x00130484, 0x00140000,    /* 0404  plist L19 <- L20, 4 items */
    0x000D0684, 0x000E0000,    /* 0406  plist L13 <- L14, 6 items */
    0x000A0384, 0x000B0000,    /* 0408  plist L10 <- L11, 3 items */
    0x000E0C45,                /* 040A  lsym L12 <- sym#14   ("apply") */
    0x002F0D45,                /* 040B  lsym L13 <- sym#47   ("reverse") */
    0x00240E45,                /* 040C  lsym L14 <- sym#36   ("items") */
    0x000B0384, 0x000C0000,    /* 040D  plist L11 <- L12, 3 items */
    0x00070484, 0x00080000,    /* 040F  plist L7 <- L8, 4 items */
    0x00010684, 0x00020000,    /* 0411  plist L1 <- L2, 6 items */
    0x00200245,                /* 0413  lsym L2 <- sym#32   ("match_expr") */
    0x00240342,                /* 0414  gget L3 <- g36   (_build_sequence_expr) */
    0x00048041,                /* 0415  move L4 <- P0 */
    0x000301A0, 0x00010000,    /* 0416  call base=L3 argc=1 nres=1 */
    0x000003A0, 0x00010000,    /* 0418  call base=L0 argc=3 nres=1 */
    0x00000102,                /* 041A  return L0 count=1 */
    0x00000001,                /* 041B  trap 0 */
    0x00370042,                /* 041C  gget L0 <- g55   (mk_expand) */
    0x00060245,                /* 041D  lsym L2 <- sym#6   ("fn_def") */
    0x003C0345,                /* 041E  lsym L3 <- sym#60   ("_tmpl_bool") */
    0x00040003,                /* 041F  lnil L4 */
    0x00200745,                /* 0420  lsym L7 <- sym#32   ("match_expr") */
    0x00090945,                /* 0421  lsym L9 <- sym#9   ("type") */
    0x000A0A45,                /* 0422  lsym L10 <- sym#10   ("auto") */
    0x00080284, 0x00090000,    /* 0423  plist L8 <- L9, 2 items */
    0x00090003,                /* 0425  lnil L9 */
    0x00060384, 0x00070000,    /* 0426  plist L6 <- L7, 3 items */
    0x00050184, 0x00060000,    /* 0428  plist L5 <- L6, 1 items */
    0x00090745,                /* 042A  lsym L7 <- sym#9   ("type") */
    0x000A0845,                /* 042B  lsym L8 <- sym#10   ("auto") */
    0x00060284, 0x00070000,    /* 042C  plist L6 <- L7, 2 items */
    0x00150845,                /* 042E  lsym L8 <- sym#21   ("do") */
    0x00160A45,                /* 042F  lsym L10 <- sym#22   ("define") */
    0x00280B45,                /* 0430  lsym L11 <- sym#40   ("_mark") */
    0x00090D45,                /* 0431  lsym L13 <- sym#9   ("type") */
    0x000A0E45,                /* 0432  lsym L14 <- sym#10   ("auto") */
    0x000C0284, 0x000D0000,    /* 0433  plist L12 <- L13, 2 items */
    0x000E0E45,                /* 0435  lsym L14 <- sym#14   ("apply") */
    0x000F1045,                /* 0436  lsym L16 <- sym#15   ("bind_msg") */
    0x00101145,                /* 0437  lsym L17 <- sym#16   ("this") */
    0x00221245,                /* 0438  lsym L18 <- sym#34   ("mark") */
    0x000F0384, 0x00100000,    /* 0439  plist L15 <- L16, 3 items */
    0x000D0284, 0x000E0000,    /* 043B  plist L13 <- L14, 2 items */
    0x00090484, 0x000A0000,    /* 043D  plist L9 <- L10, 4 items */
    0x00160B45,                /* 043F  lsym L11 <- sym#22   ("define") */
    0x00210C45,                /* 0440  lsym L12 <- sym#33   ("v") */
    0x00090E45,                /* 0441  lsym L14 <- sym#9   ("type") */
    0x000A0F45,                /* 0442  lsym L15 <- sym#10   ("auto") */
    0x000D0284, 0x000E0000,    /* 0443  plist L13 <- L14, 2 items */
    0x00200E45,                /* 0445  lsym L14 <- sym#32   ("match_expr") */
    0x000A0484, 0x000B0000,    /* 0446  plist L10 <- L11, 4 items */
    0x000B0C45,                /* 0448  lsym L12 <- sym#11   ("cond") */
    0x002C0F45,                /* 0449  lsym L15 <- sym#44   ("is") */
    0x00211045,                /* 044A  lsym L16 <- sym#33   ("v") */
    0x00091245,                /* 044B  lsym L18 <- sym#9   ("type") */
    0x00041345,                /* 044C  lsym L19 <- sym#4   ("error") */
    0x00110284, 0x00120000,    /* 044D  plist L17 <- L18, 2 items */
    0x000E0384, 0x000F0000,    /* 044F  plist L14 <- L15, 3 items */
    0x00210F45,                /* 0451  lsym L15 <- sym#33   ("v") */
    0x000D0284, 0x000E0000,    /* 0452  plist L13 <- L14, 2 items */
    0x000B0284, 0x000C0000,    /* 0454  plist L11 <- L12, 2 items */
    0x000B0D45,                /* 0456  lsym L13 <- sym#11   ("cond") */
    0x000C1045,                /* 0457  lsym L16 <- sym#12   ("==") */
    0x00211145,                /* 0458  lsym L17 <- sym#33   ("v") */
    0x00001345,                /* 0459  lsym L19 <- sym#0   ("sym") */
    0x00011445,                /* 045A  lsym L20 <- sym#1   ("NO_MATCH") */
    0x00120284, 0x00130000,    /* 045B  plist L18 <- L19, 2 items */
    0x000F0384, 0x00100000,    /* 045D  plist L15 <- L16, 3 items */
    0x00151145,                /* 045F  lsym L17 <- sym#21   ("do") */
    0x000E1345,                /* 0460  lsym L19 <- sym#14   ("apply") */
    0x000F1545,                /* 0461  lsym L21 <- sym#15   ("bind_msg") */
    0x00101645,                /* 0462  lsym L22 <- sym#16   ("this") */
    0x002A1745,                /* 0463  lsym L23 <- sym#42   ("reset") */
    0x00140384, 0x00150000,    /* 0464  plist L20 <- L21, 3 items */
    0x00281545,                /* 0466  lsym L21 <- sym#40   ("_mark") */
    0x00120384, 0x00130000,    /* 0467  plist L18 <- L19, 3 items */
    0x003D1445,                /* 0469  lsym L20 <- sym#61   ("false") */
    0x00130184, 0x00140000,    /* 046A  plist L19 <- L20, 1 items */
    0x00100384, 0x00110000,    /* 046C  plist L16 <- L17, 3 items */
    0x000E0284, 0x000F0000,    /* 046E  plist L14 <- L15, 2 items */
    0x00131045,                /* 0470  lsym L16 <- sym#19   ("else") */
    0x00271245,                /* 0471  lsym L18 <- sym#39   ("true") */
    0x00110184, 0x00120000,    /* 0472  plist L17 <- L18, 1 items */
    0x000F0284, 0x00100000,    /* 0474  plist L15 <- L16, 2 items */
    0x000C0384, 0x000D0000,    /* 0476  plist L12 <- L13, 3 items */
    0x00070584, 0x00080000,    /* 0478  plist L7 <- L8, 5 items */
    0x00010684, 0x00020000,    /* 047A  plist L1 <- L2, 6 items */
    0x00200245,                /* 047C  lsym L2 <- sym#32   ("match_expr") */
    0x00240342,                /* 047D  gget L3 <- g36   (_build_sequence_expr) */
    0x00048041,                /* 047E  move L4 <- P0 */
    0x000301A0, 0x00010000,    /* 047F  call base=L3 argc=1 nres=1 */
    0x000003A0, 0x00010000,    /* 0481  call base=L0 argc=3 nres=1 */
    0x00000102,                /* 0483  return L0 count=1 */
    0x00008141,                /* 0484  move L0 <- P1 */
    0x00010345,                /* 0485  lsym L3 <- sym#1   ("NO_MATCH") */
    0x00020090, 0x00000003,    /* 0486  ne L2 <- L0 != L3 */
    0x0004024B,                /* 0488  jf L2, +4 */
    0x00060346,                /* 0489  lconst L3 <- static#6   ("error") */
    0x00040097, 0x00000003,    /* 048A  is L4 <- L0 is L3 */
    0x0002044A,                /* 048C  not L2 <- L4 */
    0x0002024B,                /* 048D  jf L2, +2 */
    0x00018041,                /* 048E  move L1 <- P0 */
    0x0001004F,                /* 048F  jmp +1 */
    0x00010041,                /* 0490  move L1 <- L0 */
    0x00010102,                /* 0491  return L1 count=1 */
    0x00390042,                /* 0492  gget L0 <- g57   (car) */
    0x00018041,                /* 0493  move L1 <- P0 */
    0x000001A0, 0x00010000,    /* 0494  call base=L0 argc=1 nres=1 */
    0x00000145,                /* 0496  lsym L1 <- sym#0   ("sym") */
    0x00020090, 0x00000001,    /* 0497  ne L2 <- L0 != L1 */
    0x0005024B,                /* 0499  jf L2, +5 */
    0x003A0042,                /* 049A  gget L0 <- g58   (error) */
    0x00070146,                /* 049B  lconst L1 <- static#7   ("value(): first argument must be a bare symbol, e.g. value('true, ...)") */
    0x000001A0, 0x00010000,    /* 049C  call base=L0 argc=1 nres=1 */
    0x00000102,                /* 049E  return L0 count=1 */
    0x003C0042,                /* 049F  gget L0 <- g60   (mk_expand_n) */
    0x00060245,                /* 04A0  lsym L2 <- sym#6   ("fn_def") */
    0x003E0345,                /* 04A1  lsym L3 <- sym#62   ("$_tmpl_value") */
    0x00040003,                /* 04A2  lnil L4 */
    0x003F0745,                /* 04A3  lsym L7 <- sym#63   ("repl") */
    0x00090945,                /* 04A4  lsym L9 <- sym#9   ("type") */
    0x000A0A45,                /* 04A5  lsym L10 <- sym#10   ("auto") */
    0x00080284, 0x00090000,    /* 04A6  plist L8 <- L9, 2 items */
    0x00090003,                /* 04A8  lnil L9 */
    0x00060384, 0x00070000,    /* 04A9  plist L6 <- L7, 3 items */
    0x00200845,                /* 04AB  lsym L8 <- sym#32   ("match_expr") */
    0x00090A45,                /* 04AC  lsym L10 <- sym#9   ("type") */
    0x000A0B45,                /* 04AD  lsym L11 <- sym#10   ("auto") */
    0x00090284, 0x000A0000,    /* 04AE  plist L9 <- L10, 2 items */
    0x000A0003,                /* 04B0  lnil L10 */
    0x00070384, 0x00080000,    /* 04B1  plist L7 <- L8, 3 items */
    0x00050284, 0x00060000,    /* 04B3  plist L5 <- L6, 2 items */
    0x00090745,                /* 04B5  lsym L7 <- sym#9   ("type") */
    0x000A0845,                /* 04B6  lsym L8 <- sym#10   ("auto") */
    0x00060284, 0x00070000,    /* 04B7  plist L6 <- L7, 2 items */
    0x00150845,                /* 04B9  lsym L8 <- sym#21   ("do") */
    0x00160A45,                /* 04BA  lsym L10 <- sym#22   ("define") */
    0x00210B45,                /* 04BB  lsym L11 <- sym#33   ("v") */
    0x00090D45,                /* 04BC  lsym L13 <- sym#9   ("type") */
    0x000A0E45,                /* 04BD  lsym L14 <- sym#10   ("auto") */
    0x000C0284, 0x000D0000,    /* 04BE  plist L12 <- L13, 2 items */
    0x00200D45,                /* 04C0  lsym L13 <- sym#32   ("match_expr") */
    0x00090484, 0x000A0000,    /* 04C1  plist L9 <- L10, 4 items */
    0x000B0B45,                /* 04C3  lsym L11 <- sym#11   ("cond") */
    0x001C0E45,                /* 04C4  lsym L14 <- sym#28   ("and") */
    0x00031045,                /* 04C5  lsym L16 <- sym#3   ("!=") */
    0x00211145,                /* 04C6  lsym L17 <- sym#33   ("v") */
    0x00001345,                /* 04C7  lsym L19 <- sym#0   ("sym") */
    0x00011445,                /* 04C8  lsym L20 <- sym#1   ("NO_MATCH") */
    0x00120284, 0x00130000,    /* 04C9  plist L18 <- L19, 2 items */
    0x000F0384, 0x00100000,    /* 04CB  plist L15 <- L16, 3 items */
    0x00401145,                /* 04CD  lsym L17 <- sym#64   ("not") */
    0x002C1345,                /* 04CE  lsym L19 <- sym#44   ("is") */
    0x00211445,                /* 04CF  lsym L20 <- sym#33   ("v") */
    0x00091645,                /* 04D0  lsym L22 <- sym#9   ("type") */
    0x00041745,                /* 04D1  lsym L23 <- sym#4   ("error") */
    0x00150284, 0x00160000,    /* 04D2  plist L21 <- L22, 2 items */
    0x00120384, 0x00130000,    /* 04D4  plist L18 <- L19, 3 items */
    0x00100284, 0x00110000,    /* 04D6  plist L16 <- L17, 2 items */
    0x000D0384, 0x000E0000,    /* 04D8  plist L13 <- L14, 3 items */
    0x003F0E45,                /* 04DA  lsym L14 <- sym#63   ("repl") */
    0x000C0284, 0x000D0000,    /* 04DB  plist L12 <- L13, 2 items */
    0x00130E45,                /* 04DD  lsym L14 <- sym#19   ("else") */
    0x00210F45,                /* 04DE  lsym L15 <- sym#33   ("v") */
    0x000D0284, 0x000E0000,    /* 04DF  plist L13 <- L14, 2 items */
    0x000A0384, 0x000B0000,    /* 04E1  plist L10 <- L11, 3 items */
    0x00070384, 0x00080000,    /* 04E3  plist L7 <- L8, 3 items */
    0x00010684, 0x00020000,    /* 04E5  plist L1 <- L2, 6 items */
    0x003D0242,                /* 04E7  gget L2 <- g61   (pair) */
    0x003F0345,                /* 04E8  lsym L3 <- sym#63   ("repl") */
    0x00048041,                /* 04E9  move L4 <- P0 */
    0x000202A0, 0x00010000,    /* 04EA  call base=L2 argc=2 nres=1 */
    0x003D0342,                /* 04EC  gget L3 <- g61   (pair) */
    0x00200445,                /* 04ED  lsym L4 <- sym#32   ("match_expr") */
    0x00240542,                /* 04EE  gget L5 <- g36   (_build_sequence_expr) */
    0x00068141,                /* 04EF  move L6 <- P1 */
    0x000501A0, 0x00010000,    /* 04F0  call base=L5 argc=1 nres=1 */
    0x000302A0, 0x00010000,    /* 04F2  call base=L3 argc=2 nres=1 */
    0x000003A0, 0x00010000,    /* 04F4  call base=L0 argc=3 nres=1 */
    0x00000102,                /* 04F6  return L0 count=1 */
    0x00008041,                /* 04F7  move L0 <- P0 */
    0x00000102,                /* 04F8  return L0 count=1 */
    0x00390042,                /* 04F9  gget L0 <- g57   (car) */
    0x00018041,                /* 04FA  move L1 <- P0 */
    0x000001A0, 0x00010000,    /* 04FB  call base=L0 argc=1 nres=1 */
    0x00000145,                /* 04FD  lsym L1 <- sym#0   ("sym") */
    0x00020090, 0x00000001,    /* 04FE  ne L2 <- L0 != L1 */
    0x0005024B,                /* 0500  jf L2, +5 */
    0x003A0042,                /* 0501  gget L0 <- g58   (error) */
    0x00080146,                /* 0502  lconst L1 <- static#8   ("push(): argument must be a bare symbol, e.g. push('foo)") */
    0x000001A0, 0x00010000,    /* 0503  call base=L0 argc=1 nres=1 */
    0x00000102,                /* 0505  return L0 count=1 */
    0x00370042,                /* 0506  gget L0 <- g55   (mk_expand) */
    0x00060245,                /* 0507  lsym L2 <- sym#6   ("fn_def") */
    0x00410345,                /* 0508  lsym L3 <- sym#65   ("$_tmpl_push") */
    0x00040003,                /* 0509  lnil L4 */
    0x003F0745,                /* 050A  lsym L7 <- sym#63   ("repl") */
    0x00090945,                /* 050B  lsym L9 <- sym#9   ("type") */
    0x000A0A45,                /* 050C  lsym L10 <- sym#10   ("auto") */
    0x00080284, 0x00090000,    /* 050D  plist L8 <- L9, 2 items */
    0x00090003,                /* 050F  lnil L9 */
    0x00060384, 0x00070000,    /* 0510  plist L6 <- L7, 3 items */
    0x00050184, 0x00060000,    /* 0512  plist L5 <- L6, 1 items */
    0x00090745,                /* 0514  lsym L7 <- sym#9   ("type") */
    0x000A0845,                /* 0515  lsym L8 <- sym#10   ("auto") */
    0x00060284, 0x00070000,    /* 0516  plist L6 <- L7, 2 items */
    0x003F0745,                /* 0518  lsym L7 <- sym#63   ("repl") */
    0x00010684, 0x00020000,    /* 0519  plist L1 <- L2, 6 items */
    0x003F0245,                /* 051B  lsym L2 <- sym#63   ("repl") */
    0x00038041,                /* 051C  move L3 <- P0 */
    0x000003A0, 0x00010000,    /* 051D  call base=L0 argc=3 nres=1 */
    0x00000102,                /* 051F  return L0 count=1 */
    0x00008041,                /* 0520  move L0 <- P0 */
    0x00010345,                /* 0521  lsym L3 <- sym#1   ("NO_MATCH") */
    0x0004008F, 0x00000003,    /* 0522  eq L4 <- L0 == L3 */
    0x0002044B,                /* 0524  jf L4, +2 */
    0x00020041,                /* 0525  move L2 <- L0 */
    0x0019004F,                /* 0526  jmp +25 */
    0x00060346,                /* 0527  lconst L3 <- static#6   ("error") */
    0x00040097, 0x00000003,    /* 0528  is L4 <- L0 is L3 */
    0x0002044B,                /* 052A  jf L4, +2 */
    0x00020041,                /* 052B  move L2 <- L0 */
    0x0013004F,                /* 052C  jmp +19 */
    0x00018141,                /* 052D  move L1 <- P1 */
    0x00010345,                /* 052E  lsym L3 <- sym#1   ("NO_MATCH") */
    0x0004008F, 0x00010003,    /* 052F  eq L4 <- L1 == L3 */
    0x0002044B,                /* 0531  jf L4, +2 */
    0x00020141,                /* 0532  move L2 <- L1 */
    0x000C004F,                /* 0533  jmp +12 */
    0x00060346,                /* 0534  lconst L3 <- static#6   ("error") */
    0x00040097, 0x00010003,    /* 0535  is L4 <- L1 is L3 */
    0x0002044B,                /* 0537  jf L4, +2 */
    0x00020141,                /* 0538  move L2 <- L1 */
    0x0006004F,                /* 0539  jmp +6 */
    0x003E0342,                /* 053A  gget L3 <- g62   (cons) */
    0x00040041,                /* 053B  move L4 <- L0 */
    0x00050141,                /* 053C  move L5 <- L1 */
    0x000302A0, 0x00010000,    /* 053D  call base=L3 argc=2 nres=1 */
    0x00020341,                /* 053F  move L2 <- L3 */
    0x00020102,                /* 0540  return L2 count=1 */
    0x003F0042,                /* 0541  gget L0 <- g63   (len) */
    0x00018041,                /* 0542  move L1 <- P0 */
    0x000001A0, 0x00010000,    /* 0543  call base=L0 argc=1 nres=1 */
    0x00010240,                /* 0545  i8 L1 <- 2 */
    0x00020090, 0x00000001,    /* 0546  ne L2 <- L0 != L1 */
    0x0005024B,                /* 0548  jf L2, +5 */
    0x003A0042,                /* 0549  gget L0 <- g58   (error) */
    0x00090146,                /* 054A  lconst L1 <- static#9   ("cons(): exactly 2 arguments required") */
    0x000001A0, 0x00010000,    /* 054B  call base=L0 argc=1 nres=1 */
    0x00000102,                /* 054D  return L0 count=1 */
    0x003C0042,                /* 054E  gget L0 <- g60   (mk_expand_n) */
    0x00060245,                /* 054F  lsym L2 <- sym#6   ("fn_def") */
    0x00420345,                /* 0550  lsym L3 <- sym#66   ("$_tmpl_cons") */
    0x00040003,                /* 0551  lnil L4 */
    0x00430745,                /* 0552  lsym L7 <- sym#67   ("a_expr") */
    0x00090945,                /* 0553  lsym L9 <- sym#9   ("type") */
    0x000A0A45,                /* 0554  lsym L10 <- sym#10   ("auto") */
    0x00080284, 0x00090000,    /* 0555  plist L8 <- L9, 2 items */
    0x00090003,                /* 0557  lnil L9 */
    0x00060384, 0x00070000,    /* 0558  plist L6 <- L7, 3 items */
    0x00440845,                /* 055A  lsym L8 <- sym#68   ("b_expr") */
    0x00090A45,                /* 055B  lsym L10 <- sym#9   ("type") */
    0x000A0B45,                /* 055C  lsym L11 <- sym#10   ("auto") */
    0x00090284, 0x000A0000,    /* 055D  plist L9 <- L10, 2 items */
    0x000A0003,                /* 055F  lnil L10 */
    0x00070384, 0x00080000,    /* 0560  plist L7 <- L8, 3 items */
    0x00050284, 0x00060000,    /* 0562  plist L5 <- L6, 2 items */
    0x00090745,                /* 0564  lsym L7 <- sym#9   ("type") */
    0x000A0845,                /* 0565  lsym L8 <- sym#10   ("auto") */
    0x00060284, 0x00070000,    /* 0566  plist L6 <- L7, 2 items */
    0x00150845,                /* 0568  lsym L8 <- sym#21   ("do") */
    0x00160A45,                /* 0569  lsym L10 <- sym#22   ("define") */
    0x00450B45,                /* 056A  lsym L11 <- sym#69   ("a") */
    0x00090D45,                /* 056B  lsym L13 <- sym#9   ("type") */
    0x000A0E45,                /* 056C  lsym L14 <- sym#10   ("auto") */
    0x000C0284, 0x000D0000,    /* 056D  plist L12 <- L13, 2 items */
    0x00430D45,                /* 056F  lsym L13 <- sym#67   ("a_expr") */
    0x00090484, 0x000A0000,    /* 0570  plist L9 <- L10, 4 items */
    0x000B0B45,                /* 0572  lsym L11 <- sym#11   ("cond") */
    0x000C0E45,                /* 0573  lsym L14 <- sym#12   ("==") */
    0x00450F45,                /* 0574  lsym L15 <- sym#69   ("a") */
    0x00001145,                /* 0575  lsym L17 <- sym#0   ("sym") */
    0x00011245,                /* 0576  lsym L18 <- sym#1   ("NO_MATCH") */
    0x00100284, 0x00110000,    /* 0577  plist L16 <- L17, 2 items */
    0x000D0384, 0x000E0000,    /* 0579  plist L13 <- L14, 3 items */
    0x00450E45,                /* 057B  lsym L14 <- sym#69   ("a") */
    0x000C0284, 0x000D0000,    /* 057C  plist L12 <- L13, 2 items */
    0x002C0F45,                /* 057E  lsym L15 <- sym#44   ("is") */
    0x00451045,                /* 057F  lsym L16 <- sym#69   ("a") */
    0x00091245,                /* 0580  lsym L18 <- sym#9   ("type") */
    0x00041345,                /* 0581  lsym L19 <- sym#4   ("error") */
    0x00110284, 0x00120000,    /* 0582  plist L17 <- L18, 2 items */
    0x000E0384, 0x000F0000,    /* 0584  plist L14 <- L15, 3 items */
    0x00450F45,                /* 0586  lsym L15 <- sym#69   ("a") */
    0x000D0284, 0x000E0000,    /* 0587  plist L13 <- L14, 2 items */
    0x00130F45,                /* 0589  lsym L15 <- sym#19   ("else") */
    0x00151145,                /* 058A  lsym L17 <- sym#21   ("do") */
    0x00161345,                /* 058B  lsym L19 <- sym#22   ("define") */
    0x00461445,                /* 058C  lsym L20 <- sym#70   ("b") */
    0x00091645,                /* 058D  lsym L22 <- sym#9   ("type") */
    0x000A1745,                /* 058E  lsym L23 <- sym#10   ("auto") */
    0x00150284, 0x00160000,    /* 058F  plist L21 <- L22, 2 items */
    0x00441645,                /* 0591  lsym L22 <- sym#68   ("b_expr") */
    0x00120484, 0x00130000,    /* 0592  plist L18 <- L19, 4 items */
    0x000B1445,                /* 0594  lsym L20 <- sym#11   ("cond") */
    0x000C1745,                /* 0595  lsym L23 <- sym#12   ("==") */
    0x00461845,                /* 0596  lsym L24 <- sym#70   ("b") */
    0x00001A45,                /* 0597  lsym L26 <- sym#0   ("sym") */
    0x00011B45,                /* 0598  lsym L27 <- sym#1   ("NO_MATCH") */
    0x00190284, 0x001A0000,    /* 0599  plist L25 <- L26, 2 items */
    0x00160384, 0x00170000,    /* 059B  plist L22 <- L23, 3 items */
    0x00461745,                /* 059D  lsym L23 <- sym#70   ("b") */
    0x00150284, 0x00160000,    /* 059E  plist L21 <- L22, 2 items */
    0x002C1845,                /* 05A0  lsym L24 <- sym#44   ("is") */
    0x00461945,                /* 05A1  lsym L25 <- sym#70   ("b") */
    0x00091B45,                /* 05A2  lsym L27 <- sym#9   ("type") */
    0x00041C45,                /* 05A3  lsym L28 <- sym#4   ("error") */
    0x001A0284, 0x001B0000,    /* 05A4  plist L26 <- L27, 2 items */
    0x00170384, 0x00180000,    /* 05A6  plist L23 <- L24, 3 items */
    0x00461845,                /* 05A8  lsym L24 <- sym#70   ("b") */
    0x00160284, 0x00170000,    /* 05A9  plist L22 <- L23, 2 items */
    0x00131845,                /* 05AB  lsym L24 <- sym#19   ("else") */
    0x000E1A45,                /* 05AC  lsym L26 <- sym#14   ("apply") */
    0x002E1B45,                /* 05AD  lsym L27 <- sym#46   ("cons") */
    0x00451C45,                /* 05AE  lsym L28 <- sym#69   ("a") */
    0x00461D45,                /* 05AF  lsym L29 <- sym#70   ("b") */
    0x00190484, 0x001A0000,    /* 05B0  plist L25 <- L26, 4 items */
    0x00170284, 0x00180000,    /* 05B2  plist L23 <- L24, 2 items */
    0x00130484, 0x00140000,    /* 05B4  plist L19 <- L20, 4 items */
    0x00100384, 0x00110000,    /* 05B6  plist L16 <- L17, 3 items */
    0x000E0284, 0x000F0000,    /* 05B8  plist L14 <- L15, 2 items */
    0x000A0484, 0x000B0000,    /* 05BA  plist L10 <- L11, 4 items */
    0x00070384, 0x00080000,    /* 05BC  plist L7 <- L8, 3 items */
    0x00010684, 0x00020000,    /* 05BE  plist L1 <- L2, 6 items */
    0x003D0242,                /* 05C0  gget L2 <- g61   (pair) */
    0x00430345,                /* 05C1  lsym L3 <- sym#67   ("a_expr") */
    0x00210442,                /* 05C2  gget L4 <- g33   (_decode_term) */
    0x00050040,                /* 05C3  i8 L5 <- 0 */
    0x00060098, 0x80000005,    /* 05C4  getidx L6 <- P0[L5] */
    0x00050641,                /* 05C6  move L5 <- L6 */
    0x000401A0, 0x00010000,    /* 05C7  call base=L4 argc=1 nres=1 */
    0x000202A0, 0x00010000,    /* 05C9  call base=L2 argc=2 nres=1 */
    0x003D0342,                /* 05CB  gget L3 <- g61   (pair) */
    0x00440445,                /* 05CC  lsym L4 <- sym#68   ("b_expr") */
    0x00210542,                /* 05CD  gget L5 <- g33   (_decode_term) */
    0x00060140,                /* 05CE  i8 L6 <- 1 */
    0x00070098, 0x80000006,    /* 05CF  getidx L7 <- P0[L6] */
    0x00060741,                /* 05D1  move L6 <- L7 */
    0x000501A0, 0x00010000,    /* 05D2  call base=L5 argc=1 nres=1 */
    0x000302A0, 0x00010000,    /* 05D4  call base=L3 argc=2 nres=1 */
    0x000003A0, 0x00010000,    /* 05D6  call base=L0 argc=3 nres=1 */
    0x00000102,                /* 05D8  return L0 count=1 */
    0x00000001,                /* 05D9  trap 0 */
    0x00370042,                /* 05DA  gget L0 <- g55   (mk_expand) */
    0x00060245,                /* 05DB  lsym L2 <- sym#6   ("fn_def") */
    0x00470345,                /* 05DC  lsym L3 <- sym#71   ("_tmpl_opt") */
    0x00040003,                /* 05DD  lnil L4 */
    0x00200745,                /* 05DE  lsym L7 <- sym#32   ("match_expr") */
    0x00090945,                /* 05DF  lsym L9 <- sym#9   ("type") */
    0x000A0A45,                /* 05E0  lsym L10 <- sym#10   ("auto") */
    0x00080284, 0x00090000,    /* 05E1  plist L8 <- L9, 2 items */
    0x00090003,                /* 05E3  lnil L9 */
    0x00060384, 0x00070000,    /* 05E4  plist L6 <- L7, 3 items */
    0x00050184, 0x00060000,    /* 05E6  plist L5 <- L6, 1 items */
    0x00090745,                /* 05E8  lsym L7 <- sym#9   ("type") */
    0x000A0845,                /* 05E9  lsym L8 <- sym#10   ("auto") */
    0x00060284, 0x00070000,    /* 05EA  plist L6 <- L7, 2 items */
    0x00150845,                /* 05EC  lsym L8 <- sym#21   ("do") */
    0x00160A45,                /* 05ED  lsym L10 <- sym#22   ("define") */
    0x00280B45,                /* 05EE  lsym L11 <- sym#40   ("_mark") */
    0x00090D45,                /* 05EF  lsym L13 <- sym#9   ("type") */
    0x000A0E45,                /* 05F0  lsym L14 <- sym#10   ("auto") */
    0x000C0284, 0x000D0000,    /* 05F1  plist L12 <- L13, 2 items */
    0x000E0E45,                /* 05F3  lsym L14 <- sym#14   ("apply") */
    0x000F1045,                /* 05F4  lsym L16 <- sym#15   ("bind_msg") */
    0x00101145,                /* 05F5  lsym L17 <- sym#16   ("this") */
    0x00221245,                /* 05F6  lsym L18 <- sym#34   ("mark") */
    0x000F0384, 0x00100000,    /* 05F7  plist L15 <- L16, 3 items */
    0x000D0284, 0x000E0000,    /* 05F9  plist L13 <- L14, 2 items */
    0x00090484, 0x000A0000,    /* 05FB  plist L9 <- L10, 4 items */
    0x00160B45,                /* 05FD  lsym L11 <- sym#22   ("define") */
    0x00210C45,                /* 05FE  lsym L12 <- sym#33   ("v") */
    0x00090E45,                /* 05FF  lsym L14 <- sym#9   ("type") */
    0x000A0F45,                /* 0600  lsym L15 <- sym#10   ("auto") */
    0x000D0284, 0x000E0000,    /* 0601  plist L13 <- L14, 2 items */
    0x00200E45,                /* 0603  lsym L14 <- sym#32   ("match_expr") */
    0x000A0484, 0x000B0000,    /* 0604  plist L10 <- L11, 4 items */
    0x000B0C45,                /* 0606  lsym L12 <- sym#11   ("cond") */
    0x000C0F45,                /* 0607  lsym L15 <- sym#12   ("==") */
    0x00211045,                /* 0608  lsym L16 <- sym#33   ("v") */
    0x00001245,                /* 0609  lsym L18 <- sym#0   ("sym") */
    0x00011345,                /* 060A  lsym L19 <- sym#1   ("NO_MATCH") */
    0x00110284, 0x00120000,    /* 060B  plist L17 <- L18, 2 items */
    0x000E0384, 0x000F0000,    /* 060D  plist L14 <- L15, 3 items */
    0x00151045,                /* 060F  lsym L16 <- sym#21   ("do") */
    0x000E1245,                /* 0610  lsym L18 <- sym#14   ("apply") */
    0x000F1445,                /* 0611  lsym L20 <- sym#15   ("bind_msg") */
    0x00101545,                /* 0612  lsym L21 <- sym#16   ("this") */
    0x002A1645,                /* 0613  lsym L22 <- sym#42   ("reset") */
    0x00130384, 0x00140000,    /* 0614  plist L19 <- L20, 3 items */
    0x00281445,                /* 0616  lsym L20 <- sym#40   ("_mark") */
    0x00110384, 0x00120000,    /* 0617  plist L17 <- L18, 3 items */
    0x00251345,                /* 0619  lsym L19 <- sym#37   ("nil") */
    0x00120184, 0x00130000,    /* 061A  plist L18 <- L19, 1 items */
    0x000F0384, 0x00100000,    /* 061C  plist L15 <- L16, 3 items */
    0x000D0284, 0x000E0000,    /* 061E  plist L13 <- L14, 2 items */
    0x00130F45,                /* 0620  lsym L15 <- sym#19   ("else") */
    0x00211045,                /* 0621  lsym L16 <- sym#33   ("v") */
    0x000E0284, 0x000F0000,    /* 0622  plist L14 <- L15, 2 items */
    0x000B0384, 0x000C0000,    /* 0624  plist L11 <- L12, 3 items */
    0x00070484, 0x00080000,    /* 0626  plist L7 <- L8, 4 items */
    0x00010684, 0x00020000,    /* 0628  plist L1 <- L2, 6 items */
    0x00200245,                /* 062A  lsym L2 <- sym#32   ("match_expr") */
    0x00240342,                /* 062B  gget L3 <- g36   (_build_sequence_expr) */
    0x00048041,                /* 062C  move L4 <- P0 */
    0x000301A0, 0x00010000,    /* 062D  call base=L3 argc=1 nres=1 */
    0x000003A0, 0x00010000,    /* 062F  call base=L0 argc=3 nres=1 */
    0x00000102,                /* 0631  return L0 count=1 */
    0x00400342,                /* 0632  gget L3 <- g64   (s_call_target) */
    0x00048041,                /* 0633  move L4 <- P0 */
    0x000301A0, 0x00010000,    /* 0634  call base=L3 argc=1 nres=1 */
    0x00000341,                /* 0636  move L0 <- L3 */
    0x00410342,                /* 0637  gget L3 <- g65   (s_call_args) */
    0x00048041,                /* 0638  move L4 <- P0 */
    0x000301A0, 0x00010000,    /* 0639  call base=L3 argc=1 nres=1 */
    0x00010341,                /* 063B  move L1 <- L3 */
    0x00420342,                /* 063C  gget L3 <- g66   (s_get_name) */
    0x00040041,                /* 063D  move L4 <- L0 */
    0x000301A0, 0x00010000,    /* 063E  call base=L3 argc=1 nres=1 */
    0x00020341,                /* 0640  move L2 <- L3 */
    0x00480345,                /* 0641  lsym L3 <- sym#72   ("apply_if") */
    0x0004008F, 0x00020003,    /* 0642  eq L4 <- L2 == L3 */
    0x000C044B,                /* 0644  jf L4, +12 */
    0x00060342,                /* 0645  gget L3 <- g6   (_decode_apply_if) */
    0x00390442,                /* 0646  gget L4 <- g57   (car) */
    0x00050141,                /* 0647  move L5 <- L1 */
    0x000401A0, 0x00010000,    /* 0648  call base=L4 argc=1 nres=1 */
    0x00430542,                /* 064A  gget L5 <- g67   (cdr) */
    0x00060141,                /* 064B  move L6 <- L1 */
    0x000501A0, 0x00010000,    /* 064C  call base=L5 argc=1 nres=1 */
    0x000302A0, 0x00010000,    /* 064E  call base=L3 argc=2 nres=1 */
    0x00030102,                /* 0650  return L3 count=1 */
    0x00490345,                /* 0651  lsym L3 <- sym#73   ("many") */
    0x0004008F, 0x00020003,    /* 0652  eq L4 <- L2 == L3 */
    0x0005044B,                /* 0654  jf L4, +5 */
    0x00110342,                /* 0655  gget L3 <- g17   (_decode_many) */
    0x00040141,                /* 0656  move L4 <- L1 */
    0x000301A0, 0x00010000,    /* 0657  call base=L3 argc=1 nres=1 */
    0x00030102,                /* 0659  return L3 count=1 */
    0x004A0345,                /* 065A  lsym L3 <- sym#74   ("manyflat") */
    0x0004008F, 0x00020003,    /* 065B  eq L4 <- L2 == L3 */
    0x0005044B,                /* 065D  jf L4, +5 */
    0x00130342,                /* 065E  gget L3 <- g19   (_decode_manyflat) */
    0x00040141,                /* 065F  move L4 <- L1 */
    0x000301A0, 0x00010000,    /* 0660  call base=L3 argc=1 nres=1 */
    0x00030102,                /* 0662  return L3 count=1 */
    0x004B0345,                /* 0663  lsym L3 <- sym#75   ("opt") */
    0x0004008F, 0x00020003,    /* 0664  eq L4 <- L2 == L3 */
    0x0005044B,                /* 0666  jf L4, +5 */
    0x001D0342,                /* 0667  gget L3 <- g29   (_decode_opt) */
    0x00040141,                /* 0668  move L4 <- L1 */
    0x000301A0, 0x00010000,    /* 0669  call base=L3 argc=1 nres=1 */
    0x00030102,                /* 066B  return L3 count=1 */
    0x001B0345,                /* 066C  lsym L3 <- sym#27   ("text") */
    0x0004008F, 0x00020003,    /* 066D  eq L4 <- L2 == L3 */
    0x0008044B,                /* 066F  jf L4, +8 */
    0x000B0342,                /* 0670  gget L3 <- g11   (_decode_text) */
    0x00040040,                /* 0671  i8 L4 <- 0 */
    0x00050098, 0x00010004,    /* 0672  getidx L5 <- L1[L4] */
    0x00040541,                /* 0674  move L4 <- L5 */
    0x000301A0, 0x00010000,    /* 0675  call base=L3 argc=1 nres=1 */
    0x00030102,                /* 0677  return L3 count=1 */
    0x004C0345,                /* 0678  lsym L3 <- sym#76   ("expect") */
    0x0004008F, 0x00020003,    /* 0679  eq L4 <- L2 == L3 */
    0x000C044B,                /* 067B  jf L4, +12 */
    0x000F0342,                /* 067C  gget L3 <- g15   (_decode_expect) */
    0x00040040,                /* 067D  i8 L4 <- 0 */
    0x00050098, 0x00010004,    /* 067E  getidx L5 <- L1[L4] */
    0x00040541,                /* 0680  move L4 <- L5 */
    0x00050140,                /* 0681  i8 L5 <- 1 */
    0x00060098, 0x00010005,    /* 0682  getidx L6 <- L1[L5] */
    0x00050641,                /* 0684  move L5 <- L6 */
    0x000302A0, 0x00010000,    /* 0685  call base=L3 argc=2 nres=1 */
    0x00030102,                /* 0687  return L3 count=1 */
    0x004D0345,                /* 0688  lsym L3 <- sym#77   ("bool") */
    0x0004008F, 0x00020003,    /* 0689  eq L4 <- L2 == L3 */
    0x0005044B,                /* 068B  jf L4, +5 */
    0x00150342,                /* 068C  gget L3 <- g21   (_decode_bool) */
    0x00040141,                /* 068D  move L4 <- L1 */
    0x000301A0, 0x00010000,    /* 068E  call base=L3 argc=1 nres=1 */
    0x00030102,                /* 0690  return L3 count=1 */
    0x004E0345,                /* 0691  lsym L3 <- sym#78   ("value") */
    0x0004008F, 0x00020003,    /* 0692  eq L4 <- L2 == L3 */
    0x000C044B,                /* 0694  jf L4, +12 */
    0x00170342,                /* 0695  gget L3 <- g23   (_decode_value) */
    0x00390442,                /* 0696  gget L4 <- g57   (car) */
    0x00050141,                /* 0697  move L5 <- L1 */
    0x000401A0, 0x00010000,    /* 0698  call base=L4 argc=1 nres=1 */
    0x00430542,                /* 069A  gget L5 <- g67   (cdr) */
    0x00060141,                /* 069B  move L6 <- L1 */
    0x000501A0, 0x00010000,    /* 069C  call base=L5 argc=1 nres=1 */
    0x000302A0, 0x00010000,    /* 069E  call base=L3 argc=2 nres=1 */
    0x00030102,                /* 06A0  return L3 count=1 */
    0x004F0345,                /* 06A1  lsym L3 <- sym#79   ("push") */
    0x0004008F, 0x00020003,    /* 06A2  eq L4 <- L2 == L3 */
    0x0008044B,                /* 06A4  jf L4, +8 */
    0x00190342,                /* 06A5  gget L3 <- g25   (_decode_push) */
    0x00040040,                /* 06A6  i8 L4 <- 0 */
    0x00050098, 0x00010004,    /* 06A7  getidx L5 <- L1[L4] */
    0x00040541,                /* 06A9  move L4 <- L5 */
    0x000301A0, 0x00010000,    /* 06AA  call base=L3 argc=1 nres=1 */
    0x00030102,                /* 06AC  return L3 count=1 */
    0x002E0345,                /* 06AD  lsym L3 <- sym#46   ("cons") */
    0x0004008F, 0x00020003,    /* 06AE  eq L4 <- L2 == L3 */
    0x0005044B,                /* 06B0  jf L4, +5 */
    0x001B0342,                /* 06B1  gget L3 <- g27   (_decode_cons) */
    0x00040141,                /* 06B2  move L4 <- L1 */
    0x000301A0, 0x00010000,    /* 06B3  call base=L3 argc=1 nres=1 */
    0x00030102,                /* 06B5  return L3 count=1 */
    0x003A0342,                /* 06B6  gget L3 <- g58   (error) */
    0x000A0446,                /* 06B7  lconst L4 <- static#10   ("@accept: unknown term form '") */
    0x00440542,                /* 06B8  gget L5 <- g68   (str) */
    0x00060241,                /* 06B9  move L6 <- L2 */
    0x000501A0, 0x00010000,    /* 06BA  call base=L5 argc=1 nres=1 */
    0x00060085, 0x00040005,    /* 06BC  add L6 <- L4 + L5 */
    0x000B0746,                /* 06BE  lconst L7 <- static#11   ("'") */
    0x00080085, 0x00060007,    /* 06BF  add L8 <- L6 + L7 */
    0x00040841,                /* 06C1  move L4 <- L8 */
    0x000301A0, 0x00010000,    /* 06C2  call base=L3 argc=1 nres=1 */
    0x00030102,                /* 06C4  return L3 count=1 */
    0x00000001,                /* 06C5  trap 0 */
    0x00450142,                /* 06C6  gget L1 <- g69   (s_binop_op) */
    0x00028041,                /* 06C7  move L2 <- P0 */
    0x000101A0, 0x00010000,    /* 06C8  call base=L1 argc=1 nres=1 */
    0x00000141,                /* 06CA  move L0 <- L1 */
    0x00500145,                /* 06CB  lsym L1 <- sym#80   ("|") */
    0x0002008F, 0x00000001,    /* 06CC  eq L2 <- L0 == L1 */
    0x006F024B,                /* 06CE  jf L2, +111 */
    0x003C0142,                /* 06CF  gget L1 <- g60   (mk_expand_n) */
    0x00060345,                /* 06D0  lsym L3 <- sym#6   ("fn_def") */
    0x00510445,                /* 06D1  lsym L4 <- sym#81   ("$_binop_or") */
    0x00050003,                /* 06D2  lnil L5 */
    0x00520845,                /* 06D3  lsym L8 <- sym#82   ("first_expr") */
    0x00090A45,                /* 06D4  lsym L10 <- sym#9   ("type") */
    0x000A0B45,                /* 06D5  lsym L11 <- sym#10   ("auto") */
    0x00090284, 0x000A0000,    /* 06D6  plist L9 <- L10, 2 items */
    0x000A0003,                /* 06D8  lnil L10 */
    0x00070384, 0x00080000,    /* 06D9  plist L7 <- L8, 3 items */
    0x00530945,                /* 06DB  lsym L9 <- sym#83   ("second_expr") */
    0x00090B45,                /* 06DC  lsym L11 <- sym#9   ("type") */
    0x000A0C45,                /* 06DD  lsym L12 <- sym#10   ("auto") */
    0x000A0284, 0x000B0000,    /* 06DE  plist L10 <- L11, 2 items */
    0x000B0003,                /* 06E0  lnil L11 */
    0x00080384, 0x00090000,    /* 06E1  plist L8 <- L9, 3 items */
    0x00060284, 0x00070000,    /* 06E3  plist L6 <- L7, 2 items */
    0x00090845,                /* 06E5  lsym L8 <- sym#9   ("type") */
    0x000A0945,                /* 06E6  lsym L9 <- sym#10   ("auto") */
    0x00070284, 0x00080000,    /* 06E7  plist L7 <- L8, 2 items */
    0x00150945,                /* 06E9  lsym L9 <- sym#21   ("do") */
    0x00160B45,                /* 06EA  lsym L11 <- sym#22   ("define") */
    0x00280C45,                /* 06EB  lsym L12 <- sym#40   ("_mark") */
    0x00090E45,                /* 06EC  lsym L14 <- sym#9   ("type") */
    0x000A0F45,                /* 06ED  lsym L15 <- sym#10   ("auto") */
    0x000D0284, 0x000E0000,    /* 06EE  plist L13 <- L14, 2 items */
    0x000E0F45,                /* 06F0  lsym L15 <- sym#14   ("apply") */
    0x000F1145,                /* 06F1  lsym L17 <- sym#15   ("bind_msg") */
    0x00101245,                /* 06F2  lsym L18 <- sym#16   ("this") */
    0x00221345,                /* 06F3  lsym L19 <- sym#34   ("mark") */
    0x00100384, 0x00110000,    /* 06F4  plist L16 <- L17, 3 items */
    0x000E0284, 0x000F0000,    /* 06F6  plist L14 <- L15, 2 items */
    0x000A0484, 0x000B0000,    /* 06F8  plist L10 <- L11, 4 items */
    0x00160C45,                /* 06FA  lsym L12 <- sym#22   ("define") */
    0x00210D45,                /* 06FB  lsym L13 <- sym#33   ("v") */
    0x00090F45,                /* 06FC  lsym L15 <- sym#9   ("type") */
    0x000A1045,                /* 06FD  lsym L16 <- sym#10   ("auto") */
    0x000E0284, 0x000F0000,    /* 06FE  plist L14 <- L15, 2 items */
    0x00520F45,                /* 0700  lsym L15 <- sym#82   ("first_expr") */
    0x000B0484, 0x000C0000,    /* 0701  plist L11 <- L12, 4 items */
    0x000B0D45,                /* 0703  lsym L13 <- sym#11   ("cond") */
    0x00031045,                /* 0704  lsym L16 <- sym#3   ("!=") */
    0x00211145,                /* 0705  lsym L17 <- sym#33   ("v") */
    0x00001345,                /* 0706  lsym L19 <- sym#0   ("sym") */
    0x00011445,                /* 0707  lsym L20 <- sym#1   ("NO_MATCH") */
    0x00120284, 0x00130000,    /* 0708  plist L18 <- L19, 2 items */
    0x000F0384, 0x00100000,    /* 070A  plist L15 <- L16, 3 items */
    0x00211045,                /* 070C  lsym L16 <- sym#33   ("v") */
    0x000E0284, 0x000F0000,    /* 070D  plist L14 <- L15, 2 items */
    0x00131045,                /* 070F  lsym L16 <- sym#19   ("else") */
    0x00151245,                /* 0710  lsym L18 <- sym#21   ("do") */
    0x000E1445,                /* 0711  lsym L20 <- sym#14   ("apply") */
    0x000F1645,                /* 0712  lsym L22 <- sym#15   ("bind_msg") */
    0x00101745,                /* 0713  lsym L23 <- sym#16   ("this") */
    0x002A1845,                /* 0714  lsym L24 <- sym#42   ("reset") */
    0x00150384, 0x00160000,    /* 0715  plist L21 <- L22, 3 items */
    0x00281645,                /* 0717  lsym L22 <- sym#40   ("_mark") */
    0x00130384, 0x00140000,    /* 0718  plist L19 <- L20, 3 items */
    0x00531445,                /* 071A  lsym L20 <- sym#83   ("second_expr") */
    0x00110384, 0x00120000,    /* 071B  plist L17 <- L18, 3 items */
    0x000F0284, 0x00100000,    /* 071D  plist L15 <- L16, 2 items */
    0x000C0384, 0x000D0000,    /* 071F  plist L12 <- L13, 3 items */
    0x00080484, 0x00090000,    /* 0721  plist L8 <- L9, 4 items */
    0x00020684, 0x00030000,    /* 0723  plist L2 <- L3, 6 items */
    0x003D0342,                /* 0725  gget L3 <- g61   (pair) */
    0x00520445,                /* 0726  lsym L4 <- sym#82   ("first_expr") */
    0x00210542,                /* 0727  gget L5 <- g33   (_decode_term) */
    0x00460642,                /* 0728  gget L6 <- g70   (s_binop_lhs) */
    0x00078041,                /* 0729  move L7 <- P0 */
    0x000601A0, 0x00010000,    /* 072A  call base=L6 argc=1 nres=1 */
    0x000501A0, 0x00010000,    /* 072C  call base=L5 argc=1 nres=1 */
    0x000302A0, 0x00010000,    /* 072E  call base=L3 argc=2 nres=1 */
    0x003D0442,                /* 0730  gget L4 <- g61   (pair) */
    0x00530545,                /* 0731  lsym L5 <- sym#83   ("second_expr") */
    0x00210642,                /* 0732  gget L6 <- g33   (_decode_term) */
    0x00470742,                /* 0733  gget L7 <- g71   (s_binop_rhs) */
    0x00088041,                /* 0734  move L8 <- P0 */
    0x000701A0, 0x00010000,    /* 0735  call base=L7 argc=1 nres=1 */
    0x000601A0, 0x00010000,    /* 0737  call base=L6 argc=1 nres=1 */
    0x000402A0, 0x00010000,    /* 0739  call base=L4 argc=2 nres=1 */
    0x000103A0, 0x00010000,    /* 073B  call base=L1 argc=3 nres=1 */
    0x00010102,                /* 073D  return L1 count=1 */
    0x003A0142,                /* 073E  gget L1 <- g58   (error) */
    0x000C0246,                /* 073F  lconst L2 <- static#12   ("@accept: unsupported operator '") */
    0x00440342,                /* 0740  gget L3 <- g68   (str) */
    0x00040041,                /* 0741  move L4 <- L0 */
    0x000301A0, 0x00010000,    /* 0742  call base=L3 argc=1 nres=1 */
    0x00040085, 0x00020003,    /* 0744  add L4 <- L2 + L3 */
    0x000B0546,                /* 0746  lconst L5 <- static#11   ("'") */
    0x00060085, 0x00040005,    /* 0747  add L6 <- L4 + L5 */
    0x00020641,                /* 0749  move L2 <- L6 */
    0x000101A0, 0x00010000,    /* 074A  call base=L1 argc=1 nres=1 */
    0x00010102,                /* 074C  return L1 count=1 */
    0x00480142,                /* 074D  gget L1 <- g72   (s_kind) */
    0x00028041,                /* 074E  move L2 <- P0 */
    0x000101A0, 0x00010000,    /* 074F  call base=L1 argc=1 nres=1 */
    0x00000141,                /* 0751  move L0 <- L1 */
    0x00540145,                /* 0752  lsym L1 <- sym#84   ("name") */
    0x0002008F, 0x00000001,    /* 0753  eq L2 <- L0 == L1 */
    0x0008024B,                /* 0755  jf L2, +8 */
    0x00070142,                /* 0756  gget L1 <- g7   (_decode_rule_call) */
    0x00420242,                /* 0757  gget L2 <- g66   (s_get_name) */
    0x00038041,                /* 0758  move L3 <- P0 */
    0x000201A0, 0x00010000,    /* 0759  call base=L2 argc=1 nres=1 */
    0x000101A0, 0x00010000,    /* 075B  call base=L1 argc=1 nres=1 */
    0x00010102,                /* 075D  return L1 count=1 */
    0x00000145,                /* 075E  lsym L1 <- sym#0   ("sym") */
    0x0002008F, 0x00000001,    /* 075F  eq L2 <- L0 == L1 */
    0x0008024B,                /* 0761  jf L2, +8 */
    0x00090142,                /* 0762  gget L1 <- g9   (_decode_token_kind) */
    0x00050242,                /* 0763  gget L2 <- g5   (cadr) */
    0x00038041,                /* 0764  move L3 <- P0 */
    0x000201A0, 0x00010000,    /* 0765  call base=L2 argc=1 nres=1 */
    0x000101A0, 0x00010000,    /* 0767  call base=L1 argc=1 nres=1 */
    0x00010102,                /* 0769  return L1 count=1 */
    0x00550145,                /* 076A  lsym L1 <- sym#85   ("str") */
    0x0002008F, 0x00000001,    /* 076B  eq L2 <- L0 == L1 */
    0x0008024B,                /* 076D  jf L2, +8 */
    0x000D0142,                /* 076E  gget L1 <- g13   (_decode_soft_keyword) */
    0x00050242,                /* 076F  gget L2 <- g5   (cadr) */
    0x00038041,                /* 0770  move L3 <- P0 */
    0x000201A0, 0x00010000,    /* 0771  call base=L2 argc=1 nres=1 */
    0x000101A0, 0x00010000,    /* 0773  call base=L1 argc=1 nres=1 */
    0x00010102,                /* 0775  return L1 count=1 */
    0x000E0145,                /* 0776  lsym L1 <- sym#14   ("apply") */
    0x0002008F, 0x00000001,    /* 0777  eq L2 <- L0 == L1 */
    0x0005024B,                /* 0779  jf L2, +5 */
    0x001E0142,                /* 077A  gget L1 <- g30   (_decode_call) */
    0x00028041,                /* 077B  move L2 <- P0 */
    0x000101A0, 0x00010000,    /* 077C  call base=L1 argc=1 nres=1 */
    0x00010102,                /* 077E  return L1 count=1 */
    0x00500145,                /* 077F  lsym L1 <- sym#80   ("|") */
    0x0002008F, 0x00000001,    /* 0780  eq L2 <- L0 == L1 */
    0x0005024B,                /* 0782  jf L2, +5 */
    0x00200142,                /* 0783  gget L1 <- g32   (_decode_binop) */
    0x00028041,                /* 0784  move L2 <- P0 */
    0x000101A0, 0x00010000,    /* 0785  call base=L1 argc=1 nres=1 */
    0x00010102,                /* 0787  return L1 count=1 */
    0x00490142,                /* 0788  gget L1 <- g73   (s_is_pairlist) */
    0x00028041,                /* 0789  move L2 <- P0 */
    0x000101A0, 0x00010000,    /* 078A  call base=L1 argc=1 nres=1 */
    0x0008014B,                /* 078C  jf L1, +8 */
    0x00240142,                /* 078D  gget L1 <- g36   (_build_sequence_expr) */
    0x004A0242,                /* 078E  gget L2 <- g74   (s_pairlist_items) */
    0x00038041,                /* 078F  move L3 <- P0 */
    0x000201A0, 0x00010000,    /* 0790  call base=L2 argc=1 nres=1 */
    0x000101A0, 0x00010000,    /* 0792  call base=L1 argc=1 nres=1 */
    0x00010102,                /* 0794  return L1 count=1 */
    0x003A0142,                /* 0795  gget L1 <- g58   (error) */
    0x000D0246,                /* 0796  lconst L2 <- static#13   ("@accept: this is not something the notation can match yet") */
    0x000101A0, 0x00010000,    /* 0797  call base=L1 argc=1 nres=1 */
    0x00010102,                /* 0799  return L1 count=1 */
    0x004B0042,                /* 079A  gget L0 <- g75   (s_is_drop) */
    0x00018041,                /* 079B  move L1 <- P0 */
    0x000001A0, 0x00010000,    /* 079C  call base=L0 argc=1 nres=1 */
    0x00000102,                /* 079E  return L0 count=1 */
    0x00060003,                /* 079F  lnil L6 */
    0x0007008F, 0x80000006,    /* 07A0  eq L7 <- P0 == L6 */
    0x0024074B,                /* 07A2  jf L7, +36 */
    0x00060040,                /* 07A3  i8 L6 <- 0 */
    0x0007008F, 0x80010006,    /* 07A4  eq L7 <- P1 == L6 */
    0x0002074B,                /* 07A6  jf L7, +2 */
    0x004C0642,                /* 07A7  gget L6 <- g76   (NIL_EXPR) */
    0x00060102,                /* 07A8  return L6 count=1 */
    0x00060140,                /* 07A9  i8 L6 <- 1 */
    0x0007008F, 0x80010006,    /* 07AA  eq L7 <- P1 == L6 */
    0x000E074B,                /* 07AC  jf L7, +14 */
    0x004D0642,                /* 07AD  gget L6 <- g77   (mk_index) */
    0x002F0742,                /* 07AE  gget L7 <- g47   (mk_name) */
    0x00560845,                /* 07AF  lsym L8 <- sym#86   ("_acc") */
    0x000701A0, 0x00010000,    /* 07B0  call base=L7 argc=1 nres=1 */
    0x00110845,                /* 07B2  lsym L8 <- sym#17   ("int") */
    0x00090040,                /* 07B3  i8 L9 <- 0 */
    0x000A0284, 0x00080000,    /* 07B4  plist L10 <- L8, 2 items */
    0x00080A41,                /* 07B6  move L8 <- L10 */
    0x000602A0, 0x00010000,    /* 07B7  call base=L6 argc=2 nres=1 */
    0x00060102,                /* 07B9  return L6 count=1 */
    0x000C004F,                /* 07BA  jmp +12 */
    0x004E0642,                /* 07BB  gget L6 <- g78   (mk_call) */
    0x002F0745,                /* 07BC  lsym L7 <- sym#47   ("reverse") */
    0x002F0842,                /* 07BD  gget L8 <- g47   (mk_name) */
    0x00560945,                /* 07BE  lsym L9 <- sym#86   ("_acc") */
    0x000801A0, 0x00010000,    /* 07BF  call base=L8 argc=1 nres=1 */
    0x00090184, 0x00080000,    /* 07C1  plist L9 <- L8, 1 items */
    0x00080941,                /* 07C3  move L8 <- L9 */
    0x000602A0, 0x00010000,    /* 07C4  call base=L6 argc=2 nres=1 */
    0x00060102,                /* 07C6  return L6 count=1 */
    0x00390642,                /* 07C7  gget L6 <- g57   (car) */
    0x00078041,                /* 07C8  move L7 <- P0 */
    0x000601A0, 0x00010000,    /* 07C9  call base=L6 argc=1 nres=1 */
    0x00000641,                /* 07CB  move L0 <- L6 */
    0x00010140,                /* 07CC  i8 L1 <- 1 */
    0x00020082, 0x00060000,    /* 07CD  list L2 <- L6, 0 items */
    0x00220642,                /* 07CF  gget L6 <- g34   (_is_drop) */
    0x00070041,                /* 07D0  move L7 <- L0 */
    0x000601A0, 0x00010000,    /* 07D1  call base=L6 argc=1 nres=1 */
    0x0007064B,                /* 07D3  jf L6, +7 */
    0x004F0642,                /* 07D4  gget L6 <- g79   (s_unary_target) */
    0x00070041,                /* 07D5  move L7 <- L0 */
    0x000601A0, 0x00010000,    /* 07D6  call base=L6 argc=1 nres=1 */
    0x00000641,                /* 07D8  move L0 <- L6 */
    0x00010040,                /* 07D9  i8 L1 <- 0 */
    0x0016004F,                /* 07DA  jmp +22 */
    0x00060241,                /* 07DB  move L6 <- L2 */
    0x00500742,                /* 07DC  gget L7 <- g80   (n_set) */
    0x00560845,                /* 07DD  lsym L8 <- sym#86   ("_acc") */
    0x004E0942,                /* 07DE  gget L9 <- g78   (mk_call) */
    0x002E0A45,                /* 07DF  lsym L10 <- sym#46   ("cons") */
    0x002F0B42,                /* 07E0  gget L11 <- g47   (mk_name) */
    0x00580C45,                /* 07E1  lsym L12 <- sym#88   ("_t") */
    0x000B01A0, 0x00010000,    /* 07E2  call base=L11 argc=1 nres=1 */
    0x002F0C42,                /* 07E4  gget L12 <- g47   (mk_name) */
    0x00560D45,                /* 07E5  lsym L13 <- sym#86   ("_acc") */
    0x000C01A0, 0x00010000,    /* 07E6  call base=L12 argc=1 nres=1 */
    0x000D0284, 0x000B0000,    /* 07E8  plist L13 <- L11, 2 items */
    0x000B0D41,                /* 07EA  move L11 <- L13 */
    0x000902A0, 0x00010000,    /* 07EB  call base=L9 argc=2 nres=1 */
    0x000702A0, 0x00010000,    /* 07ED  call base=L7 argc=2 nres=1 */
    0x000601A2, 0x00020001,    /* 07EF  msg base=L6 argc=1 msg#2 nres=1   (append) */
    0x00230642,                /* 07F1  gget L6 <- g35   (_build_sequence_steps) */
    0x00430742,                /* 07F2  gget L7 <- g67   (cdr) */
    0x00088041,                /* 07F3  move L8 <- P0 */
    0x000701A0, 0x00010000,    /* 07F4  call base=L7 argc=1 nres=1 */
    0x00080085, 0x80010001,    /* 07F6  add L8 <- P1 + L1 */
    0x000602A0, 0x00010000,    /* 07F8  call base=L6 argc=2 nres=1 */
    0x00030641,                /* 07FA  move L3 <- L6 */
    0x00060241,                /* 07FB  move L6 <- L2 */
    0x00070341,                /* 07FC  move L7 <- L3 */
    0x000601A2, 0x00020001,    /* 07FD  msg base=L6 argc=1 msg#2 nres=1   (append) */
    0x00300642,                /* 07FF  gget L6 <- g48   (mk_binop) */
    0x002F0742,                /* 0800  gget L7 <- g47   (mk_name) */
    0x00580845,                /* 0801  lsym L8 <- sym#88   ("_t") */
    0x000701A0, 0x00010000,    /* 0802  call base=L7 argc=1 nres=1 */
    0x00030845,                /* 0804  lsym L8 <- sym#3   ("!=") */
    0x002A0942,                /* 0805  gget L9 <- g42   (NO_MATCH_EXPR) */
    0x000603A0, 0x00010000,    /* 0806  call base=L6 argc=3 nres=1 */
    0x00040641,                /* 0808  move L4 <- L6 */
    0x00310642,                /* 0809  gget L6 <- g49   (mk_is_type) */
    0x002F0742,                /* 080A  gget L7 <- g47   (mk_name) */
    0x00580845,                /* 080B  lsym L8 <- sym#88   ("_t") */
    0x000701A0, 0x00010000,    /* 080C  call base=L7 argc=1 nres=1 */
    0x00040845,                /* 080E  lsym L8 <- sym#4   ("error") */
    0x000602A0, 0x00010000,    /* 080F  call base=L6 argc=2 nres=1 */
    0x00050641,                /* 0811  move L5 <- L6 */
    0x00320642,                /* 0812  gget L6 <- g50   (mk_do) */
    0x00500742,                /* 0813  gget L7 <- g80   (n_set) */
    0x00580845,                /* 0814  lsym L8 <- sym#88   ("_t") */
    0x00210942,                /* 0815  gget L9 <- g33   (_decode_term) */
    0x000A0041,                /* 0816  move L10 <- L0 */
    0x000901A0, 0x00010000,    /* 0817  call base=L9 argc=1 nres=1 */
    0x000702A0, 0x00010000,    /* 0819  call base=L7 argc=2 nres=1 */
    0x00350842,                /* 081B  gget L8 <- g53   (mk_if) */
    0x00090541,                /* 081C  move L9 <- L5 */
    0x002F0A42,                /* 081D  gget L10 <- g47   (mk_name) */
    0x00580B45,                /* 081E  lsym L11 <- sym#88   ("_t") */
    0x000A01A0, 0x00010000,    /* 081F  call base=L10 argc=1 nres=1 */
    0x000B0184, 0x000A0000,    /* 0821  plist L11 <- L10, 1 items */
    0x000A0B41,                /* 0823  move L10 <- L11 */
    0x00350B42,                /* 0824  gget L11 <- g53   (mk_if) */
    0x000C0441,                /* 0825  move L12 <- L4 */
    0x00040D42,                /* 0826  gget L13 <- g4   (chain) */
    0x000E0241,                /* 0827  move L14 <- L2 */
    0x000D01A0, 0x00010000,    /* 0828  call base=L13 argc=1 nres=1 */
    0x002A0E42,                /* 082A  gget L14 <- g42   (NO_MATCH_EXPR) */
    0x000F0184, 0x000E0000,    /* 082B  plist L15 <- L14, 1 items */
    0x000E0F41,                /* 082D  move L14 <- L15 */
    0x000B03A0, 0x00010000,    /* 082E  call base=L11 argc=3 nres=1 */
    0x000C0184, 0x000B0000,    /* 0830  plist L12 <- L11, 1 items */
    0x000B0C41,                /* 0832  move L11 <- L12 */
    0x000803A0, 0x00010000,    /* 0833  call base=L8 argc=3 nres=1 */
    0x00090284, 0x00070000,    /* 0835  plist L9 <- L7, 2 items */
    0x00070941,                /* 0837  move L7 <- L9 */
    0x000601A0, 0x00010000,    /* 0838  call base=L6 argc=1 nres=1 */
    0x00060102,                /* 083A  return L6 count=1 */
    0x00320042,                /* 083B  gget L0 <- g50   (mk_do) */
    0x00330142,                /* 083C  gget L1 <- g51   (n_define) */
    0x00560245,                /* 083D  lsym L2 <- sym#86   ("_acc") */
    0x00340342,                /* 083E  gget L3 <- g52   (N_AUTO_TYPE) */
    0x004C0442,                /* 083F  gget L4 <- g76   (NIL_EXPR) */
    0x000103A0, 0x00010000,    /* 0840  call base=L1 argc=3 nres=1 */
    0x00330242,                /* 0842  gget L2 <- g51   (n_define) */
    0x00580345,                /* 0843  lsym L3 <- sym#88   ("_t") */
    0x00340442,                /* 0844  gget L4 <- g52   (N_AUTO_TYPE) */
    0x004C0542,                /* 0845  gget L5 <- g76   (NIL_EXPR) */
    0x000203A0, 0x00010000,    /* 0846  call base=L2 argc=3 nres=1 */
    0x00230342,                /* 0848  gget L3 <- g35   (_build_sequence_steps) */
    0x00040442,                /* 0849  gget L4 <- g4   (chain) */
    0x00058041,                /* 084A  move L5 <- P0 */
    0x000401A0, 0x00010000,    /* 084B  call base=L4 argc=1 nres=1 */
    0x00050040,                /* 084D  i8 L5 <- 0 */
    0x000302A0, 0x00010000,    /* 084E  call base=L3 argc=2 nres=1 */
    0x00040384, 0x00010000,    /* 0850  plist L4 <- L1, 3 items */
    0x00010441,                /* 0852  move L1 <- L4 */
    0x000001A0, 0x00010000,    /* 0853  call base=L0 argc=1 nres=1 */
    0x00000102,                /* 0855  return L0 count=1 */
    0x00490042,                /* 0856  gget L0 <- g73   (s_is_pairlist) */
    0x00018041,                /* 0857  move L1 <- P0 */
    0x000001A0, 0x00010000,    /* 0858  call base=L0 argc=1 nres=1 */
    0x0005004B,                /* 085A  jf L0, +5 */
    0x004A0042,                /* 085B  gget L0 <- g74   (s_pairlist_items) */
    0x00018041,                /* 085C  move L1 <- P0 */
    0x000001A0, 0x00010000,    /* 085D  call base=L0 argc=1 nres=1 */
    0x00000102,                /* 085F  return L0 count=1 */
    0x00008041,                /* 0860  move L0 <- P0 */
    0x00010182, 0x00000000,    /* 0861  list L1 <- L0, 1 items */
    0x00010102,                /* 0863  return L1 count=1 */
    0x00000001,                /* 0864  trap 0 */
    0x00510142,                /* 0865  gget L1 <- g81   (_next_accept_site_id::id) */
    0x00020140,                /* 0866  i8 L2 <- 1 */
    0x00000085, 0x00010002,    /* 0867  add L0 <- L1 + L2 */
    0x00510043,                /* 0869  gset g81 <- L0   (_next_accept_site_id::id) */
    0x00510042,                /* 086A  gget L0 <- g81   (_next_accept_site_id::id) */
    0x00000102,                /* 086B  return L0 count=1 */
    0x00530442,                /* 086C  gget L4 <- g83   (sexpr) */
    0x00058041,                /* 086D  move L5 <- P0 */
    0x000401A0, 0x00010000,    /* 086E  call base=L4 argc=1 nres=1 */
    0x00000441,                /* 0870  move L0 <- L4 */
    0x00250442,                /* 0871  gget L4 <- g37   (_sequence_elements) */
    0x00050041,                /* 0872  move L5 <- L0 */
    0x000401A0, 0x00010000,    /* 0873  call base=L4 argc=1 nres=1 */
    0x00010441,                /* 0875  move L1 <- L4 */
    0x00240442,                /* 0876  gget L4 <- g36   (_build_sequence_expr) */
    0x00050141,                /* 0877  move L5 <- L1 */
    0x000401A0, 0x00010000,    /* 0878  call base=L4 argc=1 nres=1 */
    0x00020441,                /* 087A  move L2 <- L4 */
    0x00270442,                /* 087B  gget L4 <- g39   (_next_accept_site_id) */
    0x000400A0, 0x00010000,    /* 087C  call base=L4 argc=0 nres=1 */
    0x00030441,                /* 087E  move L3 <- L4 */
    0x003C0442,                /* 087F  gget L4 <- g60   (mk_expand_n) */
    0x00060645,                /* 0880  lsym L6 <- sym#6   ("fn_def") */
    0x00590745,                /* 0881  lsym L7 <- sym#89   ("$_accept_cache") */
    0x00080003,                /* 0882  lnil L8 */
    0x005A0B45,                /* 0883  lsym L11 <- sym#90   ("_site_id") */
    0x00090D45,                /* 0884  lsym L13 <- sym#9   ("type") */
    0x000A0E45,                /* 0885  lsym L14 <- sym#10   ("auto") */
    0x000C0284, 0x000D0000,    /* 0886  plist L12 <- L13, 2 items */
    0x000D0003,                /* 0888  lnil L13 */
    0x000A0384, 0x000B0000,    /* 0889  plist L10 <- L11, 3 items */
    0x005B0C45,                /* 088B  lsym L12 <- sym#91   ("seq_expr") */
    0x00090E45,                /* 088C  lsym L14 <- sym#9   ("type") */
    0x000A0F45,                /* 088D  lsym L15 <- sym#10   ("auto") */
    0x000D0284, 0x000E0000,    /* 088E  plist L13 <- L14, 2 items */
    0x000E0003,                /* 0890  lnil L14 */
    0x000B0384, 0x000C0000,    /* 0891  plist L11 <- L12, 3 items */
    0x00090284, 0x000A0000,    /* 0893  plist L9 <- L10, 2 items */
    0x00090B45,                /* 0895  lsym L11 <- sym#9   ("type") */
    0x000A0C45,                /* 0896  lsym L12 <- sym#10   ("auto") */
    0x000A0284, 0x000B0000,    /* 0897  plist L10 <- L11, 2 items */
    0x00150C45,                /* 0899  lsym L12 <- sym#21   ("do") */
    0x00160E45,                /* 089A  lsym L14 <- sym#22   ("define") */
    0x005C0F45,                /* 089B  lsym L15 <- sym#92   ("_accept_start") */
    0x00091145,                /* 089C  lsym L17 <- sym#9   ("type") */
    0x000A1245,                /* 089D  lsym L18 <- sym#10   ("auto") */
    0x00100284, 0x00110000,    /* 089E  plist L16 <- L17, 2 items */
    0x000E1245,                /* 08A0  lsym L18 <- sym#14   ("apply") */
    0x000F1445,                /* 08A1  lsym L20 <- sym#15   ("bind_msg") */
    0x00101545,                /* 08A2  lsym L21 <- sym#16   ("this") */
    0x00221645,                /* 08A3  lsym L22 <- sym#34   ("mark") */
    0x00130384, 0x00140000,    /* 08A4  plist L19 <- L20, 3 items */
    0x00110284, 0x00120000,    /* 08A6  plist L17 <- L18, 2 items */
    0x000D0484, 0x000E0000,    /* 08A8  plist L13 <- L14, 4 items */
    0x00160F45,                /* 08AA  lsym L15 <- sym#22   ("define") */
    0x005D1045,                /* 08AB  lsym L16 <- sym#93   ("_accept_cached") */
    0x00091245,                /* 08AC  lsym L18 <- sym#9   ("type") */
    0x000A1345,                /* 08AD  lsym L19 <- sym#10   ("auto") */
    0x00110284, 0x00120000,    /* 08AE  plist L17 <- L18, 2 items */
    0x000E1345,                /* 08B0  lsym L19 <- sym#14   ("apply") */
    0x000F1545,                /* 08B1  lsym L21 <- sym#15   ("bind_msg") */
    0x00101645,                /* 08B2  lsym L22 <- sym#16   ("this") */
    0x005E1745,                /* 08B3  lsym L23 <- sym#94   ("get_cache") */
    0x00140384, 0x00150000,    /* 08B4  plist L20 <- L21, 3 items */
    0x005A1545,                /* 08B6  lsym L21 <- sym#90   ("_site_id") */
    0x005C1645,                /* 08B7  lsym L22 <- sym#92   ("_accept_start") */
    0x00120484, 0x00130000,    /* 08B8  plist L18 <- L19, 4 items */
    0x000E0484, 0x000F0000,    /* 08BA  plist L14 <- L15, 4 items */
    0x000B1045,                /* 08BC  lsym L16 <- sym#11   ("cond") */
    0x00031345,                /* 08BD  lsym L19 <- sym#3   ("!=") */
    0x005D1445,                /* 08BE  lsym L20 <- sym#93   ("_accept_cached") */
    0x00001645,                /* 08BF  lsym L22 <- sym#0   ("sym") */
    0x005F1745,                /* 08C0  lsym L23 <- sym#95   ("NO_CACHE") */
    0x00150284, 0x00160000,    /* 08C1  plist L21 <- L22, 2 items */
    0x00120384, 0x00130000,    /* 08C3  plist L18 <- L19, 3 items */
    0x005D1345,                /* 08C5  lsym L19 <- sym#93   ("_accept_cached") */
    0x00110284, 0x00120000,    /* 08C6  plist L17 <- L18, 2 items */
    0x00131345,                /* 08C8  lsym L19 <- sym#19   ("else") */
    0x00151545,                /* 08C9  lsym L21 <- sym#21   ("do") */
    0x00161745,                /* 08CA  lsym L23 <- sym#22   ("define") */
    0x00601845,                /* 08CB  lsym L24 <- sym#96   ("_accept_result") */
    0x00091A45,                /* 08CC  lsym L26 <- sym#9   ("type") */
    0x000A1B45,                /* 08CD  lsym L27 <- sym#10   ("auto") */
    0x00190284, 0x001A0000,    /* 08CE  plist L25 <- L26, 2 items */
    0x005B1A45,                /* 08D0  lsym L26 <- sym#91   ("seq_expr") */
    0x00160484, 0x00170000,    /* 08D1  plist L22 <- L23, 4 items */
    0x000B1845,                /* 08D3  lsym L24 <- sym#11   ("cond") */
    0x000C1B45,                /* 08D4  lsym L27 <- sym#12   ("==") */
    0x00601C45,                /* 08D5  lsym L28 <- sym#96   ("_accept_result") */
    0x00001E45,                /* 08D6  lsym L30 <- sym#0   ("sym") */
    0x00011F45,                /* 08D7  lsym L31 <- sym#1   ("NO_MATCH") */
    0x001D0284, 0x001E0000,    /* 08D8  plist L29 <- L30, 2 items */
    0x001A0384, 0x001B0000,    /* 08DA  plist L26 <- L27, 3 items */
    0x000E1C45,                /* 08DC  lsym L28 <- sym#14   ("apply") */
    0x000F1E45,                /* 08DD  lsym L30 <- sym#15   ("bind_msg") */
    0x00101F45,                /* 08DE  lsym L31 <- sym#16   ("this") */
    0x00612045,                /* 08DF  lsym L32 <- sym#97   ("put_miss") */
    0x001D0384, 0x001E0000,    /* 08E0  plist L29 <- L30, 3 items */
    0x005A1E45,                /* 08E2  lsym L30 <- sym#90   ("_site_id") */
    0x005C1F45,                /* 08E3  lsym L31 <- sym#92   ("_accept_start") */
    0x001B0484, 0x001C0000,    /* 08E4  plist L27 <- L28, 4 items */
    0x00190284, 0x001A0000,    /* 08E6  plist L25 <- L26, 2 items */
    0x00401C45,                /* 08E8  lsym L28 <- sym#64   ("not") */
    0x002C1E45,                /* 08E9  lsym L30 <- sym#44   ("is") */
    0x00601F45,                /* 08EA  lsym L31 <- sym#96   ("_accept_result") */
    0x00092145,                /* 08EB  lsym L33 <- sym#9   ("type") */
    0x00042245,                /* 08EC  lsym L34 <- sym#4   ("error") */
    0x00200284, 0x00210000,    /* 08ED  plist L32 <- L33, 2 items */
    0x001D0384, 0x001E0000,    /* 08EF  plist L29 <- L30, 3 items */
    0x001B0284, 0x001C0000,    /* 08F1  plist L27 <- L28, 2 items */
    0x000E1D45,                /* 08F3  lsym L29 <- sym#14   ("apply") */
    0x000F1F45,                /* 08F4  lsym L31 <- sym#15   ("bind_msg") */
    0x00102045,                /* 08F5  lsym L32 <- sym#16   ("this") */
    0x00622145,                /* 08F6  lsym L33 <- sym#98   ("put_hit") */
    0x001E0384, 0x001F0000,    /* 08F7  plist L30 <- L31, 3 items */
    0x005A1F45,                /* 08F9  lsym L31 <- sym#90   ("_site_id") */
    0x005C2045,                /* 08FA  lsym L32 <- sym#92   ("_accept_start") */
    0x000E2245,                /* 08FB  lsym L34 <- sym#14   ("apply") */
    0x000F2445,                /* 08FC  lsym L36 <- sym#15   ("bind_msg") */
    0x00102545,                /* 08FD  lsym L37 <- sym#16   ("this") */
    0x00222645,                /* 08FE  lsym L38 <- sym#34   ("mark") */
    0x00230384, 0x00240000,    /* 08FF  plist L35 <- L36, 3 items */
    0x00210284, 0x00220000,    /* 0901  plist L33 <- L34, 2 items */
    0x00602245,                /* 0903  lsym L34 <- sym#96   ("_accept_result") */
    0x001C0684, 0x001D0000,    /* 0904  plist L28 <- L29, 6 items */
    0x001A0284, 0x001B0000,    /* 0906  plist L26 <- L27, 2 items */
    0x00170384, 0x00180000,    /* 0908  plist L23 <- L24, 3 items */
    0x00601845,                /* 090A  lsym L24 <- sym#96   ("_accept_result") */
    0x00140484, 0x00150000,    /* 090B  plist L20 <- L21, 4 items */
    0x00120284, 0x00130000,    /* 090D  plist L18 <- L19, 2 items */
    0x000F0384, 0x00100000,    /* 090F  plist L15 <- L16, 3 items */
    0x000B0484, 0x000C0000,    /* 0911  plist L11 <- L12, 4 items */
    0x00050684, 0x00060000,    /* 0913  plist L5 <- L6, 6 items */
    0x003D0642,                /* 0915  gget L6 <- g61   (pair) */
    0x005A0745,                /* 0916  lsym L7 <- sym#90   ("_site_id") */
    0x00110845,                /* 0917  lsym L8 <- sym#17   ("int") */
    0x00090341,                /* 0918  move L9 <- L3 */
    0x000A0284, 0x00080000,    /* 0919  plist L10 <- L8, 2 items */
    0x00080A41,                /* 091B  move L8 <- L10 */
    0x000602A0, 0x00010000,    /* 091C  call base=L6 argc=2 nres=1 */
    0x003D0742,                /* 091E  gget L7 <- g61   (pair) */
    0x005B0845,                /* 091F  lsym L8 <- sym#91   ("seq_expr") */
    0x00090241,                /* 0920  move L9 <- L2 */
    0x000702A0, 0x00010000,    /* 0921  call base=L7 argc=2 nres=1 */
    0x000403A0, 0x00010000,    /* 0923  call base=L4 argc=3 nres=1 */
    0x00040102,                /* 0925  return L4 count=1 */
    0x00008041,                /* 0926  move L0 <- P0 */
    0x00010245,                /* 0927  lsym L2 <- sym#1   ("NO_MATCH") */
    0x0003008F, 0x00000002,    /* 0928  eq L3 <- L0 == L2 */
    0x0005034B,                /* 092A  jf L3, +5 */
    0x003A0242,                /* 092B  gget L2 <- g58   (error) */
    0x00038141,                /* 092C  move L3 <- P1 */
    0x000201A0, 0x00010000,    /* 092D  call base=L2 argc=1 nres=1 */
    0x00020102,                /* 092F  return L2 count=1 */
    0x00010041,                /* 0930  move L1 <- L0 */
    0x00010102,                /* 0931  return L1 count=1 */
    0x00530342,                /* 0932  gget L3 <- g83   (sexpr) */
    0x00048041,                /* 0933  move L4 <- P0 */
    0x000301A0, 0x00010000,    /* 0934  call base=L3 argc=1 nres=1 */
    0x00000341,                /* 0936  move L0 <- L3 */
    0x00250342,                /* 0937  gget L3 <- g37   (_sequence_elements) */
    0x00040041,                /* 0938  move L4 <- L0 */
    0x000301A0, 0x00010000,    /* 0939  call base=L3 argc=1 nres=1 */
    0x00010341,                /* 093B  move L1 <- L3 */
    0x00240342,                /* 093C  gget L3 <- g36   (_build_sequence_expr) */
    0x00040141,                /* 093D  move L4 <- L1 */
    0x000301A0, 0x00010000,    /* 093E  call base=L3 argc=1 nres=1 */
    0x00020341,                /* 0940  move L2 <- L3 */
    0x003C0342,                /* 0941  gget L3 <- g60   (mk_expand_n) */
    0x00060545,                /* 0942  lsym L5 <- sym#6   ("fn_def") */
    0x00640645,                /* 0943  lsym L6 <- sym#100   ("$_expect") */
    0x00070003,                /* 0944  lnil L7 */
    0x00200A45,                /* 0945  lsym L10 <- sym#32   ("match_expr") */
    0x00090C45,                /* 0946  lsym L12 <- sym#9   ("type") */
    0x000A0D45,                /* 0947  lsym L13 <- sym#10   ("auto") */
    0x000B0284, 0x000C0000,    /* 0948  plist L11 <- L12, 2 items */
    0x000C0003,                /* 094A  lnil L12 */
    0x00090384, 0x000A0000,    /* 094B  plist L9 <- L10, 3 items */
    0x00650B45,                /* 094D  lsym L11 <- sym#101   ("desc") */
    0x00090D45,                /* 094E  lsym L13 <- sym#9   ("type") */
    0x000A0E45,                /* 094F  lsym L14 <- sym#10   ("auto") */
    0x000C0284, 0x000D0000,    /* 0950  plist L12 <- L13, 2 items */
    0x000D0003,                /* 0952  lnil L13 */
    0x000A0384, 0x000B0000,    /* 0953  plist L10 <- L11, 3 items */
    0x00080284, 0x00090000,    /* 0955  plist L8 <- L9, 2 items */
    0x00090A45,                /* 0957  lsym L10 <- sym#9   ("type") */
    0x000A0B45,                /* 0958  lsym L11 <- sym#10   ("auto") */
    0x00090284, 0x000A0000,    /* 0959  plist L9 <- L10, 2 items */
    0x00150B45,                /* 095B  lsym L11 <- sym#21   ("do") */
    0x00160D45,                /* 095C  lsym L13 <- sym#22   ("define") */
    0x00660E45,                /* 095D  lsym L14 <- sym#102   ("r") */
    0x00091045,                /* 095E  lsym L16 <- sym#9   ("type") */
    0x000A1145,                /* 095F  lsym L17 <- sym#10   ("auto") */
    0x000F0284, 0x00100000,    /* 0960  plist L15 <- L16, 2 items */
    0x00201045,                /* 0962  lsym L16 <- sym#32   ("match_expr") */
    0x000C0484, 0x000D0000,    /* 0963  plist L12 <- L13, 4 items */
    0x000B0E45,                /* 0965  lsym L14 <- sym#11   ("cond") */
    0x000C1145,                /* 0966  lsym L17 <- sym#12   ("==") */
    0x00661245,                /* 0967  lsym L18 <- sym#102   ("r") */
    0x00001445,                /* 0968  lsym L20 <- sym#0   ("sym") */
    0x00011545,                /* 0969  lsym L21 <- sym#1   ("NO_MATCH") */
    0x00130284, 0x00140000,    /* 096A  plist L19 <- L20, 2 items */
    0x00100384, 0x00110000,    /* 096C  plist L16 <- L17, 3 items */
    0x00671245,                /* 096E  lsym L18 <- sym#103   ("return") */
    0x000E1445,                /* 096F  lsym L20 <- sym#14   ("apply") */
    0x00041545,                /* 0970  lsym L21 <- sym#4   ("error") */
    0x00651645,                /* 0971  lsym L22 <- sym#101   ("desc") */
    0x00130384, 0x00140000,    /* 0972  plist L19 <- L20, 3 items */
    0x00110284, 0x00120000,    /* 0974  plist L17 <- L18, 2 items */
    0x000F0284, 0x00100000,    /* 0976  plist L15 <- L16, 2 items */
    0x000D0284, 0x000E0000,    /* 0978  plist L13 <- L14, 2 items */
    0x00660E45,                /* 097A  lsym L14 <- sym#102   ("r") */
    0x000A0484, 0x000B0000,    /* 097B  plist L10 <- L11, 4 items */
    0x00040684, 0x00050000,    /* 097D  plist L4 <- L5, 6 items */
    0x003D0542,                /* 097F  gget L5 <- g61   (pair) */
    0x00200645,                /* 0980  lsym L6 <- sym#32   ("match_expr") */
    0x00070241,                /* 0981  move L7 <- L2 */
    0x000502A0, 0x00010000,    /* 0982  call base=L5 argc=2 nres=1 */
    0x003D0642,                /* 0984  gget L6 <- g61   (pair) */
    0x00650745,                /* 0985  lsym L7 <- sym#101   ("desc") */
    0x00550845,                /* 0986  lsym L8 <- sym#85   ("str") */
    0x00098141,                /* 0987  move L9 <- P1 */
    0x000A0284, 0x00080000,    /* 0988  plist L10 <- L8, 2 items */
    0x00080A41,                /* 098A  move L8 <- L10 */
    0x000602A0, 0x00010000,    /* 098B  call base=L6 argc=2 nres=1 */
    0x000303A0, 0x00010000,    /* 098D  call base=L3 argc=3 nres=1 */
    0x00030102,                /* 098F  return L3 count=1 */
    0x00060146,                /* 0990  lconst L1 <- static#6   ("error") */
    0x00020097, 0x80000001,    /* 0991  is L2 <- P0 is L1 */
    0x0000024A,                /* 0993  not L0 <- L2 */
    0x0003004B,                /* 0994  jf L0, +3 */
    0x00010145,                /* 0995  lsym L1 <- sym#1   ("NO_MATCH") */
    0x00000090, 0x80000001,    /* 0996  ne L0 <- P0 != L1 */
    0x00000102,                /* 0998  return L0 count=1 */
};

const wy_module_image _dsl_image = {
    .name = "_dsl",
    .sections = {
        [WY_SEC_HEADER] = { _dsl_header, sizeof _dsl_header },
        [WY_SEC_STATICS] = { _dsl_statics, sizeof _dsl_statics },
        [WY_SEC_SYMBOLS] = { _dsl_symbols, sizeof _dsl_symbols },
        [WY_SEC_FUNCTIONS] = { _dsl_functions, sizeof _dsl_functions },
        [WY_SEC_CLASSES] = { _dsl_classes, sizeof _dsl_classes },
        [WY_SEC_MESSAGES] = { _dsl_messages, sizeof _dsl_messages },
        [WY_SEC_CODE] = { (const uint8_t*) _dsl_code, sizeof _dsl_code },
        [WY_SEC_EXPORTS] = { _dsl_exports, sizeof _dsl_exports },
        [WY_SEC_FREE] = { _dsl_free, sizeof _dsl_free },
    },
};
