/* Generated from image by wypoc's bytecode compiler. */

#include <stdint.h>
#include "wyrm/image.h"

static const uint8_t image_header[] = {
    0x27, 0x00, 0x00, 0x00, 0x02, 0x6E, 0x00, 0x06, 0x00, 0x00, 0x00, 0x69,
    0x6D, 0x61, 0x67, 0x65, 0x00, 0x10, 0x76, 0x00, 0x01, 0x00, 0x00, 0x00,
    0x10, 0x67, 0x00, 0x7A, 0x00, 0x00, 0x00, 0x10, 0x6C, 0x00, 0x15, 0x00,
    0x00, 0x00, 0x00,
};

static const uint8_t image_statics[] = {
    0xF7, 0x08, 0x00, 0x00, 0x02, 0x30, 0x00, 0x07, 0x00, 0x00, 0x00, 0x77,
    0x79, 0x72, 0x6D, 0x3A, 0x3A, 0x00, 0x02, 0x31, 0x00, 0x0C, 0x00, 0x00,
    0x00, 0x77, 0x79, 0x72, 0x6D, 0x3A, 0x3A, 0x62, 0x6A, 0x73, 0x6F, 0x6E,
    0x00, 0x02, 0x32, 0x00, 0x0E, 0x00, 0x00, 0x00, 0x77, 0x79, 0x72, 0x6D,
    0x3A, 0x3A, 0x6F, 0x70, 0x63, 0x6F, 0x64, 0x65, 0x73, 0x00, 0x02, 0x33,
    0x00, 0x06, 0x00, 0x00, 0x00, 0x57, 0x59, 0x41, 0x20, 0x31, 0x00, 0x02,
    0x34, 0x00, 0x07, 0x00, 0x00, 0x00, 0x68, 0x65, 0x61, 0x64, 0x65, 0x72,
    0x00, 0x02, 0x35, 0x00, 0x08, 0x00, 0x00, 0x00, 0x73, 0x74, 0x61, 0x74,
    0x69, 0x63, 0x73, 0x00, 0x02, 0x36, 0x00, 0x0E, 0x00, 0x00, 0x00, 0x73,
    0x6C, 0x6F, 0x74, 0x5F, 0x64, 0x65, 0x66, 0x61, 0x75, 0x6C, 0x74, 0x73,
    0x00, 0x02, 0x37, 0x00, 0x08, 0x00, 0x00, 0x00, 0x73, 0x79, 0x6D, 0x62,
    0x6F, 0x6C, 0x73, 0x00, 0x02, 0x38, 0x00, 0x0A, 0x00, 0x00, 0x00, 0x66,
    0x75, 0x6E, 0x63, 0x74, 0x69, 0x6F, 0x6E, 0x73, 0x00, 0x02, 0x39, 0x00,
    0x08, 0x00, 0x00, 0x00, 0x63, 0x6C, 0x61, 0x73, 0x73, 0x65, 0x73, 0x00,
    0x02, 0x31, 0x30, 0x00, 0x09, 0x00, 0x00, 0x00, 0x6D, 0x65, 0x73, 0x73,
    0x61, 0x67, 0x65, 0x73, 0x00, 0x02, 0x31, 0x31, 0x00, 0x05, 0x00, 0x00,
    0x00, 0x63, 0x6F, 0x64, 0x65, 0x00, 0x02, 0x31, 0x32, 0x00, 0x08, 0x00,
    0x00, 0x00, 0x65, 0x78, 0x70, 0x6F, 0x72, 0x74, 0x73, 0x00, 0x02, 0x31,
    0x33, 0x00, 0x05, 0x00, 0x00, 0x00, 0x66, 0x72, 0x65, 0x65, 0x00, 0x02,
    0x31, 0x34, 0x00, 0x0E, 0x00, 0x00, 0x00, 0x57, 0x59, 0x5F, 0x53, 0x45,
    0x43, 0x5F, 0x48, 0x45, 0x41, 0x44, 0x45, 0x52, 0x00, 0x02, 0x31, 0x35,
    0x00, 0x0F, 0x00, 0x00, 0x00, 0x57, 0x59, 0x5F, 0x53, 0x45, 0x43, 0x5F,
    0x53, 0x54, 0x41, 0x54, 0x49, 0x43, 0x53, 0x00, 0x02, 0x31, 0x36, 0x00,
    0x15, 0x00, 0x00, 0x00, 0x57, 0x59, 0x5F, 0x53, 0x45, 0x43, 0x5F, 0x53,
    0x4C, 0x4F, 0x54, 0x5F, 0x44, 0x45, 0x46, 0x41, 0x55, 0x4C, 0x54, 0x53,
    0x00, 0x02, 0x31, 0x37, 0x00, 0x0F, 0x00, 0x00, 0x00, 0x57, 0x59, 0x5F,
    0x53, 0x45, 0x43, 0x5F, 0x53, 0x59, 0x4D, 0x42, 0x4F, 0x4C, 0x53, 0x00,
    0x02, 0x31, 0x38, 0x00, 0x11, 0x00, 0x00, 0x00, 0x57, 0x59, 0x5F, 0x53,
    0x45, 0x43, 0x5F, 0x46, 0x55, 0x4E, 0x43, 0x54, 0x49, 0x4F, 0x4E, 0x53,
    0x00, 0x02, 0x31, 0x39, 0x00, 0x0F, 0x00, 0x00, 0x00, 0x57, 0x59, 0x5F,
    0x53, 0x45, 0x43, 0x5F, 0x43, 0x4C, 0x41, 0x53, 0x53, 0x45, 0x53, 0x00,
    0x02, 0x32, 0x30, 0x00, 0x10, 0x00, 0x00, 0x00, 0x57, 0x59, 0x5F, 0x53,
    0x45, 0x43, 0x5F, 0x4D, 0x45, 0x53, 0x53, 0x41, 0x47, 0x45, 0x53, 0x00,
    0x02, 0x32, 0x31, 0x00, 0x0C, 0x00, 0x00, 0x00, 0x57, 0x59, 0x5F, 0x53,
    0x45, 0x43, 0x5F, 0x43, 0x4F, 0x44, 0x45, 0x00, 0x02, 0x32, 0x32, 0x00,
    0x0F, 0x00, 0x00, 0x00, 0x57, 0x59, 0x5F, 0x53, 0x45, 0x43, 0x5F, 0x45,
    0x58, 0x50, 0x4F, 0x52, 0x54, 0x53, 0x00, 0x02, 0x32, 0x33, 0x00, 0x0C,
    0x00, 0x00, 0x00, 0x57, 0x59, 0x5F, 0x53, 0x45, 0x43, 0x5F, 0x46, 0x52,
    0x45, 0x45, 0x00, 0x02, 0x32, 0x34, 0x00, 0x05, 0x00, 0x00, 0x00, 0x6E,
    0x61, 0x6D, 0x65, 0x00, 0x02, 0x32, 0x35, 0x00, 0x08, 0x00, 0x00, 0x00,
    0x76, 0x65, 0x72, 0x73, 0x69, 0x6F, 0x6E, 0x00, 0x02, 0x32, 0x36, 0x00,
    0x08, 0x00, 0x00, 0x00, 0x67, 0x6C, 0x6F, 0x62, 0x61, 0x6C, 0x73, 0x00,
    0x02, 0x32, 0x37, 0x00, 0x07, 0x00, 0x00, 0x00, 0x69, 0x6E, 0x69, 0x74,
    0x5F, 0x6C, 0x00, 0x0A, 0x32, 0x38, 0x00, 0x02, 0x32, 0x39, 0x00, 0x08,
    0x00, 0x00, 0x00, 0x64, 0x65, 0x66, 0x61, 0x75, 0x6C, 0x74, 0x00, 0x10,
    0x33, 0x30, 0x00, 0x00, 0x00, 0x00, 0x00, 0x02, 0x33, 0x31, 0x00, 0x04,
    0x00, 0x00, 0x00, 0x6E, 0x69, 0x6C, 0x00, 0x02, 0x33, 0x32, 0x00, 0x07,
    0x00, 0x00, 0x00, 0x70, 0x61, 0x72, 0x61, 0x6D, 0x73, 0x00, 0x02, 0x33,
    0x33, 0x00, 0x08, 0x00, 0x00, 0x00, 0x6E, 0x6C, 0x6F, 0x63, 0x61, 0x6C,
    0x73, 0x00, 0x02, 0x33, 0x34, 0x00, 0x0C, 0x00, 0x00, 0x00, 0x63, 0x6F,
    0x64, 0x65, 0x5F, 0x6F, 0x66, 0x66, 0x73, 0x65, 0x74, 0x00, 0x02, 0x33,
    0x35, 0x00, 0x06, 0x00, 0x00, 0x00, 0x66, 0x6C, 0x61, 0x67, 0x73, 0x00,
    0x02, 0x33, 0x36, 0x00, 0x09, 0x00, 0x00, 0x00, 0x64, 0x69, 0x73, 0x70,
    0x61, 0x74, 0x63, 0x68, 0x00, 0x02, 0x33, 0x37, 0x00, 0x0A, 0x00, 0x00,
    0x00, 0x6E, 0x63, 0x61, 0x70, 0x74, 0x75, 0x72, 0x65, 0x73, 0x00, 0x02,
    0x33, 0x38, 0x00, 0x09, 0x00, 0x00, 0x00, 0x6E, 0x72, 0x65, 0x73, 0x75,
    0x6C, 0x74, 0x73, 0x00, 0x02, 0x33, 0x39, 0x00, 0x02, 0x00, 0x00, 0x00,
    0x6E, 0x00, 0x02, 0x34, 0x30, 0x00, 0x02, 0x00, 0x00, 0x00, 0x76, 0x00,
    0x02, 0x34, 0x31, 0x00, 0x02, 0x00, 0x00, 0x00, 0x67, 0x00, 0x02, 0x34,
    0x32, 0x00, 0x02, 0x00, 0x00, 0x00, 0x6C, 0x00, 0x02, 0x34, 0x33, 0x00,
    0x06, 0x00, 0x00, 0x00, 0x64, 0x65, 0x6C, 0x74, 0x61, 0x00, 0x02, 0x34,
    0x34, 0x00, 0x02, 0x00, 0x00, 0x00, 0x64, 0x00, 0x02, 0x34, 0x35, 0x00,
    0x03, 0x00, 0x00, 0x00, 0x62, 0x63, 0x00, 0x02, 0x34, 0x36, 0x00, 0x03,
    0x00, 0x00, 0x00, 0x62, 0x66, 0x00, 0x02, 0x34, 0x37, 0x00, 0x03, 0x00,
    0x00, 0x00, 0x62, 0x73, 0x00, 0x02, 0x34, 0x38, 0x00, 0x03, 0x00, 0x00,
    0x00, 0x62, 0x79, 0x00, 0x02, 0x34, 0x39, 0x00, 0x03, 0x00, 0x00, 0x00,
    0x62, 0x6B, 0x00, 0x02, 0x35, 0x30, 0x00, 0x03, 0x00, 0x00, 0x00, 0x62,
    0x6D, 0x00, 0x02, 0x35, 0x31, 0x00, 0x03, 0x00, 0x00, 0x00, 0x62, 0x67,
    0x00, 0x02, 0x35, 0x32, 0x00, 0x02, 0x00, 0x00, 0x00, 0x69, 0x00, 0x02,
    0x35, 0x33, 0x00, 0x02, 0x00, 0x00, 0x00, 0x70, 0x00, 0x02, 0x35, 0x34,
    0x00, 0x02, 0x00, 0x00, 0x00, 0x63, 0x00, 0x02, 0x35, 0x35, 0x00, 0x02,
    0x00, 0x00, 0x00, 0x66, 0x00, 0x02, 0x35, 0x36, 0x00, 0x02, 0x00, 0x00,
    0x00, 0x74, 0x00, 0x02, 0x35, 0x37, 0x00, 0x02, 0x00, 0x00, 0x00, 0x6B,
    0x00, 0x02, 0x35, 0x38, 0x00, 0x02, 0x00, 0x00, 0x00, 0x72, 0x00, 0x02,
    0x35, 0x39, 0x00, 0x07, 0x00, 0x00, 0x00, 0x67, 0x65, 0x74, 0x74, 0x65,
    0x72, 0x00, 0x02, 0x36, 0x30, 0x00, 0x07, 0x00, 0x00, 0x00, 0x73, 0x65,
    0x74, 0x74, 0x65, 0x72, 0x00, 0x02, 0x36, 0x31, 0x00, 0x02, 0x00, 0x00,
    0x00, 0x73, 0x00, 0x02, 0x36, 0x32, 0x00, 0x0B, 0x00, 0x00, 0x00, 0x73,
    0x75, 0x70, 0x65, 0x72, 0x63, 0x6C, 0x61, 0x73, 0x73, 0x00, 0x02, 0x36,
    0x33, 0x00, 0x06, 0x00, 0x00, 0x00, 0x73, 0x6C, 0x6F, 0x74, 0x73, 0x00,
    0x02, 0x36, 0x34, 0x00, 0x03, 0x00, 0x00, 0x00, 0x73, 0x6C, 0x00, 0x02,
    0x36, 0x35, 0x00, 0x05, 0x00, 0x00, 0x00, 0x69, 0x6E, 0x69, 0x74, 0x00,
    0x02, 0x36, 0x36, 0x00, 0x02, 0x00, 0x00, 0x00, 0x79, 0x00, 0x02, 0x36,
    0x37, 0x00, 0x02, 0x00, 0x00, 0x00, 0x6D, 0x00, 0x02, 0x36, 0x38, 0x00,
    0x03, 0x00, 0x00, 0x00, 0x73, 0x74, 0x00, 0x02, 0x36, 0x39, 0x00, 0x06,
    0x00, 0x00, 0x00, 0x65, 0x72, 0x72, 0x6F, 0x72, 0x00, 0x02, 0x37, 0x30,
    0x00, 0x01, 0x00, 0x00, 0x00, 0x00, 0x02, 0x37, 0x31, 0x00, 0x02, 0x00,
    0x00, 0x00, 0x20, 0x00, 0x02, 0x37, 0x32, 0x00, 0x05, 0x00, 0x00, 0x00,
    0x62, 0x6F, 0x6F, 0x6C, 0x00, 0x02, 0x37, 0x33, 0x00, 0x04, 0x00, 0x00,
    0x00, 0x69, 0x6E, 0x74, 0x00, 0x02, 0x37, 0x34, 0x00, 0x06, 0x00, 0x00,
    0x00, 0x66, 0x6C, 0x6F, 0x61, 0x74, 0x00, 0x02, 0x37, 0x35, 0x00, 0x04,
    0x00, 0x00, 0x00, 0x66, 0x36, 0x34, 0x00, 0x02, 0x37, 0x36, 0x00, 0x04,
    0x00, 0x00, 0x00, 0x73, 0x74, 0x72, 0x00, 0x02, 0x37, 0x37, 0x00, 0x04,
    0x00, 0x00, 0x00, 0x62, 0x69, 0x6E, 0x00, 0x02, 0x37, 0x38, 0x00, 0x05,
    0x00, 0x00, 0x00, 0x74, 0x72, 0x75, 0x65, 0x00, 0x02, 0x37, 0x39, 0x00,
    0x06, 0x00, 0x00, 0x00, 0x66, 0x61, 0x6C, 0x73, 0x65, 0x00, 0x02, 0x38,
    0x30, 0x00, 0x07, 0x00, 0x00, 0x00, 0x20, 0x62, 0x79, 0x74, 0x65, 0x73,
    0x00, 0x02, 0x38, 0x31, 0x00, 0x05, 0x00, 0x00, 0x00, 0x6C, 0x69, 0x73,
    0x74, 0x00, 0x02, 0x38, 0x32, 0x00, 0x02, 0x00, 0x00, 0x00, 0x5B, 0x00,
    0x02, 0x38, 0x33, 0x00, 0x03, 0x00, 0x00, 0x00, 0x2C, 0x20, 0x00, 0x02,
    0x38, 0x34, 0x00, 0x02, 0x00, 0x00, 0x00, 0x5D, 0x00, 0x02, 0x38, 0x35,
    0x00, 0x03, 0x00, 0x00, 0x00, 0x5D, 0x20, 0x00, 0x02, 0x38, 0x36, 0x00,
    0x06, 0x00, 0x00, 0x00, 0x20, 0x20, 0x70, 0x3A, 0x5B, 0x00, 0x02, 0x38,
    0x37, 0x00, 0x06, 0x00, 0x00, 0x00, 0x5D, 0x20, 0x20, 0x6C, 0x3A, 0x00,
    0x02, 0x38, 0x38, 0x00, 0x05, 0x00, 0x00, 0x00, 0x20, 0x20, 0x63, 0x3A,
    0x00, 0x02, 0x38, 0x39, 0x00, 0x05, 0x00, 0x00, 0x00, 0x20, 0x20, 0x66,
    0x3A, 0x00, 0x02, 0x39, 0x30, 0x00, 0x06, 0x00, 0x00, 0x00, 0x5F, 0x70,
    0x61, 0x74, 0x68, 0x00, 0x02, 0x39, 0x31, 0x00, 0x03, 0x00, 0x00, 0x00,
    0x3A, 0x3A, 0x00, 0x02, 0x39, 0x32, 0x00, 0x09, 0x00, 0x00, 0x00, 0x5D,
    0x20, 0x63, 0x6C, 0x61, 0x73, 0x73, 0x20, 0x00, 0x02, 0x39, 0x33, 0x00,
    0x03, 0x00, 0x00, 0x00, 0x3A, 0x20, 0x00, 0x02, 0x39, 0x34, 0x00, 0x02,
    0x00, 0x00, 0x00, 0x3A, 0x00, 0x02, 0x39, 0x35, 0x00, 0x03, 0x00, 0x00,
    0x00, 0x3B, 0x20, 0x00, 0x02, 0x39, 0x36, 0x00, 0x07, 0x00, 0x00, 0x00,
    0x73, 0x74, 0x61, 0x74, 0x69, 0x63, 0x00, 0x02, 0x39, 0x37, 0x00, 0x07,
    0x00, 0x00, 0x00, 0x73, 0x79, 0x6D, 0x62, 0x6F, 0x6C, 0x00, 0x02, 0x39,
    0x38, 0x00, 0x08, 0x00, 0x00, 0x00, 0x6D, 0x65, 0x73, 0x73, 0x61, 0x67,
    0x65, 0x00, 0x02, 0x39, 0x39, 0x00, 0x07, 0x00, 0x00, 0x00, 0x67, 0x6C,
    0x6F, 0x62, 0x61, 0x6C, 0x00, 0x02, 0x31, 0x30, 0x30, 0x00, 0x09, 0x00,
    0x00, 0x00, 0x6F, 0x70, 0x65, 0x72, 0x61, 0x6E, 0x64, 0x73, 0x00, 0x02,
    0x31, 0x30, 0x31, 0x00, 0x07, 0x00, 0x00, 0x00, 0x66, 0x69, 0x65, 0x6C,
    0x64, 0x73, 0x00, 0x02, 0x31, 0x30, 0x32, 0x00, 0x02, 0x00, 0x00, 0x00,
    0x28, 0x00, 0x02, 0x31, 0x30, 0x33, 0x00, 0x02, 0x00, 0x00, 0x00, 0x29,
    0x00, 0x02, 0x31, 0x30, 0x34, 0x00, 0x0C, 0x00, 0x00, 0x00, 0x6D, 0x6F,
    0x64, 0x75, 0x6C, 0x65, 0x20, 0x69, 0x6E, 0x69, 0x74, 0x00, 0x02, 0x31,
    0x30, 0x35, 0x00, 0x04, 0x00, 0x00, 0x00, 0x66, 0x6E, 0x20, 0x00, 0x02,
    0x31, 0x30, 0x36, 0x00, 0x0F, 0x00, 0x00, 0x00, 0x20, 0x28, 0x77, 0x6F,
    0x72, 0x64, 0x20, 0x6F, 0x66, 0x66, 0x73, 0x65, 0x74, 0x20, 0x00, 0x02,
    0x31, 0x30, 0x37, 0x00, 0x07, 0x00, 0x00, 0x00, 0x6F, 0x66, 0x66, 0x73,
    0x65, 0x74, 0x00, 0x02, 0x31, 0x30, 0x38, 0x00, 0x07, 0x00, 0x00, 0x00,
    0x6E, 0x77, 0x6F, 0x72, 0x64, 0x73, 0x00, 0x02, 0x31, 0x30, 0x39, 0x00,
    0x05, 0x00, 0x00, 0x00, 0x74, 0x65, 0x78, 0x74, 0x00, 0x02, 0x31, 0x31,
    0x30, 0x00, 0x04, 0x00, 0x00, 0x00, 0x20, 0x20, 0x20, 0x00, 0x02, 0x31,
    0x31, 0x31, 0x00, 0x09, 0x00, 0x00, 0x00, 0x53, 0x45, 0x43, 0x54, 0x49,
    0x4F, 0x4E, 0x20, 0x00, 0x02, 0x31, 0x31, 0x32, 0x00, 0x02, 0x00, 0x00,
    0x00, 0x0A, 0x00, 0x02, 0x31, 0x31, 0x33, 0x00, 0x0D, 0x00, 0x00, 0x00,
    0x77, 0x79, 0x72, 0x6D, 0x2F, 0x69, 0x6D, 0x61, 0x67, 0x65, 0x2E, 0x68,
    0x00, 0x02, 0x31, 0x31, 0x34, 0x00, 0x03, 0x00, 0x00, 0x00, 0x5F, 0x5F,
    0x00, 0x02, 0x31, 0x31, 0x35, 0x00, 0x0D, 0x00, 0x00, 0x00, 0x6D, 0x6F,
    0x64, 0x75, 0x6C, 0x65, 0x20, 0x6E, 0x61, 0x6D, 0x65, 0x20, 0x00, 0x02,
    0x31, 0x31, 0x36, 0x00, 0x29, 0x00, 0x00, 0x00, 0x20, 0x64, 0x6F, 0x65,
    0x73, 0x20, 0x6E, 0x6F, 0x74, 0x20, 0x65, 0x6E, 0x63, 0x6F, 0x64, 0x65,
    0x20, 0x74, 0x6F, 0x20, 0x61, 0x20, 0x76, 0x61, 0x6C, 0x69, 0x64, 0x20,
    0x43, 0x20, 0x69, 0x64, 0x65, 0x6E, 0x74, 0x69, 0x66, 0x69, 0x65, 0x72,
    0x00, 0x02, 0x31, 0x31, 0x37, 0x00, 0x13, 0x00, 0x00, 0x00, 0x2F, 0x2A,
    0x20, 0x47, 0x65, 0x6E, 0x65, 0x72, 0x61, 0x74, 0x65, 0x64, 0x20, 0x66,
    0x72, 0x6F, 0x6D, 0x20, 0x00, 0x02, 0x31, 0x31, 0x38, 0x00, 0x22, 0x00,
    0x00, 0x00, 0x20, 0x62, 0x79, 0x20, 0x77, 0x79, 0x70, 0x6F, 0x63, 0x27,
    0x73, 0x20, 0x62, 0x79, 0x74, 0x65, 0x63, 0x6F, 0x64, 0x65, 0x20, 0x63,
    0x6F, 0x6D, 0x70, 0x69, 0x6C, 0x65, 0x72, 0x2E, 0x20, 0x2A, 0x2F, 0x00,
    0x02, 0x31, 0x31, 0x39, 0x00, 0x14, 0x00, 0x00, 0x00, 0x23, 0x69, 0x6E,
    0x63, 0x6C, 0x75, 0x64, 0x65, 0x20, 0x3C, 0x73, 0x74, 0x64, 0x69, 0x6E,
    0x74, 0x2E, 0x68, 0x3E, 0x00, 0x02, 0x31, 0x32, 0x30, 0x00, 0x0A, 0x00,
    0x00, 0x00, 0x23, 0x69, 0x6E, 0x63, 0x6C, 0x75, 0x64, 0x65, 0x20, 0x00,
    0x02, 0x31, 0x32, 0x31, 0x00, 0x16, 0x00, 0x00, 0x00, 0x73, 0x74, 0x61,
    0x74, 0x69, 0x63, 0x20, 0x63, 0x6F, 0x6E, 0x73, 0x74, 0x20, 0x75, 0x69,
    0x6E, 0x74, 0x38, 0x5F, 0x74, 0x20, 0x00, 0x02, 0x31, 0x32, 0x32, 0x00,
    0x02, 0x00, 0x00, 0x00, 0x5F, 0x00, 0x02, 0x31, 0x32, 0x33, 0x00, 0x07,
    0x00, 0x00, 0x00, 0x5B, 0x5D, 0x20, 0x3D, 0x20, 0x7B, 0x00, 0x02, 0x31,
    0x32, 0x34, 0x00, 0x05, 0x00, 0x00, 0x00, 0x20, 0x20, 0x20, 0x20, 0x00,
    0x02, 0x31, 0x32, 0x35, 0x00, 0x03, 0x00, 0x00, 0x00, 0x30, 0x78, 0x00,
    0x02, 0x31, 0x32, 0x36, 0x00, 0x02, 0x00, 0x00, 0x00, 0x2C, 0x00, 0x02,
    0x31, 0x32, 0x37, 0x00, 0x03, 0x00, 0x00, 0x00, 0x7D, 0x3B, 0x00, 0x02,
    0x31, 0x32, 0x38, 0x00, 0x17, 0x00, 0x00, 0x00, 0x73, 0x74, 0x61, 0x74,
    0x69, 0x63, 0x20, 0x63, 0x6F, 0x6E, 0x73, 0x74, 0x20, 0x75, 0x69, 0x6E,
    0x74, 0x33, 0x32, 0x5F, 0x74, 0x20, 0x00, 0x02, 0x31, 0x32, 0x39, 0x00,
    0x0C, 0x00, 0x00, 0x00, 0x5F, 0x63, 0x6F, 0x64, 0x65, 0x5B, 0x5D, 0x20,
    0x3D, 0x20, 0x7B, 0x00, 0x02, 0x31, 0x33, 0x30, 0x00, 0x05, 0x00, 0x00,
    0x00, 0x20, 0x2F, 0x2A, 0x20, 0x00, 0x02, 0x31, 0x33, 0x31, 0x00, 0x03,
    0x00, 0x00, 0x00, 0x20, 0x20, 0x00, 0x02, 0x31, 0x33, 0x32, 0x00, 0x04,
    0x00, 0x00, 0x00, 0x20, 0x2A, 0x2F, 0x00, 0x02, 0x31, 0x33, 0x33, 0x00,
    0x17, 0x00, 0x00, 0x00, 0x63, 0x6F, 0x6E, 0x73, 0x74, 0x20, 0x77, 0x79,
    0x5F, 0x6D, 0x6F, 0x64, 0x75, 0x6C, 0x65, 0x5F, 0x69, 0x6D, 0x61, 0x67,
    0x65, 0x20, 0x00, 0x02, 0x31, 0x33, 0x34, 0x00, 0x0B, 0x00, 0x00, 0x00,
    0x5F, 0x69, 0x6D, 0x61, 0x67, 0x65, 0x20, 0x3D, 0x20, 0x7B, 0x00, 0x02,
    0x31, 0x33, 0x35, 0x00, 0x0D, 0x00, 0x00, 0x00, 0x20, 0x20, 0x20, 0x20,
    0x2E, 0x6E, 0x61, 0x6D, 0x65, 0x20, 0x3D, 0x20, 0x00, 0x02, 0x31, 0x33,
    0x36, 0x00, 0x12, 0x00, 0x00, 0x00, 0x20, 0x20, 0x20, 0x20, 0x2E, 0x73,
    0x65, 0x63, 0x74, 0x69, 0x6F, 0x6E, 0x73, 0x20, 0x3D, 0x20, 0x7B, 0x00,
    0x02, 0x31, 0x33, 0x37, 0x00, 0x0A, 0x00, 0x00, 0x00, 0x20, 0x20, 0x20,
    0x20, 0x20, 0x20, 0x20, 0x20, 0x5B, 0x00, 0x02, 0x31, 0x33, 0x38, 0x00,
    0x18, 0x00, 0x00, 0x00, 0x5D, 0x20, 0x3D, 0x20, 0x7B, 0x20, 0x28, 0x63,
    0x6F, 0x6E, 0x73, 0x74, 0x20, 0x75, 0x69, 0x6E, 0x74, 0x38, 0x5F, 0x74,
    0x2A, 0x29, 0x20, 0x00, 0x02, 0x31, 0x33, 0x39, 0x00, 0x0F, 0x00, 0x00,
    0x00, 0x5F, 0x63, 0x6F, 0x64, 0x65, 0x2C, 0x20, 0x73, 0x69, 0x7A, 0x65,
    0x6F, 0x66, 0x20, 0x00, 0x02, 0x31, 0x34, 0x30, 0x00, 0x09, 0x00, 0x00,
    0x00, 0x5F, 0x63, 0x6F, 0x64, 0x65, 0x20, 0x7D, 0x2C, 0x00, 0x02, 0x31,
    0x34, 0x31, 0x00, 0x07, 0x00, 0x00, 0x00, 0x5D, 0x20, 0x3D, 0x20, 0x7B,
    0x20, 0x00, 0x02, 0x31, 0x34, 0x32, 0x00, 0x0A, 0x00, 0x00, 0x00, 0x2C,
    0x20, 0x73, 0x69, 0x7A, 0x65, 0x6F, 0x66, 0x20, 0x00, 0x02, 0x31, 0x34,
    0x33, 0x00, 0x04, 0x00, 0x00, 0x00, 0x20, 0x7D, 0x2C, 0x00, 0x02, 0x31,
    0x34, 0x34, 0x00, 0x07, 0x00, 0x00, 0x00, 0x20, 0x20, 0x20, 0x20, 0x7D,
    0x2C, 0x00, 0x00,
};

static const uint8_t image_symbols[] = {
    0x32, 0x00, 0x00, 0x00, 0x02, 0x30, 0x00, 0x07, 0x00, 0x00, 0x00, 0x61,
    0x70, 0x70, 0x65, 0x6E, 0x64, 0x00, 0x02, 0x31, 0x00, 0x09, 0x00, 0x00,
    0x00, 0x70, 0x61, 0x63, 0x6B, 0x5F, 0x75, 0x33, 0x32, 0x00, 0x02, 0x32,
    0x00, 0x08, 0x00, 0x00, 0x00, 0x70, 0x61, 0x63, 0x6B, 0x5F, 0x75, 0x38,
    0x00, 0x00,
};

static const uint8_t image_functions[] = {
    0x7D, 0x0E, 0x00, 0x00, 0x03, 0x30, 0x00, 0x92, 0x00, 0x00, 0x00, 0x02,
    0x6E, 0x00, 0x0B, 0x00, 0x00, 0x00, 0x6D, 0x61, 0x6B, 0x65, 0x5F, 0x69,
    0x6D, 0x61, 0x67, 0x65, 0x00, 0x04, 0x70, 0x00, 0x63, 0x00, 0x00, 0x00,
    0x03, 0x30, 0x00, 0x11, 0x00, 0x00, 0x00, 0x02, 0x6E, 0x00, 0x05, 0x00,
    0x00, 0x00, 0x6E, 0x61, 0x6D, 0x65, 0x00, 0x00, 0x03, 0x31, 0x00, 0x14,
    0x00, 0x00, 0x00, 0x02, 0x6E, 0x00, 0x08, 0x00, 0x00, 0x00, 0x76, 0x65,
    0x72, 0x73, 0x69, 0x6F, 0x6E, 0x00, 0x00, 0x03, 0x32, 0x00, 0x1A, 0x00,
    0x00, 0x00, 0x02, 0x6E, 0x00, 0x0E, 0x00, 0x00, 0x00, 0x67, 0x6C, 0x6F,
    0x62, 0x61, 0x6C, 0x73, 0x5F, 0x63, 0x6F, 0x75, 0x6E, 0x74, 0x00, 0x00,
    0x03, 0x33, 0x00, 0x13, 0x00, 0x00, 0x00, 0x02, 0x6E, 0x00, 0x07, 0x00,
    0x00, 0x00, 0x69, 0x6E, 0x69, 0x74, 0x5F, 0x6C, 0x00, 0x00, 0x00, 0x10,
    0x6C, 0x00, 0x1B, 0x00, 0x00, 0x00, 0x10, 0x63, 0x00, 0xD8, 0x00, 0x00,
    0x00, 0x10, 0x66, 0x00, 0x00, 0x00, 0x00, 0x00, 0x00, 0x03, 0x31, 0x00,
    0x66, 0x00, 0x00, 0x00, 0x02, 0x6E, 0x00, 0x0B, 0x00, 0x00, 0x00, 0x6D,
    0x61, 0x6B, 0x65, 0x5F, 0x70, 0x61, 0x72, 0x61, 0x6D, 0x00, 0x04, 0x70,
    0x00, 0x37, 0x00, 0x00, 0x00, 0x03, 0x30, 0x00, 0x11, 0x00, 0x00, 0x00,
    0x02, 0x6E, 0x00, 0x05, 0x00, 0x00, 0x00, 0x6E, 0x61, 0x6D, 0x65, 0x00,
    0x00, 0x03, 0x31, 0x00, 0x1B, 0x00, 0x00, 0x00, 0x02, 0x6E, 0x00, 0x08,
    0x00, 0x00, 0x00, 0x64, 0x65, 0x66, 0x61, 0x75, 0x6C, 0x74, 0x00, 0x10,
    0x64, 0x00, 0x1C, 0x00, 0x00, 0x00, 0x00, 0x00, 0x10, 0x6C, 0x00, 0x05,
    0x00, 0x00, 0x00, 0x10, 0x63, 0x00, 0xF6, 0x00, 0x00, 0x00, 0x10, 0x66,
    0x00, 0x00, 0x00, 0x00, 0x00, 0x00, 0x03, 0x32, 0x00, 0x22, 0x01, 0x00,
    0x00, 0x02, 0x6E, 0x00, 0x0E, 0x00, 0x00, 0x00, 0x6D, 0x61, 0x6B, 0x65,
    0x5F, 0x66, 0x75, 0x6E, 0x63, 0x74, 0x69, 0x6F, 0x6E, 0x00, 0x04, 0x70,
    0x00, 0xF0, 0x00, 0x00, 0x00, 0x03, 0x30, 0x00, 0x11, 0x00, 0x00, 0x00,
    0x02, 0x6E, 0x00, 0x05, 0x00, 0x00, 0x00, 0x6E, 0x61, 0x6D, 0x65, 0x00,
    0x00, 0x03, 0x31, 0x00, 0x1A, 0x00, 0x00, 0x00, 0x02, 0x6E, 0x00, 0x07,
    0x00, 0x00, 0x00, 0x70, 0x61, 0x72, 0x61, 0x6D, 0x73, 0x00, 0x10, 0x64,
    0x00, 0x1C, 0x00, 0x00, 0x00, 0x00, 0x03, 0x32, 0x00, 0x1B, 0x00, 0x00,
    0x00, 0x02, 0x6E, 0x00, 0x08, 0x00, 0x00, 0x00, 0x6E, 0x6C, 0x6F, 0x63,
    0x61, 0x6C, 0x73, 0x00, 0x10, 0x64, 0x00, 0x1E, 0x00, 0x00, 0x00, 0x00,
    0x03, 0x33, 0x00, 0x1F, 0x00, 0x00, 0x00, 0x02, 0x6E, 0x00, 0x0C, 0x00,
    0x00, 0x00, 0x63, 0x6F, 0x64, 0x65, 0x5F, 0x6F, 0x66, 0x66, 0x73, 0x65,
    0x74, 0x00, 0x10, 0x64, 0x00, 0x1E, 0x00, 0x00, 0x00, 0x00, 0x03, 0x34,
    0x00, 0x19, 0x00, 0x00, 0x00, 0x02, 0x6E, 0x00, 0x06, 0x00, 0x00, 0x00,
    0x66, 0x6C, 0x61, 0x67, 0x73, 0x00, 0x10, 0x64, 0x00, 0x1E, 0x00, 0x00,
    0x00, 0x00, 0x03, 0x35, 0x00, 0x1C, 0x00, 0x00, 0x00, 0x02, 0x6E, 0x00,
    0x09, 0x00, 0x00, 0x00, 0x64, 0x69, 0x73, 0x70, 0x61, 0x74, 0x63, 0x68,
    0x00, 0x10, 0x64, 0x00, 0x1C, 0x00, 0x00, 0x00, 0x00, 0x03, 0x36, 0x00,
    0x1D, 0x00, 0x00, 0x00, 0x02, 0x6E, 0x00, 0x0A, 0x00, 0x00, 0x00, 0x6E,
    0x63, 0x61, 0x70, 0x74, 0x75, 0x72, 0x65, 0x73, 0x00, 0x10, 0x64, 0x00,
    0x1C, 0x00, 0x00, 0x00, 0x00, 0x03, 0x37, 0x00, 0x1C, 0x00, 0x00, 0x00,
    0x02, 0x6E, 0x00, 0x09, 0x00, 0x00, 0x00, 0x6E, 0x72, 0x65, 0x73, 0x75,
    0x6C, 0x74, 0x73, 0x00, 0x10, 0x64, 0x00, 0x1C, 0x00, 0x00, 0x00, 0x00,
    0x00, 0x10, 0x6C, 0x00, 0x12, 0x00, 0x00, 0x00, 0x10, 0x63, 0x00, 0xFD,
    0x00, 0x00, 0x00, 0x10, 0x66, 0x00, 0x00, 0x00, 0x00, 0x00, 0x00, 0x03,
    0x33, 0x00, 0x4A, 0x00, 0x00, 0x00, 0x02, 0x6E, 0x00, 0x0C, 0x00, 0x00,
    0x00, 0x5F, 0x68, 0x65, 0x61, 0x64, 0x65, 0x72, 0x5F, 0x64, 0x6F, 0x63,
    0x00, 0x04, 0x70, 0x00, 0x1A, 0x00, 0x00, 0x00, 0x03, 0x30, 0x00, 0x12,
    0x00, 0x00, 0x00, 0x02, 0x6E, 0x00, 0x06, 0x00, 0x00, 0x00, 0x69, 0x6D,
    0x61, 0x67, 0x65, 0x00, 0x00, 0x00, 0x10, 0x6C, 0x00, 0x0E, 0x00, 0x00,
    0x00, 0x10, 0x63, 0x00, 0x19, 0x01, 0x00, 0x00, 0x10, 0x66, 0x00, 0x00,
    0x00, 0x00, 0x00, 0x00, 0x03, 0x34, 0x00, 0x4B, 0x00, 0x00, 0x00, 0x02,
    0x6E, 0x00, 0x0E, 0x00, 0x00, 0x00, 0x5F, 0x66, 0x75, 0x6E, 0x63, 0x74,
    0x69, 0x6F, 0x6E, 0x5F, 0x64, 0x6F, 0x63, 0x00, 0x04, 0x70, 0x00, 0x19,
    0x00, 0x00, 0x00, 0x03, 0x30, 0x00, 0x11, 0x00, 0x00, 0x00, 0x02, 0x6E,
    0x00, 0x05, 0x00, 0x00, 0x00, 0x66, 0x75, 0x6E, 0x63, 0x00, 0x00, 0x00,
    0x10, 0x6C, 0x00, 0x0C, 0x00, 0x00, 0x00, 0x10, 0x63, 0x00, 0x51, 0x01,
    0x00, 0x00, 0x10, 0x66, 0x00, 0x00, 0x00, 0x00, 0x00, 0x00, 0x03, 0x35,
    0x00, 0x4D, 0x00, 0x00, 0x00, 0x02, 0x6E, 0x00, 0x0F, 0x00, 0x00, 0x00,
    0x5F, 0x66, 0x75, 0x6E, 0x63, 0x74, 0x69, 0x6F, 0x6E, 0x5F, 0x64, 0x6F,
    0x63, 0x73, 0x00, 0x04, 0x70, 0x00, 0x1A, 0x00, 0x00, 0x00, 0x03, 0x30,
    0x00, 0x12, 0x00, 0x00, 0x00, 0x02, 0x6E, 0x00, 0x06, 0x00, 0x00, 0x00,
    0x69, 0x6D, 0x61, 0x67, 0x65, 0x00, 0x00, 0x00, 0x10, 0x6C, 0x00, 0x08,
    0x00, 0x00, 0x00, 0x10, 0x63, 0x00, 0xD7, 0x01, 0x00, 0x00, 0x10, 0x66,
    0x00, 0x00, 0x00, 0x00, 0x00, 0x00, 0x03, 0x36, 0x00, 0x45, 0x00, 0x00,
    0x00, 0x02, 0x6E, 0x00, 0x0A, 0x00, 0x00, 0x00, 0x5F, 0x73, 0x6C, 0x6F,
    0x74, 0x5F, 0x64, 0x6F, 0x63, 0x00, 0x04, 0x70, 0x00, 0x17, 0x00, 0x00,
    0x00, 0x03, 0x30, 0x00, 0x0F, 0x00, 0x00, 0x00, 0x02, 0x6E, 0x00, 0x03,
    0x00, 0x00, 0x00, 0x73, 0x6C, 0x00, 0x00, 0x00, 0x10, 0x6C, 0x00, 0x06,
    0x00, 0x00, 0x00, 0x10, 0x63, 0x00, 0xE9, 0x01, 0x00, 0x00, 0x10, 0x66,
    0x00, 0x00, 0x00, 0x00, 0x00, 0x00, 0x03, 0x37, 0x00, 0x47, 0x00, 0x00,
    0x00, 0x02, 0x6E, 0x00, 0x0B, 0x00, 0x00, 0x00, 0x5F, 0x63, 0x6C, 0x61,
    0x73, 0x73, 0x5F, 0x64, 0x6F, 0x63, 0x00, 0x04, 0x70, 0x00, 0x18, 0x00,
    0x00, 0x00, 0x03, 0x30, 0x00, 0x10, 0x00, 0x00, 0x00, 0x02, 0x6E, 0x00,
    0x04, 0x00, 0x00, 0x00, 0x63, 0x6C, 0x73, 0x00, 0x00, 0x00, 0x10, 0x6C,
    0x00, 0x10, 0x00, 0x00, 0x00, 0x10, 0x63, 0x00, 0x1C, 0x02, 0x00, 0x00,
    0x10, 0x66, 0x00, 0x00, 0x00, 0x00, 0x00, 0x00, 0x03, 0x38, 0x00, 0x4A,
    0x00, 0x00, 0x00, 0x02, 0x6E, 0x00, 0x0C, 0x00, 0x00, 0x00, 0x5F, 0x63,
    0x6C, 0x61, 0x73, 0x73, 0x5F, 0x64, 0x6F, 0x63, 0x73, 0x00, 0x04, 0x70,
    0x00, 0x1A, 0x00, 0x00, 0x00, 0x03, 0x30, 0x00, 0x12, 0x00, 0x00, 0x00,
    0x02, 0x6E, 0x00, 0x06, 0x00, 0x00, 0x00, 0x69, 0x6D, 0x61, 0x67, 0x65,
    0x00, 0x00, 0x00, 0x10, 0x6C, 0x00, 0x08, 0x00, 0x00, 0x00, 0x10, 0x63,
    0x00, 0x92, 0x02, 0x00, 0x00, 0x10, 0x66, 0x00, 0x00, 0x00, 0x00, 0x00,
    0x00, 0x03, 0x39, 0x00, 0x4C, 0x00, 0x00, 0x00, 0x02, 0x6E, 0x00, 0x0E,
    0x00, 0x00, 0x00, 0x5F, 0x6D, 0x65, 0x73, 0x73, 0x61, 0x67, 0x65, 0x5F,
    0x64, 0x6F, 0x63, 0x73, 0x00, 0x04, 0x70, 0x00, 0x1A, 0x00, 0x00, 0x00,
    0x03, 0x30, 0x00, 0x12, 0x00, 0x00, 0x00, 0x02, 0x6E, 0x00, 0x06, 0x00,
    0x00, 0x00, 0x69, 0x6D, 0x61, 0x67, 0x65, 0x00, 0x00, 0x00, 0x10, 0x6C,
    0x00, 0x09, 0x00, 0x00, 0x00, 0x10, 0x63, 0x00, 0xA4, 0x02, 0x00, 0x00,
    0x10, 0x66, 0x00, 0x00, 0x00, 0x00, 0x00, 0x00, 0x03, 0x31, 0x30, 0x00,
    0x49, 0x00, 0x00, 0x00, 0x02, 0x6E, 0x00, 0x0B, 0x00, 0x00, 0x00, 0x63,
    0x6F, 0x64, 0x65, 0x5F, 0x62, 0x79, 0x74, 0x65, 0x73, 0x00, 0x04, 0x70,
    0x00, 0x1A, 0x00, 0x00, 0x00, 0x03, 0x30, 0x00, 0x12, 0x00, 0x00, 0x00,
    0x02, 0x6E, 0x00, 0x06, 0x00, 0x00, 0x00, 0x69, 0x6D, 0x61, 0x67, 0x65,
    0x00, 0x00, 0x00, 0x10, 0x6C, 0x00, 0x09, 0x00, 0x00, 0x00, 0x10, 0x63,
    0x00, 0xBA, 0x02, 0x00, 0x00, 0x10, 0x66, 0x00, 0x00, 0x00, 0x00, 0x00,
    0x00, 0x03, 0x31, 0x31, 0x00, 0x47, 0x00, 0x00, 0x00, 0x02, 0x6E, 0x00,
    0x09, 0x00, 0x00, 0x00, 0x73, 0x65, 0x63, 0x74, 0x69, 0x6F, 0x6E, 0x73,
    0x00, 0x04, 0x70, 0x00, 0x1A, 0x00, 0x00, 0x00, 0x03, 0x30, 0x00, 0x12,
    0x00, 0x00, 0x00, 0x02, 0x6E, 0x00, 0x06, 0x00, 0x00, 0x00, 0x69, 0x6D,
    0x61, 0x67, 0x65, 0x00, 0x00, 0x00, 0x10, 0x6C, 0x00, 0x0F, 0x00, 0x00,
    0x00, 0x10, 0x63, 0x00, 0xD6, 0x02, 0x00, 0x00, 0x10, 0x66, 0x00, 0x00,
    0x00, 0x00, 0x00, 0x00, 0x03, 0x31, 0x32, 0x00, 0x45, 0x00, 0x00, 0x00,
    0x02, 0x6E, 0x00, 0x07, 0x00, 0x00, 0x00, 0x74, 0x6F, 0x5F, 0x77, 0x79,
    0x63, 0x00, 0x04, 0x70, 0x00, 0x1A, 0x00, 0x00, 0x00, 0x03, 0x30, 0x00,
    0x12, 0x00, 0x00, 0x00, 0x02, 0x6E, 0x00, 0x06, 0x00, 0x00, 0x00, 0x69,
    0x6D, 0x61, 0x67, 0x65, 0x00, 0x00, 0x00, 0x10, 0x6C, 0x00, 0x1A, 0x00,
    0x00, 0x00, 0x10, 0x63, 0x00, 0xBA, 0x03, 0x00, 0x00, 0x10, 0x66, 0x00,
    0x00, 0x00, 0x00, 0x00, 0x00, 0x03, 0x31, 0x33, 0x00, 0x57, 0x00, 0x00,
    0x00, 0x02, 0x6E, 0x00, 0x06, 0x00, 0x00, 0x00, 0x5F, 0x6A, 0x6F, 0x69,
    0x6E, 0x00, 0x04, 0x70, 0x00, 0x2D, 0x00, 0x00, 0x00, 0x03, 0x30, 0x00,
    0x12, 0x00, 0x00, 0x00, 0x02, 0x6E, 0x00, 0x06, 0x00, 0x00, 0x00, 0x70,
    0x61, 0x72, 0x74, 0x73, 0x00, 0x00, 0x03, 0x31, 0x00, 0x10, 0x00, 0x00,
    0x00, 0x02, 0x6E, 0x00, 0x04, 0x00, 0x00, 0x00, 0x73, 0x65, 0x70, 0x00,
    0x00, 0x00, 0x10, 0x6C, 0x00, 0x0C, 0x00, 0x00, 0x00, 0x10, 0x63, 0x00,
    0x89, 0x04, 0x00, 0x00, 0x10, 0x66, 0x00, 0x00, 0x00, 0x00, 0x00, 0x00,
    0x03, 0x31, 0x34, 0x00, 0x5A, 0x00, 0x00, 0x00, 0x02, 0x6E, 0x00, 0x08,
    0x00, 0x00, 0x00, 0x5F, 0x70, 0x61, 0x64, 0x5F, 0x74, 0x6F, 0x00, 0x04,
    0x70, 0x00, 0x2E, 0x00, 0x00, 0x00, 0x03, 0x30, 0x00, 0x11, 0x00, 0x00,
    0x00, 0x02, 0x6E, 0x00, 0x05, 0x00, 0x00, 0x00, 0x74, 0x65, 0x78, 0x74,
    0x00, 0x00, 0x03, 0x31, 0x00, 0x12, 0x00, 0x00, 0x00, 0x02, 0x6E, 0x00,
    0x06, 0x00, 0x00, 0x00, 0x77, 0x69, 0x64, 0x74, 0x68, 0x00, 0x00, 0x00,
    0x10, 0x6C, 0x00, 0x02, 0x00, 0x00, 0x00, 0x10, 0x63, 0x00, 0xCD, 0x04,
    0x00, 0x00, 0x10, 0x66, 0x00, 0x00, 0x00, 0x00, 0x00, 0x00, 0x03, 0x31,
    0x35, 0x00, 0x44, 0x00, 0x00, 0x00, 0x02, 0x6E, 0x00, 0x06, 0x00, 0x00,
    0x00, 0x5F, 0x68, 0x65, 0x78, 0x34, 0x00, 0x04, 0x70, 0x00, 0x1A, 0x00,
    0x00, 0x00, 0x03, 0x30, 0x00, 0x12, 0x00, 0x00, 0x00, 0x02, 0x6E, 0x00,
    0x06, 0x00, 0x00, 0x00, 0x76, 0x61, 0x6C, 0x75, 0x65, 0x00, 0x00, 0x00,
    0x10, 0x6C, 0x00, 0x03, 0x00, 0x00, 0x00, 0x10, 0x63, 0x00, 0xDA, 0x04,
    0x00, 0x00, 0x10, 0x66, 0x00, 0x00, 0x00, 0x00, 0x00, 0x00, 0x03, 0x31,
    0x36, 0x00, 0x44, 0x00, 0x00, 0x00, 0x02, 0x6E, 0x00, 0x06, 0x00, 0x00,
    0x00, 0x5F, 0x68, 0x65, 0x78, 0x38, 0x00, 0x04, 0x70, 0x00, 0x1A, 0x00,
    0x00, 0x00, 0x03, 0x30, 0x00, 0x12, 0x00, 0x00, 0x00, 0x02, 0x6E, 0x00,
    0x06, 0x00, 0x00, 0x00, 0x76, 0x61, 0x6C, 0x75, 0x65, 0x00, 0x00, 0x00,
    0x10, 0x6C, 0x00, 0x03, 0x00, 0x00, 0x00, 0x10, 0x63, 0x00, 0xE0, 0x04,
    0x00, 0x00, 0x10, 0x66, 0x00, 0x00, 0x00, 0x00, 0x00, 0x00, 0x03, 0x31,
    0x37, 0x00, 0x5E, 0x00, 0x00, 0x00, 0x02, 0x6E, 0x00, 0x0D, 0x00, 0x00,
    0x00, 0x5F, 0x65, 0x6C, 0x65, 0x6D, 0x65, 0x6E, 0x74, 0x5F, 0x6C, 0x65,
    0x6E, 0x00, 0x04, 0x70, 0x00, 0x2D, 0x00, 0x00, 0x00, 0x03, 0x30, 0x00,
    0x10, 0x00, 0x00, 0x00, 0x02, 0x6E, 0x00, 0x04, 0x00, 0x00, 0x00, 0x6B,
    0x65, 0x79, 0x00, 0x00, 0x03, 0x31, 0x00, 0x12, 0x00, 0x00, 0x00, 0x02,
    0x6E, 0x00, 0x06, 0x00, 0x00, 0x00, 0x76, 0x61, 0x6C, 0x75, 0x65, 0x00,
    0x00, 0x00, 0x10, 0x6C, 0x00, 0x05, 0x00, 0x00, 0x00, 0x10, 0x63, 0x00,
    0xE6, 0x04, 0x00, 0x00, 0x10, 0x66, 0x00, 0x00, 0x00, 0x00, 0x00, 0x00,
    0x03, 0x31, 0x38, 0x00, 0x4B, 0x00, 0x00, 0x00, 0x02, 0x6E, 0x00, 0x0D,
    0x00, 0x00, 0x00, 0x5F, 0x73, 0x74, 0x61, 0x74, 0x69, 0x63, 0x5F, 0x6B,
    0x69, 0x6E, 0x64, 0x00, 0x04, 0x70, 0x00, 0x1A, 0x00, 0x00, 0x00, 0x03,
    0x30, 0x00, 0x12, 0x00, 0x00, 0x00, 0x02, 0x6E, 0x00, 0x06, 0x00, 0x00,
    0x00, 0x76, 0x61, 0x6C, 0x75, 0x65, 0x00, 0x00, 0x00, 0x10, 0x6C, 0x00,
    0x02, 0x00, 0x00, 0x00, 0x10, 0x63, 0x00, 0xFD, 0x04, 0x00, 0x00, 0x10,
    0x66, 0x00, 0x00, 0x00, 0x00, 0x00, 0x00, 0x03, 0x31, 0x39, 0x00, 0x4A,
    0x00, 0x00, 0x00, 0x02, 0x6E, 0x00, 0x0C, 0x00, 0x00, 0x00, 0x5F, 0x65,
    0x73, 0x63, 0x61, 0x70, 0x65, 0x5F, 0x73, 0x74, 0x72, 0x00, 0x04, 0x70,
    0x00, 0x1A, 0x00, 0x00, 0x00, 0x03, 0x30, 0x00, 0x12, 0x00, 0x00, 0x00,
    0x02, 0x6E, 0x00, 0x06, 0x00, 0x00, 0x00, 0x76, 0x61, 0x6C, 0x75, 0x65,
    0x00, 0x00, 0x00, 0x10, 0x6C, 0x00, 0x08, 0x00, 0x00, 0x00, 0x10, 0x63,
    0x00, 0x1D, 0x05, 0x00, 0x00, 0x10, 0x66, 0x00, 0x00, 0x00, 0x00, 0x00,
    0x00, 0x03, 0x32, 0x30, 0x00, 0x4B, 0x00, 0x00, 0x00, 0x02, 0x6E, 0x00,
    0x0D, 0x00, 0x00, 0x00, 0x5F, 0x73, 0x74, 0x61, 0x74, 0x69, 0x63, 0x5F,
    0x72, 0x65, 0x70, 0x72, 0x00, 0x04, 0x70, 0x00, 0x1A, 0x00, 0x00, 0x00,
    0x03, 0x30, 0x00, 0x12, 0x00, 0x00, 0x00, 0x02, 0x6E, 0x00, 0x06, 0x00,
    0x00, 0x00, 0x76, 0x61, 0x6C, 0x75, 0x65, 0x00, 0x00, 0x00, 0x10, 0x6C,
    0x00, 0x04, 0x00, 0x00, 0x00, 0x10, 0x63, 0x00, 0x80, 0x05, 0x00, 0x00,
    0x10, 0x66, 0x00, 0x00, 0x00, 0x00, 0x00, 0x00, 0x03, 0x32, 0x31, 0x00,
    0x4E, 0x00, 0x00, 0x00, 0x02, 0x6E, 0x00, 0x10, 0x00, 0x00, 0x00, 0x5F,
    0x64, 0x6F, 0x63, 0x5F, 0x76, 0x61, 0x6C, 0x75, 0x65, 0x5F, 0x72, 0x65,
    0x70, 0x72, 0x00, 0x04, 0x70, 0x00, 0x1A, 0x00, 0x00, 0x00, 0x03, 0x30,
    0x00, 0x12, 0x00, 0x00, 0x00, 0x02, 0x6E, 0x00, 0x06, 0x00, 0x00, 0x00,
    0x76, 0x61, 0x6C, 0x75, 0x65, 0x00, 0x00, 0x00, 0x10, 0x6C, 0x00, 0x07,
    0x00, 0x00, 0x00, 0x10, 0x63, 0x00, 0xBE, 0x05, 0x00, 0x00, 0x10, 0x66,
    0x00, 0x00, 0x00, 0x00, 0x00, 0x00, 0x03, 0x32, 0x32, 0x00, 0x5C, 0x00,
    0x00, 0x00, 0x02, 0x6E, 0x00, 0x0F, 0x00, 0x00, 0x00, 0x5F, 0x66, 0x75,
    0x6E, 0x63, 0x74, 0x69, 0x6F, 0x6E, 0x5F, 0x6E, 0x6F, 0x74, 0x65, 0x00,
    0x04, 0x70, 0x00, 0x29, 0x00, 0x00, 0x00, 0x03, 0x30, 0x00, 0x0E, 0x00,
    0x00, 0x00, 0x02, 0x6E, 0x00, 0x02, 0x00, 0x00, 0x00, 0x69, 0x00, 0x00,
    0x03, 0x31, 0x00, 0x10, 0x00, 0x00, 0x00, 0x02, 0x6E, 0x00, 0x04, 0x00,
    0x00, 0x00, 0x64, 0x6F, 0x63, 0x00, 0x00, 0x00, 0x10, 0x6C, 0x00, 0x1B,
    0x00, 0x00, 0x00, 0x10, 0x63, 0x00, 0xE1, 0x05, 0x00, 0x00, 0x10, 0x66,
    0x00, 0x00, 0x00, 0x00, 0x00, 0x00, 0x03, 0x32, 0x33, 0x00, 0x5B, 0x00,
    0x00, 0x00, 0x02, 0x6E, 0x00, 0x0E, 0x00, 0x00, 0x00, 0x5F, 0x6D, 0x65,
    0x73, 0x73, 0x61, 0x67, 0x65, 0x5F, 0x6E, 0x6F, 0x74, 0x65, 0x00, 0x04,
    0x70, 0x00, 0x29, 0x00, 0x00, 0x00, 0x03, 0x30, 0x00, 0x0E, 0x00, 0x00,
    0x00, 0x02, 0x6E, 0x00, 0x02, 0x00, 0x00, 0x00, 0x69, 0x00, 0x00, 0x03,
    0x31, 0x00, 0x10, 0x00, 0x00, 0x00, 0x02, 0x6E, 0x00, 0x04, 0x00, 0x00,
    0x00, 0x64, 0x6F, 0x63, 0x00, 0x00, 0x00, 0x10, 0x6C, 0x00, 0x08, 0x00,
    0x00, 0x00, 0x10, 0x63, 0x00, 0x30, 0x06, 0x00, 0x00, 0x10, 0x66, 0x00,
    0x00, 0x00, 0x00, 0x00, 0x00, 0x03, 0x32, 0x34, 0x00, 0x83, 0x00, 0x00,
    0x00, 0x02, 0x6E, 0x00, 0x0C, 0x00, 0x00, 0x00, 0x5F, 0x61, 0x72, 0x72,
    0x61, 0x79, 0x5F, 0x6E, 0x6F, 0x74, 0x65, 0x00, 0x04, 0x70, 0x00, 0x53,
    0x00, 0x00, 0x00, 0x03, 0x30, 0x00, 0x11, 0x00, 0x00, 0x00, 0x02, 0x6E,
    0x00, 0x05, 0x00, 0x00, 0x00, 0x6B, 0x69, 0x6E, 0x64, 0x00, 0x00, 0x03,
    0x31, 0x00, 0x0E, 0x00, 0x00, 0x00, 0x02, 0x6E, 0x00, 0x02, 0x00, 0x00,
    0x00, 0x69, 0x00, 0x00, 0x03, 0x32, 0x00, 0x11, 0x00, 0x00, 0x00, 0x02,
    0x6E, 0x00, 0x05, 0x00, 0x00, 0x00, 0x69, 0x74, 0x65, 0x6D, 0x00, 0x00,
    0x03, 0x33, 0x00, 0x12, 0x00, 0x00, 0x00, 0x02, 0x6E, 0x00, 0x06, 0x00,
    0x00, 0x00, 0x69, 0x6D, 0x61, 0x67, 0x65, 0x00, 0x00, 0x00, 0x10, 0x6C,
    0x00, 0x0C, 0x00, 0x00, 0x00, 0x10, 0x63, 0x00, 0x45, 0x06, 0x00, 0x00,
    0x10, 0x66, 0x00, 0x00, 0x00, 0x00, 0x00, 0x00, 0x03, 0x32, 0x35, 0x00,
    0x7A, 0x00, 0x00, 0x00, 0x02, 0x6E, 0x00, 0x13, 0x00, 0x00, 0x00, 0x5F,
    0x61, 0x72, 0x72, 0x61, 0x79, 0x5F, 0x61, 0x6E, 0x6E, 0x6F, 0x74, 0x61,
    0x74, 0x69, 0x6F, 0x6E, 0x73, 0x00, 0x04, 0x70, 0x00, 0x43, 0x00, 0x00,
    0x00, 0x03, 0x30, 0x00, 0x12, 0x00, 0x00, 0x00, 0x02, 0x6E, 0x00, 0x06,
    0x00, 0x00, 0x00, 0x69, 0x74, 0x65, 0x6D, 0x73, 0x00, 0x00, 0x03, 0x31,
    0x00, 0x11, 0x00, 0x00, 0x00, 0x02, 0x6E, 0x00, 0x05, 0x00, 0x00, 0x00,
    0x6B, 0x69, 0x6E, 0x64, 0x00, 0x00, 0x03, 0x32, 0x00, 0x12, 0x00, 0x00,
    0x00, 0x02, 0x6E, 0x00, 0x06, 0x00, 0x00, 0x00, 0x69, 0x6D, 0x61, 0x67,
    0x65, 0x00, 0x00, 0x00, 0x10, 0x6C, 0x00, 0x0C, 0x00, 0x00, 0x00, 0x10,
    0x63, 0x00, 0xAD, 0x06, 0x00, 0x00, 0x10, 0x66, 0x00, 0x00, 0x00, 0x00,
    0x00, 0x00, 0x03, 0x32, 0x36, 0x00, 0x57, 0x00, 0x00, 0x00, 0x02, 0x6E,
    0x00, 0x16, 0x00, 0x00, 0x00, 0x5F, 0x64, 0x6F, 0x63, 0x75, 0x6D, 0x65,
    0x6E, 0x74, 0x5F, 0x61, 0x6E, 0x6E, 0x6F, 0x74, 0x61, 0x74, 0x69, 0x6F,
    0x6E, 0x73, 0x00, 0x04, 0x70, 0x00, 0x1D, 0x00, 0x00, 0x00, 0x03, 0x30,
    0x00, 0x15, 0x00, 0x00, 0x00, 0x02, 0x6E, 0x00, 0x09, 0x00, 0x00, 0x00,
    0x64, 0x6F, 0x63, 0x75, 0x6D, 0x65, 0x6E, 0x74, 0x00, 0x00, 0x00, 0x10,
    0x6C, 0x00, 0x0A, 0x00, 0x00, 0x00, 0x10, 0x63, 0x00, 0xDA, 0x06, 0x00,
    0x00, 0x10, 0x66, 0x00, 0x00, 0x00, 0x00, 0x00, 0x00, 0x03, 0x32, 0x37,
    0x00, 0x67, 0x00, 0x00, 0x00, 0x02, 0x6E, 0x00, 0x15, 0x00, 0x00, 0x00,
    0x5F, 0x73, 0x65, 0x63, 0x74, 0x69, 0x6F, 0x6E, 0x5F, 0x61, 0x6E, 0x6E,
    0x6F, 0x74, 0x61, 0x74, 0x69, 0x6F, 0x6E, 0x73, 0x00, 0x04, 0x70, 0x00,
    0x2E, 0x00, 0x00, 0x00, 0x03, 0x30, 0x00, 0x12, 0x00, 0x00, 0x00, 0x02,
    0x6E, 0x00, 0x06, 0x00, 0x00, 0x00, 0x69, 0x6D, 0x61, 0x67, 0x65, 0x00,
    0x00, 0x03, 0x31, 0x00, 0x11, 0x00, 0x00, 0x00, 0x02, 0x6E, 0x00, 0x05,
    0x00, 0x00, 0x00, 0x6E, 0x61, 0x6D, 0x65, 0x00, 0x00, 0x00, 0x10, 0x6C,
    0x00, 0x04, 0x00, 0x00, 0x00, 0x10, 0x63, 0x00, 0x03, 0x07, 0x00, 0x00,
    0x10, 0x66, 0x00, 0x00, 0x00, 0x00, 0x00, 0x00, 0x03, 0x32, 0x38, 0x00,
    0x68, 0x00, 0x00, 0x00, 0x02, 0x6E, 0x00, 0x0D, 0x00, 0x00, 0x00, 0x5F,
    0x68, 0x65, 0x78, 0x5F, 0x6C, 0x69, 0x73, 0x74, 0x69, 0x6E, 0x67, 0x00,
    0x04, 0x70, 0x00, 0x37, 0x00, 0x00, 0x00, 0x03, 0x30, 0x00, 0x14, 0x00,
    0x00, 0x00, 0x02, 0x6E, 0x00, 0x08, 0x00, 0x00, 0x00, 0x70, 0x61, 0x79,
    0x6C, 0x6F, 0x61, 0x64, 0x00, 0x00, 0x03, 0x31, 0x00, 0x18, 0x00, 0x00,
    0x00, 0x02, 0x6E, 0x00, 0x0C, 0x00, 0x00, 0x00, 0x61, 0x6E, 0x6E, 0x6F,
    0x74, 0x61, 0x74, 0x69, 0x6F, 0x6E, 0x73, 0x00, 0x00, 0x00, 0x10, 0x6C,
    0x00, 0x0D, 0x00, 0x00, 0x00, 0x10, 0x63, 0x00, 0x7C, 0x07, 0x00, 0x00,
    0x10, 0x66, 0x00, 0x00, 0x00, 0x00, 0x00, 0x00, 0x03, 0x32, 0x39, 0x00,
    0x4C, 0x00, 0x00, 0x00, 0x02, 0x6E, 0x00, 0x0E, 0x00, 0x00, 0x00, 0x5F,
    0x67, 0x6C, 0x6F, 0x62, 0x61, 0x6C, 0x5F, 0x6E, 0x61, 0x6D, 0x65, 0x73,
    0x00, 0x04, 0x70, 0x00, 0x1A, 0x00, 0x00, 0x00, 0x03, 0x30, 0x00, 0x12,
    0x00, 0x00, 0x00, 0x02, 0x6E, 0x00, 0x06, 0x00, 0x00, 0x00, 0x69, 0x6D,
    0x61, 0x67, 0x65, 0x00, 0x00, 0x00, 0x10, 0x6C, 0x00, 0x0A, 0x00, 0x00,
    0x00, 0x10, 0x63, 0x00, 0xE0, 0x07, 0x00, 0x00, 0x10, 0x66, 0x00, 0x00,
    0x00, 0x00, 0x00, 0x00, 0x03, 0x33, 0x30, 0x00, 0x8D, 0x00, 0x00, 0x00,
    0x02, 0x6E, 0x00, 0x0A, 0x00, 0x00, 0x00, 0x5F, 0x64, 0x65, 0x73, 0x63,
    0x72, 0x69, 0x62, 0x65, 0x00, 0x04, 0x70, 0x00, 0x5F, 0x00, 0x00, 0x00,
    0x03, 0x30, 0x00, 0x12, 0x00, 0x00, 0x00, 0x02, 0x6E, 0x00, 0x06, 0x00,
    0x00, 0x00, 0x69, 0x6D, 0x61, 0x67, 0x65, 0x00, 0x00, 0x03, 0x31, 0x00,
    0x11, 0x00, 0x00, 0x00, 0x02, 0x6E, 0x00, 0x05, 0x00, 0x00, 0x00, 0x6B,
    0x69, 0x6E, 0x64, 0x00, 0x00, 0x03, 0x32, 0x00, 0x12, 0x00, 0x00, 0x00,
    0x02, 0x6E, 0x00, 0x06, 0x00, 0x00, 0x00, 0x69, 0x6E, 0x64, 0x65, 0x78,
    0x00, 0x00, 0x03, 0x33, 0x00, 0x19, 0x00, 0x00, 0x00, 0x02, 0x6E, 0x00,
    0x0D, 0x00, 0x00, 0x00, 0x67, 0x6C, 0x6F, 0x62, 0x61, 0x6C, 0x5F, 0x6E,
    0x61, 0x6D, 0x65, 0x73, 0x00, 0x00, 0x00, 0x10, 0x6C, 0x00, 0x0A, 0x00,
    0x00, 0x00, 0x10, 0x63, 0x00, 0x13, 0x08, 0x00, 0x00, 0x10, 0x66, 0x00,
    0x00, 0x00, 0x00, 0x00, 0x00, 0x03, 0x33, 0x31, 0x00, 0x77, 0x00, 0x00,
    0x00, 0x02, 0x6E, 0x00, 0x0A, 0x00, 0x00, 0x00, 0x5F, 0x61, 0x6E, 0x6E,
    0x6F, 0x74, 0x61, 0x74, 0x65, 0x00, 0x04, 0x70, 0x00, 0x49, 0x00, 0x00,
    0x00, 0x03, 0x30, 0x00, 0x10, 0x00, 0x00, 0x00, 0x02, 0x6E, 0x00, 0x04,
    0x00, 0x00, 0x00, 0x72, 0x65, 0x63, 0x00, 0x00, 0x03, 0x31, 0x00, 0x12,
    0x00, 0x00, 0x00, 0x02, 0x6E, 0x00, 0x06, 0x00, 0x00, 0x00, 0x69, 0x6D,
    0x61, 0x67, 0x65, 0x00, 0x00, 0x03, 0x32, 0x00, 0x19, 0x00, 0x00, 0x00,
    0x02, 0x6E, 0x00, 0x0D, 0x00, 0x00, 0x00, 0x67, 0x6C, 0x6F, 0x62, 0x61,
    0x6C, 0x5F, 0x6E, 0x61, 0x6D, 0x65, 0x73, 0x00, 0x00, 0x00, 0x10, 0x6C,
    0x00, 0x0F, 0x00, 0x00, 0x00, 0x10, 0x63, 0x00, 0x7B, 0x08, 0x00, 0x00,
    0x10, 0x66, 0x00, 0x00, 0x00, 0x00, 0x00, 0x00, 0x03, 0x33, 0x32, 0x00,
    0x4C, 0x00, 0x00, 0x00, 0x02, 0x6E, 0x00, 0x0E, 0x00, 0x00, 0x00, 0x5F,
    0x63, 0x6F, 0x64, 0x65, 0x5F, 0x6C, 0x69, 0x73, 0x74, 0x69, 0x6E, 0x67,
    0x00, 0x04, 0x70, 0x00, 0x1A, 0x00, 0x00, 0x00, 0x03, 0x30, 0x00, 0x12,
    0x00, 0x00, 0x00, 0x02, 0x6E, 0x00, 0x06, 0x00, 0x00, 0x00, 0x69, 0x6D,
    0x61, 0x67, 0x65, 0x00, 0x00, 0x00, 0x10, 0x6C, 0x00, 0x21, 0x00, 0x00,
    0x00, 0x10, 0x63, 0x00, 0xBC, 0x08, 0x00, 0x00, 0x10, 0x66, 0x00, 0x00,
    0x00, 0x00, 0x00, 0x00, 0x03, 0x33, 0x33, 0x00, 0x45, 0x00, 0x00, 0x00,
    0x02, 0x6E, 0x00, 0x07, 0x00, 0x00, 0x00, 0x74, 0x6F, 0x5F, 0x77, 0x79,
    0x61, 0x00, 0x04, 0x70, 0x00, 0x1A, 0x00, 0x00, 0x00, 0x03, 0x30, 0x00,
    0x12, 0x00, 0x00, 0x00, 0x02, 0x6E, 0x00, 0x06, 0x00, 0x00, 0x00, 0x69,
    0x6D, 0x61, 0x67, 0x65, 0x00, 0x00, 0x00, 0x10, 0x6C, 0x00, 0x0F, 0x00,
    0x00, 0x00, 0x10, 0x63, 0x00, 0x98, 0x09, 0x00, 0x00, 0x10, 0x66, 0x00,
    0x00, 0x00, 0x00, 0x00, 0x00, 0x03, 0x33, 0x34, 0x00, 0x4C, 0x00, 0x00,
    0x00, 0x02, 0x6E, 0x00, 0x0F, 0x00, 0x00, 0x00, 0x5F, 0x69, 0x73, 0x5F,
    0x69, 0x64, 0x65, 0x6E, 0x74, 0x69, 0x66, 0x69, 0x65, 0x72, 0x00, 0x04,
    0x70, 0x00, 0x19, 0x00, 0x00, 0x00, 0x03, 0x30, 0x00, 0x11, 0x00, 0x00,
    0x00, 0x02, 0x6E, 0x00, 0x05, 0x00, 0x00, 0x00, 0x74, 0x65, 0x78, 0x74,
    0x00, 0x00, 0x00, 0x10, 0x6C, 0x00, 0x05, 0x00, 0x00, 0x00, 0x10, 0x63,
    0x00, 0x03, 0x0A, 0x00, 0x00, 0x10, 0x66, 0x00, 0x00, 0x00, 0x00, 0x00,
    0x00, 0x03, 0x33, 0x35, 0x00, 0x7B, 0x00, 0x00, 0x00, 0x02, 0x6E, 0x00,
    0x0D, 0x00, 0x00, 0x00, 0x5F, 0x72, 0x65, 0x70, 0x6C, 0x61, 0x63, 0x65,
    0x5F, 0x61, 0x6C, 0x6C, 0x00, 0x04, 0x70, 0x00, 0x4A, 0x00, 0x00, 0x00,
    0x03, 0x30, 0x00, 0x11, 0x00, 0x00, 0x00, 0x02, 0x6E, 0x00, 0x05, 0x00,
    0x00, 0x00, 0x74, 0x65, 0x78, 0x74, 0x00, 0x00, 0x03, 0x31, 0x00, 0x13,
    0x00, 0x00, 0x00, 0x02, 0x6E, 0x00, 0x07, 0x00, 0x00, 0x00, 0x6E, 0x65,
    0x65, 0x64, 0x6C, 0x65, 0x00, 0x00, 0x03, 0x32, 0x00, 0x18, 0x00, 0x00,
    0x00, 0x02, 0x6E, 0x00, 0x0C, 0x00, 0x00, 0x00, 0x72, 0x65, 0x70, 0x6C,
    0x61, 0x63, 0x65, 0x6D, 0x65, 0x6E, 0x74, 0x00, 0x00, 0x00, 0x10, 0x6C,
    0x00, 0x0A, 0x00, 0x00, 0x00, 0x10, 0x63, 0x00, 0x53, 0x0A, 0x00, 0x00,
    0x10, 0x66, 0x00, 0x00, 0x00, 0x00, 0x00, 0x00, 0x03, 0x33, 0x36, 0x00,
    0x48, 0x00, 0x00, 0x00, 0x02, 0x6E, 0x00, 0x0B, 0x00, 0x00, 0x00, 0x5F,
    0x63, 0x5F, 0x63, 0x6F, 0x6D, 0x6D, 0x65, 0x6E, 0x74, 0x00, 0x04, 0x70,
    0x00, 0x19, 0x00, 0x00, 0x00, 0x03, 0x30, 0x00, 0x11, 0x00, 0x00, 0x00,
    0x02, 0x6E, 0x00, 0x05, 0x00, 0x00, 0x00, 0x74, 0x65, 0x78, 0x74, 0x00,
    0x00, 0x00, 0x10, 0x6C, 0x00, 0x08, 0x00, 0x00, 0x00, 0x10, 0x63, 0x00,
    0x8D, 0x0A, 0x00, 0x00, 0x10, 0x66, 0x00, 0x00, 0x00, 0x00, 0x00, 0x00,
    0x03, 0x33, 0x37, 0x00, 0x68, 0x00, 0x00, 0x00, 0x02, 0x6E, 0x00, 0x05,
    0x00, 0x00, 0x00, 0x74, 0x6F, 0x5F, 0x63, 0x00, 0x04, 0x70, 0x00, 0x3F,
    0x00, 0x00, 0x00, 0x03, 0x30, 0x00, 0x12, 0x00, 0x00, 0x00, 0x02, 0x6E,
    0x00, 0x06, 0x00, 0x00, 0x00, 0x69, 0x6D, 0x61, 0x67, 0x65, 0x00, 0x00,
    0x03, 0x31, 0x00, 0x22, 0x00, 0x00, 0x00, 0x02, 0x6E, 0x00, 0x0F, 0x00,
    0x00, 0x00, 0x68, 0x65, 0x61, 0x64, 0x65, 0x72, 0x5F, 0x69, 0x6E, 0x63,
    0x6C, 0x75, 0x64, 0x65, 0x00, 0x10, 0x64, 0x00, 0x71, 0x00, 0x00, 0x00,
    0x00, 0x00, 0x10, 0x6C, 0x00, 0x2C, 0x00, 0x00, 0x00, 0x10, 0x63, 0x00,
    0xA8, 0x0A, 0x00, 0x00, 0x10, 0x66, 0x00, 0x00, 0x00, 0x00, 0x00, 0x00,
    0x00,
};

static const uint8_t image_classes[] = {
    0x05, 0x00, 0x00, 0x00, 0x00,
};

static const uint8_t image_messages[] = {
    0x4A, 0x00, 0x00, 0x00, 0x03, 0x30, 0x00, 0x14, 0x00, 0x00, 0x00, 0x04,
    0x70, 0x00, 0x0C, 0x00, 0x00, 0x00, 0x10, 0x30, 0x00, 0x00, 0x00, 0x00,
    0x00, 0x00, 0x00, 0x03, 0x31, 0x00, 0x14, 0x00, 0x00, 0x00, 0x04, 0x70,
    0x00, 0x0C, 0x00, 0x00, 0x00, 0x10, 0x30, 0x00, 0x01, 0x00, 0x00, 0x00,
    0x00, 0x00, 0x03, 0x32, 0x00, 0x14, 0x00, 0x00, 0x00, 0x04, 0x70, 0x00,
    0x0C, 0x00, 0x00, 0x00, 0x10, 0x30, 0x00, 0x02, 0x00, 0x00, 0x00, 0x00,
    0x00, 0x00,
};

static const uint8_t image_exports[] = {
    0x64, 0x07, 0x00, 0x00, 0x10, 0x77, 0x79, 0x72, 0x6D, 0x00, 0x00, 0x00,
    0x00, 0x00, 0x10, 0x6D, 0x61, 0x6B, 0x65, 0x5F, 0x69, 0x6D, 0x61, 0x67,
    0x65, 0x00, 0x01, 0x00, 0x00, 0x00, 0x10, 0x6D, 0x61, 0x6B, 0x65, 0x5F,
    0x70, 0x61, 0x72, 0x61, 0x6D, 0x00, 0x02, 0x00, 0x00, 0x00, 0x10, 0x6D,
    0x61, 0x6B, 0x65, 0x5F, 0x66, 0x75, 0x6E, 0x63, 0x74, 0x69, 0x6F, 0x6E,
    0x00, 0x03, 0x00, 0x00, 0x00, 0x10, 0x5F, 0x68, 0x65, 0x61, 0x64, 0x65,
    0x72, 0x5F, 0x64, 0x6F, 0x63, 0x00, 0x04, 0x00, 0x00, 0x00, 0x10, 0x5F,
    0x66, 0x75, 0x6E, 0x63, 0x74, 0x69, 0x6F, 0x6E, 0x5F, 0x64, 0x6F, 0x63,
    0x00, 0x05, 0x00, 0x00, 0x00, 0x10, 0x5F, 0x66, 0x75, 0x6E, 0x63, 0x74,
    0x69, 0x6F, 0x6E, 0x5F, 0x64, 0x6F, 0x63, 0x73, 0x00, 0x06, 0x00, 0x00,
    0x00, 0x10, 0x5F, 0x73, 0x6C, 0x6F, 0x74, 0x5F, 0x64, 0x6F, 0x63, 0x00,
    0x07, 0x00, 0x00, 0x00, 0x10, 0x5F, 0x63, 0x6C, 0x61, 0x73, 0x73, 0x5F,
    0x64, 0x6F, 0x63, 0x00, 0x08, 0x00, 0x00, 0x00, 0x10, 0x5F, 0x63, 0x6C,
    0x61, 0x73, 0x73, 0x5F, 0x64, 0x6F, 0x63, 0x73, 0x00, 0x09, 0x00, 0x00,
    0x00, 0x10, 0x5F, 0x6D, 0x65, 0x73, 0x73, 0x61, 0x67, 0x65, 0x5F, 0x64,
    0x6F, 0x63, 0x73, 0x00, 0x0A, 0x00, 0x00, 0x00, 0x10, 0x63, 0x6F, 0x64,
    0x65, 0x5F, 0x62, 0x79, 0x74, 0x65, 0x73, 0x00, 0x0B, 0x00, 0x00, 0x00,
    0x10, 0x73, 0x65, 0x63, 0x74, 0x69, 0x6F, 0x6E, 0x73, 0x00, 0x0C, 0x00,
    0x00, 0x00, 0x10, 0x74, 0x6F, 0x5F, 0x77, 0x79, 0x63, 0x00, 0x0D, 0x00,
    0x00, 0x00, 0x10, 0x5F, 0x6A, 0x6F, 0x69, 0x6E, 0x00, 0x0E, 0x00, 0x00,
    0x00, 0x10, 0x5F, 0x70, 0x61, 0x64, 0x5F, 0x74, 0x6F, 0x00, 0x0F, 0x00,
    0x00, 0x00, 0x10, 0x5F, 0x68, 0x65, 0x78, 0x34, 0x00, 0x10, 0x00, 0x00,
    0x00, 0x10, 0x5F, 0x68, 0x65, 0x78, 0x38, 0x00, 0x11, 0x00, 0x00, 0x00,
    0x10, 0x5F, 0x65, 0x6C, 0x65, 0x6D, 0x65, 0x6E, 0x74, 0x5F, 0x6C, 0x65,
    0x6E, 0x00, 0x12, 0x00, 0x00, 0x00, 0x10, 0x5F, 0x73, 0x74, 0x61, 0x74,
    0x69, 0x63, 0x5F, 0x6B, 0x69, 0x6E, 0x64, 0x00, 0x13, 0x00, 0x00, 0x00,
    0x10, 0x5F, 0x65, 0x73, 0x63, 0x61, 0x70, 0x65, 0x5F, 0x73, 0x74, 0x72,
    0x00, 0x14, 0x00, 0x00, 0x00, 0x10, 0x5F, 0x73, 0x74, 0x61, 0x74, 0x69,
    0x63, 0x5F, 0x72, 0x65, 0x70, 0x72, 0x00, 0x15, 0x00, 0x00, 0x00, 0x10,
    0x5F, 0x64, 0x6F, 0x63, 0x5F, 0x76, 0x61, 0x6C, 0x75, 0x65, 0x5F, 0x72,
    0x65, 0x70, 0x72, 0x00, 0x16, 0x00, 0x00, 0x00, 0x10, 0x5F, 0x66, 0x75,
    0x6E, 0x63, 0x74, 0x69, 0x6F, 0x6E, 0x5F, 0x6E, 0x6F, 0x74, 0x65, 0x00,
    0x17, 0x00, 0x00, 0x00, 0x10, 0x5F, 0x6D, 0x65, 0x73, 0x73, 0x61, 0x67,
    0x65, 0x5F, 0x6E, 0x6F, 0x74, 0x65, 0x00, 0x18, 0x00, 0x00, 0x00, 0x10,
    0x5F, 0x61, 0x72, 0x72, 0x61, 0x79, 0x5F, 0x6E, 0x6F, 0x74, 0x65, 0x00,
    0x19, 0x00, 0x00, 0x00, 0x10, 0x5F, 0x61, 0x72, 0x72, 0x61, 0x79, 0x5F,
    0x61, 0x6E, 0x6E, 0x6F, 0x74, 0x61, 0x74, 0x69, 0x6F, 0x6E, 0x73, 0x00,
    0x1A, 0x00, 0x00, 0x00, 0x10, 0x5F, 0x64, 0x6F, 0x63, 0x75, 0x6D, 0x65,
    0x6E, 0x74, 0x5F, 0x61, 0x6E, 0x6E, 0x6F, 0x74, 0x61, 0x74, 0x69, 0x6F,
    0x6E, 0x73, 0x00, 0x1B, 0x00, 0x00, 0x00, 0x10, 0x5F, 0x73, 0x65, 0x63,
    0x74, 0x69, 0x6F, 0x6E, 0x5F, 0x61, 0x6E, 0x6E, 0x6F, 0x74, 0x61, 0x74,
    0x69, 0x6F, 0x6E, 0x73, 0x00, 0x1C, 0x00, 0x00, 0x00, 0x10, 0x5F, 0x68,
    0x65, 0x78, 0x5F, 0x6C, 0x69, 0x73, 0x74, 0x69, 0x6E, 0x67, 0x00, 0x1D,
    0x00, 0x00, 0x00, 0x10, 0x5F, 0x67, 0x6C, 0x6F, 0x62, 0x61, 0x6C, 0x5F,
    0x6E, 0x61, 0x6D, 0x65, 0x73, 0x00, 0x1E, 0x00, 0x00, 0x00, 0x10, 0x5F,
    0x64, 0x65, 0x73, 0x63, 0x72, 0x69, 0x62, 0x65, 0x00, 0x1F, 0x00, 0x00,
    0x00, 0x10, 0x5F, 0x61, 0x6E, 0x6E, 0x6F, 0x74, 0x61, 0x74, 0x65, 0x00,
    0x20, 0x00, 0x00, 0x00, 0x10, 0x5F, 0x63, 0x6F, 0x64, 0x65, 0x5F, 0x6C,
    0x69, 0x73, 0x74, 0x69, 0x6E, 0x67, 0x00, 0x21, 0x00, 0x00, 0x00, 0x10,
    0x74, 0x6F, 0x5F, 0x77, 0x79, 0x61, 0x00, 0x22, 0x00, 0x00, 0x00, 0x10,
    0x5F, 0x69, 0x73, 0x5F, 0x69, 0x64, 0x65, 0x6E, 0x74, 0x69, 0x66, 0x69,
    0x65, 0x72, 0x00, 0x23, 0x00, 0x00, 0x00, 0x10, 0x5F, 0x72, 0x65, 0x70,
    0x6C, 0x61, 0x63, 0x65, 0x5F, 0x61, 0x6C, 0x6C, 0x00, 0x24, 0x00, 0x00,
    0x00, 0x10, 0x5F, 0x63, 0x5F, 0x63, 0x6F, 0x6D, 0x6D, 0x65, 0x6E, 0x74,
    0x00, 0x25, 0x00, 0x00, 0x00, 0x10, 0x74, 0x6F, 0x5F, 0x63, 0x00, 0x26,
    0x00, 0x00, 0x00, 0x10, 0x53, 0x45, 0x43, 0x5F, 0x48, 0x45, 0x41, 0x44,
    0x45, 0x52, 0x00, 0x27, 0x00, 0x00, 0x00, 0x10, 0x53, 0x45, 0x43, 0x5F,
    0x53, 0x54, 0x41, 0x54, 0x49, 0x43, 0x53, 0x00, 0x28, 0x00, 0x00, 0x00,
    0x10, 0x53, 0x45, 0x43, 0x5F, 0x53, 0x4C, 0x4F, 0x54, 0x5F, 0x44, 0x45,
    0x46, 0x41, 0x55, 0x4C, 0x54, 0x53, 0x00, 0x29, 0x00, 0x00, 0x00, 0x10,
    0x53, 0x45, 0x43, 0x5F, 0x53, 0x59, 0x4D, 0x42, 0x4F, 0x4C, 0x53, 0x00,
    0x2A, 0x00, 0x00, 0x00, 0x10, 0x53, 0x45, 0x43, 0x5F, 0x46, 0x55, 0x4E,
    0x43, 0x54, 0x49, 0x4F, 0x4E, 0x53, 0x00, 0x2B, 0x00, 0x00, 0x00, 0x10,
    0x53, 0x45, 0x43, 0x5F, 0x43, 0x4C, 0x41, 0x53, 0x53, 0x45, 0x53, 0x00,
    0x2C, 0x00, 0x00, 0x00, 0x10, 0x53, 0x45, 0x43, 0x5F, 0x4D, 0x45, 0x53,
    0x53, 0x41, 0x47, 0x45, 0x53, 0x00, 0x2D, 0x00, 0x00, 0x00, 0x10, 0x53,
    0x45, 0x43, 0x5F, 0x43, 0x4F, 0x44, 0x45, 0x00, 0x2E, 0x00, 0x00, 0x00,
    0x10, 0x53, 0x45, 0x43, 0x5F, 0x45, 0x58, 0x50, 0x4F, 0x52, 0x54, 0x53,
    0x00, 0x2F, 0x00, 0x00, 0x00, 0x10, 0x53, 0x45, 0x43, 0x5F, 0x46, 0x52,
    0x45, 0x45, 0x00, 0x30, 0x00, 0x00, 0x00, 0x10, 0x57, 0x59, 0x43, 0x5F,
    0x4D, 0x41, 0x47, 0x49, 0x43, 0x5F, 0x57, 0x00, 0x31, 0x00, 0x00, 0x00,
    0x10, 0x57, 0x59, 0x43, 0x5F, 0x4D, 0x41, 0x47, 0x49, 0x43, 0x5F, 0x59,
    0x00, 0x32, 0x00, 0x00, 0x00, 0x10, 0x57, 0x59, 0x43, 0x5F, 0x4D, 0x41,
    0x47, 0x49, 0x43, 0x5F, 0x43, 0x00, 0x33, 0x00, 0x00, 0x00, 0x10, 0x43,
    0x4F, 0x4E, 0x54, 0x41, 0x49, 0x4E, 0x45, 0x52, 0x5F, 0x56, 0x45, 0x52,
    0x53, 0x49, 0x4F, 0x4E, 0x00, 0x34, 0x00, 0x00, 0x00, 0x10, 0x41, 0x4C,
    0x4C, 0x5F, 0x53, 0x45, 0x43, 0x54, 0x49, 0x4F, 0x4E, 0x5F, 0x49, 0x44,
    0x53, 0x00, 0x35, 0x00, 0x00, 0x00, 0x10, 0x57, 0x59, 0x41, 0x5F, 0x4D,
    0x41, 0x47, 0x49, 0x43, 0x00, 0x36, 0x00, 0x00, 0x00, 0x10, 0x53, 0x45,
    0x43, 0x54, 0x49, 0x4F, 0x4E, 0x5F, 0x4E, 0x41, 0x4D, 0x45, 0x53, 0x00,
    0x37, 0x00, 0x00, 0x00, 0x10, 0x53, 0x45, 0x43, 0x5F, 0x4D, 0x41, 0x43,
    0x52, 0x4F, 0x00, 0x38, 0x00, 0x00, 0x00, 0x10, 0x43, 0x4F, 0x4D, 0x4D,
    0x45, 0x4E, 0x54, 0x5F, 0x43, 0x4F, 0x4C, 0x55, 0x4D, 0x4E, 0x00, 0x39,
    0x00, 0x00, 0x00, 0x10, 0x49, 0x4E, 0x54, 0x33, 0x32, 0x5F, 0x4D, 0x41,
    0x58, 0x00, 0x3A, 0x00, 0x00, 0x00, 0x10, 0x49, 0x4E, 0x54, 0x33, 0x32,
    0x5F, 0x4D, 0x49, 0x4E, 0x00, 0x3B, 0x00, 0x00, 0x00, 0x10, 0x50, 0x45,
    0x52, 0x4D, 0x49, 0x54, 0x54, 0x45, 0x44, 0x5F, 0x54, 0x41, 0x47, 0x53,
    0x00, 0x3C, 0x00, 0x00, 0x00, 0x10, 0x54, 0x41, 0x47, 0x5F, 0x41, 0x52,
    0x52, 0x41, 0x59, 0x00, 0x3D, 0x00, 0x00, 0x00, 0x10, 0x54, 0x41, 0x47,
    0x5F, 0x42, 0x49, 0x4E, 0x41, 0x52, 0x59, 0x00, 0x3E, 0x00, 0x00, 0x00,
    0x10, 0x54, 0x41, 0x47, 0x5F, 0x42, 0x4F, 0x4F, 0x4C, 0x00, 0x3F, 0x00,
    0x00, 0x00, 0x10, 0x54, 0x41, 0x47, 0x5F, 0x44, 0x4F, 0x43, 0x55, 0x4D,
    0x45, 0x4E, 0x54, 0x00, 0x40, 0x00, 0x00, 0x00, 0x10, 0x54, 0x41, 0x47,
    0x5F, 0x44, 0x4F, 0x55, 0x42, 0x4C, 0x45, 0x00, 0x41, 0x00, 0x00, 0x00,
    0x10, 0x54, 0x41, 0x47, 0x5F, 0x49, 0x4E, 0x54, 0x33, 0x32, 0x00, 0x42,
    0x00, 0x00, 0x00, 0x10, 0x54, 0x41, 0x47, 0x5F, 0x4E, 0x55, 0x4C, 0x4C,
    0x00, 0x43, 0x00, 0x00, 0x00, 0x10, 0x54, 0x41, 0x47, 0x5F, 0x53, 0x54,
    0x52, 0x49, 0x4E, 0x47, 0x00, 0x44, 0x00, 0x00, 0x00, 0x10, 0x5F, 0x63,
    0x73, 0x74, 0x72, 0x69, 0x6E, 0x67, 0x00, 0x45, 0x00, 0x00, 0x00, 0x10,
    0x5F, 0x65, 0x6C, 0x65, 0x6D, 0x65, 0x6E, 0x74, 0x00, 0x46, 0x00, 0x00,
    0x00, 0x10, 0x5F, 0x66, 0x72, 0x61, 0x6D, 0x65, 0x00, 0x47, 0x00, 0x00,
    0x00, 0x10, 0x5F, 0x72, 0x65, 0x61, 0x64, 0x5F, 0x63, 0x73, 0x74, 0x72,
    0x69, 0x6E, 0x67, 0x00, 0x48, 0x00, 0x00, 0x00, 0x10, 0x5F, 0x72, 0x65,
    0x61, 0x64, 0x5F, 0x64, 0x6F, 0x63, 0x75, 0x6D, 0x65, 0x6E, 0x74, 0x00,
    0x49, 0x00, 0x00, 0x00, 0x10, 0x5F, 0x72, 0x65, 0x61, 0x64, 0x5F, 0x76,
    0x61, 0x6C, 0x75, 0x65, 0x00, 0x4A, 0x00, 0x00, 0x00, 0x10, 0x5F, 0x76,
    0x61, 0x6C, 0x75, 0x65, 0x00, 0x4B, 0x00, 0x00, 0x00, 0x10, 0x64, 0x65,
    0x63, 0x6F, 0x64, 0x65, 0x00, 0x4C, 0x00, 0x00, 0x00, 0x10, 0x64, 0x65,
    0x63, 0x6F, 0x64, 0x65, 0x5F, 0x61, 0x72, 0x72, 0x61, 0x79, 0x00, 0x4D,
    0x00, 0x00, 0x00, 0x10, 0x64, 0x65, 0x63, 0x6F, 0x64, 0x65, 0x5F, 0x64,
    0x6F, 0x63, 0x75, 0x6D, 0x65, 0x6E, 0x74, 0x00, 0x4E, 0x00, 0x00, 0x00,
    0x10, 0x65, 0x6E, 0x63, 0x6F, 0x64, 0x65, 0x00, 0x4F, 0x00, 0x00, 0x00,
    0x10, 0x65, 0x6E, 0x63, 0x6F, 0x64, 0x65, 0x5F, 0x61, 0x72, 0x72, 0x61,
    0x79, 0x00, 0x50, 0x00, 0x00, 0x00, 0x10, 0x65, 0x6E, 0x63, 0x6F, 0x64,
    0x65, 0x5F, 0x64, 0x6F, 0x63, 0x75, 0x6D, 0x65, 0x6E, 0x74, 0x00, 0x51,
    0x00, 0x00, 0x00, 0x10, 0x42, 0x59, 0x5F, 0x4E, 0x41, 0x4D, 0x45, 0x00,
    0x52, 0x00, 0x00, 0x00, 0x10, 0x42, 0x59, 0x5F, 0x56, 0x41, 0x4C, 0x55,
    0x45, 0x00, 0x53, 0x00, 0x00, 0x00, 0x10, 0x43, 0x4F, 0x52, 0x45, 0x00,
    0x54, 0x00, 0x00, 0x00, 0x10, 0x44, 0x49, 0x47, 0x49, 0x54, 0x53, 0x00,
    0x55, 0x00, 0x00, 0x00, 0x10, 0x4C, 0x00, 0x56, 0x00, 0x00, 0x00, 0x10,
    0x4C, 0x4F, 0x4E, 0x47, 0x00, 0x57, 0x00, 0x00, 0x00, 0x10, 0x4C, 0x4F,
    0x4E, 0x47, 0x5F, 0x53, 0x54, 0x41, 0x52, 0x54, 0x00, 0x58, 0x00, 0x00,
    0x00, 0x10, 0x4F, 0x50, 0x53, 0x00, 0x59, 0x00, 0x00, 0x00, 0x10, 0x50,
    0x00, 0x5A, 0x00, 0x00, 0x00, 0x10, 0x50, 0x41, 0x49, 0x52, 0x41, 0x42,
    0x4C, 0x45, 0x00, 0x5B, 0x00, 0x00, 0x00, 0x10, 0x50, 0x5F, 0x42, 0x49,
    0x54, 0x00, 0x5C, 0x00, 0x00, 0x00, 0x10, 0x5F, 0x49, 0x4E, 0x44, 0x49,
    0x43, 0x45, 0x53, 0x00, 0x5D, 0x00, 0x00, 0x00, 0x10, 0x5F, 0x62, 0x75,
    0x69, 0x6C, 0x64, 0x5F, 0x69, 0x6E, 0x64, 0x65, 0x78, 0x00, 0x5E, 0x00,
    0x00, 0x00, 0x10, 0x5F, 0x63, 0x68, 0x61, 0x72, 0x5F, 0x66, 0x72, 0x6F,
    0x6D, 0x5F, 0x63, 0x70, 0x00, 0x5F, 0x00, 0x00, 0x00, 0x10, 0x5F, 0x63,
    0x68, 0x65, 0x63, 0x6B, 0x5F, 0x66, 0x69, 0x65, 0x6C, 0x64, 0x00, 0x60,
    0x00, 0x00, 0x00, 0x10, 0x5F, 0x64, 0x65, 0x63, 0x6F, 0x64, 0x65, 0x5F,
    0x6F, 0x70, 0x65, 0x72, 0x61, 0x6E, 0x64, 0x00, 0x61, 0x00, 0x00, 0x00,
    0x10, 0x5F, 0x66, 0x33, 0x32, 0x5F, 0x74, 0x65, 0x78, 0x74, 0x00, 0x62,
    0x00, 0x00, 0x00, 0x10, 0x5F, 0x66, 0x6D, 0x74, 0x5F, 0x72, 0x65, 0x74,
    0x75, 0x72, 0x6E, 0x00, 0x63, 0x00, 0x00, 0x00, 0x10, 0x5F, 0x68, 0x65,
    0x78, 0x32, 0x00, 0x64, 0x00, 0x00, 0x00, 0x10, 0x5F, 0x68, 0x65, 0x78,
    0x5F, 0x64, 0x69, 0x67, 0x69, 0x74, 0x73, 0x00, 0x65, 0x00, 0x00, 0x00,
    0x10, 0x5F, 0x70, 0x6C, 0x75, 0x73, 0x5F, 0x73, 0x69, 0x67, 0x6E, 0x65,
    0x64, 0x00, 0x66, 0x00, 0x00, 0x00, 0x10, 0x5F, 0x72, 0x65, 0x6E, 0x64,
    0x65, 0x72, 0x5F, 0x66, 0x6D, 0x74, 0x00, 0x67, 0x00, 0x00, 0x00, 0x10,
    0x5F, 0x73, 0x69, 0x67, 0x6E, 0x65, 0x64, 0x00, 0x68, 0x00, 0x00, 0x00,
    0x10, 0x5F, 0x76, 0x61, 0x6C, 0x75, 0x65, 0x5F, 0x66, 0x6F, 0x72, 0x5F,
    0x6E, 0x61, 0x6D, 0x65, 0x00, 0x69, 0x00, 0x00, 0x00, 0x10, 0x64, 0x69,
    0x73, 0x61, 0x73, 0x73, 0x65, 0x6D, 0x62, 0x6C, 0x65, 0x00, 0x6A, 0x00,
    0x00, 0x00, 0x10, 0x64, 0x69, 0x73, 0x61, 0x73, 0x73, 0x65, 0x6D, 0x62,
    0x6C, 0x65, 0x5F, 0x6F, 0x6E, 0x65, 0x00, 0x6B, 0x00, 0x00, 0x00, 0x10,
    0x66, 0x69, 0x74, 0x73, 0x5F, 0x69, 0x31, 0x36, 0x00, 0x6C, 0x00, 0x00,
    0x00, 0x10, 0x66, 0x69, 0x74, 0x73, 0x5F, 0x69, 0x38, 0x00, 0x6D, 0x00,
    0x00, 0x00, 0x10, 0x66, 0x72, 0x6F, 0x6D, 0x5F, 0x72, 0x65, 0x67, 0x38,
    0x00, 0x6E, 0x00, 0x00, 0x00, 0x10, 0x69, 0x73, 0x5F, 0x70, 0x00, 0x6F,
    0x00, 0x00, 0x00, 0x10, 0x6C, 0x6F, 0x6F, 0x6B, 0x75, 0x70, 0x00, 0x70,
    0x00, 0x00, 0x00, 0x10, 0x70, 0x61, 0x63, 0x6B, 0x00, 0x71, 0x00, 0x00,
    0x00, 0x10, 0x72, 0x65, 0x67, 0x5F, 0x69, 0x6E, 0x64, 0x65, 0x78, 0x00,
    0x72, 0x00, 0x00, 0x00, 0x10, 0x72, 0x65, 0x67, 0x5F, 0x6E, 0x61, 0x6D,
    0x65, 0x00, 0x73, 0x00, 0x00, 0x00, 0x10, 0x74, 0x6F, 0x5F, 0x72, 0x65,
    0x67, 0x38, 0x00, 0x74, 0x00, 0x00, 0x00, 0x10, 0x75, 0x6E, 0x70, 0x61,
    0x63, 0x6B, 0x00, 0x75, 0x00, 0x00, 0x00, 0x00,
};

static const uint8_t image_free[] = {
    0xA9, 0x03, 0x00, 0x00, 0x10, 0x49, 0x4E, 0x54, 0x33, 0x32, 0x5F, 0x4D,
    0x41, 0x58, 0x00, 0x3A, 0x00, 0x00, 0x00, 0x10, 0x49, 0x4E, 0x54, 0x33,
    0x32, 0x5F, 0x4D, 0x49, 0x4E, 0x00, 0x3B, 0x00, 0x00, 0x00, 0x10, 0x50,
    0x45, 0x52, 0x4D, 0x49, 0x54, 0x54, 0x45, 0x44, 0x5F, 0x54, 0x41, 0x47,
    0x53, 0x00, 0x3C, 0x00, 0x00, 0x00, 0x10, 0x54, 0x41, 0x47, 0x5F, 0x41,
    0x52, 0x52, 0x41, 0x59, 0x00, 0x3D, 0x00, 0x00, 0x00, 0x10, 0x54, 0x41,
    0x47, 0x5F, 0x42, 0x49, 0x4E, 0x41, 0x52, 0x59, 0x00, 0x3E, 0x00, 0x00,
    0x00, 0x10, 0x54, 0x41, 0x47, 0x5F, 0x42, 0x4F, 0x4F, 0x4C, 0x00, 0x3F,
    0x00, 0x00, 0x00, 0x10, 0x54, 0x41, 0x47, 0x5F, 0x44, 0x4F, 0x43, 0x55,
    0x4D, 0x45, 0x4E, 0x54, 0x00, 0x40, 0x00, 0x00, 0x00, 0x10, 0x54, 0x41,
    0x47, 0x5F, 0x44, 0x4F, 0x55, 0x42, 0x4C, 0x45, 0x00, 0x41, 0x00, 0x00,
    0x00, 0x10, 0x54, 0x41, 0x47, 0x5F, 0x49, 0x4E, 0x54, 0x33, 0x32, 0x00,
    0x42, 0x00, 0x00, 0x00, 0x10, 0x54, 0x41, 0x47, 0x5F, 0x4E, 0x55, 0x4C,
    0x4C, 0x00, 0x43, 0x00, 0x00, 0x00, 0x10, 0x54, 0x41, 0x47, 0x5F, 0x53,
    0x54, 0x52, 0x49, 0x4E, 0x47, 0x00, 0x44, 0x00, 0x00, 0x00, 0x10, 0x5F,
    0x63, 0x73, 0x74, 0x72, 0x69, 0x6E, 0x67, 0x00, 0x45, 0x00, 0x00, 0x00,
    0x10, 0x5F, 0x65, 0x6C, 0x65, 0x6D, 0x65, 0x6E, 0x74, 0x00, 0x46, 0x00,
    0x00, 0x00, 0x10, 0x5F, 0x66, 0x72, 0x61, 0x6D, 0x65, 0x00, 0x47, 0x00,
    0x00, 0x00, 0x10, 0x5F, 0x72, 0x65, 0x61, 0x64, 0x5F, 0x63, 0x73, 0x74,
    0x72, 0x69, 0x6E, 0x67, 0x00, 0x48, 0x00, 0x00, 0x00, 0x10, 0x5F, 0x72,
    0x65, 0x61, 0x64, 0x5F, 0x64, 0x6F, 0x63, 0x75, 0x6D, 0x65, 0x6E, 0x74,
    0x00, 0x49, 0x00, 0x00, 0x00, 0x10, 0x5F, 0x72, 0x65, 0x61, 0x64, 0x5F,
    0x76, 0x61, 0x6C, 0x75, 0x65, 0x00, 0x4A, 0x00, 0x00, 0x00, 0x10, 0x5F,
    0x76, 0x61, 0x6C, 0x75, 0x65, 0x00, 0x4B, 0x00, 0x00, 0x00, 0x10, 0x64,
    0x65, 0x63, 0x6F, 0x64, 0x65, 0x00, 0x4C, 0x00, 0x00, 0x00, 0x10, 0x64,
    0x65, 0x63, 0x6F, 0x64, 0x65, 0x5F, 0x61, 0x72, 0x72, 0x61, 0x79, 0x00,
    0x4D, 0x00, 0x00, 0x00, 0x10, 0x64, 0x65, 0x63, 0x6F, 0x64, 0x65, 0x5F,
    0x64, 0x6F, 0x63, 0x75, 0x6D, 0x65, 0x6E, 0x74, 0x00, 0x4E, 0x00, 0x00,
    0x00, 0x10, 0x65, 0x6E, 0x63, 0x6F, 0x64, 0x65, 0x00, 0x4F, 0x00, 0x00,
    0x00, 0x10, 0x65, 0x6E, 0x63, 0x6F, 0x64, 0x65, 0x5F, 0x61, 0x72, 0x72,
    0x61, 0x79, 0x00, 0x50, 0x00, 0x00, 0x00, 0x10, 0x65, 0x6E, 0x63, 0x6F,
    0x64, 0x65, 0x5F, 0x64, 0x6F, 0x63, 0x75, 0x6D, 0x65, 0x6E, 0x74, 0x00,
    0x51, 0x00, 0x00, 0x00, 0x10, 0x42, 0x59, 0x5F, 0x4E, 0x41, 0x4D, 0x45,
    0x00, 0x52, 0x00, 0x00, 0x00, 0x10, 0x42, 0x59, 0x5F, 0x56, 0x41, 0x4C,
    0x55, 0x45, 0x00, 0x53, 0x00, 0x00, 0x00, 0x10, 0x43, 0x4F, 0x52, 0x45,
    0x00, 0x54, 0x00, 0x00, 0x00, 0x10, 0x44, 0x49, 0x47, 0x49, 0x54, 0x53,
    0x00, 0x55, 0x00, 0x00, 0x00, 0x10, 0x4C, 0x00, 0x56, 0x00, 0x00, 0x00,
    0x10, 0x4C, 0x4F, 0x4E, 0x47, 0x00, 0x57, 0x00, 0x00, 0x00, 0x10, 0x4C,
    0x4F, 0x4E, 0x47, 0x5F, 0x53, 0x54, 0x41, 0x52, 0x54, 0x00, 0x58, 0x00,
    0x00, 0x00, 0x10, 0x4F, 0x50, 0x53, 0x00, 0x59, 0x00, 0x00, 0x00, 0x10,
    0x50, 0x00, 0x5A, 0x00, 0x00, 0x00, 0x10, 0x50, 0x41, 0x49, 0x52, 0x41,
    0x42, 0x4C, 0x45, 0x00, 0x5B, 0x00, 0x00, 0x00, 0x10, 0x50, 0x5F, 0x42,
    0x49, 0x54, 0x00, 0x5C, 0x00, 0x00, 0x00, 0x10, 0x5F, 0x49, 0x4E, 0x44,
    0x49, 0x43, 0x45, 0x53, 0x00, 0x5D, 0x00, 0x00, 0x00, 0x10, 0x5F, 0x62,
    0x75, 0x69, 0x6C, 0x64, 0x5F, 0x69, 0x6E, 0x64, 0x65, 0x78, 0x00, 0x5E,
    0x00, 0x00, 0x00, 0x10, 0x5F, 0x63, 0x68, 0x61, 0x72, 0x5F, 0x66, 0x72,
    0x6F, 0x6D, 0x5F, 0x63, 0x70, 0x00, 0x5F, 0x00, 0x00, 0x00, 0x10, 0x5F,
    0x63, 0x68, 0x65, 0x63, 0x6B, 0x5F, 0x66, 0x69, 0x65, 0x6C, 0x64, 0x00,
    0x60, 0x00, 0x00, 0x00, 0x10, 0x5F, 0x64, 0x65, 0x63, 0x6F, 0x64, 0x65,
    0x5F, 0x6F, 0x70, 0x65, 0x72, 0x61, 0x6E, 0x64, 0x00, 0x61, 0x00, 0x00,
    0x00, 0x10, 0x5F, 0x66, 0x33, 0x32, 0x5F, 0x74, 0x65, 0x78, 0x74, 0x00,
    0x62, 0x00, 0x00, 0x00, 0x10, 0x5F, 0x66, 0x6D, 0x74, 0x5F, 0x72, 0x65,
    0x74, 0x75, 0x72, 0x6E, 0x00, 0x63, 0x00, 0x00, 0x00, 0x10, 0x5F, 0x68,
    0x65, 0x78, 0x32, 0x00, 0x64, 0x00, 0x00, 0x00, 0x10, 0x5F, 0x68, 0x65,
    0x78, 0x5F, 0x64, 0x69, 0x67, 0x69, 0x74, 0x73, 0x00, 0x65, 0x00, 0x00,
    0x00, 0x10, 0x5F, 0x70, 0x6C, 0x75, 0x73, 0x5F, 0x73, 0x69, 0x67, 0x6E,
    0x65, 0x64, 0x00, 0x66, 0x00, 0x00, 0x00, 0x10, 0x5F, 0x72, 0x65, 0x6E,
    0x64, 0x65, 0x72, 0x5F, 0x66, 0x6D, 0x74, 0x00, 0x67, 0x00, 0x00, 0x00,
    0x10, 0x5F, 0x73, 0x69, 0x67, 0x6E, 0x65, 0x64, 0x00, 0x68, 0x00, 0x00,
    0x00, 0x10, 0x5F, 0x76, 0x61, 0x6C, 0x75, 0x65, 0x5F, 0x66, 0x6F, 0x72,
    0x5F, 0x6E, 0x61, 0x6D, 0x65, 0x00, 0x69, 0x00, 0x00, 0x00, 0x10, 0x64,
    0x69, 0x73, 0x61, 0x73, 0x73, 0x65, 0x6D, 0x62, 0x6C, 0x65, 0x00, 0x6A,
    0x00, 0x00, 0x00, 0x10, 0x64, 0x69, 0x73, 0x61, 0x73, 0x73, 0x65, 0x6D,
    0x62, 0x6C, 0x65, 0x5F, 0x6F, 0x6E, 0x65, 0x00, 0x6B, 0x00, 0x00, 0x00,
    0x10, 0x66, 0x69, 0x74, 0x73, 0x5F, 0x69, 0x31, 0x36, 0x00, 0x6C, 0x00,
    0x00, 0x00, 0x10, 0x66, 0x69, 0x74, 0x73, 0x5F, 0x69, 0x38, 0x00, 0x6D,
    0x00, 0x00, 0x00, 0x10, 0x66, 0x72, 0x6F, 0x6D, 0x5F, 0x72, 0x65, 0x67,
    0x38, 0x00, 0x6E, 0x00, 0x00, 0x00, 0x10, 0x69, 0x73, 0x5F, 0x70, 0x00,
    0x6F, 0x00, 0x00, 0x00, 0x10, 0x6C, 0x6F, 0x6F, 0x6B, 0x75, 0x70, 0x00,
    0x70, 0x00, 0x00, 0x00, 0x10, 0x70, 0x61, 0x63, 0x6B, 0x00, 0x71, 0x00,
    0x00, 0x00, 0x10, 0x72, 0x65, 0x67, 0x5F, 0x69, 0x6E, 0x64, 0x65, 0x78,
    0x00, 0x72, 0x00, 0x00, 0x00, 0x10, 0x72, 0x65, 0x67, 0x5F, 0x6E, 0x61,
    0x6D, 0x65, 0x00, 0x73, 0x00, 0x00, 0x00, 0x10, 0x74, 0x6F, 0x5F, 0x72,
    0x65, 0x67, 0x38, 0x00, 0x74, 0x00, 0x00, 0x00, 0x10, 0x75, 0x6E, 0x70,
    0x61, 0x63, 0x6B, 0x00, 0x75, 0x00, 0x00, 0x00, 0x10, 0x6C, 0x65, 0x6E,
    0x00, 0x76, 0x00, 0x00, 0x00, 0x10, 0x62, 0x79, 0x74, 0x65, 0x73, 0x00,
    0x77, 0x00, 0x00, 0x00, 0x10, 0x73, 0x74, 0x72, 0x00, 0x78, 0x00, 0x00,
    0x00, 0x10, 0x65, 0x72, 0x72, 0x6F, 0x72, 0x00, 0x79, 0x00, 0x00, 0x00,
    0x00,
};

static const uint32_t image_code[] = {
    0x00000047,                /* 0000  import L0 <- static#0   ("wyrm::") */
    0x00000043,                /* 0001  gset g0 <- L0   (wyrm) */
    0x00010047,                /* 0002  import L0 <- static#1   ("wyrm::bjson") */
    0x000100B5, 0x00000000,    /* 0003  import_star static#1 except 0, 0 names   ("wyrm::bjson") */
    0x00000047,                /* 0005  import L0 <- static#0   ("wyrm::") */
    0x00000043,                /* 0006  gset g0 <- L0   (wyrm) */
    0x00020047,                /* 0007  import L0 <- static#2   ("wyrm::opcodes") */
    0x000200B5, 0x00000000,    /* 0008  import_star static#2 except 0, 0 names   ("wyrm::opcodes") */
    0x00000140,                /* 000A  i8 L0 <- 1 */
    0x00270043,                /* 000B  gset g39 <- L0   (SEC_HEADER) */
    0x00000240,                /* 000C  i8 L0 <- 2 */
    0x00280043,                /* 000D  gset g40 <- L0   (SEC_STATICS) */
    0x00000340,                /* 000E  i8 L0 <- 3 */
    0x00290043,                /* 000F  gset g41 <- L0   (SEC_SLOT_DEFAULTS) */
    0x00000440,                /* 0010  i8 L0 <- 4 */
    0x002A0043,                /* 0011  gset g42 <- L0   (SEC_SYMBOLS) */
    0x00000540,                /* 0012  i8 L0 <- 5 */
    0x002B0043,                /* 0013  gset g43 <- L0   (SEC_FUNCTIONS) */
    0x00000640,                /* 0014  i8 L0 <- 6 */
    0x002C0043,                /* 0015  gset g44 <- L0   (SEC_CLASSES) */
    0x00000740,                /* 0016  i8 L0 <- 7 */
    0x002D0043,                /* 0017  gset g45 <- L0   (SEC_MESSAGES) */
    0x00000840,                /* 0018  i8 L0 <- 8 */
    0x002E0043,                /* 0019  gset g46 <- L0   (SEC_CODE) */
    0x00000A40,                /* 001A  i8 L0 <- 10 */
    0x002F0043,                /* 001B  gset g47 <- L0   (SEC_EXPORTS) */
    0x00000B40,                /* 001C  i8 L0 <- 11 */
    0x00300043,                /* 001D  gset g48 <- L0   (SEC_FREE) */
    0x00005740,                /* 001E  i8 L0 <- 87 */
    0x00310043,                /* 001F  gset g49 <- L0   (WYC_MAGIC_W) */
    0x00005940,                /* 0020  i8 L0 <- 89 */
    0x00320043,                /* 0021  gset g50 <- L0   (WYC_MAGIC_Y) */
    0x00004340,                /* 0022  i8 L0 <- 67 */
    0x00330043,                /* 0023  gset g51 <- L0   (WYC_MAGIC_C) */
    0x00000140,                /* 0024  i8 L0 <- 1 */
    0x00340043,                /* 0025  gset g52 <- L0   (CONTAINER_VERSION) */
    0x00270142,                /* 0026  gget L1 <- g39   (SEC_HEADER) */
    0x00280242,                /* 0027  gget L2 <- g40   (SEC_STATICS) */
    0x00290342,                /* 0028  gget L3 <- g41   (SEC_SLOT_DEFAULTS) */
    0x002A0442,                /* 0029  gget L4 <- g42   (SEC_SYMBOLS) */
    0x002B0542,                /* 002A  gget L5 <- g43   (SEC_FUNCTIONS) */
    0x002C0642,                /* 002B  gget L6 <- g44   (SEC_CLASSES) */
    0x002D0742,                /* 002C  gget L7 <- g45   (SEC_MESSAGES) */
    0x002E0842,                /* 002D  gget L8 <- g46   (SEC_CODE) */
    0x002F0942,                /* 002E  gget L9 <- g47   (SEC_EXPORTS) */
    0x00300A42,                /* 002F  gget L10 <- g48   (SEC_FREE) */
    0x00000A82, 0x00010000,    /* 0030  list L0 <- L1, 10 items */
    0x00350043,                /* 0032  gset g53 <- L0   (ALL_SECTION_IDS) */
    0x00030046,                /* 0033  lconst L0 <- static#3   ("WYA 1") */
    0x00360043,                /* 0034  gset g54 <- L0   (WYA_MAGIC) */
    0x00270142,                /* 0035  gget L1 <- g39   (SEC_HEADER) */
    0x00040246,                /* 0036  lconst L2 <- static#4   ("header") */
    0x00280342,                /* 0037  gget L3 <- g40   (SEC_STATICS) */
    0x00050446,                /* 0038  lconst L4 <- static#5   ("statics") */
    0x00290542,                /* 0039  gget L5 <- g41   (SEC_SLOT_DEFAULTS) */
    0x00060646,                /* 003A  lconst L6 <- static#6   ("slot_defaults") */
    0x002A0742,                /* 003B  gget L7 <- g42   (SEC_SYMBOLS) */
    0x00070846,                /* 003C  lconst L8 <- static#7   ("symbols") */
    0x002B0942,                /* 003D  gget L9 <- g43   (SEC_FUNCTIONS) */
    0x00080A46,                /* 003E  lconst L10 <- static#8   ("functions") */
    0x002C0B42,                /* 003F  gget L11 <- g44   (SEC_CLASSES) */
    0x00090C46,                /* 0040  lconst L12 <- static#9   ("classes") */
    0x002D0D42,                /* 0041  gget L13 <- g45   (SEC_MESSAGES) */
    0x000A0E46,                /* 0042  lconst L14 <- static#10   ("messages") */
    0x002E0F42,                /* 0043  gget L15 <- g46   (SEC_CODE) */
    0x000B1046,                /* 0044  lconst L16 <- static#11   ("code") */
    0x002F1142,                /* 0045  gget L17 <- g47   (SEC_EXPORTS) */
    0x000C1246,                /* 0046  lconst L18 <- static#12   ("exports") */
    0x00301342,                /* 0047  gget L19 <- g48   (SEC_FREE) */
    0x000D1446,                /* 0048  lconst L20 <- static#13   ("free") */
    0x00000A83, 0x00010000,    /* 0049  dict L0 <- L1, 10 pairs */
    0x00370043,                /* 004B  gset g55 <- L0   (SECTION_NAMES) */
    0x00270142,                /* 004C  gget L1 <- g39   (SEC_HEADER) */
    0x000E0246,                /* 004D  lconst L2 <- static#14   ("WY_SEC_HEADER") */
    0x00280342,                /* 004E  gget L3 <- g40   (SEC_STATICS) */
    0x000F0446,                /* 004F  lconst L4 <- static#15   ("WY_SEC_STATICS") */
    0x00290542,                /* 0050  gget L5 <- g41   (SEC_SLOT_DEFAULTS) */
    0x00100646,                /* 0051  lconst L6 <- static#16   ("WY_SEC_SLOT_DEFAULTS") */
    0x002A0742,                /* 0052  gget L7 <- g42   (SEC_SYMBOLS) */
    0x00110846,                /* 0053  lconst L8 <- static#17   ("WY_SEC_SYMBOLS") */
    0x002B0942,                /* 0054  gget L9 <- g43   (SEC_FUNCTIONS) */
    0x00120A46,                /* 0055  lconst L10 <- static#18   ("WY_SEC_FUNCTIONS") */
    0x002C0B42,                /* 0056  gget L11 <- g44   (SEC_CLASSES) */
    0x00130C46,                /* 0057  lconst L12 <- static#19   ("WY_SEC_CLASSES") */
    0x002D0D42,                /* 0058  gget L13 <- g45   (SEC_MESSAGES) */
    0x00140E46,                /* 0059  lconst L14 <- static#20   ("WY_SEC_MESSAGES") */
    0x002E0F42,                /* 005A  gget L15 <- g46   (SEC_CODE) */
    0x00151046,                /* 005B  lconst L16 <- static#21   ("WY_SEC_CODE") */
    0x002F1142,                /* 005C  gget L17 <- g47   (SEC_EXPORTS) */
    0x00161246,                /* 005D  lconst L18 <- static#22   ("WY_SEC_EXPORTS") */
    0x00301342,                /* 005E  gget L19 <- g48   (SEC_FREE) */
    0x00171446,                /* 005F  lconst L20 <- static#23   ("WY_SEC_FREE") */
    0x00000A83, 0x00010000,    /* 0060  dict L0 <- L1, 10 pairs */
    0x00380043,                /* 0062  gset g56 <- L0   (SEC_MACRO) */
    0x00003640,                /* 0063  i8 L0 <- 54 */
    0x00390043,                /* 0064  gset g57 <- L0   (COMMENT_COLUMN) */
    0x000000A8, 0x00000000,    /* 0065  closure L0 <- fn#0, 0 caps */
    0x00010043,                /* 0067  gset g1 <- L0   (make_image) */
    0x000000A8, 0x00010000,    /* 0068  closure L0 <- fn#1, 0 caps */
    0x00020043,                /* 006A  gset g2 <- L0   (make_param) */
    0x000000A8, 0x00020000,    /* 006B  closure L0 <- fn#2, 0 caps */
    0x00030043,                /* 006D  gset g3 <- L0   (make_function) */
    0x000000A8, 0x00030000,    /* 006E  closure L0 <- fn#3, 0 caps */
    0x00040043,                /* 0070  gset g4 <- L0   (_header_doc) */
    0x000000A8, 0x00040000,    /* 0071  closure L0 <- fn#4, 0 caps */
    0x00050043,                /* 0073  gset g5 <- L0   (_function_doc) */
    0x000000A8, 0x00050000,    /* 0074  closure L0 <- fn#5, 0 caps */
    0x00060043,                /* 0076  gset g6 <- L0   (_function_docs) */
    0x000000A8, 0x00060000,    /* 0077  closure L0 <- fn#6, 0 caps */
    0x00070043,                /* 0079  gset g7 <- L0   (_slot_doc) */
    0x000000A8, 0x00070000,    /* 007A  closure L0 <- fn#7, 0 caps */
    0x00080043,                /* 007C  gset g8 <- L0   (_class_doc) */
    0x000000A8, 0x00080000,    /* 007D  closure L0 <- fn#8, 0 caps */
    0x00090043,                /* 007F  gset g9 <- L0   (_class_docs) */
    0x000000A8, 0x00090000,    /* 0080  closure L0 <- fn#9, 0 caps */
    0x000A0043,                /* 0082  gset g10 <- L0   (_message_docs) */
    0x000000A8, 0x000A0000,    /* 0083  closure L0 <- fn#10, 0 caps */
    0x000B0043,                /* 0085  gset g11 <- L0   (code_bytes) */
    0x000000A8, 0x000B0000,    /* 0086  closure L0 <- fn#11, 0 caps */
    0x000C0043,                /* 0088  gset g12 <- L0   (sections) */
    0x000000A8, 0x000C0000,    /* 0089  closure L0 <- fn#12, 0 caps */
    0x000D0043,                /* 008B  gset g13 <- L0   (to_wyc) */
    0x000000A8, 0x000D0000,    /* 008C  closure L0 <- fn#13, 0 caps */
    0x000E0043,                /* 008E  gset g14 <- L0   (_join) */
    0x000000A8, 0x000E0000,    /* 008F  closure L0 <- fn#14, 0 caps */
    0x000F0043,                /* 0091  gset g15 <- L0   (_pad_to) */
    0x000000A8, 0x000F0000,    /* 0092  closure L0 <- fn#15, 0 caps */
    0x00100043,                /* 0094  gset g16 <- L0   (_hex4) */
    0x000000A8, 0x00100000,    /* 0095  closure L0 <- fn#16, 0 caps */
    0x00110043,                /* 0097  gset g17 <- L0   (_hex8) */
    0x000000A8, 0x00110000,    /* 0098  closure L0 <- fn#17, 0 caps */
    0x00120043,                /* 009A  gset g18 <- L0   (_element_len) */
    0x000000A8, 0x00120000,    /* 009B  closure L0 <- fn#18, 0 caps */
    0x00130043,                /* 009D  gset g19 <- L0   (_static_kind) */
    0x000000A8, 0x00130000,    /* 009E  closure L0 <- fn#19, 0 caps */
    0x00140043,                /* 00A0  gset g20 <- L0   (_escape_str) */
    0x000000A8, 0x00140000,    /* 00A1  closure L0 <- fn#20, 0 caps */
    0x00150043,                /* 00A3  gset g21 <- L0   (_static_repr) */
    0x000000A8, 0x00150000,    /* 00A4  closure L0 <- fn#21, 0 caps */
    0x00160043,                /* 00A6  gset g22 <- L0   (_doc_value_repr) */
    0x000000A8, 0x00160000,    /* 00A7  closure L0 <- fn#22, 0 caps */
    0x00170043,                /* 00A9  gset g23 <- L0   (_function_note) */
    0x000000A8, 0x00170000,    /* 00AA  closure L0 <- fn#23, 0 caps */
    0x00180043,                /* 00AC  gset g24 <- L0   (_message_note) */
    0x000000A8, 0x00180000,    /* 00AD  closure L0 <- fn#24, 0 caps */
    0x00190043,                /* 00AF  gset g25 <- L0   (_array_note) */
    0x000000A8, 0x00190000,    /* 00B0  closure L0 <- fn#25, 0 caps */
    0x001A0043,                /* 00B2  gset g26 <- L0   (_array_annotations) */
    0x000000A8, 0x001A0000,    /* 00B3  closure L0 <- fn#26, 0 caps */
    0x001B0043,                /* 00B5  gset g27 <- L0   (_document_annotations) */
    0x000000A8, 0x001B0000,    /* 00B6  closure L0 <- fn#27, 0 caps */
    0x001C0043,                /* 00B8  gset g28 <- L0   (_section_annotations) */
    0x000000A8, 0x001C0000,    /* 00B9  closure L0 <- fn#28, 0 caps */
    0x001D0043,                /* 00BB  gset g29 <- L0   (_hex_listing) */
    0x000000A8, 0x001D0000,    /* 00BC  closure L0 <- fn#29, 0 caps */
    0x001E0043,                /* 00BE  gset g30 <- L0   (_global_names) */
    0x000000A8, 0x001E0000,    /* 00BF  closure L0 <- fn#30, 0 caps */
    0x001F0043,                /* 00C1  gset g31 <- L0   (_describe) */
    0x000000A8, 0x001F0000,    /* 00C2  closure L0 <- fn#31, 0 caps */
    0x00200043,                /* 00C4  gset g32 <- L0   (_annotate) */
    0x000000A8, 0x00200000,    /* 00C5  closure L0 <- fn#32, 0 caps */
    0x00210043,                /* 00C7  gset g33 <- L0   (_code_listing) */
    0x000000A8, 0x00210000,    /* 00C8  closure L0 <- fn#33, 0 caps */
    0x00220043,                /* 00CA  gset g34 <- L0   (to_wya) */
    0x000000A8, 0x00220000,    /* 00CB  closure L0 <- fn#34, 0 caps */
    0x00230043,                /* 00CD  gset g35 <- L0   (_is_identifier) */
    0x000000A8, 0x00230000,    /* 00CE  closure L0 <- fn#35, 0 caps */
    0x00240043,                /* 00D0  gset g36 <- L0   (_replace_all) */
    0x000000A8, 0x00240000,    /* 00D1  closure L0 <- fn#36, 0 caps */
    0x00250043,                /* 00D3  gset g37 <- L0   (_c_comment) */
    0x000000A8, 0x00250000,    /* 00D4  closure L0 <- fn#37, 0 caps */
    0x00260043,                /* 00D6  gset g38 <- L0   (to_c) */
    0x00000002,                /* 00D7  return count=0 */
    0x00180046,                /* 00D8  lconst L0 <- static#24   ("name") */
    0x00018041,                /* 00D9  move L1 <- P0 */
    0x00190246,                /* 00DA  lconst L2 <- static#25   ("version") */
    0x00038141,                /* 00DB  move L3 <- P1 */
    0x001A0446,                /* 00DC  lconst L4 <- static#26   ("globals") */
    0x00058241,                /* 00DD  move L5 <- P2 */
    0x001B0646,                /* 00DE  lconst L6 <- static#27   ("init_l") */
    0x00078341,                /* 00DF  move L7 <- P3 */
    0x00050846,                /* 00E0  lconst L8 <- static#5   ("statics") */
    0x00090003,                /* 00E1  lnil L9 */
    0x00060A46,                /* 00E2  lconst L10 <- static#6   ("slot_defaults") */
    0x000B0003,                /* 00E3  lnil L11 */
    0x00070C46,                /* 00E4  lconst L12 <- static#7   ("symbols") */
    0x000D0003,                /* 00E5  lnil L13 */
    0x00080E46,                /* 00E6  lconst L14 <- static#8   ("functions") */
    0x000F0003,                /* 00E7  lnil L15 */
    0x00091046,                /* 00E8  lconst L16 <- static#9   ("classes") */
    0x00110003,                /* 00E9  lnil L17 */
    0x000A1246,                /* 00EA  lconst L18 <- static#10   ("messages") */
    0x00130003,                /* 00EB  lnil L19 */
    0x000C1446,                /* 00EC  lconst L20 <- static#12   ("exports") */
    0x00150003,                /* 00ED  lnil L21 */
    0x000D1646,                /* 00EE  lconst L22 <- static#13   ("free") */
    0x00170003,                /* 00EF  lnil L23 */
    0x000B1846,                /* 00F0  lconst L24 <- static#11   ("code") */
    0x00190082, 0x00190000,    /* 00F1  list L25 <- L25, 0 items */
    0x001A0D83, 0x00000000,    /* 00F3  dict L26 <- L0, 13 pairs */
    0x001A0102,                /* 00F5  return L26 count=1 */
    0x00180046,                /* 00F6  lconst L0 <- static#24   ("name") */
    0x00018041,                /* 00F7  move L1 <- P0 */
    0x001D0246,                /* 00F8  lconst L2 <- static#29   ("default") */
    0x00038141,                /* 00F9  move L3 <- P1 */
    0x00040283, 0x00000000,    /* 00FA  dict L4 <- L0, 2 pairs */
    0x00040102,                /* 00FC  return L4 count=1 */
    0x00000005,                /* 00FD  lunset L0 */
    0x001F0146,                /* 00FE  lconst L1 <- static#31   ("nil") */
    0x00020097, 0x80010001,    /* 00FF  is L2 <- P1 is L1 */
    0x0003024B,                /* 0101  jf L2, +3 */
    0x00000082, 0x00010000,    /* 0102  list L0 <- L1, 0 items */
    0x0001004F,                /* 0104  jmp +1 */
    0x00008141,                /* 0105  move L0 <- P1 */
    0x00180146,                /* 0106  lconst L1 <- static#24   ("name") */
    0x00028041,                /* 0107  move L2 <- P0 */
    0x00200346,                /* 0108  lconst L3 <- static#32   ("params") */
    0x00040041,                /* 0109  move L4 <- L0 */
    0x00210546,                /* 010A  lconst L5 <- static#33   ("nlocals") */
    0x00068241,                /* 010B  move L6 <- P2 */
    0x00220746,                /* 010C  lconst L7 <- static#34   ("code_offset") */
    0x00088341,                /* 010D  move L8 <- P3 */
    0x00230946,                /* 010E  lconst L9 <- static#35   ("flags") */
    0x000A8441,                /* 010F  move L10 <- P4 */
    0x00240B46,                /* 0110  lconst L11 <- static#36   ("dispatch") */
    0x000C8541,                /* 0111  move L12 <- P5 */
    0x00250D46,                /* 0112  lconst L13 <- static#37   ("ncaptures") */
    0x000E8641,                /* 0113  move L14 <- P6 */
    0x00260F46,                /* 0114  lconst L15 <- static#38   ("nresults") */
    0x00108741,                /* 0115  move L16 <- P7 */
    0x00110883, 0x00010000,    /* 0116  dict L17 <- L1, 8 pairs */
    0x00110102,                /* 0118  return L17 count=1 */
    0x00270346,                /* 0119  lconst L3 <- static#39   ("n") */
    0x00180446,                /* 011A  lconst L4 <- static#24   ("name") */
    0x00050098, 0x80000004,    /* 011B  getidx L5 <- P0[L4] */
    0x00040541,                /* 011D  move L4 <- L5 */
    0x00280546,                /* 011E  lconst L5 <- static#40   ("v") */
    0x00190646,                /* 011F  lconst L6 <- static#25   ("version") */
    0x00070098, 0x80000006,    /* 0120  getidx L7 <- P0[L6] */
    0x00060741,                /* 0122  move L6 <- L7 */
    0x00290746,                /* 0123  lconst L7 <- static#41   ("g") */
    0x001A0846,                /* 0124  lconst L8 <- static#26   ("globals") */
    0x00090098, 0x80000008,    /* 0125  getidx L9 <- P0[L8] */
    0x00080941,                /* 0127  move L8 <- L9 */
    0x002A0946,                /* 0128  lconst L9 <- static#42   ("l") */
    0x001B0A46,                /* 0129  lconst L10 <- static#27   ("init_l") */
    0x000B0098, 0x8000000A,    /* 012A  getidx L11 <- P0[L10] */
    0x000A0B41,                /* 012C  move L10 <- L11 */
    0x00000483, 0x00030000,    /* 012D  dict L0 <- L3, 4 pairs */
    0x002B0346,                /* 012F  lconst L3 <- static#43   ("delta") */
    0x00010098, 0x80000003,    /* 0130  getidx L1 <- P0[L3] */
    0x0001014E,                /* 0132  jnerr L1, +1 */
    0x00010003,                /* 0133  lnil L1 */
    0x001F0346,                /* 0134  lconst L3 <- static#31   ("nil") */
    0x00040097, 0x00010003,    /* 0135  is L4 <- L1 is L3 */
    0x0005044A,                /* 0137  not L5 <- L4 */
    0x0017054B,                /* 0138  jf L5, +23 */
    0x002C0346,                /* 0139  lconst L3 <- static#44   ("d") */
    0x00040140,                /* 013A  i8 L4 <- 1 */
    0x00000099, 0x00030004,    /* 013B  setidx L0[L3] <- L4 */
    0x002D0346,                /* 013D  lconst L3 <- static#45   ("bc") */
    0x002E0446,                /* 013E  lconst L4 <- static#46   ("bf") */
    0x002F0546,                /* 013F  lconst L5 <- static#47   ("bs") */
    0x00300646,                /* 0140  lconst L6 <- static#48   ("by") */
    0x00310746,                /* 0141  lconst L7 <- static#49   ("bk") */
    0x00320846,                /* 0142  lconst L8 <- static#50   ("bm") */
    0x00330946,                /* 0143  lconst L9 <- static#51   ("bg") */
    0x00340A46,                /* 0144  lconst L10 <- static#52   ("i") */
    0x000B0882, 0x00030000,    /* 0145  list L11 <- L3, 8 items */
    0x000C00AE, 0x000B0000,    /* 0147  iter L12 <- L11 */
    0x000200AF, 0x000C0005,    /* 0149  itnext L2 <- L12, done +5 */
    0x000D0098, 0x00010002,    /* 014B  getidx L13 <- L1[L2] */
    0x00000099, 0x0002000D,    /* 014D  setidx L0[L2] <- L13 */
    0xFFF9004F,                /* 014F  jmp -7 */
    0x00000102,                /* 0150  return L0 count=1 */
    0x00000083, 0x00040000,    /* 0151  dict L0 <- L4, 0 pairs */
    0x00270446,                /* 0153  lconst L4 <- static#39   ("n") */
    0x00180646,                /* 0154  lconst L6 <- static#24   ("name") */
    0x00050098, 0x80000006,    /* 0155  getidx L5 <- P0[L6] */
    0x00000099, 0x00040005,    /* 0157  setidx L0[L4] <- L5 */
    0x00010082, 0x00040000,    /* 0159  list L1 <- L4, 0 items */
    0x00200446,                /* 015B  lconst L4 <- static#32   ("params") */
    0x00050098, 0x80000004,    /* 015C  getidx L5 <- P0[L4] */
    0x000600AE, 0x00050000,    /* 015E  iter L6 <- L5 */
    0x000200AF, 0x0006001B,    /* 0160  itnext L2 <- L6, done +27 */
    0x00030083, 0x00070000,    /* 0162  dict L3 <- L7, 0 pairs */
    0x00270746,                /* 0164  lconst L7 <- static#39   ("n") */
    0x00180946,                /* 0165  lconst L9 <- static#24   ("name") */
    0x00080098, 0x00020009,    /* 0166  getidx L8 <- L2[L9] */
    0x00030099, 0x00070008,    /* 0168  setidx L3[L7] <- L8 */
    0x001D0746,                /* 016A  lconst L7 <- static#29   ("default") */
    0x00080098, 0x00020007,    /* 016B  getidx L8 <- L2[L7] */
    0x001F0946,                /* 016D  lconst L9 <- static#31   ("nil") */
    0x000A0097, 0x00080009,    /* 016E  is L10 <- L8 is L9 */
    0x000B0A4A,                /* 0170  not L11 <- L10 */
    0x00060B4B,                /* 0171  jf L11, +6 */
    0x002C0746,                /* 0172  lconst L7 <- static#44   ("d") */
    0x001D0946,                /* 0173  lconst L9 <- static#29   ("default") */
    0x00080098, 0x00020009,    /* 0174  getidx L8 <- L2[L9] */
    0x00030099, 0x00070008,    /* 0176  setidx L3[L7] <- L8 */
    0x00070141,                /* 0178  move L7 <- L1 */
    0x00080341,                /* 0179  move L8 <- L3 */
    0x000701A2, 0x00000001,    /* 017A  msg base=L7 argc=1 msg#0 nres=1   (append) */
    0xFFE3004F,                /* 017C  jmp -29 */
    0x00350446,                /* 017D  lconst L4 <- static#53   ("p") */
    0x00050141,                /* 017E  move L5 <- L1 */
    0x00000099, 0x00040005,    /* 017F  setidx L0[L4] <- L5 */
    0x002A0446,                /* 0181  lconst L4 <- static#42   ("l") */
    0x00210646,                /* 0182  lconst L6 <- static#33   ("nlocals") */
    0x00050098, 0x80000006,    /* 0183  getidx L5 <- P0[L6] */
    0x00000099, 0x00040005,    /* 0185  setidx L0[L4] <- L5 */
    0x00360446,                /* 0187  lconst L4 <- static#54   ("c") */
    0x00220646,                /* 0188  lconst L6 <- static#34   ("code_offset") */
    0x00050098, 0x80000006,    /* 0189  getidx L5 <- P0[L6] */
    0x00000099, 0x00040005,    /* 018B  setidx L0[L4] <- L5 */
    0x00370446,                /* 018D  lconst L4 <- static#55   ("f") */
    0x00230646,                /* 018E  lconst L6 <- static#35   ("flags") */
    0x00050098, 0x80000006,    /* 018F  getidx L5 <- P0[L6] */
    0x00000099, 0x00040005,    /* 0191  setidx L0[L4] <- L5 */
    0x00240446,                /* 0193  lconst L4 <- static#36   ("dispatch") */
    0x00050098, 0x80000004,    /* 0194  getidx L5 <- P0[L4] */
    0x001F0646,                /* 0196  lconst L6 <- static#31   ("nil") */
    0x00070097, 0x00050006,    /* 0197  is L7 <- L5 is L6 */
    0x0008074A,                /* 0199  not L8 <- L7 */
    0x0011084B,                /* 019A  jf L8, +17 */
    0x00760442,                /* 019B  gget L4 <- g118   (len) */
    0x00240546,                /* 019C  lconst L5 <- static#36   ("dispatch") */
    0x00060098, 0x80000005,    /* 019D  getidx L6 <- P0[L5] */
    0x00050641,                /* 019F  move L5 <- L6 */
    0x000401A0, 0x00010000,    /* 01A0  call base=L4 argc=1 nres=1 */
    0x00050040,                /* 01A2  i8 L5 <- 0 */
    0x00060093, 0x00040005,    /* 01A3  gt L6 <- L4 > L5 */
    0x0006064B,                /* 01A5  jf L6, +6 */
    0x00380446,                /* 01A6  lconst L4 <- static#56   ("t") */
    0x00240646,                /* 01A7  lconst L6 <- static#36   ("dispatch") */
    0x00050098, 0x80000006,    /* 01A8  getidx L5 <- P0[L6] */
    0x00000099, 0x00040005,    /* 01AA  setidx L0[L4] <- L5 */
    0x00250446,                /* 01AC  lconst L4 <- static#37   ("ncaptures") */
    0x00050098, 0x80000004,    /* 01AD  getidx L5 <- P0[L4] */
    0x001F0646,                /* 01AF  lconst L6 <- static#31   ("nil") */
    0x00070097, 0x00050006,    /* 01B0  is L7 <- L5 is L6 */
    0x0008074A,                /* 01B2  not L8 <- L7 */
    0x000D084B,                /* 01B3  jf L8, +13 */
    0x00250446,                /* 01B4  lconst L4 <- static#37   ("ncaptures") */
    0x00050098, 0x80000004,    /* 01B5  getidx L5 <- P0[L4] */
    0x00060040,                /* 01B7  i8 L6 <- 0 */
    0x00070093, 0x00050006,    /* 01B8  gt L7 <- L5 > L6 */
    0x0006074B,                /* 01BA  jf L7, +6 */
    0x00390446,                /* 01BB  lconst L4 <- static#57   ("k") */
    0x00250646,                /* 01BC  lconst L6 <- static#37   ("ncaptures") */
    0x00050098, 0x80000006,    /* 01BD  getidx L5 <- P0[L6] */
    0x00000099, 0x00040005,    /* 01BF  setidx L0[L4] <- L5 */
    0x00260446,                /* 01C1  lconst L4 <- static#38   ("nresults") */
    0x00050098, 0x80000004,    /* 01C2  getidx L5 <- P0[L4] */
    0x001F0646,                /* 01C4  lconst L6 <- static#31   ("nil") */
    0x00070097, 0x00050006,    /* 01C5  is L7 <- L5 is L6 */
    0x0008074A,                /* 01C7  not L8 <- L7 */
    0x000D084B,                /* 01C8  jf L8, +13 */
    0x00260446,                /* 01C9  lconst L4 <- static#38   ("nresults") */
    0x00050098, 0x80000004,    /* 01CA  getidx L5 <- P0[L4] */
    0x00060140,                /* 01CC  i8 L6 <- 1 */
    0x00070090, 0x00050006,    /* 01CD  ne L7 <- L5 != L6 */
    0x0006074B,                /* 01CF  jf L7, +6 */
    0x003A0446,                /* 01D0  lconst L4 <- static#58   ("r") */
    0x00260646,                /* 01D1  lconst L6 <- static#38   ("nresults") */
    0x00050098, 0x80000006,    /* 01D2  getidx L5 <- P0[L6] */
    0x00000099, 0x00040005,    /* 01D4  setidx L0[L4] <- L5 */
    0x00000102,                /* 01D6  return L0 count=1 */
    0x00000082, 0x00020000,    /* 01D7  list L0 <- L2, 0 items */
    0x00080246,                /* 01D9  lconst L2 <- static#8   ("functions") */
    0x00030098, 0x80000002,    /* 01DA  getidx L3 <- P0[L2] */
    0x000400AE, 0x00030000,    /* 01DC  iter L4 <- L3 */
    0x000100AF, 0x00040008,    /* 01DE  itnext L1 <- L4, done +8 */
    0x00050041,                /* 01E0  move L5 <- L0 */
    0x00050642,                /* 01E1  gget L6 <- g5   (_function_doc) */
    0x00070141,                /* 01E2  move L7 <- L1 */
    0x000601A0, 0x00010000,    /* 01E3  call base=L6 argc=1 nres=1 */
    0x000501A2, 0x00000001,    /* 01E5  msg base=L5 argc=1 msg#0 nres=1   (append) */
    0xFFF6004F,                /* 01E7  jmp -10 */
    0x00000102,                /* 01E8  return L0 count=1 */
    0x00000083, 0x00010000,    /* 01E9  dict L0 <- L1, 0 pairs */
    0x00270146,                /* 01EB  lconst L1 <- static#39   ("n") */
    0x00180346,                /* 01EC  lconst L3 <- static#24   ("name") */
    0x00020098, 0x80000003,    /* 01ED  getidx L2 <- P0[L3] */
    0x00000099, 0x00010002,    /* 01EF  setidx L0[L1] <- L2 */
    0x001D0146,                /* 01F1  lconst L1 <- static#29   ("default") */
    0x00020098, 0x80000001,    /* 01F2  getidx L2 <- P0[L1] */
    0x001F0346,                /* 01F4  lconst L3 <- static#31   ("nil") */
    0x00040097, 0x00020003,    /* 01F5  is L4 <- L2 is L3 */
    0x0005044A,                /* 01F7  not L5 <- L4 */
    0x0006054B,                /* 01F8  jf L5, +6 */
    0x002C0146,                /* 01F9  lconst L1 <- static#44   ("d") */
    0x001D0346,                /* 01FA  lconst L3 <- static#29   ("default") */
    0x00020098, 0x80000003,    /* 01FB  getidx L2 <- P0[L3] */
    0x00000099, 0x00010002,    /* 01FD  setidx L0[L1] <- L2 */
    0x003B0146,                /* 01FF  lconst L1 <- static#59   ("getter") */
    0x00020098, 0x80000001,    /* 0200  getidx L2 <- P0[L1] */
    0x001F0346,                /* 0202  lconst L3 <- static#31   ("nil") */
    0x00040097, 0x00020003,    /* 0203  is L4 <- L2 is L3 */
    0x0005044A,                /* 0205  not L5 <- L4 */
    0x0006054B,                /* 0206  jf L5, +6 */
    0x00290146,                /* 0207  lconst L1 <- static#41   ("g") */
    0x003B0346,                /* 0208  lconst L3 <- static#59   ("getter") */
    0x00020098, 0x80000003,    /* 0209  getidx L2 <- P0[L3] */
    0x00000099, 0x00010002,    /* 020B  setidx L0[L1] <- L2 */
    0x003C0146,                /* 020D  lconst L1 <- static#60   ("setter") */
    0x00020098, 0x80000001,    /* 020E  getidx L2 <- P0[L1] */
    0x001F0346,                /* 0210  lconst L3 <- static#31   ("nil") */
    0x00040097, 0x00020003,    /* 0211  is L4 <- L2 is L3 */
    0x0005044A,                /* 0213  not L5 <- L4 */
    0x0006054B,                /* 0214  jf L5, +6 */
    0x003D0146,                /* 0215  lconst L1 <- static#61   ("s") */
    0x003C0346,                /* 0216  lconst L3 <- static#60   ("setter") */
    0x00020098, 0x80000003,    /* 0217  getidx L2 <- P0[L3] */
    0x00000099, 0x00010002,    /* 0219  setidx L0[L1] <- L2 */
    0x00000102,                /* 021B  return L0 count=1 */
    0x00000083, 0x00070000,    /* 021C  dict L0 <- L7, 0 pairs */
    0x00270746,                /* 021E  lconst L7 <- static#39   ("n") */
    0x00180946,                /* 021F  lconst L9 <- static#24   ("name") */
    0x00080098, 0x80000009,    /* 0220  getidx L8 <- P0[L9] */
    0x00000099, 0x00070008,    /* 0222  setidx L0[L7] <- L8 */
    0x003E0746,                /* 0224  lconst L7 <- static#62   ("superclass") */
    0x00080098, 0x80000007,    /* 0225  getidx L8 <- P0[L7] */
    0x001F0946,                /* 0227  lconst L9 <- static#31   ("nil") */
    0x000A0097, 0x00080009,    /* 0228  is L10 <- L8 is L9 */
    0x000B0A4A,                /* 022A  not L11 <- L10 */
    0x00060B4B,                /* 022B  jf L11, +6 */
    0x003D0746,                /* 022C  lconst L7 <- static#61   ("s") */
    0x003E0946,                /* 022D  lconst L9 <- static#62   ("superclass") */
    0x00080098, 0x80000009,    /* 022E  getidx L8 <- P0[L9] */
    0x00000099, 0x00070008,    /* 0230  setidx L0[L7] <- L8 */
    0x00010082, 0x00070000,    /* 0232  list L1 <- L7, 0 items */
    0x003F0746,                /* 0234  lconst L7 <- static#63   ("slots") */
    0x00080098, 0x80000007,    /* 0235  getidx L8 <- P0[L7] */
    0x000900AE, 0x00080000,    /* 0237  iter L9 <- L8 */
    0x000400AF, 0x00090008,    /* 0239  itnext L4 <- L9, done +8 */
    0x000A0141,                /* 023B  move L10 <- L1 */
    0x00070B42,                /* 023C  gget L11 <- g7   (_slot_doc) */
    0x000C0441,                /* 023D  move L12 <- L4 */
    0x000B01A0, 0x00010000,    /* 023E  call base=L11 argc=1 nres=1 */
    0x000A01A2, 0x00000001,    /* 0240  msg base=L10 argc=1 msg#0 nres=1   (append) */
    0xFFF6004F,                /* 0242  jmp -10 */
    0x00400746,                /* 0243  lconst L7 <- static#64   ("sl") */
    0x00080141,                /* 0244  move L8 <- L1 */
    0x00000099, 0x00070008,    /* 0245  setidx L0[L7] <- L8 */
    0x00410746,                /* 0247  lconst L7 <- static#65   ("init") */
    0x00080098, 0x80000007,    /* 0248  getidx L8 <- P0[L7] */
    0x001F0946,                /* 024A  lconst L9 <- static#31   ("nil") */
    0x000A0097, 0x00080009,    /* 024B  is L10 <- L8 is L9 */
    0x000B0A4A,                /* 024D  not L11 <- L10 */
    0x00060B4B,                /* 024E  jf L11, +6 */
    0x00340746,                /* 024F  lconst L7 <- static#52   ("i") */
    0x00410946,                /* 0250  lconst L9 <- static#65   ("init") */
    0x00080098, 0x80000009,    /* 0251  getidx L8 <- P0[L9] */
    0x00000099, 0x00070008,    /* 0253  setidx L0[L7] <- L8 */
    0x00020082, 0x00070000,    /* 0255  list L2 <- L7, 0 items */
    0x000A0746,                /* 0257  lconst L7 <- static#10   ("messages") */
    0x00080098, 0x80000007,    /* 0258  getidx L8 <- P0[L7] */
    0x000900AE, 0x00080000,    /* 025A  iter L9 <- L8 */
    0x000500AF, 0x00090011,    /* 025C  itnext L5 <- L9, done +17 */
    0x000A0241,                /* 025E  move L10 <- L2 */
    0x00420B46,                /* 025F  lconst L11 <- static#66   ("y") */
    0x000C0040,                /* 0260  i8 L12 <- 0 */
    0x000D0098, 0x0005000C,    /* 0261  getidx L13 <- L5[L12] */
    0x000C0D41,                /* 0263  move L12 <- L13 */
    0x00370D46,                /* 0264  lconst L13 <- static#55   ("f") */
    0x000E0140,                /* 0265  i8 L14 <- 1 */
    0x000F0098, 0x0005000E,    /* 0266  getidx L15 <- L5[L14] */
    0x000E0F41,                /* 0268  move L14 <- L15 */
    0x000F0283, 0x000B0000,    /* 0269  dict L15 <- L11, 2 pairs */
    0x000B0F41,                /* 026B  move L11 <- L15 */
    0x000A01A2, 0x00000001,    /* 026C  msg base=L10 argc=1 msg#0 nres=1   (append) */
    0xFFED004F,                /* 026E  jmp -19 */
    0x00430746,                /* 026F  lconst L7 <- static#67   ("m") */
    0x00080241,                /* 0270  move L8 <- L2 */
    0x00000099, 0x00070008,    /* 0271  setidx L0[L7] <- L8 */
    0x00030082, 0x00070000,    /* 0273  list L3 <- L7, 0 items */
    0x00050746,                /* 0275  lconst L7 <- static#5   ("statics") */
    0x00080098, 0x80000007,    /* 0276  getidx L8 <- P0[L7] */
    0x000900AE, 0x00080000,    /* 0278  iter L9 <- L8 */
    0x000600AF, 0x00090011,    /* 027A  itnext L6 <- L9, done +17 */
    0x000A0341,                /* 027C  move L10 <- L3 */
    0x00270B46,                /* 027D  lconst L11 <- static#39   ("n") */
    0x000C0040,                /* 027E  i8 L12 <- 0 */
    0x000D0098, 0x0006000C,    /* 027F  getidx L13 <- L6[L12] */
    0x000C0D41,                /* 0281  move L12 <- L13 */
    0x00290D46,                /* 0282  lconst L13 <- static#41   ("g") */
    0x000E0140,                /* 0283  i8 L14 <- 1 */
    0x000F0098, 0x0006000E,    /* 0284  getidx L15 <- L6[L14] */
    0x000E0F41,                /* 0286  move L14 <- L15 */
    0x000F0283, 0x000B0000,    /* 0287  dict L15 <- L11, 2 pairs */
    0x000B0F41,                /* 0289  move L11 <- L15 */
    0x000A01A2, 0x00000001,    /* 028A  msg base=L10 argc=1 msg#0 nres=1   (append) */
    0xFFED004F,                /* 028C  jmp -19 */
    0x00440746,                /* 028D  lconst L7 <- static#68   ("st") */
    0x00080341,                /* 028E  move L8 <- L3 */
    0x00000099, 0x00070008,    /* 028F  setidx L0[L7] <- L8 */
    0x00000102,                /* 0291  return L0 count=1 */
    0x00000082, 0x00020000,    /* 0292  list L0 <- L2, 0 items */
    0x00090246,                /* 0294  lconst L2 <- static#9   ("classes") */
    0x00030098, 0x80000002,    /* 0295  getidx L3 <- P0[L2] */
    0x000400AE, 0x00030000,    /* 0297  iter L4 <- L3 */
    0x000100AF, 0x00040008,    /* 0299  itnext L1 <- L4, done +8 */
    0x00050041,                /* 029B  move L5 <- L0 */
    0x00080642,                /* 029C  gget L6 <- g8   (_class_doc) */
    0x00070141,                /* 029D  move L7 <- L1 */
    0x000601A0, 0x00010000,    /* 029E  call base=L6 argc=1 nres=1 */
    0x000501A2, 0x00000001,    /* 02A0  msg base=L5 argc=1 msg#0 nres=1   (append) */
    0xFFF6004F,                /* 02A2  jmp -10 */
    0x00000102,                /* 02A3  return L0 count=1 */
    0x00000082, 0x00020000,    /* 02A4  list L0 <- L2, 0 items */
    0x000A0246,                /* 02A6  lconst L2 <- static#10   ("messages") */
    0x00030098, 0x80000002,    /* 02A7  getidx L3 <- P0[L2] */
    0x000400AE, 0x00030000,    /* 02A9  iter L4 <- L3 */
    0x000100AF, 0x0004000C,    /* 02AB  itnext L1 <- L4, done +12 */
    0x00050041,                /* 02AD  move L5 <- L0 */
    0x00350646,                /* 02AE  lconst L6 <- static#53   ("p") */
    0x00350746,                /* 02AF  lconst L7 <- static#53   ("p") */
    0x00080098, 0x00010007,    /* 02B0  getidx L8 <- L1[L7] */
    0x00070841,                /* 02B2  move L7 <- L8 */
    0x00080183, 0x00060000,    /* 02B3  dict L8 <- L6, 1 pairs */
    0x00060841,                /* 02B5  move L6 <- L8 */
    0x000501A2, 0x00000001,    /* 02B6  msg base=L5 argc=1 msg#0 nres=1   (append) */
    0xFFF2004F,                /* 02B8  jmp -14 */
    0x00000102,                /* 02B9  return L0 count=1 */
    0x00770342,                /* 02BA  gget L3 <- g119   (bytes) */
    0x00040040,                /* 02BB  i8 L4 <- 0 */
    0x000301A0, 0x00010000,    /* 02BC  call base=L3 argc=1 nres=1 */
    0x00000341,                /* 02BE  move L0 <- L3 */
    0x000B0346,                /* 02BF  lconst L3 <- static#11   ("code") */
    0x00040098, 0x80000003,    /* 02C0  getidx L4 <- P0[L3] */
    0x000500AE, 0x00040000,    /* 02C2  iter L5 <- L4 */
    0x000100AF, 0x0005000F,    /* 02C4  itnext L1 <- L5, done +15 */
    0x00770642,                /* 02C6  gget L6 <- g119   (bytes) */
    0x00070440,                /* 02C7  i8 L7 <- 4 */
    0x000601A0, 0x00010000,    /* 02C8  call base=L6 argc=1 nres=1 */
    0x00020641,                /* 02CA  move L2 <- L6 */
    0x00060241,                /* 02CB  move L6 <- L2 */
    0x00070040,                /* 02CC  i8 L7 <- 0 */
    0x00080141,                /* 02CD  move L8 <- L1 */
    0x000602A2, 0x00010001,    /* 02CE  msg base=L6 argc=2 msg#1 nres=1   (pack_u32) */
    0x00060041,                /* 02D0  move L6 <- L0 */
    0x00070241,                /* 02D1  move L7 <- L2 */
    0x000601A2, 0x00000001,    /* 02D2  msg base=L6 argc=1 msg#0 nres=1   (append) */
    0xFFEF004F,                /* 02D4  jmp -17 */
    0x00000102,                /* 02D5  return L0 count=1 */
    0x00000083, 0x000A0000,    /* 02D6  dict L0 <- L10, 0 pairs */
    0x00510A42,                /* 02D8  gget L10 <- g81   (encode_document) */
    0x00040B42,                /* 02D9  gget L11 <- g4   (_header_doc) */
    0x000C8041,                /* 02DA  move L12 <- P0 */
    0x000B01A0, 0x00010000,    /* 02DB  call base=L11 argc=1 nres=1 */
    0x000A01A0, 0x00010000,    /* 02DD  call base=L10 argc=1 nres=1 */
    0x00010A41,                /* 02DF  move L1 <- L10 */
    0x00450A46,                /* 02E0  lconst L10 <- static#69   ("error") */
    0x000B0097, 0x0001000A,    /* 02E1  is L11 <- L1 is L10 */
    0x00010B4B,                /* 02E3  jf L11, +1 */
    0x00010102,                /* 02E4  return L1 count=1 */
    0x00270A42,                /* 02E5  gget L10 <- g39   (SEC_HEADER) */
    0x000B0141,                /* 02E6  move L11 <- L1 */
    0x00000099, 0x000A000B,    /* 02E7  setidx L0[L10] <- L11 */
    0x00050A46,                /* 02E9  lconst L10 <- static#5   ("statics") */
    0x000B0098, 0x8000000A,    /* 02EA  getidx L11 <- P0[L10] */
    0x001F0C46,                /* 02EC  lconst L12 <- static#31   ("nil") */
    0x000D0097, 0x000B000C,    /* 02ED  is L13 <- L11 is L12 */
    0x000E0D4A,                /* 02EF  not L14 <- L13 */
    0x00110E4B,                /* 02F0  jf L14, +17 */
    0x00500A42,                /* 02F1  gget L10 <- g80   (encode_array) */
    0x00050B46,                /* 02F2  lconst L11 <- static#5   ("statics") */
    0x000C0098, 0x8000000B,    /* 02F3  getidx L12 <- P0[L11] */
    0x000B0C41,                /* 02F5  move L11 <- L12 */
    0x000A01A0, 0x00010000,    /* 02F6  call base=L10 argc=1 nres=1 */
    0x00020A41,                /* 02F8  move L2 <- L10 */
    0x00450A46,                /* 02F9  lconst L10 <- static#69   ("error") */
    0x000B0097, 0x0002000A,    /* 02FA  is L11 <- L2 is L10 */
    0x00010B4B,                /* 02FC  jf L11, +1 */
    0x00020102,                /* 02FD  return L2 count=1 */
    0x00280A42,                /* 02FE  gget L10 <- g40   (SEC_STATICS) */
    0x000B0241,                /* 02FF  move L11 <- L2 */
    0x00000099, 0x000A000B,    /* 0300  setidx L0[L10] <- L11 */
    0x00060A46,                /* 0302  lconst L10 <- static#6   ("slot_defaults") */
    0x000B0098, 0x8000000A,    /* 0303  getidx L11 <- P0[L10] */
    0x001F0C46,                /* 0305  lconst L12 <- static#31   ("nil") */
    0x000D0097, 0x000B000C,    /* 0306  is L13 <- L11 is L12 */
    0x000E0D4A,                /* 0308  not L14 <- L13 */
    0x00110E4B,                /* 0309  jf L14, +17 */
    0x00510A42,                /* 030A  gget L10 <- g81   (encode_document) */
    0x00060B46,                /* 030B  lconst L11 <- static#6   ("slot_defaults") */
    0x000C0098, 0x8000000B,    /* 030C  getidx L12 <- P0[L11] */
    0x000B0C41,                /* 030E  move L11 <- L12 */
    0x000A01A0, 0x00010000,    /* 030F  call base=L10 argc=1 nres=1 */
    0x00030A41,                /* 0311  move L3 <- L10 */
    0x00450A46,                /* 0312  lconst L10 <- static#69   ("error") */
    0x000B0097, 0x0003000A,    /* 0313  is L11 <- L3 is L10 */
    0x00010B4B,                /* 0315  jf L11, +1 */
    0x00030102,                /* 0316  return L3 count=1 */
    0x00290A42,                /* 0317  gget L10 <- g41   (SEC_SLOT_DEFAULTS) */
    0x000B0341,                /* 0318  move L11 <- L3 */
    0x00000099, 0x000A000B,    /* 0319  setidx L0[L10] <- L11 */
    0x00070A46,                /* 031B  lconst L10 <- static#7   ("symbols") */
    0x000B0098, 0x8000000A,    /* 031C  getidx L11 <- P0[L10] */
    0x001F0C46,                /* 031E  lconst L12 <- static#31   ("nil") */
    0x000D0097, 0x000B000C,    /* 031F  is L13 <- L11 is L12 */
    0x000E0D4A,                /* 0321  not L14 <- L13 */
    0x00110E4B,                /* 0322  jf L14, +17 */
    0x00500A42,                /* 0323  gget L10 <- g80   (encode_array) */
    0x00070B46,                /* 0324  lconst L11 <- static#7   ("symbols") */
    0x000C0098, 0x8000000B,    /* 0325  getidx L12 <- P0[L11] */
    0x000B0C41,                /* 0327  move L11 <- L12 */
    0x000A01A0, 0x00010000,    /* 0328  call base=L10 argc=1 nres=1 */
    0x00040A41,                /* 032A  move L4 <- L10 */
    0x00450A46,                /* 032B  lconst L10 <- static#69   ("error") */
    0x000B0097, 0x0004000A,    /* 032C  is L11 <- L4 is L10 */
    0x00010B4B,                /* 032E  jf L11, +1 */
    0x00040102,                /* 032F  return L4 count=1 */
    0x002A0A42,                /* 0330  gget L10 <- g42   (SEC_SYMBOLS) */
    0x000B0441,                /* 0331  move L11 <- L4 */
    0x00000099, 0x000A000B,    /* 0332  setidx L0[L10] <- L11 */
    0x00080A46,                /* 0334  lconst L10 <- static#8   ("functions") */
    0x000B0098, 0x8000000A,    /* 0335  getidx L11 <- P0[L10] */
    0x001F0C46,                /* 0337  lconst L12 <- static#31   ("nil") */
    0x000D0097, 0x000B000C,    /* 0338  is L13 <- L11 is L12 */
    0x000E0D4A,                /* 033A  not L14 <- L13 */
    0x00110E4B,                /* 033B  jf L14, +17 */
    0x00500A42,                /* 033C  gget L10 <- g80   (encode_array) */
    0x00060B42,                /* 033D  gget L11 <- g6   (_function_docs) */
    0x000C8041,                /* 033E  move L12 <- P0 */
    0x000B01A0, 0x00010000,    /* 033F  call base=L11 argc=1 nres=1 */
    0x000A01A0, 0x00010000,    /* 0341  call base=L10 argc=1 nres=1 */
    0x00050A41,                /* 0343  move L5 <- L10 */
    0x00450A46,                /* 0344  lconst L10 <- static#69   ("error") */
    0x000B0097, 0x0005000A,    /* 0345  is L11 <- L5 is L10 */
    0x00010B4B,                /* 0347  jf L11, +1 */
    0x00050102,                /* 0348  return L5 count=1 */
    0x002B0A42,                /* 0349  gget L10 <- g43   (SEC_FUNCTIONS) */
    0x000B0541,                /* 034A  move L11 <- L5 */
    0x00000099, 0x000A000B,    /* 034B  setidx L0[L10] <- L11 */
    0x00090A46,                /* 034D  lconst L10 <- static#9   ("classes") */
    0x000B0098, 0x8000000A,    /* 034E  getidx L11 <- P0[L10] */
    0x001F0C46,                /* 0350  lconst L12 <- static#31   ("nil") */
    0x000D0097, 0x000B000C,    /* 0351  is L13 <- L11 is L12 */
    0x000E0D4A,                /* 0353  not L14 <- L13 */
    0x00110E4B,                /* 0354  jf L14, +17 */
    0x00500A42,                /* 0355  gget L10 <- g80   (encode_array) */
    0x00090B42,                /* 0356  gget L11 <- g9   (_class_docs) */
    0x000C8041,                /* 0357  move L12 <- P0 */
    0x000B01A0, 0x00010000,    /* 0358  call base=L11 argc=1 nres=1 */
    0x000A01A0, 0x00010000,    /* 035A  call base=L10 argc=1 nres=1 */
    0x00060A41,                /* 035C  move L6 <- L10 */
    0x00450A46,                /* 035D  lconst L10 <- static#69   ("error") */
    0x000B0097, 0x0006000A,    /* 035E  is L11 <- L6 is L10 */
    0x00010B4B,                /* 0360  jf L11, +1 */
    0x00060102,                /* 0361  return L6 count=1 */
    0x002C0A42,                /* 0362  gget L10 <- g44   (SEC_CLASSES) */
    0x000B0641,                /* 0363  move L11 <- L6 */
    0x00000099, 0x000A000B,    /* 0364  setidx L0[L10] <- L11 */
    0x000A0A46,                /* 0366  lconst L10 <- static#10   ("messages") */
    0x000B0098, 0x8000000A,    /* 0367  getidx L11 <- P0[L10] */
    0x001F0C46,                /* 0369  lconst L12 <- static#31   ("nil") */
    0x000D0097, 0x000B000C,    /* 036A  is L13 <- L11 is L12 */
    0x000E0D4A,                /* 036C  not L14 <- L13 */
    0x00110E4B,                /* 036D  jf L14, +17 */
    0x00500A42,                /* 036E  gget L10 <- g80   (encode_array) */
    0x000A0B42,                /* 036F  gget L11 <- g10   (_message_docs) */
    0x000C8041,                /* 0370  move L12 <- P0 */
    0x000B01A0, 0x00010000,    /* 0371  call base=L11 argc=1 nres=1 */
    0x000A01A0, 0x00010000,    /* 0373  call base=L10 argc=1 nres=1 */
    0x00070A41,                /* 0375  move L7 <- L10 */
    0x00450A46,                /* 0376  lconst L10 <- static#69   ("error") */
    0x000B0097, 0x0007000A,    /* 0377  is L11 <- L7 is L10 */
    0x00010B4B,                /* 0379  jf L11, +1 */
    0x00070102,                /* 037A  return L7 count=1 */
    0x002D0A42,                /* 037B  gget L10 <- g45   (SEC_MESSAGES) */
    0x000B0741,                /* 037C  move L11 <- L7 */
    0x00000099, 0x000A000B,    /* 037D  setidx L0[L10] <- L11 */
    0x002E0A42,                /* 037F  gget L10 <- g46   (SEC_CODE) */
    0x000B0C42,                /* 0380  gget L12 <- g11   (code_bytes) */
    0x000D8041,                /* 0381  move L13 <- P0 */
    0x000C01A0, 0x00010000,    /* 0382  call base=L12 argc=1 nres=1 */
    0x000B0C41,                /* 0384  move L11 <- L12 */
    0x00000099, 0x000A000B,    /* 0385  setidx L0[L10] <- L11 */
    0x000C0A46,                /* 0387  lconst L10 <- static#12   ("exports") */
    0x000B0098, 0x8000000A,    /* 0388  getidx L11 <- P0[L10] */
    0x001F0C46,                /* 038A  lconst L12 <- static#31   ("nil") */
    0x000D0097, 0x000B000C,    /* 038B  is L13 <- L11 is L12 */
    0x000E0D4A,                /* 038D  not L14 <- L13 */
    0x00110E4B,                /* 038E  jf L14, +17 */
    0x00510A42,                /* 038F  gget L10 <- g81   (encode_document) */
    0x000C0B46,                /* 0390  lconst L11 <- static#12   ("exports") */
    0x000C0098, 0x8000000B,    /* 0391  getidx L12 <- P0[L11] */
    0x000B0C41,                /* 0393  move L11 <- L12 */
    0x000A01A0, 0x00010000,    /* 0394  call base=L10 argc=1 nres=1 */
    0x00080A41,                /* 0396  move L8 <- L10 */
    0x00450A46,                /* 0397  lconst L10 <- static#69   ("error") */
    0x000B0097, 0x0008000A,    /* 0398  is L11 <- L8 is L10 */
    0x00010B4B,                /* 039A  jf L11, +1 */
    0x00080102,                /* 039B  return L8 count=1 */
    0x002F0A42,                /* 039C  gget L10 <- g47   (SEC_EXPORTS) */
    0x000B0841,                /* 039D  move L11 <- L8 */
    0x00000099, 0x000A000B,    /* 039E  setidx L0[L10] <- L11 */
    0x000D0A46,                /* 03A0  lconst L10 <- static#13   ("free") */
    0x000B0098, 0x8000000A,    /* 03A1  getidx L11 <- P0[L10] */
    0x001F0C46,                /* 03A3  lconst L12 <- static#31   ("nil") */
    0x000D0097, 0x000B000C,    /* 03A4  is L13 <- L11 is L12 */
    0x000E0D4A,                /* 03A6  not L14 <- L13 */
    0x00110E4B,                /* 03A7  jf L14, +17 */
    0x00510A42,                /* 03A8  gget L10 <- g81   (encode_document) */
    0x000D0B46,                /* 03A9  lconst L11 <- static#13   ("free") */
    0x000C0098, 0x8000000B,    /* 03AA  getidx L12 <- P0[L11] */
    0x000B0C41,                /* 03AC  move L11 <- L12 */
    0x000A01A0, 0x00010000,    /* 03AD  call base=L10 argc=1 nres=1 */
    0x00090A41,                /* 03AF  move L9 <- L10 */
    0x00450A46,                /* 03B0  lconst L10 <- static#69   ("error") */
    0x000B0097, 0x0009000A,    /* 03B1  is L11 <- L9 is L10 */
    0x00010B4B,                /* 03B3  jf L11, +1 */
    0x00090102,                /* 03B4  return L9 count=1 */
    0x00300A42,                /* 03B5  gget L10 <- g48   (SEC_FREE) */
    0x000B0941,                /* 03B6  move L11 <- L9 */
    0x00000099, 0x000A000B,    /* 03B7  setidx L0[L10] <- L11 */
    0x00000102,                /* 03B9  return L0 count=1 */
    0x000C1442,                /* 03BA  gget L20 <- g12   (sections) */
    0x00158041,                /* 03BB  move L21 <- P0 */
    0x001401A0, 0x00010000,    /* 03BC  call base=L20 argc=1 nres=1 */
    0x00001441,                /* 03BE  move L0 <- L20 */
    0x00451446,                /* 03BF  lconst L20 <- static#69   ("error") */
    0x00150097, 0x00000014,    /* 03C0  is L21 <- L0 is L20 */
    0x0001154B,                /* 03C2  jf L21, +1 */
    0x00000102,                /* 03C3  return L0 count=1 */
    0x00010082, 0x00140000,    /* 03C4  list L1 <- L20, 0 items */
    0x00351442,                /* 03C6  gget L20 <- g53   (ALL_SECTION_IDS) */
    0x001500AE, 0x00140000,    /* 03C7  iter L21 <- L20 */
    0x000800AF, 0x0015000E,    /* 03C9  itnext L8 <- L21, done +14 */
    0x00090098, 0x00000008,    /* 03CB  getidx L9 <- L0[L8] */
    0x0001094E,                /* 03CD  jnerr L9, +1 */
    0x00090003,                /* 03CE  lnil L9 */
    0x001F1646,                /* 03CF  lconst L22 <- static#31   ("nil") */
    0x00170097, 0x00090016,    /* 03D0  is L23 <- L9 is L22 */
    0x0018174A,                /* 03D2  not L24 <- L23 */
    0x0004184B,                /* 03D3  jf L24, +4 */
    0x00160141,                /* 03D4  move L22 <- L1 */
    0x00170841,                /* 03D5  move L23 <- L8 */
    0x001601A2, 0x00000001,    /* 03D6  msg base=L22 argc=1 msg#0 nres=1   (append) */
    0xFFF0004F,                /* 03D8  jmp -16 */
    0x00020040,                /* 03D9  i8 L2 <- 0 */
    0x001400AE, 0x00010000,    /* 03DA  iter L20 <- L1 */
    0x000A00AF, 0x00140004,    /* 03DC  itnext L10 <- L20, done +4 */
    0x00150140,                /* 03DE  i8 L21 <- 1 */
    0x00020085, 0x00020015,    /* 03DF  add L2 <- L2 + L21 */
    0xFFFA004F,                /* 03E1  jmp -6 */
    0x00771442,                /* 03E2  gget L20 <- g119   (bytes) */
    0x00150840,                /* 03E3  i8 L21 <- 8 */
    0x001401A0, 0x00010000,    /* 03E4  call base=L20 argc=1 nres=1 */
    0x00031441,                /* 03E6  move L3 <- L20 */
    0x00140341,                /* 03E7  move L20 <- L3 */
    0x00150040,                /* 03E8  i8 L21 <- 0 */
    0x00311642,                /* 03E9  gget L22 <- g49   (WYC_MAGIC_W) */
    0x001402A2, 0x00020001,    /* 03EA  msg base=L20 argc=2 msg#2 nres=1   (pack_u8) */
    0x00140341,                /* 03EC  move L20 <- L3 */
    0x00150140,                /* 03ED  i8 L21 <- 1 */
    0x00321642,                /* 03EE  gget L22 <- g50   (WYC_MAGIC_Y) */
    0x001402A2, 0x00020001,    /* 03EF  msg base=L20 argc=2 msg#2 nres=1   (pack_u8) */
    0x00140341,                /* 03F1  move L20 <- L3 */
    0x00150240,                /* 03F2  i8 L21 <- 2 */
    0x00331642,                /* 03F3  gget L22 <- g51   (WYC_MAGIC_C) */
    0x001402A2, 0x00020001,    /* 03F4  msg base=L20 argc=2 msg#2 nres=1   (pack_u8) */
    0x00140341,                /* 03F6  move L20 <- L3 */
    0x00150340,                /* 03F7  i8 L21 <- 3 */
    0x00160040,                /* 03F8  i8 L22 <- 0 */
    0x001402A2, 0x00020001,    /* 03F9  msg base=L20 argc=2 msg#2 nres=1   (pack_u8) */
    0x00140341,                /* 03FB  move L20 <- L3 */
    0x00150440,                /* 03FC  i8 L21 <- 4 */
    0x00341642,                /* 03FD  gget L22 <- g52   (CONTAINER_VERSION) */
    0x001402A2, 0x00020001,    /* 03FE  msg base=L20 argc=2 msg#2 nres=1   (pack_u8) */
    0x00140341,                /* 0400  move L20 <- L3 */
    0x00150540,                /* 0401  i8 L21 <- 5 */
    0x00160241,                /* 0402  move L22 <- L2 */
    0x001402A2, 0x00020001,    /* 0403  msg base=L20 argc=2 msg#2 nres=1   (pack_u8) */
    0x00140341,                /* 0405  move L20 <- L3 */
    0x00150640,                /* 0406  i8 L21 <- 6 */
    0x00160040,                /* 0407  i8 L22 <- 0 */
    0x001402A2, 0x00020001,    /* 0408  msg base=L20 argc=2 msg#2 nres=1   (pack_u8) */
    0x00140341,                /* 040A  move L20 <- L3 */
    0x00150740,                /* 040B  i8 L21 <- 7 */
    0x00160040,                /* 040C  i8 L22 <- 0 */
    0x001402A2, 0x00020001,    /* 040D  msg base=L20 argc=2 msg#2 nres=1   (pack_u8) */
    0x00140840,                /* 040F  i8 L20 <- 8 */
    0x00150C40,                /* 0410  i8 L21 <- 12 */
    0x00160087, 0x00150002,    /* 0411  mul L22 <- L21 * L2 */
    0x00040085, 0x00140016,    /* 0413  add L4 <- L20 + L22 */
    0x00771442,                /* 0415  gget L20 <- g119   (bytes) */
    0x00150040,                /* 0416  i8 L21 <- 0 */
    0x001401A0, 0x00010000,    /* 0417  call base=L20 argc=1 nres=1 */
    0x00051441,                /* 0419  move L5 <- L20 */
    0x00771442,                /* 041A  gget L20 <- g119   (bytes) */
    0x00150040,                /* 041B  i8 L21 <- 0 */
    0x001401A0, 0x00010000,    /* 041C  call base=L20 argc=1 nres=1 */
    0x00061441,                /* 041E  move L6 <- L20 */
    0x001400AE, 0x00010000,    /* 041F  iter L20 <- L1 */
    0x000B00AF, 0x00140054,    /* 0421  itnext L11 <- L20, done +84 */
    0x000C0098, 0x0000000B,    /* 0423  getidx L12 <- L0[L11] */
    0x00761542,                /* 0425  gget L21 <- g118   (len) */
    0x00160C41,                /* 0426  move L22 <- L12 */
    0x001501A0, 0x00010000,    /* 0427  call base=L21 argc=1 nres=1 */
    0x000D1541,                /* 0429  move L13 <- L21 */
    0x00761542,                /* 042A  gget L21 <- g118   (len) */
    0x00160541,                /* 042B  move L22 <- L5 */
    0x001501A0, 0x00010000,    /* 042C  call base=L21 argc=1 nres=1 */
    0x000E1541,                /* 042E  move L14 <- L21 */
    0x000F0085, 0x0004000E,    /* 042F  add L15 <- L4 + L14 */
    0x00771542,                /* 0431  gget L21 <- g119   (bytes) */
    0x00160C40,                /* 0432  i8 L22 <- 12 */
    0x001501A0, 0x00010000,    /* 0433  call base=L21 argc=1 nres=1 */
    0x00101541,                /* 0435  move L16 <- L21 */
    0x00151041,                /* 0436  move L21 <- L16 */
    0x00160040,                /* 0437  i8 L22 <- 0 */
    0x00170B41,                /* 0438  move L23 <- L11 */
    0x001502A2, 0x00020001,    /* 0439  msg base=L21 argc=2 msg#2 nres=1   (pack_u8) */
    0x00151041,                /* 043B  move L21 <- L16 */
    0x00160140,                /* 043C  i8 L22 <- 1 */
    0x00170040,                /* 043D  i8 L23 <- 0 */
    0x001502A2, 0x00020001,    /* 043E  msg base=L21 argc=2 msg#2 nres=1   (pack_u8) */
    0x00151041,                /* 0440  move L21 <- L16 */
    0x00160240,                /* 0441  i8 L22 <- 2 */
    0x00170040,                /* 0442  i8 L23 <- 0 */
    0x001502A2, 0x00020001,    /* 0443  msg base=L21 argc=2 msg#2 nres=1   (pack_u8) */
    0x00151041,                /* 0445  move L21 <- L16 */
    0x00160340,                /* 0446  i8 L22 <- 3 */
    0x00170040,                /* 0447  i8 L23 <- 0 */
    0x001502A2, 0x00020001,    /* 0448  msg base=L21 argc=2 msg#2 nres=1   (pack_u8) */
    0x00151041,                /* 044A  move L21 <- L16 */
    0x00160440,                /* 044B  i8 L22 <- 4 */
    0x00170F41,                /* 044C  move L23 <- L15 */
    0x001502A2, 0x00010001,    /* 044D  msg base=L21 argc=2 msg#1 nres=1   (pack_u32) */
    0x00151041,                /* 044F  move L21 <- L16 */
    0x00160840,                /* 0450  i8 L22 <- 8 */
    0x00170D41,                /* 0451  move L23 <- L13 */
    0x001502A2, 0x00010001,    /* 0452  msg base=L21 argc=2 msg#1 nres=1   (pack_u32) */
    0x00150641,                /* 0454  move L21 <- L6 */
    0x00161041,                /* 0455  move L22 <- L16 */
    0x001501A2, 0x00000001,    /* 0456  msg base=L21 argc=1 msg#0 nres=1   (append) */
    0x00150541,                /* 0458  move L21 <- L5 */
    0x00160C41,                /* 0459  move L22 <- L12 */
    0x001501A2, 0x00000001,    /* 045A  msg base=L21 argc=1 msg#0 nres=1   (append) */
    0x00761542,                /* 045C  gget L21 <- g118   (len) */
    0x00160541,                /* 045D  move L22 <- L5 */
    0x001501A0, 0x00010000,    /* 045E  call base=L21 argc=1 nres=1 */
    0x00111541,                /* 0460  move L17 <- L21 */
    0x00150440,                /* 0461  i8 L21 <- 4 */
    0x00160440,                /* 0462  i8 L22 <- 4 */
    0x00170089, 0x00110016,    /* 0463  mod L23 <- L17 % L22 */
    0x00180086, 0x00150017,    /* 0465  sub L24 <- L21 - L23 */
    0x00190440,                /* 0467  i8 L25 <- 4 */
    0x00120089, 0x00180019,    /* 0468  mod L18 <- L24 % L25 */
    0x00130040,                /* 046A  i8 L19 <- 0 */
    0x00150091, 0x00130012,    /* 046B  lt L21 <- L19 < L18 */
    0x0008154B,                /* 046D  jf L21, +8 */
    0x00150541,                /* 046E  move L21 <- L5 */
    0x00160040,                /* 046F  i8 L22 <- 0 */
    0x001501A2, 0x00000001,    /* 0470  msg base=L21 argc=1 msg#0 nres=1   (append) */
    0x00150140,                /* 0472  i8 L21 <- 1 */
    0x00130085, 0x00130015,    /* 0473  add L19 <- L19 + L21 */
    0xFFF5004F,                /* 0475  jmp -11 */
    0xFFAA004F,                /* 0476  jmp -86 */
    0x00771442,                /* 0477  gget L20 <- g119   (bytes) */
    0x00150040,                /* 0478  i8 L21 <- 0 */
    0x001401A0, 0x00010000,    /* 0479  call base=L20 argc=1 nres=1 */
    0x00071441,                /* 047B  move L7 <- L20 */
    0x00140741,                /* 047C  move L20 <- L7 */
    0x00150341,                /* 047D  move L21 <- L3 */
    0x001401A2, 0x00000001,    /* 047E  msg base=L20 argc=1 msg#0 nres=1   (append) */
    0x00140741,                /* 0480  move L20 <- L7 */
    0x00150641,                /* 0481  move L21 <- L6 */
    0x001401A2, 0x00000001,    /* 0482  msg base=L20 argc=1 msg#0 nres=1   (append) */
    0x00140741,                /* 0484  move L20 <- L7 */
    0x00150541,                /* 0485  move L21 <- L5 */
    0x001401A2, 0x00000001,    /* 0486  msg base=L20 argc=1 msg#0 nres=1   (append) */
    0x00070102,                /* 0488  return L7 count=1 */
    0x00760542,                /* 0489  gget L5 <- g118   (len) */
    0x00068041,                /* 048A  move L6 <- P0 */
    0x000501A0, 0x00010000,    /* 048B  call base=L5 argc=1 nres=1 */
    0x00000541,                /* 048D  move L0 <- L5 */
    0x00050040,                /* 048E  i8 L5 <- 0 */
    0x0006008F, 0x00000005,    /* 048F  eq L6 <- L0 == L5 */
    0x0002064B,                /* 0491  jf L6, +2 */
    0x00460546,                /* 0492  lconst L5 <- static#70   ("") */
    0x00050102,                /* 0493  return L5 count=1 */
    0x00018041,                /* 0494  move L1 <- P0 */
    0x00760542,                /* 0495  gget L5 <- g118   (len) */
    0x00060141,                /* 0496  move L6 <- L1 */
    0x000501A0, 0x00010000,    /* 0497  call base=L5 argc=1 nres=1 */
    0x00060140,                /* 0499  i8 L6 <- 1 */
    0x00070093, 0x00050006,    /* 049A  gt L7 <- L5 > L6 */
    0x002C074B,                /* 049C  jf L7, +44 */
    0x00020082, 0x00050000,    /* 049D  list L2 <- L5, 0 items */
    0x00030040,                /* 049F  i8 L3 <- 0 */
    0x00760542,                /* 04A0  gget L5 <- g118   (len) */
    0x00060141,                /* 04A1  move L6 <- L1 */
    0x000501A0, 0x00010000,    /* 04A2  call base=L5 argc=1 nres=1 */
    0x00040541,                /* 04A4  move L4 <- L5 */
    0x00050091, 0x00030004,    /* 04A5  lt L5 <- L3 < L4 */
    0x001F054B,                /* 04A7  jf L5, +31 */
    0x00050140,                /* 04A8  i8 L5 <- 1 */
    0x00060085, 0x00030005,    /* 04A9  add L6 <- L3 + L5 */
    0x00070091, 0x00060004,    /* 04AB  lt L7 <- L6 < L4 */
    0x0010074B,                /* 04AD  jf L7, +16 */
    0x00050241,                /* 04AE  move L5 <- L2 */
    0x00060098, 0x00010003,    /* 04AF  getidx L6 <- L1[L3] */
    0x00070085, 0x00068001,    /* 04B1  add L7 <- L6 + P1 */
    0x00080140,                /* 04B3  i8 L8 <- 1 */
    0x00090085, 0x00030008,    /* 04B4  add L9 <- L3 + L8 */
    0x000A0098, 0x00010009,    /* 04B6  getidx L10 <- L1[L9] */
    0x000B0085, 0x0007000A,    /* 04B8  add L11 <- L7 + L10 */
    0x00060B41,                /* 04BA  move L6 <- L11 */
    0x000501A2, 0x00000001,    /* 04BB  msg base=L5 argc=1 msg#0 nres=1   (append) */
    0x0005004F,                /* 04BD  jmp +5 */
    0x00050241,                /* 04BE  move L5 <- L2 */
    0x00060098, 0x00010003,    /* 04BF  getidx L6 <- L1[L3] */
    0x000501A2, 0x00000001,    /* 04C1  msg base=L5 argc=1 msg#0 nres=1   (append) */
    0x00050240,                /* 04C3  i8 L5 <- 2 */
    0x00030085, 0x00030005,    /* 04C4  add L3 <- L3 + L5 */
    0xFFDE004F,                /* 04C6  jmp -34 */
    0x00010241,                /* 04C7  move L1 <- L2 */
    0xFFCC004F,                /* 04C8  jmp -52 */
    0x00050040,                /* 04C9  i8 L5 <- 0 */
    0x00060098, 0x00010005,    /* 04CA  getidx L6 <- L1[L5] */
    0x00060102,                /* 04CC  return L6 count=1 */
    0x00760042,                /* 04CD  gget L0 <- g118   (len) */
    0x00018041,                /* 04CE  move L1 <- P0 */
    0x000001A0, 0x00010000,    /* 04CF  call base=L0 argc=1 nres=1 */
    0x00010091, 0x00008001,    /* 04D1  lt L1 <- L0 < P1 */
    0x0004014B,                /* 04D3  jf L1, +4 */
    0x00470046,                /* 04D4  lconst L0 <- static#71   (" ") */
    0x80000085, 0x80000000,    /* 04D5  add P0 <- P0 + L0 */
    0xFFF5004F,                /* 04D7  jmp -11 */
    0x00008041,                /* 04D8  move L0 <- P0 */
    0x00000102,                /* 04D9  return L0 count=1 */
    0x00650042,                /* 04DA  gget L0 <- g101   (_hex_digits) */
    0x00018041,                /* 04DB  move L1 <- P0 */
    0x00020440,                /* 04DC  i8 L2 <- 4 */
    0x000002A0, 0x00010000,    /* 04DD  call base=L0 argc=2 nres=1 */
    0x00000102,                /* 04DF  return L0 count=1 */
    0x00650042,                /* 04E0  gget L0 <- g101   (_hex_digits) */
    0x00018041,                /* 04E1  move L1 <- P0 */
    0x00020840,                /* 04E2  i8 L2 <- 8 */
    0x000002A0, 0x00010000,    /* 04E3  call base=L0 argc=2 nres=1 */
    0x00000102,                /* 04E5  return L0 count=1 */
    0x00000083, 0x00020000,    /* 04E6  dict L0 <- L2, 0 pairs */
    0x00028141,                /* 04E8  move L2 <- P1 */
    0x00000099, 0x80000002,    /* 04E9  setidx L0[P0] <- L2 */
    0x00510242,                /* 04EB  gget L2 <- g81   (encode_document) */
    0x00030041,                /* 04EC  move L3 <- L0 */
    0x000201A0, 0x00010000,    /* 04ED  call base=L2 argc=1 nres=1 */
    0x00010241,                /* 04EF  move L1 <- L2 */
    0x00450246,                /* 04F0  lconst L2 <- static#69   ("error") */
    0x00030097, 0x00010002,    /* 04F1  is L3 <- L1 is L2 */
    0x0001034B,                /* 04F3  jf L3, +1 */
    0x00010102,                /* 04F4  return L1 count=1 */
    0x00760242,                /* 04F5  gget L2 <- g118   (len) */
    0x00030141,                /* 04F6  move L3 <- L1 */
    0x000201A0, 0x00010000,    /* 04F7  call base=L2 argc=1 nres=1 */
    0x00030540,                /* 04F9  i8 L3 <- 5 */
    0x00040086, 0x00020003,    /* 04FA  sub L4 <- L2 - L3 */
    0x00040102,                /* 04FC  return L4 count=1 */
    0x001F0046,                /* 04FD  lconst L0 <- static#31   ("nil") */
    0x00010097, 0x80000000,    /* 04FE  is L1 <- P0 is L0 */
    0x0002014B,                /* 0500  jf L1, +2 */
    0x001F0046,                /* 0501  lconst L0 <- static#31   ("nil") */
    0x00000102,                /* 0502  return L0 count=1 */
    0x00480046,                /* 0503  lconst L0 <- static#72   ("bool") */
    0x00010097, 0x80000000,    /* 0504  is L1 <- P0 is L0 */
    0x0002014B,                /* 0506  jf L1, +2 */
    0x00480046,                /* 0507  lconst L0 <- static#72   ("bool") */
    0x00000102,                /* 0508  return L0 count=1 */
    0x00490046,                /* 0509  lconst L0 <- static#73   ("int") */
    0x00010097, 0x80000000,    /* 050A  is L1 <- P0 is L0 */
    0x0002014B,                /* 050C  jf L1, +2 */
    0x00490046,                /* 050D  lconst L0 <- static#73   ("int") */
    0x00000102,                /* 050E  return L0 count=1 */
    0x004A0046,                /* 050F  lconst L0 <- static#74   ("float") */
    0x00010097, 0x80000000,    /* 0510  is L1 <- P0 is L0 */
    0x0002014B,                /* 0512  jf L1, +2 */
    0x004B0046,                /* 0513  lconst L0 <- static#75   ("f64") */
    0x00000102,                /* 0514  return L0 count=1 */
    0x004C0046,                /* 0515  lconst L0 <- static#76   ("str") */
    0x00010097, 0x80000000,    /* 0516  is L1 <- P0 is L0 */
    0x0002014B,                /* 0518  jf L1, +2 */
    0x004C0046,                /* 0519  lconst L0 <- static#76   ("str") */
    0x00000102,                /* 051A  return L0 count=1 */
    0x004D0046,                /* 051B  lconst L0 <- static#77   ("bin") */
    0x00000102,                /* 051C  return L0 count=1 */
    0x00460046,                /* 051D  lconst L0 <- static#70   ("") */
    0x00010040,                /* 051E  i8 L1 <- 0 */
    0x00760442,                /* 051F  gget L4 <- g118   (len) */
    0x00058041,                /* 0520  move L5 <- P0 */
    0x000401A0, 0x00010000,    /* 0521  call base=L4 argc=1 nres=1 */
    0x00020441,                /* 0523  move L2 <- L4 */
    0x00040091, 0x00010002,    /* 0524  lt L4 <- L1 < L2 */
    0x0058044B,                /* 0526  jf L4, +88 */
    0x00030098, 0x80000001,    /* 0527  getidx L3 <- P0[L1] */
    0x00045C40,                /* 0529  i8 L4 <- 92 */
    0x0005008F, 0x00030004,    /* 052A  eq L5 <- L3 == L4 */
    0x000D054B,                /* 052C  jf L5, +13 */
    0x005F0442,                /* 052D  gget L4 <- g95   (_char_from_cp) */
    0x00055C40,                /* 052E  i8 L5 <- 92 */
    0x000401A0, 0x00010000,    /* 052F  call base=L4 argc=1 nres=1 */
    0x00050085, 0x00000004,    /* 0531  add L5 <- L0 + L4 */
    0x005F0642,                /* 0533  gget L6 <- g95   (_char_from_cp) */
    0x00075C40,                /* 0534  i8 L7 <- 92 */
    0x000601A0, 0x00010000,    /* 0535  call base=L6 argc=1 nres=1 */
    0x00000085, 0x00050006,    /* 0537  add L0 <- L5 + L6 */
    0x0041004F,                /* 0539  jmp +65 */
    0x00042240,                /* 053A  i8 L4 <- 34 */
    0x0005008F, 0x00030004,    /* 053B  eq L5 <- L3 == L4 */
    0x000D054B,                /* 053D  jf L5, +13 */
    0x005F0442,                /* 053E  gget L4 <- g95   (_char_from_cp) */
    0x00055C40,                /* 053F  i8 L5 <- 92 */
    0x000401A0, 0x00010000,    /* 0540  call base=L4 argc=1 nres=1 */
    0x00050085, 0x00000004,    /* 0542  add L5 <- L0 + L4 */
    0x005F0642,                /* 0544  gget L6 <- g95   (_char_from_cp) */
    0x00072240,                /* 0545  i8 L7 <- 34 */
    0x000601A0, 0x00010000,    /* 0546  call base=L6 argc=1 nres=1 */
    0x00000085, 0x00050006,    /* 0548  add L0 <- L5 + L6 */
    0x0030004F,                /* 054A  jmp +48 */
    0x00040A40,                /* 054B  i8 L4 <- 10 */
    0x0005008F, 0x00030004,    /* 054C  eq L5 <- L3 == L4 */
    0x000A054B,                /* 054E  jf L5, +10 */
    0x005F0442,                /* 054F  gget L4 <- g95   (_char_from_cp) */
    0x00055C40,                /* 0550  i8 L5 <- 92 */
    0x000401A0, 0x00010000,    /* 0551  call base=L4 argc=1 nres=1 */
    0x00050085, 0x00000004,    /* 0553  add L5 <- L0 + L4 */
    0x00270646,                /* 0555  lconst L6 <- static#39   ("n") */
    0x00000085, 0x00050006,    /* 0556  add L0 <- L5 + L6 */
    0x0022004F,                /* 0558  jmp +34 */
    0x00040D40,                /* 0559  i8 L4 <- 13 */
    0x0005008F, 0x00030004,    /* 055A  eq L5 <- L3 == L4 */
    0x000A054B,                /* 055C  jf L5, +10 */
    0x005F0442,                /* 055D  gget L4 <- g95   (_char_from_cp) */
    0x00055C40,                /* 055E  i8 L5 <- 92 */
    0x000401A0, 0x00010000,    /* 055F  call base=L4 argc=1 nres=1 */
    0x00050085, 0x00000004,    /* 0561  add L5 <- L0 + L4 */
    0x003A0646,                /* 0563  lconst L6 <- static#58   ("r") */
    0x00000085, 0x00050006,    /* 0564  add L0 <- L5 + L6 */
    0x0014004F,                /* 0566  jmp +20 */
    0x00040940,                /* 0567  i8 L4 <- 9 */
    0x0005008F, 0x00030004,    /* 0568  eq L5 <- L3 == L4 */
    0x000A054B,                /* 056A  jf L5, +10 */
    0x005F0442,                /* 056B  gget L4 <- g95   (_char_from_cp) */
    0x00055C40,                /* 056C  i8 L5 <- 92 */
    0x000401A0, 0x00010000,    /* 056D  call base=L4 argc=1 nres=1 */
    0x00050085, 0x00000004,    /* 056F  add L5 <- L0 + L4 */
    0x00380646,                /* 0571  lconst L6 <- static#56   ("t") */
    0x00000085, 0x00050006,    /* 0572  add L0 <- L5 + L6 */
    0x0006004F,                /* 0574  jmp +6 */
    0x005F0442,                /* 0575  gget L4 <- g95   (_char_from_cp) */
    0x00050341,                /* 0576  move L5 <- L3 */
    0x000401A0, 0x00010000,    /* 0577  call base=L4 argc=1 nres=1 */
    0x00000085, 0x00000004,    /* 0579  add L0 <- L0 + L4 */
    0x00040140,                /* 057B  i8 L4 <- 1 */
    0x00010085, 0x00010004,    /* 057C  add L1 <- L1 + L4 */
    0xFFA5004F,                /* 057E  jmp -91 */
    0x00000102,                /* 057F  return L0 count=1 */
    0x004C0146,                /* 0580  lconst L1 <- static#76   ("str") */
    0x00020097, 0x80000001,    /* 0581  is L2 <- P0 is L1 */
    0x000E024B,                /* 0583  jf L2, +14 */
    0x005F0142,                /* 0584  gget L1 <- g95   (_char_from_cp) */
    0x00022240,                /* 0585  i8 L2 <- 34 */
    0x000101A0, 0x00010000,    /* 0586  call base=L1 argc=1 nres=1 */
    0x00000141,                /* 0588  move L0 <- L1 */
    0x00140142,                /* 0589  gget L1 <- g20   (_escape_str) */
    0x00028041,                /* 058A  move L2 <- P0 */
    0x000101A0, 0x00010000,    /* 058B  call base=L1 argc=1 nres=1 */
    0x00020085, 0x00000001,    /* 058D  add L2 <- L0 + L1 */
    0x00030085, 0x00020000,    /* 058F  add L3 <- L2 + L0 */
    0x00030102,                /* 0591  return L3 count=1 */
    0x001F0146,                /* 0592  lconst L1 <- static#31   ("nil") */
    0x00020097, 0x80000001,    /* 0593  is L2 <- P0 is L1 */
    0x0002024B,                /* 0595  jf L2, +2 */
    0x001F0146,                /* 0596  lconst L1 <- static#31   ("nil") */
    0x00010102,                /* 0597  return L1 count=1 */
    0x00480146,                /* 0598  lconst L1 <- static#72   ("bool") */
    0x00020097, 0x80000001,    /* 0599  is L2 <- P0 is L1 */
    0x0005024B,                /* 059B  jf L2, +5 */
    0x0002804B,                /* 059C  jf P0, +2 */
    0x004E0146,                /* 059D  lconst L1 <- static#78   ("true") */
    0x00010102,                /* 059E  return L1 count=1 */
    0x004F0146,                /* 059F  lconst L1 <- static#79   ("false") */
    0x00010102,                /* 05A0  return L1 count=1 */
    0x004A0146,                /* 05A1  lconst L1 <- static#74   ("float") */
    0x00020097, 0x80000001,    /* 05A2  is L2 <- P0 is L1 */
    0x0005024B,                /* 05A4  jf L2, +5 */
    0x00780142,                /* 05A5  gget L1 <- g120   (str) */
    0x00028041,                /* 05A6  move L2 <- P0 */
    0x000101A0, 0x00010000,    /* 05A7  call base=L1 argc=1 nres=1 */
    0x00010102,                /* 05A9  return L1 count=1 */
    0x00490146,                /* 05AA  lconst L1 <- static#73   ("int") */
    0x00020097, 0x80000001,    /* 05AB  is L2 <- P0 is L1 */
    0x0005024B,                /* 05AD  jf L2, +5 */
    0x00780142,                /* 05AE  gget L1 <- g120   (str) */
    0x00028041,                /* 05AF  move L2 <- P0 */
    0x000101A0, 0x00010000,    /* 05B0  call base=L1 argc=1 nres=1 */
    0x00010102,                /* 05B2  return L1 count=1 */
    0x00780142,                /* 05B3  gget L1 <- g120   (str) */
    0x00760242,                /* 05B4  gget L2 <- g118   (len) */
    0x00038041,                /* 05B5  move L3 <- P0 */
    0x000201A0, 0x00010000,    /* 05B6  call base=L2 argc=1 nres=1 */
    0x000101A0, 0x00010000,    /* 05B8  call base=L1 argc=1 nres=1 */
    0x00500246,                /* 05BA  lconst L2 <- static#80   (" bytes") */
    0x00030085, 0x00010002,    /* 05BB  add L3 <- L1 + L2 */
    0x00030102,                /* 05BD  return L3 count=1 */
    0x00510246,                /* 05BE  lconst L2 <- static#81   ("list") */
    0x00030097, 0x80000002,    /* 05BF  is L3 <- P0 is L2 */
    0x001A034B,                /* 05C1  jf L3, +26 */
    0x00000082, 0x00020000,    /* 05C2  list L0 <- L2, 0 items */
    0x000200AE, 0x80000000,    /* 05C4  iter L2 <- P0 */
    0x000100AF, 0x00020008,    /* 05C6  itnext L1 <- L2, done +8 */
    0x00030041,                /* 05C8  move L3 <- L0 */
    0x00780442,                /* 05C9  gget L4 <- g120   (str) */
    0x00050141,                /* 05CA  move L5 <- L1 */
    0x000401A0, 0x00010000,    /* 05CB  call base=L4 argc=1 nres=1 */
    0x000301A2, 0x00000001,    /* 05CD  msg base=L3 argc=1 msg#0 nres=1   (append) */
    0xFFF6004F,                /* 05CF  jmp -10 */
    0x00520246,                /* 05D0  lconst L2 <- static#82   ("[") */
    0x000E0342,                /* 05D1  gget L3 <- g14   (_join) */
    0x00040041,                /* 05D2  move L4 <- L0 */
    0x00530546,                /* 05D3  lconst L5 <- static#83   (", ") */
    0x000302A0, 0x00010000,    /* 05D4  call base=L3 argc=2 nres=1 */
    0x00040085, 0x00020003,    /* 05D6  add L4 <- L2 + L3 */
    0x00540546,                /* 05D8  lconst L5 <- static#84   ("]") */
    0x00060085, 0x00040005,    /* 05D9  add L6 <- L4 + L5 */
    0x00060102,                /* 05DB  return L6 count=1 */
    0x00150242,                /* 05DC  gget L2 <- g21   (_static_repr) */
    0x00038041,                /* 05DD  move L3 <- P0 */
    0x000201A0, 0x00010000,    /* 05DE  call base=L2 argc=1 nres=1 */
    0x00020102,                /* 05E0  return L2 count=1 */
    0x00000082, 0x00020000,    /* 05E1  list L0 <- L2, 0 items */
    0x00200246,                /* 05E3  lconst L2 <- static#32   ("params") */
    0x00030098, 0x80010002,    /* 05E4  getidx L3 <- P1[L2] */
    0x000400AE, 0x00030000,    /* 05E6  iter L4 <- L3 */
    0x000100AF, 0x00040008,    /* 05E8  itnext L1 <- L4, done +8 */
    0x00050041,                /* 05EA  move L5 <- L0 */
    0x00180646,                /* 05EB  lconst L6 <- static#24   ("name") */
    0x00070098, 0x00010006,    /* 05EC  getidx L7 <- L1[L6] */
    0x00060741,                /* 05EE  move L6 <- L7 */
    0x000501A2, 0x00000001,    /* 05EF  msg base=L5 argc=1 msg#0 nres=1   (append) */
    0xFFF6004F,                /* 05F1  jmp -10 */
    0x00520246,                /* 05F2  lconst L2 <- static#82   ("[") */
    0x00780342,                /* 05F3  gget L3 <- g120   (str) */
    0x00048041,                /* 05F4  move L4 <- P0 */
    0x000301A0, 0x00010000,    /* 05F5  call base=L3 argc=1 nres=1 */
    0x00040085, 0x00020003,    /* 05F7  add L4 <- L2 + L3 */
    0x00550546,                /* 05F9  lconst L5 <- static#85   ("] ") */
    0x00060085, 0x00040005,    /* 05FA  add L6 <- L4 + L5 */
    0x00180746,                /* 05FC  lconst L7 <- static#24   ("name") */
    0x00080098, 0x80010007,    /* 05FD  getidx L8 <- P1[L7] */
    0x00090085, 0x00060008,    /* 05FF  add L9 <- L6 + L8 */
    0x00560A46,                /* 0601  lconst L10 <- static#86   ("  p:[") */
    0x000B0085, 0x0009000A,    /* 0602  add L11 <- L9 + L10 */
    0x000E0C42,                /* 0604  gget L12 <- g14   (_join) */
    0x000D0041,                /* 0605  move L13 <- L0 */
    0x00530E46,                /* 0606  lconst L14 <- static#83   (", ") */
    0x000C02A0, 0x00010000,    /* 0607  call base=L12 argc=2 nres=1 */
    0x000D0085, 0x000B000C,    /* 0609  add L13 <- L11 + L12 */
    0x00570E46,                /* 060B  lconst L14 <- static#87   ("]  l:") */
    0x000F0085, 0x000D000E,    /* 060C  add L15 <- L13 + L14 */
    0x00781042,                /* 060E  gget L16 <- g120   (str) */
    0x00211146,                /* 060F  lconst L17 <- static#33   ("nlocals") */
    0x00120098, 0x80010011,    /* 0610  getidx L18 <- P1[L17] */
    0x00111241,                /* 0612  move L17 <- L18 */
    0x001001A0, 0x00010000,    /* 0613  call base=L16 argc=1 nres=1 */
    0x00110085, 0x000F0010,    /* 0615  add L17 <- L15 + L16 */
    0x00581246,                /* 0617  lconst L18 <- static#88   ("  c:") */
    0x00130085, 0x00110012,    /* 0618  add L19 <- L17 + L18 */
    0x00781442,                /* 061A  gget L20 <- g120   (str) */
    0x00221546,                /* 061B  lconst L21 <- static#34   ("code_offset") */
    0x00160098, 0x80010015,    /* 061C  getidx L22 <- P1[L21] */
    0x00151641,                /* 061E  move L21 <- L22 */
    0x001401A0, 0x00010000,    /* 061F  call base=L20 argc=1 nres=1 */
    0x00150085, 0x00130014,    /* 0621  add L21 <- L19 + L20 */
    0x00591646,                /* 0623  lconst L22 <- static#89   ("  f:") */
    0x00170085, 0x00150016,    /* 0624  add L23 <- L21 + L22 */
    0x00781842,                /* 0626  gget L24 <- g120   (str) */
    0x00231946,                /* 0627  lconst L25 <- static#35   ("flags") */
    0x001A0098, 0x80010019,    /* 0628  getidx L26 <- P1[L25] */
    0x00191A41,                /* 062A  move L25 <- L26 */
    0x001801A0, 0x00010000,    /* 062B  call base=L24 argc=1 nres=1 */
    0x00190085, 0x00170018,    /* 062D  add L25 <- L23 + L24 */
    0x00190102,                /* 062F  return L25 count=1 */
    0x00520046,                /* 0630  lconst L0 <- static#82   ("[") */
    0x00780142,                /* 0631  gget L1 <- g120   (str) */
    0x00028041,                /* 0632  move L2 <- P0 */
    0x000101A0, 0x00010000,    /* 0633  call base=L1 argc=1 nres=1 */
    0x00020085, 0x00000001,    /* 0635  add L2 <- L0 + L1 */
    0x00550346,                /* 0637  lconst L3 <- static#85   ("] ") */
    0x00040085, 0x00020003,    /* 0638  add L4 <- L2 + L3 */
    0x000E0542,                /* 063A  gget L5 <- g14   (_join) */
    0x005A0646,                /* 063B  lconst L6 <- static#90   ("_path") */
    0x00070098, 0x80010006,    /* 063C  getidx L7 <- P1[L6] */
    0x00060741,                /* 063E  move L6 <- L7 */
    0x005B0746,                /* 063F  lconst L7 <- static#91   ("::") */
    0x000502A0, 0x00010000,    /* 0640  call base=L5 argc=2 nres=1 */
    0x00060085, 0x00040005,    /* 0642  add L6 <- L4 + L5 */
    0x00060102,                /* 0644  return L6 count=1 */
    0x00050246,                /* 0645  lconst L2 <- static#5   ("statics") */
    0x0003008F, 0x80000002,    /* 0646  eq L3 <- P0 == L2 */
    0x0020034B,                /* 0648  jf L3, +32 */
    0x00150242,                /* 0649  gget L2 <- g21   (_static_repr) */
    0x00038241,                /* 064A  move L3 <- P2 */
    0x000201A0, 0x00010000,    /* 064B  call base=L2 argc=1 nres=1 */
    0x00000241,                /* 064D  move L0 <- L2 */
    0x00450246,                /* 064E  lconst L2 <- static#69   ("error") */
    0x00030097, 0x00000002,    /* 064F  is L3 <- L0 is L2 */
    0x0001034B,                /* 0651  jf L3, +1 */
    0x00000102,                /* 0652  return L0 count=1 */
    0x00520246,                /* 0653  lconst L2 <- static#82   ("[") */
    0x00780342,                /* 0654  gget L3 <- g120   (str) */
    0x00048141,                /* 0655  move L4 <- P1 */
    0x000301A0, 0x00010000,    /* 0656  call base=L3 argc=1 nres=1 */
    0x00040085, 0x00020003,    /* 0658  add L4 <- L2 + L3 */
    0x00550546,                /* 065A  lconst L5 <- static#85   ("] ") */
    0x00060085, 0x00040005,    /* 065B  add L6 <- L4 + L5 */
    0x00130742,                /* 065D  gget L7 <- g19   (_static_kind) */
    0x00088241,                /* 065E  move L8 <- P2 */
    0x000701A0, 0x00010000,    /* 065F  call base=L7 argc=1 nres=1 */
    0x00080085, 0x00060007,    /* 0661  add L8 <- L6 + L7 */
    0x00470946,                /* 0663  lconst L9 <- static#71   (" ") */
    0x000A0085, 0x00080009,    /* 0664  add L10 <- L8 + L9 */
    0x000B0085, 0x000A0000,    /* 0666  add L11 <- L10 + L0 */
    0x000B0102,                /* 0668  return L11 count=1 */
    0x00070246,                /* 0669  lconst L2 <- static#7   ("symbols") */
    0x0003008F, 0x80000002,    /* 066A  eq L3 <- P0 == L2 */
    0x0016034B,                /* 066C  jf L3, +22 */
    0x005F0242,                /* 066D  gget L2 <- g95   (_char_from_cp) */
    0x00032240,                /* 066E  i8 L3 <- 34 */
    0x000201A0, 0x00010000,    /* 066F  call base=L2 argc=1 nres=1 */
    0x00010241,                /* 0671  move L1 <- L2 */
    0x00520246,                /* 0672  lconst L2 <- static#82   ("[") */
    0x00780342,                /* 0673  gget L3 <- g120   (str) */
    0x00048141,                /* 0674  move L4 <- P1 */
    0x000301A0, 0x00010000,    /* 0675  call base=L3 argc=1 nres=1 */
    0x00040085, 0x00020003,    /* 0677  add L4 <- L2 + L3 */
    0x00550546,                /* 0679  lconst L5 <- static#85   ("] ") */
    0x00060085, 0x00040005,    /* 067A  add L6 <- L4 + L5 */
    0x00070085, 0x00060001,    /* 067C  add L7 <- L6 + L1 */
    0x00080085, 0x00078002,    /* 067E  add L8 <- L7 + P2 */
    0x00090085, 0x00080001,    /* 0680  add L9 <- L8 + L1 */
    0x00090102,                /* 0682  return L9 count=1 */
    0x00080246,                /* 0683  lconst L2 <- static#8   ("functions") */
    0x0003008F, 0x80000002,    /* 0684  eq L3 <- P0 == L2 */
    0x0006034B,                /* 0686  jf L3, +6 */
    0x00170242,                /* 0687  gget L2 <- g23   (_function_note) */
    0x00038141,                /* 0688  move L3 <- P1 */
    0x00048241,                /* 0689  move L4 <- P2 */
    0x000202A0, 0x00010000,    /* 068A  call base=L2 argc=2 nres=1 */
    0x00020102,                /* 068C  return L2 count=1 */
    0x00090246,                /* 068D  lconst L2 <- static#9   ("classes") */
    0x0003008F, 0x80000002,    /* 068E  eq L3 <- P0 == L2 */
    0x0010034B,                /* 0690  jf L3, +16 */
    0x00520246,                /* 0691  lconst L2 <- static#82   ("[") */
    0x00780342,                /* 0692  gget L3 <- g120   (str) */
    0x00048141,                /* 0693  move L4 <- P1 */
    0x000301A0, 0x00010000,    /* 0694  call base=L3 argc=1 nres=1 */
    0x00040085, 0x00020003,    /* 0696  add L4 <- L2 + L3 */
    0x005C0546,                /* 0698  lconst L5 <- static#92   ("] class ") */
    0x00060085, 0x00040005,    /* 0699  add L6 <- L4 + L5 */
    0x00180746,                /* 069B  lconst L7 <- static#24   ("name") */
    0x00080098, 0x80020007,    /* 069C  getidx L8 <- P2[L7] */
    0x00090085, 0x00060008,    /* 069E  add L9 <- L6 + L8 */
    0x00090102,                /* 06A0  return L9 count=1 */
    0x000A0246,                /* 06A1  lconst L2 <- static#10   ("messages") */
    0x0003008F, 0x80000002,    /* 06A2  eq L3 <- P0 == L2 */
    0x0006034B,                /* 06A4  jf L3, +6 */
    0x00180242,                /* 06A5  gget L2 <- g24   (_message_note) */
    0x00038141,                /* 06A6  move L3 <- P1 */
    0x00048241,                /* 06A7  move L4 <- P2 */
    0x000202A0, 0x00010000,    /* 06A8  call base=L2 argc=2 nres=1 */
    0x00020102,                /* 06AA  return L2 count=1 */
    0x00460246,                /* 06AB  lconst L2 <- static#70   ("") */
    0x00020102,                /* 06AC  return L2 count=1 */
    0x00000083, 0x00060000,    /* 06AD  dict L0 <- L6, 0 pairs */
    0x00010440,                /* 06AF  i8 L1 <- 4 */
    0x00020040,                /* 06B0  i8 L2 <- 0 */
    0x000600AE, 0x80000000,    /* 06B1  iter L6 <- P0 */
    0x000300AF, 0x00060024,    /* 06B3  itnext L3 <- L6, done +36 */
    0x00190742,                /* 06B5  gget L7 <- g25   (_array_note) */
    0x00088141,                /* 06B6  move L8 <- P1 */
    0x00090241,                /* 06B7  move L9 <- L2 */
    0x000A0341,                /* 06B8  move L10 <- L3 */
    0x000B8241,                /* 06B9  move L11 <- P2 */
    0x000704A0, 0x00010000,    /* 06BA  call base=L7 argc=4 nres=1 */
    0x00040741,                /* 06BC  move L4 <- L7 */
    0x00450746,                /* 06BD  lconst L7 <- static#69   ("error") */
    0x00080097, 0x00040007,    /* 06BE  is L8 <- L4 is L7 */
    0x0001084B,                /* 06C0  jf L8, +1 */
    0x00040102,                /* 06C1  return L4 count=1 */
    0x00070441,                /* 06C2  move L7 <- L4 */
    0x00000099, 0x00010007,    /* 06C3  setidx L0[L1] <- L7 */
    0x00120742,                /* 06C5  gget L7 <- g18   (_element_len) */
    0x00780842,                /* 06C6  gget L8 <- g120   (str) */
    0x00090241,                /* 06C7  move L9 <- L2 */
    0x000801A0, 0x00010000,    /* 06C8  call base=L8 argc=1 nres=1 */
    0x00090341,                /* 06CA  move L9 <- L3 */
    0x000702A0, 0x00010000,    /* 06CB  call base=L7 argc=2 nres=1 */
    0x00050741,                /* 06CD  move L5 <- L7 */
    0x00450746,                /* 06CE  lconst L7 <- static#69   ("error") */
    0x00080097, 0x00050007,    /* 06CF  is L8 <- L5 is L7 */
    0x0001084B,                /* 06D1  jf L8, +1 */
    0x00050102,                /* 06D2  return L5 count=1 */
    0x00010085, 0x00010005,    /* 06D3  add L1 <- L1 + L5 */
    0x00070140,                /* 06D5  i8 L7 <- 1 */
    0x00020085, 0x00020007,    /* 06D6  add L2 <- L2 + L7 */
    0xFFDA004F,                /* 06D8  jmp -38 */
    0x00000102,                /* 06D9  return L0 count=1 */
    0x00000083, 0x00060000,    /* 06DA  dict L0 <- L6, 0 pairs */
    0x00010440,                /* 06DC  i8 L1 <- 4 */
    0x000600AE, 0x80000000,    /* 06DD  iter L6 <- P0 */
    0x000200AF, 0x00060021,    /* 06DF  itnext L2 <- L6, done +33 */
    0x00030098, 0x80000002,    /* 06E1  getidx L3 <- P0[L2] */
    0x00160742,                /* 06E3  gget L7 <- g22   (_doc_value_repr) */
    0x00080341,                /* 06E4  move L8 <- L3 */
    0x000701A0, 0x00010000,    /* 06E5  call base=L7 argc=1 nres=1 */
    0x00040741,                /* 06E7  move L4 <- L7 */
    0x00450746,                /* 06E8  lconst L7 <- static#69   ("error") */
    0x00080097, 0x00040007,    /* 06E9  is L8 <- L4 is L7 */
    0x0001084B,                /* 06EB  jf L8, +1 */
    0x00040102,                /* 06EC  return L4 count=1 */
    0x005D0846,                /* 06ED  lconst L8 <- static#93   (": ") */
    0x00090085, 0x00020008,    /* 06EE  add L9 <- L2 + L8 */
    0x00070085, 0x00090004,    /* 06F0  add L7 <- L9 + L4 */
    0x00000099, 0x00010007,    /* 06F2  setidx L0[L1] <- L7 */
    0x00120742,                /* 06F4  gget L7 <- g18   (_element_len) */
    0x00080241,                /* 06F5  move L8 <- L2 */
    0x00090341,                /* 06F6  move L9 <- L3 */
    0x000702A0, 0x00010000,    /* 06F7  call base=L7 argc=2 nres=1 */
    0x00050741,                /* 06F9  move L5 <- L7 */
    0x00450746,                /* 06FA  lconst L7 <- static#69   ("error") */
    0x00080097, 0x00050007,    /* 06FB  is L8 <- L5 is L7 */
    0x0001084B,                /* 06FD  jf L8, +1 */
    0x00050102,                /* 06FE  return L5 count=1 */
    0x00010085, 0x00010005,    /* 06FF  add L1 <- L1 + L5 */
    0xFFDD004F,                /* 0701  jmp -35 */
    0x00000102,                /* 0702  return L0 count=1 */
    0x00040046,                /* 0703  lconst L0 <- static#4   ("header") */
    0x0001008F, 0x80010000,    /* 0704  eq L1 <- P1 == L0 */
    0x0008014B,                /* 0706  jf L1, +8 */
    0x001B0042,                /* 0707  gget L0 <- g27   (_document_annotations) */
    0x00040142,                /* 0708  gget L1 <- g4   (_header_doc) */
    0x00028041,                /* 0709  move L2 <- P0 */
    0x000101A0, 0x00010000,    /* 070A  call base=L1 argc=1 nres=1 */
    0x000001A0, 0x00010000,    /* 070C  call base=L0 argc=1 nres=1 */
    0x00000102,                /* 070E  return L0 count=1 */
    0x00060046,                /* 070F  lconst L0 <- static#6   ("slot_defaults") */
    0x0001008F, 0x80010000,    /* 0710  eq L1 <- P1 == L0 */
    0x0008014B,                /* 0712  jf L1, +8 */
    0x001B0042,                /* 0713  gget L0 <- g27   (_document_annotations) */
    0x00060146,                /* 0714  lconst L1 <- static#6   ("slot_defaults") */
    0x00020098, 0x80000001,    /* 0715  getidx L2 <- P0[L1] */
    0x00010241,                /* 0717  move L1 <- L2 */
    0x000001A0, 0x00010000,    /* 0718  call base=L0 argc=1 nres=1 */
    0x00000102,                /* 071A  return L0 count=1 */
    0x000C0046,                /* 071B  lconst L0 <- static#12   ("exports") */
    0x0001008F, 0x80010000,    /* 071C  eq L1 <- P1 == L0 */
    0x0008014B,                /* 071E  jf L1, +8 */
    0x001B0042,                /* 071F  gget L0 <- g27   (_document_annotations) */
    0x000C0146,                /* 0720  lconst L1 <- static#12   ("exports") */
    0x00020098, 0x80000001,    /* 0721  getidx L2 <- P0[L1] */
    0x00010241,                /* 0723  move L1 <- L2 */
    0x000001A0, 0x00010000,    /* 0724  call base=L0 argc=1 nres=1 */
    0x00000102,                /* 0726  return L0 count=1 */
    0x000D0046,                /* 0727  lconst L0 <- static#13   ("free") */
    0x0001008F, 0x80010000,    /* 0728  eq L1 <- P1 == L0 */
    0x0008014B,                /* 072A  jf L1, +8 */
    0x001B0042,                /* 072B  gget L0 <- g27   (_document_annotations) */
    0x000D0146,                /* 072C  lconst L1 <- static#13   ("free") */
    0x00020098, 0x80000001,    /* 072D  getidx L2 <- P0[L1] */
    0x00010241,                /* 072F  move L1 <- L2 */
    0x000001A0, 0x00010000,    /* 0730  call base=L0 argc=1 nres=1 */
    0x00000102,                /* 0732  return L0 count=1 */
    0x00050046,                /* 0733  lconst L0 <- static#5   ("statics") */
    0x0001008F, 0x80010000,    /* 0734  eq L1 <- P1 == L0 */
    0x000A014B,                /* 0736  jf L1, +10 */
    0x001A0042,                /* 0737  gget L0 <- g26   (_array_annotations) */
    0x00050146,                /* 0738  lconst L1 <- static#5   ("statics") */
    0x00020098, 0x80000001,    /* 0739  getidx L2 <- P0[L1] */
    0x00010241,                /* 073B  move L1 <- L2 */
    0x00050246,                /* 073C  lconst L2 <- static#5   ("statics") */
    0x00038041,                /* 073D  move L3 <- P0 */
    0x000003A0, 0x00010000,    /* 073E  call base=L0 argc=3 nres=1 */
    0x00000102,                /* 0740  return L0 count=1 */
    0x00070046,                /* 0741  lconst L0 <- static#7   ("symbols") */
    0x0001008F, 0x80010000,    /* 0742  eq L1 <- P1 == L0 */
    0x000A014B,                /* 0744  jf L1, +10 */
    0x001A0042,                /* 0745  gget L0 <- g26   (_array_annotations) */
    0x00070146,                /* 0746  lconst L1 <- static#7   ("symbols") */
    0x00020098, 0x80000001,    /* 0747  getidx L2 <- P0[L1] */
    0x00010241,                /* 0749  move L1 <- L2 */
    0x00070246,                /* 074A  lconst L2 <- static#7   ("symbols") */
    0x00038041,                /* 074B  move L3 <- P0 */
    0x000003A0, 0x00010000,    /* 074C  call base=L0 argc=3 nres=1 */
    0x00000102,                /* 074E  return L0 count=1 */
    0x00080046,                /* 074F  lconst L0 <- static#8   ("functions") */
    0x0001008F, 0x80010000,    /* 0750  eq L1 <- P1 == L0 */
    0x000A014B,                /* 0752  jf L1, +10 */
    0x001A0042,                /* 0753  gget L0 <- g26   (_array_annotations) */
    0x00060142,                /* 0754  gget L1 <- g6   (_function_docs) */
    0x00028041,                /* 0755  move L2 <- P0 */
    0x000101A0, 0x00010000,    /* 0756  call base=L1 argc=1 nres=1 */
    0x00080246,                /* 0758  lconst L2 <- static#8   ("functions") */
    0x00038041,                /* 0759  move L3 <- P0 */
    0x000003A0, 0x00010000,    /* 075A  call base=L0 argc=3 nres=1 */
    0x00000102,                /* 075C  return L0 count=1 */
    0x00090046,                /* 075D  lconst L0 <- static#9   ("classes") */
    0x0001008F, 0x80010000,    /* 075E  eq L1 <- P1 == L0 */
    0x000A014B,                /* 0760  jf L1, +10 */
    0x001A0042,                /* 0761  gget L0 <- g26   (_array_annotations) */
    0x00090146,                /* 0762  lconst L1 <- static#9   ("classes") */
    0x00020098, 0x80000001,    /* 0763  getidx L2 <- P0[L1] */
    0x00010241,                /* 0765  move L1 <- L2 */
    0x00090246,                /* 0766  lconst L2 <- static#9   ("classes") */
    0x00038041,                /* 0767  move L3 <- P0 */
    0x000003A0, 0x00010000,    /* 0768  call base=L0 argc=3 nres=1 */
    0x00000102,                /* 076A  return L0 count=1 */
    0x000A0046,                /* 076B  lconst L0 <- static#10   ("messages") */
    0x0001008F, 0x80010000,    /* 076C  eq L1 <- P1 == L0 */
    0x000A014B,                /* 076E  jf L1, +10 */
    0x001A0042,                /* 076F  gget L0 <- g26   (_array_annotations) */
    0x000A0146,                /* 0770  lconst L1 <- static#10   ("messages") */
    0x00020098, 0x80000001,    /* 0771  getidx L2 <- P0[L1] */
    0x00010241,                /* 0773  move L1 <- L2 */
    0x000A0246,                /* 0774  lconst L2 <- static#10   ("messages") */
    0x00038041,                /* 0775  move L3 <- P0 */
    0x000003A0, 0x00010000,    /* 0776  call base=L0 argc=3 nres=1 */
    0x00000102,                /* 0778  return L0 count=1 */
    0x00000083, 0x00000000,    /* 0779  dict L0 <- L0, 0 pairs */
    0x00000102,                /* 077B  return L0 count=1 */
    0x00000082, 0x00080000,    /* 077C  list L0 <- L8, 0 items */
    0x00760842,                /* 077E  gget L8 <- g118   (len) */
    0x00098041,                /* 077F  move L9 <- P0 */
    0x000801A0, 0x00010000,    /* 0780  call base=L8 argc=1 nres=1 */
    0x00010841,                /* 0782  move L1 <- L8 */
    0x00020040,                /* 0783  i8 L2 <- 0 */
    0x00080091, 0x00020001,    /* 0784  lt L8 <- L2 < L1 */
    0x0058084B,                /* 0786  jf L8, +88 */
    0x00030086, 0x00010002,    /* 0787  sub L3 <- L1 - L2 */
    0x00081040,                /* 0789  i8 L8 <- 16 */
    0x00090093, 0x00030008,    /* 078A  gt L9 <- L3 > L8 */
    0x0001094B,                /* 078C  jf L9, +1 */
    0x00031040,                /* 078D  i8 L3 <- 16 */
    0x00100842,                /* 078E  gget L8 <- g16   (_hex4) */
    0x00090241,                /* 078F  move L9 <- L2 */
    0x000801A0, 0x00010000,    /* 0790  call base=L8 argc=1 nres=1 */
    0x005E0946,                /* 0792  lconst L9 <- static#94   (":") */
    0x00040085, 0x00080009,    /* 0793  add L4 <- L8 + L9 */
    0x00050040,                /* 0795  i8 L5 <- 0 */
    0x00080091, 0x00050003,    /* 0796  lt L8 <- L5 < L3 */
    0x0011084B,                /* 0798  jf L8, +17 */
    0x00470846,                /* 0799  lconst L8 <- static#71   (" ") */
    0x00090085, 0x00040008,    /* 079A  add L9 <- L4 + L8 */
    0x00640A42,                /* 079C  gget L10 <- g100   (_hex2) */
    0x000B0085, 0x00020005,    /* 079D  add L11 <- L2 + L5 */
    0x000C0098, 0x8000000B,    /* 079F  getidx L12 <- P0[L11] */
    0x000B0C41,                /* 07A1  move L11 <- L12 */
    0x000A01A0, 0x00010000,    /* 07A2  call base=L10 argc=1 nres=1 */
    0x00040085, 0x0009000A,    /* 07A4  add L4 <- L9 + L10 */
    0x00080140,                /* 07A6  i8 L8 <- 1 */
    0x00050085, 0x00050008,    /* 07A7  add L5 <- L5 + L8 */
    0xFFEC004F,                /* 07A9  jmp -20 */
    0x00460646,                /* 07AA  lconst L6 <- static#70   ("") */
    0x000800AE, 0x80010000,    /* 07AB  iter L8 <- P1 */
    0x000700AF, 0x00080015,    /* 07AD  itnext L7 <- L8, done +21 */
    0x00090094, 0x00070002,    /* 07AF  ge L9 <- L7 >= L2 */
    0x0005094B,                /* 07B1  jf L9, +5 */
    0x000A1040,                /* 07B2  i8 L10 <- 16 */
    0x000B0085, 0x0002000A,    /* 07B3  add L11 <- L2 + L10 */
    0x00090091, 0x0007000B,    /* 07B5  lt L9 <- L7 < L11 */
    0x000B094B,                /* 07B7  jf L9, +11 */
    0x00460946,                /* 07B8  lconst L9 <- static#70   ("") */
    0x000A0090, 0x00060009,    /* 07B9  ne L10 <- L6 != L9 */
    0x00030A4B,                /* 07BB  jf L10, +3 */
    0x005F0946,                /* 07BC  lconst L9 <- static#95   ("; ") */
    0x00060085, 0x00060009,    /* 07BD  add L6 <- L6 + L9 */
    0x00090098, 0x80010007,    /* 07BF  getidx L9 <- P1[L7] */
    0x00060085, 0x00060009,    /* 07C1  add L6 <- L6 + L9 */
    0xFFE9004F,                /* 07C3  jmp -23 */
    0x00460846,                /* 07C4  lconst L8 <- static#70   ("") */
    0x0009008F, 0x00060008,    /* 07C5  eq L9 <- L6 == L8 */
    0x0005094B,                /* 07C7  jf L9, +5 */
    0x00080041,                /* 07C8  move L8 <- L0 */
    0x00090441,                /* 07C9  move L9 <- L4 */
    0x000801A2, 0x00000001,    /* 07CA  msg base=L8 argc=1 msg#0 nres=1   (append) */
    0x000E004F,                /* 07CC  jmp +14 */
    0x00080041,                /* 07CD  move L8 <- L0 */
    0x000F0942,                /* 07CE  gget L9 <- g15   (_pad_to) */
    0x000A0441,                /* 07CF  move L10 <- L4 */
    0x00390B42,                /* 07D0  gget L11 <- g57   (COMMENT_COLUMN) */
    0x000902A0, 0x00010000,    /* 07D1  call base=L9 argc=2 nres=1 */
    0x005F0A46,                /* 07D3  lconst L10 <- static#95   ("; ") */
    0x000B0085, 0x0009000A,    /* 07D4  add L11 <- L9 + L10 */
    0x000C0085, 0x000B0006,    /* 07D6  add L12 <- L11 + L6 */
    0x00090C41,                /* 07D8  move L9 <- L12 */
    0x000801A2, 0x00000001,    /* 07D9  msg base=L8 argc=1 msg#0 nres=1   (append) */
    0x00081040,                /* 07DB  i8 L8 <- 16 */
    0x00020085, 0x00020008,    /* 07DC  add L2 <- L2 + L8 */
    0xFFA5004F,                /* 07DE  jmp -91 */
    0x00000102,                /* 07DF  return L0 count=1 */
    0x00000083, 0x00030000,    /* 07E0  dict L0 <- L3, 0 pairs */
    0x000C0346,                /* 07E2  lconst L3 <- static#12   ("exports") */
    0x00040098, 0x80000003,    /* 07E3  getidx L4 <- P0[L3] */
    0x001F0546,                /* 07E5  lconst L5 <- static#31   ("nil") */
    0x00060097, 0x00040005,    /* 07E6  is L6 <- L4 is L5 */
    0x0007064A,                /* 07E8  not L7 <- L6 */
    0x0010074B,                /* 07E9  jf L7, +16 */
    0x000C0346,                /* 07EA  lconst L3 <- static#12   ("exports") */
    0x00040098, 0x80000003,    /* 07EB  getidx L4 <- P0[L3] */
    0x000500AE, 0x00040000,    /* 07ED  iter L5 <- L4 */
    0x000100AF, 0x00050009,    /* 07EF  itnext L1 <- L5, done +9 */
    0x000C0646,                /* 07F1  lconst L6 <- static#12   ("exports") */
    0x00070098, 0x80000006,    /* 07F2  getidx L7 <- P0[L6] */
    0x00080098, 0x00070001,    /* 07F4  getidx L8 <- L7[L1] */
    0x00090141,                /* 07F6  move L9 <- L1 */
    0x00000099, 0x00080009,    /* 07F7  setidx L0[L8] <- L9 */
    0xFFF5004F,                /* 07F9  jmp -11 */
    0x000D0346,                /* 07FA  lconst L3 <- static#13   ("free") */
    0x00040098, 0x80000003,    /* 07FB  getidx L4 <- P0[L3] */
    0x001F0546,                /* 07FD  lconst L5 <- static#31   ("nil") */
    0x00060097, 0x00040005,    /* 07FE  is L6 <- L4 is L5 */
    0x0007064A,                /* 0800  not L7 <- L6 */
    0x0010074B,                /* 0801  jf L7, +16 */
    0x000D0346,                /* 0802  lconst L3 <- static#13   ("free") */
    0x00040098, 0x80000003,    /* 0803  getidx L4 <- P0[L3] */
    0x000500AE, 0x00040000,    /* 0805  iter L5 <- L4 */
    0x000200AF, 0x00050009,    /* 0807  itnext L2 <- L5, done +9 */
    0x000D0646,                /* 0809  lconst L6 <- static#13   ("free") */
    0x00070098, 0x80000006,    /* 080A  getidx L7 <- P0[L6] */
    0x00080098, 0x00070002,    /* 080C  getidx L8 <- L7[L2] */
    0x00090241,                /* 080E  move L9 <- L2 */
    0x00000099, 0x00080009,    /* 080F  setidx L0[L8] <- L9 */
    0xFFF5004F,                /* 0811  jmp -11 */
    0x00000102,                /* 0812  return L0 count=1 */
    0x00600746,                /* 0813  lconst L7 <- static#96   ("static") */
    0x0008008F, 0x80010007,    /* 0814  eq L8 <- P1 == L7 */
    0x0018084B,                /* 0816  jf L8, +24 */
    0x00050746,                /* 0817  lconst L7 <- static#5   ("statics") */
    0x00000098, 0x80000007,    /* 0818  getidx L0 <- P0[L7] */
    0x001F0746,                /* 081A  lconst L7 <- static#31   ("nil") */
    0x00080097, 0x00000007,    /* 081B  is L8 <- L0 is L7 */
    0x0002084B,                /* 081D  jf L8, +2 */
    0x00070003,                /* 081E  lnil L7 */
    0x00070102,                /* 081F  return L7 count=1 */
    0x00010098, 0x00008002,    /* 0820  getidx L1 <- L0[P2] */
    0x0001014E,                /* 0822  jnerr L1, +1 */
    0x00010003,                /* 0823  lnil L1 */
    0x001F0746,                /* 0824  lconst L7 <- static#31   ("nil") */
    0x00080097, 0x00010007,    /* 0825  is L8 <- L1 is L7 */
    0x0002084B,                /* 0827  jf L8, +2 */
    0x00070003,                /* 0828  lnil L7 */
    0x00070102,                /* 0829  return L7 count=1 */
    0x00150742,                /* 082A  gget L7 <- g21   (_static_repr) */
    0x00080141,                /* 082B  move L8 <- L1 */
    0x000701A0, 0x00010000,    /* 082C  call base=L7 argc=1 nres=1 */
    0x00070102,                /* 082E  return L7 count=1 */
    0x00610746,                /* 082F  lconst L7 <- static#97   ("symbol") */
    0x0008008F, 0x80010007,    /* 0830  eq L8 <- P1 == L7 */
    0x001D084B,                /* 0832  jf L8, +29 */
    0x00070746,                /* 0833  lconst L7 <- static#7   ("symbols") */
    0x00020098, 0x80000007,    /* 0834  getidx L2 <- P0[L7] */
    0x001F0746,                /* 0836  lconst L7 <- static#31   ("nil") */
    0x00080097, 0x00020007,    /* 0837  is L8 <- L2 is L7 */
    0x0002084B,                /* 0839  jf L8, +2 */
    0x00070003,                /* 083A  lnil L7 */
    0x00070102,                /* 083B  return L7 count=1 */
    0x00030098, 0x00028002,    /* 083C  getidx L3 <- L2[P2] */
    0x0001034E,                /* 083E  jnerr L3, +1 */
    0x00030003,                /* 083F  lnil L3 */
    0x001F0746,                /* 0840  lconst L7 <- static#31   ("nil") */
    0x00080097, 0x00030007,    /* 0841  is L8 <- L3 is L7 */
    0x0002084B,                /* 0843  jf L8, +2 */
    0x00070003,                /* 0844  lnil L7 */
    0x00070102,                /* 0845  return L7 count=1 */
    0x005F0742,                /* 0846  gget L7 <- g95   (_char_from_cp) */
    0x00082240,                /* 0847  i8 L8 <- 34 */
    0x000701A0, 0x00010000,    /* 0848  call base=L7 argc=1 nres=1 */
    0x00040741,                /* 084A  move L4 <- L7 */
    0x00070085, 0x00040003,    /* 084B  add L7 <- L4 + L3 */
    0x00080085, 0x00070004,    /* 084D  add L8 <- L7 + L4 */
    0x00080102,                /* 084F  return L8 count=1 */
    0x00620746,                /* 0850  lconst L7 <- static#98   ("message") */
    0x0008008F, 0x80010007,    /* 0851  eq L8 <- P1 == L7 */
    0x001C084B,                /* 0853  jf L8, +28 */
    0x000A0746,                /* 0854  lconst L7 <- static#10   ("messages") */
    0x00050098, 0x80000007,    /* 0855  getidx L5 <- P0[L7] */
    0x001F0746,                /* 0857  lconst L7 <- static#31   ("nil") */
    0x00080097, 0x00050007,    /* 0858  is L8 <- L5 is L7 */
    0x0002084B,                /* 085A  jf L8, +2 */
    0x00070003,                /* 085B  lnil L7 */
    0x00070102,                /* 085C  return L7 count=1 */
    0x00060098, 0x00058002,    /* 085D  getidx L6 <- L5[P2] */
    0x0001064E,                /* 085F  jnerr L6, +1 */
    0x00060003,                /* 0860  lnil L6 */
    0x001F0746,                /* 0861  lconst L7 <- static#31   ("nil") */
    0x00080097, 0x00060007,    /* 0862  is L8 <- L6 is L7 */
    0x0002084B,                /* 0864  jf L8, +2 */
    0x00070003,                /* 0865  lnil L7 */
    0x00070102,                /* 0866  return L7 count=1 */
    0x000E0742,                /* 0867  gget L7 <- g14   (_join) */
    0x005A0846,                /* 0868  lconst L8 <- static#90   ("_path") */
    0x00090098, 0x00060008,    /* 0869  getidx L9 <- L6[L8] */
    0x00080941,                /* 086B  move L8 <- L9 */
    0x005B0946,                /* 086C  lconst L9 <- static#91   ("::") */
    0x000702A0, 0x00010000,    /* 086D  call base=L7 argc=2 nres=1 */
    0x00070102,                /* 086F  return L7 count=1 */
    0x00630746,                /* 0870  lconst L7 <- static#99   ("global") */
    0x0008008F, 0x80010007,    /* 0871  eq L8 <- P1 == L7 */
    0x0005084B,                /* 0873  jf L8, +5 */
    0x00070098, 0x80038002,    /* 0874  getidx L7 <- P3[P2] */
    0x0001074E,                /* 0876  jnerr L7, +1 */
    0x00070003,                /* 0877  lnil L7 */
    0x00070102,                /* 0878  return L7 count=1 */
    0x00070003,                /* 0879  lnil L7 */
    0x00070102,                /* 087A  return L7 count=1 */
    0x00000082, 0x00040000,    /* 087B  list L0 <- L4, 0 items */
    0x00640446,                /* 087D  lconst L4 <- static#100   ("operands") */
    0x00050098, 0x80000004,    /* 087E  getidx L5 <- P0[L4] */
    0x000600AE, 0x00050000,    /* 0880  iter L6 <- L5 */
    0x000100AF, 0x00060022,    /* 0882  itnext L1 <- L6, done +34 */
    0x00640746,                /* 0884  lconst L7 <- static#100   ("operands") */
    0x00080098, 0x80000007,    /* 0885  getidx L8 <- P0[L7] */
    0x00020098, 0x00080001,    /* 0887  getidx L2 <- L8[L1] */
    0x001F0742,                /* 0889  gget L7 <- g31   (_describe) */
    0x00088141,                /* 088A  move L8 <- P1 */
    0x00090140,                /* 088B  i8 L9 <- 1 */
    0x000A0098, 0x00020009,    /* 088C  getidx L10 <- L2[L9] */
    0x00090A41,                /* 088E  move L9 <- L10 */
    0x00650A46,                /* 088F  lconst L10 <- static#101   ("fields") */
    0x000B0098, 0x8000000A,    /* 0890  getidx L11 <- P0[L10] */
    0x000C0040,                /* 0892  i8 L12 <- 0 */
    0x000D0098, 0x0002000C,    /* 0893  getidx L13 <- L2[L12] */
    0x000E0098, 0x000B000D,    /* 0895  getidx L14 <- L11[L13] */
    0x000A0E41,                /* 0897  move L10 <- L14 */
    0x000B8241,                /* 0898  move L11 <- P2 */
    0x000704A0, 0x00010000,    /* 0899  call base=L7 argc=4 nres=1 */
    0x00030741,                /* 089B  move L3 <- L7 */
    0x001F0746,                /* 089C  lconst L7 <- static#31   ("nil") */
    0x00080097, 0x00030007,    /* 089D  is L8 <- L3 is L7 */
    0x0009084A,                /* 089F  not L9 <- L8 */
    0x0004094B,                /* 08A0  jf L9, +4 */
    0x00070041,                /* 08A1  move L7 <- L0 */
    0x00080341,                /* 08A2  move L8 <- L3 */
    0x000701A2, 0x00000001,    /* 08A3  msg base=L7 argc=1 msg#0 nres=1   (append) */
    0xFFDC004F,                /* 08A5  jmp -36 */
    0x00760442,                /* 08A6  gget L4 <- g118   (len) */
    0x00050041,                /* 08A7  move L5 <- L0 */
    0x000401A0, 0x00010000,    /* 08A8  call base=L4 argc=1 nres=1 */
    0x00050040,                /* 08AA  i8 L5 <- 0 */
    0x00060093, 0x00040005,    /* 08AB  gt L6 <- L4 > L5 */
    0x000C064B,                /* 08AD  jf L6, +12 */
    0x00660446,                /* 08AE  lconst L4 <- static#102   ("(") */
    0x000E0542,                /* 08AF  gget L5 <- g14   (_join) */
    0x00060041,                /* 08B0  move L6 <- L0 */
    0x00530746,                /* 08B1  lconst L7 <- static#83   (", ") */
    0x000502A0, 0x00010000,    /* 08B2  call base=L5 argc=2 nres=1 */
    0x00060085, 0x00040005,    /* 08B4  add L6 <- L4 + L5 */
    0x00670746,                /* 08B6  lconst L7 <- static#103   (")") */
    0x00080085, 0x00060007,    /* 08B7  add L8 <- L6 + L7 */
    0x00080102,                /* 08B9  return L8 count=1 */
    0x00460446,                /* 08BA  lconst L4 <- static#70   ("") */
    0x00040102,                /* 08BB  return L4 count=1 */
    0x00000083, 0x000F0000,    /* 08BC  dict L0 <- L15, 0 pairs */
    0x000F0040,                /* 08BE  i8 L15 <- 0 */
    0x00681046,                /* 08BF  lconst L16 <- static#104   ("module init") */
    0x00000099, 0x000F0010,    /* 08C0  setidx L0[L15] <- L16 */
    0x00080F46,                /* 08C2  lconst L15 <- static#8   ("functions") */
    0x00010098, 0x8000000F,    /* 08C3  getidx L1 <- P0[L15] */
    0x001F0F46,                /* 08C5  lconst L15 <- static#31   ("nil") */
    0x00100097, 0x0001000F,    /* 08C6  is L16 <- L1 is L15 */
    0x0011104A,                /* 08C8  not L17 <- L16 */
    0x001F114B,                /* 08C9  jf L17, +31 */
    0x000F00AE, 0x00010000,    /* 08CA  iter L15 <- L1 */
    0x000500AF, 0x000F001B,    /* 08CC  itnext L5 <- L15, done +27 */
    0x00221046,                /* 08CE  lconst L16 <- static#34   ("code_offset") */
    0x00110098, 0x00050010,    /* 08CF  getidx L17 <- L5[L16] */
    0x00691346,                /* 08D1  lconst L19 <- static#105   ("fn ") */
    0x00181446,                /* 08D2  lconst L20 <- static#24   ("name") */
    0x00150098, 0x00050014,    /* 08D3  getidx L21 <- L5[L20] */
    0x00160085, 0x00130015,    /* 08D5  add L22 <- L19 + L21 */
    0x006A1746,                /* 08D7  lconst L23 <- static#106   (" (word offset ") */
    0x00180085, 0x00160017,    /* 08D8  add L24 <- L22 + L23 */
    0x00781942,                /* 08DA  gget L25 <- g120   (str) */
    0x00221A46,                /* 08DB  lconst L26 <- static#34   ("code_offset") */
    0x001B0098, 0x0005001A,    /* 08DC  getidx L27 <- L5[L26] */
    0x001A1B41,                /* 08DE  move L26 <- L27 */
    0x001901A0, 0x00010000,    /* 08DF  call base=L25 argc=1 nres=1 */
    0x001A0085, 0x00180019,    /* 08E1  add L26 <- L24 + L25 */
    0x00671B46,                /* 08E3  lconst L27 <- static#103   (")") */
    0x00120085, 0x001A001B,    /* 08E4  add L18 <- L26 + L27 */
    0x00000099, 0x00110012,    /* 08E6  setidx L0[L17] <- L18 */
    0xFFE3004F,                /* 08E8  jmp -29 */
    0x006A0F42,                /* 08E9  gget L15 <- g106   (disassemble) */
    0x000B1046,                /* 08EA  lconst L16 <- static#11   ("code") */
    0x00110098, 0x80000010,    /* 08EB  getidx L17 <- P0[L16] */
    0x00101141,                /* 08ED  move L16 <- L17 */
    0x00110040,                /* 08EE  i8 L17 <- 0 */
    0x000F02A0, 0x00010000,    /* 08EF  call base=L15 argc=2 nres=1 */
    0x00020F41,                /* 08F1  move L2 <- L15 */
    0x00450F46,                /* 08F2  lconst L15 <- static#69   ("error") */
    0x00100097, 0x0002000F,    /* 08F3  is L16 <- L2 is L15 */
    0x0001104B,                /* 08F5  jf L16, +1 */
    0x00020102,                /* 08F6  return L2 count=1 */
    0x001E0F42,                /* 08F7  gget L15 <- g30   (_global_names) */
    0x00108041,                /* 08F8  move L16 <- P0 */
    0x000F01A0, 0x00010000,    /* 08F9  call base=L15 argc=1 nres=1 */
    0x00030F41,                /* 08FB  move L3 <- L15 */
    0x00040082, 0x000F0000,    /* 08FC  list L4 <- L15, 0 items */
    0x000F00AE, 0x00020000,    /* 08FE  iter L15 <- L2 */
    0x000600AF, 0x000F0095,    /* 0900  itnext L6 <- L15, done +149 */
    0x006B1046,                /* 0902  lconst L16 <- static#107   ("offset") */
    0x00070098, 0x00060010,    /* 0903  getidx L7 <- L6[L16] */
    0x00080098, 0x00000007,    /* 0905  getidx L8 <- L0[L7] */
    0x0001084E,                /* 0907  jnerr L8, +1 */
    0x00080003,                /* 0908  lnil L8 */
    0x001F1046,                /* 0909  lconst L16 <- static#31   ("nil") */
    0x00110097, 0x00080010,    /* 090A  is L17 <- L8 is L16 */
    0x0012114A,                /* 090C  not L18 <- L17 */
    0x0007124B,                /* 090D  jf L18, +7 */
    0x00100441,                /* 090E  move L16 <- L4 */
    0x005F1146,                /* 090F  lconst L17 <- static#95   ("; ") */
    0x00120085, 0x00110008,    /* 0910  add L18 <- L17 + L8 */
    0x00111241,                /* 0912  move L17 <- L18 */
    0x001001A2, 0x00000001,    /* 0913  msg base=L16 argc=1 msg#0 nres=1   (append) */
    0x00460946,                /* 0915  lconst L9 <- static#70   ("") */
    0x000A0040,                /* 0916  i8 L10 <- 0 */
    0x006C1046,                /* 0917  lconst L16 <- static#108   ("nwords") */
    0x00110098, 0x00060010,    /* 0918  getidx L17 <- L6[L16] */
    0x00120091, 0x000A0011,    /* 091A  lt L18 <- L10 < L17 */
    0x004C124B,                /* 091C  jf L18, +76 */
    0x000B1046,                /* 091D  lconst L16 <- static#11   ("code") */
    0x00110098, 0x80000010,    /* 091E  getidx L17 <- P0[L16] */
    0x00120085, 0x0007000A,    /* 0920  add L18 <- L7 + L10 */
    0x000E0098, 0x00110012,    /* 0922  getidx L14 <- L17[L18] */
    0x00100040,                /* 0924  i8 L16 <- 0 */
    0x00110093, 0x000A0010,    /* 0925  gt L17 <- L10 > L16 */
    0x0003114B,                /* 0927  jf L17, +3 */
    0x00471046,                /* 0928  lconst L16 <- static#71   (" ") */
    0x00090085, 0x00090010,    /* 0929  add L9 <- L9 + L16 */
    0x00641042,                /* 092B  gget L16 <- g100   (_hex2) */
    0x001100C0, 0x000000FF,    /* 092C  i32 L17 <- 255 */
    0x0012008B, 0x000E0011,    /* 092E  band L18 <- L14 & L17 */
    0x00111241,                /* 0930  move L17 <- L18 */
    0x001001A0, 0x00010000,    /* 0931  call base=L16 argc=1 nres=1 */
    0x00110085, 0x00090010,    /* 0933  add L17 <- L9 + L16 */
    0x00471246,                /* 0935  lconst L18 <- static#71   (" ") */
    0x00130085, 0x00110012,    /* 0936  add L19 <- L17 + L18 */
    0x00641442,                /* 0938  gget L20 <- g100   (_hex2) */
    0x00150840,                /* 0939  i8 L21 <- 8 */
    0x0016008E, 0x000E0015,    /* 093A  shr L22 <- L14 >> L21 */
    0x001700C0, 0x000000FF,    /* 093C  i32 L23 <- 255 */
    0x0018008B, 0x00160017,    /* 093E  band L24 <- L22 & L23 */
    0x00151841,                /* 0940  move L21 <- L24 */
    0x001401A0, 0x00010000,    /* 0941  call base=L20 argc=1 nres=1 */
    0x00150085, 0x00130014,    /* 0943  add L21 <- L19 + L20 */
    0x00471646,                /* 0945  lconst L22 <- static#71   (" ") */
    0x00170085, 0x00150016,    /* 0946  add L23 <- L21 + L22 */
    0x00641842,                /* 0948  gget L24 <- g100   (_hex2) */
    0x00191040,                /* 0949  i8 L25 <- 16 */
    0x001A008E, 0x000E0019,    /* 094A  shr L26 <- L14 >> L25 */
    0x001B00C0, 0x000000FF,    /* 094C  i32 L27 <- 255 */
    0x001C008B, 0x001A001B,    /* 094E  band L28 <- L26 & L27 */
    0x00191C41,                /* 0950  move L25 <- L28 */
    0x001801A0, 0x00010000,    /* 0951  call base=L24 argc=1 nres=1 */
    0x00190085, 0x00170018,    /* 0953  add L25 <- L23 + L24 */
    0x00471A46,                /* 0955  lconst L26 <- static#71   (" ") */
    0x001B0085, 0x0019001A,    /* 0956  add L27 <- L25 + L26 */
    0x00641C42,                /* 0958  gget L28 <- g100   (_hex2) */
    0x001D1840,                /* 0959  i8 L29 <- 24 */
    0x001E008E, 0x000E001D,    /* 095A  shr L30 <- L14 >> L29 */
    0x001F00C0, 0x000000FF,    /* 095C  i32 L31 <- 255 */
    0x0020008B, 0x001E001F,    /* 095E  band L32 <- L30 & L31 */
    0x001D2041,                /* 0960  move L29 <- L32 */
    0x001C01A0, 0x00010000,    /* 0961  call base=L28 argc=1 nres=1 */
    0x00090085, 0x001B001C,    /* 0963  add L9 <- L27 + L28 */
    0x00100140,                /* 0965  i8 L16 <- 1 */
    0x000A0085, 0x000A0010,    /* 0966  add L10 <- L10 + L16 */
    0xFFAE004F,                /* 0968  jmp -82 */
    0x006D1046,                /* 0969  lconst L16 <- static#109   ("text") */
    0x000B0098, 0x00060010,    /* 096A  getidx L11 <- L6[L16] */
    0x00201042,                /* 096C  gget L16 <- g32   (_annotate) */
    0x00110641,                /* 096D  move L17 <- L6 */
    0x00128041,                /* 096E  move L18 <- P0 */
    0x00130341,                /* 096F  move L19 <- L3 */
    0x001003A0, 0x00010000,    /* 0970  call base=L16 argc=3 nres=1 */
    0x000C1041,                /* 0972  move L12 <- L16 */
    0x00461046,                /* 0973  lconst L16 <- static#70   ("") */
    0x00110090, 0x000C0010,    /* 0974  ne L17 <- L12 != L16 */
    0x0005114B,                /* 0976  jf L17, +5 */
    0x006E1046,                /* 0977  lconst L16 <- static#110   ("   ") */
    0x00110085, 0x000B0010,    /* 0978  add L17 <- L11 + L16 */
    0x000B0085, 0x0011000C,    /* 097A  add L11 <- L17 + L12 */
    0x00101042,                /* 097C  gget L16 <- g16   (_hex4) */
    0x00110440,                /* 097D  i8 L17 <- 4 */
    0x00120087, 0x00070011,    /* 097E  mul L18 <- L7 * L17 */
    0x00111241,                /* 0980  move L17 <- L18 */
    0x001001A0, 0x00010000,    /* 0981  call base=L16 argc=1 nres=1 */
    0x005D1146,                /* 0983  lconst L17 <- static#93   (": ") */
    0x00120085, 0x00100011,    /* 0984  add L18 <- L16 + L17 */
    0x000D0085, 0x00120009,    /* 0986  add L13 <- L18 + L9 */
    0x00100441,                /* 0988  move L16 <- L4 */
    0x000F1142,                /* 0989  gget L17 <- g15   (_pad_to) */
    0x00120D41,                /* 098A  move L18 <- L13 */
    0x00391342,                /* 098B  gget L19 <- g57   (COMMENT_COLUMN) */
    0x001102A0, 0x00010000,    /* 098C  call base=L17 argc=2 nres=1 */
    0x005F1246,                /* 098E  lconst L18 <- static#95   ("; ") */
    0x00130085, 0x00110012,    /* 098F  add L19 <- L17 + L18 */
    0x00140085, 0x0013000B,    /* 0991  add L20 <- L19 + L11 */
    0x00111441,                /* 0993  move L17 <- L20 */
    0x001001A2, 0x00000001,    /* 0994  msg base=L16 argc=1 msg#0 nres=1   (append) */
    0xFF69004F,                /* 0996  jmp -151 */
    0x00040102,                /* 0997  return L4 count=1 */
    0x000C0942,                /* 0998  gget L9 <- g12   (sections) */
    0x000A8041,                /* 0999  move L10 <- P0 */
    0x000901A0, 0x00010000,    /* 099A  call base=L9 argc=1 nres=1 */
    0x00000941,                /* 099C  move L0 <- L9 */
    0x00450946,                /* 099D  lconst L9 <- static#69   ("error") */
    0x000A0097, 0x00000009,    /* 099E  is L10 <- L0 is L9 */
    0x00010A4B,                /* 09A0  jf L10, +1 */
    0x00000102,                /* 09A1  return L0 count=1 */
    0x00360942,                /* 09A2  gget L9 <- g54   (WYA_MAGIC) */
    0x00470A46,                /* 09A3  lconst L10 <- static#71   (" ") */
    0x000B0085, 0x0009000A,    /* 09A4  add L11 <- L9 + L10 */
    0x00180C46,                /* 09A6  lconst L12 <- static#24   ("name") */
    0x000D0098, 0x8000000C,    /* 09A7  getidx L13 <- P0[L12] */
    0x000E0085, 0x000B000D,    /* 09A9  add L14 <- L11 + L13 */
    0x00090E41,                /* 09AB  move L9 <- L14 */
    0x00460A46,                /* 09AC  lconst L10 <- static#70   ("") */
    0x00010282, 0x00090000,    /* 09AD  list L1 <- L9, 2 items */
    0x00350942,                /* 09AF  gget L9 <- g53   (ALL_SECTION_IDS) */
    0x000A00AE, 0x00090000,    /* 09B0  iter L10 <- L9 */
    0x000200AF, 0x000A0049,    /* 09B2  itnext L2 <- L10, done +73 */
    0x00030098, 0x00000002,    /* 09B4  getidx L3 <- L0[L2] */
    0x0001034E,                /* 09B6  jnerr L3, +1 */
    0x00030003,                /* 09B7  lnil L3 */
    0x001F0B46,                /* 09B8  lconst L11 <- static#31   ("nil") */
    0x000C0097, 0x0003000B,    /* 09B9  is L12 <- L3 is L11 */
    0x00010C4B,                /* 09BB  jf L12, +1 */
    0xFFF5004F,                /* 09BC  jmp -11 */
    0x00370B42,                /* 09BD  gget L11 <- g55   (SECTION_NAMES) */
    0x00040098, 0x000B0002,    /* 09BE  getidx L4 <- L11[L2] */
    0x000B0141,                /* 09C0  move L11 <- L1 */
    0x006F0C46,                /* 09C1  lconst L12 <- static#111   ("SECTION ") */
    0x000D0085, 0x000C0004,    /* 09C2  add L13 <- L12 + L4 */
    0x000C0D41,                /* 09C4  move L12 <- L13 */
    0x000B01A2, 0x00000001,    /* 09C5  msg base=L11 argc=1 msg#0 nres=1   (append) */
    0x000B0B46,                /* 09C7  lconst L11 <- static#11   ("code") */
    0x000C008F, 0x0004000B,    /* 09C8  eq L12 <- L4 == L11 */
    0x00140C4B,                /* 09CA  jf L12, +20 */
    0x00210B42,                /* 09CB  gget L11 <- g33   (_code_listing) */
    0x000C8041,                /* 09CC  move L12 <- P0 */
    0x000B01A0, 0x00010000,    /* 09CD  call base=L11 argc=1 nres=1 */
    0x00050B41,                /* 09CF  move L5 <- L11 */
    0x00450B46,                /* 09D0  lconst L11 <- static#69   ("error") */
    0x000C0097, 0x0005000B,    /* 09D1  is L12 <- L5 is L11 */
    0x00010C4B,                /* 09D3  jf L12, +1 */
    0x00050102,                /* 09D4  return L5 count=1 */
    0x000B00AE, 0x00050000,    /* 09D5  iter L11 <- L5 */
    0x000600AF, 0x000B0005,    /* 09D7  itnext L6 <- L11, done +5 */
    0x000C0141,                /* 09D9  move L12 <- L1 */
    0x000D0641,                /* 09DA  move L13 <- L6 */
    0x000C01A2, 0x00000001,    /* 09DB  msg base=L12 argc=1 msg#0 nres=1   (append) */
    0xFFF9004F,                /* 09DD  jmp -7 */
    0x0019004F,                /* 09DE  jmp +25 */
    0x001C0B42,                /* 09DF  gget L11 <- g28   (_section_annotations) */
    0x000C8041,                /* 09E0  move L12 <- P0 */
    0x000D0441,                /* 09E1  move L13 <- L4 */
    0x000B02A0, 0x00010000,    /* 09E2  call base=L11 argc=2 nres=1 */
    0x00070B41,                /* 09E4  move L7 <- L11 */
    0x00450B46,                /* 09E5  lconst L11 <- static#69   ("error") */
    0x000C0097, 0x0007000B,    /* 09E6  is L12 <- L7 is L11 */
    0x00010C4B,                /* 09E8  jf L12, +1 */
    0x00070102,                /* 09E9  return L7 count=1 */
    0x001D0B42,                /* 09EA  gget L11 <- g29   (_hex_listing) */
    0x000C0341,                /* 09EB  move L12 <- L3 */
    0x000D0741,                /* 09EC  move L13 <- L7 */
    0x000B02A0, 0x00010000,    /* 09ED  call base=L11 argc=2 nres=1 */
    0x000C00AE, 0x000B0000,    /* 09EF  iter L12 <- L11 */
    0x000800AF, 0x000C0005,    /* 09F1  itnext L8 <- L12, done +5 */
    0x000D0141,                /* 09F3  move L13 <- L1 */
    0x000E0841,                /* 09F4  move L14 <- L8 */
    0x000D01A2, 0x00000001,    /* 09F5  msg base=L13 argc=1 msg#0 nres=1   (append) */
    0xFFF9004F,                /* 09F7  jmp -7 */
    0x000B0141,                /* 09F8  move L11 <- L1 */
    0x00460C46,                /* 09F9  lconst L12 <- static#70   ("") */
    0x000B01A2, 0x00000001,    /* 09FA  msg base=L11 argc=1 msg#0 nres=1   (append) */
    0xFFB5004F,                /* 09FC  jmp -75 */
    0x000E0942,                /* 09FD  gget L9 <- g14   (_join) */
    0x000A0141,                /* 09FE  move L10 <- L1 */
    0x00700B46,                /* 09FF  lconst L11 <- static#112   ("\n") */
    0x000902A0, 0x00010000,    /* 0A00  call base=L9 argc=2 nres=1 */
    0x00090102,                /* 0A02  return L9 count=1 */
    0x00760342,                /* 0A03  gget L3 <- g118   (len) */
    0x00048041,                /* 0A04  move L4 <- P0 */
    0x000301A0, 0x00010000,    /* 0A05  call base=L3 argc=1 nres=1 */
    0x00000341,                /* 0A07  move L0 <- L3 */
    0x00030040,                /* 0A08  i8 L3 <- 0 */
    0x0004008F, 0x00000003,    /* 0A09  eq L4 <- L0 == L3 */
    0x0002044B,                /* 0A0B  jf L4, +2 */
    0x00030004,                /* 0A0C  lbool L3 <- 0 */
    0x00030102,                /* 0A0D  return L3 count=1 */
    0x00030040,                /* 0A0E  i8 L3 <- 0 */
    0x00010098, 0x80000003,    /* 0A0F  getidx L1 <- P0[L3] */
    0x00044140,                /* 0A11  i8 L4 <- 65 */
    0x00030094, 0x00010004,    /* 0A12  ge L3 <- L1 >= L4 */
    0x0003034B,                /* 0A14  jf L3, +3 */
    0x00045A40,                /* 0A15  i8 L4 <- 90 */
    0x00030092, 0x00010004,    /* 0A16  le L3 <- L1 <= L4 */
    0x000B034C,                /* 0A18  jt L3, +11 */
    0x00046140,                /* 0A19  i8 L4 <- 97 */
    0x00030094, 0x00010004,    /* 0A1A  ge L3 <- L1 >= L4 */
    0x0003034B,                /* 0A1C  jf L3, +3 */
    0x00047A40,                /* 0A1D  i8 L4 <- 122 */
    0x00030092, 0x00010004,    /* 0A1E  le L3 <- L1 <= L4 */
    0x0003034C,                /* 0A20  jt L3, +3 */
    0x00045F40,                /* 0A21  i8 L4 <- 95 */
    0x0003008F, 0x00010004,    /* 0A22  eq L3 <- L1 == L4 */
    0x0004034A,                /* 0A24  not L4 <- L3 */
    0x0002044B,                /* 0A25  jf L4, +2 */
    0x00030004,                /* 0A26  lbool L3 <- 0 */
    0x00030102,                /* 0A27  return L3 count=1 */
    0x00020140,                /* 0A28  i8 L2 <- 1 */
    0x00030091, 0x00020000,    /* 0A29  lt L3 <- L2 < L0 */
    0x0025034B,                /* 0A2B  jf L3, +37 */
    0x00010098, 0x80000002,    /* 0A2C  getidx L1 <- P0[L2] */
    0x00043040,                /* 0A2E  i8 L4 <- 48 */
    0x00030094, 0x00010004,    /* 0A2F  ge L3 <- L1 >= L4 */
    0x0003034B,                /* 0A31  jf L3, +3 */
    0x00043940,                /* 0A32  i8 L4 <- 57 */
    0x00030092, 0x00010004,    /* 0A33  le L3 <- L1 <= L4 */
    0x0013034C,                /* 0A35  jt L3, +19 */
    0x00044140,                /* 0A36  i8 L4 <- 65 */
    0x00030094, 0x00010004,    /* 0A37  ge L3 <- L1 >= L4 */
    0x0003034B,                /* 0A39  jf L3, +3 */
    0x00045A40,                /* 0A3A  i8 L4 <- 90 */
    0x00030092, 0x00010004,    /* 0A3B  le L3 <- L1 <= L4 */
    0x000B034C,                /* 0A3D  jt L3, +11 */
    0x00046140,                /* 0A3E  i8 L4 <- 97 */
    0x00030094, 0x00010004,    /* 0A3F  ge L3 <- L1 >= L4 */
    0x0003034B,                /* 0A41  jf L3, +3 */
    0x00047A40,                /* 0A42  i8 L4 <- 122 */
    0x00030092, 0x00010004,    /* 0A43  le L3 <- L1 <= L4 */
    0x0003034C,                /* 0A45  jt L3, +3 */
    0x00045F40,                /* 0A46  i8 L4 <- 95 */
    0x0003008F, 0x00010004,    /* 0A47  eq L3 <- L1 == L4 */
    0x0004034A,                /* 0A49  not L4 <- L3 */
    0x0002044B,                /* 0A4A  jf L4, +2 */
    0x00030004,                /* 0A4B  lbool L3 <- 0 */
    0x00030102,                /* 0A4C  return L3 count=1 */
    0x00030140,                /* 0A4D  i8 L3 <- 1 */
    0x00020085, 0x00020003,    /* 0A4E  add L2 <- L2 + L3 */
    0xFFD8004F,                /* 0A50  jmp -40 */
    0x00030104,                /* 0A51  lbool L3 <- 1 */
    0x00030102,                /* 0A52  return L3 count=1 */
    0x00460046,                /* 0A53  lconst L0 <- static#70   ("") */
    0x00010040,                /* 0A54  i8 L1 <- 0 */
    0x00760642,                /* 0A55  gget L6 <- g118   (len) */
    0x00078041,                /* 0A56  move L7 <- P0 */
    0x000601A0, 0x00010000,    /* 0A57  call base=L6 argc=1 nres=1 */
    0x00020641,                /* 0A59  move L2 <- L6 */
    0x00760642,                /* 0A5A  gget L6 <- g118   (len) */
    0x00078141,                /* 0A5B  move L7 <- P1 */
    0x000601A0, 0x00010000,    /* 0A5C  call base=L6 argc=1 nres=1 */
    0x00030641,                /* 0A5E  move L3 <- L6 */
    0x00060091, 0x00010002,    /* 0A5F  lt L6 <- L1 < L2 */
    0x002A064B,                /* 0A61  jf L6, +42 */
    0x00040104,                /* 0A62  lbool L4 <- 1 */
    0x00050040,                /* 0A63  i8 L5 <- 0 */
    0x00060091, 0x00050003,    /* 0A64  lt L6 <- L5 < L3 */
    0x0014064B,                /* 0A66  jf L6, +20 */
    0x00070085, 0x00010005,    /* 0A67  add L7 <- L1 + L5 */
    0x00060094, 0x00070002,    /* 0A69  ge L6 <- L7 >= L2 */
    0x0008064C,                /* 0A6B  jt L6, +8 */
    0x00070085, 0x00010005,    /* 0A6C  add L7 <- L1 + L5 */
    0x00080098, 0x80000007,    /* 0A6E  getidx L8 <- P0[L7] */
    0x00090098, 0x80010005,    /* 0A70  getidx L9 <- P1[L5] */
    0x00060090, 0x00080009,    /* 0A72  ne L6 <- L8 != L9 */
    0x0002064B,                /* 0A74  jf L6, +2 */
    0x00040004,                /* 0A75  lbool L4 <- 0 */
    0x0004004F,                /* 0A76  jmp +4 */
    0x00060140,                /* 0A77  i8 L6 <- 1 */
    0x00050085, 0x00050006,    /* 0A78  add L5 <- L5 + L6 */
    0xFFE9004F,                /* 0A7A  jmp -23 */
    0x0005044B,                /* 0A7B  jf L4, +5 */
    0x00000085, 0x00008002,    /* 0A7C  add L0 <- L0 + P2 */
    0x00010085, 0x00010003,    /* 0A7E  add L1 <- L1 + L3 */
    0x000A004F,                /* 0A80  jmp +10 */
    0x005F0642,                /* 0A81  gget L6 <- g95   (_char_from_cp) */
    0x00070098, 0x80000001,    /* 0A82  getidx L7 <- P0[L1] */
    0x000601A0, 0x00010000,    /* 0A84  call base=L6 argc=1 nres=1 */
    0x00000085, 0x00000006,    /* 0A86  add L0 <- L0 + L6 */
    0x00060140,                /* 0A88  i8 L6 <- 1 */
    0x00010085, 0x00010006,    /* 0A89  add L1 <- L1 + L6 */
    0xFFD3004F,                /* 0A8B  jmp -45 */
    0x00000102,                /* 0A8C  return L0 count=1 */
    0x005F0342,                /* 0A8D  gget L3 <- g95   (_char_from_cp) */
    0x00042A40,                /* 0A8E  i8 L4 <- 42 */
    0x000301A0, 0x00010000,    /* 0A8F  call base=L3 argc=1 nres=1 */
    0x00000341,                /* 0A91  move L0 <- L3 */
    0x005F0342,                /* 0A92  gget L3 <- g95   (_char_from_cp) */
    0x00042F40,                /* 0A93  i8 L4 <- 47 */
    0x000301A0, 0x00010000,    /* 0A94  call base=L3 argc=1 nres=1 */
    0x00010341,                /* 0A96  move L1 <- L3 */
    0x005F0342,                /* 0A97  gget L3 <- g95   (_char_from_cp) */
    0x00045C40,                /* 0A98  i8 L4 <- 92 */
    0x000301A0, 0x00010000,    /* 0A99  call base=L3 argc=1 nres=1 */
    0x00020341,                /* 0A9B  move L2 <- L3 */
    0x00240342,                /* 0A9C  gget L3 <- g36   (_replace_all) */
    0x00048041,                /* 0A9D  move L4 <- P0 */
    0x00050085, 0x00000001,    /* 0A9E  add L5 <- L0 + L1 */
    0x00060085, 0x00000002,    /* 0AA0  add L6 <- L0 + L2 */
    0x00070085, 0x00060001,    /* 0AA2  add L7 <- L6 + L1 */
    0x00060741,                /* 0AA4  move L6 <- L7 */
    0x000303A0, 0x00010000,    /* 0AA5  call base=L3 argc=3 nres=1 */
    0x00030102,                /* 0AA7  return L3 count=1 */
    0x00241942,                /* 0AA8  gget L25 <- g36   (_replace_all) */
    0x00181A46,                /* 0AA9  lconst L26 <- static#24   ("name") */
    0x001B0098, 0x8000001A,    /* 0AAA  getidx L27 <- P0[L26] */
    0x001A1B41,                /* 0AAC  move L26 <- L27 */
    0x005B1B46,                /* 0AAD  lconst L27 <- static#91   ("::") */
    0x00721C46,                /* 0AAE  lconst L28 <- static#114   ("__") */
    0x001903A0, 0x00010000,    /* 0AAF  call base=L25 argc=3 nres=1 */
    0x00001941,                /* 0AB1  move L0 <- L25 */
    0x00231942,                /* 0AB2  gget L25 <- g35   (_is_identifier) */
    0x001A0041,                /* 0AB3  move L26 <- L0 */
    0x001901A0, 0x00010000,    /* 0AB4  call base=L25 argc=1 nres=1 */
    0x001A194A,                /* 0AB6  not L26 <- L25 */
    0x000E1A4B,                /* 0AB7  jf L26, +14 */
    0x00791942,                /* 0AB8  gget L25 <- g121   (error) */
    0x00731A46,                /* 0AB9  lconst L26 <- static#115   ("module name ") */
    0x00181B46,                /* 0ABA  lconst L27 <- static#24   ("name") */
    0x001C0098, 0x8000001B,    /* 0ABB  getidx L28 <- P0[L27] */
    0x001D0085, 0x001A001C,    /* 0ABD  add L29 <- L26 + L28 */
    0x00741E46,                /* 0ABF  lconst L30 <- static#116   (" does not encode to a valid C identifier") */
    0x001F0085, 0x001D001E,    /* 0AC0  add L31 <- L29 + L30 */
    0x001A1F41,                /* 0AC2  move L26 <- L31 */
    0x001901A0, 0x00010000,    /* 0AC3  call base=L25 argc=1 nres=1 */
    0x00190102,                /* 0AC5  return L25 count=1 */
    0x000C1942,                /* 0AC6  gget L25 <- g12   (sections) */
    0x001A8041,                /* 0AC7  move L26 <- P0 */
    0x001901A0, 0x00010000,    /* 0AC8  call base=L25 argc=1 nres=1 */
    0x00011941,                /* 0ACA  move L1 <- L25 */
    0x00451946,                /* 0ACB  lconst L25 <- static#69   ("error") */
    0x001A0097, 0x00010019,    /* 0ACC  is L26 <- L1 is L25 */
    0x00011A4B,                /* 0ACE  jf L26, +1 */
    0x00010102,                /* 0ACF  return L1 count=1 */
    0x005F1942,                /* 0AD0  gget L25 <- g95   (_char_from_cp) */
    0x001A2240,                /* 0AD1  i8 L26 <- 34 */
    0x001901A0, 0x00010000,    /* 0AD2  call base=L25 argc=1 nres=1 */
    0x00021941,                /* 0AD4  move L2 <- L25 */
    0x00030082, 0x00190000,    /* 0AD5  list L3 <- L25, 0 items */
    0x00190341,                /* 0AD7  move L25 <- L3 */
    0x00751A46,                /* 0AD8  lconst L26 <- static#117   ("/* Generated from ") */
    0x00181B46,                /* 0AD9  lconst L27 <- static#24   ("name") */
    0x001C0098, 0x8000001B,    /* 0ADA  getidx L28 <- P0[L27] */
    0x001D0085, 0x001A001C,    /* 0ADC  add L29 <- L26 + L28 */
    0x00761E46,                /* 0ADE  lconst L30 <- static#118   (" by wypoc's bytecode compiler. *\/") */
    0x001F0085, 0x001D001E,    /* 0ADF  add L31 <- L29 + L30 */
    0x001A1F41,                /* 0AE1  move L26 <- L31 */
    0x001901A2, 0x00000001,    /* 0AE2  msg base=L25 argc=1 msg#0 nres=1   (append) */
    0x00190341,                /* 0AE4  move L25 <- L3 */
    0x00461A46,                /* 0AE5  lconst L26 <- static#70   ("") */
    0x001901A2, 0x00000001,    /* 0AE6  msg base=L25 argc=1 msg#0 nres=1   (append) */
    0x00190341,                /* 0AE8  move L25 <- L3 */
    0x00771A46,                /* 0AE9  lconst L26 <- static#119   ("#include <stdint.h>") */
    0x001901A2, 0x00000001,    /* 0AEA  msg base=L25 argc=1 msg#0 nres=1   (append) */
    0x00190341,                /* 0AEC  move L25 <- L3 */
    0x00781A46,                /* 0AED  lconst L26 <- static#120   ("#include ") */
    0x001B0085, 0x001A0002,    /* 0AEE  add L27 <- L26 + L2 */
    0x001C0085, 0x001B8001,    /* 0AF0  add L28 <- L27 + P1 */
    0x001D0085, 0x001C0002,    /* 0AF2  add L29 <- L28 + L2 */
    0x001A1D41,                /* 0AF4  move L26 <- L29 */
    0x001901A2, 0x00000001,    /* 0AF5  msg base=L25 argc=1 msg#0 nres=1   (append) */
    0x00190341,                /* 0AF7  move L25 <- L3 */
    0x00461A46,                /* 0AF8  lconst L26 <- static#70   ("") */
    0x001901A2, 0x00000001,    /* 0AF9  msg base=L25 argc=1 msg#0 nres=1   (append) */
    0x00351942,                /* 0AFB  gget L25 <- g53   (ALL_SECTION_IDS) */
    0x001A00AE, 0x00190000,    /* 0AFC  iter L26 <- L25 */
    0x000600AF, 0x001A0061,    /* 0AFE  itnext L6 <- L26, done +97 */
    0x00070098, 0x00010006,    /* 0B00  getidx L7 <- L1[L6] */
    0x0001074E,                /* 0B02  jnerr L7, +1 */
    0x00070003,                /* 0B03  lnil L7 */
    0x001F1B46,                /* 0B04  lconst L27 <- static#31   ("nil") */
    0x001C0097, 0x0007001B,    /* 0B05  is L28 <- L7 is L27 */
    0x00011C4B,                /* 0B07  jf L28, +1 */
    0xFFF5004F,                /* 0B08  jmp -11 */
    0x00371B42,                /* 0B09  gget L27 <- g55   (SECTION_NAMES) */
    0x00080098, 0x001B0006,    /* 0B0A  getidx L8 <- L27[L6] */
    0x000B1B46,                /* 0B0C  lconst L27 <- static#11   ("code") */
    0x001C008F, 0x0008001B,    /* 0B0D  eq L28 <- L8 == L27 */
    0x00011C4B,                /* 0B0F  jf L28, +1 */
    0xFFED004F,                /* 0B10  jmp -19 */
    0x001B0341,                /* 0B11  move L27 <- L3 */
    0x00791C46,                /* 0B12  lconst L28 <- static#121   ("static const uint8_t ") */
    0x001D0085, 0x001C0000,    /* 0B13  add L29 <- L28 + L0 */
    0x007A1E46,                /* 0B15  lconst L30 <- static#122   ("_") */
    0x001F0085, 0x001D001E,    /* 0B16  add L31 <- L29 + L30 */
    0x00200085, 0x001F0008,    /* 0B18  add L32 <- L31 + L8 */
    0x007B2146,                /* 0B1A  lconst L33 <- static#123   ("[] = {") */
    0x00220085, 0x00200021,    /* 0B1B  add L34 <- L32 + L33 */
    0x001C2241,                /* 0B1D  move L28 <- L34 */
    0x001B01A2, 0x00000001,    /* 0B1E  msg base=L27 argc=1 msg#0 nres=1   (append) */
    0x00761B42,                /* 0B20  gget L27 <- g118   (len) */
    0x001C0741,                /* 0B21  move L28 <- L7 */
    0x001B01A0, 0x00010000,    /* 0B22  call base=L27 argc=1 nres=1 */
    0x00091B41,                /* 0B24  move L9 <- L27 */
    0x000A0040,                /* 0B25  i8 L10 <- 0 */
    0x001B0091, 0x000A0009,    /* 0B26  lt L27 <- L10 < L9 */
    0x002F1B4B,                /* 0B28  jf L27, +47 */
    0x000B0086, 0x0009000A,    /* 0B29  sub L11 <- L9 - L10 */
    0x001B0C40,                /* 0B2B  i8 L27 <- 12 */
    0x001C0093, 0x000B001B,    /* 0B2C  gt L28 <- L11 > L27 */
    0x00011C4B,                /* 0B2E  jf L28, +1 */
    0x000B0C40,                /* 0B2F  i8 L11 <- 12 */
    0x007C0C46,                /* 0B30  lconst L12 <- static#124   ("    ") */
    0x000D0040,                /* 0B31  i8 L13 <- 0 */
    0x001B0091, 0x000D000B,    /* 0B32  lt L27 <- L13 < L11 */
    0x001B1B4B,                /* 0B34  jf L27, +27 */
    0x001B0040,                /* 0B35  i8 L27 <- 0 */
    0x001C0093, 0x000D001B,    /* 0B36  gt L28 <- L13 > L27 */
    0x00031C4B,                /* 0B38  jf L28, +3 */
    0x00471B46,                /* 0B39  lconst L27 <- static#71   (" ") */
    0x000C0085, 0x000C001B,    /* 0B3A  add L12 <- L12 + L27 */
    0x007D1B46,                /* 0B3C  lconst L27 <- static#125   ("0x") */
    0x001C0085, 0x000C001B,    /* 0B3D  add L28 <- L12 + L27 */
    0x00641D42,                /* 0B3F  gget L29 <- g100   (_hex2) */
    0x001E0085, 0x000A000D,    /* 0B40  add L30 <- L10 + L13 */
    0x001F0098, 0x0007001E,    /* 0B42  getidx L31 <- L7[L30] */
    0x001E1F41,                /* 0B44  move L30 <- L31 */
    0x001D01A0, 0x00010000,    /* 0B45  call base=L29 argc=1 nres=1 */
    0x001E0085, 0x001C001D,    /* 0B47  add L30 <- L28 + L29 */
    0x007E1F46,                /* 0B49  lconst L31 <- static#126   (",") */
    0x000C0085, 0x001E001F,    /* 0B4A  add L12 <- L30 + L31 */
    0x001B0140,                /* 0B4C  i8 L27 <- 1 */
    0x000D0085, 0x000D001B,    /* 0B4D  add L13 <- L13 + L27 */
    0xFFE2004F,                /* 0B4F  jmp -30 */
    0x001B0341,                /* 0B50  move L27 <- L3 */
    0x001C0C41,                /* 0B51  move L28 <- L12 */
    0x001B01A2, 0x00000001,    /* 0B52  msg base=L27 argc=1 msg#0 nres=1   (append) */
    0x001B0C40,                /* 0B54  i8 L27 <- 12 */
    0x000A0085, 0x000A001B,    /* 0B55  add L10 <- L10 + L27 */
    0xFFCE004F,                /* 0B57  jmp -50 */
    0x001B0341,                /* 0B58  move L27 <- L3 */
    0x007F1C46,                /* 0B59  lconst L28 <- static#127   ("};") */
    0x001B01A2, 0x00000001,    /* 0B5A  msg base=L27 argc=1 msg#0 nres=1   (append) */
    0x001B0341,                /* 0B5C  move L27 <- L3 */
    0x00461C46,                /* 0B5D  lconst L28 <- static#70   ("") */
    0x001B01A2, 0x00000001,    /* 0B5E  msg base=L27 argc=1 msg#0 nres=1   (append) */
    0xFF9D004F,                /* 0B60  jmp -99 */
    0x00190341,                /* 0B61  move L25 <- L3 */
    0x00801A46,                /* 0B62  lconst L26 <- static#128   ("static const uint32_t ") */
    0x001B0085, 0x001A0000,    /* 0B63  add L27 <- L26 + L0 */
    0x00811C46,                /* 0B65  lconst L28 <- static#129   ("_code[] = {") */
    0x001D0085, 0x001B001C,    /* 0B66  add L29 <- L27 + L28 */
    0x001A1D41,                /* 0B68  move L26 <- L29 */
    0x001901A2, 0x00000001,    /* 0B69  msg base=L25 argc=1 msg#0 nres=1   (append) */
    0x006A1942,                /* 0B6B  gget L25 <- g106   (disassemble) */
    0x000B1A46,                /* 0B6C  lconst L26 <- static#11   ("code") */
    0x001B0098, 0x8000001A,    /* 0B6D  getidx L27 <- P0[L26] */
    0x001A1B41,                /* 0B6F  move L26 <- L27 */
    0x001B0040,                /* 0B70  i8 L27 <- 0 */
    0x001902A0, 0x00010000,    /* 0B71  call base=L25 argc=2 nres=1 */
    0x00041941,                /* 0B73  move L4 <- L25 */
    0x00451946,                /* 0B74  lconst L25 <- static#69   ("error") */
    0x001A0097, 0x00040019,    /* 0B75  is L26 <- L4 is L25 */
    0x00011A4B,                /* 0B77  jf L26, +1 */
    0x00040102,                /* 0B78  return L4 count=1 */
    0x001E1942,                /* 0B79  gget L25 <- g30   (_global_names) */
    0x001A8041,                /* 0B7A  move L26 <- P0 */
    0x001901A0, 0x00010000,    /* 0B7B  call base=L25 argc=1 nres=1 */
    0x00051941,                /* 0B7D  move L5 <- L25 */
    0x001900AE, 0x00040000,    /* 0B7E  iter L25 <- L4 */
    0x000E00AF, 0x0019005E,    /* 0B80  itnext L14 <- L25, done +94 */
    0x006B1A46,                /* 0B82  lconst L26 <- static#107   ("offset") */
    0x000F0098, 0x000E001A,    /* 0B83  getidx L15 <- L14[L26] */
    0x00461046,                /* 0B85  lconst L16 <- static#70   ("") */
    0x00110040,                /* 0B86  i8 L17 <- 0 */
    0x006C1A46,                /* 0B87  lconst L26 <- static#108   ("nwords") */
    0x001B0098, 0x000E001A,    /* 0B88  getidx L27 <- L14[L26] */
    0x001C0091, 0x0011001B,    /* 0B8A  lt L28 <- L17 < L27 */
    0x001E1C4B,                /* 0B8C  jf L28, +30 */
    0x000B1A46,                /* 0B8D  lconst L26 <- static#11   ("code") */
    0x001B0098, 0x8000001A,    /* 0B8E  getidx L27 <- P0[L26] */
    0x001C0085, 0x000F0011,    /* 0B90  add L28 <- L15 + L17 */
    0x00140098, 0x001B001C,    /* 0B92  getidx L20 <- L27[L28] */
    0x001A0040,                /* 0B94  i8 L26 <- 0 */
    0x001B0093, 0x0011001A,    /* 0B95  gt L27 <- L17 > L26 */
    0x00031B4B,                /* 0B97  jf L27, +3 */
    0x00471A46,                /* 0B98  lconst L26 <- static#71   (" ") */
    0x00100085, 0x0010001A,    /* 0B99  add L16 <- L16 + L26 */
    0x007D1A46,                /* 0B9B  lconst L26 <- static#125   ("0x") */
    0x001B0085, 0x0010001A,    /* 0B9C  add L27 <- L16 + L26 */
    0x00111C42,                /* 0B9E  gget L28 <- g17   (_hex8) */
    0x001D1441,                /* 0B9F  move L29 <- L20 */
    0x001C01A0, 0x00010000,    /* 0BA0  call base=L28 argc=1 nres=1 */
    0x001D0085, 0x001B001C,    /* 0BA2  add L29 <- L27 + L28 */
    0x007E1E46,                /* 0BA4  lconst L30 <- static#126   (",") */
    0x00100085, 0x001D001E,    /* 0BA5  add L16 <- L29 + L30 */
    0x001A0140,                /* 0BA7  i8 L26 <- 1 */
    0x00110085, 0x0011001A,    /* 0BA8  add L17 <- L17 + L26 */
    0xFFDC004F,                /* 0BAA  jmp -36 */
    0x006D1A46,                /* 0BAB  lconst L26 <- static#109   ("text") */
    0x00120098, 0x000E001A,    /* 0BAC  getidx L18 <- L14[L26] */
    0x00201A42,                /* 0BAE  gget L26 <- g32   (_annotate) */
    0x001B0E41,                /* 0BAF  move L27 <- L14 */
    0x001C8041,                /* 0BB0  move L28 <- P0 */
    0x001D0541,                /* 0BB1  move L29 <- L5 */
    0x001A03A0, 0x00010000,    /* 0BB2  call base=L26 argc=3 nres=1 */
    0x00131A41,                /* 0BB4  move L19 <- L26 */
    0x00461A46,                /* 0BB5  lconst L26 <- static#70   ("") */
    0x001B0090, 0x0013001A,    /* 0BB6  ne L27 <- L19 != L26 */
    0x00051B4B,                /* 0BB8  jf L27, +5 */
    0x006E1A46,                /* 0BB9  lconst L26 <- static#110   ("   ") */
    0x001B0085, 0x0012001A,    /* 0BBA  add L27 <- L18 + L26 */
    0x00120085, 0x001B0013,    /* 0BBC  add L18 <- L27 + L19 */
    0x001A0341,                /* 0BBE  move L26 <- L3 */
    0x007C1B46,                /* 0BBF  lconst L27 <- static#124   ("    ") */
    0x000F1C42,                /* 0BC0  gget L28 <- g15   (_pad_to) */
    0x001D1041,                /* 0BC1  move L29 <- L16 */
    0x001E1A40,                /* 0BC2  i8 L30 <- 26 */
    0x001C02A0, 0x00010000,    /* 0BC3  call base=L28 argc=2 nres=1 */
    0x001D0085, 0x001B001C,    /* 0BC5  add L29 <- L27 + L28 */
    0x00821E46,                /* 0BC7  lconst L30 <- static#130   (" /* ") */
    0x001F0085, 0x001D001E,    /* 0BC8  add L31 <- L29 + L30 */
    0x00102042,                /* 0BCA  gget L32 <- g16   (_hex4) */
    0x00210F41,                /* 0BCB  move L33 <- L15 */
    0x002001A0, 0x00010000,    /* 0BCC  call base=L32 argc=1 nres=1 */
    0x00210085, 0x001F0020,    /* 0BCE  add L33 <- L31 + L32 */
    0x00832246,                /* 0BD0  lconst L34 <- static#131   ("  ") */
    0x00230085, 0x00210022,    /* 0BD1  add L35 <- L33 + L34 */
    0x00252442,                /* 0BD3  gget L36 <- g37   (_c_comment) */
    0x00251241,                /* 0BD4  move L37 <- L18 */
    0x002401A0, 0x00010000,    /* 0BD5  call base=L36 argc=1 nres=1 */
    0x00250085, 0x00230024,    /* 0BD7  add L37 <- L35 + L36 */
    0x00842646,                /* 0BD9  lconst L38 <- static#132   (" *\/") */
    0x00270085, 0x00250026,    /* 0BDA  add L39 <- L37 + L38 */
    0x001B2741,                /* 0BDC  move L27 <- L39 */
    0x001A01A2, 0x00000001,    /* 0BDD  msg base=L26 argc=1 msg#0 nres=1   (append) */
    0xFFA0004F,                /* 0BDF  jmp -96 */
    0x00190341,                /* 0BE0  move L25 <- L3 */
    0x007F1A46,                /* 0BE1  lconst L26 <- static#127   ("};") */
    0x001901A2, 0x00000001,    /* 0BE2  msg base=L25 argc=1 msg#0 nres=1   (append) */
    0x00190341,                /* 0BE4  move L25 <- L3 */
    0x00461A46,                /* 0BE5  lconst L26 <- static#70   ("") */
    0x001901A2, 0x00000001,    /* 0BE6  msg base=L25 argc=1 msg#0 nres=1   (append) */
    0x00190341,                /* 0BE8  move L25 <- L3 */
    0x00851A46,                /* 0BE9  lconst L26 <- static#133   ("const wy_module_image ") */
    0x001B0085, 0x001A0000,    /* 0BEA  add L27 <- L26 + L0 */
    0x00861C46,                /* 0BEC  lconst L28 <- static#134   ("_image = {") */
    0x001D0085, 0x001B001C,    /* 0BED  add L29 <- L27 + L28 */
    0x001A1D41,                /* 0BEF  move L26 <- L29 */
    0x001901A2, 0x00000001,    /* 0BF0  msg base=L25 argc=1 msg#0 nres=1   (append) */
    0x00190341,                /* 0BF2  move L25 <- L3 */
    0x00871A46,                /* 0BF3  lconst L26 <- static#135   ("    .name = ") */
    0x001B0085, 0x001A0002,    /* 0BF4  add L27 <- L26 + L2 */
    0x00181C46,                /* 0BF6  lconst L28 <- static#24   ("name") */
    0x001D0098, 0x8000001C,    /* 0BF7  getidx L29 <- P0[L28] */
    0x001E0085, 0x001B001D,    /* 0BF9  add L30 <- L27 + L29 */
    0x001F0085, 0x001E0002,    /* 0BFB  add L31 <- L30 + L2 */
    0x007E2046,                /* 0BFD  lconst L32 <- static#126   (",") */
    0x00210085, 0x001F0020,    /* 0BFE  add L33 <- L31 + L32 */
    0x001A2141,                /* 0C00  move L26 <- L33 */
    0x001901A2, 0x00000001,    /* 0C01  msg base=L25 argc=1 msg#0 nres=1   (append) */
    0x00190341,                /* 0C03  move L25 <- L3 */
    0x00881A46,                /* 0C04  lconst L26 <- static#136   ("    .sections = {") */
    0x001901A2, 0x00000001,    /* 0C05  msg base=L25 argc=1 msg#0 nres=1   (append) */
    0x00351942,                /* 0C07  gget L25 <- g53   (ALL_SECTION_IDS) */
    0x001A00AE, 0x00190000,    /* 0C08  iter L26 <- L25 */
    0x001500AF, 0x001A0047,    /* 0C0A  itnext L21 <- L26, done +71 */
    0x00160098, 0x00010015,    /* 0C0C  getidx L22 <- L1[L21] */
    0x0001164E,                /* 0C0E  jnerr L22, +1 */
    0x00160003,                /* 0C0F  lnil L22 */
    0x001F1B46,                /* 0C10  lconst L27 <- static#31   ("nil") */
    0x001C0097, 0x0016001B,    /* 0C11  is L28 <- L22 is L27 */
    0x00011C4B,                /* 0C13  jf L28, +1 */
    0xFFF5004F,                /* 0C14  jmp -11 */
    0x00371B42,                /* 0C15  gget L27 <- g55   (SECTION_NAMES) */
    0x00170098, 0x001B0015,    /* 0C16  getidx L23 <- L27[L21] */
    0x00381B42,                /* 0C18  gget L27 <- g56   (SEC_MACRO) */
    0x00180098, 0x001B0015,    /* 0C19  getidx L24 <- L27[L21] */
    0x000B1B46,                /* 0C1B  lconst L27 <- static#11   ("code") */
    0x001C008F, 0x0017001B,    /* 0C1C  eq L28 <- L23 == L27 */
    0x00151C4B,                /* 0C1E  jf L28, +21 */
    0x001B0341,                /* 0C1F  move L27 <- L3 */
    0x00891C46,                /* 0C20  lconst L28 <- static#137   ("        [") */
    0x001D0085, 0x001C0018,    /* 0C21  add L29 <- L28 + L24 */
    0x008A1E46,                /* 0C23  lconst L30 <- static#138   ("] = { (const uint8_t*) ") */
    0x001F0085, 0x001D001E,    /* 0C24  add L31 <- L29 + L30 */
    0x00200085, 0x001F0000,    /* 0C26  add L32 <- L31 + L0 */
    0x008B2146,                /* 0C28  lconst L33 <- static#139   ("_code, sizeof ") */
    0x00220085, 0x00200021,    /* 0C29  add L34 <- L32 + L33 */
    0x00230085, 0x00220000,    /* 0C2B  add L35 <- L34 + L0 */
    0x008C2446,                /* 0C2D  lconst L36 <- static#140   ("_code },") */
    0x00250085, 0x00230024,    /* 0C2E  add L37 <- L35 + L36 */
    0x001C2541,                /* 0C30  move L28 <- L37 */
    0x001B01A2, 0x00000001,    /* 0C31  msg base=L27 argc=1 msg#0 nres=1   (append) */
    0x001E004F,                /* 0C33  jmp +30 */
    0x001B0341,                /* 0C34  move L27 <- L3 */
    0x00891C46,                /* 0C35  lconst L28 <- static#137   ("        [") */
    0x001D0085, 0x001C0018,    /* 0C36  add L29 <- L28 + L24 */
    0x008D1E46,                /* 0C38  lconst L30 <- static#141   ("] = { ") */
    0x001F0085, 0x001D001E,    /* 0C39  add L31 <- L29 + L30 */
    0x00200085, 0x001F0000,    /* 0C3B  add L32 <- L31 + L0 */
    0x007A2146,                /* 0C3D  lconst L33 <- static#122   ("_") */
    0x00220085, 0x00200021,    /* 0C3E  add L34 <- L32 + L33 */
    0x00230085, 0x00220017,    /* 0C40  add L35 <- L34 + L23 */
    0x008E2446,                /* 0C42  lconst L36 <- static#142   (", sizeof ") */
    0x00250085, 0x00230024,    /* 0C43  add L37 <- L35 + L36 */
    0x00260085, 0x00250000,    /* 0C45  add L38 <- L37 + L0 */
    0x007A2746,                /* 0C47  lconst L39 <- static#122   ("_") */
    0x00280085, 0x00260027,    /* 0C48  add L40 <- L38 + L39 */
    0x00290085, 0x00280017,    /* 0C4A  add L41 <- L40 + L23 */
    0x008F2A46,                /* 0C4C  lconst L42 <- static#143   (" },") */
    0x002B0085, 0x0029002A,    /* 0C4D  add L43 <- L41 + L42 */
    0x001C2B41,                /* 0C4F  move L28 <- L43 */
    0x001B01A2, 0x00000001,    /* 0C50  msg base=L27 argc=1 msg#0 nres=1   (append) */
    0xFFB7004F,                /* 0C52  jmp -73 */
    0x00190341,                /* 0C53  move L25 <- L3 */
    0x00901A46,                /* 0C54  lconst L26 <- static#144   ("    },") */
    0x001901A2, 0x00000001,    /* 0C55  msg base=L25 argc=1 msg#0 nres=1   (append) */
    0x00190341,                /* 0C57  move L25 <- L3 */
    0x007F1A46,                /* 0C58  lconst L26 <- static#127   ("};") */
    0x001901A2, 0x00000001,    /* 0C59  msg base=L25 argc=1 msg#0 nres=1   (append) */
    0x00190341,                /* 0C5B  move L25 <- L3 */
    0x00461A46,                /* 0C5C  lconst L26 <- static#70   ("") */
    0x001901A2, 0x00000001,    /* 0C5D  msg base=L25 argc=1 msg#0 nres=1   (append) */
    0x000E1942,                /* 0C5F  gget L25 <- g14   (_join) */
    0x001A0341,                /* 0C60  move L26 <- L3 */
    0x00701B46,                /* 0C61  lconst L27 <- static#112   ("\n") */
    0x001902A0, 0x00010000,    /* 0C62  call base=L25 argc=2 nres=1 */
    0x00190102,                /* 0C64  return L25 count=1 */
};

const wy_module_image image_image = {
    .name = "image",
    .sections = {
        [WY_SEC_HEADER] = { image_header, sizeof image_header },
        [WY_SEC_STATICS] = { image_statics, sizeof image_statics },
        [WY_SEC_SYMBOLS] = { image_symbols, sizeof image_symbols },
        [WY_SEC_FUNCTIONS] = { image_functions, sizeof image_functions },
        [WY_SEC_CLASSES] = { image_classes, sizeof image_classes },
        [WY_SEC_MESSAGES] = { image_messages, sizeof image_messages },
        [WY_SEC_CODE] = { (const uint8_t*) image_code, sizeof image_code },
        [WY_SEC_EXPORTS] = { image_exports, sizeof image_exports },
        [WY_SEC_FREE] = { image_free, sizeof image_free },
    },
};
