/* Generated from tokenizer by wypoc's bytecode compiler. */

#include <stdint.h>
#include "wyrm/image.h"

static const uint8_t tokenizer_header[] = {
    0x2B, 0x00, 0x00, 0x00, 0x02, 0x6E, 0x00, 0x0A, 0x00, 0x00, 0x00, 0x74,
    0x6F, 0x6B, 0x65, 0x6E, 0x69, 0x7A, 0x65, 0x72, 0x00, 0x10, 0x76, 0x00,
    0x01, 0x00, 0x00, 0x00, 0x10, 0x67, 0x00, 0x2C, 0x00, 0x00, 0x00, 0x10,
    0x6C, 0x00, 0x25, 0x00, 0x00, 0x00, 0x00,
};

static const uint8_t tokenizer_statics[] = {
    0xFF, 0x03, 0x00, 0x00, 0x02, 0x30, 0x00, 0x04, 0x00, 0x00, 0x00, 0x73,
    0x74, 0x64, 0x00, 0x02, 0x31, 0x00, 0x0B, 0x00, 0x00, 0x00, 0x73, 0x74,
    0x64, 0x3A, 0x3A, 0x63, 0x74, 0x79, 0x70, 0x65, 0x00, 0x02, 0x32, 0x00,
    0x04, 0x00, 0x00, 0x00, 0x61, 0x6E, 0x64, 0x00, 0x02, 0x33, 0x00, 0x06,
    0x00, 0x00, 0x00, 0x62, 0x72, 0x65, 0x61, 0x6B, 0x00, 0x02, 0x34, 0x00,
    0x06, 0x00, 0x00, 0x00, 0x63, 0x61, 0x74, 0x63, 0x68, 0x00, 0x02, 0x35,
    0x00, 0x06, 0x00, 0x00, 0x00, 0x63, 0x6C, 0x61, 0x73, 0x73, 0x00, 0x02,
    0x36, 0x00, 0x03, 0x00, 0x00, 0x00, 0x63, 0x6F, 0x00, 0x02, 0x37, 0x00,
    0x09, 0x00, 0x00, 0x00, 0x63, 0x6F, 0x6E, 0x74, 0x69, 0x6E, 0x75, 0x65,
    0x00, 0x02, 0x38, 0x00, 0x06, 0x00, 0x00, 0x00, 0x64, 0x65, 0x66, 0x65,
    0x72, 0x00, 0x02, 0x39, 0x00, 0x03, 0x00, 0x00, 0x00, 0x64, 0x6F, 0x00,
    0x02, 0x31, 0x30, 0x00, 0x05, 0x00, 0x00, 0x00, 0x65, 0x6C, 0x69, 0x66,
    0x00, 0x02, 0x31, 0x31, 0x00, 0x05, 0x00, 0x00, 0x00, 0x65, 0x6C, 0x73,
    0x65, 0x00, 0x02, 0x31, 0x32, 0x00, 0x05, 0x00, 0x00, 0x00, 0x65, 0x6D,
    0x69, 0x74, 0x00, 0x02, 0x31, 0x33, 0x00, 0x06, 0x00, 0x00, 0x00, 0x66,
    0x61, 0x6C, 0x73, 0x65, 0x00, 0x02, 0x31, 0x34, 0x00, 0x03, 0x00, 0x00,
    0x00, 0x66, 0x6E, 0x00, 0x02, 0x31, 0x35, 0x00, 0x04, 0x00, 0x00, 0x00,
    0x66, 0x6F, 0x72, 0x00, 0x02, 0x31, 0x36, 0x00, 0x05, 0x00, 0x00, 0x00,
    0x66, 0x72, 0x6F, 0x6D, 0x00, 0x02, 0x31, 0x37, 0x00, 0x03, 0x00, 0x00,
    0x00, 0x69, 0x66, 0x00, 0x02, 0x31, 0x38, 0x00, 0x07, 0x00, 0x00, 0x00,
    0x69, 0x6D, 0x70, 0x6F, 0x72, 0x74, 0x00, 0x02, 0x31, 0x39, 0x00, 0x03,
    0x00, 0x00, 0x00, 0x69, 0x6E, 0x00, 0x02, 0x32, 0x30, 0x00, 0x03, 0x00,
    0x00, 0x00, 0x69, 0x73, 0x00, 0x02, 0x32, 0x31, 0x00, 0x04, 0x00, 0x00,
    0x00, 0x6E, 0x69, 0x6C, 0x00, 0x02, 0x32, 0x32, 0x00, 0x04, 0x00, 0x00,
    0x00, 0x6E, 0x6F, 0x74, 0x00, 0x02, 0x32, 0x33, 0x00, 0x03, 0x00, 0x00,
    0x00, 0x6F, 0x72, 0x00, 0x02, 0x32, 0x34, 0x00, 0x05, 0x00, 0x00, 0x00,
    0x70, 0x61, 0x73, 0x73, 0x00, 0x02, 0x32, 0x35, 0x00, 0x07, 0x00, 0x00,
    0x00, 0x72, 0x65, 0x74, 0x75, 0x72, 0x6E, 0x00, 0x02, 0x32, 0x36, 0x00,
    0x07, 0x00, 0x00, 0x00, 0x73, 0x69, 0x67, 0x6E, 0x61, 0x6C, 0x00, 0x02,
    0x32, 0x37, 0x00, 0x05, 0x00, 0x00, 0x00, 0x73, 0x6C, 0x6F, 0x74, 0x00,
    0x02, 0x32, 0x38, 0x00, 0x07, 0x00, 0x00, 0x00, 0x73, 0x74, 0x61, 0x74,
    0x69, 0x63, 0x00, 0x02, 0x32, 0x39, 0x00, 0x05, 0x00, 0x00, 0x00, 0x74,
    0x61, 0x73, 0x6B, 0x00, 0x02, 0x33, 0x30, 0x00, 0x07, 0x00, 0x00, 0x00,
    0x74, 0x68, 0x72, 0x65, 0x61, 0x64, 0x00, 0x02, 0x33, 0x31, 0x00, 0x05,
    0x00, 0x00, 0x00, 0x74, 0x72, 0x75, 0x65, 0x00, 0x02, 0x33, 0x32, 0x00,
    0x04, 0x00, 0x00, 0x00, 0x74, 0x72, 0x79, 0x00, 0x02, 0x33, 0x33, 0x00,
    0x04, 0x00, 0x00, 0x00, 0x76, 0x61, 0x72, 0x00, 0x02, 0x33, 0x34, 0x00,
    0x06, 0x00, 0x00, 0x00, 0x77, 0x68, 0x69, 0x6C, 0x65, 0x00, 0x02, 0x33,
    0x35, 0x00, 0x06, 0x00, 0x00, 0x00, 0x79, 0x69, 0x65, 0x6C, 0x64, 0x00,
    0x02, 0x33, 0x36, 0x00, 0x04, 0x00, 0x00, 0x00, 0x2E, 0x2E, 0x2E, 0x00,
    0x02, 0x33, 0x37, 0x00, 0x04, 0x00, 0x00, 0x00, 0x3C, 0x3D, 0x3E, 0x00,
    0x02, 0x33, 0x38, 0x00, 0x03, 0x00, 0x00, 0x00, 0x2A, 0x2A, 0x00, 0x02,
    0x33, 0x39, 0x00, 0x03, 0x00, 0x00, 0x00, 0x3C, 0x3C, 0x00, 0x02, 0x34,
    0x30, 0x00, 0x03, 0x00, 0x00, 0x00, 0x3E, 0x3E, 0x00, 0x02, 0x34, 0x31,
    0x00, 0x03, 0x00, 0x00, 0x00, 0x3D, 0x3D, 0x00, 0x02, 0x34, 0x32, 0x00,
    0x03, 0x00, 0x00, 0x00, 0x21, 0x3D, 0x00, 0x02, 0x34, 0x33, 0x00, 0x03,
    0x00, 0x00, 0x00, 0x3C, 0x3D, 0x00, 0x02, 0x34, 0x34, 0x00, 0x03, 0x00,
    0x00, 0x00, 0x3E, 0x3D, 0x00, 0x02, 0x34, 0x35, 0x00, 0x03, 0x00, 0x00,
    0x00, 0x3A, 0x3A, 0x00, 0x02, 0x34, 0x36, 0x00, 0x02, 0x00, 0x00, 0x00,
    0x2B, 0x00, 0x02, 0x34, 0x37, 0x00, 0x02, 0x00, 0x00, 0x00, 0x2D, 0x00,
    0x02, 0x34, 0x38, 0x00, 0x02, 0x00, 0x00, 0x00, 0x2A, 0x00, 0x02, 0x34,
    0x39, 0x00, 0x02, 0x00, 0x00, 0x00, 0x2F, 0x00, 0x02, 0x35, 0x30, 0x00,
    0x02, 0x00, 0x00, 0x00, 0x25, 0x00, 0x02, 0x35, 0x31, 0x00, 0x02, 0x00,
    0x00, 0x00, 0x26, 0x00, 0x02, 0x35, 0x32, 0x00, 0x02, 0x00, 0x00, 0x00,
    0x7C, 0x00, 0x02, 0x35, 0x33, 0x00, 0x02, 0x00, 0x00, 0x00, 0x5E, 0x00,
    0x02, 0x35, 0x34, 0x00, 0x02, 0x00, 0x00, 0x00, 0x7E, 0x00, 0x02, 0x35,
    0x35, 0x00, 0x02, 0x00, 0x00, 0x00, 0x3C, 0x00, 0x02, 0x35, 0x36, 0x00,
    0x02, 0x00, 0x00, 0x00, 0x3E, 0x00, 0x02, 0x35, 0x37, 0x00, 0x16, 0x00,
    0x00, 0x00, 0x75, 0x6E, 0x65, 0x78, 0x70, 0x65, 0x63, 0x74, 0x65, 0x64,
    0x20, 0x73, 0x74, 0x72, 0x65, 0x61, 0x6D, 0x20, 0x65, 0x6E, 0x64, 0x00,
    0x02, 0x35, 0x38, 0x00, 0x02, 0x00, 0x00, 0x00, 0x29, 0x00, 0x02, 0x35,
    0x39, 0x00, 0x02, 0x00, 0x00, 0x00, 0x22, 0x00, 0x02, 0x36, 0x30, 0x00,
    0x13, 0x00, 0x00, 0x00, 0x62, 0x61, 0x64, 0x20, 0x73, 0x79, 0x6D, 0x62,
    0x6F, 0x6C, 0x20, 0x6C, 0x69, 0x74, 0x65, 0x72, 0x61, 0x6C, 0x00, 0x02,
    0x36, 0x31, 0x00, 0x19, 0x00, 0x00, 0x00, 0x65, 0x6F, 0x66, 0x20, 0x69,
    0x6E, 0x20, 0x63, 0x68, 0x61, 0x72, 0x61, 0x63, 0x74, 0x65, 0x72, 0x20,
    0x6C, 0x69, 0x74, 0x65, 0x72, 0x61, 0x6C, 0x00, 0x02, 0x36, 0x32, 0x00,
    0x2A, 0x00, 0x00, 0x00, 0x75, 0x6E, 0x65, 0x78, 0x70, 0x65, 0x63, 0x74,
    0x65, 0x64, 0x20, 0x63, 0x68, 0x61, 0x72, 0x61, 0x63, 0x74, 0x65, 0x72,
    0x20, 0x69, 0x6E, 0x20, 0x63, 0x68, 0x61, 0x72, 0x61, 0x63, 0x74, 0x65,
    0x72, 0x20, 0x6C, 0x69, 0x74, 0x65, 0x72, 0x61, 0x6C, 0x00, 0x02, 0x36,
    0x33, 0x00, 0x11, 0x00, 0x00, 0x00, 0x75, 0x6E, 0x65, 0x78, 0x70, 0x65,
    0x63, 0x74, 0x65, 0x64, 0x20, 0x74, 0x6F, 0x6B, 0x65, 0x6E, 0x00, 0x02,
    0x36, 0x34, 0x00, 0x06, 0x00, 0x00, 0x00, 0x65, 0x72, 0x72, 0x6F, 0x72,
    0x00, 0x02, 0x36, 0x35, 0x00, 0x25, 0x00, 0x00, 0x00, 0x75, 0x6E, 0x65,
    0x78, 0x70, 0x65, 0x63, 0x74, 0x65, 0x64, 0x20, 0x65, 0x6E, 0x64, 0x2D,
    0x6F, 0x66, 0x2D, 0x6C, 0x69, 0x6E, 0x65, 0x20, 0x77, 0x69, 0x74, 0x68,
    0x69, 0x6E, 0x20, 0x73, 0x74, 0x72, 0x69, 0x6E, 0x67, 0x00, 0x02, 0x36,
    0x36, 0x00, 0x01, 0x00, 0x00, 0x00, 0x00, 0x02, 0x36, 0x37, 0x00, 0x14,
    0x00, 0x00, 0x00, 0x69, 0x6E, 0x63, 0x6F, 0x6E, 0x73, 0x69, 0x73, 0x74,
    0x65, 0x6E, 0x74, 0x20, 0x69, 0x6E, 0x64, 0x65, 0x6E, 0x74, 0x00, 0x02,
    0x36, 0x38, 0x00, 0x2B, 0x00, 0x00, 0x00, 0x75, 0x6E, 0x69, 0x6E, 0x64,
    0x65, 0x6E, 0x74, 0x20, 0x64, 0x6F, 0x65, 0x73, 0x20, 0x6E, 0x6F, 0x74,
    0x20, 0x6D, 0x61, 0x74, 0x63, 0x68, 0x20, 0x61, 0x6E, 0x20, 0x65, 0x6E,
    0x63, 0x6C, 0x6F, 0x73, 0x69, 0x6E, 0x67, 0x20, 0x6C, 0x65, 0x76, 0x65,
    0x6C, 0x00, 0x00,
};

static const uint8_t tokenizer_symbols[] = {
    0x3B, 0x08, 0x00, 0x00, 0x02, 0x30, 0x00, 0x0E, 0x00, 0x00, 0x00, 0x54,
    0x4F, 0x4B, 0x5F, 0x53, 0x50, 0x41, 0x43, 0x45, 0x53, 0x48, 0x49, 0x50,
    0x00, 0x02, 0x31, 0x00, 0x0D, 0x00, 0x00, 0x00, 0x54, 0x4F, 0x4B, 0x5F,
    0x45, 0x4C, 0x4C, 0x49, 0x50, 0x53, 0x49, 0x53, 0x00, 0x02, 0x32, 0x00,
    0x0D, 0x00, 0x00, 0x00, 0x54, 0x4F, 0x4B, 0x5F, 0x45, 0x58, 0x50, 0x4F,
    0x4E, 0x45, 0x4E, 0x54, 0x00, 0x02, 0x33, 0x00, 0x0D, 0x00, 0x00, 0x00,
    0x54, 0x4F, 0x4B, 0x5F, 0x4C, 0x42, 0x52, 0x41, 0x43, 0x45, 0x5F, 0x53,
    0x00, 0x02, 0x34, 0x00, 0x0F, 0x00, 0x00, 0x00, 0x54, 0x4F, 0x4B, 0x5F,
    0x4C, 0x42, 0x52, 0x41, 0x43, 0x4B, 0x45, 0x54, 0x5F, 0x53, 0x00, 0x02,
    0x35, 0x00, 0x0B, 0x00, 0x00, 0x00, 0x54, 0x4F, 0x4B, 0x5F, 0x52, 0x41,
    0x52, 0x52, 0x4F, 0x57, 0x00, 0x02, 0x36, 0x00, 0x0B, 0x00, 0x00, 0x00,
    0x54, 0x4F, 0x4B, 0x5F, 0x4C, 0x41, 0x52, 0x52, 0x4F, 0x57, 0x00, 0x02,
    0x37, 0x00, 0x0B, 0x00, 0x00, 0x00, 0x54, 0x4F, 0x4B, 0x5F, 0x4C, 0x53,
    0x48, 0x49, 0x46, 0x54, 0x00, 0x02, 0x38, 0x00, 0x0B, 0x00, 0x00, 0x00,
    0x54, 0x4F, 0x4B, 0x5F, 0x52, 0x53, 0x48, 0x49, 0x46, 0x54, 0x00, 0x02,
    0x39, 0x00, 0x07, 0x00, 0x00, 0x00, 0x54, 0x4F, 0x4B, 0x5F, 0x4C, 0x45,
    0x00, 0x02, 0x31, 0x30, 0x00, 0x07, 0x00, 0x00, 0x00, 0x54, 0x4F, 0x4B,
    0x5F, 0x47, 0x45, 0x00, 0x02, 0x31, 0x31, 0x00, 0x07, 0x00, 0x00, 0x00,
    0x54, 0x4F, 0x4B, 0x5F, 0x4E, 0x45, 0x00, 0x02, 0x31, 0x32, 0x00, 0x0B,
    0x00, 0x00, 0x00, 0x54, 0x4F, 0x4B, 0x5F, 0x44, 0x45, 0x51, 0x55, 0x41,
    0x4C, 0x00, 0x02, 0x31, 0x33, 0x00, 0x09, 0x00, 0x00, 0x00, 0x54, 0x4F,
    0x4B, 0x5F, 0x42, 0x49, 0x4E, 0x44, 0x00, 0x02, 0x31, 0x34, 0x00, 0x0A,
    0x00, 0x00, 0x00, 0x54, 0x4F, 0x4B, 0x5F, 0x53, 0x43, 0x4F, 0x50, 0x45,
    0x00, 0x02, 0x31, 0x35, 0x00, 0x08, 0x00, 0x00, 0x00, 0x54, 0x4F, 0x4B,
    0x5F, 0x51, 0x45, 0x51, 0x00, 0x02, 0x31, 0x36, 0x00, 0x0E, 0x00, 0x00,
    0x00, 0x54, 0x4F, 0x4B, 0x5F, 0x53, 0x45, 0x4D, 0x49, 0x43, 0x4F, 0x4C,
    0x4F, 0x4E, 0x00, 0x02, 0x31, 0x37, 0x00, 0x0A, 0x00, 0x00, 0x00, 0x54,
    0x4F, 0x4B, 0x5F, 0x43, 0x4F, 0x4D, 0x4D, 0x41, 0x00, 0x02, 0x31, 0x38,
    0x00, 0x0A, 0x00, 0x00, 0x00, 0x54, 0x4F, 0x4B, 0x5F, 0x43, 0x4F, 0x4C,
    0x4F, 0x4E, 0x00, 0x02, 0x31, 0x39, 0x00, 0x07, 0x00, 0x00, 0x00, 0x54,
    0x4F, 0x4B, 0x5F, 0x41, 0x54, 0x00, 0x02, 0x32, 0x30, 0x00, 0x0B, 0x00,
    0x00, 0x00, 0x54, 0x4F, 0x4B, 0x5F, 0x4C, 0x50, 0x41, 0x52, 0x45, 0x4E,
    0x00, 0x02, 0x32, 0x31, 0x00, 0x0B, 0x00, 0x00, 0x00, 0x54, 0x4F, 0x4B,
    0x5F, 0x52, 0x50, 0x41, 0x52, 0x45, 0x4E, 0x00, 0x02, 0x32, 0x32, 0x00,
    0x0B, 0x00, 0x00, 0x00, 0x54, 0x4F, 0x4B, 0x5F, 0x4C, 0x42, 0x52, 0x41,
    0x43, 0x45, 0x00, 0x02, 0x32, 0x33, 0x00, 0x0B, 0x00, 0x00, 0x00, 0x54,
    0x4F, 0x4B, 0x5F, 0x52, 0x42, 0x52, 0x41, 0x43, 0x45, 0x00, 0x02, 0x32,
    0x34, 0x00, 0x0D, 0x00, 0x00, 0x00, 0x54, 0x4F, 0x4B, 0x5F, 0x4C, 0x42,
    0x52, 0x41, 0x43, 0x4B, 0x45, 0x54, 0x00, 0x02, 0x32, 0x35, 0x00, 0x0D,
    0x00, 0x00, 0x00, 0x54, 0x4F, 0x4B, 0x5F, 0x52, 0x42, 0x52, 0x41, 0x43,
    0x4B, 0x45, 0x54, 0x00, 0x02, 0x32, 0x36, 0x00, 0x0A, 0x00, 0x00, 0x00,
    0x54, 0x4F, 0x4B, 0x5F, 0x45, 0x51, 0x55, 0x41, 0x4C, 0x00, 0x02, 0x32,
    0x37, 0x00, 0x09, 0x00, 0x00, 0x00, 0x54, 0x4F, 0x4B, 0x5F, 0x42, 0x41,
    0x4E, 0x47, 0x00, 0x02, 0x32, 0x38, 0x00, 0x08, 0x00, 0x00, 0x00, 0x54,
    0x4F, 0x4B, 0x5F, 0x44, 0x4F, 0x54, 0x00, 0x02, 0x32, 0x39, 0x00, 0x09,
    0x00, 0x00, 0x00, 0x54, 0x4F, 0x4B, 0x5F, 0x50, 0x4C, 0x55, 0x53, 0x00,
    0x02, 0x33, 0x30, 0x00, 0x0A, 0x00, 0x00, 0x00, 0x54, 0x4F, 0x4B, 0x5F,
    0x4D, 0x49, 0x4E, 0x55, 0x53, 0x00, 0x02, 0x33, 0x31, 0x00, 0x08, 0x00,
    0x00, 0x00, 0x54, 0x4F, 0x4B, 0x5F, 0x4D, 0x55, 0x4C, 0x00, 0x02, 0x33,
    0x32, 0x00, 0x08, 0x00, 0x00, 0x00, 0x54, 0x4F, 0x4B, 0x5F, 0x44, 0x49,
    0x56, 0x00, 0x02, 0x33, 0x33, 0x00, 0x08, 0x00, 0x00, 0x00, 0x54, 0x4F,
    0x4B, 0x5F, 0x4D, 0x4F, 0x44, 0x00, 0x02, 0x33, 0x34, 0x00, 0x07, 0x00,
    0x00, 0x00, 0x54, 0x4F, 0x4B, 0x5F, 0x4C, 0x54, 0x00, 0x02, 0x33, 0x35,
    0x00, 0x07, 0x00, 0x00, 0x00, 0x54, 0x4F, 0x4B, 0x5F, 0x47, 0x54, 0x00,
    0x02, 0x33, 0x36, 0x00, 0x08, 0x00, 0x00, 0x00, 0x54, 0x4F, 0x4B, 0x5F,
    0x58, 0x4F, 0x52, 0x00, 0x02, 0x33, 0x37, 0x00, 0x07, 0x00, 0x00, 0x00,
    0x54, 0x4F, 0x4B, 0x5F, 0x4F, 0x52, 0x00, 0x02, 0x33, 0x38, 0x00, 0x08,
    0x00, 0x00, 0x00, 0x54, 0x4F, 0x4B, 0x5F, 0x41, 0x4E, 0x44, 0x00, 0x02,
    0x33, 0x39, 0x00, 0x0A, 0x00, 0x00, 0x00, 0x54, 0x4F, 0x4B, 0x5F, 0x54,
    0x49, 0x4C, 0x44, 0x45, 0x00, 0x02, 0x34, 0x30, 0x00, 0x0B, 0x00, 0x00,
    0x00, 0x54, 0x4F, 0x4B, 0x5F, 0x4B, 0x57, 0x5F, 0x41, 0x4E, 0x44, 0x00,
    0x02, 0x34, 0x31, 0x00, 0x0D, 0x00, 0x00, 0x00, 0x54, 0x4F, 0x4B, 0x5F,
    0x4B, 0x57, 0x5F, 0x42, 0x52, 0x45, 0x41, 0x4B, 0x00, 0x02, 0x34, 0x32,
    0x00, 0x0D, 0x00, 0x00, 0x00, 0x54, 0x4F, 0x4B, 0x5F, 0x4B, 0x57, 0x5F,
    0x43, 0x41, 0x54, 0x43, 0x48, 0x00, 0x02, 0x34, 0x33, 0x00, 0x0D, 0x00,
    0x00, 0x00, 0x54, 0x4F, 0x4B, 0x5F, 0x4B, 0x57, 0x5F, 0x43, 0x4C, 0x41,
    0x53, 0x53, 0x00, 0x02, 0x34, 0x34, 0x00, 0x0A, 0x00, 0x00, 0x00, 0x54,
    0x4F, 0x4B, 0x5F, 0x4B, 0x57, 0x5F, 0x43, 0x4F, 0x00, 0x02, 0x34, 0x35,
    0x00, 0x10, 0x00, 0x00, 0x00, 0x54, 0x4F, 0x4B, 0x5F, 0x4B, 0x57, 0x5F,
    0x43, 0x4F, 0x4E, 0x54, 0x49, 0x4E, 0x55, 0x45, 0x00, 0x02, 0x34, 0x36,
    0x00, 0x0D, 0x00, 0x00, 0x00, 0x54, 0x4F, 0x4B, 0x5F, 0x4B, 0x57, 0x5F,
    0x44, 0x45, 0x46, 0x45, 0x52, 0x00, 0x02, 0x34, 0x37, 0x00, 0x0A, 0x00,
    0x00, 0x00, 0x54, 0x4F, 0x4B, 0x5F, 0x4B, 0x57, 0x5F, 0x44, 0x4F, 0x00,
    0x02, 0x34, 0x38, 0x00, 0x0C, 0x00, 0x00, 0x00, 0x54, 0x4F, 0x4B, 0x5F,
    0x4B, 0x57, 0x5F, 0x45, 0x4C, 0x49, 0x46, 0x00, 0x02, 0x34, 0x39, 0x00,
    0x0C, 0x00, 0x00, 0x00, 0x54, 0x4F, 0x4B, 0x5F, 0x4B, 0x57, 0x5F, 0x45,
    0x4C, 0x53, 0x45, 0x00, 0x02, 0x35, 0x30, 0x00, 0x0C, 0x00, 0x00, 0x00,
    0x54, 0x4F, 0x4B, 0x5F, 0x4B, 0x57, 0x5F, 0x45, 0x4D, 0x49, 0x54, 0x00,
    0x02, 0x35, 0x31, 0x00, 0x0D, 0x00, 0x00, 0x00, 0x54, 0x4F, 0x4B, 0x5F,
    0x4B, 0x57, 0x5F, 0x46, 0x41, 0x4C, 0x53, 0x45, 0x00, 0x02, 0x35, 0x32,
    0x00, 0x0A, 0x00, 0x00, 0x00, 0x54, 0x4F, 0x4B, 0x5F, 0x4B, 0x57, 0x5F,
    0x46, 0x4E, 0x00, 0x02, 0x35, 0x33, 0x00, 0x0B, 0x00, 0x00, 0x00, 0x54,
    0x4F, 0x4B, 0x5F, 0x4B, 0x57, 0x5F, 0x46, 0x4F, 0x52, 0x00, 0x02, 0x35,
    0x34, 0x00, 0x0C, 0x00, 0x00, 0x00, 0x54, 0x4F, 0x4B, 0x5F, 0x4B, 0x57,
    0x5F, 0x46, 0x52, 0x4F, 0x4D, 0x00, 0x02, 0x35, 0x35, 0x00, 0x0A, 0x00,
    0x00, 0x00, 0x54, 0x4F, 0x4B, 0x5F, 0x4B, 0x57, 0x5F, 0x49, 0x46, 0x00,
    0x02, 0x35, 0x36, 0x00, 0x0E, 0x00, 0x00, 0x00, 0x54, 0x4F, 0x4B, 0x5F,
    0x4B, 0x57, 0x5F, 0x49, 0x4D, 0x50, 0x4F, 0x52, 0x54, 0x00, 0x02, 0x35,
    0x37, 0x00, 0x0A, 0x00, 0x00, 0x00, 0x54, 0x4F, 0x4B, 0x5F, 0x4B, 0x57,
    0x5F, 0x49, 0x4E, 0x00, 0x02, 0x35, 0x38, 0x00, 0x0A, 0x00, 0x00, 0x00,
    0x54, 0x4F, 0x4B, 0x5F, 0x4B, 0x57, 0x5F, 0x49, 0x53, 0x00, 0x02, 0x35,
    0x39, 0x00, 0x0B, 0x00, 0x00, 0x00, 0x54, 0x4F, 0x4B, 0x5F, 0x4B, 0x57,
    0x5F, 0x4E, 0x49, 0x4C, 0x00, 0x02, 0x36, 0x30, 0x00, 0x0B, 0x00, 0x00,
    0x00, 0x54, 0x4F, 0x4B, 0x5F, 0x4B, 0x57, 0x5F, 0x4E, 0x4F, 0x54, 0x00,
    0x02, 0x36, 0x31, 0x00, 0x0A, 0x00, 0x00, 0x00, 0x54, 0x4F, 0x4B, 0x5F,
    0x4B, 0x57, 0x5F, 0x4F, 0x52, 0x00, 0x02, 0x36, 0x32, 0x00, 0x0C, 0x00,
    0x00, 0x00, 0x54, 0x4F, 0x4B, 0x5F, 0x4B, 0x57, 0x5F, 0x50, 0x41, 0x53,
    0x53, 0x00, 0x02, 0x36, 0x33, 0x00, 0x0E, 0x00, 0x00, 0x00, 0x54, 0x4F,
    0x4B, 0x5F, 0x4B, 0x57, 0x5F, 0x52, 0x45, 0x54, 0x55, 0x52, 0x4E, 0x00,
    0x02, 0x36, 0x34, 0x00, 0x0E, 0x00, 0x00, 0x00, 0x54, 0x4F, 0x4B, 0x5F,
    0x4B, 0x57, 0x5F, 0x53, 0x49, 0x47, 0x4E, 0x41, 0x4C, 0x00, 0x02, 0x36,
    0x35, 0x00, 0x0C, 0x00, 0x00, 0x00, 0x54, 0x4F, 0x4B, 0x5F, 0x4B, 0x57,
    0x5F, 0x53, 0x4C, 0x4F, 0x54, 0x00, 0x02, 0x36, 0x36, 0x00, 0x0E, 0x00,
    0x00, 0x00, 0x54, 0x4F, 0x4B, 0x5F, 0x4B, 0x57, 0x5F, 0x53, 0x54, 0x41,
    0x54, 0x49, 0x43, 0x00, 0x02, 0x36, 0x37, 0x00, 0x09, 0x00, 0x00, 0x00,
    0x54, 0x4F, 0x4B, 0x5F, 0x54, 0x41, 0x53, 0x4B, 0x00, 0x02, 0x36, 0x38,
    0x00, 0x0B, 0x00, 0x00, 0x00, 0x54, 0x4F, 0x4B, 0x5F, 0x54, 0x48, 0x52,
    0x45, 0x41, 0x44, 0x00, 0x02, 0x36, 0x39, 0x00, 0x0C, 0x00, 0x00, 0x00,
    0x54, 0x4F, 0x4B, 0x5F, 0x4B, 0x57, 0x5F, 0x54, 0x52, 0x55, 0x45, 0x00,
    0x02, 0x37, 0x30, 0x00, 0x0B, 0x00, 0x00, 0x00, 0x54, 0x4F, 0x4B, 0x5F,
    0x4B, 0x57, 0x5F, 0x54, 0x52, 0x59, 0x00, 0x02, 0x37, 0x31, 0x00, 0x0B,
    0x00, 0x00, 0x00, 0x54, 0x4F, 0x4B, 0x5F, 0x4B, 0x57, 0x5F, 0x56, 0x41,
    0x52, 0x00, 0x02, 0x37, 0x32, 0x00, 0x0D, 0x00, 0x00, 0x00, 0x54, 0x4F,
    0x4B, 0x5F, 0x4B, 0x57, 0x5F, 0x57, 0x48, 0x49, 0x4C, 0x45, 0x00, 0x02,
    0x37, 0x33, 0x00, 0x0D, 0x00, 0x00, 0x00, 0x54, 0x4F, 0x4B, 0x5F, 0x4B,
    0x57, 0x5F, 0x59, 0x49, 0x45, 0x4C, 0x44, 0x00, 0x02, 0x37, 0x34, 0x00,
    0x05, 0x00, 0x00, 0x00, 0x6B, 0x69, 0x6E, 0x64, 0x00, 0x02, 0x37, 0x35,
    0x00, 0x06, 0x00, 0x00, 0x00, 0x73, 0x74, 0x61, 0x72, 0x74, 0x00, 0x02,
    0x37, 0x36, 0x00, 0x04, 0x00, 0x00, 0x00, 0x65, 0x6E, 0x64, 0x00, 0x02,
    0x37, 0x37, 0x00, 0x07, 0x00, 0x00, 0x00, 0x73, 0x75, 0x62, 0x73, 0x74,
    0x72, 0x00, 0x02, 0x37, 0x38, 0x00, 0x09, 0x00, 0x00, 0x00, 0x67, 0x65,
    0x74, 0x5F, 0x74, 0x65, 0x78, 0x74, 0x00, 0x02, 0x37, 0x39, 0x00, 0x04,
    0x00, 0x00, 0x00, 0x45, 0x4F, 0x46, 0x00, 0x02, 0x38, 0x30, 0x00, 0x07,
    0x00, 0x00, 0x00, 0x62, 0x75, 0x66, 0x66, 0x65, 0x72, 0x00, 0x02, 0x38,
    0x31, 0x00, 0x08, 0x00, 0x00, 0x00, 0x63, 0x75, 0x72, 0x5F, 0x70, 0x6F,
    0x73, 0x00, 0x02, 0x38, 0x32, 0x00, 0x08, 0x00, 0x00, 0x00, 0x73, 0x65,
    0x74, 0x5F, 0x70, 0x6F, 0x73, 0x00, 0x02, 0x38, 0x33, 0x00, 0x14, 0x00,
    0x00, 0x00, 0x5F, 0x61, 0x64, 0x76, 0x61, 0x6E, 0x63, 0x65, 0x5F, 0x77,
    0x69, 0x74, 0x68, 0x5F, 0x74, 0x6F, 0x6B, 0x65, 0x6E, 0x00, 0x02, 0x38,
    0x34, 0x00, 0x19, 0x00, 0x00, 0x00, 0x5F, 0x61, 0x64, 0x76, 0x61, 0x6E,
    0x63, 0x65, 0x5F, 0x77, 0x69, 0x74, 0x68, 0x5F, 0x74, 0x6F, 0x6B, 0x65,
    0x6E, 0x5F, 0x73, 0x70, 0x61, 0x6E, 0x00, 0x02, 0x38, 0x35, 0x00, 0x08,
    0x00, 0x00, 0x00, 0x54, 0x4F, 0x4B, 0x5F, 0x45, 0x4E, 0x44, 0x00, 0x02,
    0x38, 0x36, 0x00, 0x0E, 0x00, 0x00, 0x00, 0x5F, 0x73, 0x63, 0x61, 0x6E,
    0x5F, 0x63, 0x6F, 0x6D, 0x6D, 0x65, 0x6E, 0x74, 0x00, 0x02, 0x38, 0x37,
    0x00, 0x0C, 0x00, 0x00, 0x00, 0x54, 0x4F, 0x4B, 0x5F, 0x4E, 0x45, 0x57,
    0x4C, 0x49, 0x4E, 0x45, 0x00, 0x02, 0x38, 0x38, 0x00, 0x07, 0x00, 0x00,
    0x00, 0x54, 0x4F, 0x4B, 0x5F, 0x57, 0x53, 0x00, 0x02, 0x38, 0x39, 0x00,
    0x10, 0x00, 0x00, 0x00, 0x54, 0x4F, 0x4B, 0x5F, 0x4C, 0x49, 0x54, 0x45,
    0x52, 0x41, 0x4C, 0x5F, 0x53, 0x59, 0x4D, 0x00, 0x02, 0x39, 0x30, 0x00,
    0x08, 0x00, 0x00, 0x00, 0x54, 0x4F, 0x4B, 0x5F, 0x53, 0x54, 0x52, 0x00,
    0x02, 0x39, 0x31, 0x00, 0x11, 0x00, 0x00, 0x00, 0x5F, 0x73, 0x63, 0x61,
    0x6E, 0x5F, 0x66, 0x69, 0x6E, 0x69, 0x73, 0x68, 0x5F, 0x73, 0x74, 0x72,
    0x00, 0x02, 0x39, 0x32, 0x00, 0x11, 0x00, 0x00, 0x00, 0x54, 0x4F, 0x4B,
    0x5F, 0x4C, 0x49, 0x54, 0x45, 0x52, 0x41, 0x4C, 0x5F, 0x43, 0x48, 0x41,
    0x52, 0x00, 0x02, 0x39, 0x33, 0x00, 0x0D, 0x00, 0x00, 0x00, 0x5F, 0x73,
    0x63, 0x61, 0x6E, 0x5F, 0x6E, 0x75, 0x6D, 0x62, 0x65, 0x72, 0x00, 0x02,
    0x39, 0x34, 0x00, 0x10, 0x00, 0x00, 0x00, 0x5F, 0x73, 0x63, 0x61, 0x6E,
    0x5F, 0x78, 0x69, 0x64, 0x5F, 0x74, 0x6F, 0x6B, 0x65, 0x6E, 0x00, 0x02,
    0x39, 0x35, 0x00, 0x05, 0x00, 0x00, 0x00, 0x73, 0x63, 0x61, 0x6E, 0x00,
    0x02, 0x39, 0x36, 0x00, 0x08, 0x00, 0x00, 0x00, 0x54, 0x4F, 0x4B, 0x5F,
    0x58, 0x49, 0x44, 0x00, 0x02, 0x39, 0x37, 0x00, 0x0C, 0x00, 0x00, 0x00,
    0x54, 0x4F, 0x4B, 0x5F, 0x43, 0x4F, 0x4D, 0x4D, 0x45, 0x4E, 0x54, 0x00,
    0x02, 0x39, 0x38, 0x00, 0x10, 0x00, 0x00, 0x00, 0x54, 0x4F, 0x4B, 0x5F,
    0x4C, 0x49, 0x54, 0x45, 0x52, 0x41, 0x4C, 0x5F, 0x49, 0x4E, 0x54, 0x00,
    0x02, 0x39, 0x39, 0x00, 0x12, 0x00, 0x00, 0x00, 0x54, 0x4F, 0x4B, 0x5F,
    0x4C, 0x49, 0x54, 0x45, 0x52, 0x41, 0x4C, 0x5F, 0x46, 0x4C, 0x4F, 0x41,
    0x54, 0x00, 0x02, 0x31, 0x30, 0x30, 0x00, 0x07, 0x00, 0x00, 0x00, 0x74,
    0x6F, 0x6B, 0x65, 0x6E, 0x73, 0x00, 0x02, 0x31, 0x30, 0x31, 0x00, 0x0C,
    0x00, 0x00, 0x00, 0x67, 0x72, 0x6F, 0x75, 0x70, 0x5F, 0x64, 0x65, 0x70,
    0x74, 0x68, 0x00, 0x02, 0x31, 0x30, 0x32, 0x00, 0x0E, 0x00, 0x00, 0x00,
    0x61, 0x74, 0x5F, 0x6C, 0x69, 0x6E, 0x65, 0x5F, 0x73, 0x74, 0x61, 0x72,
    0x74, 0x00, 0x02, 0x31, 0x30, 0x33, 0x00, 0x08, 0x00, 0x00, 0x00, 0x6C,
    0x69, 0x6E, 0x65, 0x5F, 0x77, 0x73, 0x00, 0x02, 0x31, 0x30, 0x34, 0x00,
    0x08, 0x00, 0x00, 0x00, 0x69, 0x6E, 0x64, 0x65, 0x6E, 0x74, 0x73, 0x00,
    0x02, 0x31, 0x30, 0x35, 0x00, 0x07, 0x00, 0x00, 0x00, 0x61, 0x70, 0x70,
    0x65, 0x6E, 0x64, 0x00, 0x02, 0x31, 0x30, 0x36, 0x00, 0x06, 0x00, 0x00,
    0x00, 0x5F, 0x65, 0x6D, 0x69, 0x74, 0x00, 0x02, 0x31, 0x30, 0x37, 0x00,
    0x0B, 0x00, 0x00, 0x00, 0x54, 0x4F, 0x4B, 0x5F, 0x49, 0x4E, 0x44, 0x45,
    0x4E, 0x54, 0x00, 0x02, 0x31, 0x30, 0x38, 0x00, 0x0B, 0x00, 0x00, 0x00,
    0x54, 0x4F, 0x4B, 0x5F, 0x44, 0x45, 0x44, 0x45, 0x4E, 0x54, 0x00, 0x02,
    0x31, 0x30, 0x39, 0x00, 0x0E, 0x00, 0x00, 0x00, 0x5F, 0x61, 0x70, 0x70,
    0x6C, 0x79, 0x5F, 0x69, 0x6E, 0x64, 0x65, 0x6E, 0x74, 0x00, 0x02, 0x31,
    0x31, 0x30, 0x00, 0x06, 0x00, 0x00, 0x00, 0x5F, 0x70, 0x75, 0x73, 0x68,
    0x00, 0x02, 0x31, 0x31, 0x31, 0x00, 0x08, 0x00, 0x00, 0x00, 0x5F, 0x66,
    0x69, 0x6E, 0x69, 0x73, 0x68, 0x00, 0x00,
};

static const uint8_t tokenizer_functions[] = {
    0x0A, 0x0E, 0x00, 0x00, 0x03, 0x30, 0x00, 0x4D, 0x00, 0x00, 0x00, 0x02,
    0x6E, 0x00, 0x10, 0x00, 0x00, 0x00, 0x5F, 0x6C, 0x6F, 0x6F, 0x6B, 0x75,
    0x70, 0x5F, 0x6B, 0x65, 0x79, 0x77, 0x6F, 0x72, 0x64, 0x00, 0x04, 0x70,
    0x00, 0x19, 0x00, 0x00, 0x00, 0x03, 0x30, 0x00, 0x11, 0x00, 0x00, 0x00,
    0x02, 0x6E, 0x00, 0x05, 0x00, 0x00, 0x00, 0x74, 0x65, 0x78, 0x74, 0x00,
    0x00, 0x00, 0x10, 0x6C, 0x00, 0x06, 0x00, 0x00, 0x00, 0x10, 0x63, 0x00,
    0xFB, 0x01, 0x00, 0x00, 0x10, 0x66, 0x00, 0x00, 0x00, 0x00, 0x00, 0x00,
    0x03, 0x31, 0x00, 0x7A, 0x00, 0x00, 0x00, 0x02, 0x6E, 0x00, 0x06, 0x00,
    0x00, 0x00, 0x69, 0x6E, 0x69, 0x74, 0x21, 0x00, 0x04, 0x70, 0x00, 0x41,
    0x00, 0x00, 0x00, 0x03, 0x30, 0x00, 0x11, 0x00, 0x00, 0x00, 0x02, 0x6E,
    0x00, 0x05, 0x00, 0x00, 0x00, 0x6B, 0x69, 0x6E, 0x64, 0x00, 0x00, 0x03,
    0x31, 0x00, 0x12, 0x00, 0x00, 0x00, 0x02, 0x6E, 0x00, 0x06, 0x00, 0x00,
    0x00, 0x73, 0x74, 0x61, 0x72, 0x74, 0x00, 0x00, 0x03, 0x32, 0x00, 0x10,
    0x00, 0x00, 0x00, 0x02, 0x6E, 0x00, 0x04, 0x00, 0x00, 0x00, 0x65, 0x6E,
    0x64, 0x00, 0x00, 0x00, 0x10, 0x6C, 0x00, 0x02, 0x00, 0x00, 0x00, 0x10,
    0x63, 0x00, 0x0D, 0x02, 0x00, 0x00, 0x10, 0x66, 0x00, 0x02, 0x00, 0x00,
    0x00, 0x04, 0x74, 0x00, 0x0C, 0x00, 0x00, 0x00, 0x10, 0x30, 0x00, 0x02,
    0x00, 0x00, 0x00, 0x00, 0x00, 0x03, 0x32, 0x00, 0x58, 0x00, 0x00, 0x00,
    0x02, 0x6E, 0x00, 0x0A, 0x00, 0x00, 0x00, 0x67, 0x65, 0x74, 0x5F, 0x74,
    0x65, 0x78, 0x74, 0x21, 0x00, 0x04, 0x70, 0x00, 0x1B, 0x00, 0x00, 0x00,
    0x03, 0x30, 0x00, 0x13, 0x00, 0x00, 0x00, 0x02, 0x6E, 0x00, 0x07, 0x00,
    0x00, 0x00, 0x62, 0x75, 0x66, 0x66, 0x65, 0x72, 0x00, 0x00, 0x00, 0x10,
    0x6C, 0x00, 0x05, 0x00, 0x00, 0x00, 0x10, 0x63, 0x00, 0x18, 0x02, 0x00,
    0x00, 0x10, 0x66, 0x00, 0x02, 0x00, 0x00, 0x00, 0x04, 0x74, 0x00, 0x0C,
    0x00, 0x00, 0x00, 0x10, 0x30, 0x00, 0x02, 0x00, 0x00, 0x00, 0x00, 0x00,
    0x03, 0x33, 0x00, 0x60, 0x00, 0x00, 0x00, 0x02, 0x6E, 0x00, 0x0A, 0x00,
    0x00, 0x00, 0x5F, 0x67, 0x65, 0x74, 0x5F, 0x63, 0x68, 0x61, 0x72, 0x00,
    0x04, 0x70, 0x00, 0x32, 0x00, 0x00, 0x00, 0x03, 0x30, 0x00, 0x13, 0x00,
    0x00, 0x00, 0x02, 0x6E, 0x00, 0x07, 0x00, 0x00, 0x00, 0x62, 0x75, 0x66,
    0x66, 0x65, 0x72, 0x00, 0x00, 0x03, 0x31, 0x00, 0x14, 0x00, 0x00, 0x00,
    0x02, 0x6E, 0x00, 0x08, 0x00, 0x00, 0x00, 0x63, 0x75, 0x72, 0x5F, 0x70,
    0x6F, 0x73, 0x00, 0x00, 0x00, 0x10, 0x6C, 0x00, 0x01, 0x00, 0x00, 0x00,
    0x10, 0x63, 0x00, 0x25, 0x02, 0x00, 0x00, 0x10, 0x66, 0x00, 0x00, 0x00,
    0x00, 0x00, 0x00, 0x03, 0x34, 0x00, 0x47, 0x00, 0x00, 0x00, 0x02, 0x6E,
    0x00, 0x0C, 0x00, 0x00, 0x00, 0x5F, 0x69, 0x73, 0x5F, 0x6E, 0x65, 0x77,
    0x6C, 0x69, 0x6E, 0x65, 0x00, 0x04, 0x70, 0x00, 0x17, 0x00, 0x00, 0x00,
    0x03, 0x30, 0x00, 0x0F, 0x00, 0x00, 0x00, 0x02, 0x6E, 0x00, 0x03, 0x00,
    0x00, 0x00, 0x63, 0x68, 0x00, 0x00, 0x00, 0x10, 0x6C, 0x00, 0x02, 0x00,
    0x00, 0x00, 0x10, 0x63, 0x00, 0x2A, 0x02, 0x00, 0x00, 0x10, 0x66, 0x00,
    0x00, 0x00, 0x00, 0x00, 0x00, 0x03, 0x35, 0x00, 0x6C, 0x00, 0x00, 0x00,
    0x02, 0x6E, 0x00, 0x16, 0x00, 0x00, 0x00, 0x5F, 0x73, 0x63, 0x61, 0x6E,
    0x5F, 0x65, 0x73, 0x63, 0x61, 0x70, 0x65, 0x5F, 0x6E, 0x6C, 0x5F, 0x62,
    0x72, 0x65, 0x61, 0x6B, 0x00, 0x04, 0x70, 0x00, 0x32, 0x00, 0x00, 0x00,
    0x03, 0x30, 0x00, 0x13, 0x00, 0x00, 0x00, 0x02, 0x6E, 0x00, 0x07, 0x00,
    0x00, 0x00, 0x62, 0x75, 0x66, 0x66, 0x65, 0x72, 0x00, 0x00, 0x03, 0x31,
    0x00, 0x14, 0x00, 0x00, 0x00, 0x02, 0x6E, 0x00, 0x08, 0x00, 0x00, 0x00,
    0x63, 0x75, 0x72, 0x5F, 0x70, 0x6F, 0x73, 0x00, 0x00, 0x00, 0x10, 0x6C,
    0x00, 0x07, 0x00, 0x00, 0x00, 0x10, 0x63, 0x00, 0x32, 0x02, 0x00, 0x00,
    0x10, 0x66, 0x00, 0x00, 0x00, 0x00, 0x00, 0x00, 0x03, 0x36, 0x00, 0x63,
    0x00, 0x00, 0x00, 0x02, 0x6E, 0x00, 0x0D, 0x00, 0x00, 0x00, 0x5F, 0x73,
    0x63, 0x61, 0x6E, 0x5F, 0x74, 0x6F, 0x5F, 0x65, 0x6F, 0x6C, 0x00, 0x04,
    0x70, 0x00, 0x32, 0x00, 0x00, 0x00, 0x03, 0x30, 0x00, 0x13, 0x00, 0x00,
    0x00, 0x02, 0x6E, 0x00, 0x07, 0x00, 0x00, 0x00, 0x62, 0x75, 0x66, 0x66,
    0x65, 0x72, 0x00, 0x00, 0x03, 0x31, 0x00, 0x14, 0x00, 0x00, 0x00, 0x02,
    0x6E, 0x00, 0x08, 0x00, 0x00, 0x00, 0x63, 0x75, 0x72, 0x5F, 0x70, 0x6F,
    0x73, 0x00, 0x00, 0x00, 0x10, 0x6C, 0x00, 0x06, 0x00, 0x00, 0x00, 0x10,
    0x63, 0x00, 0x6A, 0x02, 0x00, 0x00, 0x10, 0x66, 0x00, 0x00, 0x00, 0x00,
    0x00, 0x00, 0x03, 0x37, 0x00, 0x67, 0x00, 0x00, 0x00, 0x02, 0x6E, 0x00,
    0x11, 0x00, 0x00, 0x00, 0x5F, 0x73, 0x63, 0x61, 0x6E, 0x5F, 0x74, 0x6F,
    0x5F, 0x65, 0x6F, 0x6C, 0x5F, 0x72, 0x61, 0x77, 0x00, 0x04, 0x70, 0x00,
    0x32, 0x00, 0x00, 0x00, 0x03, 0x30, 0x00, 0x13, 0x00, 0x00, 0x00, 0x02,
    0x6E, 0x00, 0x07, 0x00, 0x00, 0x00, 0x62, 0x75, 0x66, 0x66, 0x65, 0x72,
    0x00, 0x00, 0x03, 0x31, 0x00, 0x14, 0x00, 0x00, 0x00, 0x02, 0x6E, 0x00,
    0x08, 0x00, 0x00, 0x00, 0x63, 0x75, 0x72, 0x5F, 0x70, 0x6F, 0x73, 0x00,
    0x00, 0x00, 0x10, 0x6C, 0x00, 0x05, 0x00, 0x00, 0x00, 0x10, 0x63, 0x00,
    0x9B, 0x02, 0x00, 0x00, 0x10, 0x66, 0x00, 0x00, 0x00, 0x00, 0x00, 0x00,
    0x03, 0x38, 0x00, 0x6B, 0x00, 0x00, 0x00, 0x02, 0x6E, 0x00, 0x15, 0x00,
    0x00, 0x00, 0x5F, 0x66, 0x69, 0x6E, 0x64, 0x5F, 0x65, 0x6E, 0x64, 0x5F,
    0x77, 0x68, 0x69, 0x74, 0x65, 0x73, 0x70, 0x61, 0x63, 0x65, 0x00, 0x04,
    0x70, 0x00, 0x32, 0x00, 0x00, 0x00, 0x03, 0x30, 0x00, 0x13, 0x00, 0x00,
    0x00, 0x02, 0x6E, 0x00, 0x07, 0x00, 0x00, 0x00, 0x62, 0x75, 0x66, 0x66,
    0x65, 0x72, 0x00, 0x00, 0x03, 0x31, 0x00, 0x14, 0x00, 0x00, 0x00, 0x02,
    0x6E, 0x00, 0x08, 0x00, 0x00, 0x00, 0x63, 0x75, 0x72, 0x5F, 0x70, 0x6F,
    0x73, 0x00, 0x00, 0x00, 0x10, 0x6C, 0x00, 0x06, 0x00, 0x00, 0x00, 0x10,
    0x63, 0x00, 0xB7, 0x02, 0x00, 0x00, 0x10, 0x66, 0x00, 0x00, 0x00, 0x00,
    0x00, 0x00, 0x03, 0x39, 0x00, 0x63, 0x00, 0x00, 0x00, 0x02, 0x6E, 0x00,
    0x0D, 0x00, 0x00, 0x00, 0x5F, 0x73, 0x63, 0x61, 0x6E, 0x5F, 0x64, 0x69,
    0x67, 0x69, 0x74, 0x73, 0x00, 0x04, 0x70, 0x00, 0x32, 0x00, 0x00, 0x00,
    0x03, 0x30, 0x00, 0x13, 0x00, 0x00, 0x00, 0x02, 0x6E, 0x00, 0x07, 0x00,
    0x00, 0x00, 0x62, 0x75, 0x66, 0x66, 0x65, 0x72, 0x00, 0x00, 0x03, 0x31,
    0x00, 0x14, 0x00, 0x00, 0x00, 0x02, 0x6E, 0x00, 0x08, 0x00, 0x00, 0x00,
    0x63, 0x75, 0x72, 0x5F, 0x70, 0x6F, 0x73, 0x00, 0x00, 0x00, 0x10, 0x6C,
    0x00, 0x05, 0x00, 0x00, 0x00, 0x10, 0x63, 0x00, 0xEB, 0x02, 0x00, 0x00,
    0x10, 0x66, 0x00, 0x00, 0x00, 0x00, 0x00, 0x00, 0x03, 0x31, 0x30, 0x00,
    0x66, 0x00, 0x00, 0x00, 0x02, 0x6E, 0x00, 0x10, 0x00, 0x00, 0x00, 0x5F,
    0x73, 0x63, 0x61, 0x6E, 0x5F, 0x68, 0x65, 0x78, 0x64, 0x69, 0x67, 0x69,
    0x74, 0x73, 0x00, 0x04, 0x70, 0x00, 0x32, 0x00, 0x00, 0x00, 0x03, 0x30,
    0x00, 0x13, 0x00, 0x00, 0x00, 0x02, 0x6E, 0x00, 0x07, 0x00, 0x00, 0x00,
    0x62, 0x75, 0x66, 0x66, 0x65, 0x72, 0x00, 0x00, 0x03, 0x31, 0x00, 0x14,
    0x00, 0x00, 0x00, 0x02, 0x6E, 0x00, 0x08, 0x00, 0x00, 0x00, 0x63, 0x75,
    0x72, 0x5F, 0x70, 0x6F, 0x73, 0x00, 0x00, 0x00, 0x10, 0x6C, 0x00, 0x05,
    0x00, 0x00, 0x00, 0x10, 0x63, 0x00, 0x17, 0x03, 0x00, 0x00, 0x10, 0x66,
    0x00, 0x00, 0x00, 0x00, 0x00, 0x00, 0x03, 0x31, 0x31, 0x00, 0x66, 0x00,
    0x00, 0x00, 0x02, 0x6E, 0x00, 0x10, 0x00, 0x00, 0x00, 0x5F, 0x73, 0x63,
    0x61, 0x6E, 0x5F, 0x62, 0x69, 0x6E, 0x64, 0x69, 0x67, 0x69, 0x74, 0x73,
    0x00, 0x04, 0x70, 0x00, 0x32, 0x00, 0x00, 0x00, 0x03, 0x30, 0x00, 0x13,
    0x00, 0x00, 0x00, 0x02, 0x6E, 0x00, 0x07, 0x00, 0x00, 0x00, 0x62, 0x75,
    0x66, 0x66, 0x65, 0x72, 0x00, 0x00, 0x03, 0x31, 0x00, 0x14, 0x00, 0x00,
    0x00, 0x02, 0x6E, 0x00, 0x08, 0x00, 0x00, 0x00, 0x63, 0x75, 0x72, 0x5F,
    0x70, 0x6F, 0x73, 0x00, 0x00, 0x00, 0x10, 0x6C, 0x00, 0x05, 0x00, 0x00,
    0x00, 0x10, 0x63, 0x00, 0x44, 0x03, 0x00, 0x00, 0x10, 0x66, 0x00, 0x00,
    0x00, 0x00, 0x00, 0x00, 0x03, 0x31, 0x32, 0x00, 0x65, 0x00, 0x00, 0x00,
    0x02, 0x6E, 0x00, 0x0F, 0x00, 0x00, 0x00, 0x5F, 0x73, 0x63, 0x61, 0x6E,
    0x5F, 0x65, 0x78, 0x70, 0x6F, 0x6E, 0x65, 0x6E, 0x74, 0x00, 0x04, 0x70,
    0x00, 0x32, 0x00, 0x00, 0x00, 0x03, 0x30, 0x00, 0x13, 0x00, 0x00, 0x00,
    0x02, 0x6E, 0x00, 0x07, 0x00, 0x00, 0x00, 0x62, 0x75, 0x66, 0x66, 0x65,
    0x72, 0x00, 0x00, 0x03, 0x31, 0x00, 0x14, 0x00, 0x00, 0x00, 0x02, 0x6E,
    0x00, 0x08, 0x00, 0x00, 0x00, 0x63, 0x75, 0x72, 0x5F, 0x70, 0x6F, 0x73,
    0x00, 0x00, 0x00, 0x10, 0x6C, 0x00, 0x05, 0x00, 0x00, 0x00, 0x10, 0x63,
    0x00, 0x70, 0x03, 0x00, 0x00, 0x10, 0x66, 0x00, 0x00, 0x00, 0x00, 0x00,
    0x00, 0x03, 0x31, 0x33, 0x00, 0x60, 0x00, 0x00, 0x00, 0x02, 0x6E, 0x00,
    0x0A, 0x00, 0x00, 0x00, 0x5F, 0x73, 0x63, 0x61, 0x6E, 0x5F, 0x78, 0x69,
    0x64, 0x00, 0x04, 0x70, 0x00, 0x32, 0x00, 0x00, 0x00, 0x03, 0x30, 0x00,
    0x13, 0x00, 0x00, 0x00, 0x02, 0x6E, 0x00, 0x07, 0x00, 0x00, 0x00, 0x62,
    0x75, 0x66, 0x66, 0x65, 0x72, 0x00, 0x00, 0x03, 0x31, 0x00, 0x14, 0x00,
    0x00, 0x00, 0x02, 0x6E, 0x00, 0x08, 0x00, 0x00, 0x00, 0x63, 0x75, 0x72,
    0x5F, 0x70, 0x6F, 0x73, 0x00, 0x00, 0x00, 0x10, 0x6C, 0x00, 0x05, 0x00,
    0x00, 0x00, 0x10, 0x63, 0x00, 0x9B, 0x03, 0x00, 0x00, 0x10, 0x66, 0x00,
    0x00, 0x00, 0x00, 0x00, 0x00, 0x03, 0x31, 0x34, 0x00, 0x6C, 0x00, 0x00,
    0x00, 0x02, 0x6E, 0x00, 0x16, 0x00, 0x00, 0x00, 0x5F, 0x73, 0x63, 0x61,
    0x6E, 0x5F, 0x6F, 0x70, 0x65, 0x72, 0x61, 0x74, 0x6F, 0x72, 0x5F, 0x73,
    0x79, 0x6D, 0x62, 0x6F, 0x6C, 0x00, 0x04, 0x70, 0x00, 0x32, 0x00, 0x00,
    0x00, 0x03, 0x30, 0x00, 0x13, 0x00, 0x00, 0x00, 0x02, 0x6E, 0x00, 0x07,
    0x00, 0x00, 0x00, 0x62, 0x75, 0x66, 0x66, 0x65, 0x72, 0x00, 0x00, 0x03,
    0x31, 0x00, 0x14, 0x00, 0x00, 0x00, 0x02, 0x6E, 0x00, 0x08, 0x00, 0x00,
    0x00, 0x63, 0x75, 0x72, 0x5F, 0x70, 0x6F, 0x73, 0x00, 0x00, 0x00, 0x10,
    0x6C, 0x00, 0x09, 0x00, 0x00, 0x00, 0x10, 0x63, 0x00, 0xCC, 0x03, 0x00,
    0x00, 0x10, 0x66, 0x00, 0x00, 0x00, 0x00, 0x00, 0x00, 0x03, 0x31, 0x35,
    0x00, 0x96, 0x00, 0x00, 0x00, 0x02, 0x6E, 0x00, 0x0D, 0x00, 0x00, 0x00,
    0x5F, 0x63, 0x68, 0x65, 0x63, 0x6B, 0x5F, 0x6D, 0x61, 0x74, 0x63, 0x68,
    0x00, 0x04, 0x70, 0x00, 0x65, 0x00, 0x00, 0x00, 0x03, 0x30, 0x00, 0x13,
    0x00, 0x00, 0x00, 0x02, 0x6E, 0x00, 0x07, 0x00, 0x00, 0x00, 0x62, 0x75,
    0x66, 0x66, 0x65, 0x72, 0x00, 0x00, 0x03, 0x31, 0x00, 0x14, 0x00, 0x00,
    0x00, 0x02, 0x6E, 0x00, 0x08, 0x00, 0x00, 0x00, 0x63, 0x75, 0x72, 0x5F,
    0x70, 0x6F, 0x73, 0x00, 0x00, 0x03, 0x32, 0x00, 0x15, 0x00, 0x00, 0x00,
    0x02, 0x6E, 0x00, 0x09, 0x00, 0x00, 0x00, 0x72, 0x65, 0x71, 0x75, 0x69,
    0x72, 0x65, 0x64, 0x00, 0x00, 0x03, 0x33, 0x00, 0x18, 0x00, 0x00, 0x00,
    0x02, 0x6E, 0x00, 0x0C, 0x00, 0x00, 0x00, 0x6D, 0x61, 0x74, 0x63, 0x68,
    0x5F, 0x63, 0x68, 0x61, 0x72, 0x73, 0x00, 0x00, 0x00, 0x10, 0x6C, 0x00,
    0x07, 0x00, 0x00, 0x00, 0x10, 0x63, 0x00, 0xF3, 0x03, 0x00, 0x00, 0x10,
    0x66, 0x00, 0x00, 0x00, 0x00, 0x00, 0x00, 0x03, 0x31, 0x36, 0x00, 0x6B,
    0x00, 0x00, 0x00, 0x02, 0x6E, 0x00, 0x15, 0x00, 0x00, 0x00, 0x5F, 0x73,
    0x63, 0x61, 0x6E, 0x5F, 0x72, 0x61, 0x77, 0x5F, 0x73, 0x74, 0x72, 0x69,
    0x6E, 0x67, 0x5F, 0x74, 0x61, 0x67, 0x00, 0x04, 0x70, 0x00, 0x32, 0x00,
    0x00, 0x00, 0x03, 0x30, 0x00, 0x13, 0x00, 0x00, 0x00, 0x02, 0x6E, 0x00,
    0x07, 0x00, 0x00, 0x00, 0x62, 0x75, 0x66, 0x66, 0x65, 0x72, 0x00, 0x00,
    0x03, 0x31, 0x00, 0x14, 0x00, 0x00, 0x00, 0x02, 0x6E, 0x00, 0x08, 0x00,
    0x00, 0x00, 0x63, 0x75, 0x72, 0x5F, 0x70, 0x6F, 0x73, 0x00, 0x00, 0x00,
    0x10, 0x6C, 0x00, 0x06, 0x00, 0x00, 0x00, 0x10, 0x63, 0x00, 0x14, 0x04,
    0x00, 0x00, 0x10, 0x66, 0x00, 0x00, 0x00, 0x00, 0x00, 0x00, 0x03, 0x31,
    0x37, 0x00, 0x79, 0x00, 0x00, 0x00, 0x02, 0x6E, 0x00, 0x0D, 0x00, 0x00,
    0x00, 0x5F, 0x66, 0x69, 0x6E, 0x64, 0x5F, 0x6E, 0x65, 0x65, 0x64, 0x6C,
    0x65, 0x00, 0x04, 0x70, 0x00, 0x48, 0x00, 0x00, 0x00, 0x03, 0x30, 0x00,
    0x13, 0x00, 0x00, 0x00, 0x02, 0x6E, 0x00, 0x07, 0x00, 0x00, 0x00, 0x62,
    0x75, 0x66, 0x66, 0x65, 0x72, 0x00, 0x00, 0x03, 0x31, 0x00, 0x14, 0x00,
    0x00, 0x00, 0x02, 0x6E, 0x00, 0x08, 0x00, 0x00, 0x00, 0x63, 0x75, 0x72,
    0x5F, 0x70, 0x6F, 0x73, 0x00, 0x00, 0x03, 0x32, 0x00, 0x13, 0x00, 0x00,
    0x00, 0x02, 0x6E, 0x00, 0x07, 0x00, 0x00, 0x00, 0x6E, 0x65, 0x65, 0x64,
    0x6C, 0x65, 0x00, 0x00, 0x00, 0x10, 0x6C, 0x00, 0x09, 0x00, 0x00, 0x00,
    0x10, 0x63, 0x00, 0x3D, 0x04, 0x00, 0x00, 0x10, 0x66, 0x00, 0x00, 0x00,
    0x00, 0x00, 0x00, 0x03, 0x31, 0x38, 0x00, 0x6E, 0x00, 0x00, 0x00, 0x02,
    0x6E, 0x00, 0x11, 0x00, 0x00, 0x00, 0x5F, 0x73, 0x63, 0x61, 0x6E, 0x5F,
    0x72, 0x61, 0x77, 0x5F, 0x73, 0x74, 0x72, 0x69, 0x6E, 0x67, 0x00, 0x04,
    0x70, 0x00, 0x32, 0x00, 0x00, 0x00, 0x03, 0x30, 0x00, 0x13, 0x00, 0x00,
    0x00, 0x02, 0x6E, 0x00, 0x07, 0x00, 0x00, 0x00, 0x62, 0x75, 0x66, 0x66,
    0x65, 0x72, 0x00, 0x00, 0x03, 0x31, 0x00, 0x14, 0x00, 0x00, 0x00, 0x02,
    0x6E, 0x00, 0x08, 0x00, 0x00, 0x00, 0x63, 0x75, 0x72, 0x5F, 0x70, 0x6F,
    0x73, 0x00, 0x00, 0x00, 0x10, 0x6C, 0x00, 0x0A, 0x00, 0x00, 0x00, 0x10,
    0x63, 0x00, 0x6B, 0x04, 0x00, 0x00, 0x10, 0x66, 0x00, 0x00, 0x00, 0x00,
    0x00, 0x10, 0x72, 0x00, 0x03, 0x00, 0x00, 0x00, 0x00, 0x03, 0x31, 0x39,
    0x00, 0x54, 0x00, 0x00, 0x00, 0x02, 0x6E, 0x00, 0x06, 0x00, 0x00, 0x00,
    0x69, 0x6E, 0x69, 0x74, 0x21, 0x00, 0x04, 0x70, 0x00, 0x1B, 0x00, 0x00,
    0x00, 0x03, 0x30, 0x00, 0x13, 0x00, 0x00, 0x00, 0x02, 0x6E, 0x00, 0x07,
    0x00, 0x00, 0x00, 0x62, 0x75, 0x66, 0x66, 0x65, 0x72, 0x00, 0x00, 0x00,
    0x10, 0x6C, 0x00, 0x02, 0x00, 0x00, 0x00, 0x10, 0x63, 0x00, 0xA1, 0x04,
    0x00, 0x00, 0x10, 0x66, 0x00, 0x02, 0x00, 0x00, 0x00, 0x04, 0x74, 0x00,
    0x0C, 0x00, 0x00, 0x00, 0x10, 0x30, 0x00, 0x13, 0x00, 0x00, 0x00, 0x00,
    0x00, 0x03, 0x32, 0x30, 0x00, 0x54, 0x00, 0x00, 0x00, 0x02, 0x6E, 0x00,
    0x09, 0x00, 0x00, 0x00, 0x73, 0x65, 0x74, 0x5F, 0x70, 0x6F, 0x73, 0x21,
    0x00, 0x04, 0x70, 0x00, 0x18, 0x00, 0x00, 0x00, 0x03, 0x30, 0x00, 0x10,
    0x00, 0x00, 0x00, 0x02, 0x6E, 0x00, 0x04, 0x00, 0x00, 0x00, 0x70, 0x6F,
    0x73, 0x00, 0x00, 0x00, 0x10, 0x6C, 0x00, 0x02, 0x00, 0x00, 0x00, 0x10,
    0x63, 0x00, 0xA9, 0x04, 0x00, 0x00, 0x10, 0x66, 0x00, 0x02, 0x00, 0x00,
    0x00, 0x04, 0x74, 0x00, 0x0C, 0x00, 0x00, 0x00, 0x10, 0x30, 0x00, 0x13,
    0x00, 0x00, 0x00, 0x00, 0x00, 0x03, 0x32, 0x31, 0x00, 0x78, 0x00, 0x00,
    0x00, 0x02, 0x6E, 0x00, 0x15, 0x00, 0x00, 0x00, 0x5F, 0x61, 0x64, 0x76,
    0x61, 0x6E, 0x63, 0x65, 0x5F, 0x77, 0x69, 0x74, 0x68, 0x5F, 0x74, 0x6F,
    0x6B, 0x65, 0x6E, 0x21, 0x00, 0x04, 0x70, 0x00, 0x30, 0x00, 0x00, 0x00,
    0x03, 0x30, 0x00, 0x11, 0x00, 0x00, 0x00, 0x02, 0x6E, 0x00, 0x05, 0x00,
    0x00, 0x00, 0x6B, 0x69, 0x6E, 0x64, 0x00, 0x00, 0x03, 0x31, 0x00, 0x14,
    0x00, 0x00, 0x00, 0x02, 0x6E, 0x00, 0x08, 0x00, 0x00, 0x00, 0x65, 0x6E,
    0x64, 0x5F, 0x70, 0x6F, 0x73, 0x00, 0x00, 0x00, 0x10, 0x6C, 0x00, 0x05,
    0x00, 0x00, 0x00, 0x10, 0x63, 0x00, 0xAE, 0x04, 0x00, 0x00, 0x10, 0x66,
    0x00, 0x02, 0x00, 0x00, 0x00, 0x04, 0x74, 0x00, 0x0C, 0x00, 0x00, 0x00,
    0x10, 0x30, 0x00, 0x13, 0x00, 0x00, 0x00, 0x00, 0x00, 0x03, 0x32, 0x32,
    0x00, 0xAD, 0x00, 0x00, 0x00, 0x02, 0x6E, 0x00, 0x1A, 0x00, 0x00, 0x00,
    0x5F, 0x61, 0x64, 0x76, 0x61, 0x6E, 0x63, 0x65, 0x5F, 0x77, 0x69, 0x74,
    0x68, 0x5F, 0x74, 0x6F, 0x6B, 0x65, 0x6E, 0x5F, 0x73, 0x70, 0x61, 0x6E,
    0x21, 0x00, 0x04, 0x70, 0x00, 0x60, 0x00, 0x00, 0x00, 0x03, 0x30, 0x00,
    0x11, 0x00, 0x00, 0x00, 0x02, 0x6E, 0x00, 0x05, 0x00, 0x00, 0x00, 0x6B,
    0x69, 0x6E, 0x64, 0x00, 0x00, 0x03, 0x31, 0x00, 0x16, 0x00, 0x00, 0x00,
    0x02, 0x6E, 0x00, 0x0A, 0x00, 0x00, 0x00, 0x74, 0x6F, 0x6B, 0x5F, 0x73,
    0x74, 0x61, 0x72, 0x74, 0x00, 0x00, 0x03, 0x32, 0x00, 0x14, 0x00, 0x00,
    0x00, 0x02, 0x6E, 0x00, 0x08, 0x00, 0x00, 0x00, 0x74, 0x6F, 0x6B, 0x5F,
    0x65, 0x6E, 0x64, 0x00, 0x00, 0x03, 0x33, 0x00, 0x14, 0x00, 0x00, 0x00,
    0x02, 0x6E, 0x00, 0x08, 0x00, 0x00, 0x00, 0x6E, 0x65, 0x77, 0x5F, 0x70,
    0x6F, 0x73, 0x00, 0x00, 0x00, 0x10, 0x6C, 0x00, 0x04, 0x00, 0x00, 0x00,
    0x10, 0x63, 0x00, 0xBB, 0x04, 0x00, 0x00, 0x10, 0x66, 0x00, 0x02, 0x00,
    0x00, 0x00, 0x04, 0x74, 0x00, 0x0C, 0x00, 0x00, 0x00, 0x10, 0x30, 0x00,
    0x13, 0x00, 0x00, 0x00, 0x00, 0x00, 0x03, 0x32, 0x33, 0x00, 0x3E, 0x00,
    0x00, 0x00, 0x02, 0x6E, 0x00, 0x06, 0x00, 0x00, 0x00, 0x73, 0x63, 0x61,
    0x6E, 0x21, 0x00, 0x04, 0x70, 0x00, 0x05, 0x00, 0x00, 0x00, 0x00, 0x10,
    0x6C, 0x00, 0x14, 0x00, 0x00, 0x00, 0x10, 0x63, 0x00, 0xC5, 0x04, 0x00,
    0x00, 0x10, 0x66, 0x00, 0x02, 0x00, 0x00, 0x00, 0x04, 0x74, 0x00, 0x0C,
    0x00, 0x00, 0x00, 0x10, 0x30, 0x00, 0x13, 0x00, 0x00, 0x00, 0x00, 0x00,
    0x03, 0x32, 0x34, 0x00, 0x49, 0x00, 0x00, 0x00, 0x02, 0x6E, 0x00, 0x11,
    0x00, 0x00, 0x00, 0x5F, 0x73, 0x63, 0x61, 0x6E, 0x5F, 0x78, 0x69, 0x64,
    0x5F, 0x74, 0x6F, 0x6B, 0x65, 0x6E, 0x21, 0x00, 0x04, 0x70, 0x00, 0x05,
    0x00, 0x00, 0x00, 0x00, 0x10, 0x6C, 0x00, 0x08, 0x00, 0x00, 0x00, 0x10,
    0x63, 0x00, 0xAA, 0x06, 0x00, 0x00, 0x10, 0x66, 0x00, 0x02, 0x00, 0x00,
    0x00, 0x04, 0x74, 0x00, 0x0C, 0x00, 0x00, 0x00, 0x10, 0x30, 0x00, 0x13,
    0x00, 0x00, 0x00, 0x00, 0x00, 0x03, 0x32, 0x35, 0x00, 0x47, 0x00, 0x00,
    0x00, 0x02, 0x6E, 0x00, 0x0F, 0x00, 0x00, 0x00, 0x5F, 0x73, 0x63, 0x61,
    0x6E, 0x5F, 0x63, 0x6F, 0x6D, 0x6D, 0x65, 0x6E, 0x74, 0x21, 0x00, 0x04,
    0x70, 0x00, 0x05, 0x00, 0x00, 0x00, 0x00, 0x10, 0x6C, 0x00, 0x05, 0x00,
    0x00, 0x00, 0x10, 0x63, 0x00, 0xFF, 0x06, 0x00, 0x00, 0x10, 0x66, 0x00,
    0x02, 0x00, 0x00, 0x00, 0x04, 0x74, 0x00, 0x0C, 0x00, 0x00, 0x00, 0x10,
    0x30, 0x00, 0x13, 0x00, 0x00, 0x00, 0x00, 0x00, 0x03, 0x32, 0x36, 0x00,
    0x95, 0x00, 0x00, 0x00, 0x02, 0x6E, 0x00, 0x12, 0x00, 0x00, 0x00, 0x5F,
    0x73, 0x63, 0x61, 0x6E, 0x5F, 0x66, 0x69, 0x6E, 0x69, 0x73, 0x68, 0x5F,
    0x73, 0x74, 0x72, 0x21, 0x00, 0x04, 0x70, 0x00, 0x50, 0x00, 0x00, 0x00,
    0x03, 0x30, 0x00, 0x16, 0x00, 0x00, 0x00, 0x02, 0x6E, 0x00, 0x0A, 0x00,
    0x00, 0x00, 0x73, 0x74, 0x61, 0x72, 0x74, 0x5F, 0x70, 0x6F, 0x73, 0x00,
    0x00, 0x03, 0x31, 0x00, 0x18, 0x00, 0x00, 0x00, 0x02, 0x6E, 0x00, 0x0C,
    0x00, 0x00, 0x00, 0x73, 0x69, 0x6E, 0x67, 0x6C, 0x65, 0x5F, 0x6C, 0x69,
    0x6E, 0x65, 0x00, 0x00, 0x03, 0x32, 0x00, 0x14, 0x00, 0x00, 0x00, 0x02,
    0x6E, 0x00, 0x08, 0x00, 0x00, 0x00, 0x65, 0x6E, 0x64, 0x5F, 0x73, 0x65,
    0x71, 0x00, 0x00, 0x00, 0x10, 0x6C, 0x00, 0x0A, 0x00, 0x00, 0x00, 0x10,
    0x63, 0x00, 0x0B, 0x07, 0x00, 0x00, 0x10, 0x66, 0x00, 0x02, 0x00, 0x00,
    0x00, 0x04, 0x74, 0x00, 0x0C, 0x00, 0x00, 0x00, 0x10, 0x30, 0x00, 0x13,
    0x00, 0x00, 0x00, 0x00, 0x00, 0x03, 0x32, 0x37, 0x00, 0x46, 0x00, 0x00,
    0x00, 0x02, 0x6E, 0x00, 0x0E, 0x00, 0x00, 0x00, 0x5F, 0x73, 0x63, 0x61,
    0x6E, 0x5F, 0x6E, 0x75, 0x6D, 0x62, 0x65, 0x72, 0x21, 0x00, 0x04, 0x70,
    0x00, 0x05, 0x00, 0x00, 0x00, 0x00, 0x10, 0x6C, 0x00, 0x10, 0x00, 0x00,
    0x00, 0x10, 0x63, 0x00, 0x6F, 0x07, 0x00, 0x00, 0x10, 0x66, 0x00, 0x02,
    0x00, 0x00, 0x00, 0x04, 0x74, 0x00, 0x0C, 0x00, 0x00, 0x00, 0x10, 0x30,
    0x00, 0x13, 0x00, 0x00, 0x00, 0x00, 0x00, 0x03, 0x32, 0x38, 0x00, 0x5E,
    0x00, 0x00, 0x00, 0x02, 0x6E, 0x00, 0x0B, 0x00, 0x00, 0x00, 0x5F, 0x69,
    0x73, 0x5F, 0x70, 0x72, 0x65, 0x66, 0x69, 0x78, 0x00, 0x04, 0x70, 0x00,
    0x2F, 0x00, 0x00, 0x00, 0x03, 0x30, 0x00, 0x13, 0x00, 0x00, 0x00, 0x02,
    0x6E, 0x00, 0x07, 0x00, 0x00, 0x00, 0x70, 0x72, 0x65, 0x66, 0x69, 0x78,
    0x00, 0x00, 0x03, 0x31, 0x00, 0x11, 0x00, 0x00, 0x00, 0x02, 0x6E, 0x00,
    0x05, 0x00, 0x00, 0x00, 0x74, 0x65, 0x78, 0x74, 0x00, 0x00, 0x00, 0x10,
    0x6C, 0x00, 0x04, 0x00, 0x00, 0x00, 0x10, 0x63, 0x00, 0x21, 0x08, 0x00,
    0x00, 0x10, 0x66, 0x00, 0x00, 0x00, 0x00, 0x00, 0x00, 0x03, 0x32, 0x39,
    0x00, 0x54, 0x00, 0x00, 0x00, 0x02, 0x6E, 0x00, 0x06, 0x00, 0x00, 0x00,
    0x69, 0x6E, 0x69, 0x74, 0x21, 0x00, 0x04, 0x70, 0x00, 0x1B, 0x00, 0x00,
    0x00, 0x03, 0x30, 0x00, 0x13, 0x00, 0x00, 0x00, 0x02, 0x6E, 0x00, 0x07,
    0x00, 0x00, 0x00, 0x62, 0x75, 0x66, 0x66, 0x65, 0x72, 0x00, 0x00, 0x00,
    0x10, 0x6C, 0x00, 0x03, 0x00, 0x00, 0x00, 0x10, 0x63, 0x00, 0x39, 0x08,
    0x00, 0x00, 0x10, 0x66, 0x00, 0x02, 0x00, 0x00, 0x00, 0x04, 0x74, 0x00,
    0x0C, 0x00, 0x00, 0x00, 0x10, 0x30, 0x00, 0x15, 0x00, 0x00, 0x00, 0x00,
    0x00, 0x03, 0x33, 0x30, 0x00, 0x66, 0x00, 0x00, 0x00, 0x02, 0x6E, 0x00,
    0x07, 0x00, 0x00, 0x00, 0x5F, 0x65, 0x6D, 0x69, 0x74, 0x21, 0x00, 0x04,
    0x70, 0x00, 0x2C, 0x00, 0x00, 0x00, 0x03, 0x30, 0x00, 0x11, 0x00, 0x00,
    0x00, 0x02, 0x6E, 0x00, 0x05, 0x00, 0x00, 0x00, 0x6B, 0x69, 0x6E, 0x64,
    0x00, 0x00, 0x03, 0x31, 0x00, 0x10, 0x00, 0x00, 0x00, 0x02, 0x6E, 0x00,
    0x04, 0x00, 0x00, 0x00, 0x70, 0x6F, 0x73, 0x00, 0x00, 0x00, 0x10, 0x6C,
    0x00, 0x06, 0x00, 0x00, 0x00, 0x10, 0x63, 0x00, 0x50, 0x08, 0x00, 0x00,
    0x10, 0x66, 0x00, 0x02, 0x00, 0x00, 0x00, 0x04, 0x74, 0x00, 0x0C, 0x00,
    0x00, 0x00, 0x10, 0x30, 0x00, 0x15, 0x00, 0x00, 0x00, 0x00, 0x00, 0x03,
    0x33, 0x31, 0x00, 0x5A, 0x00, 0x00, 0x00, 0x02, 0x6E, 0x00, 0x0F, 0x00,
    0x00, 0x00, 0x5F, 0x61, 0x70, 0x70, 0x6C, 0x79, 0x5F, 0x69, 0x6E, 0x64,
    0x65, 0x6E, 0x74, 0x21, 0x00, 0x04, 0x70, 0x00, 0x18, 0x00, 0x00, 0x00,
    0x03, 0x30, 0x00, 0x10, 0x00, 0x00, 0x00, 0x02, 0x6E, 0x00, 0x04, 0x00,
    0x00, 0x00, 0x70, 0x6F, 0x73, 0x00, 0x00, 0x00, 0x10, 0x6C, 0x00, 0x06,
    0x00, 0x00, 0x00, 0x10, 0x63, 0x00, 0x5C, 0x08, 0x00, 0x00, 0x10, 0x66,
    0x00, 0x02, 0x00, 0x00, 0x00, 0x04, 0x74, 0x00, 0x0C, 0x00, 0x00, 0x00,
    0x10, 0x30, 0x00, 0x15, 0x00, 0x00, 0x00, 0x00, 0x00, 0x03, 0x33, 0x32,
    0x00, 0x54, 0x00, 0x00, 0x00, 0x02, 0x6E, 0x00, 0x07, 0x00, 0x00, 0x00,
    0x5F, 0x70, 0x75, 0x73, 0x68, 0x21, 0x00, 0x04, 0x70, 0x00, 0x1A, 0x00,
    0x00, 0x00, 0x03, 0x30, 0x00, 0x12, 0x00, 0x00, 0x00, 0x02, 0x6E, 0x00,
    0x06, 0x00, 0x00, 0x00, 0x74, 0x6F, 0x6B, 0x65, 0x6E, 0x00, 0x00, 0x00,
    0x10, 0x6C, 0x00, 0x04, 0x00, 0x00, 0x00, 0x10, 0x63, 0x00, 0xC4, 0x08,
    0x00, 0x00, 0x10, 0x66, 0x00, 0x02, 0x00, 0x00, 0x00, 0x04, 0x74, 0x00,
    0x0C, 0x00, 0x00, 0x00, 0x10, 0x30, 0x00, 0x15, 0x00, 0x00, 0x00, 0x00,
    0x00, 0x03, 0x33, 0x33, 0x00, 0x5A, 0x00, 0x00, 0x00, 0x02, 0x6E, 0x00,
    0x09, 0x00, 0x00, 0x00, 0x5F, 0x66, 0x69, 0x6E, 0x69, 0x73, 0x68, 0x21,
    0x00, 0x04, 0x70, 0x00, 0x1E, 0x00, 0x00, 0x00, 0x03, 0x30, 0x00, 0x16,
    0x00, 0x00, 0x00, 0x02, 0x6E, 0x00, 0x0A, 0x00, 0x00, 0x00, 0x65, 0x6E,
    0x64, 0x5F, 0x74, 0x6F, 0x6B, 0x65, 0x6E, 0x00, 0x00, 0x00, 0x10, 0x6C,
    0x00, 0x06, 0x00, 0x00, 0x00, 0x10, 0x63, 0x00, 0x37, 0x09, 0x00, 0x00,
    0x10, 0x66, 0x00, 0x02, 0x00, 0x00, 0x00, 0x04, 0x74, 0x00, 0x0C, 0x00,
    0x00, 0x00, 0x10, 0x30, 0x00, 0x15, 0x00, 0x00, 0x00, 0x00, 0x00, 0x03,
    0x33, 0x34, 0x00, 0x3E, 0x00, 0x00, 0x00, 0x02, 0x6E, 0x00, 0x06, 0x00,
    0x00, 0x00, 0x73, 0x63, 0x61, 0x6E, 0x21, 0x00, 0x04, 0x70, 0x00, 0x05,
    0x00, 0x00, 0x00, 0x00, 0x10, 0x6C, 0x00, 0x05, 0x00, 0x00, 0x00, 0x10,
    0x63, 0x00, 0x59, 0x09, 0x00, 0x00, 0x10, 0x66, 0x00, 0x02, 0x00, 0x00,
    0x00, 0x04, 0x74, 0x00, 0x0C, 0x00, 0x00, 0x00, 0x10, 0x30, 0x00, 0x15,
    0x00, 0x00, 0x00, 0x00, 0x00, 0x00,
};

static const uint8_t tokenizer_classes[] = {
    0xDE, 0x02, 0x00, 0x00, 0x03, 0x30, 0x00, 0x85, 0x00, 0x00, 0x00, 0x02,
    0x6E, 0x00, 0x06, 0x00, 0x00, 0x00, 0x54, 0x6F, 0x6B, 0x65, 0x6E, 0x00,
    0x04, 0x73, 0x6C, 0x00, 0x41, 0x00, 0x00, 0x00, 0x03, 0x30, 0x00, 0x11,
    0x00, 0x00, 0x00, 0x02, 0x6E, 0x00, 0x05, 0x00, 0x00, 0x00, 0x6B, 0x69,
    0x6E, 0x64, 0x00, 0x00, 0x03, 0x31, 0x00, 0x12, 0x00, 0x00, 0x00, 0x02,
    0x6E, 0x00, 0x06, 0x00, 0x00, 0x00, 0x73, 0x74, 0x61, 0x72, 0x74, 0x00,
    0x00, 0x03, 0x32, 0x00, 0x10, 0x00, 0x00, 0x00, 0x02, 0x6E, 0x00, 0x04,
    0x00, 0x00, 0x00, 0x65, 0x6E, 0x64, 0x00, 0x00, 0x00, 0x10, 0x69, 0x00,
    0x01, 0x00, 0x00, 0x00, 0x04, 0x6D, 0x00, 0x1B, 0x00, 0x00, 0x00, 0x03,
    0x30, 0x00, 0x13, 0x00, 0x00, 0x00, 0x10, 0x79, 0x00, 0x4E, 0x00, 0x00,
    0x00, 0x10, 0x66, 0x00, 0x02, 0x00, 0x00, 0x00, 0x00, 0x00, 0x04, 0x73,
    0x74, 0x00, 0x05, 0x00, 0x00, 0x00, 0x00, 0x00, 0x03, 0x31, 0x00, 0x12,
    0x01, 0x00, 0x00, 0x02, 0x6E, 0x00, 0x08, 0x00, 0x00, 0x00, 0x53, 0x63,
    0x61, 0x6E, 0x6E, 0x65, 0x72, 0x00, 0x04, 0x73, 0x6C, 0x00, 0x32, 0x00,
    0x00, 0x00, 0x03, 0x30, 0x00, 0x13, 0x00, 0x00, 0x00, 0x02, 0x6E, 0x00,
    0x07, 0x00, 0x00, 0x00, 0x62, 0x75, 0x66, 0x66, 0x65, 0x72, 0x00, 0x00,
    0x03, 0x31, 0x00, 0x14, 0x00, 0x00, 0x00, 0x02, 0x6E, 0x00, 0x08, 0x00,
    0x00, 0x00, 0x63, 0x75, 0x72, 0x5F, 0x70, 0x6F, 0x73, 0x00, 0x00, 0x00,
    0x10, 0x69, 0x00, 0x13, 0x00, 0x00, 0x00, 0x04, 0x6D, 0x00, 0xB5, 0x00,
    0x00, 0x00, 0x03, 0x30, 0x00, 0x13, 0x00, 0x00, 0x00, 0x10, 0x79, 0x00,
    0x52, 0x00, 0x00, 0x00, 0x10, 0x66, 0x00, 0x14, 0x00, 0x00, 0x00, 0x00,
    0x03, 0x31, 0x00, 0x13, 0x00, 0x00, 0x00, 0x10, 0x79, 0x00, 0x53, 0x00,
    0x00, 0x00, 0x10, 0x66, 0x00, 0x15, 0x00, 0x00, 0x00, 0x00, 0x03, 0x32,
    0x00, 0x13, 0x00, 0x00, 0x00, 0x10, 0x79, 0x00, 0x54, 0x00, 0x00, 0x00,
    0x10, 0x66, 0x00, 0x16, 0x00, 0x00, 0x00, 0x00, 0x03, 0x33, 0x00, 0x13,
    0x00, 0x00, 0x00, 0x10, 0x79, 0x00, 0x5F, 0x00, 0x00, 0x00, 0x10, 0x66,
    0x00, 0x17, 0x00, 0x00, 0x00, 0x00, 0x03, 0x34, 0x00, 0x13, 0x00, 0x00,
    0x00, 0x10, 0x79, 0x00, 0x5E, 0x00, 0x00, 0x00, 0x10, 0x66, 0x00, 0x18,
    0x00, 0x00, 0x00, 0x00, 0x03, 0x35, 0x00, 0x13, 0x00, 0x00, 0x00, 0x10,
    0x79, 0x00, 0x56, 0x00, 0x00, 0x00, 0x10, 0x66, 0x00, 0x19, 0x00, 0x00,
    0x00, 0x00, 0x03, 0x36, 0x00, 0x13, 0x00, 0x00, 0x00, 0x10, 0x79, 0x00,
    0x5B, 0x00, 0x00, 0x00, 0x10, 0x66, 0x00, 0x1A, 0x00, 0x00, 0x00, 0x00,
    0x03, 0x37, 0x00, 0x13, 0x00, 0x00, 0x00, 0x10, 0x79, 0x00, 0x5D, 0x00,
    0x00, 0x00, 0x10, 0x66, 0x00, 0x1B, 0x00, 0x00, 0x00, 0x00, 0x00, 0x04,
    0x73, 0x74, 0x00, 0x05, 0x00, 0x00, 0x00, 0x00, 0x00, 0x03, 0x32, 0x00,
    0x39, 0x01, 0x00, 0x00, 0x02, 0x6E, 0x00, 0x0C, 0x00, 0x00, 0x00, 0x54,
    0x6F, 0x6B, 0x65, 0x6E, 0x53, 0x74, 0x72, 0x65, 0x61, 0x6D, 0x00, 0x04,
    0x73, 0x6C, 0x00, 0x97, 0x00, 0x00, 0x00, 0x03, 0x30, 0x00, 0x13, 0x00,
    0x00, 0x00, 0x02, 0x6E, 0x00, 0x07, 0x00, 0x00, 0x00, 0x62, 0x75, 0x66,
    0x66, 0x65, 0x72, 0x00, 0x00, 0x03, 0x31, 0x00, 0x13, 0x00, 0x00, 0x00,
    0x02, 0x6E, 0x00, 0x07, 0x00, 0x00, 0x00, 0x74, 0x6F, 0x6B, 0x65, 0x6E,
    0x73, 0x00, 0x00, 0x03, 0x32, 0x00, 0x18, 0x00, 0x00, 0x00, 0x02, 0x6E,
    0x00, 0x0C, 0x00, 0x00, 0x00, 0x67, 0x72, 0x6F, 0x75, 0x70, 0x5F, 0x64,
    0x65, 0x70, 0x74, 0x68, 0x00, 0x00, 0x03, 0x33, 0x00, 0x1A, 0x00, 0x00,
    0x00, 0x02, 0x6E, 0x00, 0x0E, 0x00, 0x00, 0x00, 0x61, 0x74, 0x5F, 0x6C,
    0x69, 0x6E, 0x65, 0x5F, 0x73, 0x74, 0x61, 0x72, 0x74, 0x00, 0x00, 0x03,
    0x34, 0x00, 0x14, 0x00, 0x00, 0x00, 0x02, 0x6E, 0x00, 0x08, 0x00, 0x00,
    0x00, 0x6C, 0x69, 0x6E, 0x65, 0x5F, 0x77, 0x73, 0x00, 0x00, 0x03, 0x35,
    0x00, 0x14, 0x00, 0x00, 0x00, 0x02, 0x6E, 0x00, 0x08, 0x00, 0x00, 0x00,
    0x69, 0x6E, 0x64, 0x65, 0x6E, 0x74, 0x73, 0x00, 0x00, 0x00, 0x10, 0x69,
    0x00, 0x1D, 0x00, 0x00, 0x00, 0x04, 0x6D, 0x00, 0x73, 0x00, 0x00, 0x00,
    0x03, 0x30, 0x00, 0x13, 0x00, 0x00, 0x00, 0x10, 0x79, 0x00, 0x6A, 0x00,
    0x00, 0x00, 0x10, 0x66, 0x00, 0x1E, 0x00, 0x00, 0x00, 0x00, 0x03, 0x31,
    0x00, 0x13, 0x00, 0x00, 0x00, 0x10, 0x79, 0x00, 0x6D, 0x00, 0x00, 0x00,
    0x10, 0x66, 0x00, 0x1F, 0x00, 0x00, 0x00, 0x00, 0x03, 0x32, 0x00, 0x13,
    0x00, 0x00, 0x00, 0x10, 0x79, 0x00, 0x6E, 0x00, 0x00, 0x00, 0x10, 0x66,
    0x00, 0x20, 0x00, 0x00, 0x00, 0x00, 0x03, 0x33, 0x00, 0x13, 0x00, 0x00,
    0x00, 0x10, 0x79, 0x00, 0x6F, 0x00, 0x00, 0x00, 0x10, 0x66, 0x00, 0x21,
    0x00, 0x00, 0x00, 0x00, 0x03, 0x34, 0x00, 0x13, 0x00, 0x00, 0x00, 0x10,
    0x79, 0x00, 0x5F, 0x00, 0x00, 0x00, 0x10, 0x66, 0x00, 0x22, 0x00, 0x00,
    0x00, 0x00, 0x00, 0x04, 0x73, 0x74, 0x00, 0x05, 0x00, 0x00, 0x00, 0x00,
    0x00, 0x00,
};

static const uint8_t tokenizer_messages[] = {
    0x4B, 0x01, 0x00, 0x00, 0x03, 0x30, 0x00, 0x14, 0x00, 0x00, 0x00, 0x04,
    0x70, 0x00, 0x0C, 0x00, 0x00, 0x00, 0x10, 0x30, 0x00, 0x4D, 0x00, 0x00,
    0x00, 0x00, 0x00, 0x03, 0x31, 0x00, 0x14, 0x00, 0x00, 0x00, 0x04, 0x70,
    0x00, 0x0C, 0x00, 0x00, 0x00, 0x10, 0x30, 0x00, 0x56, 0x00, 0x00, 0x00,
    0x00, 0x00, 0x03, 0x32, 0x00, 0x14, 0x00, 0x00, 0x00, 0x04, 0x70, 0x00,
    0x0C, 0x00, 0x00, 0x00, 0x10, 0x30, 0x00, 0x53, 0x00, 0x00, 0x00, 0x00,
    0x00, 0x03, 0x33, 0x00, 0x14, 0x00, 0x00, 0x00, 0x04, 0x70, 0x00, 0x0C,
    0x00, 0x00, 0x00, 0x10, 0x30, 0x00, 0x54, 0x00, 0x00, 0x00, 0x00, 0x00,
    0x03, 0x34, 0x00, 0x14, 0x00, 0x00, 0x00, 0x04, 0x70, 0x00, 0x0C, 0x00,
    0x00, 0x00, 0x10, 0x30, 0x00, 0x5B, 0x00, 0x00, 0x00, 0x00, 0x00, 0x03,
    0x35, 0x00, 0x14, 0x00, 0x00, 0x00, 0x04, 0x70, 0x00, 0x0C, 0x00, 0x00,
    0x00, 0x10, 0x30, 0x00, 0x5D, 0x00, 0x00, 0x00, 0x00, 0x00, 0x03, 0x36,
    0x00, 0x14, 0x00, 0x00, 0x00, 0x04, 0x70, 0x00, 0x0C, 0x00, 0x00, 0x00,
    0x10, 0x30, 0x00, 0x5E, 0x00, 0x00, 0x00, 0x00, 0x00, 0x03, 0x37, 0x00,
    0x14, 0x00, 0x00, 0x00, 0x04, 0x70, 0x00, 0x0C, 0x00, 0x00, 0x00, 0x10,
    0x30, 0x00, 0x69, 0x00, 0x00, 0x00, 0x00, 0x00, 0x03, 0x38, 0x00, 0x14,
    0x00, 0x00, 0x00, 0x04, 0x70, 0x00, 0x0C, 0x00, 0x00, 0x00, 0x10, 0x30,
    0x00, 0x6A, 0x00, 0x00, 0x00, 0x00, 0x00, 0x03, 0x39, 0x00, 0x14, 0x00,
    0x00, 0x00, 0x04, 0x70, 0x00, 0x0C, 0x00, 0x00, 0x00, 0x10, 0x30, 0x00,
    0x4E, 0x00, 0x00, 0x00, 0x00, 0x00, 0x03, 0x31, 0x30, 0x00, 0x14, 0x00,
    0x00, 0x00, 0x04, 0x70, 0x00, 0x0C, 0x00, 0x00, 0x00, 0x10, 0x30, 0x00,
    0x6D, 0x00, 0x00, 0x00, 0x00, 0x00, 0x03, 0x31, 0x31, 0x00, 0x14, 0x00,
    0x00, 0x00, 0x04, 0x70, 0x00, 0x0C, 0x00, 0x00, 0x00, 0x10, 0x30, 0x00,
    0x5F, 0x00, 0x00, 0x00, 0x00, 0x00, 0x03, 0x31, 0x32, 0x00, 0x14, 0x00,
    0x00, 0x00, 0x04, 0x70, 0x00, 0x0C, 0x00, 0x00, 0x00, 0x10, 0x30, 0x00,
    0x6F, 0x00, 0x00, 0x00, 0x00, 0x00, 0x03, 0x31, 0x33, 0x00, 0x14, 0x00,
    0x00, 0x00, 0x04, 0x70, 0x00, 0x0C, 0x00, 0x00, 0x00, 0x10, 0x30, 0x00,
    0x6E, 0x00, 0x00, 0x00, 0x00, 0x00, 0x00,
};

static const uint8_t tokenizer_exports[] = {
    0x26, 0x02, 0x00, 0x00, 0x10, 0x73, 0x74, 0x64, 0x00, 0x00, 0x00, 0x00,
    0x00, 0x10, 0x5F, 0x6C, 0x6F, 0x6F, 0x6B, 0x75, 0x70, 0x5F, 0x6B, 0x65,
    0x79, 0x77, 0x6F, 0x72, 0x64, 0x00, 0x01, 0x00, 0x00, 0x00, 0x10, 0x54,
    0x6F, 0x6B, 0x65, 0x6E, 0x00, 0x02, 0x00, 0x00, 0x00, 0x10, 0x5F, 0x67,
    0x65, 0x74, 0x5F, 0x63, 0x68, 0x61, 0x72, 0x00, 0x03, 0x00, 0x00, 0x00,
    0x10, 0x5F, 0x69, 0x73, 0x5F, 0x6E, 0x65, 0x77, 0x6C, 0x69, 0x6E, 0x65,
    0x00, 0x04, 0x00, 0x00, 0x00, 0x10, 0x5F, 0x73, 0x63, 0x61, 0x6E, 0x5F,
    0x65, 0x73, 0x63, 0x61, 0x70, 0x65, 0x5F, 0x6E, 0x6C, 0x5F, 0x62, 0x72,
    0x65, 0x61, 0x6B, 0x00, 0x05, 0x00, 0x00, 0x00, 0x10, 0x5F, 0x73, 0x63,
    0x61, 0x6E, 0x5F, 0x74, 0x6F, 0x5F, 0x65, 0x6F, 0x6C, 0x00, 0x06, 0x00,
    0x00, 0x00, 0x10, 0x5F, 0x73, 0x63, 0x61, 0x6E, 0x5F, 0x74, 0x6F, 0x5F,
    0x65, 0x6F, 0x6C, 0x5F, 0x72, 0x61, 0x77, 0x00, 0x07, 0x00, 0x00, 0x00,
    0x10, 0x5F, 0x66, 0x69, 0x6E, 0x64, 0x5F, 0x65, 0x6E, 0x64, 0x5F, 0x77,
    0x68, 0x69, 0x74, 0x65, 0x73, 0x70, 0x61, 0x63, 0x65, 0x00, 0x08, 0x00,
    0x00, 0x00, 0x10, 0x5F, 0x73, 0x63, 0x61, 0x6E, 0x5F, 0x64, 0x69, 0x67,
    0x69, 0x74, 0x73, 0x00, 0x09, 0x00, 0x00, 0x00, 0x10, 0x5F, 0x73, 0x63,
    0x61, 0x6E, 0x5F, 0x68, 0x65, 0x78, 0x64, 0x69, 0x67, 0x69, 0x74, 0x73,
    0x00, 0x0A, 0x00, 0x00, 0x00, 0x10, 0x5F, 0x73, 0x63, 0x61, 0x6E, 0x5F,
    0x62, 0x69, 0x6E, 0x64, 0x69, 0x67, 0x69, 0x74, 0x73, 0x00, 0x0B, 0x00,
    0x00, 0x00, 0x10, 0x5F, 0x73, 0x63, 0x61, 0x6E, 0x5F, 0x65, 0x78, 0x70,
    0x6F, 0x6E, 0x65, 0x6E, 0x74, 0x00, 0x0C, 0x00, 0x00, 0x00, 0x10, 0x5F,
    0x73, 0x63, 0x61, 0x6E, 0x5F, 0x78, 0x69, 0x64, 0x00, 0x0D, 0x00, 0x00,
    0x00, 0x10, 0x5F, 0x73, 0x63, 0x61, 0x6E, 0x5F, 0x6F, 0x70, 0x65, 0x72,
    0x61, 0x74, 0x6F, 0x72, 0x5F, 0x73, 0x79, 0x6D, 0x62, 0x6F, 0x6C, 0x00,
    0x0E, 0x00, 0x00, 0x00, 0x10, 0x5F, 0x63, 0x68, 0x65, 0x63, 0x6B, 0x5F,
    0x6D, 0x61, 0x74, 0x63, 0x68, 0x00, 0x0F, 0x00, 0x00, 0x00, 0x10, 0x5F,
    0x73, 0x63, 0x61, 0x6E, 0x5F, 0x72, 0x61, 0x77, 0x5F, 0x73, 0x74, 0x72,
    0x69, 0x6E, 0x67, 0x5F, 0x74, 0x61, 0x67, 0x00, 0x10, 0x00, 0x00, 0x00,
    0x10, 0x5F, 0x66, 0x69, 0x6E, 0x64, 0x5F, 0x6E, 0x65, 0x65, 0x64, 0x6C,
    0x65, 0x00, 0x11, 0x00, 0x00, 0x00, 0x10, 0x5F, 0x73, 0x63, 0x61, 0x6E,
    0x5F, 0x72, 0x61, 0x77, 0x5F, 0x73, 0x74, 0x72, 0x69, 0x6E, 0x67, 0x00,
    0x12, 0x00, 0x00, 0x00, 0x10, 0x53, 0x63, 0x61, 0x6E, 0x6E, 0x65, 0x72,
    0x00, 0x13, 0x00, 0x00, 0x00, 0x10, 0x5F, 0x69, 0x73, 0x5F, 0x70, 0x72,
    0x65, 0x66, 0x69, 0x78, 0x00, 0x14, 0x00, 0x00, 0x00, 0x10, 0x54, 0x6F,
    0x6B, 0x65, 0x6E, 0x53, 0x74, 0x72, 0x65, 0x61, 0x6D, 0x00, 0x15, 0x00,
    0x00, 0x00, 0x10, 0x5F, 0x54, 0x52, 0x49, 0x50, 0x4C, 0x45, 0x5F, 0x43,
    0x48, 0x41, 0x52, 0x53, 0x00, 0x16, 0x00, 0x00, 0x00, 0x10, 0x5F, 0x44,
    0x55, 0x41, 0x4C, 0x5F, 0x43, 0x48, 0x41, 0x52, 0x53, 0x00, 0x17, 0x00,
    0x00, 0x00, 0x10, 0x5F, 0x53, 0x5F, 0x43, 0x48, 0x41, 0x52, 0x53, 0x00,
    0x18, 0x00, 0x00, 0x00, 0x10, 0x5F, 0x48, 0x41, 0x52, 0x44, 0x5F, 0x4B,
    0x45, 0x59, 0x57, 0x4F, 0x52, 0x44, 0x53, 0x00, 0x19, 0x00, 0x00, 0x00,
    0x10, 0x5F, 0x4F, 0x50, 0x45, 0x52, 0x41, 0x54, 0x4F, 0x52, 0x5F, 0x53,
    0x59, 0x4D, 0x42, 0x4F, 0x4C, 0x53, 0x00, 0x1A, 0x00, 0x00, 0x00, 0x10,
    0x5F, 0x47, 0x52, 0x4F, 0x55, 0x50, 0x5F, 0x53, 0x54, 0x41, 0x52, 0x54,
    0x00, 0x1B, 0x00, 0x00, 0x00, 0x10, 0x5F, 0x47, 0x52, 0x4F, 0x55, 0x50,
    0x5F, 0x45, 0x4E, 0x44, 0x00, 0x1C, 0x00, 0x00, 0x00, 0x00,
};

static const uint8_t tokenizer_free[] = {
    0xE3, 0x00, 0x00, 0x00, 0x10, 0x69, 0x73, 0x5F, 0x73, 0x70, 0x61, 0x63,
    0x65, 0x00, 0x1D, 0x00, 0x00, 0x00, 0x10, 0x69, 0x73, 0x5F, 0x64, 0x69,
    0x67, 0x69, 0x74, 0x00, 0x1E, 0x00, 0x00, 0x00, 0x10, 0x69, 0x73, 0x5F,
    0x68, 0x65, 0x78, 0x64, 0x69, 0x67, 0x69, 0x74, 0x00, 0x1F, 0x00, 0x00,
    0x00, 0x10, 0x69, 0x73, 0x5F, 0x62, 0x69, 0x6E, 0x64, 0x69, 0x67, 0x69,
    0x74, 0x00, 0x20, 0x00, 0x00, 0x00, 0x10, 0x69, 0x73, 0x5F, 0x78, 0x69,
    0x64, 0x5F, 0x73, 0x74, 0x61, 0x72, 0x74, 0x00, 0x21, 0x00, 0x00, 0x00,
    0x10, 0x69, 0x73, 0x5F, 0x78, 0x69, 0x64, 0x5F, 0x63, 0x6F, 0x6E, 0x74,
    0x69, 0x6E, 0x75, 0x65, 0x00, 0x22, 0x00, 0x00, 0x00, 0x10, 0x6C, 0x65,
    0x6E, 0x00, 0x23, 0x00, 0x00, 0x00, 0x10, 0x65, 0x72, 0x72, 0x6F, 0x72,
    0x00, 0x24, 0x00, 0x00, 0x00, 0x10, 0x69, 0x73, 0x5F, 0x61, 0x6C, 0x70,
    0x68, 0x61, 0x00, 0x25, 0x00, 0x00, 0x00, 0x10, 0x69, 0x73, 0x5F, 0x63,
    0x6E, 0x74, 0x72, 0x6C, 0x00, 0x26, 0x00, 0x00, 0x00, 0x10, 0x69, 0x73,
    0x5F, 0x77, 0x79, 0x5F, 0x78, 0x69, 0x64, 0x5F, 0x73, 0x74, 0x61, 0x72,
    0x74, 0x00, 0x27, 0x00, 0x00, 0x00, 0x10, 0x69, 0x73, 0x5F, 0x77, 0x79,
    0x5F, 0x78, 0x69, 0x64, 0x5F, 0x63, 0x6F, 0x6E, 0x74, 0x69, 0x6E, 0x75,
    0x65, 0x00, 0x28, 0x00, 0x00, 0x00, 0x10, 0x63, 0x61, 0x72, 0x00, 0x29,
    0x00, 0x00, 0x00, 0x10, 0x70, 0x61, 0x69, 0x72, 0x00, 0x2A, 0x00, 0x00,
    0x00, 0x10, 0x63, 0x64, 0x72, 0x00, 0x2B, 0x00, 0x00, 0x00, 0x00,
};

static const uint32_t tokenizer_code[] = {
    0x00000047,                /* 0000  import L0 <- static#0   ("std") */
    0x00000043,                /* 0001  gset g0 <- L0   (std) */
    0x00010047,                /* 0002  import L0 <- static#1   ("std::ctype") */
    0x000100B5, 0x00000000,    /* 0003  import_star static#1 except 0, 0 names   ("std::ctype") */
    0x00000145,                /* 0005  lsym L1 <- sym#0   ("TOK_SPACESHIP") */
    0x00023C40,                /* 0006  i8 L2 <- 60 */
    0x00033D40,                /* 0007  i8 L3 <- 61 */
    0x00043E40,                /* 0008  i8 L4 <- 62 */
    0x00050481, 0x00010000,    /* 0009  tuple L5 <- L1, 4 items */
    0x00010541,                /* 000B  move L1 <- L5 */
    0x00010245,                /* 000C  lsym L2 <- sym#1   ("TOK_ELLIPSIS") */
    0x00032E40,                /* 000D  i8 L3 <- 46 */
    0x00042E40,                /* 000E  i8 L4 <- 46 */
    0x00052E40,                /* 000F  i8 L5 <- 46 */
    0x00060481, 0x00020000,    /* 0010  tuple L6 <- L2, 4 items */
    0x00020641,                /* 0012  move L2 <- L6 */
    0x00000282, 0x00010000,    /* 0013  list L0 <- L1, 2 items */
    0x00160043,                /* 0015  gset g22 <- L0   (_TRIPLE_CHARS) */
    0x00020145,                /* 0016  lsym L1 <- sym#2   ("TOK_EXPONENT") */
    0x00022A40,                /* 0017  i8 L2 <- 42 */
    0x00032A40,                /* 0018  i8 L3 <- 42 */
    0x00040381, 0x00010000,    /* 0019  tuple L4 <- L1, 3 items */
    0x00010441,                /* 001B  move L1 <- L4 */
    0x00030245,                /* 001C  lsym L2 <- sym#3   ("TOK_LBRACE_S") */
    0x00032440,                /* 001D  i8 L3 <- 36 */
    0x00047B40,                /* 001E  i8 L4 <- 123 */
    0x00050381, 0x00020000,    /* 001F  tuple L5 <- L2, 3 items */
    0x00020541,                /* 0021  move L2 <- L5 */
    0x00040345,                /* 0022  lsym L3 <- sym#4   ("TOK_LBRACKET_S") */
    0x00042440,                /* 0023  i8 L4 <- 36 */
    0x00055B40,                /* 0024  i8 L5 <- 91 */
    0x00060381, 0x00030000,    /* 0025  tuple L6 <- L3, 3 items */
    0x00030641,                /* 0027  move L3 <- L6 */
    0x00050445,                /* 0028  lsym L4 <- sym#5   ("TOK_RARROW") */
    0x00052D40,                /* 0029  i8 L5 <- 45 */
    0x00063E40,                /* 002A  i8 L6 <- 62 */
    0x00070381, 0x00040000,    /* 002B  tuple L7 <- L4, 3 items */
    0x00040741,                /* 002D  move L4 <- L7 */
    0x00060545,                /* 002E  lsym L5 <- sym#6   ("TOK_LARROW") */
    0x00063C40,                /* 002F  i8 L6 <- 60 */
    0x00072D40,                /* 0030  i8 L7 <- 45 */
    0x00080381, 0x00050000,    /* 0031  tuple L8 <- L5, 3 items */
    0x00050841,                /* 0033  move L5 <- L8 */
    0x00070645,                /* 0034  lsym L6 <- sym#7   ("TOK_LSHIFT") */
    0x00073C40,                /* 0035  i8 L7 <- 60 */
    0x00083C40,                /* 0036  i8 L8 <- 60 */
    0x00090381, 0x00060000,    /* 0037  tuple L9 <- L6, 3 items */
    0x00060941,                /* 0039  move L6 <- L9 */
    0x00080745,                /* 003A  lsym L7 <- sym#8   ("TOK_RSHIFT") */
    0x00083E40,                /* 003B  i8 L8 <- 62 */
    0x00093E40,                /* 003C  i8 L9 <- 62 */
    0x000A0381, 0x00070000,    /* 003D  tuple L10 <- L7, 3 items */
    0x00070A41,                /* 003F  move L7 <- L10 */
    0x00090845,                /* 0040  lsym L8 <- sym#9   ("TOK_LE") */
    0x00093C40,                /* 0041  i8 L9 <- 60 */
    0x000A3D40,                /* 0042  i8 L10 <- 61 */
    0x000B0381, 0x00080000,    /* 0043  tuple L11 <- L8, 3 items */
    0x00080B41,                /* 0045  move L8 <- L11 */
    0x000A0945,                /* 0046  lsym L9 <- sym#10   ("TOK_GE") */
    0x000A3E40,                /* 0047  i8 L10 <- 62 */
    0x000B3D40,                /* 0048  i8 L11 <- 61 */
    0x000C0381, 0x00090000,    /* 0049  tuple L12 <- L9, 3 items */
    0x00090C41,                /* 004B  move L9 <- L12 */
    0x000B0A45,                /* 004C  lsym L10 <- sym#11   ("TOK_NE") */
    0x000B2140,                /* 004D  i8 L11 <- 33 */
    0x000C3D40,                /* 004E  i8 L12 <- 61 */
    0x000D0381, 0x000A0000,    /* 004F  tuple L13 <- L10, 3 items */
    0x000A0D41,                /* 0051  move L10 <- L13 */
    0x000C0B45,                /* 0052  lsym L11 <- sym#12   ("TOK_DEQUAL") */
    0x000C3D40,                /* 0053  i8 L12 <- 61 */
    0x000D3D40,                /* 0054  i8 L13 <- 61 */
    0x000E0381, 0x000B0000,    /* 0055  tuple L14 <- L11, 3 items */
    0x000B0E41,                /* 0057  move L11 <- L14 */
    0x000D0C45,                /* 0058  lsym L12 <- sym#13   ("TOK_BIND") */
    0x000D3A40,                /* 0059  i8 L13 <- 58 */
    0x000E3D40,                /* 005A  i8 L14 <- 61 */
    0x000F0381, 0x000C0000,    /* 005B  tuple L15 <- L12, 3 items */
    0x000C0F41,                /* 005D  move L12 <- L15 */
    0x000E0D45,                /* 005E  lsym L13 <- sym#14   ("TOK_SCOPE") */
    0x000E3A40,                /* 005F  i8 L14 <- 58 */
    0x000F3A40,                /* 0060  i8 L15 <- 58 */
    0x00100381, 0x000D0000,    /* 0061  tuple L16 <- L13, 3 items */
    0x000D1041,                /* 0063  move L13 <- L16 */
    0x000F0E45,                /* 0064  lsym L14 <- sym#15   ("TOK_QEQ") */
    0x000F3F40,                /* 0065  i8 L15 <- 63 */
    0x00103D40,                /* 0066  i8 L16 <- 61 */
    0x00110381, 0x000E0000,    /* 0067  tuple L17 <- L14, 3 items */
    0x000E1141,                /* 0069  move L14 <- L17 */
    0x00000E82, 0x00010000,    /* 006A  list L0 <- L1, 14 items */
    0x00170043,                /* 006C  gset g23 <- L0   (_DUAL_CHARS) */
    0x00100145,                /* 006D  lsym L1 <- sym#16   ("TOK_SEMICOLON") */
    0x00023B40,                /* 006E  i8 L2 <- 59 */
    0x00030281, 0x00010000,    /* 006F  tuple L3 <- L1, 2 items */
    0x00010341,                /* 0071  move L1 <- L3 */
    0x00110245,                /* 0072  lsym L2 <- sym#17   ("TOK_COMMA") */
    0x00032C40,                /* 0073  i8 L3 <- 44 */
    0x00040281, 0x00020000,    /* 0074  tuple L4 <- L2, 2 items */
    0x00020441,                /* 0076  move L2 <- L4 */
    0x00120345,                /* 0077  lsym L3 <- sym#18   ("TOK_COLON") */
    0x00043A40,                /* 0078  i8 L4 <- 58 */
    0x00050281, 0x00030000,    /* 0079  tuple L5 <- L3, 2 items */
    0x00030541,                /* 007B  move L3 <- L5 */
    0x00130445,                /* 007C  lsym L4 <- sym#19   ("TOK_AT") */
    0x00054040,                /* 007D  i8 L5 <- 64 */
    0x00060281, 0x00040000,    /* 007E  tuple L6 <- L4, 2 items */
    0x00040641,                /* 0080  move L4 <- L6 */
    0x00140545,                /* 0081  lsym L5 <- sym#20   ("TOK_LPAREN") */
    0x00062840,                /* 0082  i8 L6 <- 40 */
    0x00070281, 0x00050000,    /* 0083  tuple L7 <- L5, 2 items */
    0x00050741,                /* 0085  move L5 <- L7 */
    0x00150645,                /* 0086  lsym L6 <- sym#21   ("TOK_RPAREN") */
    0x00072940,                /* 0087  i8 L7 <- 41 */
    0x00080281, 0x00060000,    /* 0088  tuple L8 <- L6, 2 items */
    0x00060841,                /* 008A  move L6 <- L8 */
    0x00160745,                /* 008B  lsym L7 <- sym#22   ("TOK_LBRACE") */
    0x00087B40,                /* 008C  i8 L8 <- 123 */
    0x00090281, 0x00070000,    /* 008D  tuple L9 <- L7, 2 items */
    0x00070941,                /* 008F  move L7 <- L9 */
    0x00170845,                /* 0090  lsym L8 <- sym#23   ("TOK_RBRACE") */
    0x00097D40,                /* 0091  i8 L9 <- 125 */
    0x000A0281, 0x00080000,    /* 0092  tuple L10 <- L8, 2 items */
    0x00080A41,                /* 0094  move L8 <- L10 */
    0x00180945,                /* 0095  lsym L9 <- sym#24   ("TOK_LBRACKET") */
    0x000A5B40,                /* 0096  i8 L10 <- 91 */
    0x000B0281, 0x00090000,    /* 0097  tuple L11 <- L9, 2 items */
    0x00090B41,                /* 0099  move L9 <- L11 */
    0x00190A45,                /* 009A  lsym L10 <- sym#25   ("TOK_RBRACKET") */
    0x000B5D40,                /* 009B  i8 L11 <- 93 */
    0x000C0281, 0x000A0000,    /* 009C  tuple L12 <- L10, 2 items */
    0x000A0C41,                /* 009E  move L10 <- L12 */
    0x001A0B45,                /* 009F  lsym L11 <- sym#26   ("TOK_EQUAL") */
    0x000C3D40,                /* 00A0  i8 L12 <- 61 */
    0x000D0281, 0x000B0000,    /* 00A1  tuple L13 <- L11, 2 items */
    0x000B0D41,                /* 00A3  move L11 <- L13 */
    0x001B0C45,                /* 00A4  lsym L12 <- sym#27   ("TOK_BANG") */
    0x000D2140,                /* 00A5  i8 L13 <- 33 */
    0x000E0281, 0x000C0000,    /* 00A6  tuple L14 <- L12, 2 items */
    0x000C0E41,                /* 00A8  move L12 <- L14 */
    0x001C0D45,                /* 00A9  lsym L13 <- sym#28   ("TOK_DOT") */
    0x000E2E40,                /* 00AA  i8 L14 <- 46 */
    0x000F0281, 0x000D0000,    /* 00AB  tuple L15 <- L13, 2 items */
    0x000D0F41,                /* 00AD  move L13 <- L15 */
    0x001D0E45,                /* 00AE  lsym L14 <- sym#29   ("TOK_PLUS") */
    0x000F2B40,                /* 00AF  i8 L15 <- 43 */
    0x00100281, 0x000E0000,    /* 00B0  tuple L16 <- L14, 2 items */
    0x000E1041,                /* 00B2  move L14 <- L16 */
    0x001E0F45,                /* 00B3  lsym L15 <- sym#30   ("TOK_MINUS") */
    0x00102D40,                /* 00B4  i8 L16 <- 45 */
    0x00110281, 0x000F0000,    /* 00B5  tuple L17 <- L15, 2 items */
    0x000F1141,                /* 00B7  move L15 <- L17 */
    0x001F1045,                /* 00B8  lsym L16 <- sym#31   ("TOK_MUL") */
    0x00112A40,                /* 00B9  i8 L17 <- 42 */
    0x00120281, 0x00100000,    /* 00BA  tuple L18 <- L16, 2 items */
    0x00101241,                /* 00BC  move L16 <- L18 */
    0x00201145,                /* 00BD  lsym L17 <- sym#32   ("TOK_DIV") */
    0x00122F40,                /* 00BE  i8 L18 <- 47 */
    0x00130281, 0x00110000,    /* 00BF  tuple L19 <- L17, 2 items */
    0x00111341,                /* 00C1  move L17 <- L19 */
    0x00211245,                /* 00C2  lsym L18 <- sym#33   ("TOK_MOD") */
    0x00132540,                /* 00C3  i8 L19 <- 37 */
    0x00140281, 0x00120000,    /* 00C4  tuple L20 <- L18, 2 items */
    0x00121441,                /* 00C6  move L18 <- L20 */
    0x00221345,                /* 00C7  lsym L19 <- sym#34   ("TOK_LT") */
    0x00143C40,                /* 00C8  i8 L20 <- 60 */
    0x00150281, 0x00130000,    /* 00C9  tuple L21 <- L19, 2 items */
    0x00131541,                /* 00CB  move L19 <- L21 */
    0x00231445,                /* 00CC  lsym L20 <- sym#35   ("TOK_GT") */
    0x00153E40,                /* 00CD  i8 L21 <- 62 */
    0x00160281, 0x00140000,    /* 00CE  tuple L22 <- L20, 2 items */
    0x00141641,                /* 00D0  move L20 <- L22 */
    0x00241545,                /* 00D1  lsym L21 <- sym#36   ("TOK_XOR") */
    0x00165E40,                /* 00D2  i8 L22 <- 94 */
    0x00170281, 0x00150000,    /* 00D3  tuple L23 <- L21, 2 items */
    0x00151741,                /* 00D5  move L21 <- L23 */
    0x00251645,                /* 00D6  lsym L22 <- sym#37   ("TOK_OR") */
    0x00177C40,                /* 00D7  i8 L23 <- 124 */
    0x00180281, 0x00160000,    /* 00D8  tuple L24 <- L22, 2 items */
    0x00161841,                /* 00DA  move L22 <- L24 */
    0x00261745,                /* 00DB  lsym L23 <- sym#38   ("TOK_AND") */
    0x00182640,                /* 00DC  i8 L24 <- 38 */
    0x00190281, 0x00170000,    /* 00DD  tuple L25 <- L23, 2 items */
    0x00171941,                /* 00DF  move L23 <- L25 */
    0x00271845,                /* 00E0  lsym L24 <- sym#39   ("TOK_TILDE") */
    0x00197E40,                /* 00E1  i8 L25 <- 126 */
    0x001A0281, 0x00180000,    /* 00E2  tuple L26 <- L24, 2 items */
    0x00181A41,                /* 00E4  move L24 <- L26 */
    0x00001882, 0x00010000,    /* 00E5  list L0 <- L1, 24 items */
    0x00180043,                /* 00E7  gset g24 <- L0   (_S_CHARS) */
    0x00020146,                /* 00E8  lconst L1 <- static#2   ("and") */
    0x00280245,                /* 00E9  lsym L2 <- sym#40   ("TOK_KW_AND") */
    0x00030281, 0x00010000,    /* 00EA  tuple L3 <- L1, 2 items */
    0x00010341,                /* 00EC  move L1 <- L3 */
    0x00030246,                /* 00ED  lconst L2 <- static#3   ("break") */
    0x00290345,                /* 00EE  lsym L3 <- sym#41   ("TOK_KW_BREAK") */
    0x00040281, 0x00020000,    /* 00EF  tuple L4 <- L2, 2 items */
    0x00020441,                /* 00F1  move L2 <- L4 */
    0x00040346,                /* 00F2  lconst L3 <- static#4   ("catch") */
    0x002A0445,                /* 00F3  lsym L4 <- sym#42   ("TOK_KW_CATCH") */
    0x00050281, 0x00030000,    /* 00F4  tuple L5 <- L3, 2 items */
    0x00030541,                /* 00F6  move L3 <- L5 */
    0x00050446,                /* 00F7  lconst L4 <- static#5   ("class") */
    0x002B0545,                /* 00F8  lsym L5 <- sym#43   ("TOK_KW_CLASS") */
    0x00060281, 0x00040000,    /* 00F9  tuple L6 <- L4, 2 items */
    0x00040641,                /* 00FB  move L4 <- L6 */
    0x00060546,                /* 00FC  lconst L5 <- static#6   ("co") */
    0x002C0645,                /* 00FD  lsym L6 <- sym#44   ("TOK_KW_CO") */
    0x00070281, 0x00050000,    /* 00FE  tuple L7 <- L5, 2 items */
    0x00050741,                /* 0100  move L5 <- L7 */
    0x00070646,                /* 0101  lconst L6 <- static#7   ("continue") */
    0x002D0745,                /* 0102  lsym L7 <- sym#45   ("TOK_KW_CONTINUE") */
    0x00080281, 0x00060000,    /* 0103  tuple L8 <- L6, 2 items */
    0x00060841,                /* 0105  move L6 <- L8 */
    0x00080746,                /* 0106  lconst L7 <- static#8   ("defer") */
    0x002E0845,                /* 0107  lsym L8 <- sym#46   ("TOK_KW_DEFER") */
    0x00090281, 0x00070000,    /* 0108  tuple L9 <- L7, 2 items */
    0x00070941,                /* 010A  move L7 <- L9 */
    0x00090846,                /* 010B  lconst L8 <- static#9   ("do") */
    0x002F0945,                /* 010C  lsym L9 <- sym#47   ("TOK_KW_DO") */
    0x000A0281, 0x00080000,    /* 010D  tuple L10 <- L8, 2 items */
    0x00080A41,                /* 010F  move L8 <- L10 */
    0x000A0946,                /* 0110  lconst L9 <- static#10   ("elif") */
    0x00300A45,                /* 0111  lsym L10 <- sym#48   ("TOK_KW_ELIF") */
    0x000B0281, 0x00090000,    /* 0112  tuple L11 <- L9, 2 items */
    0x00090B41,                /* 0114  move L9 <- L11 */
    0x000B0A46,                /* 0115  lconst L10 <- static#11   ("else") */
    0x00310B45,                /* 0116  lsym L11 <- sym#49   ("TOK_KW_ELSE") */
    0x000C0281, 0x000A0000,    /* 0117  tuple L12 <- L10, 2 items */
    0x000A0C41,                /* 0119  move L10 <- L12 */
    0x000C0B46,                /* 011A  lconst L11 <- static#12   ("emit") */
    0x00320C45,                /* 011B  lsym L12 <- sym#50   ("TOK_KW_EMIT") */
    0x000D0281, 0x000B0000,    /* 011C  tuple L13 <- L11, 2 items */
    0x000B0D41,                /* 011E  move L11 <- L13 */
    0x000D0C46,                /* 011F  lconst L12 <- static#13   ("false") */
    0x00330D45,                /* 0120  lsym L13 <- sym#51   ("TOK_KW_FALSE") */
    0x000E0281, 0x000C0000,    /* 0121  tuple L14 <- L12, 2 items */
    0x000C0E41,                /* 0123  move L12 <- L14 */
    0x000E0D46,                /* 0124  lconst L13 <- static#14   ("fn") */
    0x00340E45,                /* 0125  lsym L14 <- sym#52   ("TOK_KW_FN") */
    0x000F0281, 0x000D0000,    /* 0126  tuple L15 <- L13, 2 items */
    0x000D0F41,                /* 0128  move L13 <- L15 */
    0x000F0E46,                /* 0129  lconst L14 <- static#15   ("for") */
    0x00350F45,                /* 012A  lsym L15 <- sym#53   ("TOK_KW_FOR") */
    0x00100281, 0x000E0000,    /* 012B  tuple L16 <- L14, 2 items */
    0x000E1041,                /* 012D  move L14 <- L16 */
    0x00100F46,                /* 012E  lconst L15 <- static#16   ("from") */
    0x00361045,                /* 012F  lsym L16 <- sym#54   ("TOK_KW_FROM") */
    0x00110281, 0x000F0000,    /* 0130  tuple L17 <- L15, 2 items */
    0x000F1141,                /* 0132  move L15 <- L17 */
    0x00111046,                /* 0133  lconst L16 <- static#17   ("if") */
    0x00371145,                /* 0134  lsym L17 <- sym#55   ("TOK_KW_IF") */
    0x00120281, 0x00100000,    /* 0135  tuple L18 <- L16, 2 items */
    0x00101241,                /* 0137  move L16 <- L18 */
    0x00121146,                /* 0138  lconst L17 <- static#18   ("import") */
    0x00381245,                /* 0139  lsym L18 <- sym#56   ("TOK_KW_IMPORT") */
    0x00130281, 0x00110000,    /* 013A  tuple L19 <- L17, 2 items */
    0x00111341,                /* 013C  move L17 <- L19 */
    0x00131246,                /* 013D  lconst L18 <- static#19   ("in") */
    0x00391345,                /* 013E  lsym L19 <- sym#57   ("TOK_KW_IN") */
    0x00140281, 0x00120000,    /* 013F  tuple L20 <- L18, 2 items */
    0x00121441,                /* 0141  move L18 <- L20 */
    0x00141346,                /* 0142  lconst L19 <- static#20   ("is") */
    0x003A1445,                /* 0143  lsym L20 <- sym#58   ("TOK_KW_IS") */
    0x00150281, 0x00130000,    /* 0144  tuple L21 <- L19, 2 items */
    0x00131541,                /* 0146  move L19 <- L21 */
    0x00151446,                /* 0147  lconst L20 <- static#21   ("nil") */
    0x003B1545,                /* 0148  lsym L21 <- sym#59   ("TOK_KW_NIL") */
    0x00160281, 0x00140000,    /* 0149  tuple L22 <- L20, 2 items */
    0x00141641,                /* 014B  move L20 <- L22 */
    0x00161546,                /* 014C  lconst L21 <- static#22   ("not") */
    0x003C1645,                /* 014D  lsym L22 <- sym#60   ("TOK_KW_NOT") */
    0x00170281, 0x00150000,    /* 014E  tuple L23 <- L21, 2 items */
    0x00151741,                /* 0150  move L21 <- L23 */
    0x00171646,                /* 0151  lconst L22 <- static#23   ("or") */
    0x003D1745,                /* 0152  lsym L23 <- sym#61   ("TOK_KW_OR") */
    0x00180281, 0x00160000,    /* 0153  tuple L24 <- L22, 2 items */
    0x00161841,                /* 0155  move L22 <- L24 */
    0x00181746,                /* 0156  lconst L23 <- static#24   ("pass") */
    0x003E1845,                /* 0157  lsym L24 <- sym#62   ("TOK_KW_PASS") */
    0x00190281, 0x00170000,    /* 0158  tuple L25 <- L23, 2 items */
    0x00171941,                /* 015A  move L23 <- L25 */
    0x00191846,                /* 015B  lconst L24 <- static#25   ("return") */
    0x003F1945,                /* 015C  lsym L25 <- sym#63   ("TOK_KW_RETURN") */
    0x001A0281, 0x00180000,    /* 015D  tuple L26 <- L24, 2 items */
    0x00181A41,                /* 015F  move L24 <- L26 */
    0x001A1946,                /* 0160  lconst L25 <- static#26   ("signal") */
    0x00401A45,                /* 0161  lsym L26 <- sym#64   ("TOK_KW_SIGNAL") */
    0x001B0281, 0x00190000,    /* 0162  tuple L27 <- L25, 2 items */
    0x00191B41,                /* 0164  move L25 <- L27 */
    0x001B1A46,                /* 0165  lconst L26 <- static#27   ("slot") */
    0x00411B45,                /* 0166  lsym L27 <- sym#65   ("TOK_KW_SLOT") */
    0x001C0281, 0x001A0000,    /* 0167  tuple L28 <- L26, 2 items */
    0x001A1C41,                /* 0169  move L26 <- L28 */
    0x001C1B46,                /* 016A  lconst L27 <- static#28   ("static") */
    0x00421C45,                /* 016B  lsym L28 <- sym#66   ("TOK_KW_STATIC") */
    0x001D0281, 0x001B0000,    /* 016C  tuple L29 <- L27, 2 items */
    0x001B1D41,                /* 016E  move L27 <- L29 */
    0x001D1C46,                /* 016F  lconst L28 <- static#29   ("task") */
    0x00431D45,                /* 0170  lsym L29 <- sym#67   ("TOK_TASK") */
    0x001E0281, 0x001C0000,    /* 0171  tuple L30 <- L28, 2 items */
    0x001C1E41,                /* 0173  move L28 <- L30 */
    0x001E1D46,                /* 0174  lconst L29 <- static#30   ("thread") */
    0x00441E45,                /* 0175  lsym L30 <- sym#68   ("TOK_THREAD") */
    0x001F0281, 0x001D0000,    /* 0176  tuple L31 <- L29, 2 items */
    0x001D1F41,                /* 0178  move L29 <- L31 */
    0x001F1E46,                /* 0179  lconst L30 <- static#31   ("true") */
    0x00451F45,                /* 017A  lsym L31 <- sym#69   ("TOK_KW_TRUE") */
    0x00200281, 0x001E0000,    /* 017B  tuple L32 <- L30, 2 items */
    0x001E2041,                /* 017D  move L30 <- L32 */
    0x00201F46,                /* 017E  lconst L31 <- static#32   ("try") */
    0x00462045,                /* 017F  lsym L32 <- sym#70   ("TOK_KW_TRY") */
    0x00210281, 0x001F0000,    /* 0180  tuple L33 <- L31, 2 items */
    0x001F2141,                /* 0182  move L31 <- L33 */
    0x00212046,                /* 0183  lconst L32 <- static#33   ("var") */
    0x00472145,                /* 0184  lsym L33 <- sym#71   ("TOK_KW_VAR") */
    0x00220281, 0x00200000,    /* 0185  tuple L34 <- L32, 2 items */
    0x00202241,                /* 0187  move L32 <- L34 */
    0x00222146,                /* 0188  lconst L33 <- static#34   ("while") */
    0x00482245,                /* 0189  lsym L34 <- sym#72   ("TOK_KW_WHILE") */
    0x00230281, 0x00210000,    /* 018A  tuple L35 <- L33, 2 items */
    0x00212341,                /* 018C  move L33 <- L35 */
    0x00232246,                /* 018D  lconst L34 <- static#35   ("yield") */
    0x00492345,                /* 018E  lsym L35 <- sym#73   ("TOK_KW_YIELD") */
    0x00240281, 0x00220000,    /* 018F  tuple L36 <- L34, 2 items */
    0x00222441,                /* 0191  move L34 <- L36 */
    0x00002282, 0x00010000,    /* 0192  list L0 <- L1, 34 items */
    0x00190043,                /* 0194  gset g25 <- L0   (_HARD_KEYWORDS) */
    0x000000A8, 0x00000000,    /* 0195  closure L0 <- fn#0, 0 caps */
    0x00010043,                /* 0197  gset g1 <- L0   (_lookup_keyword) */
    0x000000A9, 0x00000000,    /* 0198  class L0 <- class#0 */
    0x00020043,                /* 019A  gset g2 <- L0   (Token) */
    0x000000A8, 0x00030000,    /* 019B  closure L0 <- fn#3, 0 caps */
    0x00030043,                /* 019D  gset g3 <- L0   (_get_char) */
    0x000000A8, 0x00040000,    /* 019E  closure L0 <- fn#4, 0 caps */
    0x00040043,                /* 01A0  gset g4 <- L0   (_is_newline) */
    0x000000A8, 0x00050000,    /* 01A1  closure L0 <- fn#5, 0 caps */
    0x00050043,                /* 01A3  gset g5 <- L0   (_scan_escape_nl_break) */
    0x000000A8, 0x00060000,    /* 01A4  closure L0 <- fn#6, 0 caps */
    0x00060043,                /* 01A6  gset g6 <- L0   (_scan_to_eol) */
    0x000000A8, 0x00070000,    /* 01A7  closure L0 <- fn#7, 0 caps */
    0x00070043,                /* 01A9  gset g7 <- L0   (_scan_to_eol_raw) */
    0x000000A8, 0x00080000,    /* 01AA  closure L0 <- fn#8, 0 caps */
    0x00080043,                /* 01AC  gset g8 <- L0   (_find_end_whitespace) */
    0x000000A8, 0x00090000,    /* 01AD  closure L0 <- fn#9, 0 caps */
    0x00090043,                /* 01AF  gset g9 <- L0   (_scan_digits) */
    0x000000A8, 0x000A0000,    /* 01B0  closure L0 <- fn#10, 0 caps */
    0x000A0043,                /* 01B2  gset g10 <- L0   (_scan_hexdigits) */
    0x000000A8, 0x000B0000,    /* 01B3  closure L0 <- fn#11, 0 caps */
    0x000B0043,                /* 01B5  gset g11 <- L0   (_scan_bindigits) */
    0x000000A8, 0x000C0000,    /* 01B6  closure L0 <- fn#12, 0 caps */
    0x000C0043,                /* 01B8  gset g12 <- L0   (_scan_exponent) */
    0x000000A8, 0x000D0000,    /* 01B9  closure L0 <- fn#13, 0 caps */
    0x000D0043,                /* 01BB  gset g13 <- L0   (_scan_xid) */
    0x00240146,                /* 01BC  lconst L1 <- static#36   ("...") */
    0x00250246,                /* 01BD  lconst L2 <- static#37   ("<=>") */
    0x00260346,                /* 01BE  lconst L3 <- static#38   ("**") */
    0x00270446,                /* 01BF  lconst L4 <- static#39   ("<<") */
    0x00280546,                /* 01C0  lconst L5 <- static#40   (">>") */
    0x00290646,                /* 01C1  lconst L6 <- static#41   ("==") */
    0x002A0746,                /* 01C2  lconst L7 <- static#42   ("!=") */
    0x002B0846,                /* 01C3  lconst L8 <- static#43   ("<=") */
    0x002C0946,                /* 01C4  lconst L9 <- static#44   (">=") */
    0x002D0A46,                /* 01C5  lconst L10 <- static#45   ("::") */
    0x002E0B46,                /* 01C6  lconst L11 <- static#46   ("+") */
    0x002F0C46,                /* 01C7  lconst L12 <- static#47   ("-") */
    0x00300D46,                /* 01C8  lconst L13 <- static#48   ("*") */
    0x00310E46,                /* 01C9  lconst L14 <- static#49   ("/") */
    0x00320F46,                /* 01CA  lconst L15 <- static#50   ("%") */
    0x00331046,                /* 01CB  lconst L16 <- static#51   ("&") */
    0x00341146,                /* 01CC  lconst L17 <- static#52   ("|") */
    0x00351246,                /* 01CD  lconst L18 <- static#53   ("^") */
    0x00361346,                /* 01CE  lconst L19 <- static#54   ("~") */
    0x00371446,                /* 01CF  lconst L20 <- static#55   ("<") */
    0x00381546,                /* 01D0  lconst L21 <- static#56   (">") */
    0x00001582, 0x00010000,    /* 01D1  list L0 <- L1, 21 items */
    0x001A0043,                /* 01D3  gset g26 <- L0   (_OPERATOR_SYMBOLS) */
    0x000000A8, 0x000E0000,    /* 01D4  closure L0 <- fn#14, 0 caps */
    0x000E0043,                /* 01D6  gset g14 <- L0   (_scan_operator_symbol) */
    0x000000A8, 0x000F0000,    /* 01D7  closure L0 <- fn#15, 0 caps */
    0x000F0043,                /* 01D9  gset g15 <- L0   (_check_match) */
    0x000000A8, 0x00100000,    /* 01DA  closure L0 <- fn#16, 0 caps */
    0x00100043,                /* 01DC  gset g16 <- L0   (_scan_raw_string_tag) */
    0x000000A8, 0x00110000,    /* 01DD  closure L0 <- fn#17, 0 caps */
    0x00110043,                /* 01DF  gset g17 <- L0   (_find_needle) */
    0x000000A8, 0x00120000,    /* 01E0  closure L0 <- fn#18, 0 caps */
    0x00120043,                /* 01E2  gset g18 <- L0   (_scan_raw_string) */
    0x000000A9, 0x00010000,    /* 01E3  class L0 <- class#1 */
    0x00130043,                /* 01E5  gset g19 <- L0   (Scanner) */
    0x00160145,                /* 01E6  lsym L1 <- sym#22   ("TOK_LBRACE") */
    0x00030245,                /* 01E7  lsym L2 <- sym#3   ("TOK_LBRACE_S") */
    0x00040345,                /* 01E8  lsym L3 <- sym#4   ("TOK_LBRACKET_S") */
    0x00140445,                /* 01E9  lsym L4 <- sym#20   ("TOK_LPAREN") */
    0x00180545,                /* 01EA  lsym L5 <- sym#24   ("TOK_LBRACKET") */
    0x00000581, 0x00010000,    /* 01EB  tuple L0 <- L1, 5 items */
    0x001B0043,                /* 01ED  gset g27 <- L0   (_GROUP_START) */
    0x00170145,                /* 01EE  lsym L1 <- sym#23   ("TOK_RBRACE") */
    0x00190245,                /* 01EF  lsym L2 <- sym#25   ("TOK_RBRACKET") */
    0x00150345,                /* 01F0  lsym L3 <- sym#21   ("TOK_RPAREN") */
    0x00000381, 0x00010000,    /* 01F1  tuple L0 <- L1, 3 items */
    0x001C0043,                /* 01F3  gset g28 <- L0   (_GROUP_END) */
    0x000000A8, 0x001C0000,    /* 01F4  closure L0 <- fn#28, 0 caps */
    0x00140043,                /* 01F6  gset g20 <- L0   (_is_prefix) */
    0x000000A9, 0x00020000,    /* 01F7  class L0 <- class#2 */
    0x00150043,                /* 01F9  gset g21 <- L0   (TokenStream) */
    0x00000002,                /* 01FA  return count=0 */
    0x00190142,                /* 01FB  gget L1 <- g25   (_HARD_KEYWORDS) */
    0x000200AE, 0x00010000,    /* 01FC  iter L2 <- L1 */
    0x000000AF, 0x0002000B,    /* 01FE  itnext L0 <- L2, done +11 */
    0x00030040,                /* 0200  i8 L3 <- 0 */
    0x00040098, 0x00000003,    /* 0201  getidx L4 <- L0[L3] */
    0x0005008F, 0x00048000,    /* 0203  eq L5 <- L4 == P0 */
    0x0004054B,                /* 0205  jf L5, +4 */
    0x00030140,                /* 0206  i8 L3 <- 1 */
    0x00040098, 0x00000003,    /* 0207  getidx L4 <- L0[L3] */
    0x00040102,                /* 0209  return L4 count=1 */
    0xFFF3004F,                /* 020A  jmp -13 */
    0x00010003,                /* 020B  lnil L1 */
    0x00010102,                /* 020C  return L1 count=1 */
    0x00018141,                /* 020D  move L1 <- P1 */
    0x8000009B, 0x004A0001,    /* 020E  setattr P0.sym#74 <- L1   ("kind") */
    0x00018241,                /* 0210  move L1 <- P2 */
    0x8000009B, 0x004B0001,    /* 0211  setattr P0.sym#75 <- L1   ("start") */
    0x00000003,                /* 0213  lnil L0 */
    0x00018341,                /* 0214  move L1 <- P3 */
    0x8000009B, 0x004C0001,    /* 0215  setattr P0.sym#76 <- L1   ("end") */
    0x00000102,                /* 0217  return L0 count=1 */
    0x00008141,                /* 0218  move L0 <- P1 */
    0x0001009A, 0x8000004B,    /* 0219  getattr L1 <- P0.sym#75   ("start") */
    0x0002009A, 0x8000004C,    /* 021B  getattr L2 <- P0.sym#76   ("end") */
    0x0003009A, 0x8000004B,    /* 021D  getattr L3 <- P0.sym#75   ("start") */
    0x00040086, 0x00020003,    /* 021F  sub L4 <- L2 - L3 */
    0x00020441,                /* 0221  move L2 <- L4 */
    0x000002A2, 0x00000001,    /* 0222  msg base=L0 argc=2 msg#0 nres=1   (substr) */
    0x00000102,                /* 0224  return L0 count=1 */
    0x00000098, 0x80008001,    /* 0225  getidx L0 <- P0[P1] */
    0x0001004E,                /* 0227  jnerr L0, +1 */
    0x004F0045,                /* 0228  lsym L0 <- sym#79   ("EOF") */
    0x00000102,                /* 0229  return L0 count=1 */
    0x00010D40,                /* 022A  i8 L1 <- 13 */
    0x0000008F, 0x80000001,    /* 022B  eq L0 <- P0 == L1 */
    0x0003004C,                /* 022D  jt L0, +3 */
    0x00010A40,                /* 022E  i8 L1 <- 10 */
    0x0000008F, 0x80000001,    /* 022F  eq L0 <- P0 == L1 */
    0x00000102,                /* 0231  return L0 count=1 */
    0x00030342,                /* 0232  gget L3 <- g3   (_get_char) */
    0x00048041,                /* 0233  move L4 <- P0 */
    0x00058141,                /* 0234  move L5 <- P1 */
    0x000302A0, 0x00010000,    /* 0235  call base=L3 argc=2 nres=1 */
    0x00000341,                /* 0237  move L0 <- L3 */
    0x00035C40,                /* 0238  i8 L3 <- 92 */
    0x00040090, 0x00000003,    /* 0239  ne L4 <- L0 != L3 */
    0x0002044B,                /* 023B  jf L4, +2 */
    0x00030003,                /* 023C  lnil L3 */
    0x00030102,                /* 023D  return L3 count=1 */
    0x00030342,                /* 023E  gget L3 <- g3   (_get_char) */
    0x00048041,                /* 023F  move L4 <- P0 */
    0x00050140,                /* 0240  i8 L5 <- 1 */
    0x00060085, 0x80010005,    /* 0241  add L6 <- P1 + L5 */
    0x00050641,                /* 0243  move L5 <- L6 */
    0x000302A0, 0x00010000,    /* 0244  call base=L3 argc=2 nres=1 */
    0x00010341,                /* 0246  move L1 <- L3 */
    0x00030342,                /* 0247  gget L3 <- g3   (_get_char) */
    0x00048041,                /* 0248  move L4 <- P0 */
    0x00050240,                /* 0249  i8 L5 <- 2 */
    0x00060085, 0x80010005,    /* 024A  add L6 <- P1 + L5 */
    0x00050641,                /* 024C  move L5 <- L6 */
    0x000302A0, 0x00010000,    /* 024D  call base=L3 argc=2 nres=1 */
    0x00020341,                /* 024F  move L2 <- L3 */
    0x00040D40,                /* 0250  i8 L4 <- 13 */
    0x0003008F, 0x00010004,    /* 0251  eq L3 <- L1 == L4 */
    0x0003034B,                /* 0253  jf L3, +3 */
    0x00040A40,                /* 0254  i8 L4 <- 10 */
    0x0003008F, 0x00020004,    /* 0255  eq L3 <- L2 == L4 */
    0x0004034B,                /* 0257  jf L3, +4 */
    0x00030340,                /* 0258  i8 L3 <- 3 */
    0x00040085, 0x80010003,    /* 0259  add L4 <- P1 + L3 */
    0x00040102,                /* 025B  return L4 count=1 */
    0x00040D40,                /* 025C  i8 L4 <- 13 */
    0x0003008F, 0x00010004,    /* 025D  eq L3 <- L1 == L4 */
    0x0003034C,                /* 025F  jt L3, +3 */
    0x00040A40,                /* 0260  i8 L4 <- 10 */
    0x0003008F, 0x00010004,    /* 0261  eq L3 <- L1 == L4 */
    0x0004034B,                /* 0263  jf L3, +4 */
    0x00030240,                /* 0264  i8 L3 <- 2 */
    0x00040085, 0x80010003,    /* 0265  add L4 <- P1 + L3 */
    0x00040102,                /* 0267  return L4 count=1 */
    0x00030003,                /* 0268  lnil L3 */
    0x00030102,                /* 0269  return L3 count=1 */
    0x00008141,                /* 026A  move L0 <- P1 */
    0x00030342,                /* 026B  gget L3 <- g3   (_get_char) */
    0x00048041,                /* 026C  move L4 <- P0 */
    0x00050041,                /* 026D  move L5 <- L0 */
    0x000302A0, 0x00010000,    /* 026E  call base=L3 argc=2 nres=1 */
    0x00010341,                /* 0270  move L1 <- L3 */
    0x004F0445,                /* 0271  lsym L4 <- sym#79   ("EOF") */
    0x00030090, 0x00010004,    /* 0272  ne L3 <- L1 != L4 */
    0x0005034B,                /* 0274  jf L3, +5 */
    0x00040442,                /* 0275  gget L4 <- g4   (_is_newline) */
    0x00050141,                /* 0276  move L5 <- L1 */
    0x000401A0, 0x00010000,    /* 0277  call base=L4 argc=1 nres=1 */
    0x0003044A,                /* 0279  not L3 <- L4 */
    0x001F034B,                /* 027A  jf L3, +31 */
    0x00030140,                /* 027B  i8 L3 <- 1 */
    0x00000085, 0x00000003,    /* 027C  add L0 <- L0 + L3 */
    0x00030342,                /* 027E  gget L3 <- g3   (_get_char) */
    0x00048041,                /* 027F  move L4 <- P0 */
    0x00050041,                /* 0280  move L5 <- L0 */
    0x000302A0, 0x00010000,    /* 0281  call base=L3 argc=2 nres=1 */
    0x00010341,                /* 0283  move L1 <- L3 */
    0x00035C40,                /* 0284  i8 L3 <- 92 */
    0x0004008F, 0x00010003,    /* 0285  eq L4 <- L1 == L3 */
    0x0011044B,                /* 0287  jf L4, +17 */
    0x00050342,                /* 0288  gget L3 <- g5   (_scan_escape_nl_break) */
    0x00048041,                /* 0289  move L4 <- P0 */
    0x00050041,                /* 028A  move L5 <- L0 */
    0x000302A0, 0x00010000,    /* 028B  call base=L3 argc=2 nres=1 */
    0x00020341,                /* 028D  move L2 <- L3 */
    0x00030003,                /* 028E  lnil L3 */
    0x00040090, 0x00020003,    /* 028F  ne L4 <- L2 != L3 */
    0x0007044B,                /* 0291  jf L4, +7 */
    0x00000241,                /* 0292  move L0 <- L2 */
    0x00030342,                /* 0293  gget L3 <- g3   (_get_char) */
    0x00048041,                /* 0294  move L4 <- P0 */
    0x00050041,                /* 0295  move L5 <- L0 */
    0x000302A0, 0x00010000,    /* 0296  call base=L3 argc=2 nres=1 */
    0x00010341,                /* 0298  move L1 <- L3 */
    0xFFD7004F,                /* 0299  jmp -41 */
    0x00000102,                /* 029A  return L0 count=1 */
    0x00008141,                /* 029B  move L0 <- P1 */
    0x00030242,                /* 029C  gget L2 <- g3   (_get_char) */
    0x00038041,                /* 029D  move L3 <- P0 */
    0x00040041,                /* 029E  move L4 <- L0 */
    0x000202A0, 0x00010000,    /* 029F  call base=L2 argc=2 nres=1 */
    0x00010241,                /* 02A1  move L1 <- L2 */
    0x004F0345,                /* 02A2  lsym L3 <- sym#79   ("EOF") */
    0x00020090, 0x00010003,    /* 02A3  ne L2 <- L1 != L3 */
    0x0005024B,                /* 02A5  jf L2, +5 */
    0x00040342,                /* 02A6  gget L3 <- g4   (_is_newline) */
    0x00040141,                /* 02A7  move L4 <- L1 */
    0x000301A0, 0x00010000,    /* 02A8  call base=L3 argc=1 nres=1 */
    0x0002034A,                /* 02AA  not L2 <- L3 */
    0x000A024B,                /* 02AB  jf L2, +10 */
    0x00020140,                /* 02AC  i8 L2 <- 1 */
    0x00000085, 0x00000002,    /* 02AD  add L0 <- L0 + L2 */
    0x00030242,                /* 02AF  gget L2 <- g3   (_get_char) */
    0x00038041,                /* 02B0  move L3 <- P0 */
    0x00040041,                /* 02B1  move L4 <- L0 */
    0x000202A0, 0x00010000,    /* 02B2  call base=L2 argc=2 nres=1 */
    0x00010241,                /* 02B4  move L1 <- L2 */
    0xFFEC004F,                /* 02B5  jmp -20 */
    0x00000102,                /* 02B6  return L0 count=1 */
    0x00008141,                /* 02B7  move L0 <- P1 */
    0x00030342,                /* 02B8  gget L3 <- g3   (_get_char) */
    0x00048041,                /* 02B9  move L4 <- P0 */
    0x00050041,                /* 02BA  move L5 <- L0 */
    0x000302A0, 0x00010000,    /* 02BB  call base=L3 argc=2 nres=1 */
    0x00010341,                /* 02BD  move L1 <- L3 */
    0x004F0345,                /* 02BE  lsym L3 <- sym#79   ("EOF") */
    0x00040090, 0x00010003,    /* 02BF  ne L4 <- L1 != L3 */
    0x0028044B,                /* 02C1  jf L4, +40 */
    0x00040342,                /* 02C2  gget L3 <- g4   (_is_newline) */
    0x00040141,                /* 02C3  move L4 <- L1 */
    0x000301A0, 0x00010000,    /* 02C4  call base=L3 argc=1 nres=1 */
    0x0001034B,                /* 02C6  jf L3, +1 */
    0x00000102,                /* 02C7  return L0 count=1 */
    0x001D0342,                /* 02C8  gget L3 <- g29   (is_space) */
    0x00040141,                /* 02C9  move L4 <- L1 */
    0x000301A0, 0x00010000,    /* 02CA  call base=L3 argc=1 nres=1 */
    0x0004034B,                /* 02CC  jf L3, +4 */
    0x00030140,                /* 02CD  i8 L3 <- 1 */
    0x00000085, 0x00000003,    /* 02CE  add L0 <- L0 + L3 */
    0x0012004F,                /* 02D0  jmp +18 */
    0x00035C40,                /* 02D1  i8 L3 <- 92 */
    0x00040090, 0x00010003,    /* 02D2  ne L4 <- L1 != L3 */
    0x0002044B,                /* 02D4  jf L4, +2 */
    0x00000102,                /* 02D5  return L0 count=1 */
    0x000C004F,                /* 02D6  jmp +12 */
    0x00050342,                /* 02D7  gget L3 <- g5   (_scan_escape_nl_break) */
    0x00048041,                /* 02D8  move L4 <- P0 */
    0x00050041,                /* 02D9  move L5 <- L0 */
    0x000302A0, 0x00010000,    /* 02DA  call base=L3 argc=2 nres=1 */
    0x00020341,                /* 02DC  move L2 <- L3 */
    0x00030003,                /* 02DD  lnil L3 */
    0x0004008F, 0x00020003,    /* 02DE  eq L4 <- L2 == L3 */
    0x0001044B,                /* 02E0  jf L4, +1 */
    0x00000102,                /* 02E1  return L0 count=1 */
    0x00000241,                /* 02E2  move L0 <- L2 */
    0x00030342,                /* 02E3  gget L3 <- g3   (_get_char) */
    0x00048041,                /* 02E4  move L4 <- P0 */
    0x00050041,                /* 02E5  move L5 <- L0 */
    0x000302A0, 0x00010000,    /* 02E6  call base=L3 argc=2 nres=1 */
    0x00010341,                /* 02E8  move L1 <- L3 */
    0xFFD4004F,                /* 02E9  jmp -44 */
    0x00000102,                /* 02EA  return L0 count=1 */
    0x00008141,                /* 02EB  move L0 <- P1 */
    0x00030242,                /* 02EC  gget L2 <- g3   (_get_char) */
    0x00038041,                /* 02ED  move L3 <- P0 */
    0x00040041,                /* 02EE  move L4 <- L0 */
    0x000202A0, 0x00010000,    /* 02EF  call base=L2 argc=2 nres=1 */
    0x00010241,                /* 02F1  move L1 <- L2 */
    0x004F0345,                /* 02F2  lsym L3 <- sym#79   ("EOF") */
    0x0002008F, 0x00010003,    /* 02F3  eq L2 <- L1 == L3 */
    0x0005024C,                /* 02F5  jt L2, +5 */
    0x001E0342,                /* 02F6  gget L3 <- g30   (is_digit) */
    0x00040141,                /* 02F7  move L4 <- L1 */
    0x000301A0, 0x00010000,    /* 02F8  call base=L3 argc=1 nres=1 */
    0x0002034A,                /* 02FA  not L2 <- L3 */
    0x0002024B,                /* 02FB  jf L2, +2 */
    0x00020003,                /* 02FC  lnil L2 */
    0x00020102,                /* 02FD  return L2 count=1 */
    0x004F0345,                /* 02FE  lsym L3 <- sym#79   ("EOF") */
    0x00020090, 0x00010003,    /* 02FF  ne L2 <- L1 != L3 */
    0x0009024B,                /* 0301  jf L2, +9 */
    0x001E0342,                /* 0302  gget L3 <- g30   (is_digit) */
    0x00040141,                /* 0303  move L4 <- L1 */
    0x000301A0, 0x00010000,    /* 0304  call base=L3 argc=1 nres=1 */
    0x00020341,                /* 0306  move L2 <- L3 */
    0x0003024C,                /* 0307  jt L2, +3 */
    0x00035F40,                /* 0308  i8 L3 <- 95 */
    0x0002008F, 0x00010003,    /* 0309  eq L2 <- L1 == L3 */
    0x000A024B,                /* 030B  jf L2, +10 */
    0x00020140,                /* 030C  i8 L2 <- 1 */
    0x00000085, 0x00000002,    /* 030D  add L0 <- L0 + L2 */
    0x00030242,                /* 030F  gget L2 <- g3   (_get_char) */
    0x00038041,                /* 0310  move L3 <- P0 */
    0x00040041,                /* 0311  move L4 <- L0 */
    0x000202A0, 0x00010000,    /* 0312  call base=L2 argc=2 nres=1 */
    0x00010241,                /* 0314  move L1 <- L2 */
    0xFFE8004F,                /* 0315  jmp -24 */
    0x00000102,                /* 0316  return L0 count=1 */
    0x00008141,                /* 0317  move L0 <- P1 */
    0x00030242,                /* 0318  gget L2 <- g3   (_get_char) */
    0x00038041,                /* 0319  move L3 <- P0 */
    0x00040041,                /* 031A  move L4 <- L0 */
    0x000202A0, 0x00010000,    /* 031B  call base=L2 argc=2 nres=1 */
    0x00010241,                /* 031D  move L1 <- L2 */
    0x004F0345,                /* 031E  lsym L3 <- sym#79   ("EOF") */
    0x0002008F, 0x00010003,    /* 031F  eq L2 <- L1 == L3 */
    0x0005024C,                /* 0321  jt L2, +5 */
    0x001F0342,                /* 0322  gget L3 <- g31   (is_hexdigit) */
    0x00040141,                /* 0323  move L4 <- L1 */
    0x000301A0, 0x00010000,    /* 0324  call base=L3 argc=1 nres=1 */
    0x0002034A,                /* 0326  not L2 <- L3 */
    0x0002024B,                /* 0327  jf L2, +2 */
    0x00020003,                /* 0328  lnil L2 */
    0x00020102,                /* 0329  return L2 count=1 */
    0x004F0345,                /* 032A  lsym L3 <- sym#79   ("EOF") */
    0x0004008F, 0x00010003,    /* 032B  eq L4 <- L1 == L3 */
    0x0002044A,                /* 032D  not L2 <- L4 */
    0x0009024B,                /* 032E  jf L2, +9 */
    0x001F0342,                /* 032F  gget L3 <- g31   (is_hexdigit) */
    0x00040141,                /* 0330  move L4 <- L1 */
    0x000301A0, 0x00010000,    /* 0331  call base=L3 argc=1 nres=1 */
    0x00020341,                /* 0333  move L2 <- L3 */
    0x0003024C,                /* 0334  jt L2, +3 */
    0x00035F40,                /* 0335  i8 L3 <- 95 */
    0x0002008F, 0x00010003,    /* 0336  eq L2 <- L1 == L3 */
    0x000A024B,                /* 0338  jf L2, +10 */
    0x00020140,                /* 0339  i8 L2 <- 1 */
    0x00000085, 0x00000002,    /* 033A  add L0 <- L0 + L2 */
    0x00030242,                /* 033C  gget L2 <- g3   (_get_char) */
    0x00038041,                /* 033D  move L3 <- P0 */
    0x00040041,                /* 033E  move L4 <- L0 */
    0x000202A0, 0x00010000,    /* 033F  call base=L2 argc=2 nres=1 */
    0x00010241,                /* 0341  move L1 <- L2 */
    0xFFE7004F,                /* 0342  jmp -25 */
    0x00000102,                /* 0343  return L0 count=1 */
    0x00008141,                /* 0344  move L0 <- P1 */
    0x00030242,                /* 0345  gget L2 <- g3   (_get_char) */
    0x00038041,                /* 0346  move L3 <- P0 */
    0x00040041,                /* 0347  move L4 <- L0 */
    0x000202A0, 0x00010000,    /* 0348  call base=L2 argc=2 nres=1 */
    0x00010241,                /* 034A  move L1 <- L2 */
    0x004F0345,                /* 034B  lsym L3 <- sym#79   ("EOF") */
    0x0002008F, 0x00010003,    /* 034C  eq L2 <- L1 == L3 */
    0x0005024C,                /* 034E  jt L2, +5 */
    0x00200342,                /* 034F  gget L3 <- g32   (is_bindigit) */
    0x00040141,                /* 0350  move L4 <- L1 */
    0x000301A0, 0x00010000,    /* 0351  call base=L3 argc=1 nres=1 */
    0x0002034A,                /* 0353  not L2 <- L3 */
    0x0002024B,                /* 0354  jf L2, +2 */
    0x00020003,                /* 0355  lnil L2 */
    0x00020102,                /* 0356  return L2 count=1 */
    0x004F0345,                /* 0357  lsym L3 <- sym#79   ("EOF") */
    0x00020090, 0x00010003,    /* 0358  ne L2 <- L1 != L3 */
    0x0009024B,                /* 035A  jf L2, +9 */
    0x00200342,                /* 035B  gget L3 <- g32   (is_bindigit) */
    0x00040141,                /* 035C  move L4 <- L1 */
    0x000301A0, 0x00010000,    /* 035D  call base=L3 argc=1 nres=1 */
    0x00020341,                /* 035F  move L2 <- L3 */
    0x0003024C,                /* 0360  jt L2, +3 */
    0x00035F40,                /* 0361  i8 L3 <- 95 */
    0x0002008F, 0x00010003,    /* 0362  eq L2 <- L1 == L3 */
    0x000A024B,                /* 0364  jf L2, +10 */
    0x00020140,                /* 0365  i8 L2 <- 1 */
    0x00000085, 0x00000002,    /* 0366  add L0 <- L0 + L2 */
    0x00030242,                /* 0368  gget L2 <- g3   (_get_char) */
    0x00038041,                /* 0369  move L3 <- P0 */
    0x00040041,                /* 036A  move L4 <- L0 */
    0x000202A0, 0x00010000,    /* 036B  call base=L2 argc=2 nres=1 */
    0x00010241,                /* 036D  move L1 <- L2 */
    0xFFE8004F,                /* 036E  jmp -24 */
    0x00000102,                /* 036F  return L0 count=1 */
    0x00008141,                /* 0370  move L0 <- P1 */
    0x00030242,                /* 0371  gget L2 <- g3   (_get_char) */
    0x00038041,                /* 0372  move L3 <- P0 */
    0x00040041,                /* 0373  move L4 <- L0 */
    0x000202A0, 0x00010000,    /* 0374  call base=L2 argc=2 nres=1 */
    0x00010241,                /* 0376  move L1 <- L2 */
    0x00036540,                /* 0377  i8 L3 <- 101 */
    0x00020090, 0x00010003,    /* 0378  ne L2 <- L1 != L3 */
    0x0003024B,                /* 037A  jf L2, +3 */
    0x00034540,                /* 037B  i8 L3 <- 69 */
    0x00020090, 0x00010003,    /* 037C  ne L2 <- L1 != L3 */
    0x0002024B,                /* 037E  jf L2, +2 */
    0x00020003,                /* 037F  lnil L2 */
    0x00020102,                /* 0380  return L2 count=1 */
    0x00020140,                /* 0381  i8 L2 <- 1 */
    0x00000085, 0x00000002,    /* 0382  add L0 <- L0 + L2 */
    0x00030242,                /* 0384  gget L2 <- g3   (_get_char) */
    0x00038041,                /* 0385  move L3 <- P0 */
    0x00040041,                /* 0386  move L4 <- L0 */
    0x000202A0, 0x00010000,    /* 0387  call base=L2 argc=2 nres=1 */
    0x00010241,                /* 0389  move L1 <- L2 */
    0x00032B40,                /* 038A  i8 L3 <- 43 */
    0x0002008F, 0x00010003,    /* 038B  eq L2 <- L1 == L3 */
    0x0003024C,                /* 038D  jt L2, +3 */
    0x00032D40,                /* 038E  i8 L3 <- 45 */
    0x0002008F, 0x00010003,    /* 038F  eq L2 <- L1 == L3 */
    0x0003024B,                /* 0391  jf L2, +3 */
    0x00020140,                /* 0392  i8 L2 <- 1 */
    0x00000085, 0x00000002,    /* 0393  add L0 <- L0 + L2 */
    0x00090242,                /* 0395  gget L2 <- g9   (_scan_digits) */
    0x00038041,                /* 0396  move L3 <- P0 */
    0x00040041,                /* 0397  move L4 <- L0 */
    0x000202A0, 0x00010000,    /* 0398  call base=L2 argc=2 nres=1 */
    0x00020102,                /* 039A  return L2 count=1 */
    0x00008141,                /* 039B  move L0 <- P1 */
    0x00030242,                /* 039C  gget L2 <- g3   (_get_char) */
    0x00038041,                /* 039D  move L3 <- P0 */
    0x00040041,                /* 039E  move L4 <- L0 */
    0x000202A0, 0x00010000,    /* 039F  call base=L2 argc=2 nres=1 */
    0x00010241,                /* 03A1  move L1 <- L2 */
    0x004F0345,                /* 03A2  lsym L3 <- sym#79   ("EOF") */
    0x0002008F, 0x00010003,    /* 03A3  eq L2 <- L1 == L3 */
    0x0005024C,                /* 03A5  jt L2, +5 */
    0x00210342,                /* 03A6  gget L3 <- g33   (is_xid_start) */
    0x00040141,                /* 03A7  move L4 <- L1 */
    0x000301A0, 0x00010000,    /* 03A8  call base=L3 argc=1 nres=1 */
    0x0002034A,                /* 03AA  not L2 <- L3 */
    0x0002024B,                /* 03AB  jf L2, +2 */
    0x00020003,                /* 03AC  lnil L2 */
    0x00020102,                /* 03AD  return L2 count=1 */
    0x00020140,                /* 03AE  i8 L2 <- 1 */
    0x00000085, 0x00000002,    /* 03AF  add L0 <- L0 + L2 */
    0x00030242,                /* 03B1  gget L2 <- g3   (_get_char) */
    0x00038041,                /* 03B2  move L3 <- P0 */
    0x00040041,                /* 03B3  move L4 <- L0 */
    0x000202A0, 0x00010000,    /* 03B4  call base=L2 argc=2 nres=1 */
    0x00010241,                /* 03B6  move L1 <- L2 */
    0x004F0345,                /* 03B7  lsym L3 <- sym#79   ("EOF") */
    0x00020090, 0x00010003,    /* 03B8  ne L2 <- L1 != L3 */
    0x0005024B,                /* 03BA  jf L2, +5 */
    0x00220342,                /* 03BB  gget L3 <- g34   (is_xid_continue) */
    0x00040141,                /* 03BC  move L4 <- L1 */
    0x000301A0, 0x00010000,    /* 03BD  call base=L3 argc=1 nres=1 */
    0x00020341,                /* 03BF  move L2 <- L3 */
    0x000A024B,                /* 03C0  jf L2, +10 */
    0x00020140,                /* 03C1  i8 L2 <- 1 */
    0x00000085, 0x00000002,    /* 03C2  add L0 <- L0 + L2 */
    0x00030242,                /* 03C4  gget L2 <- g3   (_get_char) */
    0x00038041,                /* 03C5  move L3 <- P0 */
    0x00040041,                /* 03C6  move L4 <- L0 */
    0x000202A0, 0x00010000,    /* 03C7  call base=L2 argc=2 nres=1 */
    0x00010241,                /* 03C9  move L1 <- L2 */
    0xFFEC004F,                /* 03CA  jmp -20 */
    0x00000102,                /* 03CB  return L0 count=1 */
    0x001A0442,                /* 03CC  gget L4 <- g26   (_OPERATOR_SYMBOLS) */
    0x000500AE, 0x00040000,    /* 03CD  iter L5 <- L4 */
    0x000000AF, 0x00050020,    /* 03CF  itnext L0 <- L5, done +32 */
    0x00230642,                /* 03D1  gget L6 <- g35   (len) */
    0x00070041,                /* 03D2  move L7 <- L0 */
    0x000601A0, 0x00010000,    /* 03D3  call base=L6 argc=1 nres=1 */
    0x00010641,                /* 03D5  move L1 <- L6 */
    0x00020040,                /* 03D6  i8 L2 <- 0 */
    0x00030104,                /* 03D7  lbool L3 <- 1 */
    0x00060091, 0x00020001,    /* 03D8  lt L6 <- L2 < L1 */
    0x0011064B,                /* 03DA  jf L6, +17 */
    0x00030642,                /* 03DB  gget L6 <- g3   (_get_char) */
    0x00078041,                /* 03DC  move L7 <- P0 */
    0x00080085, 0x80010002,    /* 03DD  add L8 <- P1 + L2 */
    0x000602A0, 0x00010000,    /* 03DF  call base=L6 argc=2 nres=1 */
    0x00070098, 0x00000002,    /* 03E1  getidx L7 <- L0[L2] */
    0x00080090, 0x00060007,    /* 03E3  ne L8 <- L6 != L7 */
    0x0002084B,                /* 03E5  jf L8, +2 */
    0x00030004,                /* 03E6  lbool L3 <- 0 */
    0x0004004F,                /* 03E7  jmp +4 */
    0x00060140,                /* 03E8  i8 L6 <- 1 */
    0x00020085, 0x00020006,    /* 03E9  add L2 <- L2 + L6 */
    0xFFEC004F,                /* 03EB  jmp -20 */
    0x0003034B,                /* 03EC  jf L3, +3 */
    0x00060085, 0x80010001,    /* 03ED  add L6 <- P1 + L1 */
    0x00060102,                /* 03EF  return L6 count=1 */
    0xFFDE004F,                /* 03F0  jmp -34 */
    0x00040003,                /* 03F1  lnil L4 */
    0x00040102,                /* 03F2  return L4 count=1 */
    0x00008141,                /* 03F3  move L0 <- P1 */
    0x000300AE, 0x80030000,    /* 03F4  iter L3 <- P3 */
    0x000100AF, 0x0003001A,    /* 03F6  itnext L1 <- L3, done +26 */
    0x00030442,                /* 03F8  gget L4 <- g3   (_get_char) */
    0x00058041,                /* 03F9  move L5 <- P0 */
    0x00060041,                /* 03FA  move L6 <- L0 */
    0x000402A0, 0x00010000,    /* 03FB  call base=L4 argc=2 nres=1 */
    0x00020441,                /* 03FD  move L2 <- L4 */
    0x00040140,                /* 03FE  i8 L4 <- 1 */
    0x00000085, 0x00000004,    /* 03FF  add L0 <- L0 + L4 */
    0x004F0545,                /* 0401  lsym L5 <- sym#79   ("EOF") */
    0x0004008F, 0x00020005,    /* 0402  eq L4 <- L2 == L5 */
    0x0001044B,                /* 0404  jf L4, +1 */
    0x00048241,                /* 0405  move L4 <- P2 */
    0x0005044B,                /* 0406  jf L4, +5 */
    0x00240442,                /* 0407  gget L4 <- g36   (error) */
    0x00390546,                /* 0408  lconst L5 <- static#57   ("unexpected stream end") */
    0x000401A0, 0x00010000,    /* 0409  call base=L4 argc=1 nres=1 */
    0x00040102,                /* 040B  return L4 count=1 */
    0x00040090, 0x00020001,    /* 040C  ne L4 <- L2 != L1 */
    0x0002044B,                /* 040E  jf L4, +2 */
    0x00040004,                /* 040F  lbool L4 <- 0 */
    0x00040102,                /* 0410  return L4 count=1 */
    0xFFE4004F,                /* 0411  jmp -28 */
    0x00030104,                /* 0412  lbool L3 <- 1 */
    0x00030102,                /* 0413  return L3 count=1 */
    0x00008141,                /* 0414  move L0 <- P1 */
    0x00030242,                /* 0415  gget L2 <- g3   (_get_char) */
    0x00038041,                /* 0416  move L3 <- P0 */
    0x00040041,                /* 0417  move L4 <- L0 */
    0x000202A0, 0x00010000,    /* 0418  call base=L2 argc=2 nres=1 */
    0x00010241,                /* 041A  move L1 <- L2 */
    0x00022840,                /* 041B  i8 L2 <- 40 */
    0x00030090, 0x00010002,    /* 041C  ne L3 <- L1 != L2 */
    0x001D034B,                /* 041E  jf L3, +29 */
    0x004F0345,                /* 041F  lsym L3 <- sym#79   ("EOF") */
    0x0002008F, 0x00010003,    /* 0420  eq L2 <- L1 == L3 */
    0x000C024C,                /* 0422  jt L2, +12 */
    0x00250442,                /* 0423  gget L4 <- g37   (is_alpha) */
    0x00050141,                /* 0424  move L5 <- L1 */
    0x000401A0, 0x00010000,    /* 0425  call base=L4 argc=1 nres=1 */
    0x00030441,                /* 0427  move L3 <- L4 */
    0x0005034C,                /* 0428  jt L3, +5 */
    0x001E0442,                /* 0429  gget L4 <- g30   (is_digit) */
    0x00050141,                /* 042A  move L5 <- L1 */
    0x000401A0, 0x00010000,    /* 042B  call base=L4 argc=1 nres=1 */
    0x00030441,                /* 042D  move L3 <- L4 */
    0x0002034A,                /* 042E  not L2 <- L3 */
    0x0002024B,                /* 042F  jf L2, +2 */
    0x00020003,                /* 0430  lnil L2 */
    0x00020102,                /* 0431  return L2 count=1 */
    0x00020140,                /* 0432  i8 L2 <- 1 */
    0x00000085, 0x00000002,    /* 0433  add L0 <- L0 + L2 */
    0x00030242,                /* 0435  gget L2 <- g3   (_get_char) */
    0x00038041,                /* 0436  move L3 <- P0 */
    0x00040041,                /* 0437  move L4 <- L0 */
    0x000202A0, 0x00010000,    /* 0438  call base=L2 argc=2 nres=1 */
    0x00010241,                /* 043A  move L1 <- L2 */
    0xFFDF004F,                /* 043B  jmp -33 */
    0x00000102,                /* 043C  return L0 count=1 */
    0x00008141,                /* 043D  move L0 <- P1 */
    0x00230542,                /* 043E  gget L5 <- g35   (len) */
    0x00068241,                /* 043F  move L6 <- P2 */
    0x000501A0, 0x00010000,    /* 0440  call base=L5 argc=1 nres=1 */
    0x00010541,                /* 0442  move L1 <- L5 */
    0x00230542,                /* 0443  gget L5 <- g35   (len) */
    0x00068041,                /* 0444  move L6 <- P0 */
    0x000501A0, 0x00010000,    /* 0445  call base=L5 argc=1 nres=1 */
    0x00020541,                /* 0447  move L2 <- L5 */
    0x00050085, 0x00000001,    /* 0448  add L5 <- L0 + L1 */
    0x00060092, 0x00050002,    /* 044A  le L6 <- L5 <= L2 */
    0x001C064B,                /* 044C  jf L6, +28 */
    0x00030040,                /* 044D  i8 L3 <- 0 */
    0x00040104,                /* 044E  lbool L4 <- 1 */
    0x00050091, 0x00030001,    /* 044F  lt L5 <- L3 < L1 */
    0x000F054B,                /* 0451  jf L5, +15 */
    0x00050085, 0x00000003,    /* 0452  add L5 <- L0 + L3 */
    0x00060098, 0x80000005,    /* 0454  getidx L6 <- P0[L5] */
    0x00070098, 0x80020003,    /* 0456  getidx L7 <- P2[L3] */
    0x00080090, 0x00060007,    /* 0458  ne L8 <- L6 != L7 */
    0x0002084B,                /* 045A  jf L8, +2 */
    0x00040004,                /* 045B  lbool L4 <- 0 */
    0x0004004F,                /* 045C  jmp +4 */
    0x00050140,                /* 045D  i8 L5 <- 1 */
    0x00030085, 0x00030005,    /* 045E  add L3 <- L3 + L5 */
    0xFFEE004F,                /* 0460  jmp -18 */
    0x0003044B,                /* 0461  jf L4, +3 */
    0x00050085, 0x00000001,    /* 0462  add L5 <- L0 + L1 */
    0x00050102,                /* 0464  return L5 count=1 */
    0x00050140,                /* 0465  i8 L5 <- 1 */
    0x00000085, 0x00000005,    /* 0466  add L0 <- L0 + L5 */
    0xFFDF004F,                /* 0468  jmp -33 */
    0x00050003,                /* 0469  lnil L5 */
    0x00050102,                /* 046A  return L5 count=1 */
    0x00100642,                /* 046B  gget L6 <- g16   (_scan_raw_string_tag) */
    0x00078041,                /* 046C  move L7 <- P0 */
    0x00088141,                /* 046D  move L8 <- P1 */
    0x000602A0, 0x00010000,    /* 046E  call base=L6 argc=2 nres=1 */
    0x00000641,                /* 0470  move L0 <- L6 */
    0x00060003,                /* 0471  lnil L6 */
    0x0007008F, 0x00000006,    /* 0472  eq L7 <- L0 == L6 */
    0x0002074B,                /* 0474  jf L7, +2 */
    0x00060003,                /* 0475  lnil L6 */
    0x00060102,                /* 0476  return L6 count=1 */
    0x00068041,                /* 0477  move L6 <- P0 */
    0x00078141,                /* 0478  move L7 <- P1 */
    0x00080086, 0x00008001,    /* 0479  sub L8 <- L0 - P1 */
    0x000602A2, 0x00000001,    /* 047B  msg base=L6 argc=2 msg#0 nres=1   (substr) */
    0x00010641,                /* 047D  move L1 <- L6 */
    0x003A0646,                /* 047E  lconst L6 <- static#58   (")") */
    0x00070085, 0x00060001,    /* 047F  add L7 <- L6 + L1 */
    0x003B0846,                /* 0481  lconst L8 <- static#59   ("\"") */
    0x00020085, 0x00070008,    /* 0482  add L2 <- L7 + L8 */
    0x00110642,                /* 0484  gget L6 <- g17   (_find_needle) */
    0x00078041,                /* 0485  move L7 <- P0 */
    0x00080140,                /* 0486  i8 L8 <- 1 */
    0x00090085, 0x00000008,    /* 0487  add L9 <- L0 + L8 */
    0x00080941,                /* 0489  move L8 <- L9 */
    0x00090241,                /* 048A  move L9 <- L2 */
    0x000603A0, 0x00010000,    /* 048B  call base=L6 argc=3 nres=1 */
    0x00030641,                /* 048D  move L3 <- L6 */
    0x00060003,                /* 048E  lnil L6 */
    0x0007008F, 0x00030006,    /* 048F  eq L7 <- L3 == L6 */
    0x0002074B,                /* 0491  jf L7, +2 */
    0x00060003,                /* 0492  lnil L6 */
    0x00060102,                /* 0493  return L6 count=1 */
    0x00060140,                /* 0494  i8 L6 <- 1 */
    0x00040085, 0x00000006,    /* 0495  add L4 <- L0 + L6 */
    0x00230642,                /* 0497  gget L6 <- g35   (len) */
    0x00070241,                /* 0498  move L7 <- L2 */
    0x000601A0, 0x00010000,    /* 0499  call base=L6 argc=1 nres=1 */
    0x00050086, 0x00030006,    /* 049B  sub L5 <- L3 - L6 */
    0x00060441,                /* 049D  move L6 <- L4 */
    0x00070541,                /* 049E  move L7 <- L5 */
    0x00080341,                /* 049F  move L8 <- L3 */
    0x00060302,                /* 04A0  return L6 count=3 */
    0x00018141,                /* 04A1  move L1 <- P1 */
    0x8000009B, 0x00500001,    /* 04A2  setattr P0.sym#80 <- L1   ("buffer") */
    0x00000003,                /* 04A4  lnil L0 */
    0x00010040,                /* 04A5  i8 L1 <- 0 */
    0x8000009B, 0x00510001,    /* 04A6  setattr P0.sym#81 <- L1   ("cur_pos") */
    0x00000102,                /* 04A8  return L0 count=1 */
    0x00000003,                /* 04A9  lnil L0 */
    0x00018141,                /* 04AA  move L1 <- P1 */
    0x8000009B, 0x00510001,    /* 04AB  setattr P0.sym#81 <- L1   ("cur_pos") */
    0x00000102,                /* 04AD  return L0 count=1 */
    0x0000009A, 0x80000051,    /* 04AE  getattr L0 <- P0.sym#81   ("cur_pos") */
    0x00018241,                /* 04B0  move L1 <- P2 */
    0x8000009B, 0x00510001,    /* 04B1  setattr P0.sym#81 <- L1   ("cur_pos") */
    0x00020142,                /* 04B3  gget L1 <- g2   (Token) */
    0x00028141,                /* 04B4  move L2 <- P1 */
    0x00030041,                /* 04B5  move L3 <- L0 */
    0x0004009A, 0x80000051,    /* 04B6  getattr L4 <- P0.sym#81   ("cur_pos") */
    0x000103A0, 0x00010000,    /* 04B8  call base=L1 argc=3 nres=1 */
    0x00010102,                /* 04BA  return L1 count=1 */
    0x00008441,                /* 04BB  move L0 <- P4 */
    0x8000009B, 0x00510000,    /* 04BC  setattr P0.sym#81 <- L0   ("cur_pos") */
    0x00020042,                /* 04BE  gget L0 <- g2   (Token) */
    0x00018141,                /* 04BF  move L1 <- P1 */
    0x00028241,                /* 04C0  move L2 <- P2 */
    0x00038341,                /* 04C1  move L3 <- P3 */
    0x000003A0, 0x00010000,    /* 04C2  call base=L0 argc=3 nres=1 */
    0x00000102,                /* 04C4  return L0 count=1 */
    0x00000005,                /* 04C5  lunset L0 */
    0x00030D42,                /* 04C6  gget L13 <- g3   (_get_char) */
    0x000E009A, 0x80000050,    /* 04C7  getattr L14 <- P0.sym#80   ("buffer") */
    0x000F009A, 0x80000051,    /* 04C9  getattr L15 <- P0.sym#81   ("cur_pos") */
    0x000D02A0, 0x00010000,    /* 04CB  call base=L13 argc=2 nres=1 */
    0x00010D41,                /* 04CD  move L1 <- L13 */
    0x00030D42,                /* 04CE  gget L13 <- g3   (_get_char) */
    0x000E009A, 0x80000050,    /* 04CF  getattr L14 <- P0.sym#80   ("buffer") */
    0x000F009A, 0x80000051,    /* 04D1  getattr L15 <- P0.sym#81   ("cur_pos") */
    0x00100140,                /* 04D3  i8 L16 <- 1 */
    0x00110085, 0x000F0010,    /* 04D4  add L17 <- L15 + L16 */
    0x000F1141,                /* 04D6  move L15 <- L17 */
    0x000D02A0, 0x00010000,    /* 04D7  call base=L13 argc=2 nres=1 */
    0x00020D41,                /* 04D9  move L2 <- L13 */
    0x00030D42,                /* 04DA  gget L13 <- g3   (_get_char) */
    0x000E009A, 0x80000050,    /* 04DB  getattr L14 <- P0.sym#80   ("buffer") */
    0x000F009A, 0x80000051,    /* 04DD  getattr L15 <- P0.sym#81   ("cur_pos") */
    0x00100240,                /* 04DF  i8 L16 <- 2 */
    0x00110085, 0x000F0010,    /* 04E0  add L17 <- L15 + L16 */
    0x000F1141,                /* 04E2  move L15 <- L17 */
    0x000D02A0, 0x00010000,    /* 04E3  call base=L13 argc=2 nres=1 */
    0x00030D41,                /* 04E5  move L3 <- L13 */
    0x004F0D45,                /* 04E6  lsym L13 <- sym#79   ("EOF") */
    0x000E008F, 0x0001000D,    /* 04E7  eq L14 <- L1 == L13 */
    0x00090E4B,                /* 04E9  jf L14, +9 */
    0x00020D42,                /* 04EA  gget L13 <- g2   (Token) */
    0x00550E45,                /* 04EB  lsym L14 <- sym#85   ("TOK_END") */
    0x000F009A, 0x80000051,    /* 04EC  getattr L15 <- P0.sym#81   ("cur_pos") */
    0x0010009A, 0x80000051,    /* 04EE  getattr L16 <- P0.sym#81   ("cur_pos") */
    0x000D03A0, 0x00010000,    /* 04F0  call base=L13 argc=3 nres=1 */
    0x000D0102,                /* 04F2  return L13 count=1 */
    0x000D2340,                /* 04F3  i8 L13 <- 35 */
    0x000E008F, 0x0001000D,    /* 04F4  eq L14 <- L1 == L13 */
    0x00040E4B,                /* 04F6  jf L14, +4 */
    0x000D8041,                /* 04F7  move L13 <- P0 */
    0x000D00A2, 0x00010001,    /* 04F8  msg base=L13 argc=0 msg#1 nres=1   (_scan_comment) */
    0x000D0102,                /* 04FA  return L13 count=1 */
    0x000E0D40,                /* 04FB  i8 L14 <- 13 */
    0x000D008F, 0x0001000E,    /* 04FC  eq L13 <- L1 == L14 */
    0x00030D4B,                /* 04FE  jf L13, +3 */
    0x000E0A40,                /* 04FF  i8 L14 <- 10 */
    0x000D008F, 0x0002000E,    /* 0500  eq L13 <- L2 == L14 */
    0x000B0D4B,                /* 0502  jf L13, +11 */
    0x000D8041,                /* 0503  move L13 <- P0 */
    0x00570E45,                /* 0504  lsym L14 <- sym#87   ("TOK_NEWLINE") */
    0x000F009A, 0x80000051,    /* 0505  getattr L15 <- P0.sym#81   ("cur_pos") */
    0x00100240,                /* 0507  i8 L16 <- 2 */
    0x00110085, 0x000F0010,    /* 0508  add L17 <- L15 + L16 */
    0x000F1141,                /* 050A  move L15 <- L17 */
    0x000D02A2, 0x00020001,    /* 050B  msg base=L13 argc=2 msg#2 nres=1   (_advance_with_token) */
    0x000D0102,                /* 050D  return L13 count=1 */
    0x00040D42,                /* 050E  gget L13 <- g4   (_is_newline) */
    0x000E0141,                /* 050F  move L14 <- L1 */
    0x000D01A0, 0x00010000,    /* 0510  call base=L13 argc=1 nres=1 */
    0x000B0D4B,                /* 0512  jf L13, +11 */
    0x000D8041,                /* 0513  move L13 <- P0 */
    0x00570E45,                /* 0514  lsym L14 <- sym#87   ("TOK_NEWLINE") */
    0x000F009A, 0x80000051,    /* 0515  getattr L15 <- P0.sym#81   ("cur_pos") */
    0x00100140,                /* 0517  i8 L16 <- 1 */
    0x00110085, 0x000F0010,    /* 0518  add L17 <- L15 + L16 */
    0x000F1141,                /* 051A  move L15 <- L17 */
    0x000D02A2, 0x00020001,    /* 051B  msg base=L13 argc=2 msg#2 nres=1   (_advance_with_token) */
    0x000D0102,                /* 051D  return L13 count=1 */
    0x000E5C40,                /* 051E  i8 L14 <- 92 */
    0x000D008F, 0x0001000E,    /* 051F  eq L13 <- L1 == L14 */
    0x00050D4B,                /* 0521  jf L13, +5 */
    0x00040E42,                /* 0522  gget L14 <- g4   (_is_newline) */
    0x000F0241,                /* 0523  move L15 <- L2 */
    0x000E01A0, 0x00010000,    /* 0524  call base=L14 argc=1 nres=1 */
    0x000D0E41,                /* 0526  move L13 <- L14 */
    0x00050D4C,                /* 0527  jt L13, +5 */
    0x001D0E42,                /* 0528  gget L14 <- g29   (is_space) */
    0x000F0141,                /* 0529  move L15 <- L1 */
    0x000E01A0, 0x00010000,    /* 052A  call base=L14 argc=1 nres=1 */
    0x000D0E41,                /* 052C  move L13 <- L14 */
    0x000C0D4B,                /* 052D  jf L13, +12 */
    0x000D8041,                /* 052E  move L13 <- P0 */
    0x00580E45,                /* 052F  lsym L14 <- sym#88   ("TOK_WS") */
    0x00080F42,                /* 0530  gget L15 <- g8   (_find_end_whitespace) */
    0x0010009A, 0x80000050,    /* 0531  getattr L16 <- P0.sym#80   ("buffer") */
    0x0011009A, 0x80000051,    /* 0533  getattr L17 <- P0.sym#81   ("cur_pos") */
    0x000F02A0, 0x00010000,    /* 0535  call base=L15 argc=2 nres=1 */
    0x000D02A2, 0x00020001,    /* 0537  msg base=L13 argc=2 msg#2 nres=1   (_advance_with_token) */
    0x000D0102,                /* 0539  return L13 count=1 */
    0x000D2740,                /* 053A  i8 L13 <- 39 */
    0x000E008F, 0x0001000D,    /* 053B  eq L14 <- L1 == L13 */
    0x00390E4B,                /* 053D  jf L14, +57 */
    0x000D009A, 0x80000051,    /* 053E  getattr L13 <- P0.sym#81   ("cur_pos") */
    0x000E0140,                /* 0540  i8 L14 <- 1 */
    0x00040085, 0x000D000E,    /* 0541  add L4 <- L13 + L14 */
    0x000D0D42,                /* 0543  gget L13 <- g13   (_scan_xid) */
    0x000E009A, 0x80000050,    /* 0544  getattr L14 <- P0.sym#80   ("buffer") */
    0x000F0441,                /* 0546  move L15 <- L4 */
    0x000D02A0, 0x00010000,    /* 0547  call base=L13 argc=2 nres=1 */
    0x00050D41,                /* 0549  move L5 <- L13 */
    0x000D0003,                /* 054A  lnil L13 */
    0x000E0090, 0x0005000D,    /* 054B  ne L14 <- L5 != L13 */
    0x00080E4B,                /* 054D  jf L14, +8 */
    0x000D8041,                /* 054E  move L13 <- P0 */
    0x00590E45,                /* 054F  lsym L14 <- sym#89   ("TOK_LITERAL_SYM") */
    0x000F0441,                /* 0550  move L15 <- L4 */
    0x00100541,                /* 0551  move L16 <- L5 */
    0x00110541,                /* 0552  move L17 <- L5 */
    0x000D04A2, 0x00030001,    /* 0553  msg base=L13 argc=4 msg#3 nres=1   (_advance_with_token_span) */
    0x000D0102,                /* 0555  return L13 count=1 */
    0x000E0D42,                /* 0556  gget L13 <- g14   (_scan_operator_symbol) */
    0x000E009A, 0x80000050,    /* 0557  getattr L14 <- P0.sym#80   ("buffer") */
    0x000F0441,                /* 0559  move L15 <- L4 */
    0x000D02A0, 0x00010000,    /* 055A  call base=L13 argc=2 nres=1 */
    0x00060D41,                /* 055C  move L6 <- L13 */
    0x000D0003,                /* 055D  lnil L13 */
    0x000E0090, 0x0006000D,    /* 055E  ne L14 <- L6 != L13 */
    0x00080E4B,                /* 0560  jf L14, +8 */
    0x000D8041,                /* 0561  move L13 <- P0 */
    0x00590E45,                /* 0562  lsym L14 <- sym#89   ("TOK_LITERAL_SYM") */
    0x000F0441,                /* 0563  move L15 <- L4 */
    0x00100641,                /* 0564  move L16 <- L6 */
    0x00110641,                /* 0565  move L17 <- L6 */
    0x000D04A2, 0x00030001,    /* 0566  msg base=L13 argc=4 msg#3 nres=1   (_advance_with_token_span) */
    0x000D0102,                /* 0568  return L13 count=1 */
    0x000D8041,                /* 0569  move L13 <- P0 */
    0x00240E42,                /* 056A  gget L14 <- g36   (error) */
    0x003C0F46,                /* 056B  lconst L15 <- static#60   ("bad symbol literal") */
    0x000E01A0, 0x00010000,    /* 056C  call base=L14 argc=1 nres=1 */
    0x000F009A, 0x80000051,    /* 056E  getattr L15 <- P0.sym#81   ("cur_pos") */
    0x00100140,                /* 0570  i8 L16 <- 1 */
    0x00110085, 0x000F0010,    /* 0571  add L17 <- L15 + L16 */
    0x000F1141,                /* 0573  move L15 <- L17 */
    0x000D02A2, 0x00020001,    /* 0574  msg base=L13 argc=2 msg#2 nres=1   (_advance_with_token) */
    0x000D0102,                /* 0576  return L13 count=1 */
    0x000E5240,                /* 0577  i8 L14 <- 82 */
    0x000D008F, 0x0001000E,    /* 0578  eq L13 <- L1 == L14 */
    0x00030D4B,                /* 057A  jf L13, +3 */
    0x000E2240,                /* 057B  i8 L14 <- 34 */
    0x000D008F, 0x0002000E,    /* 057C  eq L13 <- L2 == L14 */
    0x00210D4B,                /* 057E  jf L13, +33 */
    0x00120D42,                /* 057F  gget L13 <- g18   (_scan_raw_string) */
    0x000E009A, 0x80000050,    /* 0580  getattr L14 <- P0.sym#80   ("buffer") */
    0x000F009A, 0x80000051,    /* 0582  getattr L15 <- P0.sym#81   ("cur_pos") */
    0x00100240,                /* 0584  i8 L16 <- 2 */
    0x00110085, 0x000F0010,    /* 0585  add L17 <- L15 + L16 */
    0x000F1141,                /* 0587  move L15 <- L17 */
    0x000D02A0, 0x00010000,    /* 0588  call base=L13 argc=2 nres=1 */
    0x00070D41,                /* 058A  move L7 <- L13 */
    0x000D0003,                /* 058B  lnil L13 */
    0x000E0090, 0x0007000D,    /* 058C  ne L14 <- L7 != L13 */
    0x00110E4B,                /* 058E  jf L14, +17 */
    0x000D8041,                /* 058F  move L13 <- P0 */
    0x005A0E45,                /* 0590  lsym L14 <- sym#90   ("TOK_STR") */
    0x000F0040,                /* 0591  i8 L15 <- 0 */
    0x00100098, 0x0007000F,    /* 0592  getidx L16 <- L7[L15] */
    0x000F1041,                /* 0594  move L15 <- L16 */
    0x00100140,                /* 0595  i8 L16 <- 1 */
    0x00110098, 0x00070010,    /* 0596  getidx L17 <- L7[L16] */
    0x00101141,                /* 0598  move L16 <- L17 */
    0x00110240,                /* 0599  i8 L17 <- 2 */
    0x00120098, 0x00070011,    /* 059A  getidx L18 <- L7[L17] */
    0x00111241,                /* 059C  move L17 <- L18 */
    0x000D04A2, 0x00030001,    /* 059D  msg base=L13 argc=4 msg#3 nres=1   (_advance_with_token_span) */
    0x000D0102,                /* 059F  return L13 count=1 */
    0x000E2240,                /* 05A0  i8 L14 <- 34 */
    0x000D008F, 0x0001000E,    /* 05A1  eq L13 <- L1 == L14 */
    0x00070D4B,                /* 05A3  jf L13, +7 */
    0x000E2240,                /* 05A4  i8 L14 <- 34 */
    0x000D008F, 0x0002000E,    /* 05A5  eq L13 <- L2 == L14 */
    0x00030D4B,                /* 05A7  jf L13, +3 */
    0x000E2240,                /* 05A8  i8 L14 <- 34 */
    0x000D008F, 0x0003000E,    /* 05A9  eq L13 <- L3 == L14 */
    0x00110D4B,                /* 05AB  jf L13, +17 */
    0x000D8041,                /* 05AC  move L13 <- P0 */
    0x000E009A, 0x80000051,    /* 05AD  getattr L14 <- P0.sym#81   ("cur_pos") */
    0x000F0340,                /* 05AF  i8 L15 <- 3 */
    0x00100085, 0x000E000F,    /* 05B0  add L16 <- L14 + L15 */
    0x000E1041,                /* 05B2  move L14 <- L16 */
    0x000F0004,                /* 05B3  lbool L15 <- 0 */
    0x00102240,                /* 05B4  i8 L16 <- 34 */
    0x00112240,                /* 05B5  i8 L17 <- 34 */
    0x00122240,                /* 05B6  i8 L18 <- 34 */
    0x00130381, 0x00100000,    /* 05B7  tuple L19 <- L16, 3 items */
    0x00101341,                /* 05B9  move L16 <- L19 */
    0x000D03A2, 0x00040001,    /* 05BA  msg base=L13 argc=3 msg#4 nres=1   (_scan_finish_str) */
    0x000D0102,                /* 05BC  return L13 count=1 */
    0x000D2240,                /* 05BD  i8 L13 <- 34 */
    0x000E008F, 0x0001000D,    /* 05BE  eq L14 <- L1 == L13 */
    0x000F0E4B,                /* 05C0  jf L14, +15 */
    0x000D8041,                /* 05C1  move L13 <- P0 */
    0x000E009A, 0x80000051,    /* 05C2  getattr L14 <- P0.sym#81   ("cur_pos") */
    0x000F0140,                /* 05C4  i8 L15 <- 1 */
    0x00100085, 0x000E000F,    /* 05C5  add L16 <- L14 + L15 */
    0x000E1041,                /* 05C7  move L14 <- L16 */
    0x000F0104,                /* 05C8  lbool L15 <- 1 */
    0x00102240,                /* 05C9  i8 L16 <- 34 */
    0x00110181, 0x00100000,    /* 05CA  tuple L17 <- L16, 1 items */
    0x00101141,                /* 05CC  move L16 <- L17 */
    0x000D03A2, 0x00040001,    /* 05CD  msg base=L13 argc=3 msg#4 nres=1   (_scan_finish_str) */
    0x000D0102,                /* 05CF  return L13 count=1 */
    0x004F0E45,                /* 05D0  lsym L14 <- sym#79   ("EOF") */
    0x000D0090, 0x0002000E,    /* 05D1  ne L13 <- L2 != L14 */
    0x00030D4B,                /* 05D3  jf L13, +3 */
    0x004F0E45,                /* 05D4  lsym L14 <- sym#79   ("EOF") */
    0x000D0090, 0x0003000E,    /* 05D5  ne L13 <- L3 != L14 */
    0x00260D4B,                /* 05D7  jf L13, +38 */
    0x00160D42,                /* 05D8  gget L13 <- g22   (_TRIPLE_CHARS) */
    0x000E00AE, 0x000D0000,    /* 05D9  iter L14 <- L13 */
    0x000800AF, 0x000E0021,    /* 05DB  itnext L8 <- L14, done +33 */
    0x00100140,                /* 05DD  i8 L16 <- 1 */
    0x00110098, 0x00080010,    /* 05DE  getidx L17 <- L8[L16] */
    0x000F008F, 0x00010011,    /* 05E0  eq L15 <- L1 == L17 */
    0x000B0F4B,                /* 05E2  jf L15, +11 */
    0x00100240,                /* 05E3  i8 L16 <- 2 */
    0x00110098, 0x00080010,    /* 05E4  getidx L17 <- L8[L16] */
    0x000F008F, 0x00020011,    /* 05E6  eq L15 <- L2 == L17 */
    0x00050F4B,                /* 05E8  jf L15, +5 */
    0x00100340,                /* 05E9  i8 L16 <- 3 */
    0x00110098, 0x00080010,    /* 05EA  getidx L17 <- L8[L16] */
    0x000F008F, 0x00030011,    /* 05EC  eq L15 <- L3 == L17 */
    0x000E0F4B,                /* 05EE  jf L15, +14 */
    0x000F8041,                /* 05EF  move L15 <- P0 */
    0x00100040,                /* 05F0  i8 L16 <- 0 */
    0x00110098, 0x00080010,    /* 05F1  getidx L17 <- L8[L16] */
    0x00101141,                /* 05F3  move L16 <- L17 */
    0x0011009A, 0x80000051,    /* 05F4  getattr L17 <- P0.sym#81   ("cur_pos") */
    0x00120340,                /* 05F6  i8 L18 <- 3 */
    0x00130085, 0x00110012,    /* 05F7  add L19 <- L17 + L18 */
    0x00111341,                /* 05F9  move L17 <- L19 */
    0x000F02A2, 0x00020001,    /* 05FA  msg base=L15 argc=2 msg#2 nres=1   (_advance_with_token) */
    0x000F0102,                /* 05FC  return L15 count=1 */
    0xFFDD004F,                /* 05FD  jmp -35 */
    0x004F0D45,                /* 05FE  lsym L13 <- sym#79   ("EOF") */
    0x000E0090, 0x0002000D,    /* 05FF  ne L14 <- L2 != L13 */
    0x00200E4B,                /* 0601  jf L14, +32 */
    0x00170D42,                /* 0602  gget L13 <- g23   (_DUAL_CHARS) */
    0x000E00AE, 0x000D0000,    /* 0603  iter L14 <- L13 */
    0x000900AF, 0x000E001B,    /* 0605  itnext L9 <- L14, done +27 */
    0x00100140,                /* 0607  i8 L16 <- 1 */
    0x00110098, 0x00090010,    /* 0608  getidx L17 <- L9[L16] */
    0x000F008F, 0x00010011,    /* 060A  eq L15 <- L1 == L17 */
    0x00050F4B,                /* 060C  jf L15, +5 */
    0x00100240,                /* 060D  i8 L16 <- 2 */
    0x00110098, 0x00090010,    /* 060E  getidx L17 <- L9[L16] */
    0x000F008F, 0x00020011,    /* 0610  eq L15 <- L2 == L17 */
    0x000E0F4B,                /* 0612  jf L15, +14 */
    0x000F8041,                /* 0613  move L15 <- P0 */
    0x00100040,                /* 0614  i8 L16 <- 0 */
    0x00110098, 0x00090010,    /* 0615  getidx L17 <- L9[L16] */
    0x00101141,                /* 0617  move L16 <- L17 */
    0x0011009A, 0x80000051,    /* 0618  getattr L17 <- P0.sym#81   ("cur_pos") */
    0x00120240,                /* 061A  i8 L18 <- 2 */
    0x00130085, 0x00110012,    /* 061B  add L19 <- L17 + L18 */
    0x00111341,                /* 061D  move L17 <- L19 */
    0x000F02A2, 0x00020001,    /* 061E  msg base=L15 argc=2 msg#2 nres=1   (_advance_with_token) */
    0x000F0102,                /* 0620  return L15 count=1 */
    0xFFE3004F,                /* 0621  jmp -29 */
    0x00180D42,                /* 0622  gget L13 <- g24   (_S_CHARS) */
    0x000E00AE, 0x000D0000,    /* 0623  iter L14 <- L13 */
    0x000A00AF, 0x000E0015,    /* 0625  itnext L10 <- L14, done +21 */
    0x000F0140,                /* 0627  i8 L15 <- 1 */
    0x00100098, 0x000A000F,    /* 0628  getidx L16 <- L10[L15] */
    0x0011008F, 0x00010010,    /* 062A  eq L17 <- L1 == L16 */
    0x000E114B,                /* 062C  jf L17, +14 */
    0x000F8041,                /* 062D  move L15 <- P0 */
    0x00100040,                /* 062E  i8 L16 <- 0 */
    0x00110098, 0x000A0010,    /* 062F  getidx L17 <- L10[L16] */
    0x00101141,                /* 0631  move L16 <- L17 */
    0x0011009A, 0x80000051,    /* 0632  getattr L17 <- P0.sym#81   ("cur_pos") */
    0x00120140,                /* 0634  i8 L18 <- 1 */
    0x00130085, 0x00110012,    /* 0635  add L19 <- L17 + L18 */
    0x00111341,                /* 0637  move L17 <- L19 */
    0x000F02A2, 0x00020001,    /* 0638  msg base=L15 argc=2 msg#2 nres=1   (_advance_with_token) */
    0x000F0102,                /* 063A  return L15 count=1 */
    0xFFE9004F,                /* 063B  jmp -23 */
    0x000D5C40,                /* 063C  i8 L13 <- 92 */
    0x000E008F, 0x0001000D,    /* 063D  eq L14 <- L1 == L13 */
    0x004A0E4B,                /* 063F  jf L14, +74 */
    0x004F0D45,                /* 0640  lsym L13 <- sym#79   ("EOF") */
    0x000E008F, 0x0002000D,    /* 0641  eq L14 <- L2 == L13 */
    0x000D0E4B,                /* 0643  jf L14, +13 */
    0x000D8041,                /* 0644  move L13 <- P0 */
    0x00240E42,                /* 0645  gget L14 <- g36   (error) */
    0x003D0F46,                /* 0646  lconst L15 <- static#61   ("eof in character literal") */
    0x000E01A0, 0x00010000,    /* 0647  call base=L14 argc=1 nres=1 */
    0x00230F42,                /* 0649  gget L15 <- g35   (len) */
    0x0010009A, 0x80000050,    /* 064A  getattr L16 <- P0.sym#80   ("buffer") */
    0x000F01A0, 0x00010000,    /* 064C  call base=L15 argc=1 nres=1 */
    0x000D02A2, 0x00020001,    /* 064E  msg base=L13 argc=2 msg#2 nres=1   (_advance_with_token) */
    0x000D0102,                /* 0650  return L13 count=1 */
    0x000D009A, 0x80000051,    /* 0651  getattr L13 <- P0.sym#81   ("cur_pos") */
    0x000E0240,                /* 0653  i8 L14 <- 2 */
    0x000B0085, 0x000D000E,    /* 0654  add L11 <- L13 + L14 */
    0x00260E42,                /* 0656  gget L14 <- g38   (is_cntrl) */
    0x000F0241,                /* 0657  move L15 <- L2 */
    0x000E01A0, 0x00010000,    /* 0658  call base=L14 argc=1 nres=1 */
    0x000D0E41,                /* 065A  move L13 <- L14 */
    0x00050D4C,                /* 065B  jt L13, +5 */
    0x001D0E42,                /* 065C  gget L14 <- g29   (is_space) */
    0x000F0241,                /* 065D  move L15 <- L2 */
    0x000E01A0, 0x00010000,    /* 065E  call base=L14 argc=1 nres=1 */
    0x000D0E41,                /* 0660  move L13 <- L14 */
    0x00090D4B,                /* 0661  jf L13, +9 */
    0x000D8041,                /* 0662  move L13 <- P0 */
    0x00240E42,                /* 0663  gget L14 <- g36   (error) */
    0x003E0F46,                /* 0664  lconst L15 <- static#62   ("unexpected character in character literal") */
    0x000E01A0, 0x00010000,    /* 0665  call base=L14 argc=1 nres=1 */
    0x000F0B41,                /* 0667  move L15 <- L11 */
    0x000D02A2, 0x00020001,    /* 0668  msg base=L13 argc=2 msg#2 nres=1   (_advance_with_token) */
    0x000D0102,                /* 066A  return L13 count=1 */
    0x000D0D42,                /* 066B  gget L13 <- g13   (_scan_xid) */
    0x000E009A, 0x80000050,    /* 066C  getattr L14 <- P0.sym#80   ("buffer") */
    0x000F009A, 0x80000051,    /* 066E  getattr L15 <- P0.sym#81   ("cur_pos") */
    0x00100140,                /* 0670  i8 L16 <- 1 */
    0x00110085, 0x000F0010,    /* 0671  add L17 <- L15 + L16 */
    0x000F1141,                /* 0673  move L15 <- L17 */
    0x000D02A0, 0x00010000,    /* 0674  call base=L13 argc=2 nres=1 */
    0x000C0D41,                /* 0676  move L12 <- L13 */
    0x000E0003,                /* 0677  lnil L14 */
    0x000D0090, 0x000C000E,    /* 0678  ne L13 <- L12 != L14 */
    0x00020D4B,                /* 067A  jf L13, +2 */
    0x000D0093, 0x000C000B,    /* 067B  gt L13 <- L12 > L11 */
    0x00060D4B,                /* 067D  jf L13, +6 */
    0x000D8041,                /* 067E  move L13 <- P0 */
    0x005C0E45,                /* 067F  lsym L14 <- sym#92   ("TOK_LITERAL_CHAR") */
    0x000F0C41,                /* 0680  move L15 <- L12 */
    0x000D02A2, 0x00020001,    /* 0681  msg base=L13 argc=2 msg#2 nres=1   (_advance_with_token) */
    0x000D0102,                /* 0683  return L13 count=1 */
    0x000D8041,                /* 0684  move L13 <- P0 */
    0x005C0E45,                /* 0685  lsym L14 <- sym#92   ("TOK_LITERAL_CHAR") */
    0x000F0B41,                /* 0686  move L15 <- L11 */
    0x000D02A2, 0x00020001,    /* 0687  msg base=L13 argc=2 msg#2 nres=1   (_advance_with_token) */
    0x000D0102,                /* 0689  return L13 count=1 */
    0x000D8041,                /* 068A  move L13 <- P0 */
    0x000D00A2, 0x00050001,    /* 068B  msg base=L13 argc=0 msg#5 nres=1   (_scan_number) */
    0x00000D41,                /* 068D  move L0 <- L13 */
    0x000D0003,                /* 068E  lnil L13 */
    0x000E0090, 0x0000000D,    /* 068F  ne L14 <- L0 != L13 */
    0x00010E4B,                /* 0691  jf L14, +1 */
    0x00000102,                /* 0692  return L0 count=1 */
    0x000D8041,                /* 0693  move L13 <- P0 */
    0x000D00A2, 0x00060001,    /* 0694  msg base=L13 argc=0 msg#6 nres=1   (_scan_xid_token) */
    0x00000D41,                /* 0696  move L0 <- L13 */
    0x000D0003,                /* 0697  lnil L13 */
    0x000E0090, 0x0000000D,    /* 0698  ne L14 <- L0 != L13 */
    0x00010E4B,                /* 069A  jf L14, +1 */
    0x00000102,                /* 069B  return L0 count=1 */
    0x000D8041,                /* 069C  move L13 <- P0 */
    0x00240E42,                /* 069D  gget L14 <- g36   (error) */
    0x003F0F46,                /* 069E  lconst L15 <- static#63   ("unexpected token") */
    0x000E01A0, 0x00010000,    /* 069F  call base=L14 argc=1 nres=1 */
    0x000F009A, 0x80000051,    /* 06A1  getattr L15 <- P0.sym#81   ("cur_pos") */
    0x00100140,                /* 06A3  i8 L16 <- 1 */
    0x00110085, 0x000F0010,    /* 06A4  add L17 <- L15 + L16 */
    0x000F1141,                /* 06A6  move L15 <- L17 */
    0x000D02A2, 0x00020001,    /* 06A7  msg base=L13 argc=2 msg#2 nres=1   (_advance_with_token) */
    0x000D0102,                /* 06A9  return L13 count=1 */
    0x0000009A, 0x80000051,    /* 06AA  getattr L0 <- P0.sym#81   ("cur_pos") */
    0x00030442,                /* 06AC  gget L4 <- g3   (_get_char) */
    0x0005009A, 0x80000050,    /* 06AD  getattr L5 <- P0.sym#80   ("buffer") */
    0x00060041,                /* 06AF  move L6 <- L0 */
    0x000402A0, 0x00010000,    /* 06B0  call base=L4 argc=2 nres=1 */
    0x00010441,                /* 06B2  move L1 <- L4 */
    0x004F0545,                /* 06B3  lsym L5 <- sym#79   ("EOF") */
    0x0004008F, 0x00010005,    /* 06B4  eq L4 <- L1 == L5 */
    0x0005044C,                /* 06B6  jt L4, +5 */
    0x00270542,                /* 06B7  gget L5 <- g39   (is_wy_xid_start) */
    0x00060141,                /* 06B8  move L6 <- L1 */
    0x000501A0, 0x00010000,    /* 06B9  call base=L5 argc=1 nres=1 */
    0x0004054A,                /* 06BB  not L4 <- L5 */
    0x0002044B,                /* 06BC  jf L4, +2 */
    0x00040003,                /* 06BD  lnil L4 */
    0x00040102,                /* 06BE  return L4 count=1 */
    0x00040140,                /* 06BF  i8 L4 <- 1 */
    0x00000085, 0x00000004,    /* 06C0  add L0 <- L0 + L4 */
    0x00030442,                /* 06C2  gget L4 <- g3   (_get_char) */
    0x0005009A, 0x80000050,    /* 06C3  getattr L5 <- P0.sym#80   ("buffer") */
    0x00060041,                /* 06C5  move L6 <- L0 */
    0x000402A0, 0x00010000,    /* 06C6  call base=L4 argc=2 nres=1 */
    0x00010441,                /* 06C8  move L1 <- L4 */
    0x004F0545,                /* 06C9  lsym L5 <- sym#79   ("EOF") */
    0x00040090, 0x00010005,    /* 06CA  ne L4 <- L1 != L5 */
    0x0005044B,                /* 06CC  jf L4, +5 */
    0x00280542,                /* 06CD  gget L5 <- g40   (is_wy_xid_continue) */
    0x00060141,                /* 06CE  move L6 <- L1 */
    0x000501A0, 0x00010000,    /* 06CF  call base=L5 argc=1 nres=1 */
    0x00040541,                /* 06D1  move L4 <- L5 */
    0x000B044B,                /* 06D2  jf L4, +11 */
    0x00040140,                /* 06D3  i8 L4 <- 1 */
    0x00000085, 0x00000004,    /* 06D4  add L0 <- L0 + L4 */
    0x00030442,                /* 06D6  gget L4 <- g3   (_get_char) */
    0x0005009A, 0x80000050,    /* 06D7  getattr L5 <- P0.sym#80   ("buffer") */
    0x00060041,                /* 06D9  move L6 <- L0 */
    0x000402A0, 0x00010000,    /* 06DA  call base=L4 argc=2 nres=1 */
    0x00010441,                /* 06DC  move L1 <- L4 */
    0xFFEB004F,                /* 06DD  jmp -21 */
    0x0004009A, 0x80000050,    /* 06DE  getattr L4 <- P0.sym#80   ("buffer") */
    0x0005009A, 0x80000051,    /* 06E0  getattr L5 <- P0.sym#81   ("cur_pos") */
    0x0006009A, 0x80000051,    /* 06E2  getattr L6 <- P0.sym#81   ("cur_pos") */
    0x00070086, 0x00000006,    /* 06E4  sub L7 <- L0 - L6 */
    0x00060741,                /* 06E6  move L6 <- L7 */
    0x000402A2, 0x00000001,    /* 06E7  msg base=L4 argc=2 msg#0 nres=1   (substr) */
    0x00020441,                /* 06E9  move L2 <- L4 */
    0x00010442,                /* 06EA  gget L4 <- g1   (_lookup_keyword) */
    0x00050241,                /* 06EB  move L5 <- L2 */
    0x000401A0, 0x00010000,    /* 06EC  call base=L4 argc=1 nres=1 */
    0x00030441,                /* 06EE  move L3 <- L4 */
    0x00040003,                /* 06EF  lnil L4 */
    0x00050090, 0x00030004,    /* 06F0  ne L5 <- L3 != L4 */
    0x0006054B,                /* 06F2  jf L5, +6 */
    0x00048041,                /* 06F3  move L4 <- P0 */
    0x00050341,                /* 06F4  move L5 <- L3 */
    0x00060041,                /* 06F5  move L6 <- L0 */
    0x000402A2, 0x00020001,    /* 06F6  msg base=L4 argc=2 msg#2 nres=1   (_advance_with_token) */
    0x00040102,                /* 06F8  return L4 count=1 */
    0x00048041,                /* 06F9  move L4 <- P0 */
    0x00600545,                /* 06FA  lsym L5 <- sym#96   ("TOK_XID") */
    0x00060041,                /* 06FB  move L6 <- L0 */
    0x000402A2, 0x00020001,    /* 06FC  msg base=L4 argc=2 msg#2 nres=1   (_advance_with_token) */
    0x00040102,                /* 06FE  return L4 count=1 */
    0x00008041,                /* 06FF  move L0 <- P0 */
    0x00610145,                /* 0700  lsym L1 <- sym#97   ("TOK_COMMENT") */
    0x00070242,                /* 0701  gget L2 <- g7   (_scan_to_eol_raw) */
    0x0003009A, 0x80000050,    /* 0702  getattr L3 <- P0.sym#80   ("buffer") */
    0x0004009A, 0x80000051,    /* 0704  getattr L4 <- P0.sym#81   ("cur_pos") */
    0x000202A0, 0x00010000,    /* 0706  call base=L2 argc=2 nres=1 */
    0x000002A2, 0x00020001,    /* 0708  msg base=L0 argc=2 msg#2 nres=1   (_advance_with_token) */
    0x00000102,                /* 070A  return L0 count=1 */
    0x00008141,                /* 070B  move L0 <- P1 */
    0x000F0442,                /* 070C  gget L4 <- g15   (_check_match) */
    0x0005009A, 0x80000050,    /* 070D  getattr L5 <- P0.sym#80   ("buffer") */
    0x00060041,                /* 070F  move L6 <- L0 */
    0x00070104,                /* 0710  lbool L7 <- 1 */
    0x00088341,                /* 0711  move L8 <- P3 */
    0x000404A0, 0x00010000,    /* 0712  call base=L4 argc=4 nres=1 */
    0x00010441,                /* 0714  move L1 <- L4 */
    0x00400546,                /* 0715  lconst L5 <- static#64   ("error") */
    0x00060097, 0x00010005,    /* 0716  is L6 <- L1 is L5 */
    0x0004064A,                /* 0718  not L4 <- L6 */
    0x0001044B,                /* 0719  jf L4, +1 */
    0x0004014A,                /* 071A  not L4 <- L1 */
    0x003B044B,                /* 071B  jf L4, +59 */
    0x00020003,                /* 071C  lnil L2 */
    0x00030442,                /* 071D  gget L4 <- g3   (_get_char) */
    0x0005009A, 0x80000050,    /* 071E  getattr L5 <- P0.sym#80   ("buffer") */
    0x00060041,                /* 0720  move L6 <- L0 */
    0x000402A0, 0x00010000,    /* 0721  call base=L4 argc=2 nres=1 */
    0x00030441,                /* 0723  move L3 <- L4 */
    0x00048241,                /* 0724  move L4 <- P2 */
    0x0005044B,                /* 0725  jf L4, +5 */
    0x00040542,                /* 0726  gget L5 <- g4   (_is_newline) */
    0x00060341,                /* 0727  move L6 <- L3 */
    0x000501A0, 0x00010000,    /* 0728  call base=L5 argc=1 nres=1 */
    0x00040541,                /* 072A  move L4 <- L5 */
    0x0009044B,                /* 072B  jf L4, +9 */
    0x00048041,                /* 072C  move L4 <- P0 */
    0x00240542,                /* 072D  gget L5 <- g36   (error) */
    0x00410646,                /* 072E  lconst L6 <- static#65   ("unexpected end-of-line within string") */
    0x000501A0, 0x00010000,    /* 072F  call base=L5 argc=1 nres=1 */
    0x00060041,                /* 0731  move L6 <- L0 */
    0x000402A2, 0x00020001,    /* 0732  msg base=L4 argc=2 msg#2 nres=1   (_advance_with_token) */
    0x00040102,                /* 0734  return L4 count=1 */
    0x00045C40,                /* 0735  i8 L4 <- 92 */
    0x0005008F, 0x00030004,    /* 0736  eq L5 <- L3 == L4 */
    0x0011054B,                /* 0738  jf L5, +17 */
    0x00050442,                /* 0739  gget L4 <- g5   (_scan_escape_nl_break) */
    0x0005009A, 0x80000050,    /* 073A  getattr L5 <- P0.sym#80   ("buffer") */
    0x00060041,                /* 073C  move L6 <- L0 */
    0x000402A0, 0x00010000,    /* 073D  call base=L4 argc=2 nres=1 */
    0x00020441,                /* 073F  move L2 <- L4 */
    0x00040003,                /* 0740  lnil L4 */
    0x00050090, 0x00020004,    /* 0741  ne L5 <- L2 != L4 */
    0x0002054B,                /* 0743  jf L5, +2 */
    0x00000241,                /* 0744  move L0 <- L2 */
    0x0003004F,                /* 0745  jmp +3 */
    0x00040240,                /* 0746  i8 L4 <- 2 */
    0x00000085, 0x00000004,    /* 0747  add L0 <- L0 + L4 */
    0x0003004F,                /* 0749  jmp +3 */
    0x00040140,                /* 074A  i8 L4 <- 1 */
    0x00000085, 0x00000004,    /* 074B  add L0 <- L0 + L4 */
    0x000F0442,                /* 074D  gget L4 <- g15   (_check_match) */
    0x0005009A, 0x80000050,    /* 074E  getattr L5 <- P0.sym#80   ("buffer") */
    0x00060041,                /* 0750  move L6 <- L0 */
    0x00070104,                /* 0751  lbool L7 <- 1 */
    0x00088341,                /* 0752  move L8 <- P3 */
    0x000404A0, 0x00010000,    /* 0753  call base=L4 argc=4 nres=1 */
    0x00010441,                /* 0755  move L1 <- L4 */
    0xFFBE004F,                /* 0756  jmp -66 */
    0x00400446,                /* 0757  lconst L4 <- static#64   ("error") */
    0x00050097, 0x00010004,    /* 0758  is L5 <- L1 is L4 */
    0x0006054B,                /* 075A  jf L5, +6 */
    0x00048041,                /* 075B  move L4 <- P0 */
    0x00050141,                /* 075C  move L5 <- L1 */
    0x00060041,                /* 075D  move L6 <- L0 */
    0x000402A2, 0x00020001,    /* 075E  msg base=L4 argc=2 msg#2 nres=1   (_advance_with_token) */
    0x00040102,                /* 0760  return L4 count=1 */
    0x00048041,                /* 0761  move L4 <- P0 */
    0x005A0545,                /* 0762  lsym L5 <- sym#90   ("TOK_STR") */
    0x00068141,                /* 0763  move L6 <- P1 */
    0x00070041,                /* 0764  move L7 <- L0 */
    0x00230842,                /* 0765  gget L8 <- g35   (len) */
    0x00098341,                /* 0766  move L9 <- P3 */
    0x000801A0, 0x00010000,    /* 0767  call base=L8 argc=1 nres=1 */
    0x00090085, 0x00000008,    /* 0769  add L9 <- L0 + L8 */
    0x00080941,                /* 076B  move L8 <- L9 */
    0x000404A2, 0x00030001,    /* 076C  msg base=L4 argc=4 msg#3 nres=1   (_advance_with_token_span) */
    0x00040102,                /* 076E  return L4 count=1 */
    0x00030B42,                /* 076F  gget L11 <- g3   (_get_char) */
    0x000C009A, 0x80000050,    /* 0770  getattr L12 <- P0.sym#80   ("buffer") */
    0x000D009A, 0x80000051,    /* 0772  getattr L13 <- P0.sym#81   ("cur_pos") */
    0x000B02A0, 0x00010000,    /* 0774  call base=L11 argc=2 nres=1 */
    0x00000B41,                /* 0776  move L0 <- L11 */
    0x00030B42,                /* 0777  gget L11 <- g3   (_get_char) */
    0x000C009A, 0x80000050,    /* 0778  getattr L12 <- P0.sym#80   ("buffer") */
    0x000D009A, 0x80000051,    /* 077A  getattr L13 <- P0.sym#81   ("cur_pos") */
    0x000E0140,                /* 077C  i8 L14 <- 1 */
    0x000F0085, 0x000D000E,    /* 077D  add L15 <- L13 + L14 */
    0x000D0F41,                /* 077F  move L13 <- L15 */
    0x000B02A0, 0x00010000,    /* 0780  call base=L11 argc=2 nres=1 */
    0x00010B41,                /* 0782  move L1 <- L11 */
    0x000C3040,                /* 0783  i8 L12 <- 48 */
    0x000B008F, 0x0000000C,    /* 0784  eq L11 <- L0 == L12 */
    0x00070B4B,                /* 0786  jf L11, +7 */
    0x000C6240,                /* 0787  i8 L12 <- 98 */
    0x000B008F, 0x0001000C,    /* 0788  eq L11 <- L1 == L12 */
    0x00030B4C,                /* 078A  jt L11, +3 */
    0x000C4240,                /* 078B  i8 L12 <- 66 */
    0x000B008F, 0x0001000C,    /* 078C  eq L11 <- L1 == L12 */
    0x00160B4B,                /* 078E  jf L11, +22 */
    0x000B0B42,                /* 078F  gget L11 <- g11   (_scan_bindigits) */
    0x000C009A, 0x80000050,    /* 0790  getattr L12 <- P0.sym#80   ("buffer") */
    0x000D009A, 0x80000051,    /* 0792  getattr L13 <- P0.sym#81   ("cur_pos") */
    0x000E0240,                /* 0794  i8 L14 <- 2 */
    0x000F0085, 0x000D000E,    /* 0795  add L15 <- L13 + L14 */
    0x000D0F41,                /* 0797  move L13 <- L15 */
    0x000B02A0, 0x00010000,    /* 0798  call base=L11 argc=2 nres=1 */
    0x00050B41,                /* 079A  move L5 <- L11 */
    0x000B0003,                /* 079B  lnil L11 */
    0x000C0090, 0x0005000B,    /* 079C  ne L12 <- L5 != L11 */
    0x00060C4B,                /* 079E  jf L12, +6 */
    0x000B8041,                /* 079F  move L11 <- P0 */
    0x00620C45,                /* 07A0  lsym L12 <- sym#98   ("TOK_LITERAL_INT") */
    0x000D0541,                /* 07A1  move L13 <- L5 */
    0x000B02A2, 0x00020001,    /* 07A2  msg base=L11 argc=2 msg#2 nres=1   (_advance_with_token) */
    0x000B0102,                /* 07A4  return L11 count=1 */
    0x000C3040,                /* 07A5  i8 L12 <- 48 */
    0x000B008F, 0x0000000C,    /* 07A6  eq L11 <- L0 == L12 */
    0x00070B4B,                /* 07A8  jf L11, +7 */
    0x000C7840,                /* 07A9  i8 L12 <- 120 */
    0x000B008F, 0x0001000C,    /* 07AA  eq L11 <- L1 == L12 */
    0x00030B4C,                /* 07AC  jt L11, +3 */
    0x000C5840,                /* 07AD  i8 L12 <- 88 */
    0x000B008F, 0x0001000C,    /* 07AE  eq L11 <- L1 == L12 */
    0x00160B4B,                /* 07B0  jf L11, +22 */
    0x000A0B42,                /* 07B1  gget L11 <- g10   (_scan_hexdigits) */
    0x000C009A, 0x80000050,    /* 07B2  getattr L12 <- P0.sym#80   ("buffer") */
    0x000D009A, 0x80000051,    /* 07B4  getattr L13 <- P0.sym#81   ("cur_pos") */
    0x000E0240,                /* 07B6  i8 L14 <- 2 */
    0x000F0085, 0x000D000E,    /* 07B7  add L15 <- L13 + L14 */
    0x000D0F41,                /* 07B9  move L13 <- L15 */
    0x000B02A0, 0x00010000,    /* 07BA  call base=L11 argc=2 nres=1 */
    0x00060B41,                /* 07BC  move L6 <- L11 */
    0x000B0003,                /* 07BD  lnil L11 */
    0x000C0090, 0x0006000B,    /* 07BE  ne L12 <- L6 != L11 */
    0x00060C4B,                /* 07C0  jf L12, +6 */
    0x000B8041,                /* 07C1  move L11 <- P0 */
    0x00620C45,                /* 07C2  lsym L12 <- sym#98   ("TOK_LITERAL_INT") */
    0x000D0641,                /* 07C3  move L13 <- L6 */
    0x000B02A2, 0x00020001,    /* 07C4  msg base=L11 argc=2 msg#2 nres=1   (_advance_with_token) */
    0x000B0102,                /* 07C6  return L11 count=1 */
    0x00090B42,                /* 07C7  gget L11 <- g9   (_scan_digits) */
    0x000C009A, 0x80000050,    /* 07C8  getattr L12 <- P0.sym#80   ("buffer") */
    0x000D009A, 0x80000051,    /* 07CA  getattr L13 <- P0.sym#81   ("cur_pos") */
    0x000B02A0, 0x00010000,    /* 07CC  call base=L11 argc=2 nres=1 */
    0x00020B41,                /* 07CE  move L2 <- L11 */
    0x000B0003,                /* 07CF  lnil L11 */
    0x000C008F, 0x0002000B,    /* 07D0  eq L12 <- L2 == L11 */
    0x00020C4B,                /* 07D2  jf L12, +2 */
    0x000B0003,                /* 07D3  lnil L11 */
    0x000B0102,                /* 07D4  return L11 count=1 */
    0x00030003,                /* 07D5  lnil L3 */
    0x00030B42,                /* 07D6  gget L11 <- g3   (_get_char) */
    0x000C009A, 0x80000050,    /* 07D7  getattr L12 <- P0.sym#80   ("buffer") */
    0x000D0241,                /* 07D9  move L13 <- L2 */
    0x000B02A0, 0x00010000,    /* 07DA  call base=L11 argc=2 nres=1 */
    0x00040B41,                /* 07DC  move L4 <- L11 */
    0x000B2E40,                /* 07DD  i8 L11 <- 46 */
    0x000C008F, 0x0004000B,    /* 07DE  eq L12 <- L4 == L11 */
    0x00190C4B,                /* 07E0  jf L12, +25 */
    0x000B0140,                /* 07E1  i8 L11 <- 1 */
    0x00070085, 0x0002000B,    /* 07E2  add L7 <- L2 + L11 */
    0x00090B42,                /* 07E4  gget L11 <- g9   (_scan_digits) */
    0x000C009A, 0x80000050,    /* 07E5  getattr L12 <- P0.sym#80   ("buffer") */
    0x000D0741,                /* 07E7  move L13 <- L7 */
    0x000B02A0, 0x00010000,    /* 07E8  call base=L11 argc=2 nres=1 */
    0x00080B41,                /* 07EA  move L8 <- L11 */
    0x000B0003,                /* 07EB  lnil L11 */
    0x000C0090, 0x0008000B,    /* 07EC  ne L12 <- L8 != L11 */
    0x00020C4B,                /* 07EE  jf L12, +2 */
    0x00030841,                /* 07EF  move L3 <- L8 */
    0x0001004F,                /* 07F0  jmp +1 */
    0x00030741,                /* 07F1  move L3 <- L7 */
    0x00020341,                /* 07F2  move L2 <- L3 */
    0x00030B42,                /* 07F3  gget L11 <- g3   (_get_char) */
    0x000C009A, 0x80000050,    /* 07F4  getattr L12 <- P0.sym#80   ("buffer") */
    0x000D0241,                /* 07F6  move L13 <- L2 */
    0x000B02A0, 0x00010000,    /* 07F7  call base=L11 argc=2 nres=1 */
    0x00040B41,                /* 07F9  move L4 <- L11 */
    0x000C6540,                /* 07FA  i8 L12 <- 101 */
    0x000B008F, 0x0004000C,    /* 07FB  eq L11 <- L4 == L12 */
    0x00030B4C,                /* 07FD  jt L11, +3 */
    0x000C4540,                /* 07FE  i8 L12 <- 69 */
    0x000B008F, 0x0004000C,    /* 07FF  eq L11 <- L4 == L12 */
    0x000D0B4B,                /* 0801  jf L11, +13 */
    0x000C0B42,                /* 0802  gget L11 <- g12   (_scan_exponent) */
    0x000C009A, 0x80000050,    /* 0803  getattr L12 <- P0.sym#80   ("buffer") */
    0x000D0241,                /* 0805  move L13 <- L2 */
    0x000B02A0, 0x00010000,    /* 0806  call base=L11 argc=2 nres=1 */
    0x00090B41,                /* 0808  move L9 <- L11 */
    0x000B0003,                /* 0809  lnil L11 */
    0x000C0090, 0x0009000B,    /* 080A  ne L12 <- L9 != L11 */
    0x00020C4B,                /* 080C  jf L12, +2 */
    0x00030941,                /* 080D  move L3 <- L9 */
    0x00020941,                /* 080E  move L2 <- L9 */
    0x000B0003,                /* 080F  lnil L11 */
    0x000C008F, 0x0003000B,    /* 0810  eq L12 <- L3 == L11 */
    0x00070C4B,                /* 0812  jf L12, +7 */
    0x000B8041,                /* 0813  move L11 <- P0 */
    0x00620C45,                /* 0814  lsym L12 <- sym#98   ("TOK_LITERAL_INT") */
    0x000D0241,                /* 0815  move L13 <- L2 */
    0x000B02A2, 0x00020001,    /* 0816  msg base=L11 argc=2 msg#2 nres=1   (_advance_with_token) */
    0x000B0102,                /* 0818  return L11 count=1 */
    0x0006004F,                /* 0819  jmp +6 */
    0x000B8041,                /* 081A  move L11 <- P0 */
    0x00630C45,                /* 081B  lsym L12 <- sym#99   ("TOK_LITERAL_FLOAT") */
    0x000D0241,                /* 081C  move L13 <- L2 */
    0x000B02A2, 0x00020001,    /* 081D  msg base=L11 argc=2 msg#2 nres=1   (_advance_with_token) */
    0x000B0102,                /* 081F  return L11 count=1 */
    0x000A0102,                /* 0820  return L10 count=1 */
    0x00230042,                /* 0821  gget L0 <- g35   (len) */
    0x00018041,                /* 0822  move L1 <- P0 */
    0x000001A0, 0x00010000,    /* 0823  call base=L0 argc=1 nres=1 */
    0x00230142,                /* 0825  gget L1 <- g35   (len) */
    0x00028141,                /* 0826  move L2 <- P1 */
    0x000101A0, 0x00010000,    /* 0827  call base=L1 argc=1 nres=1 */
    0x00020093, 0x00000001,    /* 0829  gt L2 <- L0 > L1 */
    0x0002024B,                /* 082B  jf L2, +2 */
    0x00000004,                /* 082C  lbool L0 <- 0 */
    0x00000102,                /* 082D  return L0 count=1 */
    0x00008141,                /* 082E  move L0 <- P1 */
    0x00010040,                /* 082F  i8 L1 <- 0 */
    0x00230242,                /* 0830  gget L2 <- g35   (len) */
    0x00038041,                /* 0831  move L3 <- P0 */
    0x000201A0, 0x00010000,    /* 0832  call base=L2 argc=1 nres=1 */
    0x000002A2, 0x00000001,    /* 0834  msg base=L0 argc=2 msg#0 nres=1   (substr) */
    0x0001008F, 0x00008000,    /* 0836  eq L1 <- L0 == P0 */
    0x00010102,                /* 0838  return L1 count=1 */
    0x00018141,                /* 0839  move L1 <- P1 */
    0x8000009B, 0x00500001,    /* 083A  setattr P0.sym#80 <- L1   ("buffer") */
    0x00010082, 0x00020000,    /* 083C  list L1 <- L2, 0 items */
    0x8000009B, 0x00640001,    /* 083E  setattr P0.sym#100 <- L1   ("tokens") */
    0x00010040,                /* 0840  i8 L1 <- 0 */
    0x8000009B, 0x00650001,    /* 0841  setattr P0.sym#101 <- L1   ("group_depth") */
    0x00010104,                /* 0843  lbool L1 <- 1 */
    0x8000009B, 0x00660001,    /* 0844  setattr P0.sym#102 <- L1   ("at_line_start") */
    0x00420146,                /* 0846  lconst L1 <- static#66   ("") */
    0x8000009B, 0x00670001,    /* 0847  setattr P0.sym#103 <- L1   ("line_ws") */
    0x00000003,                /* 0849  lnil L0 */
    0x00420246,                /* 084A  lconst L2 <- static#66   ("") */
    0x00010184, 0x00020000,    /* 084B  plist L1 <- L2, 1 items */
    0x8000009B, 0x00680001,    /* 084D  setattr P0.sym#104 <- L1   ("indents") */
    0x00000102,                /* 084F  return L0 count=1 */
    0x0001009A, 0x80000064,    /* 0850  getattr L1 <- P0.sym#100   ("tokens") */
    0x00020242,                /* 0852  gget L2 <- g2   (Token) */
    0x00038141,                /* 0853  move L3 <- P1 */
    0x00048241,                /* 0854  move L4 <- P2 */
    0x00058241,                /* 0855  move L5 <- P2 */
    0x000203A0, 0x00010000,    /* 0856  call base=L2 argc=3 nres=1 */
    0x000101A2, 0x00070001,    /* 0858  msg base=L1 argc=1 msg#7 nres=1   (append) */
    0x00000141,                /* 085A  move L0 <- L1 */
    0x00000102,                /* 085B  return L0 count=1 */
    0x00290242,                /* 085C  gget L2 <- g41   (car) */
    0x0003009A, 0x80000068,    /* 085D  getattr L3 <- P0.sym#104   ("indents") */
    0x000201A0, 0x00010000,    /* 085F  call base=L2 argc=1 nres=1 */
    0x00000241,                /* 0861  move L0 <- L2 */
    0x00230242,                /* 0862  gget L2 <- g35   (len) */
    0x0003009A, 0x80000067,    /* 0863  getattr L3 <- P0.sym#103   ("line_ws") */
    0x000201A0, 0x00010000,    /* 0865  call base=L2 argc=1 nres=1 */
    0x00230342,                /* 0867  gget L3 <- g35   (len) */
    0x00040041,                /* 0868  move L4 <- L0 */
    0x000301A0, 0x00010000,    /* 0869  call base=L3 argc=1 nres=1 */
    0x00040093, 0x00020003,    /* 086B  gt L4 <- L2 > L3 */
    0x0023044B,                /* 086D  jf L4, +35 */
    0x00140242,                /* 086E  gget L2 <- g20   (_is_prefix) */
    0x00030041,                /* 086F  move L3 <- L0 */
    0x0004009A, 0x80000067,    /* 0870  getattr L4 <- P0.sym#103   ("line_ws") */
    0x000202A0, 0x00010000,    /* 0872  call base=L2 argc=2 nres=1 */
    0x0003024A,                /* 0874  not L3 <- L2 */
    0x000A034B,                /* 0875  jf L3, +10 */
    0x00028041,                /* 0876  move L2 <- P0 */
    0x00240342,                /* 0877  gget L3 <- g36   (error) */
    0x00430446,                /* 0878  lconst L4 <- static#67   ("inconsistent indent") */
    0x000301A0, 0x00010000,    /* 0879  call base=L3 argc=1 nres=1 */
    0x00048141,                /* 087B  move L4 <- P1 */
    0x000202A2, 0x00080001,    /* 087C  msg base=L2 argc=2 msg#8 nres=1   (_emit) */
    0x00020003,                /* 087E  lnil L2 */
    0x00020102,                /* 087F  return L2 count=1 */
    0x002A0342,                /* 0880  gget L3 <- g42   (pair) */
    0x0004009A, 0x80000067,    /* 0881  getattr L4 <- P0.sym#103   ("line_ws") */
    0x0005009A, 0x80000068,    /* 0883  getattr L5 <- P0.sym#104   ("indents") */
    0x000302A0, 0x00010000,    /* 0885  call base=L3 argc=2 nres=1 */
    0x00020341,                /* 0887  move L2 <- L3 */
    0x8000009B, 0x00680002,    /* 0888  setattr P0.sym#104 <- L2   ("indents") */
    0x00028041,                /* 088A  move L2 <- P0 */
    0x006B0345,                /* 088B  lsym L3 <- sym#107   ("TOK_INDENT") */
    0x00048141,                /* 088C  move L4 <- P1 */
    0x000202A2, 0x00080001,    /* 088D  msg base=L2 argc=2 msg#8 nres=1   (_emit) */
    0x00020003,                /* 088F  lnil L2 */
    0x00020102,                /* 0890  return L2 count=1 */
    0x00230242,                /* 0891  gget L2 <- g35   (len) */
    0x00290342,                /* 0892  gget L3 <- g41   (car) */
    0x0004009A, 0x80000068,    /* 0893  getattr L4 <- P0.sym#104   ("indents") */
    0x000301A0, 0x00010000,    /* 0895  call base=L3 argc=1 nres=1 */
    0x000201A0, 0x00010000,    /* 0897  call base=L2 argc=1 nres=1 */
    0x00230342,                /* 0899  gget L3 <- g35   (len) */
    0x0004009A, 0x80000067,    /* 089A  getattr L4 <- P0.sym#103   ("line_ws") */
    0x000301A0, 0x00010000,    /* 089C  call base=L3 argc=1 nres=1 */
    0x00040093, 0x00020003,    /* 089E  gt L4 <- L2 > L3 */
    0x000E044B,                /* 08A0  jf L4, +14 */
    0x002B0342,                /* 08A1  gget L3 <- g43   (cdr) */
    0x0004009A, 0x80000068,    /* 08A2  getattr L4 <- P0.sym#104   ("indents") */
    0x000301A0, 0x00010000,    /* 08A4  call base=L3 argc=1 nres=1 */
    0x00020341,                /* 08A6  move L2 <- L3 */
    0x8000009B, 0x00680002,    /* 08A7  setattr P0.sym#104 <- L2   ("indents") */
    0x00028041,                /* 08A9  move L2 <- P0 */
    0x006C0345,                /* 08AA  lsym L3 <- sym#108   ("TOK_DEDENT") */
    0x00048141,                /* 08AB  move L4 <- P1 */
    0x000202A2, 0x00080001,    /* 08AC  msg base=L2 argc=2 msg#8 nres=1   (_emit) */
    0xFFE2004F,                /* 08AE  jmp -30 */
    0x00010003,                /* 08AF  lnil L1 */
    0x00290242,                /* 08B0  gget L2 <- g41   (car) */
    0x0003009A, 0x80000068,    /* 08B1  getattr L3 <- P0.sym#104   ("indents") */
    0x000201A0, 0x00010000,    /* 08B3  call base=L2 argc=1 nres=1 */
    0x0003009A, 0x80000067,    /* 08B5  getattr L3 <- P0.sym#103   ("line_ws") */
    0x00040090, 0x00020003,    /* 08B7  ne L4 <- L2 != L3 */
    0x0009044B,                /* 08B9  jf L4, +9 */
    0x00028041,                /* 08BA  move L2 <- P0 */
    0x00240342,                /* 08BB  gget L3 <- g36   (error) */
    0x00440446,                /* 08BC  lconst L4 <- static#68   ("unindent does not match an enclosing level") */
    0x000301A0, 0x00010000,    /* 08BD  call base=L3 argc=1 nres=1 */
    0x00048141,                /* 08BF  move L4 <- P1 */
    0x000202A2, 0x00080001,    /* 08C0  msg base=L2 argc=2 msg#8 nres=1   (_emit) */
    0x00010241,                /* 08C2  move L1 <- L2 */
    0x00010102,                /* 08C3  return L1 count=1 */
    0x0001009A, 0x8001004A,    /* 08C4  getattr L1 <- P1.sym#74   ("kind") */
    0x00580245,                /* 08C6  lsym L2 <- sym#88   ("TOK_WS") */
    0x0003008F, 0x00010002,    /* 08C7  eq L3 <- L1 == L2 */
    0x000D034B,                /* 08C9  jf L3, +13 */
    0x0001009A, 0x80000066,    /* 08CA  getattr L1 <- P0.sym#102   ("at_line_start") */
    0x0008014B,                /* 08CC  jf L1, +8 */
    0x00028141,                /* 08CD  move L2 <- P1 */
    0x0003009A, 0x80000050,    /* 08CE  getattr L3 <- P0.sym#80   ("buffer") */
    0x000201A2, 0x00090001,    /* 08D0  msg base=L2 argc=1 msg#9 nres=1   (get_text) */
    0x00010241,                /* 08D2  move L1 <- L2 */
    0x8000009B, 0x00670001,    /* 08D3  setattr P0.sym#103 <- L1   ("line_ws") */
    0x00010003,                /* 08D5  lnil L1 */
    0x00010102,                /* 08D6  return L1 count=1 */
    0x0001009A, 0x8001004A,    /* 08D7  getattr L1 <- P1.sym#74   ("kind") */
    0x00610245,                /* 08D9  lsym L2 <- sym#97   ("TOK_COMMENT") */
    0x0003008F, 0x00010002,    /* 08DA  eq L3 <- L1 == L2 */
    0x0002034B,                /* 08DC  jf L3, +2 */
    0x00010003,                /* 08DD  lnil L1 */
    0x00010102,                /* 08DE  return L1 count=1 */
    0x0001009A, 0x8001004A,    /* 08DF  getattr L1 <- P1.sym#74   ("kind") */
    0x00570245,                /* 08E1  lsym L2 <- sym#87   ("TOK_NEWLINE") */
    0x0003008F, 0x00010002,    /* 08E2  eq L3 <- L1 == L2 */
    0x0019034B,                /* 08E4  jf L3, +25 */
    0x0001009A, 0x80000065,    /* 08E5  getattr L1 <- P0.sym#101   ("group_depth") */
    0x00020040,                /* 08E7  i8 L2 <- 0 */
    0x00030093, 0x00010002,    /* 08E8  gt L3 <- L1 > L2 */
    0x0002034B,                /* 08EA  jf L3, +2 */
    0x00010003,                /* 08EB  lnil L1 */
    0x00010102,                /* 08EC  return L1 count=1 */
    0x0001009A, 0x80000066,    /* 08ED  getattr L1 <- P0.sym#102   ("at_line_start") */
    0x0002014A,                /* 08EF  not L2 <- L1 */
    0x0005024B,                /* 08F0  jf L2, +5 */
    0x0001009A, 0x80000064,    /* 08F1  getattr L1 <- P0.sym#100   ("tokens") */
    0x00028141,                /* 08F3  move L2 <- P1 */
    0x000101A2, 0x00070001,    /* 08F4  msg base=L1 argc=1 msg#7 nres=1   (append) */
    0x00010104,                /* 08F6  lbool L1 <- 1 */
    0x8000009B, 0x00660001,    /* 08F7  setattr P0.sym#102 <- L1   ("at_line_start") */
    0x00420146,                /* 08F9  lconst L1 <- static#66   ("") */
    0x8000009B, 0x00670001,    /* 08FA  setattr P0.sym#103 <- L1   ("line_ws") */
    0x00010003,                /* 08FC  lnil L1 */
    0x00010102,                /* 08FD  return L1 count=1 */
    0x0001009A, 0x80000066,    /* 08FE  getattr L1 <- P0.sym#102   ("at_line_start") */
    0x000E014B,                /* 0900  jf L1, +14 */
    0x00010004,                /* 0901  lbool L1 <- 0 */
    0x8000009B, 0x00660001,    /* 0902  setattr P0.sym#102 <- L1   ("at_line_start") */
    0x0001009A, 0x80000065,    /* 0904  getattr L1 <- P0.sym#101   ("group_depth") */
    0x00020040,                /* 0906  i8 L2 <- 0 */
    0x0003008F, 0x00010002,    /* 0907  eq L3 <- L1 == L2 */
    0x0005034B,                /* 0909  jf L3, +5 */
    0x00018041,                /* 090A  move L1 <- P0 */
    0x0002009A, 0x8001004B,    /* 090B  getattr L2 <- P1.sym#75   ("start") */
    0x000101A2, 0x000A0001,    /* 090D  msg base=L1 argc=1 msg#10 nres=1   (_apply_indent) */
    0x0001009A, 0x8001004A,    /* 090F  getattr L1 <- P1.sym#74   ("kind") */
    0x001B0242,                /* 0911  gget L2 <- g27   (_GROUP_START) */
    0x00030096, 0x00010002,    /* 0912  in L3 <- L1 in L2 */
    0x0008034B,                /* 0914  jf L3, +8 */
    0x0002009A, 0x80000065,    /* 0915  getattr L2 <- P0.sym#101   ("group_depth") */
    0x00030140,                /* 0917  i8 L3 <- 1 */
    0x00010085, 0x00020003,    /* 0918  add L1 <- L2 + L3 */
    0x8000009B, 0x00650001,    /* 091A  setattr P0.sym#101 <- L1   ("group_depth") */
    0x0013004F,                /* 091C  jmp +19 */
    0x0001009A, 0x8001004A,    /* 091D  getattr L1 <- P1.sym#74   ("kind") */
    0x001C0242,                /* 091F  gget L2 <- g28   (_GROUP_END) */
    0x00030096, 0x00010002,    /* 0920  in L3 <- L1 in L2 */
    0x000D034B,                /* 0922  jf L3, +13 */
    0x0001009A, 0x80000065,    /* 0923  getattr L1 <- P0.sym#101   ("group_depth") */
    0x00020040,                /* 0925  i8 L2 <- 0 */
    0x00030093, 0x00010002,    /* 0926  gt L3 <- L1 > L2 */
    0x0007034B,                /* 0928  jf L3, +7 */
    0x0002009A, 0x80000065,    /* 0929  getattr L2 <- P0.sym#101   ("group_depth") */
    0x00030140,                /* 092B  i8 L3 <- 1 */
    0x00010086, 0x00020003,    /* 092C  sub L1 <- L2 - L3 */
    0x8000009B, 0x00650001,    /* 092E  setattr P0.sym#101 <- L1   ("group_depth") */
    0x0001009A, 0x80000064,    /* 0930  getattr L1 <- P0.sym#100   ("tokens") */
    0x00028141,                /* 0932  move L2 <- P1 */
    0x000101A2, 0x00070001,    /* 0933  msg base=L1 argc=1 msg#7 nres=1   (append) */
    0x00000141,                /* 0935  move L0 <- L1 */
    0x00000102,                /* 0936  return L0 count=1 */
    0x0001009A, 0x80000066,    /* 0937  getattr L1 <- P0.sym#102   ("at_line_start") */
    0x0002014A,                /* 0939  not L2 <- L1 */
    0x000F024B,                /* 093A  jf L2, +15 */
    0x0001009A, 0x80000064,    /* 093B  getattr L1 <- P0.sym#100   ("tokens") */
    0x00020242,                /* 093D  gget L2 <- g2   (Token) */
    0x00570345,                /* 093E  lsym L3 <- sym#87   ("TOK_NEWLINE") */
    0x0004009A, 0x8001004B,    /* 093F  getattr L4 <- P1.sym#75   ("start") */
    0x0005009A, 0x8001004B,    /* 0941  getattr L5 <- P1.sym#75   ("start") */
    0x000203A0, 0x00010000,    /* 0943  call base=L2 argc=3 nres=1 */
    0x000101A2, 0x00070001,    /* 0945  msg base=L1 argc=1 msg#7 nres=1   (append) */
    0x00010104,                /* 0947  lbool L1 <- 1 */
    0x8000009B, 0x00660001,    /* 0948  setattr P0.sym#102 <- L1   ("at_line_start") */
    0x00420146,                /* 094A  lconst L1 <- static#66   ("") */
    0x8000009B, 0x00670001,    /* 094B  setattr P0.sym#103 <- L1   ("line_ws") */
    0x00018041,                /* 094D  move L1 <- P0 */
    0x0002009A, 0x8001004B,    /* 094E  getattr L2 <- P1.sym#75   ("start") */
    0x000101A2, 0x000A0001,    /* 0950  msg base=L1 argc=1 msg#10 nres=1   (_apply_indent) */
    0x0001009A, 0x80000064,    /* 0952  getattr L1 <- P0.sym#100   ("tokens") */
    0x00028141,                /* 0954  move L2 <- P1 */
    0x000101A2, 0x00070001,    /* 0955  msg base=L1 argc=1 msg#7 nres=1   (append) */
    0x00000141,                /* 0957  move L0 <- L1 */
    0x00000102,                /* 0958  return L0 count=1 */
    0x00130242,                /* 0959  gget L2 <- g19   (Scanner) */
    0x0003009A, 0x80000050,    /* 095A  getattr L3 <- P0.sym#80   ("buffer") */
    0x000201A0, 0x00010000,    /* 095C  call base=L2 argc=1 nres=1 */
    0x00000241,                /* 095E  move L0 <- L2 */
    0x00020041,                /* 095F  move L2 <- L0 */
    0x000200A2, 0x000B0001,    /* 0960  msg base=L2 argc=0 msg#11 nres=1   (scan) */
    0x00010241,                /* 0962  move L1 <- L2 */
    0x00400246,                /* 0963  lconst L2 <- static#64   ("error") */
    0x00030097, 0x00010002,    /* 0964  is L3 <- L1 is L2 */
    0x0004034A,                /* 0966  not L4 <- L3 */
    0x0024044B,                /* 0967  jf L4, +36 */
    0x0002009A, 0x0001004A,    /* 0968  getattr L2 <- L1.sym#74   ("kind") */
    0x00400346,                /* 096A  lconst L3 <- static#64   ("error") */
    0x00040097, 0x00020003,    /* 096B  is L4 <- L2 is L3 */
    0x0008044B,                /* 096D  jf L4, +8 */
    0x0002009A, 0x80000064,    /* 096E  getattr L2 <- P0.sym#100   ("tokens") */
    0x00030141,                /* 0970  move L3 <- L1 */
    0x000201A2, 0x00070001,    /* 0971  msg base=L2 argc=1 msg#7 nres=1   (append) */
    0x0002009A, 0x80000064,    /* 0973  getattr L2 <- P0.sym#100   ("tokens") */
    0x00020102,                /* 0975  return L2 count=1 */
    0x0002009A, 0x0001004A,    /* 0976  getattr L2 <- L1.sym#74   ("kind") */
    0x00550345,                /* 0978  lsym L3 <- sym#85   ("TOK_END") */
    0x0004008F, 0x00020003,    /* 0979  eq L4 <- L2 == L3 */
    0x0007044B,                /* 097B  jf L4, +7 */
    0x00028041,                /* 097C  move L2 <- P0 */
    0x00030141,                /* 097D  move L3 <- L1 */
    0x000201A2, 0x000C0001,    /* 097E  msg base=L2 argc=1 msg#12 nres=1   (_finish) */
    0x0002009A, 0x80000064,    /* 0980  getattr L2 <- P0.sym#100   ("tokens") */
    0x00020102,                /* 0982  return L2 count=1 */
    0x00028041,                /* 0983  move L2 <- P0 */
    0x00030141,                /* 0984  move L3 <- L1 */
    0x000201A2, 0x000D0001,    /* 0985  msg base=L2 argc=1 msg#13 nres=1   (_push) */
    0x00020041,                /* 0987  move L2 <- L0 */
    0x000200A2, 0x000B0001,    /* 0988  msg base=L2 argc=0 msg#11 nres=1   (scan) */
    0x00010241,                /* 098A  move L1 <- L2 */
    0xFFD7004F,                /* 098B  jmp -41 */
    0x0002009A, 0x80000064,    /* 098C  getattr L2 <- P0.sym#100   ("tokens") */
    0x00020102,                /* 098E  return L2 count=1 */
};

const wy_module_image tokenizer_image = {
    .name = "tokenizer",
    .sections = {
        [WY_SEC_HEADER] = { tokenizer_header, sizeof tokenizer_header },
        [WY_SEC_STATICS] = { tokenizer_statics, sizeof tokenizer_statics },
        [WY_SEC_SYMBOLS] = { tokenizer_symbols, sizeof tokenizer_symbols },
        [WY_SEC_FUNCTIONS] = { tokenizer_functions, sizeof tokenizer_functions },
        [WY_SEC_CLASSES] = { tokenizer_classes, sizeof tokenizer_classes },
        [WY_SEC_MESSAGES] = { tokenizer_messages, sizeof tokenizer_messages },
        [WY_SEC_CODE] = { (const uint8_t*) tokenizer_code, sizeof tokenizer_code },
        [WY_SEC_EXPORTS] = { tokenizer_exports, sizeof tokenizer_exports },
        [WY_SEC_FREE] = { tokenizer_free, sizeof tokenizer_free },
    },
};
