/* Generated from classes by wypoc's bytecode compiler. */

#include <stdint.h>
#include "wyrm/image.h"

static const uint8_t classes_header[] = {
    0x29, 0x00, 0x00, 0x00, 0x02, 0x6E, 0x00, 0x08, 0x00, 0x00, 0x00, 0x63,
    0x6C, 0x61, 0x73, 0x73, 0x65, 0x73, 0x00, 0x10, 0x76, 0x00, 0x01, 0x00,
    0x00, 0x00, 0x10, 0x67, 0x00, 0x2F, 0x01, 0x00, 0x00, 0x10, 0x6C, 0x00,
    0x01, 0x00, 0x00, 0x00, 0x00,
};

static const uint8_t classes_statics[] = {
    0xD0, 0x04, 0x00, 0x00, 0x02, 0x30, 0x00, 0x07, 0x00, 0x00, 0x00, 0x77,
    0x79, 0x72, 0x6D, 0x3A, 0x3A, 0x00, 0x02, 0x31, 0x00, 0x0E, 0x00, 0x00,
    0x00, 0x77, 0x79, 0x72, 0x6D, 0x3A, 0x3A, 0x6F, 0x70, 0x63, 0x6F, 0x64,
    0x65, 0x73, 0x00, 0x02, 0x32, 0x00, 0x11, 0x00, 0x00, 0x00, 0x77, 0x79,
    0x72, 0x6D, 0x3A, 0x3A, 0x63, 0x6F, 0x6D, 0x70, 0x69, 0x6C, 0x65, 0x72,
    0x3A, 0x3A, 0x00, 0x02, 0x33, 0x00, 0x18, 0x00, 0x00, 0x00, 0x77, 0x79,
    0x72, 0x6D, 0x3A, 0x3A, 0x63, 0x6F, 0x6D, 0x70, 0x69, 0x6C, 0x65, 0x72,
    0x3A, 0x3A, 0x63, 0x6F, 0x6E, 0x74, 0x65, 0x78, 0x74, 0x00, 0x02, 0x34,
    0x00, 0x19, 0x00, 0x00, 0x00, 0x77, 0x79, 0x72, 0x6D, 0x3A, 0x3A, 0x63,
    0x6F, 0x6D, 0x70, 0x69, 0x6C, 0x65, 0x72, 0x3A, 0x3A, 0x61, 0x6E, 0x61,
    0x6C, 0x79, 0x73, 0x69, 0x73, 0x00, 0x02, 0x35, 0x00, 0x1B, 0x00, 0x00,
    0x00, 0x77, 0x79, 0x72, 0x6D, 0x3A, 0x3A, 0x63, 0x6F, 0x6D, 0x70, 0x69,
    0x6C, 0x65, 0x72, 0x3A, 0x3A, 0x73, 0x74, 0x61, 0x74, 0x65, 0x6D, 0x65,
    0x6E, 0x74, 0x73, 0x00, 0x02, 0x36, 0x00, 0x1A, 0x00, 0x00, 0x00, 0x77,
    0x79, 0x72, 0x6D, 0x3A, 0x3A, 0x63, 0x6F, 0x6D, 0x70, 0x69, 0x6C, 0x65,
    0x72, 0x3A, 0x3A, 0x66, 0x75, 0x6E, 0x63, 0x74, 0x69, 0x6F, 0x6E, 0x73,
    0x00, 0x02, 0x37, 0x00, 0x19, 0x00, 0x00, 0x00, 0x77, 0x79, 0x72, 0x6D,
    0x3A, 0x3A, 0x63, 0x6F, 0x6D, 0x70, 0x69, 0x6C, 0x65, 0x72, 0x3A, 0x3A,
    0x68, 0x61, 0x6E, 0x64, 0x6C, 0x65, 0x72, 0x73, 0x00, 0x02, 0x38, 0x00,
    0x05, 0x00, 0x00, 0x00, 0x70, 0x61, 0x69, 0x72, 0x00, 0x02, 0x39, 0x00,
    0x13, 0x00, 0x00, 0x00, 0x69, 0x6E, 0x64, 0x65, 0x78, 0x20, 0x6F, 0x75,
    0x74, 0x20, 0x6F, 0x66, 0x20, 0x72, 0x61, 0x6E, 0x67, 0x65, 0x00, 0x02,
    0x31, 0x30, 0x00, 0x06, 0x00, 0x00, 0x00, 0x65, 0x72, 0x72, 0x6F, 0x72,
    0x00, 0x02, 0x31, 0x31, 0x00, 0x04, 0x00, 0x00, 0x00, 0x73, 0x79, 0x6D,
    0x00, 0x02, 0x31, 0x32, 0x00, 0x0F, 0x00, 0x00, 0x00, 0x6E, 0x6F, 0x74,
    0x20, 0x61, 0x20, 0x63, 0x6F, 0x6E, 0x73, 0x74, 0x61, 0x6E, 0x74, 0x00,
    0x10, 0x31, 0x33, 0x00, 0x00, 0x00, 0x00, 0x00, 0x0A, 0x31, 0x34, 0x00,
    0x02, 0x31, 0x35, 0x00, 0x02, 0x00, 0x00, 0x00, 0x66, 0x00, 0x02, 0x31,
    0x36, 0x00, 0x03, 0x00, 0x00, 0x00, 0x61, 0x30, 0x00, 0x02, 0x31, 0x37,
    0x00, 0x03, 0x00, 0x00, 0x00, 0x61, 0x31, 0x00, 0x02, 0x31, 0x38, 0x00,
    0x03, 0x00, 0x00, 0x00, 0x61, 0x32, 0x00, 0x02, 0x31, 0x39, 0x00, 0x03,
    0x00, 0x00, 0x00, 0x77, 0x31, 0x00, 0x02, 0x32, 0x30, 0x00, 0x04, 0x00,
    0x00, 0x00, 0x6E, 0x69, 0x6C, 0x00, 0x02, 0x32, 0x31, 0x00, 0x20, 0x00,
    0x00, 0x00, 0x61, 0x20, 0x63, 0x6C, 0x61, 0x73, 0x73, 0x20, 0x64, 0x65,
    0x66, 0x69, 0x6E, 0x69, 0x74, 0x69, 0x6F, 0x6E, 0x20, 0x6E, 0x65, 0x65,
    0x64, 0x73, 0x20, 0x61, 0x20, 0x6E, 0x61, 0x6D, 0x65, 0x00, 0x02, 0x32,
    0x32, 0x00, 0x07, 0x00, 0x00, 0x00, 0x63, 0x6C, 0x61, 0x73, 0x73, 0x20,
    0x00, 0x02, 0x32, 0x33, 0x00, 0x41, 0x00, 0x00, 0x00, 0x20, 0x68, 0x61,
    0x73, 0x20, 0x6D, 0x6F, 0x72, 0x65, 0x20, 0x74, 0x68, 0x61, 0x6E, 0x20,
    0x6F, 0x6E, 0x65, 0x20, 0x62, 0x61, 0x73, 0x65, 0x3B, 0x20, 0x74, 0x68,
    0x65, 0x20, 0x69, 0x6D, 0x61, 0x67, 0x65, 0x20, 0x66, 0x6F, 0x72, 0x6D,
    0x61, 0x74, 0x20, 0x72, 0x65, 0x63, 0x6F, 0x72, 0x64, 0x73, 0x20, 0x6F,
    0x6E, 0x65, 0x20, 0x73, 0x75, 0x70, 0x65, 0x72, 0x63, 0x6C, 0x61, 0x73,
    0x73, 0x00, 0x02, 0x32, 0x34, 0x00, 0x1A, 0x00, 0x00, 0x00, 0x3A, 0x20,
    0x61, 0x20, 0x73, 0x6C, 0x6F, 0x74, 0x5F, 0x64, 0x65, 0x66, 0x20, 0x6E,
    0x65, 0x65, 0x64, 0x73, 0x20, 0x61, 0x20, 0x6E, 0x61, 0x6D, 0x65, 0x00,
    0x02, 0x32, 0x35, 0x00, 0x4A, 0x00, 0x00, 0x00, 0x74, 0x68, 0x65, 0x20,
    0x62, 0x79, 0x74, 0x65, 0x63, 0x6F, 0x64, 0x65, 0x20, 0x63, 0x6F, 0x6D,
    0x70, 0x69, 0x6C, 0x65, 0x72, 0x20, 0x64, 0x6F, 0x65, 0x73, 0x20, 0x6E,
    0x6F, 0x74, 0x20, 0x73, 0x75, 0x70, 0x70, 0x6F, 0x72, 0x74, 0x20, 0x74,
    0x68, 0x69, 0x73, 0x20, 0x63, 0x6F, 0x6E, 0x73, 0x74, 0x72, 0x75, 0x63,
    0x74, 0x20, 0x69, 0x6E, 0x20, 0x61, 0x20, 0x63, 0x6C, 0x61, 0x73, 0x73,
    0x20, 0x62, 0x6F, 0x64, 0x79, 0x20, 0x79, 0x65, 0x74, 0x00, 0x02, 0x32,
    0x36, 0x00, 0x28, 0x00, 0x00, 0x00, 0x74, 0x68, 0x65, 0x20, 0x62, 0x79,
    0x74, 0x65, 0x63, 0x6F, 0x64, 0x65, 0x20, 0x63, 0x6F, 0x6D, 0x70, 0x69,
    0x6C, 0x65, 0x72, 0x20, 0x64, 0x6F, 0x65, 0x73, 0x20, 0x6E, 0x6F, 0x74,
    0x20, 0x73, 0x75, 0x70, 0x70, 0x6F, 0x72, 0x74, 0x20, 0x00, 0x02, 0x32,
    0x37, 0x00, 0x15, 0x00, 0x00, 0x00, 0x20, 0x69, 0x6E, 0x20, 0x61, 0x20,
    0x63, 0x6C, 0x61, 0x73, 0x73, 0x20, 0x62, 0x6F, 0x64, 0x79, 0x20, 0x79,
    0x65, 0x74, 0x00, 0x02, 0x32, 0x38, 0x00, 0x03, 0x00, 0x00, 0x00, 0x3A,
    0x3A, 0x00, 0x02, 0x32, 0x39, 0x00, 0x1E, 0x00, 0x00, 0x00, 0x3A, 0x20,
    0x61, 0x20, 0x62, 0x61, 0x73, 0x65, 0x20, 0x63, 0x6C, 0x61, 0x73, 0x73,
    0x20, 0x6D, 0x75, 0x73, 0x74, 0x20, 0x62, 0x65, 0x20, 0x61, 0x20, 0x6E,
    0x61, 0x6D, 0x65, 0x00, 0x02, 0x33, 0x30, 0x00, 0x1C, 0x00, 0x00, 0x00,
    0x61, 0x20, 0x62, 0x61, 0x73, 0x65, 0x20, 0x63, 0x6C, 0x61, 0x73, 0x73,
    0x20, 0x6D, 0x75, 0x73, 0x74, 0x20, 0x62, 0x65, 0x20, 0x61, 0x20, 0x6E,
    0x61, 0x6D, 0x65, 0x00, 0x02, 0x33, 0x31, 0x00, 0x06, 0x00, 0x00, 0x00,
    0x73, 0x6C, 0x6F, 0x74, 0x20, 0x00, 0x02, 0x33, 0x32, 0x00, 0x1F, 0x00,
    0x00, 0x00, 0x3A, 0x20, 0x61, 0x20, 0x64, 0x65, 0x66, 0x61, 0x75, 0x6C,
    0x74, 0x20, 0x6D, 0x75, 0x73, 0x74, 0x20, 0x62, 0x65, 0x20, 0x61, 0x20,
    0x63, 0x6F, 0x6E, 0x73, 0x74, 0x61, 0x6E, 0x74, 0x00, 0x02, 0x33, 0x33,
    0x00, 0x20, 0x00, 0x00, 0x00, 0x3A, 0x20, 0x61, 0x20, 0x76, 0x69, 0x72,
    0x74, 0x75, 0x61, 0x6C, 0x20, 0x73, 0x6C, 0x6F, 0x74, 0x20, 0x68, 0x61,
    0x73, 0x20, 0x6E, 0x6F, 0x20, 0x64, 0x65, 0x66, 0x61, 0x75, 0x6C, 0x74,
    0x00, 0x02, 0x33, 0x34, 0x00, 0x02, 0x00, 0x00, 0x00, 0x2E, 0x00, 0x02,
    0x33, 0x35, 0x00, 0x3B, 0x00, 0x00, 0x00, 0x3A, 0x20, 0x68, 0x65, 0x6C,
    0x70, 0x65, 0x72, 0x20, 0x62, 0x69, 0x6E, 0x64, 0x69, 0x6E, 0x67, 0x73,
    0x20, 0x69, 0x6E, 0x20, 0x61, 0x20, 0x73, 0x6C, 0x6F, 0x74, 0x20, 0x73,
    0x75, 0x62, 0x73, 0x63, 0x6F, 0x70, 0x65, 0x20, 0x61, 0x72, 0x65, 0x20,
    0x6E, 0x6F, 0x74, 0x20, 0x73, 0x75, 0x70, 0x70, 0x6F, 0x72, 0x74, 0x65,
    0x64, 0x20, 0x79, 0x65, 0x74, 0x00, 0x02, 0x33, 0x36, 0x00, 0x3F, 0x00,
    0x00, 0x00, 0x3A, 0x20, 0x61, 0x20, 0x73, 0x6C, 0x6F, 0x74, 0x20, 0x73,
    0x75, 0x62, 0x73, 0x63, 0x6F, 0x70, 0x65, 0x20, 0x68, 0x6F, 0x6C, 0x64,
    0x73, 0x20, 0x6F, 0x6E, 0x6C, 0x79, 0x20, 0x66, 0x6E, 0x20, 0x67, 0x65,
    0x74, 0x74, 0x65, 0x72, 0x2C, 0x20, 0x66, 0x6E, 0x20, 0x73, 0x65, 0x74,
    0x74, 0x65, 0x72, 0x20, 0x61, 0x6E, 0x64, 0x20, 0x62, 0x69, 0x6E, 0x64,
    0x69, 0x6E, 0x67, 0x73, 0x00, 0x02, 0x33, 0x37, 0x00, 0x08, 0x00, 0x00,
    0x00, 0x6D, 0x65, 0x74, 0x68, 0x6F, 0x64, 0x20, 0x00, 0x02, 0x33, 0x38,
    0x00, 0x22, 0x00, 0x00, 0x00, 0x20, 0x6D, 0x61, 0x79, 0x20, 0x6E, 0x6F,
    0x74, 0x20, 0x61, 0x6C, 0x73, 0x6F, 0x20, 0x6E, 0x61, 0x6D, 0x65, 0x20,
    0x61, 0x20, 0x63, 0x6C, 0x61, 0x73, 0x73, 0x20, 0x74, 0x61, 0x72, 0x67,
    0x65, 0x74, 0x00, 0x02, 0x33, 0x39, 0x00, 0x02, 0x00, 0x00, 0x00, 0x21,
    0x00, 0x08, 0x34, 0x30, 0x00, 0x00, 0x02, 0x34, 0x31, 0x00, 0x05, 0x00,
    0x00, 0x00, 0x66, 0x6E, 0x20, 0x5B, 0x00, 0x02, 0x34, 0x32, 0x00, 0x24,
    0x00, 0x00, 0x00, 0x5D, 0x3A, 0x20, 0x61, 0x20, 0x64, 0x69, 0x73, 0x70,
    0x61, 0x74, 0x63, 0x68, 0x20, 0x74, 0x61, 0x72, 0x67, 0x65, 0x74, 0x20,
    0x6D, 0x75, 0x73, 0x74, 0x20, 0x62, 0x65, 0x20, 0x61, 0x20, 0x6E, 0x61,
    0x6D, 0x65, 0x00, 0x02, 0x34, 0x33, 0x00, 0x10, 0x00, 0x00, 0x00, 0x20,
    0x64, 0x69, 0x73, 0x70, 0x61, 0x74, 0x63, 0x68, 0x65, 0x73, 0x20, 0x6F,
    0x6E, 0x20, 0x00, 0x02, 0x34, 0x34, 0x00, 0x20, 0x00, 0x00, 0x00, 0x20,
    0x74, 0x79, 0x70, 0x65, 0x73, 0x2C, 0x20, 0x6F, 0x76, 0x65, 0x72, 0x20,
    0x74, 0x68, 0x65, 0x20, 0x31, 0x36, 0x2D, 0x76, 0x61, 0x6C, 0x75, 0x65,
    0x20, 0x6C, 0x69, 0x6D, 0x69, 0x74, 0x00, 0x00,
};

static const uint8_t classes_symbols[] = {
    0xAA, 0x02, 0x00, 0x00, 0x02, 0x30, 0x00, 0x04, 0x00, 0x00, 0x00, 0x6E,
    0x69, 0x6C, 0x00, 0x02, 0x31, 0x00, 0x05, 0x00, 0x00, 0x00, 0x74, 0x72,
    0x75, 0x65, 0x00, 0x02, 0x32, 0x00, 0x06, 0x00, 0x00, 0x00, 0x66, 0x61,
    0x6C, 0x73, 0x65, 0x00, 0x02, 0x33, 0x00, 0x04, 0x00, 0x00, 0x00, 0x73,
    0x74, 0x72, 0x00, 0x02, 0x34, 0x00, 0x04, 0x00, 0x00, 0x00, 0x69, 0x6E,
    0x74, 0x00, 0x02, 0x35, 0x00, 0x06, 0x00, 0x00, 0x00, 0x66, 0x6C, 0x6F,
    0x61, 0x74, 0x00, 0x02, 0x36, 0x00, 0x05, 0x00, 0x00, 0x00, 0x63, 0x68,
    0x61, 0x72, 0x00, 0x02, 0x37, 0x00, 0x04, 0x00, 0x00, 0x00, 0x6E, 0x65,
    0x67, 0x00, 0x02, 0x38, 0x00, 0x0B, 0x00, 0x00, 0x00, 0x65, 0x6D, 0x69,
    0x74, 0x5F, 0x77, 0x6F, 0x72, 0x64, 0x73, 0x00, 0x02, 0x39, 0x00, 0x08,
    0x00, 0x00, 0x00, 0x63, 0x6C, 0x61, 0x73, 0x73, 0x65, 0x73, 0x00, 0x02,
    0x31, 0x30, 0x00, 0x06, 0x00, 0x00, 0x00, 0x69, 0x6D, 0x61, 0x67, 0x65,
    0x00, 0x02, 0x31, 0x31, 0x00, 0x0D, 0x00, 0x00, 0x00, 0x73, 0x75, 0x70,
    0x65, 0x72, 0x63, 0x6C, 0x61, 0x73, 0x73, 0x65, 0x73, 0x00, 0x02, 0x31,
    0x32, 0x00, 0x09, 0x00, 0x00, 0x00, 0x73, 0x6C, 0x6F, 0x74, 0x5F, 0x64,
    0x65, 0x66, 0x00, 0x02, 0x31, 0x33, 0x00, 0x07, 0x00, 0x00, 0x00, 0x61,
    0x70, 0x70, 0x65, 0x6E, 0x64, 0x00, 0x02, 0x31, 0x34, 0x00, 0x0B, 0x00,
    0x00, 0x00, 0x73, 0x6C, 0x6F, 0x74, 0x5F, 0x6E, 0x61, 0x6D, 0x65, 0x73,
    0x00, 0x02, 0x31, 0x35, 0x00, 0x07, 0x00, 0x00, 0x00, 0x66, 0x6E, 0x5F,
    0x64, 0x65, 0x66, 0x00, 0x02, 0x31, 0x36, 0x00, 0x07, 0x00, 0x00, 0x00,
    0x63, 0x6F, 0x5F, 0x64, 0x65, 0x66, 0x00, 0x02, 0x31, 0x37, 0x00, 0x05,
    0x00, 0x00, 0x00, 0x69, 0x6E, 0x69, 0x74, 0x00, 0x02, 0x31, 0x38, 0x00,
    0x0B, 0x00, 0x00, 0x00, 0x61, 0x64, 0x64, 0x5F, 0x73, 0x79, 0x6D, 0x62,
    0x6F, 0x6C, 0x00, 0x02, 0x31, 0x39, 0x00, 0x07, 0x00, 0x00, 0x00, 0x73,
    0x74, 0x61, 0x74, 0x69, 0x63, 0x00, 0x02, 0x32, 0x30, 0x00, 0x05, 0x00,
    0x00, 0x00, 0x70, 0x61, 0x73, 0x73, 0x00, 0x02, 0x32, 0x31, 0x00, 0x0A,
    0x00, 0x00, 0x00, 0x61, 0x64, 0x64, 0x5F, 0x63, 0x6C, 0x61, 0x73, 0x73,
    0x00, 0x02, 0x32, 0x32, 0x00, 0x09, 0x00, 0x00, 0x00, 0x69, 0x6E, 0x69,
    0x74, 0x5F, 0x63, 0x74, 0x78, 0x00, 0x02, 0x32, 0x33, 0x00, 0x05, 0x00,
    0x00, 0x00, 0x70, 0x75, 0x73, 0x68, 0x00, 0x02, 0x32, 0x34, 0x00, 0x06,
    0x00, 0x00, 0x00, 0x63, 0x6C, 0x61, 0x73, 0x73, 0x00, 0x02, 0x32, 0x35,
    0x00, 0x0D, 0x00, 0x00, 0x00, 0x67, 0x6C, 0x6F, 0x62, 0x61, 0x6C, 0x5F,
    0x69, 0x6E, 0x64, 0x65, 0x78, 0x00, 0x02, 0x32, 0x36, 0x00, 0x05, 0x00,
    0x00, 0x00, 0x67, 0x73, 0x65, 0x74, 0x00, 0x02, 0x32, 0x37, 0x00, 0x0A,
    0x00, 0x00, 0x00, 0x6E, 0x61, 0x6D, 0x65, 0x5F, 0x73, 0x6C, 0x6F, 0x74,
    0x00, 0x02, 0x32, 0x38, 0x00, 0x0B, 0x00, 0x00, 0x00, 0x61, 0x64, 0x64,
    0x5F, 0x73, 0x74, 0x61, 0x74, 0x69, 0x63, 0x00, 0x02, 0x32, 0x39, 0x00,
    0x07, 0x00, 0x00, 0x00, 0x67, 0x65, 0x74, 0x74, 0x65, 0x72, 0x00, 0x02,
    0x33, 0x30, 0x00, 0x07, 0x00, 0x00, 0x00, 0x73, 0x65, 0x74, 0x74, 0x65,
    0x72, 0x00, 0x02, 0x33, 0x31, 0x00, 0x07, 0x00, 0x00, 0x00, 0x64, 0x65,
    0x66, 0x69, 0x6E, 0x65, 0x00, 0x02, 0x33, 0x32, 0x00, 0x0E, 0x00, 0x00,
    0x00, 0x64, 0x65, 0x66, 0x69, 0x6E, 0x65, 0x5F, 0x76, 0x61, 0x6C, 0x75,
    0x65, 0x73, 0x00, 0x02, 0x33, 0x33, 0x00, 0x0F, 0x00, 0x00, 0x00, 0x64,
    0x65, 0x63, 0x6C, 0x61, 0x72, 0x65, 0x5F, 0x67, 0x6C, 0x6F, 0x62, 0x61,
    0x6C, 0x00, 0x02, 0x33, 0x34, 0x00, 0x0E, 0x00, 0x00, 0x00, 0x63, 0x6C,
    0x61, 0x73, 0x73, 0x5F, 0x73, 0x74, 0x61, 0x74, 0x69, 0x63, 0x73, 0x00,
    0x02, 0x33, 0x35, 0x00, 0x0F, 0x00, 0x00, 0x00, 0x69, 0x73, 0x5F, 0x6C,
    0x6F, 0x63, 0x61, 0x6C, 0x5F, 0x63, 0x6C, 0x61, 0x73, 0x73, 0x00, 0x02,
    0x33, 0x36, 0x00, 0x0A, 0x00, 0x00, 0x00, 0x72, 0x65, 0x66, 0x65, 0x72,
    0x65, 0x6E, 0x63, 0x65, 0x00, 0x02, 0x33, 0x37, 0x00, 0x05, 0x00, 0x00,
    0x00, 0x6D, 0x61, 0x72, 0x6B, 0x00, 0x02, 0x33, 0x38, 0x00, 0x08, 0x00,
    0x00, 0x00, 0x63, 0x6C, 0x6F, 0x73, 0x75, 0x72, 0x65, 0x00, 0x02, 0x33,
    0x39, 0x00, 0x05, 0x00, 0x00, 0x00, 0x67, 0x67, 0x65, 0x74, 0x00, 0x02,
    0x34, 0x30, 0x00, 0x06, 0x00, 0x00, 0x00, 0x74, 0x75, 0x70, 0x6C, 0x65,
    0x00, 0x02, 0x34, 0x31, 0x00, 0x08, 0x00, 0x00, 0x00, 0x72, 0x65, 0x67,
    0x5F, 0x6D, 0x73, 0x67, 0x00, 0x02, 0x34, 0x32, 0x00, 0x08, 0x00, 0x00,
    0x00, 0x66, 0x72, 0x65, 0x65, 0x5F, 0x74, 0x6F, 0x00, 0x00,
};

static const uint8_t classes_functions[] = {
    0x3C, 0x08, 0x00, 0x00, 0x03, 0x30, 0x00, 0x58, 0x00, 0x00, 0x00, 0x02,
    0x6E, 0x00, 0x06, 0x00, 0x00, 0x00, 0x5F, 0x74, 0x61, 0x69, 0x6C, 0x00,
    0x04, 0x70, 0x00, 0x2E, 0x00, 0x00, 0x00, 0x03, 0x30, 0x00, 0x11, 0x00,
    0x00, 0x00, 0x02, 0x6E, 0x00, 0x05, 0x00, 0x00, 0x00, 0x6E, 0x6F, 0x64,
    0x65, 0x00, 0x00, 0x03, 0x31, 0x00, 0x12, 0x00, 0x00, 0x00, 0x02, 0x6E,
    0x00, 0x06, 0x00, 0x00, 0x00, 0x63, 0x6F, 0x75, 0x6E, 0x74, 0x00, 0x00,
    0x00, 0x10, 0x6C, 0x00, 0x05, 0x00, 0x00, 0x00, 0x10, 0x63, 0x00, 0x59,
    0x00, 0x00, 0x00, 0x10, 0x66, 0x00, 0x00, 0x00, 0x00, 0x00, 0x00, 0x03,
    0x31, 0x00, 0x59, 0x00, 0x00, 0x00, 0x02, 0x6E, 0x00, 0x07, 0x00, 0x00,
    0x00, 0x5F, 0x66, 0x69, 0x65, 0x6C, 0x64, 0x00, 0x04, 0x70, 0x00, 0x2E,
    0x00, 0x00, 0x00, 0x03, 0x30, 0x00, 0x11, 0x00, 0x00, 0x00, 0x02, 0x6E,
    0x00, 0x05, 0x00, 0x00, 0x00, 0x6E, 0x6F, 0x64, 0x65, 0x00, 0x00, 0x03,
    0x31, 0x00, 0x12, 0x00, 0x00, 0x00, 0x02, 0x6E, 0x00, 0x06, 0x00, 0x00,
    0x00, 0x69, 0x6E, 0x64, 0x65, 0x78, 0x00, 0x00, 0x00, 0x10, 0x6C, 0x00,
    0x04, 0x00, 0x00, 0x00, 0x10, 0x63, 0x00, 0x72, 0x00, 0x00, 0x00, 0x10,
    0x66, 0x00, 0x00, 0x00, 0x00, 0x00, 0x00, 0x03, 0x32, 0x00, 0x4D, 0x00,
    0x00, 0x00, 0x02, 0x6E, 0x00, 0x10, 0x00, 0x00, 0x00, 0x5F, 0x63, 0x6F,
    0x6E, 0x73, 0x74, 0x61, 0x6E, 0x74, 0x5F, 0x76, 0x61, 0x6C, 0x75, 0x65,
    0x00, 0x04, 0x70, 0x00, 0x19, 0x00, 0x00, 0x00, 0x03, 0x30, 0x00, 0x11,
    0x00, 0x00, 0x00, 0x02, 0x6E, 0x00, 0x05, 0x00, 0x00, 0x00, 0x6E, 0x6F,
    0x64, 0x65, 0x00, 0x00, 0x00, 0x10, 0x6C, 0x00, 0x08, 0x00, 0x00, 0x00,
    0x10, 0x63, 0x00, 0x82, 0x00, 0x00, 0x00, 0x10, 0x66, 0x00, 0x00, 0x00,
    0x00, 0x00, 0x00, 0x03, 0x33, 0x00, 0xD7, 0x00, 0x00, 0x00, 0x02, 0x6E,
    0x00, 0x0B, 0x00, 0x00, 0x00, 0x5F, 0x65, 0x6D, 0x69, 0x74, 0x5F, 0x70,
    0x61, 0x63, 0x6B, 0x00, 0x04, 0x70, 0x00, 0xA8, 0x00, 0x00, 0x00, 0x03,
    0x30, 0x00, 0x12, 0x00, 0x00, 0x00, 0x02, 0x6E, 0x00, 0x06, 0x00, 0x00,
    0x00, 0x66, 0x72, 0x61, 0x6D, 0x65, 0x00, 0x00, 0x03, 0x31, 0x00, 0x0F,
    0x00, 0x00, 0x00, 0x02, 0x6E, 0x00, 0x03, 0x00, 0x00, 0x00, 0x6F, 0x70,
    0x00, 0x00, 0x03, 0x32, 0x00, 0x15, 0x00, 0x00, 0x00, 0x02, 0x6E, 0x00,
    0x02, 0x00, 0x00, 0x00, 0x66, 0x00, 0x10, 0x64, 0x00, 0x0D, 0x00, 0x00,
    0x00, 0x00, 0x03, 0x33, 0x00, 0x16, 0x00, 0x00, 0x00, 0x02, 0x6E, 0x00,
    0x03, 0x00, 0x00, 0x00, 0x61, 0x30, 0x00, 0x10, 0x64, 0x00, 0x0D, 0x00,
    0x00, 0x00, 0x00, 0x03, 0x34, 0x00, 0x16, 0x00, 0x00, 0x00, 0x02, 0x6E,
    0x00, 0x03, 0x00, 0x00, 0x00, 0x61, 0x31, 0x00, 0x10, 0x64, 0x00, 0x0D,
    0x00, 0x00, 0x00, 0x00, 0x03, 0x35, 0x00, 0x16, 0x00, 0x00, 0x00, 0x02,
    0x6E, 0x00, 0x03, 0x00, 0x00, 0x00, 0x61, 0x32, 0x00, 0x10, 0x64, 0x00,
    0x0D, 0x00, 0x00, 0x00, 0x00, 0x03, 0x36, 0x00, 0x16, 0x00, 0x00, 0x00,
    0x02, 0x6E, 0x00, 0x03, 0x00, 0x00, 0x00, 0x77, 0x31, 0x00, 0x10, 0x64,
    0x00, 0x0E, 0x00, 0x00, 0x00, 0x00, 0x00, 0x10, 0x6C, 0x00, 0x0F, 0x00,
    0x00, 0x00, 0x10, 0x63, 0x00, 0x00, 0x01, 0x00, 0x00, 0x10, 0x66, 0x00,
    0x00, 0x00, 0x00, 0x00, 0x00, 0x03, 0x34, 0x00, 0x9D, 0x00, 0x00, 0x00,
    0x02, 0x6E, 0x00, 0x0F, 0x00, 0x00, 0x00, 0x5F, 0x65, 0x6D, 0x69, 0x74,
    0x5F, 0x70, 0x61, 0x69, 0x72, 0x61, 0x62, 0x6C, 0x65, 0x00, 0x04, 0x70,
    0x00, 0x6A, 0x00, 0x00, 0x00, 0x03, 0x30, 0x00, 0x12, 0x00, 0x00, 0x00,
    0x02, 0x6E, 0x00, 0x06, 0x00, 0x00, 0x00, 0x66, 0x72, 0x61, 0x6D, 0x65,
    0x00, 0x00, 0x03, 0x31, 0x00, 0x0F, 0x00, 0x00, 0x00, 0x02, 0x6E, 0x00,
    0x03, 0x00, 0x00, 0x00, 0x6F, 0x70, 0x00, 0x00, 0x03, 0x32, 0x00, 0x1B,
    0x00, 0x00, 0x00, 0x02, 0x6E, 0x00, 0x08, 0x00, 0x00, 0x00, 0x70, 0x72,
    0x69, 0x6D, 0x61, 0x72, 0x79, 0x00, 0x10, 0x64, 0x00, 0x0D, 0x00, 0x00,
    0x00, 0x00, 0x03, 0x33, 0x00, 0x1D, 0x00, 0x00, 0x00, 0x02, 0x6E, 0x00,
    0x0A, 0x00, 0x00, 0x00, 0x73, 0x65, 0x63, 0x6F, 0x6E, 0x64, 0x61, 0x72,
    0x79, 0x00, 0x10, 0x64, 0x00, 0x0D, 0x00, 0x00, 0x00, 0x00, 0x00, 0x10,
    0x6C, 0x00, 0x05, 0x00, 0x00, 0x00, 0x10, 0x63, 0x00, 0x20, 0x01, 0x00,
    0x00, 0x10, 0x66, 0x00, 0x00, 0x00, 0x00, 0x00, 0x00, 0x03, 0x35, 0x00,
    0x61, 0x00, 0x00, 0x00, 0x02, 0x6E, 0x00, 0x0E, 0x00, 0x00, 0x00, 0x63,
    0x6F, 0x6D, 0x70, 0x69, 0x6C, 0x65, 0x5F, 0x63, 0x6C, 0x61, 0x73, 0x73,
    0x00, 0x04, 0x70, 0x00, 0x2F, 0x00, 0x00, 0x00, 0x03, 0x30, 0x00, 0x11,
    0x00, 0x00, 0x00, 0x02, 0x6E, 0x00, 0x05, 0x00, 0x00, 0x00, 0x6E, 0x6F,
    0x64, 0x65, 0x00, 0x00, 0x03, 0x31, 0x00, 0x13, 0x00, 0x00, 0x00, 0x02,
    0x6E, 0x00, 0x07, 0x00, 0x00, 0x00, 0x6D, 0x6F, 0x64, 0x75, 0x6C, 0x65,
    0x00, 0x00, 0x00, 0x10, 0x6C, 0x00, 0x21, 0x00, 0x00, 0x00, 0x10, 0x63,
    0x00, 0x32, 0x01, 0x00, 0x00, 0x10, 0x66, 0x00, 0x00, 0x00, 0x00, 0x00,
    0x00, 0x03, 0x36, 0x00, 0x6A, 0x00, 0x00, 0x00, 0x02, 0x6E, 0x00, 0x17,
    0x00, 0x00, 0x00, 0x63, 0x6F, 0x6D, 0x70, 0x69, 0x6C, 0x65, 0x5F, 0x63,
    0x6C, 0x61, 0x73, 0x73, 0x5F, 0x74, 0x6F, 0x70, 0x6C, 0x65, 0x76, 0x65,
    0x6C, 0x00, 0x04, 0x70, 0x00, 0x2F, 0x00, 0x00, 0x00, 0x03, 0x30, 0x00,
    0x11, 0x00, 0x00, 0x00, 0x02, 0x6E, 0x00, 0x05, 0x00, 0x00, 0x00, 0x6E,
    0x6F, 0x64, 0x65, 0x00, 0x00, 0x03, 0x31, 0x00, 0x13, 0x00, 0x00, 0x00,
    0x02, 0x6E, 0x00, 0x07, 0x00, 0x00, 0x00, 0x6D, 0x6F, 0x64, 0x75, 0x6C,
    0x65, 0x00, 0x00, 0x00, 0x10, 0x6C, 0x00, 0x0F, 0x00, 0x00, 0x00, 0x10,
    0x63, 0x00, 0x7E, 0x02, 0x00, 0x00, 0x10, 0x66, 0x00, 0x00, 0x00, 0x00,
    0x00, 0x00, 0x03, 0x37, 0x00, 0x62, 0x00, 0x00, 0x00, 0x02, 0x6E, 0x00,
    0x0F, 0x00, 0x00, 0x00, 0x5F, 0x63, 0x6C, 0x61, 0x73, 0x73, 0x5F, 0x73,
    0x74, 0x61, 0x74, 0x69, 0x63, 0x73, 0x00, 0x04, 0x70, 0x00, 0x2F, 0x00,
    0x00, 0x00, 0x03, 0x30, 0x00, 0x11, 0x00, 0x00, 0x00, 0x02, 0x6E, 0x00,
    0x05, 0x00, 0x00, 0x00, 0x6E, 0x6F, 0x64, 0x65, 0x00, 0x00, 0x03, 0x31,
    0x00, 0x13, 0x00, 0x00, 0x00, 0x02, 0x6E, 0x00, 0x07, 0x00, 0x00, 0x00,
    0x6D, 0x6F, 0x64, 0x75, 0x6C, 0x65, 0x00, 0x00, 0x00, 0x10, 0x6C, 0x00,
    0x0D, 0x00, 0x00, 0x00, 0x10, 0x63, 0x00, 0xCE, 0x02, 0x00, 0x00, 0x10,
    0x66, 0x00, 0x00, 0x00, 0x00, 0x00, 0x00, 0x03, 0x38, 0x00, 0x79, 0x00,
    0x00, 0x00, 0x02, 0x6E, 0x00, 0x0A, 0x00, 0x00, 0x00, 0x5F, 0x64, 0x69,
    0x73, 0x70, 0x61, 0x74, 0x63, 0x68, 0x00, 0x04, 0x70, 0x00, 0x4B, 0x00,
    0x00, 0x00, 0x03, 0x30, 0x00, 0x13, 0x00, 0x00, 0x00, 0x02, 0x6E, 0x00,
    0x07, 0x00, 0x00, 0x00, 0x68, 0x6F, 0x6C, 0x64, 0x65, 0x72, 0x00, 0x00,
    0x03, 0x31, 0x00, 0x17, 0x00, 0x00, 0x00, 0x02, 0x6E, 0x00, 0x0B, 0x00,
    0x00, 0x00, 0x63, 0x6C, 0x61, 0x73, 0x73, 0x5F, 0x6E, 0x61, 0x6D, 0x65,
    0x00, 0x00, 0x03, 0x32, 0x00, 0x13, 0x00, 0x00, 0x00, 0x02, 0x6E, 0x00,
    0x07, 0x00, 0x00, 0x00, 0x6D, 0x6F, 0x64, 0x75, 0x6C, 0x65, 0x00, 0x00,
    0x00, 0x10, 0x6C, 0x00, 0x04, 0x00, 0x00, 0x00, 0x10, 0x63, 0x00, 0x21,
    0x03, 0x00, 0x00, 0x10, 0x66, 0x00, 0x00, 0x00, 0x00, 0x00, 0x00, 0x03,
    0x39, 0x00, 0x4A, 0x00, 0x00, 0x00, 0x02, 0x6E, 0x00, 0x0D, 0x00, 0x00,
    0x00, 0x5F, 0x63, 0x6C, 0x61, 0x73, 0x73, 0x5F, 0x62, 0x61, 0x73, 0x65,
    0x73, 0x00, 0x04, 0x70, 0x00, 0x19, 0x00, 0x00, 0x00, 0x03, 0x30, 0x00,
    0x11, 0x00, 0x00, 0x00, 0x02, 0x6E, 0x00, 0x05, 0x00, 0x00, 0x00, 0x62,
    0x61, 0x73, 0x65, 0x00, 0x00, 0x00, 0x10, 0x6C, 0x00, 0x03, 0x00, 0x00,
    0x00, 0x10, 0x63, 0x00, 0x39, 0x03, 0x00, 0x00, 0x10, 0x66, 0x00, 0x00,
    0x00, 0x00, 0x00, 0x00, 0x03, 0x31, 0x30, 0x00, 0x79, 0x00, 0x00, 0x00,
    0x02, 0x6E, 0x00, 0x11, 0x00, 0x00, 0x00, 0x5F, 0x73, 0x75, 0x70, 0x65,
    0x72, 0x63, 0x6C, 0x61, 0x73, 0x73, 0x5F, 0x73, 0x6C, 0x6F, 0x74, 0x00,
    0x04, 0x70, 0x00, 0x44, 0x00, 0x00, 0x00, 0x03, 0x30, 0x00, 0x12, 0x00,
    0x00, 0x00, 0x02, 0x6E, 0x00, 0x06, 0x00, 0x00, 0x00, 0x62, 0x61, 0x73,
    0x65, 0x73, 0x00, 0x00, 0x03, 0x31, 0x00, 0x11, 0x00, 0x00, 0x00, 0x02,
    0x6E, 0x00, 0x05, 0x00, 0x00, 0x00, 0x6E, 0x6F, 0x64, 0x65, 0x00, 0x00,
    0x03, 0x32, 0x00, 0x13, 0x00, 0x00, 0x00, 0x02, 0x6E, 0x00, 0x07, 0x00,
    0x00, 0x00, 0x6D, 0x6F, 0x64, 0x75, 0x6C, 0x65, 0x00, 0x00, 0x00, 0x10,
    0x6C, 0x00, 0x08, 0x00, 0x00, 0x00, 0x10, 0x63, 0x00, 0x45, 0x03, 0x00,
    0x00, 0x10, 0x66, 0x00, 0x00, 0x00, 0x00, 0x00, 0x00, 0x03, 0x31, 0x31,
    0x00, 0x4F, 0x00, 0x00, 0x00, 0x02, 0x6E, 0x00, 0x11, 0x00, 0x00, 0x00,
    0x5F, 0x73, 0x75, 0x70, 0x65, 0x72, 0x63, 0x6C, 0x61, 0x73, 0x73, 0x5F,
    0x6E, 0x61, 0x6D, 0x65, 0x00, 0x04, 0x70, 0x00, 0x1A, 0x00, 0x00, 0x00,
    0x03, 0x30, 0x00, 0x12, 0x00, 0x00, 0x00, 0x02, 0x6E, 0x00, 0x06, 0x00,
    0x00, 0x00, 0x62, 0x61, 0x73, 0x65, 0x73, 0x00, 0x00, 0x00, 0x10, 0x6C,
    0x00, 0x04, 0x00, 0x00, 0x00, 0x10, 0x63, 0x00, 0x70, 0x03, 0x00, 0x00,
    0x10, 0x66, 0x00, 0x00, 0x00, 0x00, 0x00, 0x00, 0x03, 0x31, 0x32, 0x00,
    0x8D, 0x00, 0x00, 0x00, 0x02, 0x6E, 0x00, 0x06, 0x00, 0x00, 0x00, 0x5F,
    0x73, 0x6C, 0x6F, 0x74, 0x00, 0x04, 0x70, 0x00, 0x63, 0x00, 0x00, 0x00,
    0x03, 0x30, 0x00, 0x13, 0x00, 0x00, 0x00, 0x02, 0x6E, 0x00, 0x07, 0x00,
    0x00, 0x00, 0x6D, 0x65, 0x6D, 0x62, 0x65, 0x72, 0x00, 0x00, 0x03, 0x31,
    0x00, 0x17, 0x00, 0x00, 0x00, 0x02, 0x6E, 0x00, 0x0B, 0x00, 0x00, 0x00,
    0x63, 0x6C, 0x61, 0x73, 0x73, 0x5F, 0x6E, 0x61, 0x6D, 0x65, 0x00, 0x00,
    0x03, 0x32, 0x00, 0x13, 0x00, 0x00, 0x00, 0x02, 0x6E, 0x00, 0x07, 0x00,
    0x00, 0x00, 0x6D, 0x6F, 0x64, 0x75, 0x6C, 0x65, 0x00, 0x00, 0x03, 0x33,
    0x00, 0x15, 0x00, 0x00, 0x00, 0x02, 0x6E, 0x00, 0x09, 0x00, 0x00, 0x00,
    0x64, 0x69, 0x73, 0x70, 0x61, 0x74, 0x63, 0x68, 0x00, 0x00, 0x00, 0x10,
    0x6C, 0x00, 0x11, 0x00, 0x00, 0x00, 0x10, 0x63, 0x00, 0x8A, 0x03, 0x00,
    0x00, 0x10, 0x66, 0x00, 0x00, 0x00, 0x00, 0x00, 0x00, 0x03, 0x31, 0x33,
    0x00, 0xAF, 0x00, 0x00, 0x00, 0x02, 0x6E, 0x00, 0x14, 0x00, 0x00, 0x00,
    0x5F, 0x73, 0x75, 0x62, 0x73, 0x63, 0x6F, 0x70, 0x65, 0x5F, 0x61, 0x63,
    0x63, 0x65, 0x73, 0x73, 0x6F, 0x72, 0x73, 0x00, 0x04, 0x70, 0x00, 0x77,
    0x00, 0x00, 0x00, 0x03, 0x30, 0x00, 0x11, 0x00, 0x00, 0x00, 0x02, 0x6E,
    0x00, 0x05, 0x00, 0x00, 0x00, 0x62, 0x6F, 0x64, 0x79, 0x00, 0x00, 0x03,
    0x31, 0x00, 0x13, 0x00, 0x00, 0x00, 0x02, 0x6E, 0x00, 0x07, 0x00, 0x00,
    0x00, 0x6D, 0x65, 0x6D, 0x62, 0x65, 0x72, 0x00, 0x00, 0x03, 0x32, 0x00,
    0x17, 0x00, 0x00, 0x00, 0x02, 0x6E, 0x00, 0x0B, 0x00, 0x00, 0x00, 0x63,
    0x6C, 0x61, 0x73, 0x73, 0x5F, 0x6E, 0x61, 0x6D, 0x65, 0x00, 0x00, 0x03,
    0x33, 0x00, 0x13, 0x00, 0x00, 0x00, 0x02, 0x6E, 0x00, 0x07, 0x00, 0x00,
    0x00, 0x6D, 0x6F, 0x64, 0x75, 0x6C, 0x65, 0x00, 0x00, 0x03, 0x34, 0x00,
    0x15, 0x00, 0x00, 0x00, 0x02, 0x6E, 0x00, 0x09, 0x00, 0x00, 0x00, 0x64,
    0x69, 0x73, 0x70, 0x61, 0x74, 0x63, 0x68, 0x00, 0x00, 0x00, 0x10, 0x6C,
    0x00, 0x14, 0x00, 0x00, 0x00, 0x10, 0x63, 0x00, 0x15, 0x04, 0x00, 0x00,
    0x10, 0x66, 0x00, 0x00, 0x00, 0x00, 0x00, 0x00, 0x03, 0x31, 0x34, 0x00,
    0x8F, 0x00, 0x00, 0x00, 0x02, 0x6E, 0x00, 0x08, 0x00, 0x00, 0x00, 0x5F,
    0x6D, 0x65, 0x74, 0x68, 0x6F, 0x64, 0x00, 0x04, 0x70, 0x00, 0x63, 0x00,
    0x00, 0x00, 0x03, 0x30, 0x00, 0x13, 0x00, 0x00, 0x00, 0x02, 0x6E, 0x00,
    0x07, 0x00, 0x00, 0x00, 0x6D, 0x65, 0x6D, 0x62, 0x65, 0x72, 0x00, 0x00,
    0x03, 0x31, 0x00, 0x17, 0x00, 0x00, 0x00, 0x02, 0x6E, 0x00, 0x0B, 0x00,
    0x00, 0x00, 0x63, 0x6C, 0x61, 0x73, 0x73, 0x5F, 0x6E, 0x61, 0x6D, 0x65,
    0x00, 0x00, 0x03, 0x32, 0x00, 0x13, 0x00, 0x00, 0x00, 0x02, 0x6E, 0x00,
    0x07, 0x00, 0x00, 0x00, 0x6D, 0x6F, 0x64, 0x75, 0x6C, 0x65, 0x00, 0x00,
    0x03, 0x33, 0x00, 0x15, 0x00, 0x00, 0x00, 0x02, 0x6E, 0x00, 0x09, 0x00,
    0x00, 0x00, 0x64, 0x69, 0x73, 0x70, 0x61, 0x74, 0x63, 0x68, 0x00, 0x00,
    0x00, 0x10, 0x6C, 0x00, 0x12, 0x00, 0x00, 0x00, 0x10, 0x63, 0x00, 0xBB,
    0x04, 0x00, 0x00, 0x10, 0x66, 0x00, 0x00, 0x00, 0x00, 0x00, 0x00, 0x03,
    0x31, 0x35, 0x00, 0x77, 0x00, 0x00, 0x00, 0x02, 0x6E, 0x00, 0x08, 0x00,
    0x00, 0x00, 0x5F, 0x73, 0x74, 0x61, 0x74, 0x69, 0x63, 0x00, 0x04, 0x70,
    0x00, 0x4B, 0x00, 0x00, 0x00, 0x03, 0x30, 0x00, 0x13, 0x00, 0x00, 0x00,
    0x02, 0x6E, 0x00, 0x07, 0x00, 0x00, 0x00, 0x6D, 0x65, 0x6D, 0x62, 0x65,
    0x72, 0x00, 0x00, 0x03, 0x31, 0x00, 0x17, 0x00, 0x00, 0x00, 0x02, 0x6E,
    0x00, 0x0B, 0x00, 0x00, 0x00, 0x63, 0x6C, 0x61, 0x73, 0x73, 0x5F, 0x6E,
    0x61, 0x6D, 0x65, 0x00, 0x00, 0x03, 0x32, 0x00, 0x13, 0x00, 0x00, 0x00,
    0x02, 0x6E, 0x00, 0x07, 0x00, 0x00, 0x00, 0x6D, 0x6F, 0x64, 0x75, 0x6C,
    0x65, 0x00, 0x00, 0x00, 0x10, 0x6C, 0x00, 0x08, 0x00, 0x00, 0x00, 0x10,
    0x63, 0x00, 0x21, 0x05, 0x00, 0x00, 0x10, 0x66, 0x00, 0x00, 0x00, 0x00,
    0x00, 0x00, 0x03, 0x31, 0x36, 0x00, 0x91, 0x00, 0x00, 0x00, 0x02, 0x6E,
    0x00, 0x1F, 0x00, 0x00, 0x00, 0x63, 0x6F, 0x6D, 0x70, 0x69, 0x6C, 0x65,
    0x5F, 0x64, 0x69, 0x73, 0x70, 0x61, 0x74, 0x63, 0x68, 0x65, 0x64, 0x5F,
    0x66, 0x6E, 0x5F, 0x74, 0x6F, 0x70, 0x6C, 0x65, 0x76, 0x65, 0x6C, 0x00,
    0x04, 0x70, 0x00, 0x4E, 0x00, 0x00, 0x00, 0x03, 0x30, 0x00, 0x11, 0x00,
    0x00, 0x00, 0x02, 0x6E, 0x00, 0x05, 0x00, 0x00, 0x00, 0x6E, 0x6F, 0x64,
    0x65, 0x00, 0x00, 0x03, 0x31, 0x00, 0x13, 0x00, 0x00, 0x00, 0x02, 0x6E,
    0x00, 0x07, 0x00, 0x00, 0x00, 0x6D, 0x6F, 0x64, 0x75, 0x6C, 0x65, 0x00,
    0x00, 0x03, 0x32, 0x00, 0x1C, 0x00, 0x00, 0x00, 0x02, 0x6E, 0x00, 0x09,
    0x00, 0x00, 0x00, 0x74, 0x6F, 0x6C, 0x65, 0x72, 0x61, 0x6E, 0x74, 0x00,
    0x10, 0x64, 0x00, 0x28, 0x00, 0x00, 0x00, 0x00, 0x00, 0x10, 0x6C, 0x00,
    0x25, 0x00, 0x00, 0x00, 0x10, 0x63, 0x00, 0x4D, 0x05, 0x00, 0x00, 0x10,
    0x66, 0x00, 0x00, 0x00, 0x00, 0x00, 0x00, 0x00,
};

static const uint8_t classes_classes[] = {
    0x05, 0x00, 0x00, 0x00, 0x00,
};

static const uint8_t classes_messages[] = {
    0x33, 0x01, 0x00, 0x00, 0x03, 0x30, 0x00, 0x14, 0x00, 0x00, 0x00, 0x04,
    0x70, 0x00, 0x0C, 0x00, 0x00, 0x00, 0x10, 0x30, 0x00, 0x08, 0x00, 0x00,
    0x00, 0x00, 0x00, 0x03, 0x31, 0x00, 0x14, 0x00, 0x00, 0x00, 0x04, 0x70,
    0x00, 0x0C, 0x00, 0x00, 0x00, 0x10, 0x30, 0x00, 0x0D, 0x00, 0x00, 0x00,
    0x00, 0x00, 0x03, 0x32, 0x00, 0x14, 0x00, 0x00, 0x00, 0x04, 0x70, 0x00,
    0x0C, 0x00, 0x00, 0x00, 0x10, 0x30, 0x00, 0x12, 0x00, 0x00, 0x00, 0x00,
    0x00, 0x03, 0x33, 0x00, 0x14, 0x00, 0x00, 0x00, 0x04, 0x70, 0x00, 0x0C,
    0x00, 0x00, 0x00, 0x10, 0x30, 0x00, 0x15, 0x00, 0x00, 0x00, 0x00, 0x00,
    0x03, 0x34, 0x00, 0x14, 0x00, 0x00, 0x00, 0x04, 0x70, 0x00, 0x0C, 0x00,
    0x00, 0x00, 0x10, 0x30, 0x00, 0x17, 0x00, 0x00, 0x00, 0x00, 0x00, 0x03,
    0x35, 0x00, 0x14, 0x00, 0x00, 0x00, 0x04, 0x70, 0x00, 0x0C, 0x00, 0x00,
    0x00, 0x10, 0x30, 0x00, 0x19, 0x00, 0x00, 0x00, 0x00, 0x00, 0x03, 0x36,
    0x00, 0x14, 0x00, 0x00, 0x00, 0x04, 0x70, 0x00, 0x0C, 0x00, 0x00, 0x00,
    0x10, 0x30, 0x00, 0x1B, 0x00, 0x00, 0x00, 0x00, 0x00, 0x03, 0x37, 0x00,
    0x14, 0x00, 0x00, 0x00, 0x04, 0x70, 0x00, 0x0C, 0x00, 0x00, 0x00, 0x10,
    0x30, 0x00, 0x1C, 0x00, 0x00, 0x00, 0x00, 0x00, 0x03, 0x38, 0x00, 0x14,
    0x00, 0x00, 0x00, 0x04, 0x70, 0x00, 0x0C, 0x00, 0x00, 0x00, 0x10, 0x30,
    0x00, 0x21, 0x00, 0x00, 0x00, 0x00, 0x00, 0x03, 0x39, 0x00, 0x14, 0x00,
    0x00, 0x00, 0x04, 0x70, 0x00, 0x0C, 0x00, 0x00, 0x00, 0x10, 0x30, 0x00,
    0x23, 0x00, 0x00, 0x00, 0x00, 0x00, 0x03, 0x31, 0x30, 0x00, 0x14, 0x00,
    0x00, 0x00, 0x04, 0x70, 0x00, 0x0C, 0x00, 0x00, 0x00, 0x10, 0x30, 0x00,
    0x24, 0x00, 0x00, 0x00, 0x00, 0x00, 0x03, 0x31, 0x31, 0x00, 0x14, 0x00,
    0x00, 0x00, 0x04, 0x70, 0x00, 0x0C, 0x00, 0x00, 0x00, 0x10, 0x30, 0x00,
    0x25, 0x00, 0x00, 0x00, 0x00, 0x00, 0x03, 0x31, 0x32, 0x00, 0x14, 0x00,
    0x00, 0x00, 0x04, 0x70, 0x00, 0x0C, 0x00, 0x00, 0x00, 0x10, 0x30, 0x00,
    0x2A, 0x00, 0x00, 0x00, 0x00, 0x00, 0x00,
};

static const uint8_t classes_exports[] = {
    0xB8, 0x13, 0x00, 0x00, 0x10, 0x77, 0x79, 0x72, 0x6D, 0x00, 0x00, 0x00,
    0x00, 0x00, 0x10, 0x5F, 0x74, 0x61, 0x69, 0x6C, 0x00, 0x01, 0x00, 0x00,
    0x00, 0x10, 0x5F, 0x66, 0x69, 0x65, 0x6C, 0x64, 0x00, 0x02, 0x00, 0x00,
    0x00, 0x10, 0x5F, 0x63, 0x6F, 0x6E, 0x73, 0x74, 0x61, 0x6E, 0x74, 0x5F,
    0x76, 0x61, 0x6C, 0x75, 0x65, 0x00, 0x03, 0x00, 0x00, 0x00, 0x10, 0x5F,
    0x65, 0x6D, 0x69, 0x74, 0x5F, 0x70, 0x61, 0x63, 0x6B, 0x00, 0x04, 0x00,
    0x00, 0x00, 0x10, 0x5F, 0x65, 0x6D, 0x69, 0x74, 0x5F, 0x70, 0x61, 0x69,
    0x72, 0x61, 0x62, 0x6C, 0x65, 0x00, 0x05, 0x00, 0x00, 0x00, 0x10, 0x63,
    0x6F, 0x6D, 0x70, 0x69, 0x6C, 0x65, 0x5F, 0x63, 0x6C, 0x61, 0x73, 0x73,
    0x00, 0x06, 0x00, 0x00, 0x00, 0x10, 0x63, 0x6F, 0x6D, 0x70, 0x69, 0x6C,
    0x65, 0x5F, 0x63, 0x6C, 0x61, 0x73, 0x73, 0x5F, 0x74, 0x6F, 0x70, 0x6C,
    0x65, 0x76, 0x65, 0x6C, 0x00, 0x07, 0x00, 0x00, 0x00, 0x10, 0x5F, 0x63,
    0x6C, 0x61, 0x73, 0x73, 0x5F, 0x73, 0x74, 0x61, 0x74, 0x69, 0x63, 0x73,
    0x00, 0x08, 0x00, 0x00, 0x00, 0x10, 0x5F, 0x64, 0x69, 0x73, 0x70, 0x61,
    0x74, 0x63, 0x68, 0x00, 0x09, 0x00, 0x00, 0x00, 0x10, 0x5F, 0x63, 0x6C,
    0x61, 0x73, 0x73, 0x5F, 0x62, 0x61, 0x73, 0x65, 0x73, 0x00, 0x0A, 0x00,
    0x00, 0x00, 0x10, 0x5F, 0x73, 0x75, 0x70, 0x65, 0x72, 0x63, 0x6C, 0x61,
    0x73, 0x73, 0x5F, 0x73, 0x6C, 0x6F, 0x74, 0x00, 0x0B, 0x00, 0x00, 0x00,
    0x10, 0x5F, 0x73, 0x75, 0x70, 0x65, 0x72, 0x63, 0x6C, 0x61, 0x73, 0x73,
    0x5F, 0x6E, 0x61, 0x6D, 0x65, 0x00, 0x0C, 0x00, 0x00, 0x00, 0x10, 0x5F,
    0x73, 0x6C, 0x6F, 0x74, 0x00, 0x0D, 0x00, 0x00, 0x00, 0x10, 0x5F, 0x73,
    0x75, 0x62, 0x73, 0x63, 0x6F, 0x70, 0x65, 0x5F, 0x61, 0x63, 0x63, 0x65,
    0x73, 0x73, 0x6F, 0x72, 0x73, 0x00, 0x0E, 0x00, 0x00, 0x00, 0x10, 0x5F,
    0x6D, 0x65, 0x74, 0x68, 0x6F, 0x64, 0x00, 0x0F, 0x00, 0x00, 0x00, 0x10,
    0x5F, 0x73, 0x74, 0x61, 0x74, 0x69, 0x63, 0x00, 0x10, 0x00, 0x00, 0x00,
    0x10, 0x63, 0x6F, 0x6D, 0x70, 0x69, 0x6C, 0x65, 0x5F, 0x64, 0x69, 0x73,
    0x70, 0x61, 0x74, 0x63, 0x68, 0x65, 0x64, 0x5F, 0x66, 0x6E, 0x5F, 0x74,
    0x6F, 0x70, 0x6C, 0x65, 0x76, 0x65, 0x6C, 0x00, 0x11, 0x00, 0x00, 0x00,
    0x10, 0x46, 0x4E, 0x5F, 0x4D, 0x45, 0x53, 0x53, 0x41, 0x47, 0x45, 0x00,
    0x12, 0x00, 0x00, 0x00, 0x10, 0x42, 0x59, 0x5F, 0x4E, 0x41, 0x4D, 0x45,
    0x00, 0x13, 0x00, 0x00, 0x00, 0x10, 0x42, 0x59, 0x5F, 0x56, 0x41, 0x4C,
    0x55, 0x45, 0x00, 0x14, 0x00, 0x00, 0x00, 0x10, 0x43, 0x4F, 0x52, 0x45,
    0x00, 0x15, 0x00, 0x00, 0x00, 0x10, 0x44, 0x49, 0x47, 0x49, 0x54, 0x53,
    0x00, 0x16, 0x00, 0x00, 0x00, 0x10, 0x4C, 0x00, 0x17, 0x00, 0x00, 0x00,
    0x10, 0x4C, 0x4F, 0x4E, 0x47, 0x00, 0x18, 0x00, 0x00, 0x00, 0x10, 0x4C,
    0x4F, 0x4E, 0x47, 0x5F, 0x53, 0x54, 0x41, 0x52, 0x54, 0x00, 0x19, 0x00,
    0x00, 0x00, 0x10, 0x4F, 0x50, 0x53, 0x00, 0x1A, 0x00, 0x00, 0x00, 0x10,
    0x50, 0x00, 0x1B, 0x00, 0x00, 0x00, 0x10, 0x50, 0x41, 0x49, 0x52, 0x41,
    0x42, 0x4C, 0x45, 0x00, 0x1C, 0x00, 0x00, 0x00, 0x10, 0x50, 0x5F, 0x42,
    0x49, 0x54, 0x00, 0x1D, 0x00, 0x00, 0x00, 0x10, 0x5F, 0x49, 0x4E, 0x44,
    0x49, 0x43, 0x45, 0x53, 0x00, 0x1E, 0x00, 0x00, 0x00, 0x10, 0x5F, 0x62,
    0x75, 0x69, 0x6C, 0x64, 0x5F, 0x69, 0x6E, 0x64, 0x65, 0x78, 0x00, 0x1F,
    0x00, 0x00, 0x00, 0x10, 0x5F, 0x63, 0x68, 0x61, 0x72, 0x5F, 0x66, 0x72,
    0x6F, 0x6D, 0x5F, 0x63, 0x70, 0x00, 0x20, 0x00, 0x00, 0x00, 0x10, 0x5F,
    0x63, 0x68, 0x65, 0x63, 0x6B, 0x5F, 0x66, 0x69, 0x65, 0x6C, 0x64, 0x00,
    0x21, 0x00, 0x00, 0x00, 0x10, 0x5F, 0x64, 0x65, 0x63, 0x6F, 0x64, 0x65,
    0x5F, 0x6F, 0x70, 0x65, 0x72, 0x61, 0x6E, 0x64, 0x00, 0x22, 0x00, 0x00,
    0x00, 0x10, 0x5F, 0x66, 0x33, 0x32, 0x5F, 0x74, 0x65, 0x78, 0x74, 0x00,
    0x23, 0x00, 0x00, 0x00, 0x10, 0x5F, 0x66, 0x6D, 0x74, 0x5F, 0x72, 0x65,
    0x74, 0x75, 0x72, 0x6E, 0x00, 0x24, 0x00, 0x00, 0x00, 0x10, 0x5F, 0x68,
    0x65, 0x78, 0x32, 0x00, 0x25, 0x00, 0x00, 0x00, 0x10, 0x5F, 0x68, 0x65,
    0x78, 0x5F, 0x64, 0x69, 0x67, 0x69, 0x74, 0x73, 0x00, 0x26, 0x00, 0x00,
    0x00, 0x10, 0x5F, 0x70, 0x6C, 0x75, 0x73, 0x5F, 0x73, 0x69, 0x67, 0x6E,
    0x65, 0x64, 0x00, 0x27, 0x00, 0x00, 0x00, 0x10, 0x5F, 0x72, 0x65, 0x6E,
    0x64, 0x65, 0x72, 0x5F, 0x66, 0x6D, 0x74, 0x00, 0x28, 0x00, 0x00, 0x00,
    0x10, 0x5F, 0x73, 0x69, 0x67, 0x6E, 0x65, 0x64, 0x00, 0x29, 0x00, 0x00,
    0x00, 0x10, 0x5F, 0x76, 0x61, 0x6C, 0x75, 0x65, 0x5F, 0x66, 0x6F, 0x72,
    0x5F, 0x6E, 0x61, 0x6D, 0x65, 0x00, 0x2A, 0x00, 0x00, 0x00, 0x10, 0x64,
    0x69, 0x73, 0x61, 0x73, 0x73, 0x65, 0x6D, 0x62, 0x6C, 0x65, 0x00, 0x2B,
    0x00, 0x00, 0x00, 0x10, 0x64, 0x69, 0x73, 0x61, 0x73, 0x73, 0x65, 0x6D,
    0x62, 0x6C, 0x65, 0x5F, 0x6F, 0x6E, 0x65, 0x00, 0x2C, 0x00, 0x00, 0x00,
    0x10, 0x66, 0x69, 0x74, 0x73, 0x5F, 0x69, 0x31, 0x36, 0x00, 0x2D, 0x00,
    0x00, 0x00, 0x10, 0x66, 0x69, 0x74, 0x73, 0x5F, 0x69, 0x38, 0x00, 0x2E,
    0x00, 0x00, 0x00, 0x10, 0x66, 0x72, 0x6F, 0x6D, 0x5F, 0x72, 0x65, 0x67,
    0x38, 0x00, 0x2F, 0x00, 0x00, 0x00, 0x10, 0x69, 0x73, 0x5F, 0x70, 0x00,
    0x30, 0x00, 0x00, 0x00, 0x10, 0x6C, 0x6F, 0x6F, 0x6B, 0x75, 0x70, 0x00,
    0x31, 0x00, 0x00, 0x00, 0x10, 0x70, 0x61, 0x63, 0x6B, 0x00, 0x32, 0x00,
    0x00, 0x00, 0x10, 0x72, 0x65, 0x67, 0x5F, 0x69, 0x6E, 0x64, 0x65, 0x78,
    0x00, 0x33, 0x00, 0x00, 0x00, 0x10, 0x72, 0x65, 0x67, 0x5F, 0x6E, 0x61,
    0x6D, 0x65, 0x00, 0x34, 0x00, 0x00, 0x00, 0x10, 0x74, 0x6F, 0x5F, 0x72,
    0x65, 0x67, 0x38, 0x00, 0x35, 0x00, 0x00, 0x00, 0x10, 0x75, 0x6E, 0x70,
    0x61, 0x63, 0x6B, 0x00, 0x36, 0x00, 0x00, 0x00, 0x10, 0x42, 0x49, 0x4E,
    0x41, 0x52, 0x59, 0x5F, 0x4F, 0x50, 0x45, 0x52, 0x41, 0x54, 0x4F, 0x52,
    0x53, 0x00, 0x37, 0x00, 0x00, 0x00, 0x10, 0x42, 0x4C, 0x4F, 0x43, 0x4B,
    0x5F, 0x4F, 0x57, 0x4E, 0x45, 0x52, 0x53, 0x00, 0x38, 0x00, 0x00, 0x00,
    0x10, 0x42, 0x4F, 0x55, 0x4E, 0x44, 0x41, 0x52, 0x49, 0x45, 0x53, 0x00,
    0x39, 0x00, 0x00, 0x00, 0x10, 0x42, 0x55, 0x49, 0x4C, 0x54, 0x49, 0x4E,
    0x5F, 0x4E, 0x41, 0x4D, 0x45, 0x53, 0x00, 0x3A, 0x00, 0x00, 0x00, 0x10,
    0x43, 0x4F, 0x4C, 0x4F, 0x4E, 0x5F, 0x43, 0x50, 0x00, 0x3B, 0x00, 0x00,
    0x00, 0x10, 0x46, 0x4E, 0x5F, 0x4C, 0x49, 0x4B, 0x45, 0x00, 0x3C, 0x00,
    0x00, 0x00, 0x10, 0x46, 0x6E, 0x43, 0x6F, 0x6E, 0x74, 0x65, 0x78, 0x74,
    0x00, 0x3D, 0x00, 0x00, 0x00, 0x10, 0x48, 0x4F, 0x53, 0x54, 0x5F, 0x47,
    0x4C, 0x4F, 0x42, 0x41, 0x4C, 0x53, 0x00, 0x3E, 0x00, 0x00, 0x00, 0x10,
    0x49, 0x4D, 0x50, 0x4C, 0x49, 0x43, 0x49, 0x54, 0x5F, 0x4E, 0x41, 0x4D,
    0x45, 0x53, 0x00, 0x3F, 0x00, 0x00, 0x00, 0x10, 0x4C, 0x61, 0x62, 0x65,
    0x6C, 0x00, 0x40, 0x00, 0x00, 0x00, 0x10, 0x4D, 0x41, 0x58, 0x5F, 0x4C,
    0x4F, 0x43, 0x41, 0x4C, 0x53, 0x00, 0x41, 0x00, 0x00, 0x00, 0x10, 0x4D,
    0x6F, 0x64, 0x75, 0x6C, 0x65, 0x43, 0x6F, 0x6E, 0x74, 0x65, 0x78, 0x74,
    0x00, 0x42, 0x00, 0x00, 0x00, 0x10, 0x4D, 0x6F, 0x64, 0x75, 0x6C, 0x65,
    0x49, 0x6D, 0x61, 0x67, 0x65, 0x00, 0x43, 0x00, 0x00, 0x00, 0x10, 0x52,
    0x45, 0x53, 0x45, 0x52, 0x56, 0x45, 0x44, 0x00, 0x44, 0x00, 0x00, 0x00,
    0x10, 0x53, 0x50, 0x45, 0x43, 0x53, 0x00, 0x45, 0x00, 0x00, 0x00, 0x10,
    0x54, 0x41, 0x42, 0x4C, 0x45, 0x5F, 0x4C, 0x49, 0x4D, 0x49, 0x54, 0x00,
    0x46, 0x00, 0x00, 0x00, 0x10, 0x55, 0x33, 0x32, 0x5F, 0x48, 0x49, 0x47,
    0x48, 0x5F, 0x4D, 0x41, 0x53, 0x4B, 0x00, 0x47, 0x00, 0x00, 0x00, 0x10,
    0x55, 0x33, 0x32, 0x5F, 0x4D, 0x41, 0x53, 0x4B, 0x00, 0x48, 0x00, 0x00,
    0x00, 0x10, 0x5F, 0x55, 0x4E, 0x4B, 0x4E, 0x4F, 0x57, 0x4E, 0x5F, 0x53,
    0x50, 0x45, 0x43, 0x00, 0x49, 0x00, 0x00, 0x00, 0x10, 0x5F, 0x61, 0x70,
    0x70, 0x65, 0x6E, 0x64, 0x5F, 0x6E, 0x6F, 0x64, 0x65, 0x73, 0x00, 0x4A,
    0x00, 0x00, 0x00, 0x10, 0x5F, 0x61, 0x70, 0x70, 0x65, 0x6E, 0x64, 0x5F,
    0x70, 0x61, 0x69, 0x72, 0x5F, 0x6C, 0x69, 0x73, 0x74, 0x00, 0x4B, 0x00,
    0x00, 0x00, 0x10, 0x5F, 0x62, 0x75, 0x69, 0x6C, 0x64, 0x5F, 0x73, 0x70,
    0x65, 0x63, 0x73, 0x00, 0x4C, 0x00, 0x00, 0x00, 0x10, 0x5F, 0x63, 0x6F,
    0x6C, 0x6C, 0x65, 0x63, 0x74, 0x5F, 0x61, 0x6C, 0x6C, 0x00, 0x4D, 0x00,
    0x00, 0x00, 0x10, 0x5F, 0x63, 0x6F, 0x6C, 0x6C, 0x65, 0x63, 0x74, 0x5F,
    0x62, 0x6C, 0x6F, 0x63, 0x6B, 0x00, 0x4E, 0x00, 0x00, 0x00, 0x10, 0x5F,
    0x63, 0x6F, 0x6C, 0x6C, 0x65, 0x63, 0x74, 0x5F, 0x73, 0x63, 0x6F, 0x70,
    0x65, 0x00, 0x4F, 0x00, 0x00, 0x00, 0x10, 0x5F, 0x63, 0x6F, 0x70, 0x79,
    0x5F, 0x6E, 0x61, 0x6D, 0x65, 0x73, 0x00, 0x50, 0x00, 0x00, 0x00, 0x10,
    0x5F, 0x64, 0x72, 0x6F, 0x70, 0x5F, 0x6B, 0x65, 0x79, 0x00, 0x51, 0x00,
    0x00, 0x00, 0x10, 0x5F, 0x69, 0x6D, 0x70, 0x6C, 0x69, 0x63, 0x69, 0x74,
    0x5F, 0x65, 0x72, 0x72, 0x6F, 0x72, 0x00, 0x52, 0x00, 0x00, 0x00, 0x10,
    0x5F, 0x69, 0x6D, 0x70, 0x6C, 0x69, 0x63, 0x69, 0x74, 0x5F, 0x6E, 0x6F,
    0x64, 0x65, 0x5F, 0x65, 0x72, 0x72, 0x6F, 0x72, 0x00, 0x53, 0x00, 0x00,
    0x00, 0x10, 0x5F, 0x69, 0x6D, 0x70, 0x6C, 0x69, 0x63, 0x69, 0x74, 0x5F,
    0x74, 0x61, 0x72, 0x67, 0x65, 0x74, 0x5F, 0x65, 0x72, 0x72, 0x6F, 0x72,
    0x00, 0x54, 0x00, 0x00, 0x00, 0x10, 0x5F, 0x6A, 0x6F, 0x69, 0x6E, 0x5F,
    0x70, 0x61, 0x72, 0x74, 0x73, 0x00, 0x55, 0x00, 0x00, 0x00, 0x10, 0x5F,
    0x6E, 0x6F, 0x74, 0x65, 0x5F, 0x64, 0x65, 0x63, 0x6C, 0x61, 0x72, 0x65,
    0x64, 0x00, 0x56, 0x00, 0x00, 0x00, 0x10, 0x5F, 0x6E, 0x6F, 0x74, 0x65,
    0x5F, 0x64, 0x65, 0x66, 0x69, 0x6E, 0x69, 0x74, 0x69, 0x6F, 0x6E, 0x00,
    0x57, 0x00, 0x00, 0x00, 0x10, 0x5F, 0x6F, 0x72, 0x5F, 0x65, 0x6D, 0x70,
    0x74, 0x79, 0x00, 0x58, 0x00, 0x00, 0x00, 0x10, 0x5F, 0x70, 0x61, 0x74,
    0x68, 0x5F, 0x63, 0x68, 0x61, 0x72, 0x00, 0x59, 0x00, 0x00, 0x00, 0x10,
    0x5F, 0x70, 0x61, 0x74, 0x68, 0x5F, 0x70, 0x61, 0x72, 0x74, 0x73, 0x00,
    0x5A, 0x00, 0x00, 0x00, 0x10, 0x5F, 0x70, 0x6F, 0x6F, 0x6C, 0x5F, 0x6B,
    0x69, 0x6E, 0x64, 0x00, 0x5B, 0x00, 0x00, 0x00, 0x10, 0x5F, 0x73, 0x70,
    0x65, 0x63, 0x5F, 0x66, 0x6F, 0x72, 0x00, 0x5C, 0x00, 0x00, 0x00, 0x10,
    0x5F, 0x73, 0x74, 0x61, 0x74, 0x69, 0x63, 0x5F, 0x6B, 0x65, 0x79, 0x00,
    0x5D, 0x00, 0x00, 0x00, 0x10, 0x61, 0x73, 0x73, 0x69, 0x67, 0x6E, 0x65,
    0x64, 0x5F, 0x6E, 0x61, 0x6D, 0x65, 0x73, 0x00, 0x5E, 0x00, 0x00, 0x00,
    0x10, 0x62, 0x6C, 0x6F, 0x63, 0x6B, 0x5F, 0x62, 0x6F, 0x64, 0x69, 0x65,
    0x73, 0x00, 0x5F, 0x00, 0x00, 0x00, 0x10, 0x62, 0x6C, 0x6F, 0x63, 0x6B,
    0x5F, 0x63, 0x68, 0x69, 0x6C, 0x64, 0x72, 0x65, 0x6E, 0x00, 0x60, 0x00,
    0x00, 0x00, 0x10, 0x62, 0x6C, 0x6F, 0x63, 0x6B, 0x5F, 0x73, 0x63, 0x6F,
    0x70, 0x65, 0x73, 0x00, 0x61, 0x00, 0x00, 0x00, 0x10, 0x62, 0x6F, 0x64,
    0x79, 0x5F, 0x73, 0x74, 0x61, 0x74, 0x65, 0x6D, 0x65, 0x6E, 0x74, 0x73,
    0x00, 0x62, 0x00, 0x00, 0x00, 0x10, 0x62, 0x6F, 0x75, 0x6E, 0x64, 0x61,
    0x72, 0x79, 0x5F, 0x62, 0x6F, 0x64, 0x79, 0x00, 0x63, 0x00, 0x00, 0x00,
    0x10, 0x62, 0x6F, 0x75, 0x6E, 0x64, 0x61, 0x72, 0x79, 0x5F, 0x70, 0x61,
    0x72, 0x61, 0x6D, 0x73, 0x00, 0x64, 0x00, 0x00, 0x00, 0x10, 0x63, 0x61,
    0x64, 0x64, 0x72, 0x00, 0x65, 0x00, 0x00, 0x00, 0x10, 0x63, 0x61, 0x64,
    0x72, 0x00, 0x66, 0x00, 0x00, 0x00, 0x10, 0x63, 0x64, 0x64, 0x64, 0x72,
    0x00, 0x67, 0x00, 0x00, 0x00, 0x10, 0x63, 0x64, 0x64, 0x72, 0x00, 0x68,
    0x00, 0x00, 0x00, 0x10, 0x63, 0x65, 0x6C, 0x6C, 0x5F, 0x6E, 0x61, 0x6D,
    0x65, 0x73, 0x00, 0x69, 0x00, 0x00, 0x00, 0x10, 0x63, 0x68, 0x61, 0x69,
    0x6E, 0x00, 0x6A, 0x00, 0x00, 0x00, 0x10, 0x63, 0x68, 0x65, 0x63, 0x6B,
    0x5F, 0x69, 0x6D, 0x70, 0x6C, 0x69, 0x63, 0x69, 0x74, 0x5F, 0x6E, 0x61,
    0x6D, 0x65, 0x73, 0x00, 0x6B, 0x00, 0x00, 0x00, 0x10, 0x63, 0x68, 0x69,
    0x6C, 0x64, 0x72, 0x65, 0x6E, 0x00, 0x6C, 0x00, 0x00, 0x00, 0x10, 0x63,
    0x6F, 0x6E, 0x64, 0x5F, 0x61, 0x73, 0x5F, 0x69, 0x66, 0x00, 0x6D, 0x00,
    0x00, 0x00, 0x10, 0x64, 0x65, 0x63, 0x6C, 0x61, 0x72, 0x65, 0x64, 0x5F,
    0x6E, 0x61, 0x6D, 0x65, 0x73, 0x00, 0x6E, 0x00, 0x00, 0x00, 0x10, 0x64,
    0x65, 0x66, 0x65, 0x72, 0x5F, 0x70, 0x61, 0x72, 0x74, 0x73, 0x00, 0x6F,
    0x00, 0x00, 0x00, 0x10, 0x64, 0x69, 0x73, 0x70, 0x61, 0x74, 0x63, 0x68,
    0x5F, 0x6E, 0x61, 0x6D, 0x65, 0x73, 0x00, 0x70, 0x00, 0x00, 0x00, 0x10,
    0x66, 0x69, 0x65, 0x6C, 0x64, 0x00, 0x71, 0x00, 0x00, 0x00, 0x10, 0x66,
    0x6E, 0x5F, 0x70, 0x61, 0x72, 0x74, 0x73, 0x00, 0x72, 0x00, 0x00, 0x00,
    0x10, 0x66, 0x72, 0x65, 0x65, 0x5F, 0x6E, 0x61, 0x6D, 0x65, 0x73, 0x00,
    0x73, 0x00, 0x00, 0x00, 0x10, 0x69, 0x6E, 0x74, 0x65, 0x72, 0x73, 0x65,
    0x63, 0x74, 0x00, 0x74, 0x00, 0x00, 0x00, 0x10, 0x69, 0x73, 0x5F, 0x6B,
    0x6E, 0x6F, 0x77, 0x6E, 0x5F, 0x6B, 0x69, 0x6E, 0x64, 0x00, 0x75, 0x00,
    0x00, 0x00, 0x10, 0x69, 0x73, 0x5F, 0x6E, 0x61, 0x6D, 0x65, 0x5F, 0x72,
    0x65, 0x66, 0x00, 0x76, 0x00, 0x00, 0x00, 0x10, 0x69, 0x73, 0x5F, 0x70,
    0x61, 0x74, 0x68, 0x5F, 0x6E, 0x6F, 0x64, 0x65, 0x00, 0x77, 0x00, 0x00,
    0x00, 0x10, 0x69, 0x73, 0x5F, 0x73, 0x63, 0x6F, 0x70, 0x65, 0x5F, 0x62,
    0x6F, 0x75, 0x6E, 0x64, 0x61, 0x72, 0x79, 0x00, 0x78, 0x00, 0x00, 0x00,
    0x10, 0x6C, 0x69, 0x73, 0x74, 0x5F, 0x68, 0x65, 0x61, 0x64, 0x00, 0x79,
    0x00, 0x00, 0x00, 0x10, 0x6C, 0x69, 0x73, 0x74, 0x5F, 0x74, 0x61, 0x69,
    0x6C, 0x00, 0x7A, 0x00, 0x00, 0x00, 0x10, 0x6D, 0x61, 0x6B, 0x65, 0x5F,
    0x63, 0x6C, 0x61, 0x73, 0x73, 0x5F, 0x73, 0x6C, 0x6F, 0x74, 0x00, 0x7B,
    0x00, 0x00, 0x00, 0x10, 0x6D, 0x61, 0x6B, 0x65, 0x5F, 0x66, 0x6E, 0x5F,
    0x70, 0x61, 0x72, 0x61, 0x6D, 0x00, 0x7C, 0x00, 0x00, 0x00, 0x10, 0x6D,
    0x61, 0x6B, 0x65, 0x5F, 0x67, 0x6C, 0x6F, 0x62, 0x61, 0x6C, 0x5F, 0x73,
    0x6C, 0x6F, 0x74, 0x00, 0x7D, 0x00, 0x00, 0x00, 0x10, 0x6E, 0x6F, 0x64,
    0x65, 0x5F, 0x6B, 0x69, 0x6E, 0x64, 0x00, 0x7E, 0x00, 0x00, 0x00, 0x10,
    0x6E, 0x6F, 0x74, 0x65, 0x5F, 0x61, 0x6C, 0x6C, 0x00, 0x7F, 0x00, 0x00,
    0x00, 0x10, 0x6E, 0x6F, 0x74, 0x65, 0x5F, 0x6E, 0x61, 0x6D, 0x65, 0x00,
    0x80, 0x00, 0x00, 0x00, 0x10, 0x6F, 0x77, 0x6E, 0x5F, 0x64, 0x65, 0x63,
    0x6C, 0x61, 0x72, 0x65, 0x64, 0x5F, 0x6E, 0x61, 0x6D, 0x65, 0x73, 0x00,
    0x81, 0x00, 0x00, 0x00, 0x10, 0x70, 0x61, 0x63, 0x6B, 0x5F, 0x70, 0x61,
    0x69, 0x72, 0x61, 0x62, 0x6C, 0x65, 0x00, 0x82, 0x00, 0x00, 0x00, 0x10,
    0x70, 0x61, 0x69, 0x72, 0x5F, 0x61, 0x70, 0x70, 0x65, 0x6E, 0x64, 0x00,
    0x83, 0x00, 0x00, 0x00, 0x10, 0x70, 0x61, 0x69, 0x72, 0x5F, 0x6C, 0x65,
    0x6E, 0x67, 0x74, 0x68, 0x00, 0x84, 0x00, 0x00, 0x00, 0x10, 0x70, 0x61,
    0x72, 0x61, 0x6D, 0x5F, 0x6E, 0x61, 0x6D, 0x65, 0x73, 0x00, 0x85, 0x00,
    0x00, 0x00, 0x10, 0x70, 0x61, 0x72, 0x61, 0x6D, 0x5F, 0x70, 0x61, 0x72,
    0x74, 0x73, 0x00, 0x86, 0x00, 0x00, 0x00, 0x10, 0x72, 0x65, 0x70, 0x6C,
    0x61, 0x63, 0x65, 0x00, 0x87, 0x00, 0x00, 0x00, 0x10, 0x73, 0x61, 0x6D,
    0x65, 0x5F, 0x6E, 0x6F, 0x64, 0x65, 0x00, 0x88, 0x00, 0x00, 0x00, 0x10,
    0x73, 0x74, 0x64, 0x00, 0x89, 0x00, 0x00, 0x00, 0x10, 0x74, 0x6F, 0x5F,
    0x6C, 0x69, 0x73, 0x74, 0x00, 0x8A, 0x00, 0x00, 0x00, 0x10, 0x77, 0x61,
    0x6C, 0x6B, 0x5F, 0x61, 0x6C, 0x6C, 0x00, 0x8B, 0x00, 0x00, 0x00, 0x10,
    0x77, 0x61, 0x6C, 0x6B, 0x5F, 0x61, 0x6C, 0x6C, 0x5F, 0x62, 0x6F, 0x64,
    0x79, 0x00, 0x8C, 0x00, 0x00, 0x00, 0x10, 0x77, 0x61, 0x6C, 0x6B, 0x5F,
    0x62, 0x6C, 0x6F, 0x63, 0x6B, 0x00, 0x8D, 0x00, 0x00, 0x00, 0x10, 0x77,
    0x61, 0x6C, 0x6B, 0x5F, 0x62, 0x6F, 0x64, 0x79, 0x00, 0x8E, 0x00, 0x00,
    0x00, 0x10, 0x77, 0x61, 0x6C, 0x6B, 0x5F, 0x73, 0x63, 0x6F, 0x70, 0x65,
    0x00, 0x8F, 0x00, 0x00, 0x00, 0x10, 0x41, 0x53, 0x54, 0x5F, 0x46, 0x49,
    0x45, 0x4C, 0x44, 0x00, 0x90, 0x00, 0x00, 0x00, 0x10, 0x42, 0x49, 0x4E,
    0x4F, 0x50, 0x53, 0x00, 0x91, 0x00, 0x00, 0x00, 0x10, 0x43, 0x4F, 0x4E,
    0x53, 0x54, 0x52, 0x55, 0x43, 0x54, 0x5F, 0x4E, 0x41, 0x4D, 0x45, 0x53,
    0x00, 0x92, 0x00, 0x00, 0x00, 0x10, 0x45, 0x58, 0x50, 0x52, 0x5F, 0x48,
    0x41, 0x4E, 0x44, 0x4C, 0x45, 0x52, 0x53, 0x00, 0x93, 0x00, 0x00, 0x00,
    0x10, 0x49, 0x4E, 0x54, 0x33, 0x32, 0x5F, 0x4D, 0x41, 0x58, 0x00, 0x94,
    0x00, 0x00, 0x00, 0x10, 0x49, 0x4E, 0x54, 0x33, 0x32, 0x5F, 0x4D, 0x49,
    0x4E, 0x00, 0x95, 0x00, 0x00, 0x00, 0x10, 0x4E, 0x4F, 0x5F, 0x46, 0x41,
    0x4C, 0x4C, 0x54, 0x48, 0x52, 0x4F, 0x55, 0x47, 0x48, 0x00, 0x96, 0x00,
    0x00, 0x00, 0x10, 0x50, 0x52, 0x49, 0x4D, 0x49, 0x54, 0x49, 0x56, 0x45,
    0x5F, 0x54, 0x59, 0x50, 0x45, 0x5F, 0x4E, 0x41, 0x4D, 0x45, 0x53, 0x00,
    0x97, 0x00, 0x00, 0x00, 0x10, 0x53, 0x54, 0x41, 0x54, 0x45, 0x4D, 0x45,
    0x4E, 0x54, 0x5F, 0x48, 0x41, 0x4E, 0x44, 0x4C, 0x45, 0x52, 0x53, 0x00,
    0x98, 0x00, 0x00, 0x00, 0x10, 0x54, 0x4F, 0x50, 0x4C, 0x45, 0x56, 0x45,
    0x4C, 0x5F, 0x48, 0x41, 0x4E, 0x44, 0x4C, 0x45, 0x52, 0x53, 0x00, 0x99,
    0x00, 0x00, 0x00, 0x10, 0x56, 0x41, 0x4C, 0x55, 0x45, 0x5F, 0x50, 0x52,
    0x4F, 0x44, 0x55, 0x43, 0x49, 0x4E, 0x47, 0x00, 0x9A, 0x00, 0x00, 0x00,
    0x10, 0x5F, 0x61, 0x72, 0x72, 0x61, 0x79, 0x00, 0x9B, 0x00, 0x00, 0x00,
    0x10, 0x5F, 0x61, 0x73, 0x73, 0x69, 0x67, 0x6E, 0x00, 0x9C, 0x00, 0x00,
    0x00, 0x10, 0x5F, 0x61, 0x73, 0x73, 0x69, 0x67, 0x6E, 0x5F, 0x62, 0x79,
    0x5F, 0x75, 0x6E, 0x70, 0x61, 0x63, 0x6B, 0x69, 0x6E, 0x67, 0x00, 0x9D,
    0x00, 0x00, 0x00, 0x10, 0x5F, 0x61, 0x73, 0x73, 0x69, 0x67, 0x6E, 0x5F,
    0x66, 0x72, 0x6F, 0x6D, 0x5F, 0x63, 0x61, 0x6C, 0x6C, 0x00, 0x9E, 0x00,
    0x00, 0x00, 0x10, 0x5F, 0x61, 0x73, 0x73, 0x69, 0x67, 0x6E, 0x5F, 0x70,
    0x61, 0x69, 0x72, 0x77, 0x69, 0x73, 0x65, 0x00, 0x9F, 0x00, 0x00, 0x00,
    0x10, 0x5F, 0x61, 0x73, 0x74, 0x72, 0x65, 0x66, 0x00, 0xA0, 0x00, 0x00,
    0x00, 0x10, 0x5F, 0x61, 0x74, 0x74, 0x72, 0x00, 0xA1, 0x00, 0x00, 0x00,
    0x10, 0x5F, 0x62, 0x61, 0x72, 0x65, 0x5F, 0x73, 0x79, 0x6D, 0x62, 0x6F,
    0x6C, 0x00, 0xA2, 0x00, 0x00, 0x00, 0x10, 0x5F, 0x62, 0x69, 0x6E, 0x6F,
    0x70, 0x00, 0xA3, 0x00, 0x00, 0x00, 0x10, 0x5F, 0x62, 0x6F, 0x64, 0x79,
    0x5F, 0x63, 0x6F, 0x6D, 0x70, 0x69, 0x6C, 0x65, 0x72, 0x00, 0xA4, 0x00,
    0x00, 0x00, 0x10, 0x5F, 0x62, 0x6F, 0x6F, 0x6C, 0x5F, 0x6C, 0x69, 0x74,
    0x00, 0xA5, 0x00, 0x00, 0x00, 0x10, 0x5F, 0x62, 0x72, 0x65, 0x61, 0x6B,
    0x00, 0xA6, 0x00, 0x00, 0x00, 0x10, 0x5F, 0x62, 0x75, 0x69, 0x6C, 0x64,
    0x5F, 0x63, 0x6F, 0x6E, 0x73, 0x74, 0x72, 0x75, 0x63, 0x74, 0x5F, 0x6E,
    0x61, 0x6D, 0x65, 0x73, 0x00, 0xA7, 0x00, 0x00, 0x00, 0x10, 0x5F, 0x63,
    0x61, 0x6C, 0x6C, 0x00, 0xA8, 0x00, 0x00, 0x00, 0x10, 0x5F, 0x63, 0x61,
    0x74, 0x63, 0x68, 0x00, 0xA9, 0x00, 0x00, 0x00, 0x10, 0x5F, 0x63, 0x68,
    0x61, 0x72, 0x5F, 0x6C, 0x69, 0x74, 0x00, 0xAA, 0x00, 0x00, 0x00, 0x10,
    0x5F, 0x63, 0x6C, 0x6F, 0x73, 0x75, 0x72, 0x65, 0x5F, 0x63, 0x6F, 0x6D,
    0x70, 0x69, 0x6C, 0x65, 0x72, 0x00, 0xAB, 0x00, 0x00, 0x00, 0x10, 0x5F,
    0x63, 0x6F, 0x6C, 0x6C, 0x65, 0x63, 0x74, 0x69, 0x6F, 0x6E, 0x00, 0xAC,
    0x00, 0x00, 0x00, 0x10, 0x5F, 0x63, 0x6F, 0x6D, 0x70, 0x69, 0x6C, 0x65,
    0x5F, 0x63, 0x61, 0x6C, 0x6C, 0x00, 0xAD, 0x00, 0x00, 0x00, 0x10, 0x5F,
    0x63, 0x6F, 0x6D, 0x70, 0x69, 0x6C, 0x65, 0x5F, 0x66, 0x6F, 0x72, 0x00,
    0xAE, 0x00, 0x00, 0x00, 0x10, 0x5F, 0x63, 0x6F, 0x6D, 0x70, 0x69, 0x6C,
    0x65, 0x5F, 0x74, 0x72, 0x61, 0x70, 0x00, 0xAF, 0x00, 0x00, 0x00, 0x10,
    0x5F, 0x63, 0x6F, 0x6E, 0x63, 0x61, 0x74, 0x65, 0x6E, 0x61, 0x74, 0x65,
    0x00, 0xB0, 0x00, 0x00, 0x00, 0x10, 0x5F, 0x63, 0x6F, 0x6E, 0x64, 0x5F,
    0x65, 0x78, 0x70, 0x72, 0x00, 0xB1, 0x00, 0x00, 0x00, 0x10, 0x5F, 0x63,
    0x6F, 0x6E, 0x64, 0x5F, 0x73, 0x74, 0x6D, 0x74, 0x00, 0xB2, 0x00, 0x00,
    0x00, 0x10, 0x5F, 0x63, 0x6F, 0x6E, 0x74, 0x69, 0x6E, 0x75, 0x65, 0x00,
    0xB3, 0x00, 0x00, 0x00, 0x10, 0x5F, 0x64, 0x65, 0x66, 0x65, 0x72, 0x00,
    0xB4, 0x00, 0x00, 0x00, 0x10, 0x5F, 0x64, 0x65, 0x66, 0x65, 0x72, 0x5F,
    0x63, 0x6F, 0x6D, 0x70, 0x69, 0x6C, 0x65, 0x72, 0x00, 0xB5, 0x00, 0x00,
    0x00, 0x10, 0x5F, 0x64, 0x65, 0x66, 0x69, 0x6E, 0x65, 0x00, 0xB6, 0x00,
    0x00, 0x00, 0x10, 0x5F, 0x64, 0x65, 0x66, 0x69, 0x6E, 0x65, 0x5F, 0x76,
    0x61, 0x6C, 0x75, 0x65, 0x73, 0x00, 0xB7, 0x00, 0x00, 0x00, 0x10, 0x5F,
    0x64, 0x69, 0x63, 0x74, 0x00, 0xB8, 0x00, 0x00, 0x00, 0x10, 0x5F, 0x64,
    0x6F, 0x00, 0xB9, 0x00, 0x00, 0x00, 0x10, 0x5F, 0x65, 0x6D, 0x69, 0x74,
    0x5F, 0x73, 0x65, 0x71, 0x75, 0x65, 0x6E, 0x63, 0x65, 0x00, 0xBA, 0x00,
    0x00, 0x00, 0x10, 0x5F, 0x65, 0x6D, 0x69, 0x74, 0x5F, 0x73, 0x74, 0x6F,
    0x72, 0x65, 0x00, 0xBB, 0x00, 0x00, 0x00, 0x10, 0x5F, 0x65, 0x78, 0x70,
    0x00, 0xBC, 0x00, 0x00, 0x00, 0x10, 0x5F, 0x66, 0x33, 0x32, 0x5F, 0x62,
    0x69, 0x74, 0x73, 0x00, 0xBD, 0x00, 0x00, 0x00, 0x10, 0x5F, 0x66, 0x6F,
    0x72, 0x00, 0xBE, 0x00, 0x00, 0x00, 0x10, 0x5F, 0x69, 0x66, 0x5F, 0x65,
    0x78, 0x70, 0x72, 0x00, 0xBF, 0x00, 0x00, 0x00, 0x10, 0x5F, 0x69, 0x66,
    0x5F, 0x6C, 0x6F, 0x77, 0x65, 0x72, 0x00, 0xC0, 0x00, 0x00, 0x00, 0x10,
    0x5F, 0x69, 0x66, 0x5F, 0x73, 0x65, 0x74, 0x5F, 0x73, 0x74, 0x6D, 0x74,
    0x00, 0xC1, 0x00, 0x00, 0x00, 0x10, 0x5F, 0x69, 0x66, 0x5F, 0x73, 0x74,
    0x6D, 0x74, 0x00, 0xC2, 0x00, 0x00, 0x00, 0x10, 0x5F, 0x69, 0x6E, 0x5F,
    0x6F, 0x70, 0x00, 0xC3, 0x00, 0x00, 0x00, 0x10, 0x5F, 0x69, 0x6E, 0x64,
    0x65, 0x78, 0x00, 0xC4, 0x00, 0x00, 0x00, 0x10, 0x5F, 0x6B, 0x65, 0x79,
    0x77, 0x6F, 0x72, 0x64, 0x5F, 0x61, 0x72, 0x67, 0x75, 0x6D, 0x65, 0x6E,
    0x74, 0x5F, 0x64, 0x69, 0x63, 0x74, 0x00, 0xC5, 0x00, 0x00, 0x00, 0x10,
    0x5F, 0x6C, 0x61, 0x6D, 0x62, 0x64, 0x61, 0x00, 0xC6, 0x00, 0x00, 0x00,
    0x10, 0x5F, 0x6C, 0x61, 0x6E, 0x64, 0x00, 0xC7, 0x00, 0x00, 0x00, 0x10,
    0x5F, 0x6C, 0x61, 0x6E, 0x64, 0x5F, 0x66, 0x72, 0x65, 0x65, 0x00, 0xC8,
    0x00, 0x00, 0x00, 0x10, 0x5F, 0x6D, 0x61, 0x78, 0x32, 0x00, 0xC9, 0x00,
    0x00, 0x00, 0x10, 0x5F, 0x6D, 0x65, 0x73, 0x73, 0x61, 0x67, 0x65, 0x00,
    0xCA, 0x00, 0x00, 0x00, 0x10, 0x5F, 0x6D, 0x73, 0x67, 0x5F, 0x62, 0x69,
    0x6E, 0x64, 0x69, 0x6E, 0x67, 0x00, 0xCB, 0x00, 0x00, 0x00, 0x10, 0x5F,
    0x6E, 0x65, 0x73, 0x74, 0x65, 0x64, 0x5F, 0x66, 0x6E, 0x00, 0xCC, 0x00,
    0x00, 0x00, 0x10, 0x5F, 0x6E, 0x65, 0x73, 0x74, 0x65, 0x64, 0x5F, 0x66,
    0x6E, 0x5F, 0x63, 0x6F, 0x6D, 0x70, 0x69, 0x6C, 0x65, 0x72, 0x00, 0xCD,
    0x00, 0x00, 0x00, 0x10, 0x5F, 0x6E, 0x69, 0x6C, 0x5F, 0x6C, 0x69, 0x74,
    0x00, 0xCE, 0x00, 0x00, 0x00, 0x10, 0x5F, 0x6E, 0x75, 0x6D, 0x62, 0x65,
    0x72, 0x00, 0xCF, 0x00, 0x00, 0x00, 0x10, 0x5F, 0x70, 0x61, 0x69, 0x72,
    0x6C, 0x69, 0x73, 0x74, 0x00, 0xD0, 0x00, 0x00, 0x00, 0x10, 0x5F, 0x70,
    0x61, 0x73, 0x73, 0x00, 0xD1, 0x00, 0x00, 0x00, 0x10, 0x5F, 0x70, 0x6C,
    0x69, 0x73, 0x74, 0x00, 0xD2, 0x00, 0x00, 0x00, 0x10, 0x5F, 0x70, 0x6F,
    0x73, 0x00, 0xD3, 0x00, 0x00, 0x00, 0x10, 0x5F, 0x70, 0x6F, 0x73, 0x69,
    0x74, 0x69, 0x6F, 0x6E, 0x61, 0x6C, 0x5F, 0x61, 0x72, 0x67, 0x75, 0x6D,
    0x65, 0x6E, 0x74, 0x5F, 0x74, 0x75, 0x70, 0x6C, 0x65, 0x00, 0xD4, 0x00,
    0x00, 0x00, 0x10, 0x5F, 0x72, 0x65, 0x67, 0x69, 0x73, 0x74, 0x65, 0x72,
    0x00, 0xD5, 0x00, 0x00, 0x00, 0x10, 0x5F, 0x72, 0x65, 0x74, 0x75, 0x72,
    0x6E, 0x00, 0xD6, 0x00, 0x00, 0x00, 0x10, 0x5F, 0x73, 0x63, 0x6F, 0x70,
    0x65, 0x00, 0xD7, 0x00, 0x00, 0x00, 0x10, 0x5F, 0x73, 0x65, 0x71, 0x75,
    0x65, 0x6E, 0x63, 0x65, 0x00, 0xD8, 0x00, 0x00, 0x00, 0x10, 0x5F, 0x73,
    0x65, 0x74, 0x5F, 0x69, 0x66, 0x5F, 0x75, 0x6E, 0x73, 0x65, 0x74, 0x00,
    0xD9, 0x00, 0x00, 0x00, 0x10, 0x5F, 0x73, 0x65, 0x74, 0x5F, 0x73, 0x74,
    0x6D, 0x74, 0x00, 0xDA, 0x00, 0x00, 0x00, 0x10, 0x5F, 0x73, 0x65, 0x74,
    0x5F, 0x76, 0x61, 0x6C, 0x75, 0x65, 0x73, 0x5F, 0x73, 0x74, 0x6D, 0x74,
    0x00, 0xDB, 0x00, 0x00, 0x00, 0x10, 0x5F, 0x73, 0x68, 0x6F, 0x72, 0x74,
    0x5F, 0x63, 0x69, 0x72, 0x63, 0x75, 0x69, 0x74, 0x00, 0xDC, 0x00, 0x00,
    0x00, 0x10, 0x5F, 0x73, 0x74, 0x61, 0x74, 0x69, 0x63, 0x5F, 0x64, 0x65,
    0x63, 0x6C, 0x00, 0xDD, 0x00, 0x00, 0x00, 0x10, 0x5F, 0x73, 0x74, 0x6F,
    0x72, 0x61, 0x67, 0x65, 0x00, 0xDE, 0x00, 0x00, 0x00, 0x10, 0x5F, 0x73,
    0x74, 0x6F, 0x72, 0x65, 0x5F, 0x74, 0x68, 0x72, 0x6F, 0x75, 0x67, 0x68,
    0x00, 0xDF, 0x00, 0x00, 0x00, 0x10, 0x5F, 0x73, 0x74, 0x6F, 0x72, 0x65,
    0x5F, 0x75, 0x6E, 0x73, 0x65, 0x74, 0x00, 0xE0, 0x00, 0x00, 0x00, 0x10,
    0x5F, 0x73, 0x74, 0x72, 0x69, 0x6E, 0x67, 0x00, 0xE1, 0x00, 0x00, 0x00,
    0x10, 0x5F, 0x73, 0x79, 0x6D, 0x62, 0x6F, 0x6C, 0x5F, 0x6C, 0x69, 0x74,
    0x00, 0xE2, 0x00, 0x00, 0x00, 0x10, 0x5F, 0x74, 0x61, 0x72, 0x67, 0x65,
    0x74, 0x00, 0xE3, 0x00, 0x00, 0x00, 0x10, 0x5F, 0x74, 0x61, 0x72, 0x67,
    0x65, 0x74, 0x5F, 0x62, 0x61, 0x73, 0x65, 0x00, 0xE4, 0x00, 0x00, 0x00,
    0x10, 0x5F, 0x74, 0x65, 0x6D, 0x70, 0x6C, 0x61, 0x74, 0x65, 0x5F, 0x73,
    0x74, 0x6D, 0x74, 0x00, 0xE5, 0x00, 0x00, 0x00, 0x10, 0x5F, 0x74, 0x68,
    0x69, 0x73, 0x00, 0xE6, 0x00, 0x00, 0x00, 0x10, 0x5F, 0x74, 0x72, 0x79,
    0x00, 0xE7, 0x00, 0x00, 0x00, 0x10, 0x5F, 0x74, 0x75, 0x70, 0x6C, 0x65,
    0x00, 0xE8, 0x00, 0x00, 0x00, 0x10, 0x5F, 0x74, 0x79, 0x70, 0x65, 0x5F,
    0x61, 0x74, 0x6F, 0x6D, 0x73, 0x00, 0xE9, 0x00, 0x00, 0x00, 0x10, 0x5F,
    0x74, 0x79, 0x70, 0x65, 0x5F, 0x63, 0x68, 0x65, 0x63, 0x6B, 0x00, 0xEA,
    0x00, 0x00, 0x00, 0x10, 0x5F, 0x74, 0x79, 0x70, 0x65, 0x5F, 0x70, 0x61,
    0x72, 0x74, 0x73, 0x00, 0xEB, 0x00, 0x00, 0x00, 0x10, 0x5F, 0x74, 0x79,
    0x70, 0x65, 0x5F, 0x76, 0x61, 0x6C, 0x75, 0x65, 0x00, 0xEC, 0x00, 0x00,
    0x00, 0x10, 0x5F, 0x75, 0x6E, 0x61, 0x72, 0x79, 0x00, 0xED, 0x00, 0x00,
    0x00, 0x10, 0x5F, 0x76, 0x61, 0x72, 0x5F, 0x64, 0x65, 0x63, 0x6C, 0x5F,
    0x75, 0x6E, 0x73, 0x65, 0x74, 0x00, 0xEE, 0x00, 0x00, 0x00, 0x10, 0x5F,
    0x77, 0x68, 0x69, 0x6C, 0x65, 0x00, 0xEF, 0x00, 0x00, 0x00, 0x10, 0x5F,
    0x77, 0x69, 0x6E, 0x64, 0x6F, 0x77, 0x5F, 0x6F, 0x66, 0x00, 0xF0, 0x00,
    0x00, 0x00, 0x10, 0x5F, 0x79, 0x69, 0x65, 0x6C, 0x64, 0x00, 0xF1, 0x00,
    0x00, 0x00, 0x10, 0x5F, 0x79, 0x69, 0x65, 0x6C, 0x64, 0x5F, 0x66, 0x72,
    0x6F, 0x6D, 0x00, 0xF2, 0x00, 0x00, 0x00, 0x10, 0x5F, 0x79, 0x69, 0x65,
    0x6C, 0x64, 0x5F, 0x73, 0x74, 0x6D, 0x74, 0x00, 0xF3, 0x00, 0x00, 0x00,
    0x10, 0x63, 0x6F, 0x6D, 0x70, 0x69, 0x6C, 0x65, 0x5F, 0x62, 0x6F, 0x64,
    0x79, 0x00, 0xF4, 0x00, 0x00, 0x00, 0x10, 0x63, 0x6F, 0x6D, 0x70, 0x69,
    0x6C, 0x65, 0x5F, 0x63, 0x61, 0x6C, 0x6C, 0x00, 0xF5, 0x00, 0x00, 0x00,
    0x10, 0x63, 0x6F, 0x6D, 0x70, 0x69, 0x6C, 0x65, 0x5F, 0x65, 0x78, 0x70,
    0x72, 0x00, 0xF6, 0x00, 0x00, 0x00, 0x10, 0x63, 0x6F, 0x6D, 0x70, 0x69,
    0x6C, 0x65, 0x5F, 0x69, 0x6E, 0x74, 0x6F, 0x5F, 0x77, 0x69, 0x6E, 0x64,
    0x6F, 0x77, 0x00, 0xF7, 0x00, 0x00, 0x00, 0x10, 0x63, 0x6F, 0x6D, 0x70,
    0x69, 0x6C, 0x65, 0x5F, 0x6D, 0x65, 0x73, 0x73, 0x61, 0x67, 0x65, 0x00,
    0xF8, 0x00, 0x00, 0x00, 0x10, 0x63, 0x6F, 0x6D, 0x70, 0x69, 0x6C, 0x65,
    0x5F, 0x73, 0x74, 0x61, 0x74, 0x65, 0x6D, 0x65, 0x6E, 0x74, 0x00, 0xF9,
    0x00, 0x00, 0x00, 0x10, 0x63, 0x6F, 0x6D, 0x70, 0x69, 0x6C, 0x65, 0x5F,
    0x76, 0x61, 0x00, 0xFA, 0x00, 0x00, 0x00, 0x10, 0x63, 0x6F, 0x6D, 0x70,
    0x69, 0x6C, 0x65, 0x5F, 0x79, 0x69, 0x65, 0x6C, 0x64, 0x00, 0xFB, 0x00,
    0x00, 0x00, 0x10, 0x63, 0x6F, 0x6E, 0x73, 0x74, 0x72, 0x75, 0x63, 0x74,
    0x5F, 0x6E, 0x61, 0x6D, 0x65, 0x00, 0xFC, 0x00, 0x00, 0x00, 0x10, 0x64,
    0x69, 0x73, 0x70, 0x61, 0x74, 0x63, 0x68, 0x00, 0xFD, 0x00, 0x00, 0x00,
    0x10, 0x65, 0x6D, 0x69, 0x74, 0x5F, 0x76, 0x61, 0x6C, 0x75, 0x65, 0x00,
    0xFE, 0x00, 0x00, 0x00, 0x10, 0x68, 0x61, 0x73, 0x5F, 0x73, 0x70, 0x72,
    0x65, 0x61, 0x64, 0x5F, 0x6F, 0x72, 0x5F, 0x6B, 0x65, 0x79, 0x77, 0x6F,
    0x72, 0x64, 0x00, 0xFF, 0x00, 0x00, 0x00, 0x10, 0x69, 0x73, 0x5F, 0x65,
    0x78, 0x70, 0x72, 0x65, 0x73, 0x73, 0x69, 0x6F, 0x6E, 0x5F, 0x73, 0x74,
    0x61, 0x74, 0x65, 0x6D, 0x65, 0x6E, 0x74, 0x00, 0x00, 0x01, 0x00, 0x00,
    0x10, 0x6D, 0x65, 0x73, 0x73, 0x61, 0x67, 0x65, 0x5F, 0x69, 0x6E, 0x64,
    0x65, 0x78, 0x00, 0x01, 0x01, 0x00, 0x00, 0x10, 0x6F, 0x77, 0x6E, 0x5F,
    0x73, 0x6C, 0x6F, 0x74, 0x5F, 0x69, 0x6E, 0x64, 0x65, 0x78, 0x00, 0x02,
    0x01, 0x00, 0x00, 0x10, 0x72, 0x65, 0x67, 0x5F, 0x6F, 0x66, 0x00, 0x03,
    0x01, 0x00, 0x00, 0x10, 0x72, 0x65, 0x67, 0x69, 0x73, 0x74, 0x65, 0x72,
    0x5F, 0x65, 0x78, 0x70, 0x72, 0x65, 0x73, 0x73, 0x69, 0x6F, 0x6E, 0x00,
    0x04, 0x01, 0x00, 0x00, 0x10, 0x72, 0x65, 0x67, 0x69, 0x73, 0x74, 0x65,
    0x72, 0x5F, 0x73, 0x74, 0x61, 0x74, 0x65, 0x6D, 0x65, 0x6E, 0x74, 0x00,
    0x05, 0x01, 0x00, 0x00, 0x10, 0x72, 0x65, 0x67, 0x69, 0x73, 0x74, 0x65,
    0x72, 0x5F, 0x74, 0x6F, 0x70, 0x6C, 0x65, 0x76, 0x65, 0x6C, 0x00, 0x06,
    0x01, 0x00, 0x00, 0x10, 0x72, 0x65, 0x73, 0x6F, 0x6C, 0x76, 0x65, 0x5F,
    0x6E, 0x61, 0x6D, 0x65, 0x00, 0x07, 0x01, 0x00, 0x00, 0x10, 0x73, 0x65,
    0x74, 0x5F, 0x62, 0x6F, 0x64, 0x79, 0x5F, 0x63, 0x6F, 0x6D, 0x70, 0x69,
    0x6C, 0x65, 0x72, 0x00, 0x08, 0x01, 0x00, 0x00, 0x10, 0x73, 0x65, 0x74,
    0x5F, 0x63, 0x6C, 0x6F, 0x73, 0x75, 0x72, 0x65, 0x5F, 0x63, 0x6F, 0x6D,
    0x70, 0x69, 0x6C, 0x65, 0x72, 0x00, 0x09, 0x01, 0x00, 0x00, 0x10, 0x73,
    0x65, 0x74, 0x5F, 0x64, 0x65, 0x66, 0x65, 0x72, 0x5F, 0x63, 0x6F, 0x6D,
    0x70, 0x69, 0x6C, 0x65, 0x72, 0x00, 0x0A, 0x01, 0x00, 0x00, 0x10, 0x73,
    0x65, 0x74, 0x5F, 0x6E, 0x65, 0x73, 0x74, 0x65, 0x64, 0x5F, 0x66, 0x6E,
    0x5F, 0x63, 0x6F, 0x6D, 0x70, 0x69, 0x6C, 0x65, 0x72, 0x00, 0x0B, 0x01,
    0x00, 0x00, 0x10, 0x73, 0x74, 0x6F, 0x72, 0x65, 0x5F, 0x65, 0x78, 0x70,
    0x72, 0x00, 0x0C, 0x01, 0x00, 0x00, 0x10, 0x73, 0x74, 0x6F, 0x72, 0x65,
    0x5F, 0x72, 0x65, 0x67, 0x00, 0x0D, 0x01, 0x00, 0x00, 0x10, 0x73, 0x74,
    0x6F, 0x72, 0x65, 0x5F, 0x74, 0x61, 0x72, 0x67, 0x65, 0x74, 0x00, 0x0E,
    0x01, 0x00, 0x00, 0x10, 0x73, 0x74, 0x6F, 0x72, 0x65, 0x5F, 0x74, 0x61,
    0x72, 0x67, 0x65, 0x74, 0x5F, 0x72, 0x65, 0x67, 0x00, 0x0F, 0x01, 0x00,
    0x00, 0x10, 0x73, 0x75, 0x70, 0x70, 0x6F, 0x72, 0x74, 0x65, 0x64, 0x00,
    0x10, 0x01, 0x00, 0x00, 0x10, 0x74, 0x61, 0x72, 0x67, 0x65, 0x74, 0x5F,
    0x6E, 0x61, 0x6D, 0x65, 0x00, 0x11, 0x01, 0x00, 0x00, 0x10, 0x75, 0x6E,
    0x73, 0x75, 0x70, 0x70, 0x6F, 0x72, 0x74, 0x65, 0x64, 0x00, 0x12, 0x01,
    0x00, 0x00, 0x10, 0x46, 0x4E, 0x5F, 0x43, 0x4F, 0x52, 0x4F, 0x55, 0x54,
    0x49, 0x4E, 0x45, 0x00, 0x13, 0x01, 0x00, 0x00, 0x10, 0x46, 0x4E, 0x5F,
    0x4B, 0x57, 0x41, 0x52, 0x47, 0x53, 0x00, 0x14, 0x01, 0x00, 0x00, 0x10,
    0x46, 0x4E, 0x5F, 0x56, 0x41, 0x52, 0x41, 0x52, 0x47, 0x53, 0x00, 0x15,
    0x01, 0x00, 0x00, 0x10, 0x5F, 0x61, 0x6C, 0x6C, 0x6F, 0x63, 0x61, 0x74,
    0x65, 0x5F, 0x73, 0x6C, 0x6F, 0x74, 0x73, 0x00, 0x16, 0x01, 0x00, 0x00,
    0x10, 0x5F, 0x62, 0x6F, 0x64, 0x79, 0x5F, 0x61, 0x6E, 0x64, 0x5F, 0x65,
    0x70, 0x69, 0x6C, 0x6F, 0x67, 0x75, 0x65, 0x00, 0x17, 0x01, 0x00, 0x00,
    0x10, 0x5F, 0x63, 0x61, 0x70, 0x74, 0x75, 0x72, 0x65, 0x73, 0x00, 0x18,
    0x01, 0x00, 0x00, 0x10, 0x5F, 0x63, 0x65, 0x6C, 0x6C, 0x73, 0x00, 0x19,
    0x01, 0x00, 0x00, 0x10, 0x5F, 0x63, 0x65, 0x6C, 0x6C, 0x73, 0x5F, 0x74,
    0x6F, 0x5F, 0x73, 0x65, 0x65, 0x64, 0x00, 0x1A, 0x01, 0x00, 0x00, 0x10,
    0x5F, 0x63, 0x6F, 0x6D, 0x70, 0x69, 0x6C, 0x65, 0x5F, 0x6F, 0x72, 0x5F,
    0x73, 0x74, 0x75, 0x62, 0x00, 0x1B, 0x01, 0x00, 0x00, 0x10, 0x5F, 0x63,
    0x6F, 0x70, 0x79, 0x5F, 0x6C, 0x69, 0x73, 0x74, 0x00, 0x1C, 0x01, 0x00,
    0x00, 0x10, 0x5F, 0x64, 0x65, 0x63, 0x6C, 0x61, 0x72, 0x65, 0x5F, 0x73,
    0x74, 0x61, 0x74, 0x69, 0x63, 0x73, 0x00, 0x1D, 0x01, 0x00, 0x00, 0x10,
    0x5F, 0x6D, 0x61, 0x6B, 0x65, 0x5F, 0x73, 0x74, 0x75, 0x62, 0x00, 0x1E,
    0x01, 0x00, 0x00, 0x10, 0x5F, 0x70, 0x72, 0x6F, 0x6C, 0x6F, 0x67, 0x75,
    0x65, 0x00, 0x1F, 0x01, 0x00, 0x00, 0x10, 0x5F, 0x73, 0x6F, 0x72, 0x74,
    0x5F, 0x6E, 0x61, 0x6D, 0x65, 0x73, 0x00, 0x20, 0x01, 0x00, 0x00, 0x10,
    0x5F, 0x74, 0x72, 0x79, 0x5F, 0x63, 0x6F, 0x6D, 0x70, 0x69, 0x6C, 0x65,
    0x00, 0x21, 0x01, 0x00, 0x00, 0x10, 0x63, 0x6F, 0x6D, 0x70, 0x69, 0x6C,
    0x65, 0x5F, 0x63, 0x61, 0x6C, 0x6C, 0x61, 0x62, 0x6C, 0x65, 0x00, 0x22,
    0x01, 0x00, 0x00, 0x10, 0x63, 0x6F, 0x6D, 0x70, 0x69, 0x6C, 0x65, 0x5F,
    0x63, 0x6C, 0x6F, 0x73, 0x75, 0x72, 0x65, 0x5F, 0x65, 0x78, 0x70, 0x72,
    0x00, 0x23, 0x01, 0x00, 0x00, 0x10, 0x63, 0x6F, 0x6D, 0x70, 0x69, 0x6C,
    0x65, 0x5F, 0x64, 0x65, 0x66, 0x65, 0x72, 0x00, 0x24, 0x01, 0x00, 0x00,
    0x10, 0x63, 0x6F, 0x6D, 0x70, 0x69, 0x6C, 0x65, 0x5F, 0x66, 0x75, 0x6E,
    0x63, 0x74, 0x69, 0x6F, 0x6E, 0x00, 0x25, 0x01, 0x00, 0x00, 0x10, 0x63,
    0x6F, 0x6D, 0x70, 0x69, 0x6C, 0x65, 0x5F, 0x6E, 0x65, 0x73, 0x74, 0x65,
    0x64, 0x5F, 0x66, 0x6E, 0x00, 0x26, 0x01, 0x00, 0x00, 0x10, 0x65, 0x6D,
    0x69, 0x74, 0x5F, 0x63, 0x6C, 0x6F, 0x73, 0x75, 0x72, 0x65, 0x00, 0x27,
    0x01, 0x00, 0x00, 0x10, 0x70, 0x61, 0x72, 0x61, 0x6D, 0x5F, 0x73, 0x70,
    0x65, 0x63, 0x00, 0x28, 0x01, 0x00, 0x00, 0x00,
};

static const uint8_t classes_free[] = {
    0x95, 0x12, 0x00, 0x00, 0x10, 0x42, 0x59, 0x5F, 0x4E, 0x41, 0x4D, 0x45,
    0x00, 0x13, 0x00, 0x00, 0x00, 0x10, 0x42, 0x59, 0x5F, 0x56, 0x41, 0x4C,
    0x55, 0x45, 0x00, 0x14, 0x00, 0x00, 0x00, 0x10, 0x43, 0x4F, 0x52, 0x45,
    0x00, 0x15, 0x00, 0x00, 0x00, 0x10, 0x44, 0x49, 0x47, 0x49, 0x54, 0x53,
    0x00, 0x16, 0x00, 0x00, 0x00, 0x10, 0x4C, 0x00, 0x17, 0x00, 0x00, 0x00,
    0x10, 0x4C, 0x4F, 0x4E, 0x47, 0x00, 0x18, 0x00, 0x00, 0x00, 0x10, 0x4C,
    0x4F, 0x4E, 0x47, 0x5F, 0x53, 0x54, 0x41, 0x52, 0x54, 0x00, 0x19, 0x00,
    0x00, 0x00, 0x10, 0x4F, 0x50, 0x53, 0x00, 0x1A, 0x00, 0x00, 0x00, 0x10,
    0x50, 0x00, 0x1B, 0x00, 0x00, 0x00, 0x10, 0x50, 0x41, 0x49, 0x52, 0x41,
    0x42, 0x4C, 0x45, 0x00, 0x1C, 0x00, 0x00, 0x00, 0x10, 0x50, 0x5F, 0x42,
    0x49, 0x54, 0x00, 0x1D, 0x00, 0x00, 0x00, 0x10, 0x5F, 0x49, 0x4E, 0x44,
    0x49, 0x43, 0x45, 0x53, 0x00, 0x1E, 0x00, 0x00, 0x00, 0x10, 0x5F, 0x62,
    0x75, 0x69, 0x6C, 0x64, 0x5F, 0x69, 0x6E, 0x64, 0x65, 0x78, 0x00, 0x1F,
    0x00, 0x00, 0x00, 0x10, 0x5F, 0x63, 0x68, 0x61, 0x72, 0x5F, 0x66, 0x72,
    0x6F, 0x6D, 0x5F, 0x63, 0x70, 0x00, 0x20, 0x00, 0x00, 0x00, 0x10, 0x5F,
    0x63, 0x68, 0x65, 0x63, 0x6B, 0x5F, 0x66, 0x69, 0x65, 0x6C, 0x64, 0x00,
    0x21, 0x00, 0x00, 0x00, 0x10, 0x5F, 0x64, 0x65, 0x63, 0x6F, 0x64, 0x65,
    0x5F, 0x6F, 0x70, 0x65, 0x72, 0x61, 0x6E, 0x64, 0x00, 0x22, 0x00, 0x00,
    0x00, 0x10, 0x5F, 0x66, 0x33, 0x32, 0x5F, 0x74, 0x65, 0x78, 0x74, 0x00,
    0x23, 0x00, 0x00, 0x00, 0x10, 0x5F, 0x66, 0x6D, 0x74, 0x5F, 0x72, 0x65,
    0x74, 0x75, 0x72, 0x6E, 0x00, 0x24, 0x00, 0x00, 0x00, 0x10, 0x5F, 0x68,
    0x65, 0x78, 0x32, 0x00, 0x25, 0x00, 0x00, 0x00, 0x10, 0x5F, 0x68, 0x65,
    0x78, 0x5F, 0x64, 0x69, 0x67, 0x69, 0x74, 0x73, 0x00, 0x26, 0x00, 0x00,
    0x00, 0x10, 0x5F, 0x70, 0x6C, 0x75, 0x73, 0x5F, 0x73, 0x69, 0x67, 0x6E,
    0x65, 0x64, 0x00, 0x27, 0x00, 0x00, 0x00, 0x10, 0x5F, 0x72, 0x65, 0x6E,
    0x64, 0x65, 0x72, 0x5F, 0x66, 0x6D, 0x74, 0x00, 0x28, 0x00, 0x00, 0x00,
    0x10, 0x5F, 0x73, 0x69, 0x67, 0x6E, 0x65, 0x64, 0x00, 0x29, 0x00, 0x00,
    0x00, 0x10, 0x5F, 0x76, 0x61, 0x6C, 0x75, 0x65, 0x5F, 0x66, 0x6F, 0x72,
    0x5F, 0x6E, 0x61, 0x6D, 0x65, 0x00, 0x2A, 0x00, 0x00, 0x00, 0x10, 0x64,
    0x69, 0x73, 0x61, 0x73, 0x73, 0x65, 0x6D, 0x62, 0x6C, 0x65, 0x00, 0x2B,
    0x00, 0x00, 0x00, 0x10, 0x64, 0x69, 0x73, 0x61, 0x73, 0x73, 0x65, 0x6D,
    0x62, 0x6C, 0x65, 0x5F, 0x6F, 0x6E, 0x65, 0x00, 0x2C, 0x00, 0x00, 0x00,
    0x10, 0x66, 0x69, 0x74, 0x73, 0x5F, 0x69, 0x31, 0x36, 0x00, 0x2D, 0x00,
    0x00, 0x00, 0x10, 0x66, 0x69, 0x74, 0x73, 0x5F, 0x69, 0x38, 0x00, 0x2E,
    0x00, 0x00, 0x00, 0x10, 0x66, 0x72, 0x6F, 0x6D, 0x5F, 0x72, 0x65, 0x67,
    0x38, 0x00, 0x2F, 0x00, 0x00, 0x00, 0x10, 0x69, 0x73, 0x5F, 0x70, 0x00,
    0x30, 0x00, 0x00, 0x00, 0x10, 0x6C, 0x6F, 0x6F, 0x6B, 0x75, 0x70, 0x00,
    0x31, 0x00, 0x00, 0x00, 0x10, 0x70, 0x61, 0x63, 0x6B, 0x00, 0x32, 0x00,
    0x00, 0x00, 0x10, 0x72, 0x65, 0x67, 0x5F, 0x69, 0x6E, 0x64, 0x65, 0x78,
    0x00, 0x33, 0x00, 0x00, 0x00, 0x10, 0x72, 0x65, 0x67, 0x5F, 0x6E, 0x61,
    0x6D, 0x65, 0x00, 0x34, 0x00, 0x00, 0x00, 0x10, 0x74, 0x6F, 0x5F, 0x72,
    0x65, 0x67, 0x38, 0x00, 0x35, 0x00, 0x00, 0x00, 0x10, 0x75, 0x6E, 0x70,
    0x61, 0x63, 0x6B, 0x00, 0x36, 0x00, 0x00, 0x00, 0x10, 0x42, 0x49, 0x4E,
    0x41, 0x52, 0x59, 0x5F, 0x4F, 0x50, 0x45, 0x52, 0x41, 0x54, 0x4F, 0x52,
    0x53, 0x00, 0x37, 0x00, 0x00, 0x00, 0x10, 0x42, 0x4C, 0x4F, 0x43, 0x4B,
    0x5F, 0x4F, 0x57, 0x4E, 0x45, 0x52, 0x53, 0x00, 0x38, 0x00, 0x00, 0x00,
    0x10, 0x42, 0x4F, 0x55, 0x4E, 0x44, 0x41, 0x52, 0x49, 0x45, 0x53, 0x00,
    0x39, 0x00, 0x00, 0x00, 0x10, 0x42, 0x55, 0x49, 0x4C, 0x54, 0x49, 0x4E,
    0x5F, 0x4E, 0x41, 0x4D, 0x45, 0x53, 0x00, 0x3A, 0x00, 0x00, 0x00, 0x10,
    0x43, 0x4F, 0x4C, 0x4F, 0x4E, 0x5F, 0x43, 0x50, 0x00, 0x3B, 0x00, 0x00,
    0x00, 0x10, 0x46, 0x4E, 0x5F, 0x4C, 0x49, 0x4B, 0x45, 0x00, 0x3C, 0x00,
    0x00, 0x00, 0x10, 0x46, 0x6E, 0x43, 0x6F, 0x6E, 0x74, 0x65, 0x78, 0x74,
    0x00, 0x3D, 0x00, 0x00, 0x00, 0x10, 0x48, 0x4F, 0x53, 0x54, 0x5F, 0x47,
    0x4C, 0x4F, 0x42, 0x41, 0x4C, 0x53, 0x00, 0x3E, 0x00, 0x00, 0x00, 0x10,
    0x49, 0x4D, 0x50, 0x4C, 0x49, 0x43, 0x49, 0x54, 0x5F, 0x4E, 0x41, 0x4D,
    0x45, 0x53, 0x00, 0x3F, 0x00, 0x00, 0x00, 0x10, 0x4C, 0x61, 0x62, 0x65,
    0x6C, 0x00, 0x40, 0x00, 0x00, 0x00, 0x10, 0x4D, 0x41, 0x58, 0x5F, 0x4C,
    0x4F, 0x43, 0x41, 0x4C, 0x53, 0x00, 0x41, 0x00, 0x00, 0x00, 0x10, 0x4D,
    0x6F, 0x64, 0x75, 0x6C, 0x65, 0x43, 0x6F, 0x6E, 0x74, 0x65, 0x78, 0x74,
    0x00, 0x42, 0x00, 0x00, 0x00, 0x10, 0x4D, 0x6F, 0x64, 0x75, 0x6C, 0x65,
    0x49, 0x6D, 0x61, 0x67, 0x65, 0x00, 0x43, 0x00, 0x00, 0x00, 0x10, 0x52,
    0x45, 0x53, 0x45, 0x52, 0x56, 0x45, 0x44, 0x00, 0x44, 0x00, 0x00, 0x00,
    0x10, 0x53, 0x50, 0x45, 0x43, 0x53, 0x00, 0x45, 0x00, 0x00, 0x00, 0x10,
    0x54, 0x41, 0x42, 0x4C, 0x45, 0x5F, 0x4C, 0x49, 0x4D, 0x49, 0x54, 0x00,
    0x46, 0x00, 0x00, 0x00, 0x10, 0x55, 0x33, 0x32, 0x5F, 0x48, 0x49, 0x47,
    0x48, 0x5F, 0x4D, 0x41, 0x53, 0x4B, 0x00, 0x47, 0x00, 0x00, 0x00, 0x10,
    0x55, 0x33, 0x32, 0x5F, 0x4D, 0x41, 0x53, 0x4B, 0x00, 0x48, 0x00, 0x00,
    0x00, 0x10, 0x5F, 0x55, 0x4E, 0x4B, 0x4E, 0x4F, 0x57, 0x4E, 0x5F, 0x53,
    0x50, 0x45, 0x43, 0x00, 0x49, 0x00, 0x00, 0x00, 0x10, 0x5F, 0x61, 0x70,
    0x70, 0x65, 0x6E, 0x64, 0x5F, 0x6E, 0x6F, 0x64, 0x65, 0x73, 0x00, 0x4A,
    0x00, 0x00, 0x00, 0x10, 0x5F, 0x61, 0x70, 0x70, 0x65, 0x6E, 0x64, 0x5F,
    0x70, 0x61, 0x69, 0x72, 0x5F, 0x6C, 0x69, 0x73, 0x74, 0x00, 0x4B, 0x00,
    0x00, 0x00, 0x10, 0x5F, 0x62, 0x75, 0x69, 0x6C, 0x64, 0x5F, 0x73, 0x70,
    0x65, 0x63, 0x73, 0x00, 0x4C, 0x00, 0x00, 0x00, 0x10, 0x5F, 0x63, 0x6F,
    0x6C, 0x6C, 0x65, 0x63, 0x74, 0x5F, 0x61, 0x6C, 0x6C, 0x00, 0x4D, 0x00,
    0x00, 0x00, 0x10, 0x5F, 0x63, 0x6F, 0x6C, 0x6C, 0x65, 0x63, 0x74, 0x5F,
    0x62, 0x6C, 0x6F, 0x63, 0x6B, 0x00, 0x4E, 0x00, 0x00, 0x00, 0x10, 0x5F,
    0x63, 0x6F, 0x6C, 0x6C, 0x65, 0x63, 0x74, 0x5F, 0x73, 0x63, 0x6F, 0x70,
    0x65, 0x00, 0x4F, 0x00, 0x00, 0x00, 0x10, 0x5F, 0x63, 0x6F, 0x70, 0x79,
    0x5F, 0x6E, 0x61, 0x6D, 0x65, 0x73, 0x00, 0x50, 0x00, 0x00, 0x00, 0x10,
    0x5F, 0x64, 0x72, 0x6F, 0x70, 0x5F, 0x6B, 0x65, 0x79, 0x00, 0x51, 0x00,
    0x00, 0x00, 0x10, 0x5F, 0x69, 0x6D, 0x70, 0x6C, 0x69, 0x63, 0x69, 0x74,
    0x5F, 0x65, 0x72, 0x72, 0x6F, 0x72, 0x00, 0x52, 0x00, 0x00, 0x00, 0x10,
    0x5F, 0x69, 0x6D, 0x70, 0x6C, 0x69, 0x63, 0x69, 0x74, 0x5F, 0x6E, 0x6F,
    0x64, 0x65, 0x5F, 0x65, 0x72, 0x72, 0x6F, 0x72, 0x00, 0x53, 0x00, 0x00,
    0x00, 0x10, 0x5F, 0x69, 0x6D, 0x70, 0x6C, 0x69, 0x63, 0x69, 0x74, 0x5F,
    0x74, 0x61, 0x72, 0x67, 0x65, 0x74, 0x5F, 0x65, 0x72, 0x72, 0x6F, 0x72,
    0x00, 0x54, 0x00, 0x00, 0x00, 0x10, 0x5F, 0x6A, 0x6F, 0x69, 0x6E, 0x5F,
    0x70, 0x61, 0x72, 0x74, 0x73, 0x00, 0x55, 0x00, 0x00, 0x00, 0x10, 0x5F,
    0x6E, 0x6F, 0x74, 0x65, 0x5F, 0x64, 0x65, 0x63, 0x6C, 0x61, 0x72, 0x65,
    0x64, 0x00, 0x56, 0x00, 0x00, 0x00, 0x10, 0x5F, 0x6E, 0x6F, 0x74, 0x65,
    0x5F, 0x64, 0x65, 0x66, 0x69, 0x6E, 0x69, 0x74, 0x69, 0x6F, 0x6E, 0x00,
    0x57, 0x00, 0x00, 0x00, 0x10, 0x5F, 0x6F, 0x72, 0x5F, 0x65, 0x6D, 0x70,
    0x74, 0x79, 0x00, 0x58, 0x00, 0x00, 0x00, 0x10, 0x5F, 0x70, 0x61, 0x74,
    0x68, 0x5F, 0x63, 0x68, 0x61, 0x72, 0x00, 0x59, 0x00, 0x00, 0x00, 0x10,
    0x5F, 0x70, 0x61, 0x74, 0x68, 0x5F, 0x70, 0x61, 0x72, 0x74, 0x73, 0x00,
    0x5A, 0x00, 0x00, 0x00, 0x10, 0x5F, 0x70, 0x6F, 0x6F, 0x6C, 0x5F, 0x6B,
    0x69, 0x6E, 0x64, 0x00, 0x5B, 0x00, 0x00, 0x00, 0x10, 0x5F, 0x73, 0x70,
    0x65, 0x63, 0x5F, 0x66, 0x6F, 0x72, 0x00, 0x5C, 0x00, 0x00, 0x00, 0x10,
    0x5F, 0x73, 0x74, 0x61, 0x74, 0x69, 0x63, 0x5F, 0x6B, 0x65, 0x79, 0x00,
    0x5D, 0x00, 0x00, 0x00, 0x10, 0x61, 0x73, 0x73, 0x69, 0x67, 0x6E, 0x65,
    0x64, 0x5F, 0x6E, 0x61, 0x6D, 0x65, 0x73, 0x00, 0x5E, 0x00, 0x00, 0x00,
    0x10, 0x62, 0x6C, 0x6F, 0x63, 0x6B, 0x5F, 0x62, 0x6F, 0x64, 0x69, 0x65,
    0x73, 0x00, 0x5F, 0x00, 0x00, 0x00, 0x10, 0x62, 0x6C, 0x6F, 0x63, 0x6B,
    0x5F, 0x63, 0x68, 0x69, 0x6C, 0x64, 0x72, 0x65, 0x6E, 0x00, 0x60, 0x00,
    0x00, 0x00, 0x10, 0x62, 0x6C, 0x6F, 0x63, 0x6B, 0x5F, 0x73, 0x63, 0x6F,
    0x70, 0x65, 0x73, 0x00, 0x61, 0x00, 0x00, 0x00, 0x10, 0x62, 0x6F, 0x64,
    0x79, 0x5F, 0x73, 0x74, 0x61, 0x74, 0x65, 0x6D, 0x65, 0x6E, 0x74, 0x73,
    0x00, 0x62, 0x00, 0x00, 0x00, 0x10, 0x62, 0x6F, 0x75, 0x6E, 0x64, 0x61,
    0x72, 0x79, 0x5F, 0x62, 0x6F, 0x64, 0x79, 0x00, 0x63, 0x00, 0x00, 0x00,
    0x10, 0x62, 0x6F, 0x75, 0x6E, 0x64, 0x61, 0x72, 0x79, 0x5F, 0x70, 0x61,
    0x72, 0x61, 0x6D, 0x73, 0x00, 0x64, 0x00, 0x00, 0x00, 0x10, 0x63, 0x61,
    0x64, 0x64, 0x72, 0x00, 0x65, 0x00, 0x00, 0x00, 0x10, 0x63, 0x61, 0x64,
    0x72, 0x00, 0x66, 0x00, 0x00, 0x00, 0x10, 0x63, 0x64, 0x64, 0x64, 0x72,
    0x00, 0x67, 0x00, 0x00, 0x00, 0x10, 0x63, 0x64, 0x64, 0x72, 0x00, 0x68,
    0x00, 0x00, 0x00, 0x10, 0x63, 0x65, 0x6C, 0x6C, 0x5F, 0x6E, 0x61, 0x6D,
    0x65, 0x73, 0x00, 0x69, 0x00, 0x00, 0x00, 0x10, 0x63, 0x68, 0x61, 0x69,
    0x6E, 0x00, 0x6A, 0x00, 0x00, 0x00, 0x10, 0x63, 0x68, 0x65, 0x63, 0x6B,
    0x5F, 0x69, 0x6D, 0x70, 0x6C, 0x69, 0x63, 0x69, 0x74, 0x5F, 0x6E, 0x61,
    0x6D, 0x65, 0x73, 0x00, 0x6B, 0x00, 0x00, 0x00, 0x10, 0x63, 0x68, 0x69,
    0x6C, 0x64, 0x72, 0x65, 0x6E, 0x00, 0x6C, 0x00, 0x00, 0x00, 0x10, 0x63,
    0x6F, 0x6E, 0x64, 0x5F, 0x61, 0x73, 0x5F, 0x69, 0x66, 0x00, 0x6D, 0x00,
    0x00, 0x00, 0x10, 0x64, 0x65, 0x63, 0x6C, 0x61, 0x72, 0x65, 0x64, 0x5F,
    0x6E, 0x61, 0x6D, 0x65, 0x73, 0x00, 0x6E, 0x00, 0x00, 0x00, 0x10, 0x64,
    0x65, 0x66, 0x65, 0x72, 0x5F, 0x70, 0x61, 0x72, 0x74, 0x73, 0x00, 0x6F,
    0x00, 0x00, 0x00, 0x10, 0x64, 0x69, 0x73, 0x70, 0x61, 0x74, 0x63, 0x68,
    0x5F, 0x6E, 0x61, 0x6D, 0x65, 0x73, 0x00, 0x70, 0x00, 0x00, 0x00, 0x10,
    0x66, 0x69, 0x65, 0x6C, 0x64, 0x00, 0x71, 0x00, 0x00, 0x00, 0x10, 0x66,
    0x6E, 0x5F, 0x70, 0x61, 0x72, 0x74, 0x73, 0x00, 0x72, 0x00, 0x00, 0x00,
    0x10, 0x66, 0x72, 0x65, 0x65, 0x5F, 0x6E, 0x61, 0x6D, 0x65, 0x73, 0x00,
    0x73, 0x00, 0x00, 0x00, 0x10, 0x69, 0x6E, 0x74, 0x65, 0x72, 0x73, 0x65,
    0x63, 0x74, 0x00, 0x74, 0x00, 0x00, 0x00, 0x10, 0x69, 0x73, 0x5F, 0x6B,
    0x6E, 0x6F, 0x77, 0x6E, 0x5F, 0x6B, 0x69, 0x6E, 0x64, 0x00, 0x75, 0x00,
    0x00, 0x00, 0x10, 0x69, 0x73, 0x5F, 0x6E, 0x61, 0x6D, 0x65, 0x5F, 0x72,
    0x65, 0x66, 0x00, 0x76, 0x00, 0x00, 0x00, 0x10, 0x69, 0x73, 0x5F, 0x70,
    0x61, 0x74, 0x68, 0x5F, 0x6E, 0x6F, 0x64, 0x65, 0x00, 0x77, 0x00, 0x00,
    0x00, 0x10, 0x69, 0x73, 0x5F, 0x73, 0x63, 0x6F, 0x70, 0x65, 0x5F, 0x62,
    0x6F, 0x75, 0x6E, 0x64, 0x61, 0x72, 0x79, 0x00, 0x78, 0x00, 0x00, 0x00,
    0x10, 0x6C, 0x69, 0x73, 0x74, 0x5F, 0x68, 0x65, 0x61, 0x64, 0x00, 0x79,
    0x00, 0x00, 0x00, 0x10, 0x6C, 0x69, 0x73, 0x74, 0x5F, 0x74, 0x61, 0x69,
    0x6C, 0x00, 0x7A, 0x00, 0x00, 0x00, 0x10, 0x6D, 0x61, 0x6B, 0x65, 0x5F,
    0x63, 0x6C, 0x61, 0x73, 0x73, 0x5F, 0x73, 0x6C, 0x6F, 0x74, 0x00, 0x7B,
    0x00, 0x00, 0x00, 0x10, 0x6D, 0x61, 0x6B, 0x65, 0x5F, 0x66, 0x6E, 0x5F,
    0x70, 0x61, 0x72, 0x61, 0x6D, 0x00, 0x7C, 0x00, 0x00, 0x00, 0x10, 0x6D,
    0x61, 0x6B, 0x65, 0x5F, 0x67, 0x6C, 0x6F, 0x62, 0x61, 0x6C, 0x5F, 0x73,
    0x6C, 0x6F, 0x74, 0x00, 0x7D, 0x00, 0x00, 0x00, 0x10, 0x6E, 0x6F, 0x64,
    0x65, 0x5F, 0x6B, 0x69, 0x6E, 0x64, 0x00, 0x7E, 0x00, 0x00, 0x00, 0x10,
    0x6E, 0x6F, 0x74, 0x65, 0x5F, 0x61, 0x6C, 0x6C, 0x00, 0x7F, 0x00, 0x00,
    0x00, 0x10, 0x6E, 0x6F, 0x74, 0x65, 0x5F, 0x6E, 0x61, 0x6D, 0x65, 0x00,
    0x80, 0x00, 0x00, 0x00, 0x10, 0x6F, 0x77, 0x6E, 0x5F, 0x64, 0x65, 0x63,
    0x6C, 0x61, 0x72, 0x65, 0x64, 0x5F, 0x6E, 0x61, 0x6D, 0x65, 0x73, 0x00,
    0x81, 0x00, 0x00, 0x00, 0x10, 0x70, 0x61, 0x63, 0x6B, 0x5F, 0x70, 0x61,
    0x69, 0x72, 0x61, 0x62, 0x6C, 0x65, 0x00, 0x82, 0x00, 0x00, 0x00, 0x10,
    0x70, 0x61, 0x69, 0x72, 0x5F, 0x61, 0x70, 0x70, 0x65, 0x6E, 0x64, 0x00,
    0x83, 0x00, 0x00, 0x00, 0x10, 0x70, 0x61, 0x69, 0x72, 0x5F, 0x6C, 0x65,
    0x6E, 0x67, 0x74, 0x68, 0x00, 0x84, 0x00, 0x00, 0x00, 0x10, 0x70, 0x61,
    0x72, 0x61, 0x6D, 0x5F, 0x6E, 0x61, 0x6D, 0x65, 0x73, 0x00, 0x85, 0x00,
    0x00, 0x00, 0x10, 0x70, 0x61, 0x72, 0x61, 0x6D, 0x5F, 0x70, 0x61, 0x72,
    0x74, 0x73, 0x00, 0x86, 0x00, 0x00, 0x00, 0x10, 0x72, 0x65, 0x70, 0x6C,
    0x61, 0x63, 0x65, 0x00, 0x87, 0x00, 0x00, 0x00, 0x10, 0x73, 0x61, 0x6D,
    0x65, 0x5F, 0x6E, 0x6F, 0x64, 0x65, 0x00, 0x88, 0x00, 0x00, 0x00, 0x10,
    0x73, 0x74, 0x64, 0x00, 0x89, 0x00, 0x00, 0x00, 0x10, 0x74, 0x6F, 0x5F,
    0x6C, 0x69, 0x73, 0x74, 0x00, 0x8A, 0x00, 0x00, 0x00, 0x10, 0x77, 0x61,
    0x6C, 0x6B, 0x5F, 0x61, 0x6C, 0x6C, 0x00, 0x8B, 0x00, 0x00, 0x00, 0x10,
    0x77, 0x61, 0x6C, 0x6B, 0x5F, 0x61, 0x6C, 0x6C, 0x5F, 0x62, 0x6F, 0x64,
    0x79, 0x00, 0x8C, 0x00, 0x00, 0x00, 0x10, 0x77, 0x61, 0x6C, 0x6B, 0x5F,
    0x62, 0x6C, 0x6F, 0x63, 0x6B, 0x00, 0x8D, 0x00, 0x00, 0x00, 0x10, 0x77,
    0x61, 0x6C, 0x6B, 0x5F, 0x62, 0x6F, 0x64, 0x79, 0x00, 0x8E, 0x00, 0x00,
    0x00, 0x10, 0x77, 0x61, 0x6C, 0x6B, 0x5F, 0x73, 0x63, 0x6F, 0x70, 0x65,
    0x00, 0x8F, 0x00, 0x00, 0x00, 0x10, 0x41, 0x53, 0x54, 0x5F, 0x46, 0x49,
    0x45, 0x4C, 0x44, 0x00, 0x90, 0x00, 0x00, 0x00, 0x10, 0x42, 0x49, 0x4E,
    0x4F, 0x50, 0x53, 0x00, 0x91, 0x00, 0x00, 0x00, 0x10, 0x43, 0x4F, 0x4E,
    0x53, 0x54, 0x52, 0x55, 0x43, 0x54, 0x5F, 0x4E, 0x41, 0x4D, 0x45, 0x53,
    0x00, 0x92, 0x00, 0x00, 0x00, 0x10, 0x45, 0x58, 0x50, 0x52, 0x5F, 0x48,
    0x41, 0x4E, 0x44, 0x4C, 0x45, 0x52, 0x53, 0x00, 0x93, 0x00, 0x00, 0x00,
    0x10, 0x49, 0x4E, 0x54, 0x33, 0x32, 0x5F, 0x4D, 0x41, 0x58, 0x00, 0x94,
    0x00, 0x00, 0x00, 0x10, 0x49, 0x4E, 0x54, 0x33, 0x32, 0x5F, 0x4D, 0x49,
    0x4E, 0x00, 0x95, 0x00, 0x00, 0x00, 0x10, 0x4E, 0x4F, 0x5F, 0x46, 0x41,
    0x4C, 0x4C, 0x54, 0x48, 0x52, 0x4F, 0x55, 0x47, 0x48, 0x00, 0x96, 0x00,
    0x00, 0x00, 0x10, 0x50, 0x52, 0x49, 0x4D, 0x49, 0x54, 0x49, 0x56, 0x45,
    0x5F, 0x54, 0x59, 0x50, 0x45, 0x5F, 0x4E, 0x41, 0x4D, 0x45, 0x53, 0x00,
    0x97, 0x00, 0x00, 0x00, 0x10, 0x53, 0x54, 0x41, 0x54, 0x45, 0x4D, 0x45,
    0x4E, 0x54, 0x5F, 0x48, 0x41, 0x4E, 0x44, 0x4C, 0x45, 0x52, 0x53, 0x00,
    0x98, 0x00, 0x00, 0x00, 0x10, 0x54, 0x4F, 0x50, 0x4C, 0x45, 0x56, 0x45,
    0x4C, 0x5F, 0x48, 0x41, 0x4E, 0x44, 0x4C, 0x45, 0x52, 0x53, 0x00, 0x99,
    0x00, 0x00, 0x00, 0x10, 0x56, 0x41, 0x4C, 0x55, 0x45, 0x5F, 0x50, 0x52,
    0x4F, 0x44, 0x55, 0x43, 0x49, 0x4E, 0x47, 0x00, 0x9A, 0x00, 0x00, 0x00,
    0x10, 0x5F, 0x61, 0x72, 0x72, 0x61, 0x79, 0x00, 0x9B, 0x00, 0x00, 0x00,
    0x10, 0x5F, 0x61, 0x73, 0x73, 0x69, 0x67, 0x6E, 0x00, 0x9C, 0x00, 0x00,
    0x00, 0x10, 0x5F, 0x61, 0x73, 0x73, 0x69, 0x67, 0x6E, 0x5F, 0x62, 0x79,
    0x5F, 0x75, 0x6E, 0x70, 0x61, 0x63, 0x6B, 0x69, 0x6E, 0x67, 0x00, 0x9D,
    0x00, 0x00, 0x00, 0x10, 0x5F, 0x61, 0x73, 0x73, 0x69, 0x67, 0x6E, 0x5F,
    0x66, 0x72, 0x6F, 0x6D, 0x5F, 0x63, 0x61, 0x6C, 0x6C, 0x00, 0x9E, 0x00,
    0x00, 0x00, 0x10, 0x5F, 0x61, 0x73, 0x73, 0x69, 0x67, 0x6E, 0x5F, 0x70,
    0x61, 0x69, 0x72, 0x77, 0x69, 0x73, 0x65, 0x00, 0x9F, 0x00, 0x00, 0x00,
    0x10, 0x5F, 0x61, 0x73, 0x74, 0x72, 0x65, 0x66, 0x00, 0xA0, 0x00, 0x00,
    0x00, 0x10, 0x5F, 0x61, 0x74, 0x74, 0x72, 0x00, 0xA1, 0x00, 0x00, 0x00,
    0x10, 0x5F, 0x62, 0x61, 0x72, 0x65, 0x5F, 0x73, 0x79, 0x6D, 0x62, 0x6F,
    0x6C, 0x00, 0xA2, 0x00, 0x00, 0x00, 0x10, 0x5F, 0x62, 0x69, 0x6E, 0x6F,
    0x70, 0x00, 0xA3, 0x00, 0x00, 0x00, 0x10, 0x5F, 0x62, 0x6F, 0x64, 0x79,
    0x5F, 0x63, 0x6F, 0x6D, 0x70, 0x69, 0x6C, 0x65, 0x72, 0x00, 0xA4, 0x00,
    0x00, 0x00, 0x10, 0x5F, 0x62, 0x6F, 0x6F, 0x6C, 0x5F, 0x6C, 0x69, 0x74,
    0x00, 0xA5, 0x00, 0x00, 0x00, 0x10, 0x5F, 0x62, 0x72, 0x65, 0x61, 0x6B,
    0x00, 0xA6, 0x00, 0x00, 0x00, 0x10, 0x5F, 0x62, 0x75, 0x69, 0x6C, 0x64,
    0x5F, 0x63, 0x6F, 0x6E, 0x73, 0x74, 0x72, 0x75, 0x63, 0x74, 0x5F, 0x6E,
    0x61, 0x6D, 0x65, 0x73, 0x00, 0xA7, 0x00, 0x00, 0x00, 0x10, 0x5F, 0x63,
    0x61, 0x6C, 0x6C, 0x00, 0xA8, 0x00, 0x00, 0x00, 0x10, 0x5F, 0x63, 0x61,
    0x74, 0x63, 0x68, 0x00, 0xA9, 0x00, 0x00, 0x00, 0x10, 0x5F, 0x63, 0x68,
    0x61, 0x72, 0x5F, 0x6C, 0x69, 0x74, 0x00, 0xAA, 0x00, 0x00, 0x00, 0x10,
    0x5F, 0x63, 0x6C, 0x6F, 0x73, 0x75, 0x72, 0x65, 0x5F, 0x63, 0x6F, 0x6D,
    0x70, 0x69, 0x6C, 0x65, 0x72, 0x00, 0xAB, 0x00, 0x00, 0x00, 0x10, 0x5F,
    0x63, 0x6F, 0x6C, 0x6C, 0x65, 0x63, 0x74, 0x69, 0x6F, 0x6E, 0x00, 0xAC,
    0x00, 0x00, 0x00, 0x10, 0x5F, 0x63, 0x6F, 0x6D, 0x70, 0x69, 0x6C, 0x65,
    0x5F, 0x63, 0x61, 0x6C, 0x6C, 0x00, 0xAD, 0x00, 0x00, 0x00, 0x10, 0x5F,
    0x63, 0x6F, 0x6D, 0x70, 0x69, 0x6C, 0x65, 0x5F, 0x66, 0x6F, 0x72, 0x00,
    0xAE, 0x00, 0x00, 0x00, 0x10, 0x5F, 0x63, 0x6F, 0x6D, 0x70, 0x69, 0x6C,
    0x65, 0x5F, 0x74, 0x72, 0x61, 0x70, 0x00, 0xAF, 0x00, 0x00, 0x00, 0x10,
    0x5F, 0x63, 0x6F, 0x6E, 0x63, 0x61, 0x74, 0x65, 0x6E, 0x61, 0x74, 0x65,
    0x00, 0xB0, 0x00, 0x00, 0x00, 0x10, 0x5F, 0x63, 0x6F, 0x6E, 0x64, 0x5F,
    0x65, 0x78, 0x70, 0x72, 0x00, 0xB1, 0x00, 0x00, 0x00, 0x10, 0x5F, 0x63,
    0x6F, 0x6E, 0x64, 0x5F, 0x73, 0x74, 0x6D, 0x74, 0x00, 0xB2, 0x00, 0x00,
    0x00, 0x10, 0x5F, 0x63, 0x6F, 0x6E, 0x74, 0x69, 0x6E, 0x75, 0x65, 0x00,
    0xB3, 0x00, 0x00, 0x00, 0x10, 0x5F, 0x64, 0x65, 0x66, 0x65, 0x72, 0x00,
    0xB4, 0x00, 0x00, 0x00, 0x10, 0x5F, 0x64, 0x65, 0x66, 0x65, 0x72, 0x5F,
    0x63, 0x6F, 0x6D, 0x70, 0x69, 0x6C, 0x65, 0x72, 0x00, 0xB5, 0x00, 0x00,
    0x00, 0x10, 0x5F, 0x64, 0x65, 0x66, 0x69, 0x6E, 0x65, 0x00, 0xB6, 0x00,
    0x00, 0x00, 0x10, 0x5F, 0x64, 0x65, 0x66, 0x69, 0x6E, 0x65, 0x5F, 0x76,
    0x61, 0x6C, 0x75, 0x65, 0x73, 0x00, 0xB7, 0x00, 0x00, 0x00, 0x10, 0x5F,
    0x64, 0x69, 0x63, 0x74, 0x00, 0xB8, 0x00, 0x00, 0x00, 0x10, 0x5F, 0x64,
    0x6F, 0x00, 0xB9, 0x00, 0x00, 0x00, 0x10, 0x5F, 0x65, 0x6D, 0x69, 0x74,
    0x5F, 0x73, 0x65, 0x71, 0x75, 0x65, 0x6E, 0x63, 0x65, 0x00, 0xBA, 0x00,
    0x00, 0x00, 0x10, 0x5F, 0x65, 0x6D, 0x69, 0x74, 0x5F, 0x73, 0x74, 0x6F,
    0x72, 0x65, 0x00, 0xBB, 0x00, 0x00, 0x00, 0x10, 0x5F, 0x65, 0x78, 0x70,
    0x00, 0xBC, 0x00, 0x00, 0x00, 0x10, 0x5F, 0x66, 0x33, 0x32, 0x5F, 0x62,
    0x69, 0x74, 0x73, 0x00, 0xBD, 0x00, 0x00, 0x00, 0x10, 0x5F, 0x66, 0x6F,
    0x72, 0x00, 0xBE, 0x00, 0x00, 0x00, 0x10, 0x5F, 0x69, 0x66, 0x5F, 0x65,
    0x78, 0x70, 0x72, 0x00, 0xBF, 0x00, 0x00, 0x00, 0x10, 0x5F, 0x69, 0x66,
    0x5F, 0x6C, 0x6F, 0x77, 0x65, 0x72, 0x00, 0xC0, 0x00, 0x00, 0x00, 0x10,
    0x5F, 0x69, 0x66, 0x5F, 0x73, 0x65, 0x74, 0x5F, 0x73, 0x74, 0x6D, 0x74,
    0x00, 0xC1, 0x00, 0x00, 0x00, 0x10, 0x5F, 0x69, 0x66, 0x5F, 0x73, 0x74,
    0x6D, 0x74, 0x00, 0xC2, 0x00, 0x00, 0x00, 0x10, 0x5F, 0x69, 0x6E, 0x5F,
    0x6F, 0x70, 0x00, 0xC3, 0x00, 0x00, 0x00, 0x10, 0x5F, 0x69, 0x6E, 0x64,
    0x65, 0x78, 0x00, 0xC4, 0x00, 0x00, 0x00, 0x10, 0x5F, 0x6B, 0x65, 0x79,
    0x77, 0x6F, 0x72, 0x64, 0x5F, 0x61, 0x72, 0x67, 0x75, 0x6D, 0x65, 0x6E,
    0x74, 0x5F, 0x64, 0x69, 0x63, 0x74, 0x00, 0xC5, 0x00, 0x00, 0x00, 0x10,
    0x5F, 0x6C, 0x61, 0x6D, 0x62, 0x64, 0x61, 0x00, 0xC6, 0x00, 0x00, 0x00,
    0x10, 0x5F, 0x6C, 0x61, 0x6E, 0x64, 0x00, 0xC7, 0x00, 0x00, 0x00, 0x10,
    0x5F, 0x6C, 0x61, 0x6E, 0x64, 0x5F, 0x66, 0x72, 0x65, 0x65, 0x00, 0xC8,
    0x00, 0x00, 0x00, 0x10, 0x5F, 0x6D, 0x61, 0x78, 0x32, 0x00, 0xC9, 0x00,
    0x00, 0x00, 0x10, 0x5F, 0x6D, 0x65, 0x73, 0x73, 0x61, 0x67, 0x65, 0x00,
    0xCA, 0x00, 0x00, 0x00, 0x10, 0x5F, 0x6D, 0x73, 0x67, 0x5F, 0x62, 0x69,
    0x6E, 0x64, 0x69, 0x6E, 0x67, 0x00, 0xCB, 0x00, 0x00, 0x00, 0x10, 0x5F,
    0x6E, 0x65, 0x73, 0x74, 0x65, 0x64, 0x5F, 0x66, 0x6E, 0x00, 0xCC, 0x00,
    0x00, 0x00, 0x10, 0x5F, 0x6E, 0x65, 0x73, 0x74, 0x65, 0x64, 0x5F, 0x66,
    0x6E, 0x5F, 0x63, 0x6F, 0x6D, 0x70, 0x69, 0x6C, 0x65, 0x72, 0x00, 0xCD,
    0x00, 0x00, 0x00, 0x10, 0x5F, 0x6E, 0x69, 0x6C, 0x5F, 0x6C, 0x69, 0x74,
    0x00, 0xCE, 0x00, 0x00, 0x00, 0x10, 0x5F, 0x6E, 0x75, 0x6D, 0x62, 0x65,
    0x72, 0x00, 0xCF, 0x00, 0x00, 0x00, 0x10, 0x5F, 0x70, 0x61, 0x69, 0x72,
    0x6C, 0x69, 0x73, 0x74, 0x00, 0xD0, 0x00, 0x00, 0x00, 0x10, 0x5F, 0x70,
    0x61, 0x73, 0x73, 0x00, 0xD1, 0x00, 0x00, 0x00, 0x10, 0x5F, 0x70, 0x6C,
    0x69, 0x73, 0x74, 0x00, 0xD2, 0x00, 0x00, 0x00, 0x10, 0x5F, 0x70, 0x6F,
    0x73, 0x00, 0xD3, 0x00, 0x00, 0x00, 0x10, 0x5F, 0x70, 0x6F, 0x73, 0x69,
    0x74, 0x69, 0x6F, 0x6E, 0x61, 0x6C, 0x5F, 0x61, 0x72, 0x67, 0x75, 0x6D,
    0x65, 0x6E, 0x74, 0x5F, 0x74, 0x75, 0x70, 0x6C, 0x65, 0x00, 0xD4, 0x00,
    0x00, 0x00, 0x10, 0x5F, 0x72, 0x65, 0x67, 0x69, 0x73, 0x74, 0x65, 0x72,
    0x00, 0xD5, 0x00, 0x00, 0x00, 0x10, 0x5F, 0x72, 0x65, 0x74, 0x75, 0x72,
    0x6E, 0x00, 0xD6, 0x00, 0x00, 0x00, 0x10, 0x5F, 0x73, 0x63, 0x6F, 0x70,
    0x65, 0x00, 0xD7, 0x00, 0x00, 0x00, 0x10, 0x5F, 0x73, 0x65, 0x71, 0x75,
    0x65, 0x6E, 0x63, 0x65, 0x00, 0xD8, 0x00, 0x00, 0x00, 0x10, 0x5F, 0x73,
    0x65, 0x74, 0x5F, 0x69, 0x66, 0x5F, 0x75, 0x6E, 0x73, 0x65, 0x74, 0x00,
    0xD9, 0x00, 0x00, 0x00, 0x10, 0x5F, 0x73, 0x65, 0x74, 0x5F, 0x73, 0x74,
    0x6D, 0x74, 0x00, 0xDA, 0x00, 0x00, 0x00, 0x10, 0x5F, 0x73, 0x65, 0x74,
    0x5F, 0x76, 0x61, 0x6C, 0x75, 0x65, 0x73, 0x5F, 0x73, 0x74, 0x6D, 0x74,
    0x00, 0xDB, 0x00, 0x00, 0x00, 0x10, 0x5F, 0x73, 0x68, 0x6F, 0x72, 0x74,
    0x5F, 0x63, 0x69, 0x72, 0x63, 0x75, 0x69, 0x74, 0x00, 0xDC, 0x00, 0x00,
    0x00, 0x10, 0x5F, 0x73, 0x74, 0x61, 0x74, 0x69, 0x63, 0x5F, 0x64, 0x65,
    0x63, 0x6C, 0x00, 0xDD, 0x00, 0x00, 0x00, 0x10, 0x5F, 0x73, 0x74, 0x6F,
    0x72, 0x61, 0x67, 0x65, 0x00, 0xDE, 0x00, 0x00, 0x00, 0x10, 0x5F, 0x73,
    0x74, 0x6F, 0x72, 0x65, 0x5F, 0x74, 0x68, 0x72, 0x6F, 0x75, 0x67, 0x68,
    0x00, 0xDF, 0x00, 0x00, 0x00, 0x10, 0x5F, 0x73, 0x74, 0x6F, 0x72, 0x65,
    0x5F, 0x75, 0x6E, 0x73, 0x65, 0x74, 0x00, 0xE0, 0x00, 0x00, 0x00, 0x10,
    0x5F, 0x73, 0x74, 0x72, 0x69, 0x6E, 0x67, 0x00, 0xE1, 0x00, 0x00, 0x00,
    0x10, 0x5F, 0x73, 0x79, 0x6D, 0x62, 0x6F, 0x6C, 0x5F, 0x6C, 0x69, 0x74,
    0x00, 0xE2, 0x00, 0x00, 0x00, 0x10, 0x5F, 0x74, 0x61, 0x72, 0x67, 0x65,
    0x74, 0x00, 0xE3, 0x00, 0x00, 0x00, 0x10, 0x5F, 0x74, 0x61, 0x72, 0x67,
    0x65, 0x74, 0x5F, 0x62, 0x61, 0x73, 0x65, 0x00, 0xE4, 0x00, 0x00, 0x00,
    0x10, 0x5F, 0x74, 0x65, 0x6D, 0x70, 0x6C, 0x61, 0x74, 0x65, 0x5F, 0x73,
    0x74, 0x6D, 0x74, 0x00, 0xE5, 0x00, 0x00, 0x00, 0x10, 0x5F, 0x74, 0x68,
    0x69, 0x73, 0x00, 0xE6, 0x00, 0x00, 0x00, 0x10, 0x5F, 0x74, 0x72, 0x79,
    0x00, 0xE7, 0x00, 0x00, 0x00, 0x10, 0x5F, 0x74, 0x75, 0x70, 0x6C, 0x65,
    0x00, 0xE8, 0x00, 0x00, 0x00, 0x10, 0x5F, 0x74, 0x79, 0x70, 0x65, 0x5F,
    0x61, 0x74, 0x6F, 0x6D, 0x73, 0x00, 0xE9, 0x00, 0x00, 0x00, 0x10, 0x5F,
    0x74, 0x79, 0x70, 0x65, 0x5F, 0x63, 0x68, 0x65, 0x63, 0x6B, 0x00, 0xEA,
    0x00, 0x00, 0x00, 0x10, 0x5F, 0x74, 0x79, 0x70, 0x65, 0x5F, 0x70, 0x61,
    0x72, 0x74, 0x73, 0x00, 0xEB, 0x00, 0x00, 0x00, 0x10, 0x5F, 0x74, 0x79,
    0x70, 0x65, 0x5F, 0x76, 0x61, 0x6C, 0x75, 0x65, 0x00, 0xEC, 0x00, 0x00,
    0x00, 0x10, 0x5F, 0x75, 0x6E, 0x61, 0x72, 0x79, 0x00, 0xED, 0x00, 0x00,
    0x00, 0x10, 0x5F, 0x76, 0x61, 0x72, 0x5F, 0x64, 0x65, 0x63, 0x6C, 0x5F,
    0x75, 0x6E, 0x73, 0x65, 0x74, 0x00, 0xEE, 0x00, 0x00, 0x00, 0x10, 0x5F,
    0x77, 0x68, 0x69, 0x6C, 0x65, 0x00, 0xEF, 0x00, 0x00, 0x00, 0x10, 0x5F,
    0x77, 0x69, 0x6E, 0x64, 0x6F, 0x77, 0x5F, 0x6F, 0x66, 0x00, 0xF0, 0x00,
    0x00, 0x00, 0x10, 0x5F, 0x79, 0x69, 0x65, 0x6C, 0x64, 0x00, 0xF1, 0x00,
    0x00, 0x00, 0x10, 0x5F, 0x79, 0x69, 0x65, 0x6C, 0x64, 0x5F, 0x66, 0x72,
    0x6F, 0x6D, 0x00, 0xF2, 0x00, 0x00, 0x00, 0x10, 0x5F, 0x79, 0x69, 0x65,
    0x6C, 0x64, 0x5F, 0x73, 0x74, 0x6D, 0x74, 0x00, 0xF3, 0x00, 0x00, 0x00,
    0x10, 0x63, 0x6F, 0x6D, 0x70, 0x69, 0x6C, 0x65, 0x5F, 0x62, 0x6F, 0x64,
    0x79, 0x00, 0xF4, 0x00, 0x00, 0x00, 0x10, 0x63, 0x6F, 0x6D, 0x70, 0x69,
    0x6C, 0x65, 0x5F, 0x63, 0x61, 0x6C, 0x6C, 0x00, 0xF5, 0x00, 0x00, 0x00,
    0x10, 0x63, 0x6F, 0x6D, 0x70, 0x69, 0x6C, 0x65, 0x5F, 0x65, 0x78, 0x70,
    0x72, 0x00, 0xF6, 0x00, 0x00, 0x00, 0x10, 0x63, 0x6F, 0x6D, 0x70, 0x69,
    0x6C, 0x65, 0x5F, 0x69, 0x6E, 0x74, 0x6F, 0x5F, 0x77, 0x69, 0x6E, 0x64,
    0x6F, 0x77, 0x00, 0xF7, 0x00, 0x00, 0x00, 0x10, 0x63, 0x6F, 0x6D, 0x70,
    0x69, 0x6C, 0x65, 0x5F, 0x6D, 0x65, 0x73, 0x73, 0x61, 0x67, 0x65, 0x00,
    0xF8, 0x00, 0x00, 0x00, 0x10, 0x63, 0x6F, 0x6D, 0x70, 0x69, 0x6C, 0x65,
    0x5F, 0x73, 0x74, 0x61, 0x74, 0x65, 0x6D, 0x65, 0x6E, 0x74, 0x00, 0xF9,
    0x00, 0x00, 0x00, 0x10, 0x63, 0x6F, 0x6D, 0x70, 0x69, 0x6C, 0x65, 0x5F,
    0x76, 0x61, 0x00, 0xFA, 0x00, 0x00, 0x00, 0x10, 0x63, 0x6F, 0x6D, 0x70,
    0x69, 0x6C, 0x65, 0x5F, 0x79, 0x69, 0x65, 0x6C, 0x64, 0x00, 0xFB, 0x00,
    0x00, 0x00, 0x10, 0x63, 0x6F, 0x6E, 0x73, 0x74, 0x72, 0x75, 0x63, 0x74,
    0x5F, 0x6E, 0x61, 0x6D, 0x65, 0x00, 0xFC, 0x00, 0x00, 0x00, 0x10, 0x64,
    0x69, 0x73, 0x70, 0x61, 0x74, 0x63, 0x68, 0x00, 0xFD, 0x00, 0x00, 0x00,
    0x10, 0x65, 0x6D, 0x69, 0x74, 0x5F, 0x76, 0x61, 0x6C, 0x75, 0x65, 0x00,
    0xFE, 0x00, 0x00, 0x00, 0x10, 0x68, 0x61, 0x73, 0x5F, 0x73, 0x70, 0x72,
    0x65, 0x61, 0x64, 0x5F, 0x6F, 0x72, 0x5F, 0x6B, 0x65, 0x79, 0x77, 0x6F,
    0x72, 0x64, 0x00, 0xFF, 0x00, 0x00, 0x00, 0x10, 0x69, 0x73, 0x5F, 0x65,
    0x78, 0x70, 0x72, 0x65, 0x73, 0x73, 0x69, 0x6F, 0x6E, 0x5F, 0x73, 0x74,
    0x61, 0x74, 0x65, 0x6D, 0x65, 0x6E, 0x74, 0x00, 0x00, 0x01, 0x00, 0x00,
    0x10, 0x6D, 0x65, 0x73, 0x73, 0x61, 0x67, 0x65, 0x5F, 0x69, 0x6E, 0x64,
    0x65, 0x78, 0x00, 0x01, 0x01, 0x00, 0x00, 0x10, 0x6F, 0x77, 0x6E, 0x5F,
    0x73, 0x6C, 0x6F, 0x74, 0x5F, 0x69, 0x6E, 0x64, 0x65, 0x78, 0x00, 0x02,
    0x01, 0x00, 0x00, 0x10, 0x72, 0x65, 0x67, 0x5F, 0x6F, 0x66, 0x00, 0x03,
    0x01, 0x00, 0x00, 0x10, 0x72, 0x65, 0x67, 0x69, 0x73, 0x74, 0x65, 0x72,
    0x5F, 0x65, 0x78, 0x70, 0x72, 0x65, 0x73, 0x73, 0x69, 0x6F, 0x6E, 0x00,
    0x04, 0x01, 0x00, 0x00, 0x10, 0x72, 0x65, 0x67, 0x69, 0x73, 0x74, 0x65,
    0x72, 0x5F, 0x73, 0x74, 0x61, 0x74, 0x65, 0x6D, 0x65, 0x6E, 0x74, 0x00,
    0x05, 0x01, 0x00, 0x00, 0x10, 0x72, 0x65, 0x67, 0x69, 0x73, 0x74, 0x65,
    0x72, 0x5F, 0x74, 0x6F, 0x70, 0x6C, 0x65, 0x76, 0x65, 0x6C, 0x00, 0x06,
    0x01, 0x00, 0x00, 0x10, 0x72, 0x65, 0x73, 0x6F, 0x6C, 0x76, 0x65, 0x5F,
    0x6E, 0x61, 0x6D, 0x65, 0x00, 0x07, 0x01, 0x00, 0x00, 0x10, 0x73, 0x65,
    0x74, 0x5F, 0x62, 0x6F, 0x64, 0x79, 0x5F, 0x63, 0x6F, 0x6D, 0x70, 0x69,
    0x6C, 0x65, 0x72, 0x00, 0x08, 0x01, 0x00, 0x00, 0x10, 0x73, 0x65, 0x74,
    0x5F, 0x63, 0x6C, 0x6F, 0x73, 0x75, 0x72, 0x65, 0x5F, 0x63, 0x6F, 0x6D,
    0x70, 0x69, 0x6C, 0x65, 0x72, 0x00, 0x09, 0x01, 0x00, 0x00, 0x10, 0x73,
    0x65, 0x74, 0x5F, 0x64, 0x65, 0x66, 0x65, 0x72, 0x5F, 0x63, 0x6F, 0x6D,
    0x70, 0x69, 0x6C, 0x65, 0x72, 0x00, 0x0A, 0x01, 0x00, 0x00, 0x10, 0x73,
    0x65, 0x74, 0x5F, 0x6E, 0x65, 0x73, 0x74, 0x65, 0x64, 0x5F, 0x66, 0x6E,
    0x5F, 0x63, 0x6F, 0x6D, 0x70, 0x69, 0x6C, 0x65, 0x72, 0x00, 0x0B, 0x01,
    0x00, 0x00, 0x10, 0x73, 0x74, 0x6F, 0x72, 0x65, 0x5F, 0x65, 0x78, 0x70,
    0x72, 0x00, 0x0C, 0x01, 0x00, 0x00, 0x10, 0x73, 0x74, 0x6F, 0x72, 0x65,
    0x5F, 0x72, 0x65, 0x67, 0x00, 0x0D, 0x01, 0x00, 0x00, 0x10, 0x73, 0x74,
    0x6F, 0x72, 0x65, 0x5F, 0x74, 0x61, 0x72, 0x67, 0x65, 0x74, 0x00, 0x0E,
    0x01, 0x00, 0x00, 0x10, 0x73, 0x74, 0x6F, 0x72, 0x65, 0x5F, 0x74, 0x61,
    0x72, 0x67, 0x65, 0x74, 0x5F, 0x72, 0x65, 0x67, 0x00, 0x0F, 0x01, 0x00,
    0x00, 0x10, 0x73, 0x75, 0x70, 0x70, 0x6F, 0x72, 0x74, 0x65, 0x64, 0x00,
    0x10, 0x01, 0x00, 0x00, 0x10, 0x74, 0x61, 0x72, 0x67, 0x65, 0x74, 0x5F,
    0x6E, 0x61, 0x6D, 0x65, 0x00, 0x11, 0x01, 0x00, 0x00, 0x10, 0x75, 0x6E,
    0x73, 0x75, 0x70, 0x70, 0x6F, 0x72, 0x74, 0x65, 0x64, 0x00, 0x12, 0x01,
    0x00, 0x00, 0x10, 0x46, 0x4E, 0x5F, 0x43, 0x4F, 0x52, 0x4F, 0x55, 0x54,
    0x49, 0x4E, 0x45, 0x00, 0x13, 0x01, 0x00, 0x00, 0x10, 0x46, 0x4E, 0x5F,
    0x4B, 0x57, 0x41, 0x52, 0x47, 0x53, 0x00, 0x14, 0x01, 0x00, 0x00, 0x10,
    0x46, 0x4E, 0x5F, 0x56, 0x41, 0x52, 0x41, 0x52, 0x47, 0x53, 0x00, 0x15,
    0x01, 0x00, 0x00, 0x10, 0x5F, 0x61, 0x6C, 0x6C, 0x6F, 0x63, 0x61, 0x74,
    0x65, 0x5F, 0x73, 0x6C, 0x6F, 0x74, 0x73, 0x00, 0x16, 0x01, 0x00, 0x00,
    0x10, 0x5F, 0x62, 0x6F, 0x64, 0x79, 0x5F, 0x61, 0x6E, 0x64, 0x5F, 0x65,
    0x70, 0x69, 0x6C, 0x6F, 0x67, 0x75, 0x65, 0x00, 0x17, 0x01, 0x00, 0x00,
    0x10, 0x5F, 0x63, 0x61, 0x70, 0x74, 0x75, 0x72, 0x65, 0x73, 0x00, 0x18,
    0x01, 0x00, 0x00, 0x10, 0x5F, 0x63, 0x65, 0x6C, 0x6C, 0x73, 0x00, 0x19,
    0x01, 0x00, 0x00, 0x10, 0x5F, 0x63, 0x65, 0x6C, 0x6C, 0x73, 0x5F, 0x74,
    0x6F, 0x5F, 0x73, 0x65, 0x65, 0x64, 0x00, 0x1A, 0x01, 0x00, 0x00, 0x10,
    0x5F, 0x63, 0x6F, 0x6D, 0x70, 0x69, 0x6C, 0x65, 0x5F, 0x6F, 0x72, 0x5F,
    0x73, 0x74, 0x75, 0x62, 0x00, 0x1B, 0x01, 0x00, 0x00, 0x10, 0x5F, 0x63,
    0x6F, 0x70, 0x79, 0x5F, 0x6C, 0x69, 0x73, 0x74, 0x00, 0x1C, 0x01, 0x00,
    0x00, 0x10, 0x5F, 0x64, 0x65, 0x63, 0x6C, 0x61, 0x72, 0x65, 0x5F, 0x73,
    0x74, 0x61, 0x74, 0x69, 0x63, 0x73, 0x00, 0x1D, 0x01, 0x00, 0x00, 0x10,
    0x5F, 0x6D, 0x61, 0x6B, 0x65, 0x5F, 0x73, 0x74, 0x75, 0x62, 0x00, 0x1E,
    0x01, 0x00, 0x00, 0x10, 0x5F, 0x70, 0x72, 0x6F, 0x6C, 0x6F, 0x67, 0x75,
    0x65, 0x00, 0x1F, 0x01, 0x00, 0x00, 0x10, 0x5F, 0x73, 0x6F, 0x72, 0x74,
    0x5F, 0x6E, 0x61, 0x6D, 0x65, 0x73, 0x00, 0x20, 0x01, 0x00, 0x00, 0x10,
    0x5F, 0x74, 0x72, 0x79, 0x5F, 0x63, 0x6F, 0x6D, 0x70, 0x69, 0x6C, 0x65,
    0x00, 0x21, 0x01, 0x00, 0x00, 0x10, 0x63, 0x6F, 0x6D, 0x70, 0x69, 0x6C,
    0x65, 0x5F, 0x63, 0x61, 0x6C, 0x6C, 0x61, 0x62, 0x6C, 0x65, 0x00, 0x22,
    0x01, 0x00, 0x00, 0x10, 0x63, 0x6F, 0x6D, 0x70, 0x69, 0x6C, 0x65, 0x5F,
    0x63, 0x6C, 0x6F, 0x73, 0x75, 0x72, 0x65, 0x5F, 0x65, 0x78, 0x70, 0x72,
    0x00, 0x23, 0x01, 0x00, 0x00, 0x10, 0x63, 0x6F, 0x6D, 0x70, 0x69, 0x6C,
    0x65, 0x5F, 0x64, 0x65, 0x66, 0x65, 0x72, 0x00, 0x24, 0x01, 0x00, 0x00,
    0x10, 0x63, 0x6F, 0x6D, 0x70, 0x69, 0x6C, 0x65, 0x5F, 0x66, 0x75, 0x6E,
    0x63, 0x74, 0x69, 0x6F, 0x6E, 0x00, 0x25, 0x01, 0x00, 0x00, 0x10, 0x63,
    0x6F, 0x6D, 0x70, 0x69, 0x6C, 0x65, 0x5F, 0x6E, 0x65, 0x73, 0x74, 0x65,
    0x64, 0x5F, 0x66, 0x6E, 0x00, 0x26, 0x01, 0x00, 0x00, 0x10, 0x65, 0x6D,
    0x69, 0x74, 0x5F, 0x63, 0x6C, 0x6F, 0x73, 0x75, 0x72, 0x65, 0x00, 0x27,
    0x01, 0x00, 0x00, 0x10, 0x70, 0x61, 0x72, 0x61, 0x6D, 0x5F, 0x73, 0x70,
    0x65, 0x63, 0x00, 0x28, 0x01, 0x00, 0x00, 0x10, 0x65, 0x72, 0x72, 0x6F,
    0x72, 0x00, 0x29, 0x01, 0x00, 0x00, 0x10, 0x63, 0x64, 0x72, 0x00, 0x2A,
    0x01, 0x00, 0x00, 0x10, 0x63, 0x61, 0x72, 0x00, 0x2B, 0x01, 0x00, 0x00,
    0x10, 0x73, 0x74, 0x72, 0x00, 0x2C, 0x01, 0x00, 0x00, 0x10, 0x6C, 0x65,
    0x6E, 0x00, 0x2D, 0x01, 0x00, 0x00, 0x10, 0x63, 0x6F, 0x6E, 0x73, 0x00,
    0x2E, 0x01, 0x00, 0x00, 0x00,
};

static const uint32_t classes_code[] = {
    0x00000047,                /* 0000  import L0 <- static#0   ("wyrm::") */
    0x00000043,                /* 0001  gset g0 <- L0   (wyrm) */
    0x00010047,                /* 0002  import L0 <- static#1   ("wyrm::opcodes") */
    0x000100B5, 0x00000000,    /* 0003  import_star static#1 except 0, 0 names   ("wyrm::opcodes") */
    0x00000047,                /* 0005  import L0 <- static#0   ("wyrm::") */
    0x00000043,                /* 0006  gset g0 <- L0   (wyrm) */
    0x00020047,                /* 0007  import L0 <- static#2   ("wyrm::compiler::") */
    0x00030047,                /* 0008  import L0 <- static#3   ("wyrm::compiler::context") */
    0x000300B5, 0x00000000,    /* 0009  import_star static#3 except 0, 0 names   ("wyrm::compiler::context") */
    0x00000047,                /* 000B  import L0 <- static#0   ("wyrm::") */
    0x00000043,                /* 000C  gset g0 <- L0   (wyrm) */
    0x00020047,                /* 000D  import L0 <- static#2   ("wyrm::compiler::") */
    0x00040047,                /* 000E  import L0 <- static#4   ("wyrm::compiler::analysis") */
    0x000400B5, 0x00000000,    /* 000F  import_star static#4 except 0, 0 names   ("wyrm::compiler::analysis") */
    0x00000047,                /* 0011  import L0 <- static#0   ("wyrm::") */
    0x00000043,                /* 0012  gset g0 <- L0   (wyrm) */
    0x00020047,                /* 0013  import L0 <- static#2   ("wyrm::compiler::") */
    0x00050047,                /* 0014  import L0 <- static#5   ("wyrm::compiler::statements") */
    0x000500B5, 0x00000000,    /* 0015  import_star static#5 except 0, 0 names   ("wyrm::compiler::statements") */
    0x00000047,                /* 0017  import L0 <- static#0   ("wyrm::") */
    0x00000043,                /* 0018  gset g0 <- L0   (wyrm) */
    0x00020047,                /* 0019  import L0 <- static#2   ("wyrm::compiler::") */
    0x00060047,                /* 001A  import L0 <- static#6   ("wyrm::compiler::functions") */
    0x000600B5, 0x00000000,    /* 001B  import_star static#6 except 0, 0 names   ("wyrm::compiler::functions") */
    0x00000047,                /* 001D  import L0 <- static#0   ("wyrm::") */
    0x00000043,                /* 001E  gset g0 <- L0   (wyrm) */
    0x00020047,                /* 001F  import L0 <- static#2   ("wyrm::compiler::") */
    0x00070047,                /* 0020  import L0 <- static#7   ("wyrm::compiler::handlers") */
    0x000700B5, 0x00000000,    /* 0021  import_star static#7 except 0, 0 names   ("wyrm::compiler::handlers") */
    0x00000240,                /* 0023  i8 L0 <- 2 */
    0x00120043,                /* 0024  gset g18 <- L0   (FN_MESSAGE) */
    0x000000A8, 0x00000000,    /* 0025  closure L0 <- fn#0, 0 caps */
    0x00010043,                /* 0027  gset g1 <- L0   (_tail) */
    0x000000A8, 0x00010000,    /* 0028  closure L0 <- fn#1, 0 caps */
    0x00020043,                /* 002A  gset g2 <- L0   (_field) */
    0x000000A8, 0x00020000,    /* 002B  closure L0 <- fn#2, 0 caps */
    0x00030043,                /* 002D  gset g3 <- L0   (_constant_value) */
    0x000000A8, 0x00030000,    /* 002E  closure L0 <- fn#3, 0 caps */
    0x00040043,                /* 0030  gset g4 <- L0   (_emit_pack) */
    0x000000A8, 0x00040000,    /* 0031  closure L0 <- fn#4, 0 caps */
    0x00050043,                /* 0033  gset g5 <- L0   (_emit_pairable) */
    0x000000A8, 0x00050000,    /* 0034  closure L0 <- fn#5, 0 caps */
    0x00060043,                /* 0036  gset g6 <- L0   (compile_class) */
    0x000000A8, 0x00060000,    /* 0037  closure L0 <- fn#6, 0 caps */
    0x00070043,                /* 0039  gset g7 <- L0   (compile_class_toplevel) */
    0x000000A8, 0x00070000,    /* 003A  closure L0 <- fn#7, 0 caps */
    0x00080043,                /* 003C  gset g8 <- L0   (_class_statics) */
    0x000000A8, 0x00080000,    /* 003D  closure L0 <- fn#8, 0 caps */
    0x00090043,                /* 003F  gset g9 <- L0   (_dispatch) */
    0x000000A8, 0x00090000,    /* 0040  closure L0 <- fn#9, 0 caps */
    0x000A0043,                /* 0042  gset g10 <- L0   (_class_bases) */
    0x000000A8, 0x000A0000,    /* 0043  closure L0 <- fn#10, 0 caps */
    0x000B0043,                /* 0045  gset g11 <- L0   (_superclass_slot) */
    0x000000A8, 0x000B0000,    /* 0046  closure L0 <- fn#11, 0 caps */
    0x000C0043,                /* 0048  gset g12 <- L0   (_superclass_name) */
    0x000000A8, 0x000C0000,    /* 0049  closure L0 <- fn#12, 0 caps */
    0x000D0043,                /* 004B  gset g13 <- L0   (_slot) */
    0x000000A8, 0x000D0000,    /* 004C  closure L0 <- fn#13, 0 caps */
    0x000E0043,                /* 004E  gset g14 <- L0   (_subscope_accessors) */
    0x000000A8, 0x000E0000,    /* 004F  closure L0 <- fn#14, 0 caps */
    0x000F0043,                /* 0051  gset g15 <- L0   (_method) */
    0x000000A8, 0x000F0000,    /* 0052  closure L0 <- fn#15, 0 caps */
    0x00100043,                /* 0054  gset g16 <- L0   (_static) */
    0x000000A8, 0x00100000,    /* 0055  closure L0 <- fn#16, 0 caps */
    0x00110043,                /* 0057  gset g17 <- L0   (compile_dispatched_fn_toplevel) */
    0x00000002,                /* 0058  return count=0 */
    0x00008041,                /* 0059  move L0 <- P0 */
    0x00010040,                /* 005A  i8 L1 <- 0 */
    0x00020091, 0x00018001,    /* 005B  lt L2 <- L1 < P1 */
    0x0013024B,                /* 005D  jf L2, +19 */
    0x00080246,                /* 005E  lconst L2 <- static#8   ("pair") */
    0x00030097, 0x00000002,    /* 005F  is L3 <- L0 is L2 */
    0x0004034A,                /* 0061  not L4 <- L3 */
    0x0005044B,                /* 0062  jf L4, +5 */
    0x01290242,                /* 0063  gget L2 <- g297   (error) */
    0x00090346,                /* 0064  lconst L3 <- static#9   ("index out of range") */
    0x000201A0, 0x00010000,    /* 0065  call base=L2 argc=1 nres=1 */
    0x00020102,                /* 0067  return L2 count=1 */
    0x012A0242,                /* 0068  gget L2 <- g298   (cdr) */
    0x00030041,                /* 0069  move L3 <- L0 */
    0x000201A0, 0x00010000,    /* 006A  call base=L2 argc=1 nres=1 */
    0x00000241,                /* 006C  move L0 <- L2 */
    0x00020140,                /* 006D  i8 L2 <- 1 */
    0x00010085, 0x00010002,    /* 006E  add L1 <- L1 + L2 */
    0xFFEA004F,                /* 0070  jmp -22 */
    0x00000102,                /* 0071  return L0 count=1 */
    0x00010142,                /* 0072  gget L1 <- g1   (_tail) */
    0x00028041,                /* 0073  move L2 <- P0 */
    0x00038141,                /* 0074  move L3 <- P1 */
    0x000102A0, 0x00010000,    /* 0075  call base=L1 argc=2 nres=1 */
    0x00000141,                /* 0077  move L0 <- L1 */
    0x000A0146,                /* 0078  lconst L1 <- static#10   ("error") */
    0x00020097, 0x00000001,    /* 0079  is L2 <- L0 is L1 */
    0x0001024B,                /* 007B  jf L2, +1 */
    0x00000102,                /* 007C  return L0 count=1 */
    0x012B0142,                /* 007D  gget L1 <- g299   (car) */
    0x00020041,                /* 007E  move L2 <- L0 */
    0x000101A0, 0x00010000,    /* 007F  call base=L1 argc=1 nres=1 */
    0x00010102,                /* 0081  return L1 count=1 */
    0x000B0346,                /* 0082  lconst L3 <- static#11   ("sym") */
    0x00040097, 0x80000003,    /* 0083  is L4 <- P0 is L3 */
    0x0017044B,                /* 0085  jf L4, +23 */
    0x00000345,                /* 0086  lsym L3 <- sym#0   ("nil") */
    0x0004008F, 0x80000003,    /* 0087  eq L4 <- P0 == L3 */
    0x0002044B,                /* 0089  jf L4, +2 */
    0x00030003,                /* 008A  lnil L3 */
    0x00030102,                /* 008B  return L3 count=1 */
    0x00010345,                /* 008C  lsym L3 <- sym#1   ("true") */
    0x0004008F, 0x80000003,    /* 008D  eq L4 <- P0 == L3 */
    0x0002044B,                /* 008F  jf L4, +2 */
    0x00030104,                /* 0090  lbool L3 <- 1 */
    0x00030102,                /* 0091  return L3 count=1 */
    0x00020345,                /* 0092  lsym L3 <- sym#2   ("false") */
    0x0004008F, 0x80000003,    /* 0093  eq L4 <- P0 == L3 */
    0x0002044B,                /* 0095  jf L4, +2 */
    0x00030004,                /* 0096  lbool L3 <- 0 */
    0x00030102,                /* 0097  return L3 count=1 */
    0x01290342,                /* 0098  gget L3 <- g297   (error) */
    0x000C0446,                /* 0099  lconst L4 <- static#12   ("not a constant") */
    0x000301A0, 0x00010000,    /* 009A  call base=L3 argc=1 nres=1 */
    0x00030102,                /* 009C  return L3 count=1 */
    0x007E0342,                /* 009D  gget L3 <- g126   (node_kind) */
    0x00048041,                /* 009E  move L4 <- P0 */
    0x000301A0, 0x00010000,    /* 009F  call base=L3 argc=1 nres=1 */
    0x00000341,                /* 00A1  move L0 <- L3 */
    0x00000345,                /* 00A2  lsym L3 <- sym#0   ("nil") */
    0x0004008F, 0x00000003,    /* 00A3  eq L4 <- L0 == L3 */
    0x0002044B,                /* 00A5  jf L4, +2 */
    0x00030003,                /* 00A6  lnil L3 */
    0x00030102,                /* 00A7  return L3 count=1 */
    0x00010345,                /* 00A8  lsym L3 <- sym#1   ("true") */
    0x0004008F, 0x00000003,    /* 00A9  eq L4 <- L0 == L3 */
    0x0002044B,                /* 00AB  jf L4, +2 */
    0x00030104,                /* 00AC  lbool L3 <- 1 */
    0x00030102,                /* 00AD  return L3 count=1 */
    0x00020345,                /* 00AE  lsym L3 <- sym#2   ("false") */
    0x0004008F, 0x00000003,    /* 00AF  eq L4 <- L0 == L3 */
    0x0002044B,                /* 00B1  jf L4, +2 */
    0x00030004,                /* 00B2  lbool L3 <- 0 */
    0x00030102,                /* 00B3  return L3 count=1 */
    0x00030445,                /* 00B4  lsym L4 <- sym#3   ("str") */
    0x0003008F, 0x00000004,    /* 00B5  eq L3 <- L0 == L4 */
    0x000B034C,                /* 00B7  jt L3, +11 */
    0x00040445,                /* 00B8  lsym L4 <- sym#4   ("int") */
    0x0003008F, 0x00000004,    /* 00B9  eq L3 <- L0 == L4 */
    0x0007034C,                /* 00BB  jt L3, +7 */
    0x00050445,                /* 00BC  lsym L4 <- sym#5   ("float") */
    0x0003008F, 0x00000004,    /* 00BD  eq L3 <- L0 == L4 */
    0x0003034C,                /* 00BF  jt L3, +3 */
    0x00060445,                /* 00C0  lsym L4 <- sym#6   ("char") */
    0x0003008F, 0x00000004,    /* 00C1  eq L3 <- L0 == L4 */
    0x0009034B,                /* 00C3  jf L3, +9 */
    0x00020442,                /* 00C4  gget L4 <- g2   (_field) */
    0x00058041,                /* 00C5  move L5 <- P0 */
    0x00060140,                /* 00C6  i8 L6 <- 1 */
    0x000402A0, 0x00010000,    /* 00C7  call base=L4 argc=2 nres=1 */
    0x00030441,                /* 00C9  move L3 <- L4 */
    0x0001034E,                /* 00CA  jnerr L3, +1 */
    0x00030003,                /* 00CB  lnil L3 */
    0x00030102,                /* 00CC  return L3 count=1 */
    0x00070345,                /* 00CD  lsym L3 <- sym#7   ("neg") */
    0x0004008F, 0x00000003,    /* 00CE  eq L4 <- L0 == L3 */
    0x002A044B,                /* 00D0  jf L4, +42 */
    0x00020342,                /* 00D1  gget L3 <- g2   (_field) */
    0x00048041,                /* 00D2  move L4 <- P0 */
    0x00050140,                /* 00D3  i8 L5 <- 1 */
    0x000302A0, 0x00010000,    /* 00D4  call base=L3 argc=2 nres=1 */
    0x00010341,                /* 00D6  move L1 <- L3 */
    0x0001014E,                /* 00D7  jnerr L1, +1 */
    0x00010003,                /* 00D8  lnil L1 */
    0x000B0346,                /* 00D9  lconst L3 <- static#11   ("sym") */
    0x00040097, 0x00010003,    /* 00DA  is L4 <- L1 is L3 */
    0x0005044B,                /* 00DC  jf L4, +5 */
    0x01290342,                /* 00DD  gget L3 <- g297   (error) */
    0x000C0446,                /* 00DE  lconst L4 <- static#12   ("not a constant") */
    0x000301A0, 0x00010000,    /* 00DF  call base=L3 argc=1 nres=1 */
    0x00030102,                /* 00E1  return L3 count=1 */
    0x007E0342,                /* 00E2  gget L3 <- g126   (node_kind) */
    0x00040141,                /* 00E3  move L4 <- L1 */
    0x000301A0, 0x00010000,    /* 00E4  call base=L3 argc=1 nres=1 */
    0x00020341,                /* 00E6  move L2 <- L3 */
    0x00040445,                /* 00E7  lsym L4 <- sym#4   ("int") */
    0x0003008F, 0x00020004,    /* 00E8  eq L3 <- L2 == L4 */
    0x0003034C,                /* 00EA  jt L3, +3 */
    0x00050445,                /* 00EB  lsym L4 <- sym#5   ("float") */
    0x0003008F, 0x00020004,    /* 00EC  eq L3 <- L2 == L4 */
    0x000C034B,                /* 00EE  jf L3, +12 */
    0x00030040,                /* 00EF  i8 L3 <- 0 */
    0x00020542,                /* 00F0  gget L5 <- g2   (_field) */
    0x00060141,                /* 00F1  move L6 <- L1 */
    0x00070140,                /* 00F2  i8 L7 <- 1 */
    0x000502A0, 0x00010000,    /* 00F3  call base=L5 argc=2 nres=1 */
    0x00040541,                /* 00F5  move L4 <- L5 */
    0x0001044E,                /* 00F6  jnerr L4, +1 */
    0x00040040,                /* 00F7  i8 L4 <- 0 */
    0x00050086, 0x00030004,    /* 00F8  sub L5 <- L3 - L4 */
    0x00050102,                /* 00FA  return L5 count=1 */
    0x01290342,                /* 00FB  gget L3 <- g297   (error) */
    0x000C0446,                /* 00FC  lconst L4 <- static#12   ("not a constant") */
    0x000301A0, 0x00010000,    /* 00FD  call base=L3 argc=1 nres=1 */
    0x00030102,                /* 00FF  return L3 count=1 */
    0x00320142,                /* 0100  gget L1 <- g50   (pack) */
    0x00048141,                /* 0101  move L4 <- P1 */
    0x00050181, 0x00040000,    /* 0102  tuple L5 <- L4, 1 items */
    0x00020541,                /* 0104  move L2 <- L5 */
    0x000F0446,                /* 0105  lconst L4 <- static#15   ("f") */
    0x00058241,                /* 0106  move L5 <- P2 */
    0x00100646,                /* 0107  lconst L6 <- static#16   ("a0") */
    0x00078341,                /* 0108  move L7 <- P3 */
    0x00110846,                /* 0109  lconst L8 <- static#17   ("a1") */
    0x00098441,                /* 010A  move L9 <- P4 */
    0x00120A46,                /* 010B  lconst L10 <- static#18   ("a2") */
    0x000B8541,                /* 010C  move L11 <- P5 */
    0x00130C46,                /* 010D  lconst L12 <- static#19   ("w1") */
    0x000D8641,                /* 010E  move L13 <- P6 */
    0x000E0583, 0x00040000,    /* 010F  dict L14 <- L4, 5 pairs */
    0x00030E41,                /* 0111  move L3 <- L14 */
    0x000100A1, 0x00010000,    /* 0112  call_va base=L1 nres=1 */
    0x00000141,                /* 0114  move L0 <- L1 */
    0x000A0146,                /* 0115  lconst L1 <- static#10   ("error") */
    0x00020097, 0x00000001,    /* 0116  is L2 <- L0 is L1 */
    0x0001024B,                /* 0118  jf L2, +1 */
    0x00000102,                /* 0119  return L0 count=1 */
    0x00018041,                /* 011A  move L1 <- P0 */
    0x00020041,                /* 011B  move L2 <- L0 */
    0x000101A2, 0x00000001,    /* 011C  msg base=L1 argc=1 msg#0 nres=1   (emit_words) */
    0x00010003,                /* 011E  lnil L1 */
    0x00010102,                /* 011F  return L1 count=1 */
    0x00820142,                /* 0120  gget L1 <- g130   (pack_pairable) */
    0x00028141,                /* 0121  move L2 <- P1 */
    0x00038241,                /* 0122  move L3 <- P2 */
    0x00048341,                /* 0123  move L4 <- P3 */
    0x000103A0, 0x00010000,    /* 0124  call base=L1 argc=3 nres=1 */
    0x00000141,                /* 0126  move L0 <- L1 */
    0x000A0146,                /* 0127  lconst L1 <- static#10   ("error") */
    0x00020097, 0x00000001,    /* 0128  is L2 <- L0 is L1 */
    0x0001024B,                /* 012A  jf L2, +1 */
    0x00000102,                /* 012B  return L0 count=1 */
    0x00018041,                /* 012C  move L1 <- P0 */
    0x00020041,                /* 012D  move L2 <- L0 */
    0x000101A2, 0x00000001,    /* 012E  msg base=L1 argc=1 msg#0 nres=1   (emit_words) */
    0x00010003,                /* 0130  lnil L1 */
    0x00010102,                /* 0131  return L1 count=1 */
    0x00021A42,                /* 0132  gget L26 <- g2   (_field) */
    0x001B8041,                /* 0133  move L27 <- P0 */
    0x001C0140,                /* 0134  i8 L28 <- 1 */
    0x001A02A0, 0x00010000,    /* 0135  call base=L26 argc=2 nres=1 */
    0x00001A41,                /* 0137  move L0 <- L26 */
    0x0001004E,                /* 0138  jnerr L0, +1 */
    0x00000003,                /* 0139  lnil L0 */
    0x00141A46,                /* 013A  lconst L26 <- static#20   ("nil") */
    0x001B0097, 0x0000001A,    /* 013B  is L27 <- L0 is L26 */
    0x00051B4B,                /* 013D  jf L27, +5 */
    0x01291A42,                /* 013E  gget L26 <- g297   (error) */
    0x00151B46,                /* 013F  lconst L27 <- static#21   ("a class definition needs a name") */
    0x001A01A0, 0x00010000,    /* 0140  call base=L26 argc=1 nres=1 */
    0x001A0102,                /* 0142  return L26 count=1 */
    0x012C1A42,                /* 0143  gget L26 <- g300   (str) */
    0x001B0041,                /* 0144  move L27 <- L0 */
    0x001A01A0, 0x00010000,    /* 0145  call base=L26 argc=1 nres=1 */
    0x00011A41,                /* 0147  move L1 <- L26 */
    0x000A1A42,                /* 0148  gget L26 <- g10   (_class_bases) */
    0x00021C42,                /* 0149  gget L28 <- g2   (_field) */
    0x001D8041,                /* 014A  move L29 <- P0 */
    0x001E0240,                /* 014B  i8 L30 <- 2 */
    0x001C02A0, 0x00010000,    /* 014C  call base=L28 argc=2 nres=1 */
    0x001B1C41,                /* 014E  move L27 <- L28 */
    0x00011B4E,                /* 014F  jnerr L27, +1 */
    0x001B0003,                /* 0150  lnil L27 */
    0x001A01A0, 0x00010000,    /* 0151  call base=L26 argc=1 nres=1 */
    0x00021A41,                /* 0153  move L2 <- L26 */
    0x00081B46,                /* 0154  lconst L27 <- static#8   ("pair") */
    0x001A0097, 0x0002001B,    /* 0155  is L26 <- L2 is L27 */
    0x00071A4B,                /* 0157  jf L26, +7 */
    0x012A1B42,                /* 0158  gget L27 <- g298   (cdr) */
    0x001C0241,                /* 0159  move L28 <- L2 */
    0x001B01A0, 0x00010000,    /* 015A  call base=L27 argc=1 nres=1 */
    0x00081C46,                /* 015C  lconst L28 <- static#8   ("pair") */
    0x001A0097, 0x001B001C,    /* 015D  is L26 <- L27 is L28 */
    0x000B1A4B,                /* 015F  jf L26, +11 */
    0x01291A42,                /* 0160  gget L26 <- g297   (error) */
    0x00161B46,                /* 0161  lconst L27 <- static#22   ("class ") */
    0x001C0085, 0x001B0001,    /* 0162  add L28 <- L27 + L1 */
    0x00171D46,                /* 0164  lconst L29 <- static#23   (" has more than one base; the image format records one superclass") */
    0x001E0085, 0x001C001D,    /* 0165  add L30 <- L28 + L29 */
    0x001B1E41,                /* 0167  move L27 <- L30 */
    0x001A01A0, 0x00010000,    /* 0168  call base=L26 argc=1 nres=1 */
    0x001A0102,                /* 016A  return L26 count=1 */
    0x000B1A42,                /* 016B  gget L26 <- g11   (_superclass_slot) */
    0x001B0241,                /* 016C  move L27 <- L2 */
    0x001C8041,                /* 016D  move L28 <- P0 */
    0x001D8141,                /* 016E  move L29 <- P1 */
    0x001A03A0, 0x00010000,    /* 016F  call base=L26 argc=3 nres=1 */
    0x00031A41,                /* 0171  move L3 <- L26 */
    0x000A1A46,                /* 0172  lconst L26 <- static#10   ("error") */
    0x001B0097, 0x0003001A,    /* 0173  is L27 <- L3 is L26 */
    0x00011B4B,                /* 0175  jf L27, +1 */
    0x00030102,                /* 0176  return L3 count=1 */
    0x000C1A42,                /* 0177  gget L26 <- g12   (_superclass_name) */
    0x001B0241,                /* 0178  move L27 <- L2 */
    0x001A01A0, 0x00010000,    /* 0179  call base=L26 argc=1 nres=1 */
    0x00041A41,                /* 017B  move L4 <- L26 */
    0x000A1A46,                /* 017C  lconst L26 <- static#10   ("error") */
    0x001B0097, 0x0004001A,    /* 017D  is L27 <- L4 is L26 */
    0x00011B4B,                /* 017F  jf L27, +1 */
    0x00040102,                /* 0180  return L4 count=1 */
    0x001A009A, 0x80010009,    /* 0181  getattr L26 <- P1.sym#9   ("classes") */
    0x012D1C42,                /* 0183  gget L28 <- g301   (len) */
    0x001D009A, 0x8001000A,    /* 0184  getattr L29 <- P1.sym#10   ("image") */
    0x001E009A, 0x001D0009,    /* 0186  getattr L30 <- L29.sym#9   ("classes") */
    0x001D1E41,                /* 0188  move L29 <- L30 */
    0x001C01A0, 0x00010000,    /* 0189  call base=L28 argc=1 nres=1 */
    0x001B1C41,                /* 018B  move L27 <- L28 */
    0x001A0099, 0x0001001B,    /* 018C  setidx L26[L1] <- L27 */
    0x001A009A, 0x8001000B,    /* 018E  getattr L26 <- P1.sym#11   ("superclasses") */
    0x001B0441,                /* 0190  move L27 <- L4 */
    0x001A0099, 0x0001001B,    /* 0191  setidx L26[L1] <- L27 */
    0x00621A42,                /* 0193  gget L26 <- g98   (body_statements) */
    0x00021C42,                /* 0194  gget L28 <- g2   (_field) */
    0x001D8041,                /* 0195  move L29 <- P0 */
    0x001E0340,                /* 0196  i8 L30 <- 3 */
    0x001C02A0, 0x00010000,    /* 0197  call base=L28 argc=2 nres=1 */
    0x001B1C41,                /* 0199  move L27 <- L28 */
    0x00011B4E,                /* 019A  jnerr L27, +1 */
    0x001B0003,                /* 019B  lnil L27 */
    0x001A01A0, 0x00010000,    /* 019C  call base=L26 argc=1 nres=1 */
    0x00051A41,                /* 019E  move L5 <- L26 */
    0x00060082, 0x001A0000,    /* 019F  list L6 <- L26, 0 items */
    0x001A00AE, 0x00050000,    /* 01A1  iter L26 <- L5 */
    0x000D00AF, 0x001A0027,    /* 01A3  itnext L13 <- L26, done +39 */
    0x007E1B42,                /* 01A5  gget L27 <- g126   (node_kind) */
    0x001C0D41,                /* 01A6  move L28 <- L13 */
    0x001B01A0, 0x00010000,    /* 01A7  call base=L27 argc=1 nres=1 */
    0x000C1C45,                /* 01A9  lsym L28 <- sym#12   ("slot_def") */
    0x001D008F, 0x001B001C,    /* 01AA  eq L29 <- L27 == L28 */
    0x001E1D4B,                /* 01AC  jf L29, +30 */
    0x00021B42,                /* 01AD  gget L27 <- g2   (_field) */
    0x001C0D41,                /* 01AE  move L28 <- L13 */
    0x001D0140,                /* 01AF  i8 L29 <- 1 */
    0x001B02A0, 0x00010000,    /* 01B0  call base=L27 argc=2 nres=1 */
    0x000E1B41,                /* 01B2  move L14 <- L27 */
    0x00010E4E,                /* 01B3  jnerr L14, +1 */
    0x000E0003,                /* 01B4  lnil L14 */
    0x00141B46,                /* 01B5  lconst L27 <- static#20   ("nil") */
    0x001C0097, 0x000E001B,    /* 01B6  is L28 <- L14 is L27 */
    0x000B1C4B,                /* 01B8  jf L28, +11 */
    0x01291B42,                /* 01B9  gget L27 <- g297   (error) */
    0x00161C46,                /* 01BA  lconst L28 <- static#22   ("class ") */
    0x001D0085, 0x001C0001,    /* 01BB  add L29 <- L28 + L1 */
    0x00181E46,                /* 01BD  lconst L30 <- static#24   (": a slot_def needs a name") */
    0x001F0085, 0x001D001E,    /* 01BE  add L31 <- L29 + L30 */
    0x001C1F41,                /* 01C0  move L28 <- L31 */
    0x001B01A0, 0x00010000,    /* 01C1  call base=L27 argc=1 nres=1 */
    0x001B0102,                /* 01C3  return L27 count=1 */
    0x001B0641,                /* 01C4  move L27 <- L6 */
    0x012C1C42,                /* 01C5  gget L28 <- g300   (str) */
    0x001D0E41,                /* 01C6  move L29 <- L14 */
    0x001C01A0, 0x00010000,    /* 01C7  call base=L28 argc=1 nres=1 */
    0x001B01A2, 0x00010001,    /* 01C9  msg base=L27 argc=1 msg#1 nres=1   (append) */
    0xFFD7004F,                /* 01CB  jmp -41 */
    0x001A009A, 0x8001000E,    /* 01CC  getattr L26 <- P1.sym#14   ("slot_names") */
    0x001B0641,                /* 01CE  move L27 <- L6 */
    0x001A0099, 0x0001001B,    /* 01CF  setidx L26[L1] <- L27 */
    0x00070082, 0x001A0000,    /* 01D1  list L7 <- L26, 0 items */
    0x00080082, 0x001A0000,    /* 01D3  list L8 <- L26, 0 items */
    0x00090082, 0x001A0000,    /* 01D5  list L9 <- L26, 0 items */
    0x000A0003,                /* 01D7  lnil L10 */
    0x000B0082, 0x001A0000,    /* 01D8  list L11 <- L26, 0 items */
    0x001A00AE, 0x00050000,    /* 01DA  iter L26 <- L5 */
    0x000F00AF, 0x001A008A,    /* 01DC  itnext L15 <- L26, done +138 */
    0x007E1B42,                /* 01DE  gget L27 <- g126   (node_kind) */
    0x001C0F41,                /* 01DF  move L28 <- L15 */
    0x001B01A0, 0x00010000,    /* 01E0  call base=L27 argc=1 nres=1 */
    0x00101B41,                /* 01E2  move L16 <- L27 */
    0x000C1B45,                /* 01E3  lsym L27 <- sym#12   ("slot_def") */
    0x001C008F, 0x0010001B,    /* 01E4  eq L28 <- L16 == L27 */
    0x00121C4B,                /* 01E6  jf L28, +18 */
    0x000D1B42,                /* 01E7  gget L27 <- g13   (_slot) */
    0x001C0F41,                /* 01E8  move L28 <- L15 */
    0x001D0041,                /* 01E9  move L29 <- L0 */
    0x001E8141,                /* 01EA  move L30 <- P1 */
    0x001F0B41,                /* 01EB  move L31 <- L11 */
    0x001B04A0, 0x00010000,    /* 01EC  call base=L27 argc=4 nres=1 */
    0x00141B41,                /* 01EE  move L20 <- L27 */
    0x000A1B46,                /* 01EF  lconst L27 <- static#10   ("error") */
    0x001C0097, 0x0014001B,    /* 01F0  is L28 <- L20 is L27 */
    0x00011C4B,                /* 01F2  jf L28, +1 */
    0x00140102,                /* 01F3  return L20 count=1 */
    0x001B0741,                /* 01F4  move L27 <- L7 */
    0x001C1441,                /* 01F5  move L28 <- L20 */
    0x001B01A2, 0x00010001,    /* 01F6  msg base=L27 argc=1 msg#1 nres=1   (append) */
    0x006E004F,                /* 01F8  jmp +110 */
    0x000F1C45,                /* 01F9  lsym L28 <- sym#15   ("fn_def") */
    0x001B008F, 0x0010001C,    /* 01FA  eq L27 <- L16 == L28 */
    0x00031B4C,                /* 01FC  jt L27, +3 */
    0x00101C45,                /* 01FD  lsym L28 <- sym#16   ("co_def") */
    0x001B008F, 0x0010001C,    /* 01FE  eq L27 <- L16 == L28 */
    0x00321B4B,                /* 0200  jf L27, +50 */
    0x000F1B42,                /* 0201  gget L27 <- g15   (_method) */
    0x001C0F41,                /* 0202  move L28 <- L15 */
    0x001D0041,                /* 0203  move L29 <- L0 */
    0x001E8141,                /* 0204  move L30 <- P1 */
    0x001F0B41,                /* 0205  move L31 <- L11 */
    0x001B04A0, 0x00010000,    /* 0206  call base=L27 argc=4 nres=1 */
    0x00151B41,                /* 0208  move L21 <- L27 */
    0x000A1B46,                /* 0209  lconst L27 <- static#10   ("error") */
    0x001C0097, 0x0015001B,    /* 020A  is L28 <- L21 is L27 */
    0x00011C4B,                /* 020C  jf L28, +1 */
    0x00150102,                /* 020D  return L21 count=1 */
    0x00021B42,                /* 020E  gget L27 <- g2   (_field) */
    0x001C0F41,                /* 020F  move L28 <- L15 */
    0x001D0140,                /* 0210  i8 L29 <- 1 */
    0x001B02A0, 0x00010000,    /* 0211  call base=L27 argc=2 nres=1 */
    0x00161B41,                /* 0213  move L22 <- L27 */
    0x0001164E,                /* 0214  jnerr L22, +1 */
    0x00160003,                /* 0215  lnil L22 */
    0x00111B45,                /* 0216  lsym L27 <- sym#17   ("init") */
    0x001C008F, 0x0016001B,    /* 0217  eq L28 <- L22 == L27 */
    0x00021C4B,                /* 0219  jf L28, +2 */
    0x000A1541,                /* 021A  move L10 <- L21 */
    0x0016004F,                /* 021B  jmp +22 */
    0x001B009A, 0x8001000A,    /* 021C  getattr L27 <- P1.sym#10   ("image") */
    0x012C1C42,                /* 021E  gget L28 <- g300   (str) */
    0x001D1641,                /* 021F  move L29 <- L22 */
    0x001C01A0, 0x00010000,    /* 0220  call base=L28 argc=1 nres=1 */
    0x001B01A2, 0x00020001,    /* 0222  msg base=L27 argc=1 msg#2 nres=1   (add_symbol) */
    0x00171B41,                /* 0224  move L23 <- L27 */
    0x000A1B46,                /* 0225  lconst L27 <- static#10   ("error") */
    0x001C0097, 0x0017001B,    /* 0226  is L28 <- L23 is L27 */
    0x00011C4B,                /* 0228  jf L28, +1 */
    0x00170102,                /* 0229  return L23 count=1 */
    0x001B0841,                /* 022A  move L27 <- L8 */
    0x001C1741,                /* 022B  move L28 <- L23 */
    0x001D1541,                /* 022C  move L29 <- L21 */
    0x001E0282, 0x001C0000,    /* 022D  list L30 <- L28, 2 items */
    0x001C1E41,                /* 022F  move L28 <- L30 */
    0x001B01A2, 0x00010001,    /* 0230  msg base=L27 argc=1 msg#1 nres=1   (append) */
    0x0034004F,                /* 0232  jmp +52 */
    0x00131B45,                /* 0233  lsym L27 <- sym#19   ("static") */
    0x001C008F, 0x0010001B,    /* 0234  eq L28 <- L16 == L27 */
    0x00111C4B,                /* 0236  jf L28, +17 */
    0x00101B42,                /* 0237  gget L27 <- g16   (_static) */
    0x001C0F41,                /* 0238  move L28 <- L15 */
    0x001D0041,                /* 0239  move L29 <- L0 */
    0x001E8141,                /* 023A  move L30 <- P1 */
    0x001B03A0, 0x00010000,    /* 023B  call base=L27 argc=3 nres=1 */
    0x00181B41,                /* 023D  move L24 <- L27 */
    0x000A1B46,                /* 023E  lconst L27 <- static#10   ("error") */
    0x001C0097, 0x0018001B,    /* 023F  is L28 <- L24 is L27 */
    0x00011C4B,                /* 0241  jf L28, +1 */
    0x00180102,                /* 0242  return L24 count=1 */
    0x001B0941,                /* 0243  move L27 <- L9 */
    0x001C1841,                /* 0244  move L28 <- L24 */
    0x001B01A2, 0x00010001,    /* 0245  msg base=L27 argc=1 msg#1 nres=1   (append) */
    0x001F004F,                /* 0247  jmp +31 */
    0x00141B45,                /* 0248  lsym L27 <- sym#20   ("pass") */
    0x001C008F, 0x0010001B,    /* 0249  eq L28 <- L16 == L27 */
    0x00021C4B,                /* 024B  jf L28, +2 */
    0xFF8F004F,                /* 024C  jmp -113 */
    0x0019004F,                /* 024D  jmp +25 */
    0x00141B46,                /* 024E  lconst L27 <- static#20   ("nil") */
    0x001C0097, 0x0010001B,    /* 024F  is L28 <- L16 is L27 */
    0x00061C4B,                /* 0251  jf L28, +6 */
    0x01291B42,                /* 0252  gget L27 <- g297   (error) */
    0x00191C46,                /* 0253  lconst L28 <- static#25   ("the bytecode compiler does not support this construct in a class body yet") */
    0x001B01A0, 0x00010000,    /* 0254  call base=L27 argc=1 nres=1 */
    0x001B0102,                /* 0256  return L27 count=1 */
    0x000F004F,                /* 0257  jmp +15 */
    0x01291B42,                /* 0258  gget L27 <- g297   (error) */
    0x001A1C46,                /* 0259  lconst L28 <- static#26   ("the bytecode compiler does not support ") */
    0x00FC1D42,                /* 025A  gget L29 <- g252   (construct_name) */
    0x001E0F41,                /* 025B  move L30 <- L15 */
    0x001D01A0, 0x00010000,    /* 025C  call base=L29 argc=1 nres=1 */
    0x001E0085, 0x001C001D,    /* 025E  add L30 <- L28 + L29 */
    0x001B1F46,                /* 0260  lconst L31 <- static#27   (" in a class body yet") */
    0x00200085, 0x001E001F,    /* 0261  add L32 <- L30 + L31 */
    0x001C2041,                /* 0263  move L28 <- L32 */
    0x001B01A0, 0x00010000,    /* 0264  call base=L27 argc=1 nres=1 */
    0x001B0102,                /* 0266  return L27 count=1 */
    0xFF74004F,                /* 0267  jmp -140 */
    0x001A009A, 0x8001000A,    /* 0268  getattr L26 <- P1.sym#10   ("image") */
    0x001B0141,                /* 026A  move L27 <- L1 */
    0x001C0341,                /* 026B  move L28 <- L3 */
    0x001D0741,                /* 026C  move L29 <- L7 */
    0x001E0A41,                /* 026D  move L30 <- L10 */
    0x001F0841,                /* 026E  move L31 <- L8 */
    0x00200941,                /* 026F  move L32 <- L9 */
    0x001A06A2, 0x00030001,    /* 0270  msg base=L26 argc=6 msg#3 nres=1   (add_class) */
    0x000C1A41,                /* 0272  move L12 <- L26 */
    0x000A1A46,                /* 0273  lconst L26 <- static#10   ("error") */
    0x001B0097, 0x000C001A,    /* 0274  is L27 <- L12 is L26 */
    0x00011B4B,                /* 0276  jf L27, +1 */
    0x000C0102,                /* 0277  return L12 count=1 */
    0x001A009A, 0x80010009,    /* 0278  getattr L26 <- P1.sym#9   ("classes") */
    0x001B0C41,                /* 027A  move L27 <- L12 */
    0x001A0099, 0x0001001B,    /* 027B  setidx L26[L1] <- L27 */
    0x000C0102,                /* 027D  return L12 count=1 */
    0x00060742,                /* 027E  gget L7 <- g6   (compile_class) */
    0x00088041,                /* 027F  move L8 <- P0 */
    0x00098141,                /* 0280  move L9 <- P1 */
    0x000702A0, 0x00010000,    /* 0281  call base=L7 argc=2 nres=1 */
    0x00000741,                /* 0283  move L0 <- L7 */
    0x000A0746,                /* 0284  lconst L7 <- static#10   ("error") */
    0x00080097, 0x00000007,    /* 0285  is L8 <- L0 is L7 */
    0x0001084B,                /* 0287  jf L8, +1 */
    0x00000102,                /* 0288  return L0 count=1 */
    0x00020742,                /* 0289  gget L7 <- g2   (_field) */
    0x00088041,                /* 028A  move L8 <- P0 */
    0x00090140,                /* 028B  i8 L9 <- 1 */
    0x000702A0, 0x00010000,    /* 028C  call base=L7 argc=2 nres=1 */
    0x00010741,                /* 028E  move L1 <- L7 */
    0x0001014E,                /* 028F  jnerr L1, +1 */
    0x00010003,                /* 0290  lnil L1 */
    0x0002009A, 0x80010016,    /* 0291  getattr L2 <- P1.sym#22   ("init_ctx") */
    0x00070241,                /* 0293  move L7 <- L2 */
    0x000700A2, 0x00040001,    /* 0294  msg base=L7 argc=0 msg#4 nres=1   (push) */
    0x00030741,                /* 0296  move L3 <- L7 */
    0x000A0746,                /* 0297  lconst L7 <- static#10   ("error") */
    0x00080097, 0x00030007,    /* 0298  is L8 <- L3 is L7 */
    0x0001084B,                /* 029A  jf L8, +1 */
    0x00030102,                /* 029B  return L3 count=1 */
    0x00040742,                /* 029C  gget L7 <- g4   (_emit_pack) */
    0x000A0241,                /* 029D  move L10 <- L2 */
    0x00180B45,                /* 029E  lsym L11 <- sym#24   ("class") */
    0x000C0281, 0x000A0000,    /* 029F  tuple L12 <- L10, 2 items */
    0x00080C41,                /* 02A1  move L8 <- L12 */
    0x00100A46,                /* 02A2  lconst L10 <- static#16   ("a0") */
    0x000B0341,                /* 02A3  move L11 <- L3 */
    0x00110C46,                /* 02A4  lconst L12 <- static#17   ("a1") */
    0x000D0041,                /* 02A5  move L13 <- L0 */
    0x000E0283, 0x000A0000,    /* 02A6  dict L14 <- L10, 2 pairs */
    0x00090E41,                /* 02A8  move L9 <- L14 */
    0x000700A1, 0x00010000,    /* 02A9  call_va base=L7 nres=1 */
    0x00040741,                /* 02AB  move L4 <- L7 */
    0x000A0746,                /* 02AC  lconst L7 <- static#10   ("error") */
    0x00080097, 0x00040007,    /* 02AD  is L8 <- L4 is L7 */
    0x0001084B,                /* 02AF  jf L8, +1 */
    0x00040102,                /* 02B0  return L4 count=1 */
    0x00078141,                /* 02B1  move L7 <- P1 */
    0x00080141,                /* 02B2  move L8 <- L1 */
    0x000701A2, 0x00050001,    /* 02B3  msg base=L7 argc=1 msg#5 nres=1   (global_index) */
    0x00050741,                /* 02B5  move L5 <- L7 */
    0x000A0746,                /* 02B6  lconst L7 <- static#10   ("error") */
    0x00080097, 0x00050007,    /* 02B7  is L8 <- L5 is L7 */
    0x0001084B,                /* 02B9  jf L8, +1 */
    0x00050102,                /* 02BA  return L5 count=1 */
    0x00050742,                /* 02BB  gget L7 <- g5   (_emit_pairable) */
    0x00080241,                /* 02BC  move L8 <- L2 */
    0x001A0945,                /* 02BD  lsym L9 <- sym#26   ("gset") */
    0x000A0541,                /* 02BE  move L10 <- L5 */
    0x000B0341,                /* 02BF  move L11 <- L3 */
    0x000704A0, 0x00010000,    /* 02C0  call base=L7 argc=4 nres=1 */
    0x00060741,                /* 02C2  move L6 <- L7 */
    0x000A0746,                /* 02C3  lconst L7 <- static#10   ("error") */
    0x00080097, 0x00060007,    /* 02C4  is L8 <- L6 is L7 */
    0x0001084B,                /* 02C6  jf L8, +1 */
    0x00060102,                /* 02C7  return L6 count=1 */
    0x00080742,                /* 02C8  gget L7 <- g8   (_class_statics) */
    0x00088041,                /* 02C9  move L8 <- P0 */
    0x00098141,                /* 02CA  move L9 <- P1 */
    0x000702A0, 0x00010000,    /* 02CB  call base=L7 argc=2 nres=1 */
    0x00070102,                /* 02CD  return L7 count=1 */
    0x00020642,                /* 02CE  gget L6 <- g2   (_field) */
    0x00078041,                /* 02CF  move L7 <- P0 */
    0x00080140,                /* 02D0  i8 L8 <- 1 */
    0x000602A0, 0x00010000,    /* 02D1  call base=L6 argc=2 nres=1 */
    0x00000641,                /* 02D3  move L0 <- L6 */
    0x0001004E,                /* 02D4  jnerr L0, +1 */
    0x00000003,                /* 02D5  lnil L0 */
    0x00620642,                /* 02D6  gget L6 <- g98   (body_statements) */
    0x00020842,                /* 02D7  gget L8 <- g2   (_field) */
    0x00098041,                /* 02D8  move L9 <- P0 */
    0x000A0340,                /* 02D9  i8 L10 <- 3 */
    0x000802A0, 0x00010000,    /* 02DA  call base=L8 argc=2 nres=1 */
    0x00070841,                /* 02DC  move L7 <- L8 */
    0x0001074E,                /* 02DD  jnerr L7, +1 */
    0x00070003,                /* 02DE  lnil L7 */
    0x000601A0, 0x00010000,    /* 02DF  call base=L6 argc=1 nres=1 */
    0x00010641,                /* 02E1  move L1 <- L6 */
    0x000600AE, 0x00010000,    /* 02E2  iter L6 <- L1 */
    0x000200AF, 0x00060039,    /* 02E4  itnext L2 <- L6, done +57 */
    0x007E0742,                /* 02E6  gget L7 <- g126   (node_kind) */
    0x00080241,                /* 02E7  move L8 <- L2 */
    0x000701A0, 0x00010000,    /* 02E8  call base=L7 argc=1 nres=1 */
    0x00130845,                /* 02EA  lsym L8 <- sym#19   ("static") */
    0x00090090, 0x00070008,    /* 02EB  ne L9 <- L7 != L8 */
    0x0001094B,                /* 02ED  jf L9, +1 */
    0xFFF5004F,                /* 02EE  jmp -11 */
    0x00020742,                /* 02EF  gget L7 <- g2   (_field) */
    0x00080241,                /* 02F0  move L8 <- L2 */
    0x00090340,                /* 02F1  i8 L9 <- 3 */
    0x000702A0, 0x00010000,    /* 02F2  call base=L7 argc=2 nres=1 */
    0x00030741,                /* 02F4  move L3 <- L7 */
    0x0001034E,                /* 02F5  jnerr L3, +1 */
    0x00030003,                /* 02F6  lnil L3 */
    0x00140746,                /* 02F7  lconst L7 <- static#20   ("nil") */
    0x00080097, 0x00030007,    /* 02F8  is L8 <- L3 is L7 */
    0x0001084B,                /* 02FA  jf L8, +1 */
    0xFFE8004F,                /* 02FB  jmp -24 */
    0x00020742,                /* 02FC  gget L7 <- g2   (_field) */
    0x00080241,                /* 02FD  move L8 <- L2 */
    0x00090140,                /* 02FE  i8 L9 <- 1 */
    0x000702A0, 0x00010000,    /* 02FF  call base=L7 argc=2 nres=1 */
    0x00040741,                /* 0301  move L4 <- L7 */
    0x0001044E,                /* 0302  jnerr L4, +1 */
    0x00040003,                /* 0303  lnil L4 */
    0x010C0742,                /* 0304  gget L7 <- g268   (store_expr) */
    0x012C0842,                /* 0305  gget L8 <- g300   (str) */
    0x00090041,                /* 0306  move L9 <- L0 */
    0x000801A0, 0x00010000,    /* 0307  call base=L8 argc=1 nres=1 */
    0x001C0946,                /* 0309  lconst L9 <- static#28   ("::") */
    0x000A0085, 0x00080009,    /* 030A  add L10 <- L8 + L9 */
    0x012C0B42,                /* 030C  gget L11 <- g300   (str) */
    0x000C0441,                /* 030D  move L12 <- L4 */
    0x000B01A0, 0x00010000,    /* 030E  call base=L11 argc=1 nres=1 */
    0x000C0085, 0x000A000B,    /* 0310  add L12 <- L10 + L11 */
    0x00080C41,                /* 0312  move L8 <- L12 */
    0x00090341,                /* 0313  move L9 <- L3 */
    0x000A009A, 0x80010016,    /* 0314  getattr L10 <- P1.sym#22   ("init_ctx") */
    0x000703A0, 0x00010000,    /* 0316  call base=L7 argc=3 nres=1 */
    0x00050741,                /* 0318  move L5 <- L7 */
    0x000A0746,                /* 0319  lconst L7 <- static#10   ("error") */
    0x00080097, 0x00050007,    /* 031A  is L8 <- L5 is L7 */
    0x0001084B,                /* 031C  jf L8, +1 */
    0x00050102,                /* 031D  return L5 count=1 */
    0xFFC5004F,                /* 031E  jmp -59 */
    0x00060003,                /* 031F  lnil L6 */
    0x00060102,                /* 0320  return L6 count=1 */
    0x012D0142,                /* 0321  gget L1 <- g301   (len) */
    0x00028041,                /* 0322  move L2 <- P0 */
    0x000101A0, 0x00010000,    /* 0323  call base=L1 argc=1 nres=1 */
    0x00020040,                /* 0325  i8 L2 <- 0 */
    0x0003008F, 0x00010002,    /* 0326  eq L3 <- L1 == L2 */
    0x000E034B,                /* 0328  jf L3, +14 */
    0x00018241,                /* 0329  move L1 <- P2 */
    0x00028141,                /* 032A  move L2 <- P1 */
    0x000101A2, 0x00060001,    /* 032B  msg base=L1 argc=1 msg#6 nres=1   (name_slot) */
    0x00000141,                /* 032D  move L0 <- L1 */
    0x000A0146,                /* 032E  lconst L1 <- static#10   ("error") */
    0x00020097, 0x00000001,    /* 032F  is L2 <- L0 is L1 */
    0x0001024B,                /* 0331  jf L2, +1 */
    0x00000102,                /* 0332  return L0 count=1 */
    0x00018041,                /* 0333  move L1 <- P0 */
    0x00020041,                /* 0334  move L2 <- L0 */
    0x000101A2, 0x00010001,    /* 0335  msg base=L1 argc=1 msg#1 nres=1   (append) */
    0x00018041,                /* 0337  move L1 <- P0 */
    0x00010102,                /* 0338  return L1 count=1 */
    0x00140046,                /* 0339  lconst L0 <- static#20   ("nil") */
    0x00010097, 0x80000000,    /* 033A  is L1 <- P0 is L0 */
    0x0002014B,                /* 033C  jf L1, +2 */
    0x00000003,                /* 033D  lnil L0 */
    0x00000102,                /* 033E  return L0 count=1 */
    0x012E0042,                /* 033F  gget L0 <- g302   (cons) */
    0x00018041,                /* 0340  move L1 <- P0 */
    0x00020003,                /* 0341  lnil L2 */
    0x000002A0, 0x00010000,    /* 0342  call base=L0 argc=2 nres=1 */
    0x00000102,                /* 0344  return L0 count=1 */
    0x00140146,                /* 0345  lconst L1 <- static#20   ("nil") */
    0x00020097, 0x80000001,    /* 0346  is L2 <- P0 is L1 */
    0x0002024B,                /* 0348  jf L2, +2 */
    0x00010003,                /* 0349  lnil L1 */
    0x00010102,                /* 034A  return L1 count=1 */
    0x012B0142,                /* 034B  gget L1 <- g299   (car) */
    0x00028041,                /* 034C  move L2 <- P0 */
    0x000101A0, 0x00010000,    /* 034D  call base=L1 argc=1 nres=1 */
    0x00000141,                /* 034F  move L0 <- L1 */
    0x000B0146,                /* 0350  lconst L1 <- static#11   ("sym") */
    0x00020097, 0x00000001,    /* 0351  is L2 <- L0 is L1 */
    0x0003024A,                /* 0353  not L3 <- L2 */
    0x0016034B,                /* 0354  jf L3, +22 */
    0x01290142,                /* 0355  gget L1 <- g297   (error) */
    0x00160246,                /* 0356  lconst L2 <- static#22   ("class ") */
    0x012C0342,                /* 0357  gget L3 <- g300   (str) */
    0x00020542,                /* 0358  gget L5 <- g2   (_field) */
    0x00068141,                /* 0359  move L6 <- P1 */
    0x00070140,                /* 035A  i8 L7 <- 1 */
    0x000502A0, 0x00010000,    /* 035B  call base=L5 argc=2 nres=1 */
    0x00040541,                /* 035D  move L4 <- L5 */
    0x0001044E,                /* 035E  jnerr L4, +1 */
    0x00040003,                /* 035F  lnil L4 */
    0x000301A0, 0x00010000,    /* 0360  call base=L3 argc=1 nres=1 */
    0x00040085, 0x00020003,    /* 0362  add L4 <- L2 + L3 */
    0x001D0546,                /* 0364  lconst L5 <- static#29   (": a base class must be a name") */
    0x00060085, 0x00040005,    /* 0365  add L6 <- L4 + L5 */
    0x00020641,                /* 0367  move L2 <- L6 */
    0x000101A0, 0x00010000,    /* 0368  call base=L1 argc=1 nres=1 */
    0x00010102,                /* 036A  return L1 count=1 */
    0x00018241,                /* 036B  move L1 <- P2 */
    0x00020041,                /* 036C  move L2 <- L0 */
    0x000101A2, 0x00060001,    /* 036D  msg base=L1 argc=1 msg#6 nres=1   (name_slot) */
    0x00010102,                /* 036F  return L1 count=1 */
    0x00140146,                /* 0370  lconst L1 <- static#20   ("nil") */
    0x00020097, 0x80000001,    /* 0371  is L2 <- P0 is L1 */
    0x0002024B,                /* 0373  jf L2, +2 */
    0x00010003,                /* 0374  lnil L1 */
    0x00010102,                /* 0375  return L1 count=1 */
    0x012B0142,                /* 0376  gget L1 <- g299   (car) */
    0x00028041,                /* 0377  move L2 <- P0 */
    0x000101A0, 0x00010000,    /* 0378  call base=L1 argc=1 nres=1 */
    0x00000141,                /* 037A  move L0 <- L1 */
    0x000B0146,                /* 037B  lconst L1 <- static#11   ("sym") */
    0x00020097, 0x00000001,    /* 037C  is L2 <- L0 is L1 */
    0x0003024A,                /* 037E  not L3 <- L2 */
    0x0005034B,                /* 037F  jf L3, +5 */
    0x01290142,                /* 0380  gget L1 <- g297   (error) */
    0x001E0246,                /* 0381  lconst L2 <- static#30   ("a base class must be a name") */
    0x000101A0, 0x00010000,    /* 0382  call base=L1 argc=1 nres=1 */
    0x00010102,                /* 0384  return L1 count=1 */
    0x012C0142,                /* 0385  gget L1 <- g300   (str) */
    0x00020041,                /* 0386  move L2 <- L0 */
    0x000101A0, 0x00010000,    /* 0387  call base=L1 argc=1 nres=1 */
    0x00010102,                /* 0389  return L1 count=1 */
    0x00000003,                /* 038A  lnil L0 */
    0x00020A42,                /* 038B  gget L10 <- g2   (_field) */
    0x000B8041,                /* 038C  move L11 <- P0 */
    0x000C0340,                /* 038D  i8 L12 <- 3 */
    0x000A02A0, 0x00010000,    /* 038E  call base=L10 argc=2 nres=1 */
    0x00010A41,                /* 0390  move L1 <- L10 */
    0x0001014E,                /* 0391  jnerr L1, +1 */
    0x00010003,                /* 0392  lnil L1 */
    0x00140A46,                /* 0393  lconst L10 <- static#20   ("nil") */
    0x000B0097, 0x0001000A,    /* 0394  is L11 <- L1 is L10 */
    0x000C0B4A,                /* 0396  not L12 <- L11 */
    0x002C0C4B,                /* 0397  jf L12, +44 */
    0x00030A42,                /* 0398  gget L10 <- g3   (_constant_value) */
    0x000B0141,                /* 0399  move L11 <- L1 */
    0x000A01A0, 0x00010000,    /* 039A  call base=L10 argc=1 nres=1 */
    0x00060A41,                /* 039C  move L6 <- L10 */
    0x000A0A46,                /* 039D  lconst L10 <- static#10   ("error") */
    0x000B0097, 0x0006000A,    /* 039E  is L11 <- L6 is L10 */
    0x00170B4B,                /* 03A0  jf L11, +23 */
    0x00020A42,                /* 03A1  gget L10 <- g2   (_field) */
    0x000B8041,                /* 03A2  move L11 <- P0 */
    0x000C0140,                /* 03A3  i8 L12 <- 1 */
    0x000A02A0, 0x00010000,    /* 03A4  call base=L10 argc=2 nres=1 */
    0x00080A41,                /* 03A6  move L8 <- L10 */
    0x0001084E,                /* 03A7  jnerr L8, +1 */
    0x00080003,                /* 03A8  lnil L8 */
    0x01290A42,                /* 03A9  gget L10 <- g297   (error) */
    0x001F0B46,                /* 03AA  lconst L11 <- static#31   ("slot ") */
    0x012C0C42,                /* 03AB  gget L12 <- g300   (str) */
    0x000D0841,                /* 03AC  move L13 <- L8 */
    0x000C01A0, 0x00010000,    /* 03AD  call base=L12 argc=1 nres=1 */
    0x000D0085, 0x000B000C,    /* 03AF  add L13 <- L11 + L12 */
    0x00200E46,                /* 03B1  lconst L14 <- static#32   (": a default must be a constant") */
    0x000F0085, 0x000D000E,    /* 03B2  add L15 <- L13 + L14 */
    0x000B0F41,                /* 03B4  move L11 <- L15 */
    0x000A01A0, 0x00010000,    /* 03B5  call base=L10 argc=1 nres=1 */
    0x000A0102,                /* 03B7  return L10 count=1 */
    0x000A009A, 0x8002000A,    /* 03B8  getattr L10 <- P2.sym#10   ("image") */
    0x000B0641,                /* 03BA  move L11 <- L6 */
    0x000A01A2, 0x00070001,    /* 03BB  msg base=L10 argc=1 msg#7 nres=1   (add_static) */
    0x00070A41,                /* 03BD  move L7 <- L10 */
    0x000A0A46,                /* 03BE  lconst L10 <- static#10   ("error") */
    0x000B0097, 0x0007000A,    /* 03BF  is L11 <- L7 is L10 */
    0x00010B4B,                /* 03C1  jf L11, +1 */
    0x00070102,                /* 03C2  return L7 count=1 */
    0x00000741,                /* 03C3  move L0 <- L7 */
    0x00020003,                /* 03C4  lnil L2 */
    0x00030003,                /* 03C5  lnil L3 */
    0x00020A42,                /* 03C6  gget L10 <- g2   (_field) */
    0x000B8041,                /* 03C7  move L11 <- P0 */
    0x000C0440,                /* 03C8  i8 L12 <- 4 */
    0x000A02A0, 0x00010000,    /* 03C9  call base=L10 argc=2 nres=1 */
    0x00040A41,                /* 03CB  move L4 <- L10 */
    0x0001044E,                /* 03CC  jnerr L4, +1 */
    0x00040003,                /* 03CD  lnil L4 */
    0x00140A46,                /* 03CE  lconst L10 <- static#20   ("nil") */
    0x000B0097, 0x0004000A,    /* 03CF  is L11 <- L4 is L10 */
    0x000C0B4A,                /* 03D1  not L12 <- L11 */
    0x002F0C4B,                /* 03D2  jf L12, +47 */
    0x00140A46,                /* 03D3  lconst L10 <- static#20   ("nil") */
    0x000B0097, 0x0001000A,    /* 03D4  is L11 <- L1 is L10 */
    0x000C0B4A,                /* 03D6  not L12 <- L11 */
    0x00160C4B,                /* 03D7  jf L12, +22 */
    0x01290A42,                /* 03D8  gget L10 <- g297   (error) */
    0x001F0B46,                /* 03D9  lconst L11 <- static#31   ("slot ") */
    0x012C0C42,                /* 03DA  gget L12 <- g300   (str) */
    0x00020E42,                /* 03DB  gget L14 <- g2   (_field) */
    0x000F8041,                /* 03DC  move L15 <- P0 */
    0x00100140,                /* 03DD  i8 L16 <- 1 */
    0x000E02A0, 0x00010000,    /* 03DE  call base=L14 argc=2 nres=1 */
    0x000D0E41,                /* 03E0  move L13 <- L14 */
    0x00010D4E,                /* 03E1  jnerr L13, +1 */
    0x000D0003,                /* 03E2  lnil L13 */
    0x000C01A0, 0x00010000,    /* 03E3  call base=L12 argc=1 nres=1 */
    0x000D0085, 0x000B000C,    /* 03E5  add L13 <- L11 + L12 */
    0x00210E46,                /* 03E7  lconst L14 <- static#33   (": a virtual slot has no default") */
    0x000F0085, 0x000D000E,    /* 03E8  add L15 <- L13 + L14 */
    0x000B0F41,                /* 03EA  move L11 <- L15 */
    0x000A01A0, 0x00010000,    /* 03EB  call base=L10 argc=1 nres=1 */
    0x000A0102,                /* 03ED  return L10 count=1 */
    0x000E0A42,                /* 03EE  gget L10 <- g14   (_subscope_accessors) */
    0x000B0441,                /* 03EF  move L11 <- L4 */
    0x000C8041,                /* 03F0  move L12 <- P0 */
    0x000D8141,                /* 03F1  move L13 <- P1 */
    0x000E8241,                /* 03F2  move L14 <- P2 */
    0x000F8341,                /* 03F3  move L15 <- P3 */
    0x000A05A0, 0x00010000,    /* 03F4  call base=L10 argc=5 nres=1 */
    0x00090A41,                /* 03F6  move L9 <- L10 */
    0x000A0A46,                /* 03F7  lconst L10 <- static#10   ("error") */
    0x000B0097, 0x0009000A,    /* 03F8  is L11 <- L9 is L10 */
    0x00010B4B,                /* 03FA  jf L11, +1 */
    0x00090102,                /* 03FB  return L9 count=1 */
    0x000A0040,                /* 03FC  i8 L10 <- 0 */
    0x00020098, 0x0009000A,    /* 03FD  getidx L2 <- L9[L10] */
    0x000A0140,                /* 03FF  i8 L10 <- 1 */
    0x00030098, 0x0009000A,    /* 0400  getidx L3 <- L9[L10] */
    0x00020A42,                /* 0402  gget L10 <- g2   (_field) */
    0x000B8041,                /* 0403  move L11 <- P0 */
    0x000C0140,                /* 0404  i8 L12 <- 1 */
    0x000A02A0, 0x00010000,    /* 0405  call base=L10 argc=2 nres=1 */
    0x00050A41,                /* 0407  move L5 <- L10 */
    0x0001054E,                /* 0408  jnerr L5, +1 */
    0x00050003,                /* 0409  lnil L5 */
    0x007B0A42,                /* 040A  gget L10 <- g123   (make_class_slot) */
    0x012C0B42,                /* 040B  gget L11 <- g300   (str) */
    0x000C0541,                /* 040C  move L12 <- L5 */
    0x000B01A0, 0x00010000,    /* 040D  call base=L11 argc=1 nres=1 */
    0x000C0041,                /* 040F  move L12 <- L0 */
    0x000D0241,                /* 0410  move L13 <- L2 */
    0x000E0341,                /* 0411  move L14 <- L3 */
    0x000A04A0, 0x00010000,    /* 0412  call base=L10 argc=4 nres=1 */
    0x000A0102,                /* 0414  return L10 count=1 */
    0x012C0742,                /* 0415  gget L7 <- g300   (str) */
    0x00020942,                /* 0416  gget L9 <- g2   (_field) */
    0x000A8141,                /* 0417  move L10 <- P1 */
    0x000B0140,                /* 0418  i8 L11 <- 1 */
    0x000902A0, 0x00010000,    /* 0419  call base=L9 argc=2 nres=1 */
    0x00080941,                /* 041B  move L8 <- L9 */
    0x0001084E,                /* 041C  jnerr L8, +1 */
    0x00080003,                /* 041D  lnil L8 */
    0x000701A0, 0x00010000,    /* 041E  call base=L7 argc=1 nres=1 */
    0x00000741,                /* 0420  move L0 <- L7 */
    0x00070003,                /* 0421  lnil L7 */
    0x00080003,                /* 0422  lnil L8 */
    0x00010282, 0x00070000,    /* 0423  list L1 <- L7, 2 items */
    0x00620742,                /* 0425  gget L7 <- g98   (body_statements) */
    0x00088041,                /* 0426  move L8 <- P0 */
    0x000701A0, 0x00010000,    /* 0427  call base=L7 argc=1 nres=1 */
    0x000800AE, 0x00070000,    /* 0429  iter L8 <- L7 */
    0x000200AF, 0x0008008D,    /* 042B  itnext L2 <- L8, done +141 */
    0x007E0942,                /* 042D  gget L9 <- g126   (node_kind) */
    0x000A0241,                /* 042E  move L10 <- L2 */
    0x000901A0, 0x00010000,    /* 042F  call base=L9 argc=1 nres=1 */
    0x00030941,                /* 0431  move L3 <- L9 */
    0x00040003,                /* 0432  lnil L4 */
    0x000F0945,                /* 0433  lsym L9 <- sym#15   ("fn_def") */
    0x000A008F, 0x00030009,    /* 0434  eq L10 <- L3 == L9 */
    0x00080A4B,                /* 0436  jf L10, +8 */
    0x00020942,                /* 0437  gget L9 <- g2   (_field) */
    0x000A0241,                /* 0438  move L10 <- L2 */
    0x000B0140,                /* 0439  i8 L11 <- 1 */
    0x000902A0, 0x00010000,    /* 043A  call base=L9 argc=2 nres=1 */
    0x00040941,                /* 043C  move L4 <- L9 */
    0x0001044E,                /* 043D  jnerr L4, +1 */
    0x00040003,                /* 043E  lnil L4 */
    0x001D0A45,                /* 043F  lsym L10 <- sym#29   ("getter") */
    0x0009008F, 0x0004000A,    /* 0440  eq L9 <- L4 == L10 */
    0x0003094C,                /* 0442  jt L9, +3 */
    0x001E0A45,                /* 0443  lsym L10 <- sym#30   ("setter") */
    0x0009008F, 0x0004000A,    /* 0444  eq L9 <- L4 == L10 */
    0x004B094B,                /* 0446  jf L9, +75 */
    0x00090942,                /* 0447  gget L9 <- g9   (_dispatch) */
    0x000A8441,                /* 0448  move L10 <- P4 */
    0x000B8241,                /* 0449  move L11 <- P2 */
    0x000C8341,                /* 044A  move L12 <- P3 */
    0x000903A0, 0x00010000,    /* 044B  call base=L9 argc=3 nres=1 */
    0x00050941,                /* 044D  move L5 <- L9 */
    0x000A0946,                /* 044E  lconst L9 <- static#10   ("error") */
    0x000A0097, 0x00050009,    /* 044F  is L10 <- L5 is L9 */
    0x00010A4B,                /* 0451  jf L10, +1 */
    0x00050102,                /* 0452  return L5 count=1 */
    0x01220942,                /* 0453  gget L9 <- g290   (compile_callable) */
    0x000A8341,                /* 0454  move L10 <- P3 */
    0x012C0B42,                /* 0455  gget L11 <- g300   (str) */
    0x000C8241,                /* 0456  move L12 <- P2 */
    0x000B01A0, 0x00010000,    /* 0457  call base=L11 argc=1 nres=1 */
    0x00220C46,                /* 0459  lconst L12 <- static#34   (".") */
    0x000D0085, 0x000B000C,    /* 045A  add L13 <- L11 + L12 */
    0x000E0085, 0x000D0000,    /* 045C  add L14 <- L13 + L0 */
    0x00220F46,                /* 045E  lconst L15 <- static#34   (".") */
    0x00100085, 0x000E000F,    /* 045F  add L16 <- L14 + L15 */
    0x012C1142,                /* 0461  gget L17 <- g300   (str) */
    0x00120441,                /* 0462  move L18 <- L4 */
    0x001101A0, 0x00010000,    /* 0463  call base=L17 argc=1 nres=1 */
    0x00120085, 0x00100011,    /* 0465  add L18 <- L16 + L17 */
    0x000B1241,                /* 0467  move L11 <- L18 */
    0x00640C42,                /* 0468  gget L12 <- g100   (boundary_params) */
    0x000D0241,                /* 0469  move L13 <- L2 */
    0x000C01A0, 0x00010000,    /* 046A  call base=L12 argc=1 nres=1 */
    0x00630D42,                /* 046C  gget L13 <- g99   (boundary_body) */
    0x000E0241,                /* 046D  move L14 <- L2 */
    0x000D01A0, 0x00010000,    /* 046E  call base=L13 argc=1 nres=1 */
    0x000E0003,                /* 0470  lnil L14 */
    0x00120F42,                /* 0471  gget L15 <- g18   (FN_MESSAGE) */
    0x00100003,                /* 0472  lnil L16 */
    0x00110541,                /* 0473  move L17 <- L5 */
    0x012C1242,                /* 0474  gget L18 <- g300   (str) */
    0x00138241,                /* 0475  move L19 <- P2 */
    0x001201A0, 0x00010000,    /* 0476  call base=L18 argc=1 nres=1 */
    0x000909A0, 0x00010000,    /* 0478  call base=L9 argc=9 nres=1 */
    0x00060941,                /* 047A  move L6 <- L9 */
    0x000A0946,                /* 047B  lconst L9 <- static#10   ("error") */
    0x000A0097, 0x00060009,    /* 047C  is L10 <- L6 is L9 */
    0x00010A4B,                /* 047E  jf L10, +1 */
    0x00060102,                /* 047F  return L6 count=1 */
    0x001D0945,                /* 0480  lsym L9 <- sym#29   ("getter") */
    0x000A008F, 0x00040009,    /* 0481  eq L10 <- L4 == L9 */
    0x00070A4B,                /* 0483  jf L10, +7 */
    0x00090040,                /* 0484  i8 L9 <- 0 */
    0x000B0040,                /* 0485  i8 L11 <- 0 */
    0x000A0098, 0x0006000B,    /* 0486  getidx L10 <- L6[L11] */
    0x00010099, 0x0009000A,    /* 0488  setidx L1[L9] <- L10 */
    0x0006004F,                /* 048A  jmp +6 */
    0x00090140,                /* 048B  i8 L9 <- 1 */
    0x000B0040,                /* 048C  i8 L11 <- 0 */
    0x000A0098, 0x0006000B,    /* 048D  getidx L10 <- L6[L11] */
    0x00010099, 0x0009000A,    /* 048F  setidx L1[L9] <- L10 */
    0x0027004F,                /* 0491  jmp +39 */
    0x000F0A45,                /* 0492  lsym L10 <- sym#15   ("fn_def") */
    0x0009008F, 0x0003000A,    /* 0493  eq L9 <- L3 == L10 */
    0x000B094C,                /* 0495  jt L9, +11 */
    0x00100A45,                /* 0496  lsym L10 <- sym#16   ("co_def") */
    0x0009008F, 0x0003000A,    /* 0497  eq L9 <- L3 == L10 */
    0x0007094C,                /* 0499  jt L9, +7 */
    0x001F0A45,                /* 049A  lsym L10 <- sym#31   ("define") */
    0x0009008F, 0x0003000A,    /* 049B  eq L9 <- L3 == L10 */
    0x0003094C,                /* 049D  jt L9, +3 */
    0x00200A45,                /* 049E  lsym L10 <- sym#32   ("define_values") */
    0x0009008F, 0x0003000A,    /* 049F  eq L9 <- L3 == L10 */
    0x000C094B,                /* 04A1  jf L9, +12 */
    0x01290942,                /* 04A2  gget L9 <- g297   (error) */
    0x001F0A46,                /* 04A3  lconst L10 <- static#31   ("slot ") */
    0x000B0085, 0x000A0000,    /* 04A4  add L11 <- L10 + L0 */
    0x00230C46,                /* 04A6  lconst L12 <- static#35   (": helper bindings in a slot subscope are not supported yet") */
    0x000D0085, 0x000B000C,    /* 04A7  add L13 <- L11 + L12 */
    0x000A0D41,                /* 04A9  move L10 <- L13 */
    0x000901A0, 0x00010000,    /* 04AA  call base=L9 argc=1 nres=1 */
    0x00090102,                /* 04AC  return L9 count=1 */
    0x000B004F,                /* 04AD  jmp +11 */
    0x01290942,                /* 04AE  gget L9 <- g297   (error) */
    0x001F0A46,                /* 04AF  lconst L10 <- static#31   ("slot ") */
    0x000B0085, 0x000A0000,    /* 04B0  add L11 <- L10 + L0 */
    0x00240C46,                /* 04B2  lconst L12 <- static#36   (": a slot subscope holds only fn getter, fn setter and bindings") */
    0x000D0085, 0x000B000C,    /* 04B3  add L13 <- L11 + L12 */
    0x000A0D41,                /* 04B5  move L10 <- L13 */
    0x000901A0, 0x00010000,    /* 04B6  call base=L9 argc=1 nres=1 */
    0x00090102,                /* 04B8  return L9 count=1 */
    0xFF71004F,                /* 04B9  jmp -143 */
    0x00010102,                /* 04BA  return L1 count=1 */
    0x00020742,                /* 04BB  gget L7 <- g2   (_field) */
    0x00088041,                /* 04BC  move L8 <- P0 */
    0x00090140,                /* 04BD  i8 L9 <- 1 */
    0x000702A0, 0x00010000,    /* 04BE  call base=L7 argc=2 nres=1 */
    0x00000741,                /* 04C0  move L0 <- L7 */
    0x0001004E,                /* 04C1  jnerr L0, +1 */
    0x00000003,                /* 04C2  lnil L0 */
    0x00020742,                /* 04C3  gget L7 <- g2   (_field) */
    0x00088041,                /* 04C4  move L8 <- P0 */
    0x00090240,                /* 04C5  i8 L9 <- 2 */
    0x000702A0, 0x00010000,    /* 04C6  call base=L7 argc=2 nres=1 */
    0x00010741,                /* 04C8  move L1 <- L7 */
    0x0001014E,                /* 04C9  jnerr L1, +1 */
    0x00010003,                /* 04CA  lnil L1 */
    0x00140746,                /* 04CB  lconst L7 <- static#20   ("nil") */
    0x00080097, 0x00010007,    /* 04CC  is L8 <- L1 is L7 */
    0x0009084A,                /* 04CE  not L9 <- L8 */
    0x000F094B,                /* 04CF  jf L9, +15 */
    0x01290742,                /* 04D0  gget L7 <- g297   (error) */
    0x00250846,                /* 04D1  lconst L8 <- static#37   ("method ") */
    0x012C0942,                /* 04D2  gget L9 <- g300   (str) */
    0x000A0041,                /* 04D3  move L10 <- L0 */
    0x000901A0, 0x00010000,    /* 04D4  call base=L9 argc=1 nres=1 */
    0x000A0085, 0x00080009,    /* 04D6  add L10 <- L8 + L9 */
    0x00260B46,                /* 04D8  lconst L11 <- static#38   (" may not also name a class target") */
    0x000C0085, 0x000A000B,    /* 04D9  add L12 <- L10 + L11 */
    0x00080C41,                /* 04DB  move L8 <- L12 */
    0x000701A0, 0x00010000,    /* 04DC  call base=L7 argc=1 nres=1 */
    0x00070102,                /* 04DE  return L7 count=1 */
    0x00120242,                /* 04DF  gget L2 <- g18   (FN_MESSAGE) */
    0x007E0742,                /* 04E0  gget L7 <- g126   (node_kind) */
    0x00088041,                /* 04E1  move L8 <- P0 */
    0x000701A0, 0x00010000,    /* 04E2  call base=L7 argc=1 nres=1 */
    0x00100845,                /* 04E4  lsym L8 <- sym#16   ("co_def") */
    0x0009008F, 0x00070008,    /* 04E5  eq L9 <- L7 == L8 */
    0x0003094B,                /* 04E7  jf L9, +3 */
    0x01130742,                /* 04E8  gget L7 <- g275   (FN_COROUTINE) */
    0x0002008C, 0x00020007,    /* 04E9  bor L2 <- L2 | L7 */
    0x00640742,                /* 04EB  gget L7 <- g100   (boundary_params) */
    0x00088041,                /* 04EC  move L8 <- P0 */
    0x000701A0, 0x00010000,    /* 04ED  call base=L7 argc=1 nres=1 */
    0x00030741,                /* 04EF  move L3 <- L7 */
    0x00630742,                /* 04F0  gget L7 <- g99   (boundary_body) */
    0x00088041,                /* 04F1  move L8 <- P0 */
    0x000701A0, 0x00010000,    /* 04F2  call base=L7 argc=1 nres=1 */
    0x00040741,                /* 04F4  move L4 <- L7 */
    0x00090742,                /* 04F5  gget L7 <- g9   (_dispatch) */
    0x00088341,                /* 04F6  move L8 <- P3 */
    0x00098141,                /* 04F7  move L9 <- P1 */
    0x000A8241,                /* 04F8  move L10 <- P2 */
    0x000703A0, 0x00010000,    /* 04F9  call base=L7 argc=3 nres=1 */
    0x00050741,                /* 04FB  move L5 <- L7 */
    0x000A0746,                /* 04FC  lconst L7 <- static#10   ("error") */
    0x00080097, 0x00050007,    /* 04FD  is L8 <- L5 is L7 */
    0x0001084B,                /* 04FF  jf L8, +1 */
    0x00050102,                /* 0500  return L5 count=1 */
    0x01220742,                /* 0501  gget L7 <- g290   (compile_callable) */
    0x00088241,                /* 0502  move L8 <- P2 */
    0x012C0942,                /* 0503  gget L9 <- g300   (str) */
    0x000A0041,                /* 0504  move L10 <- L0 */
    0x000901A0, 0x00010000,    /* 0505  call base=L9 argc=1 nres=1 */
    0x00270A46,                /* 0507  lconst L10 <- static#39   ("!") */
    0x000B0085, 0x0009000A,    /* 0508  add L11 <- L9 + L10 */
    0x00090B41,                /* 050A  move L9 <- L11 */
    0x000A0341,                /* 050B  move L10 <- L3 */
    0x000B0441,                /* 050C  move L11 <- L4 */
    0x000C0003,                /* 050D  lnil L12 */
    0x000D0241,                /* 050E  move L13 <- L2 */
    0x000E0003,                /* 050F  lnil L14 */
    0x000F0541,                /* 0510  move L15 <- L5 */
    0x012C1042,                /* 0511  gget L16 <- g300   (str) */
    0x00118141,                /* 0512  move L17 <- P1 */
    0x001001A0, 0x00010000,    /* 0513  call base=L16 argc=1 nres=1 */
    0x000709A0, 0x00010000,    /* 0515  call base=L7 argc=9 nres=1 */
    0x00060741,                /* 0517  move L6 <- L7 */
    0x000A0746,                /* 0518  lconst L7 <- static#10   ("error") */
    0x00080097, 0x00060007,    /* 0519  is L8 <- L6 is L7 */
    0x0001084B,                /* 051B  jf L8, +1 */
    0x00060102,                /* 051C  return L6 count=1 */
    0x00070040,                /* 051D  i8 L7 <- 0 */
    0x00080098, 0x00060007,    /* 051E  getidx L8 <- L6[L7] */
    0x00080102,                /* 0520  return L8 count=1 */
    0x00020342,                /* 0521  gget L3 <- g2   (_field) */
    0x00048041,                /* 0522  move L4 <- P0 */
    0x00050140,                /* 0523  i8 L5 <- 1 */
    0x000302A0, 0x00010000,    /* 0524  call base=L3 argc=2 nres=1 */
    0x00000341,                /* 0526  move L0 <- L3 */
    0x0001004E,                /* 0527  jnerr L0, +1 */
    0x00000003,                /* 0528  lnil L0 */
    0x012C0342,                /* 0529  gget L3 <- g300   (str) */
    0x00048141,                /* 052A  move L4 <- P1 */
    0x000301A0, 0x00010000,    /* 052B  call base=L3 argc=1 nres=1 */
    0x001C0446,                /* 052D  lconst L4 <- static#28   ("::") */
    0x00050085, 0x00030004,    /* 052E  add L5 <- L3 + L4 */
    0x012C0642,                /* 0530  gget L6 <- g300   (str) */
    0x00070041,                /* 0531  move L7 <- L0 */
    0x000601A0, 0x00010000,    /* 0532  call base=L6 argc=1 nres=1 */
    0x00010085, 0x00050006,    /* 0534  add L1 <- L5 + L6 */
    0x00038241,                /* 0536  move L3 <- P2 */
    0x00040141,                /* 0537  move L4 <- L1 */
    0x000301A2, 0x00080001,    /* 0538  msg base=L3 argc=1 msg#8 nres=1   (declare_global) */
    0x00020341,                /* 053A  move L2 <- L3 */
    0x000A0346,                /* 053B  lconst L3 <- static#10   ("error") */
    0x00040097, 0x00020003,    /* 053C  is L4 <- L2 is L3 */
    0x0001044B,                /* 053E  jf L4, +1 */
    0x00020102,                /* 053F  return L2 count=1 */
    0x0003009A, 0x80020022,    /* 0540  getattr L3 <- P2.sym#34   ("class_statics") */
    0x00040241,                /* 0542  move L4 <- L2 */
    0x00030099, 0x00010004,    /* 0543  setidx L3[L1] <- L4 */
    0x012C0342,                /* 0545  gget L3 <- g300   (str) */
    0x00040041,                /* 0546  move L4 <- L0 */
    0x000301A0, 0x00010000,    /* 0547  call base=L3 argc=1 nres=1 */
    0x00040241,                /* 0549  move L4 <- L2 */
    0x00050282, 0x00030000,    /* 054A  list L5 <- L3, 2 items */
    0x00050102,                /* 054C  return L5 count=1 */
    0x00021942,                /* 054D  gget L25 <- g2   (_field) */
    0x001A8041,                /* 054E  move L26 <- P0 */
    0x001B0140,                /* 054F  i8 L27 <- 1 */
    0x001902A0, 0x00010000,    /* 0550  call base=L25 argc=2 nres=1 */
    0x00001941,                /* 0552  move L0 <- L25 */
    0x0001004E,                /* 0553  jnerr L0, +1 */
    0x00000003,                /* 0554  lnil L0 */
    0x00701942,                /* 0555  gget L25 <- g112   (dispatch_names) */
    0x00021B42,                /* 0556  gget L27 <- g2   (_field) */
    0x001C8041,                /* 0557  move L28 <- P0 */
    0x001D0240,                /* 0558  i8 L29 <- 2 */
    0x001B02A0, 0x00010000,    /* 0559  call base=L27 argc=2 nres=1 */
    0x001A1B41,                /* 055B  move L26 <- L27 */
    0x00011A4E,                /* 055C  jnerr L26, +1 */
    0x001A0003,                /* 055D  lnil L26 */
    0x001901A0, 0x00010000,    /* 055E  call base=L25 argc=1 nres=1 */
    0x00011941,                /* 0560  move L1 <- L25 */
    0x00020082, 0x00190000,    /* 0561  list L2 <- L25, 0 items */
    0x00030082, 0x00190000,    /* 0563  list L3 <- L25, 0 items */
    0x00040141,                /* 0565  move L4 <- L1 */
    0x00081946,                /* 0566  lconst L25 <- static#8   ("pair") */
    0x001A0097, 0x00040019,    /* 0567  is L26 <- L4 is L25 */
    0x00341A4B,                /* 0569  jf L26, +52 */
    0x012B1942,                /* 056A  gget L25 <- g299   (car) */
    0x001A0441,                /* 056B  move L26 <- L4 */
    0x001901A0, 0x00010000,    /* 056C  call base=L25 argc=1 nres=1 */
    0x00141941,                /* 056E  move L20 <- L25 */
    0x000B1946,                /* 056F  lconst L25 <- static#11   ("sym") */
    0x001A0097, 0x00140019,    /* 0570  is L26 <- L20 is L25 */
    0x001B1A4A,                /* 0572  not L27 <- L26 */
    0x000F1B4B,                /* 0573  jf L27, +15 */
    0x01291942,                /* 0574  gget L25 <- g297   (error) */
    0x00291A46,                /* 0575  lconst L26 <- static#41   ("fn [") */
    0x012C1B42,                /* 0576  gget L27 <- g300   (str) */
    0x001C0041,                /* 0577  move L28 <- L0 */
    0x001B01A0, 0x00010000,    /* 0578  call base=L27 argc=1 nres=1 */
    0x001C0085, 0x001A001B,    /* 057A  add L28 <- L26 + L27 */
    0x002A1D46,                /* 057C  lconst L29 <- static#42   ("]: a dispatch target must be a name") */
    0x001E0085, 0x001C001D,    /* 057D  add L30 <- L28 + L29 */
    0x001A1E41,                /* 057F  move L26 <- L30 */
    0x001901A0, 0x00010000,    /* 0580  call base=L25 argc=1 nres=1 */
    0x00190102,                /* 0582  return L25 count=1 */
    0x00198141,                /* 0583  move L25 <- P1 */
    0x001A1441,                /* 0584  move L26 <- L20 */
    0x001901A2, 0x00060001,    /* 0585  msg base=L25 argc=1 msg#6 nres=1   (name_slot) */
    0x00151941,                /* 0587  move L21 <- L25 */
    0x000A1946,                /* 0588  lconst L25 <- static#10   ("error") */
    0x001A0097, 0x00150019,    /* 0589  is L26 <- L21 is L25 */
    0x00011A4B,                /* 058B  jf L26, +1 */
    0x00150102,                /* 058C  return L21 count=1 */
    0x00190241,                /* 058D  move L25 <- L2 */
    0x001A1541,                /* 058E  move L26 <- L21 */
    0x001901A2, 0x00010001,    /* 058F  msg base=L25 argc=1 msg#1 nres=1   (append) */
    0x00190341,                /* 0591  move L25 <- L3 */
    0x012C1A42,                /* 0592  gget L26 <- g300   (str) */
    0x001B1441,                /* 0593  move L27 <- L20 */
    0x001A01A0, 0x00010000,    /* 0594  call base=L26 argc=1 nres=1 */
    0x001901A2, 0x00010001,    /* 0596  msg base=L25 argc=1 msg#1 nres=1   (append) */
    0x012A1942,                /* 0598  gget L25 <- g298   (cdr) */
    0x001A0441,                /* 0599  move L26 <- L4 */
    0x001901A0, 0x00010000,    /* 059A  call base=L25 argc=1 nres=1 */
    0x00041941,                /* 059C  move L4 <- L25 */
    0xFFC8004F,                /* 059D  jmp -56 */
    0x012D1942,                /* 059E  gget L25 <- g301   (len) */
    0x001A0241,                /* 059F  move L26 <- L2 */
    0x001901A0, 0x00010000,    /* 05A0  call base=L25 argc=1 nres=1 */
    0x001A1040,                /* 05A2  i8 L26 <- 16 */
    0x001B0093, 0x0019001A,    /* 05A3  gt L27 <- L25 > L26 */
    0x00181B4B,                /* 05A5  jf L27, +24 */
    0x01291942,                /* 05A6  gget L25 <- g297   (error) */
    0x012C1A42,                /* 05A7  gget L26 <- g300   (str) */
    0x001B0041,                /* 05A8  move L27 <- L0 */
    0x001A01A0, 0x00010000,    /* 05A9  call base=L26 argc=1 nres=1 */
    0x002B1B46,                /* 05AB  lconst L27 <- static#43   (" dispatches on ") */
    0x001C0085, 0x001A001B,    /* 05AC  add L28 <- L26 + L27 */
    0x012C1D42,                /* 05AE  gget L29 <- g300   (str) */
    0x012D1E42,                /* 05AF  gget L30 <- g301   (len) */
    0x001F0241,                /* 05B0  move L31 <- L2 */
    0x001E01A0, 0x00010000,    /* 05B1  call base=L30 argc=1 nres=1 */
    0x001D01A0, 0x00010000,    /* 05B3  call base=L29 argc=1 nres=1 */
    0x001E0085, 0x001C001D,    /* 05B5  add L30 <- L28 + L29 */
    0x002C1F46,                /* 05B7  lconst L31 <- static#44   (" types, over the 16-value limit") */
    0x00200085, 0x001E001F,    /* 05B8  add L32 <- L30 + L31 */
    0x001A2041,                /* 05BA  move L26 <- L32 */
    0x001901A0, 0x00010000,    /* 05BB  call base=L25 argc=1 nres=1 */
    0x00190102,                /* 05BD  return L25 count=1 */
    0x00050003,                /* 05BE  lnil L5 */
    0x012D1942,                /* 05BF  gget L25 <- g301   (len) */
    0x001A0341,                /* 05C0  move L26 <- L3 */
    0x001901A0, 0x00010000,    /* 05C1  call base=L25 argc=1 nres=1 */
    0x001A0140,                /* 05C3  i8 L26 <- 1 */
    0x001B008F, 0x0019001A,    /* 05C4  eq L27 <- L25 == L26 */
    0x000B1B4B,                /* 05C6  jf L27, +11 */
    0x00198141,                /* 05C7  move L25 <- P1 */
    0x001A0040,                /* 05C8  i8 L26 <- 0 */
    0x001B0098, 0x0003001A,    /* 05C9  getidx L27 <- L3[L26] */
    0x001A1B41,                /* 05CB  move L26 <- L27 */
    0x001901A2, 0x00090001,    /* 05CC  msg base=L25 argc=1 msg#9 nres=1   (is_local_class) */
    0x0003194B,                /* 05CE  jf L25, +3 */
    0x00190040,                /* 05CF  i8 L25 <- 0 */
    0x00050098, 0x00030019,    /* 05D0  getidx L5 <- L3[L25] */
    0x00120642,                /* 05D2  gget L6 <- g18   (FN_MESSAGE) */
    0x007E1942,                /* 05D3  gget L25 <- g126   (node_kind) */
    0x001A8041,                /* 05D4  move L26 <- P0 */
    0x001901A0, 0x00010000,    /* 05D5  call base=L25 argc=1 nres=1 */
    0x00101A45,                /* 05D7  lsym L26 <- sym#16   ("co_def") */
    0x001B008F, 0x0019001A,    /* 05D8  eq L27 <- L25 == L26 */
    0x00031B4B,                /* 05DA  jf L27, +3 */
    0x01131942,                /* 05DB  gget L25 <- g275   (FN_COROUTINE) */
    0x0006008C, 0x00060019,    /* 05DC  bor L6 <- L6 | L25 */
    0x00641942,                /* 05DE  gget L25 <- g100   (boundary_params) */
    0x001A8041,                /* 05DF  move L26 <- P0 */
    0x001901A0, 0x00010000,    /* 05E0  call base=L25 argc=1 nres=1 */
    0x00071941,                /* 05E2  move L7 <- L25 */
    0x00631942,                /* 05E3  gget L25 <- g99   (boundary_body) */
    0x001A8041,                /* 05E4  move L26 <- P0 */
    0x001901A0, 0x00010000,    /* 05E5  call base=L25 argc=1 nres=1 */
    0x00081941,                /* 05E7  move L8 <- L25 */
    0x01221942,                /* 05E8  gget L25 <- g290   (compile_callable) */
    0x001A8141,                /* 05E9  move L26 <- P1 */
    0x012C1B42,                /* 05EA  gget L27 <- g300   (str) */
    0x001C0041,                /* 05EB  move L28 <- L0 */
    0x001B01A0, 0x00010000,    /* 05EC  call base=L27 argc=1 nres=1 */
    0x00271C46,                /* 05EE  lconst L28 <- static#39   ("!") */
    0x001D0085, 0x001B001C,    /* 05EF  add L29 <- L27 + L28 */
    0x001B1D41,                /* 05F1  move L27 <- L29 */
    0x001C0741,                /* 05F2  move L28 <- L7 */
    0x001D0841,                /* 05F3  move L29 <- L8 */
    0x001E0003,                /* 05F4  lnil L30 */
    0x001F0641,                /* 05F5  move L31 <- L6 */
    0x00200003,                /* 05F6  lnil L32 */
    0x00210241,                /* 05F7  move L33 <- L2 */
    0x00220541,                /* 05F8  move L34 <- L5 */
    0x00238241,                /* 05F9  move L35 <- P2 */
    0x00190AA0, 0x00010000,    /* 05FA  call base=L25 argc=10 nres=1 */
    0x00091941,                /* 05FC  move L9 <- L25 */
    0x000A1946,                /* 05FD  lconst L25 <- static#10   ("error") */
    0x001A0097, 0x00090019,    /* 05FE  is L26 <- L9 is L25 */
    0x00011A4B,                /* 0600  jf L26, +1 */
    0x00090102,                /* 0601  return L9 count=1 */
    0x00190040,                /* 0602  i8 L25 <- 0 */
    0x000A0098, 0x00090019,    /* 0603  getidx L10 <- L9[L25] */
    0x00198141,                /* 0605  move L25 <- P1 */
    0x012C1A42,                /* 0606  gget L26 <- g300   (str) */
    0x001B0041,                /* 0607  move L27 <- L0 */
    0x001A01A0, 0x00010000,    /* 0608  call base=L26 argc=1 nres=1 */
    0x001B0182, 0x001A0000,    /* 060A  list L27 <- L26, 1 items */
    0x001A1B41,                /* 060C  move L26 <- L27 */
    0x001901A2, 0x000A0001,    /* 060D  msg base=L25 argc=1 msg#10 nres=1   (reference) */
    0x000B1941,                /* 060F  move L11 <- L25 */
    0x000A1946,                /* 0610  lconst L25 <- static#10   ("error") */
    0x001A0097, 0x000B0019,    /* 0611  is L26 <- L11 is L25 */
    0x00011A4B,                /* 0613  jf L26, +1 */
    0x000B0102,                /* 0614  return L11 count=1 */
    0x000C009A, 0x80010016,    /* 0615  getattr L12 <- P1.sym#22   ("init_ctx") */
    0x00190C41,                /* 0617  move L25 <- L12 */
    0x001900A2, 0x000B0001,    /* 0618  msg base=L25 argc=0 msg#11 nres=1   (mark) */
    0x000D1941,                /* 061A  move L13 <- L25 */
    0x00190C41,                /* 061B  move L25 <- L12 */
    0x001900A2, 0x00040001,    /* 061C  msg base=L25 argc=0 msg#4 nres=1   (push) */
    0x000E1941,                /* 061E  move L14 <- L25 */
    0x000A1946,                /* 061F  lconst L25 <- static#10   ("error") */
    0x001A0097, 0x000E0019,    /* 0620  is L26 <- L14 is L25 */
    0x00011A4B,                /* 0622  jf L26, +1 */
    0x000E0102,                /* 0623  return L14 count=1 */
    0x00041942,                /* 0624  gget L25 <- g4   (_emit_pack) */
    0x001C0C41,                /* 0625  move L28 <- L12 */
    0x00261D45,                /* 0626  lsym L29 <- sym#38   ("closure") */
    0x001E0281, 0x001C0000,    /* 0627  tuple L30 <- L28, 2 items */
    0x001A1E41,                /* 0629  move L26 <- L30 */
    0x00101C46,                /* 062A  lconst L28 <- static#16   ("a0") */
    0x001D0E41,                /* 062B  move L29 <- L14 */
    0x00111E46,                /* 062C  lconst L30 <- static#17   ("a1") */
    0x001F0A41,                /* 062D  move L31 <- L10 */
    0x00122046,                /* 062E  lconst L32 <- static#18   ("a2") */
    0x00210040,                /* 062F  i8 L33 <- 0 */
    0x000F2246,                /* 0630  lconst L34 <- static#15   ("f") */
    0x00230040,                /* 0631  i8 L35 <- 0 */
    0x00240483, 0x001C0000,    /* 0632  dict L36 <- L28, 4 pairs */
    0x001B2441,                /* 0634  move L27 <- L36 */
    0x001900A1, 0x00010000,    /* 0635  call_va base=L25 nres=1 */
    0x000F1941,                /* 0637  move L15 <- L25 */
    0x000A1946,                /* 0638  lconst L25 <- static#10   ("error") */
    0x001A0097, 0x000F0019,    /* 0639  is L26 <- L15 is L25 */
    0x00011A4B,                /* 063B  jf L26, +1 */
    0x000F0102,                /* 063C  return L15 count=1 */
    0x00190C41,                /* 063D  move L25 <- L12 */
    0x001900A2, 0x000B0001,    /* 063E  msg base=L25 argc=0 msg#11 nres=1   (mark) */
    0x00101941,                /* 0640  move L16 <- L25 */
    0x001900AE, 0x00020000,    /* 0641  iter L25 <- L2 */
    0x001600AF, 0x00190017,    /* 0643  itnext L22 <- L25, done +23 */
    0x001A0C41,                /* 0645  move L26 <- L12 */
    0x001A00A2, 0x00040001,    /* 0646  msg base=L26 argc=0 msg#4 nres=1   (push) */
    0x00171A41,                /* 0648  move L23 <- L26 */
    0x000A1A46,                /* 0649  lconst L26 <- static#10   ("error") */
    0x001B0097, 0x0017001A,    /* 064A  is L27 <- L23 is L26 */
    0x00011B4B,                /* 064C  jf L27, +1 */
    0x00170102,                /* 064D  return L23 count=1 */
    0x00051A42,                /* 064E  gget L26 <- g5   (_emit_pairable) */
    0x001B0C41,                /* 064F  move L27 <- L12 */
    0x00271C45,                /* 0650  lsym L28 <- sym#39   ("gget") */
    0x001D1641,                /* 0651  move L29 <- L22 */
    0x001E1741,                /* 0652  move L30 <- L23 */
    0x001A04A0, 0x00010000,    /* 0653  call base=L26 argc=4 nres=1 */
    0x00181A41,                /* 0655  move L24 <- L26 */
    0x000A1A46,                /* 0656  lconst L26 <- static#10   ("error") */
    0x001B0097, 0x0018001A,    /* 0657  is L27 <- L24 is L26 */
    0x00011B4B,                /* 0659  jf L27, +1 */
    0x00180102,                /* 065A  return L24 count=1 */
    0xFFE7004F,                /* 065B  jmp -25 */
    0x00190C41,                /* 065C  move L25 <- L12 */
    0x001900A2, 0x00040001,    /* 065D  msg base=L25 argc=0 msg#4 nres=1   (push) */
    0x00111941,                /* 065F  move L17 <- L25 */
    0x000A1946,                /* 0660  lconst L25 <- static#10   ("error") */
    0x001A0097, 0x00110019,    /* 0661  is L26 <- L17 is L25 */
    0x00011A4B,                /* 0663  jf L26, +1 */
    0x00110102,                /* 0664  return L17 count=1 */
    0x00041942,                /* 0665  gget L25 <- g4   (_emit_pack) */
    0x001C0C41,                /* 0666  move L28 <- L12 */
    0x00281D45,                /* 0667  lsym L29 <- sym#40   ("tuple") */
    0x001E0281, 0x001C0000,    /* 0668  tuple L30 <- L28, 2 items */
    0x001A1E41,                /* 066A  move L26 <- L30 */
    0x000F1C46,                /* 066B  lconst L28 <- static#15   ("f") */
    0x012D1D42,                /* 066C  gget L29 <- g301   (len) */
    0x001E0241,                /* 066D  move L30 <- L2 */
    0x001D01A0, 0x00010000,    /* 066E  call base=L29 argc=1 nres=1 */
    0x00101E46,                /* 0670  lconst L30 <- static#16   ("a0") */
    0x001F1141,                /* 0671  move L31 <- L17 */
    0x00112046,                /* 0672  lconst L32 <- static#17   ("a1") */
    0x00172142,                /* 0673  gget L33 <- g23   (L) */
    0x00221041,                /* 0674  move L34 <- L16 */
    0x002101A0, 0x00010000,    /* 0675  call base=L33 argc=1 nres=1 */
    0x00220383, 0x001C0000,    /* 0677  dict L34 <- L28, 3 pairs */
    0x001B2241,                /* 0679  move L27 <- L34 */
    0x001900A1, 0x00010000,    /* 067A  call_va base=L25 nres=1 */
    0x00121941,                /* 067C  move L18 <- L25 */
    0x000A1946,                /* 067D  lconst L25 <- static#10   ("error") */
    0x001A0097, 0x00120019,    /* 067E  is L26 <- L18 is L25 */
    0x00011A4B,                /* 0680  jf L26, +1 */
    0x00120102,                /* 0681  return L18 count=1 */
    0x00041942,                /* 0682  gget L25 <- g4   (_emit_pack) */
    0x001C0C41,                /* 0683  move L28 <- L12 */
    0x00291D45,                /* 0684  lsym L29 <- sym#41   ("reg_msg") */
    0x001E0281, 0x001C0000,    /* 0685  tuple L30 <- L28, 2 items */
    0x001A1E41,                /* 0687  move L26 <- L30 */
    0x00101C46,                /* 0688  lconst L28 <- static#16   ("a0") */
    0x001D0B41,                /* 0689  move L29 <- L11 */
    0x00111E46,                /* 068A  lconst L30 <- static#17   ("a1") */
    0x001F0E41,                /* 068B  move L31 <- L14 */
    0x00122046,                /* 068C  lconst L32 <- static#18   ("a2") */
    0x00211141,                /* 068D  move L33 <- L17 */
    0x00220383, 0x001C0000,    /* 068E  dict L34 <- L28, 3 pairs */
    0x001B2241,                /* 0690  move L27 <- L34 */
    0x001900A1, 0x00010000,    /* 0691  call_va base=L25 nres=1 */
    0x00131941,                /* 0693  move L19 <- L25 */
    0x000A1946,                /* 0694  lconst L25 <- static#10   ("error") */
    0x001A0097, 0x00130019,    /* 0695  is L26 <- L19 is L25 */
    0x00011A4B,                /* 0697  jf L26, +1 */
    0x00130102,                /* 0698  return L19 count=1 */
    0x00190C41,                /* 0699  move L25 <- L12 */
    0x001A0D41,                /* 069A  move L26 <- L13 */
    0x001901A2, 0x000C0001,    /* 069B  msg base=L25 argc=1 msg#12 nres=1   (free_to) */
    0x00190102,                /* 069D  return L25 count=1 */
};

const wy_module_image classes_image = {
    .name = "classes",
    .sections = {
        [WY_SEC_HEADER] = { classes_header, sizeof classes_header },
        [WY_SEC_STATICS] = { classes_statics, sizeof classes_statics },
        [WY_SEC_SYMBOLS] = { classes_symbols, sizeof classes_symbols },
        [WY_SEC_FUNCTIONS] = { classes_functions, sizeof classes_functions },
        [WY_SEC_CLASSES] = { classes_classes, sizeof classes_classes },
        [WY_SEC_MESSAGES] = { classes_messages, sizeof classes_messages },
        [WY_SEC_CODE] = { (const uint8_t*) classes_code, sizeof classes_code },
        [WY_SEC_EXPORTS] = { classes_exports, sizeof classes_exports },
        [WY_SEC_FREE] = { classes_free, sizeof classes_free },
    },
};
