/* Generated from context by wypoc's bytecode compiler. */

#include <stdint.h>
#include "wyrm/image.h"

static const uint8_t context_header[] = {
    0x29, 0x00, 0x00, 0x00, 0x02, 0x6E, 0x00, 0x08, 0x00, 0x00, 0x00, 0x63,
    0x6F, 0x6E, 0x74, 0x65, 0x78, 0x74, 0x00, 0x10, 0x76, 0x00, 0x01, 0x00,
    0x00, 0x00, 0x10, 0x67, 0x00, 0x28, 0x00, 0x00, 0x00, 0x10, 0x6C, 0x00,
    0x54, 0x00, 0x00, 0x00, 0x00,
};

static const uint8_t context_statics[] = {
    0x46, 0x0D, 0x00, 0x00, 0x02, 0x30, 0x00, 0x04, 0x00, 0x00, 0x00, 0x73,
    0x74, 0x64, 0x00, 0x02, 0x31, 0x00, 0x0B, 0x00, 0x00, 0x00, 0x73, 0x74,
    0x64, 0x3A, 0x3A, 0x70, 0x61, 0x69, 0x72, 0x73, 0x00, 0x02, 0x32, 0x00,
    0x05, 0x00, 0x00, 0x00, 0x77, 0x79, 0x72, 0x6D, 0x00, 0x02, 0x33, 0x00,
    0x0E, 0x00, 0x00, 0x00, 0x77, 0x79, 0x72, 0x6D, 0x3A, 0x3A, 0x6F, 0x70,
    0x63, 0x6F, 0x64, 0x65, 0x73, 0x00, 0x02, 0x34, 0x00, 0x0F, 0x00, 0x00,
    0x00, 0x77, 0x79, 0x72, 0x6D, 0x3A, 0x3A, 0x63, 0x6F, 0x6D, 0x70, 0x69,
    0x6C, 0x65, 0x72, 0x00, 0x02, 0x35, 0x00, 0x19, 0x00, 0x00, 0x00, 0x77,
    0x79, 0x72, 0x6D, 0x3A, 0x3A, 0x63, 0x6F, 0x6D, 0x70, 0x69, 0x6C, 0x65,
    0x72, 0x3A, 0x3A, 0x61, 0x6E, 0x61, 0x6C, 0x79, 0x73, 0x69, 0x73, 0x00,
    0x02, 0x36, 0x00, 0x07, 0x00, 0x00, 0x00, 0x5F, 0x5F, 0x41, 0x52, 0x47,
    0x53, 0x00, 0x02, 0x37, 0x00, 0x09, 0x00, 0x00, 0x00, 0x24, 0x73, 0x65,
    0x74, 0x5F, 0x63, 0x61, 0x72, 0x00, 0x02, 0x38, 0x00, 0x09, 0x00, 0x00,
    0x00, 0x24, 0x73, 0x65, 0x74, 0x5F, 0x63, 0x64, 0x72, 0x00, 0x02, 0x39,
    0x00, 0x08, 0x00, 0x00, 0x00, 0x4F, 0x53, 0x45, 0x72, 0x72, 0x6F, 0x72,
    0x00, 0x02, 0x31, 0x30, 0x00, 0x0C, 0x00, 0x00, 0x00, 0x4F, 0x75, 0x74,
    0x4F, 0x66, 0x4D, 0x65, 0x6D, 0x6F, 0x72, 0x79, 0x00, 0x02, 0x31, 0x31,
    0x00, 0x0D, 0x00, 0x00, 0x00, 0x52, 0x75, 0x6E, 0x74, 0x69, 0x6D, 0x65,
    0x45, 0x72, 0x72, 0x6F, 0x72, 0x00, 0x02, 0x31, 0x32, 0x00, 0x0E, 0x00,
    0x00, 0x00, 0x53, 0x74, 0x6F, 0x70, 0x49, 0x74, 0x65, 0x72, 0x61, 0x74,
    0x69, 0x6F, 0x6E, 0x00, 0x02, 0x31, 0x33, 0x00, 0x09, 0x00, 0x00, 0x00,
    0x54, 0x72, 0x65, 0x65, 0x42, 0x61, 0x73, 0x65, 0x00, 0x02, 0x31, 0x34,
    0x00, 0x09, 0x00, 0x00, 0x00, 0x5F, 0x5F, 0x53, 0x54, 0x44, 0x45, 0x52,
    0x52, 0x00, 0x02, 0x31, 0x35, 0x00, 0x08, 0x00, 0x00, 0x00, 0x5F, 0x5F,
    0x53, 0x54, 0x44, 0x49, 0x4E, 0x00, 0x02, 0x31, 0x36, 0x00, 0x09, 0x00,
    0x00, 0x00, 0x5F, 0x5F, 0x53, 0x54, 0x44, 0x4F, 0x55, 0x54, 0x00, 0x02,
    0x31, 0x37, 0x00, 0x07, 0x00, 0x00, 0x00, 0x5F, 0x5F, 0x61, 0x72, 0x67,
    0x76, 0x00, 0x02, 0x31, 0x38, 0x00, 0x08, 0x00, 0x00, 0x00, 0x5F, 0x5F,
    0x63, 0x6C, 0x6F, 0x73, 0x65, 0x00, 0x02, 0x31, 0x39, 0x00, 0x17, 0x00,
    0x00, 0x00, 0x5F, 0x5F, 0x64, 0x62, 0x75, 0x73, 0x5F, 0x63, 0x6F, 0x6E,
    0x6E, 0x65, 0x63, 0x74, 0x5F, 0x73, 0x65, 0x73, 0x73, 0x69, 0x6F, 0x6E,
    0x00, 0x02, 0x32, 0x30, 0x00, 0x11, 0x00, 0x00, 0x00, 0x5F, 0x5F, 0x64,
    0x62, 0x75, 0x73, 0x5F, 0x63, 0x6F, 0x6E, 0x6E, 0x65, 0x63, 0x74, 0x65,
    0x64, 0x00, 0x02, 0x32, 0x31, 0x00, 0x16, 0x00, 0x00, 0x00, 0x5F, 0x5F,
    0x64, 0x62, 0x75, 0x73, 0x5F, 0x72, 0x65, 0x67, 0x69, 0x73, 0x74, 0x65,
    0x72, 0x5F, 0x63, 0x6C, 0x61, 0x73, 0x73, 0x00, 0x02, 0x32, 0x32, 0x00,
    0x17, 0x00, 0x00, 0x00, 0x5F, 0x5F, 0x64, 0x62, 0x75, 0x73, 0x5F, 0x72,
    0x65, 0x67, 0x69, 0x73, 0x74, 0x65, 0x72, 0x5F, 0x6F, 0x62, 0x6A, 0x65,
    0x63, 0x74, 0x00, 0x02, 0x32, 0x33, 0x00, 0x14, 0x00, 0x00, 0x00, 0x5F,
    0x5F, 0x64, 0x62, 0x75, 0x73, 0x5F, 0x72, 0x65, 0x71, 0x75, 0x65, 0x73,
    0x74, 0x5F, 0x6E, 0x61, 0x6D, 0x65, 0x00, 0x02, 0x32, 0x34, 0x00, 0x0B,
    0x00, 0x00, 0x00, 0x5F, 0x5F, 0x64, 0x62, 0x75, 0x73, 0x5F, 0x72, 0x75,
    0x6E, 0x00, 0x02, 0x32, 0x35, 0x00, 0x0C, 0x00, 0x00, 0x00, 0x5F, 0x5F,
    0x64, 0x62, 0x75, 0x73, 0x5F, 0x73, 0x74, 0x6F, 0x70, 0x00, 0x02, 0x32,
    0x36, 0x00, 0x07, 0x00, 0x00, 0x00, 0x5F, 0x5F, 0x64, 0x75, 0x70, 0x32,
    0x00, 0x02, 0x32, 0x37, 0x00, 0x0C, 0x00, 0x00, 0x00, 0x5F, 0x5F, 0x64,
    0x79, 0x6E, 0x61, 0x6D, 0x69, 0x63, 0x5F, 0x5F, 0x00, 0x02, 0x32, 0x38,
    0x00, 0x0A, 0x00, 0x00, 0x00, 0x5F, 0x5F, 0x65, 0x6E, 0x76, 0x69, 0x72,
    0x6F, 0x6E, 0x00, 0x02, 0x32, 0x39, 0x00, 0x08, 0x00, 0x00, 0x00, 0x5F,
    0x5F, 0x66, 0x6C, 0x75, 0x73, 0x68, 0x00, 0x02, 0x33, 0x30, 0x00, 0x08,
    0x00, 0x00, 0x00, 0x5F, 0x5F, 0x6C, 0x73, 0x65, 0x65, 0x6B, 0x00, 0x02,
    0x33, 0x31, 0x00, 0x09, 0x00, 0x00, 0x00, 0x5F, 0x5F, 0x6E, 0x61, 0x6D,
    0x65, 0x5F, 0x5F, 0x00, 0x02, 0x33, 0x32, 0x00, 0x0C, 0x00, 0x00, 0x00,
    0x5F, 0x5F, 0x6E, 0x6E, 0x67, 0x5F, 0x63, 0x6C, 0x6F, 0x73, 0x65, 0x00,
    0x02, 0x33, 0x33, 0x00, 0x0B, 0x00, 0x00, 0x00, 0x5F, 0x5F, 0x6E, 0x6E,
    0x67, 0x5F, 0x64, 0x69, 0x61, 0x6C, 0x00, 0x02, 0x33, 0x34, 0x00, 0x0D,
    0x00, 0x00, 0x00, 0x5F, 0x5F, 0x6E, 0x6E, 0x67, 0x5F, 0x6C, 0x69, 0x73,
    0x74, 0x65, 0x6E, 0x00, 0x02, 0x33, 0x35, 0x00, 0x0B, 0x00, 0x00, 0x00,
    0x5F, 0x5F, 0x6E, 0x6E, 0x67, 0x5F, 0x6F, 0x70, 0x65, 0x6E, 0x00, 0x02,
    0x33, 0x36, 0x00, 0x0B, 0x00, 0x00, 0x00, 0x5F, 0x5F, 0x6E, 0x6E, 0x67,
    0x5F, 0x72, 0x65, 0x63, 0x76, 0x00, 0x02, 0x33, 0x37, 0x00, 0x0B, 0x00,
    0x00, 0x00, 0x5F, 0x5F, 0x6E, 0x6E, 0x67, 0x5F, 0x73, 0x65, 0x6E, 0x64,
    0x00, 0x02, 0x33, 0x38, 0x00, 0x10, 0x00, 0x00, 0x00, 0x5F, 0x5F, 0x6E,
    0x6E, 0x67, 0x5F, 0x73, 0x75, 0x62, 0x73, 0x63, 0x72, 0x69, 0x62, 0x65,
    0x00, 0x02, 0x33, 0x39, 0x00, 0x07, 0x00, 0x00, 0x00, 0x5F, 0x5F, 0x6F,
    0x70, 0x65, 0x6E, 0x00, 0x02, 0x34, 0x30, 0x00, 0x07, 0x00, 0x00, 0x00,
    0x5F, 0x5F, 0x72, 0x65, 0x61, 0x64, 0x00, 0x02, 0x34, 0x31, 0x00, 0x0E,
    0x00, 0x00, 0x00, 0x5F, 0x5F, 0x73, 0x6F, 0x63, 0x6B, 0x5F, 0x61, 0x63,
    0x63, 0x65, 0x70, 0x74, 0x00, 0x02, 0x34, 0x32, 0x00, 0x0C, 0x00, 0x00,
    0x00, 0x5F, 0x5F, 0x73, 0x6F, 0x63, 0x6B, 0x5F, 0x62, 0x69, 0x6E, 0x64,
    0x00, 0x02, 0x34, 0x33, 0x00, 0x0D, 0x00, 0x00, 0x00, 0x5F, 0x5F, 0x73,
    0x6F, 0x63, 0x6B, 0x5F, 0x63, 0x6C, 0x6F, 0x73, 0x65, 0x00, 0x02, 0x34,
    0x34, 0x00, 0x0F, 0x00, 0x00, 0x00, 0x5F, 0x5F, 0x73, 0x6F, 0x63, 0x6B,
    0x5F, 0x63, 0x6F, 0x6E, 0x6E, 0x65, 0x63, 0x74, 0x00, 0x02, 0x34, 0x35,
    0x00, 0x0E, 0x00, 0x00, 0x00, 0x5F, 0x5F, 0x73, 0x6F, 0x63, 0x6B, 0x5F,
    0x63, 0x72, 0x65, 0x61, 0x74, 0x65, 0x00, 0x02, 0x34, 0x36, 0x00, 0x0E,
    0x00, 0x00, 0x00, 0x5F, 0x5F, 0x73, 0x6F, 0x63, 0x6B, 0x5F, 0x6C, 0x69,
    0x73, 0x74, 0x65, 0x6E, 0x00, 0x02, 0x34, 0x37, 0x00, 0x0C, 0x00, 0x00,
    0x00, 0x5F, 0x5F, 0x73, 0x6F, 0x63, 0x6B, 0x5F, 0x72, 0x65, 0x63, 0x76,
    0x00, 0x02, 0x34, 0x38, 0x00, 0x10, 0x00, 0x00, 0x00, 0x5F, 0x5F, 0x73,
    0x6F, 0x63, 0x6B, 0x5F, 0x72, 0x65, 0x63, 0x76, 0x66, 0x72, 0x6F, 0x6D,
    0x00, 0x02, 0x34, 0x39, 0x00, 0x0C, 0x00, 0x00, 0x00, 0x5F, 0x5F, 0x73,
    0x6F, 0x63, 0x6B, 0x5F, 0x73, 0x65, 0x6E, 0x64, 0x00, 0x02, 0x35, 0x30,
    0x00, 0x0E, 0x00, 0x00, 0x00, 0x5F, 0x5F, 0x73, 0x6F, 0x63, 0x6B, 0x5F,
    0x73, 0x65, 0x6E, 0x64, 0x74, 0x6F, 0x00, 0x02, 0x35, 0x31, 0x00, 0x0E,
    0x00, 0x00, 0x00, 0x5F, 0x5F, 0x74, 0x65, 0x72, 0x6D, 0x5F, 0x69, 0x73,
    0x61, 0x74, 0x74, 0x79, 0x00, 0x02, 0x35, 0x32, 0x00, 0x13, 0x00, 0x00,
    0x00, 0x5F, 0x5F, 0x74, 0x65, 0x72, 0x6D, 0x5F, 0x72, 0x61, 0x77, 0x5F,
    0x64, 0x69, 0x73, 0x61, 0x62, 0x6C, 0x65, 0x00, 0x02, 0x35, 0x33, 0x00,
    0x12, 0x00, 0x00, 0x00, 0x5F, 0x5F, 0x74, 0x65, 0x72, 0x6D, 0x5F, 0x72,
    0x61, 0x77, 0x5F, 0x65, 0x6E, 0x61, 0x62, 0x6C, 0x65, 0x00, 0x02, 0x35,
    0x34, 0x00, 0x10, 0x00, 0x00, 0x00, 0x5F, 0x5F, 0x74, 0x65, 0x72, 0x6D,
    0x5F, 0x72, 0x65, 0x61, 0x64, 0x5F, 0x6B, 0x65, 0x79, 0x00, 0x02, 0x35,
    0x35, 0x00, 0x0C, 0x00, 0x00, 0x00, 0x5F, 0x5F, 0x74, 0x65, 0x72, 0x6D,
    0x5F, 0x73, 0x69, 0x7A, 0x65, 0x00, 0x02, 0x35, 0x36, 0x00, 0x08, 0x00,
    0x00, 0x00, 0x5F, 0x5F, 0x77, 0x72, 0x69, 0x74, 0x65, 0x00, 0x02, 0x35,
    0x37, 0x00, 0x0D, 0x00, 0x00, 0x00, 0x62, 0x69, 0x6E, 0x64, 0x5F, 0x6D,
    0x65, 0x73, 0x73, 0x61, 0x67, 0x65, 0x00, 0x02, 0x35, 0x38, 0x00, 0x05,
    0x00, 0x00, 0x00, 0x62, 0x6F, 0x6F, 0x6C, 0x00, 0x02, 0x35, 0x39, 0x00,
    0x06, 0x00, 0x00, 0x00, 0x62, 0x79, 0x74, 0x65, 0x73, 0x00, 0x02, 0x36,
    0x30, 0x00, 0x04, 0x00, 0x00, 0x00, 0x63, 0x61, 0x72, 0x00, 0x02, 0x36,
    0x31, 0x00, 0x04, 0x00, 0x00, 0x00, 0x63, 0x64, 0x72, 0x00, 0x02, 0x36,
    0x32, 0x00, 0x05, 0x00, 0x00, 0x00, 0x63, 0x6F, 0x6E, 0x73, 0x00, 0x02,
    0x36, 0x33, 0x00, 0x05, 0x00, 0x00, 0x00, 0x63, 0x6F, 0x70, 0x79, 0x00,
    0x02, 0x36, 0x34, 0x00, 0x04, 0x00, 0x00, 0x00, 0x65, 0x6E, 0x64, 0x00,
    0x02, 0x36, 0x35, 0x00, 0x06, 0x00, 0x00, 0x00, 0x65, 0x72, 0x72, 0x6F,
    0x72, 0x00, 0x02, 0x36, 0x36, 0x00, 0x0E, 0x00, 0x00, 0x00, 0x65, 0x72,
    0x72, 0x6F, 0x72, 0x5F, 0x6D, 0x65, 0x73, 0x73, 0x61, 0x67, 0x65, 0x00,
    0x02, 0x36, 0x37, 0x00, 0x05, 0x00, 0x00, 0x00, 0x65, 0x78, 0x69, 0x74,
    0x00, 0x02, 0x36, 0x38, 0x00, 0x06, 0x00, 0x00, 0x00, 0x66, 0x6C, 0x6F,
    0x61, 0x74, 0x00, 0x02, 0x36, 0x39, 0x00, 0x05, 0x00, 0x00, 0x00, 0x68,
    0x65, 0x6C, 0x70, 0x00, 0x02, 0x37, 0x30, 0x00, 0x04, 0x00, 0x00, 0x00,
    0x69, 0x6E, 0x74, 0x00, 0x02, 0x37, 0x31, 0x00, 0x04, 0x00, 0x00, 0x00,
    0x6C, 0x65, 0x6E, 0x00, 0x02, 0x37, 0x32, 0x00, 0x0C, 0x00, 0x00, 0x00,
    0x6D, 0x61, 0x63, 0x72, 0x6F, 0x65, 0x78, 0x70, 0x61, 0x6E, 0x64, 0x00,
    0x02, 0x37, 0x33, 0x00, 0x05, 0x00, 0x00, 0x00, 0x6E, 0x65, 0x78, 0x74,
    0x00, 0x02, 0x37, 0x34, 0x00, 0x04, 0x00, 0x00, 0x00, 0x6E, 0x69, 0x6C,
    0x00, 0x02, 0x37, 0x35, 0x00, 0x09, 0x00, 0x00, 0x00, 0x6E, 0x72, 0x65,
    0x76, 0x65, 0x72, 0x73, 0x65, 0x00, 0x02, 0x37, 0x36, 0x00, 0x05, 0x00,
    0x00, 0x00, 0x70, 0x61, 0x69, 0x72, 0x00, 0x02, 0x37, 0x37, 0x00, 0x06,
    0x00, 0x00, 0x00, 0x70, 0x61, 0x72, 0x73, 0x65, 0x00, 0x02, 0x37, 0x38,
    0x00, 0x06, 0x00, 0x00, 0x00, 0x70, 0x72, 0x69, 0x6E, 0x74, 0x00, 0x02,
    0x37, 0x39, 0x00, 0x08, 0x00, 0x00, 0x00, 0x70, 0x72, 0x69, 0x6E, 0x74,
    0x6C, 0x6E, 0x00, 0x02, 0x38, 0x30, 0x00, 0x06, 0x00, 0x00, 0x00, 0x72,
    0x61, 0x6E, 0x67, 0x65, 0x00, 0x02, 0x38, 0x31, 0x00, 0x08, 0x00, 0x00,
    0x00, 0x72, 0x65, 0x73, 0x6F, 0x6C, 0x76, 0x65, 0x00, 0x02, 0x38, 0x32,
    0x00, 0x08, 0x00, 0x00, 0x00, 0x72, 0x65, 0x76, 0x65, 0x72, 0x73, 0x65,
    0x00, 0x02, 0x38, 0x33, 0x00, 0x05, 0x00, 0x00, 0x00, 0x73, 0x65, 0x6E,
    0x64, 0x00, 0x02, 0x38, 0x34, 0x00, 0x06, 0x00, 0x00, 0x00, 0x73, 0x65,
    0x78, 0x70, 0x72, 0x00, 0x02, 0x38, 0x35, 0x00, 0x04, 0x00, 0x00, 0x00,
    0x73, 0x74, 0x72, 0x00, 0x02, 0x38, 0x36, 0x00, 0x04, 0x00, 0x00, 0x00,
    0x73, 0x79, 0x6D, 0x00, 0x02, 0x38, 0x37, 0x00, 0x09, 0x00, 0x00, 0x00,
    0x74, 0x72, 0x65, 0x65, 0x5F, 0x62, 0x6F, 0x78, 0x00, 0x02, 0x38, 0x38,
    0x00, 0x06, 0x00, 0x00, 0x00, 0x74, 0x75, 0x70, 0x6C, 0x65, 0x00, 0x10,
    0x38, 0x39, 0x00, 0x00, 0x00, 0x00, 0x00, 0x02, 0x39, 0x30, 0x00, 0x05,
    0x00, 0x00, 0x00, 0x66, 0x6F, 0x72, 0x6D, 0x00, 0x02, 0x39, 0x31, 0x00,
    0x05, 0x00, 0x00, 0x00, 0x6E, 0x61, 0x6D, 0x65, 0x00, 0x02, 0x39, 0x32,
    0x00, 0x16, 0x00, 0x00, 0x00, 0x20, 0x69, 0x73, 0x20, 0x6E, 0x6F, 0x74,
    0x20, 0x61, 0x20, 0x70, 0x61, 0x69, 0x72, 0x61, 0x62, 0x6C, 0x65, 0x20,
    0x6F, 0x70, 0x00, 0x02, 0x39, 0x33, 0x00, 0x0B, 0x00, 0x00, 0x00, 0x77,
    0x69, 0x64, 0x65, 0x5F, 0x76, 0x61, 0x6C, 0x75, 0x65, 0x00, 0x02, 0x39,
    0x34, 0x00, 0x06, 0x00, 0x00, 0x00, 0x73, 0x68, 0x61, 0x70, 0x65, 0x00,
    0x02, 0x39, 0x35, 0x00, 0x04, 0x00, 0x00, 0x00, 0x69, 0x6E, 0x76, 0x00,
    0x02, 0x39, 0x36, 0x00, 0x04, 0x00, 0x00, 0x00, 0x72, 0x65, 0x67, 0x00,
    0x02, 0x39, 0x37, 0x00, 0x03, 0x00, 0x00, 0x00, 0x61, 0x30, 0x00, 0x02,
    0x39, 0x38, 0x00, 0x03, 0x00, 0x00, 0x00, 0x61, 0x31, 0x00, 0x02, 0x39,
    0x39, 0x00, 0x06, 0x00, 0x00, 0x00, 0x76, 0x61, 0x6C, 0x75, 0x65, 0x00,
    0x02, 0x31, 0x30, 0x30, 0x00, 0x02, 0x00, 0x00, 0x00, 0x66, 0x00, 0x02,
    0x31, 0x30, 0x31, 0x00, 0x04, 0x00, 0x00, 0x00, 0x69, 0x6D, 0x6D, 0x00,
    0x02, 0x31, 0x30, 0x32, 0x00, 0x03, 0x00, 0x00, 0x00, 0x77, 0x31, 0x00,
    0x02, 0x31, 0x30, 0x33, 0x00, 0x06, 0x00, 0x00, 0x00, 0x6A, 0x63, 0x6F,
    0x6E, 0x64, 0x00, 0x02, 0x31, 0x30, 0x34, 0x00, 0x04, 0x00, 0x00, 0x00,
    0x6A, 0x6D, 0x70, 0x00, 0x02, 0x31, 0x30, 0x35, 0x00, 0x1A, 0x00, 0x00,
    0x00, 0x3A, 0x20, 0x75, 0x6E, 0x6B, 0x6E, 0x6F, 0x77, 0x6E, 0x20, 0x70,
    0x61, 0x69, 0x72, 0x61, 0x62, 0x6C, 0x65, 0x20, 0x73, 0x68, 0x61, 0x70,
    0x65, 0x20, 0x00, 0x02, 0x31, 0x30, 0x36, 0x00, 0x06, 0x00, 0x00, 0x00,
    0x6F, 0x74, 0x68, 0x65, 0x72, 0x00, 0x02, 0x31, 0x30, 0x37, 0x00, 0x02,
    0x00, 0x00, 0x00, 0x3A, 0x00, 0x02, 0x31, 0x30, 0x38, 0x00, 0x0C, 0x00,
    0x00, 0x00, 0x68, 0x61, 0x73, 0x5F, 0x64, 0x65, 0x66, 0x61, 0x75, 0x6C,
    0x74, 0x00, 0x02, 0x31, 0x30, 0x39, 0x00, 0x08, 0x00, 0x00, 0x00, 0x64,
    0x65, 0x66, 0x61, 0x75, 0x6C, 0x74, 0x00, 0x02, 0x31, 0x31, 0x30, 0x00,
    0x09, 0x00, 0x00, 0x00, 0x65, 0x78, 0x70, 0x6F, 0x72, 0x74, 0x65, 0x64,
    0x00, 0x02, 0x31, 0x31, 0x31, 0x00, 0x05, 0x00, 0x00, 0x00, 0x66, 0x72,
    0x65, 0x65, 0x00, 0x02, 0x31, 0x31, 0x32, 0x00, 0x1D, 0x00, 0x00, 0x00,
    0x6D, 0x6F, 0x64, 0x75, 0x6C, 0x65, 0x20, 0x65, 0x78, 0x63, 0x65, 0x65,
    0x64, 0x73, 0x20, 0x74, 0x68, 0x65, 0x20, 0x6C, 0x69, 0x6D, 0x69, 0x74,
    0x20, 0x6F, 0x66, 0x20, 0x00, 0x02, 0x31, 0x31, 0x33, 0x00, 0x02, 0x00,
    0x00, 0x00, 0x20, 0x00, 0x02, 0x31, 0x31, 0x34, 0x00, 0x14, 0x00, 0x00,
    0x00, 0x73, 0x74, 0x61, 0x74, 0x69, 0x63, 0x20, 0x70, 0x6F, 0x6F, 0x6C,
    0x20, 0x65, 0x6E, 0x74, 0x72, 0x69, 0x65, 0x73, 0x00, 0x02, 0x31, 0x31,
    0x35, 0x00, 0x0F, 0x00, 0x00, 0x00, 0x6D, 0x6F, 0x64, 0x75, 0x6C, 0x65,
    0x20, 0x67, 0x6C, 0x6F, 0x62, 0x61, 0x6C, 0x73, 0x00, 0x02, 0x31, 0x31,
    0x36, 0x00, 0x13, 0x00, 0x00, 0x00, 0x73, 0x79, 0x6D, 0x62, 0x6F, 0x6C,
    0x73, 0x20, 0x70, 0x65, 0x72, 0x20, 0x6D, 0x6F, 0x64, 0x75, 0x6C, 0x65,
    0x00, 0x02, 0x31, 0x31, 0x37, 0x00, 0x2C, 0x00, 0x00, 0x00, 0x61, 0x20,
    0x6D, 0x65, 0x73, 0x73, 0x61, 0x67, 0x65, 0x20, 0x6E, 0x65, 0x65, 0x64,
    0x73, 0x20, 0x61, 0x74, 0x20, 0x6C, 0x65, 0x61, 0x73, 0x74, 0x20, 0x6F,
    0x6E, 0x65, 0x20, 0x70, 0x61, 0x74, 0x68, 0x20, 0x63, 0x6F, 0x6D, 0x70,
    0x6F, 0x6E, 0x65, 0x6E, 0x74, 0x00, 0x02, 0x31, 0x31, 0x38, 0x00, 0x14,
    0x00, 0x00, 0x00, 0x6D, 0x65, 0x73, 0x73, 0x61, 0x67, 0x65, 0x73, 0x20,
    0x70, 0x65, 0x72, 0x20, 0x6D, 0x6F, 0x64, 0x75, 0x6C, 0x65, 0x00, 0x02,
    0x31, 0x31, 0x39, 0x00, 0x02, 0x00, 0x00, 0x00, 0x70, 0x00, 0x02, 0x31,
    0x32, 0x30, 0x00, 0x06, 0x00, 0x00, 0x00, 0x5F, 0x70, 0x61, 0x74, 0x68,
    0x00, 0x02, 0x31, 0x32, 0x31, 0x00, 0x19, 0x00, 0x00, 0x00, 0x6E, 0x6F,
    0x20, 0x6D, 0x6F, 0x64, 0x75, 0x6C, 0x65, 0x20, 0x67, 0x6C, 0x6F, 0x62,
    0x61, 0x6C, 0x20, 0x6E, 0x61, 0x6D, 0x65, 0x64, 0x20, 0x27, 0x00, 0x02,
    0x31, 0x32, 0x32, 0x00, 0x02, 0x00, 0x00, 0x00, 0x27, 0x00, 0x0A, 0x31,
    0x32, 0x33, 0x00, 0x10, 0x31, 0x32, 0x34, 0x00, 0x01, 0x00, 0x00, 0x00,
    0x02, 0x31, 0x32, 0x35, 0x00, 0x15, 0x00, 0x00, 0x00, 0x66, 0x75, 0x6E,
    0x63, 0x74, 0x69, 0x6F, 0x6E, 0x73, 0x20, 0x70, 0x65, 0x72, 0x20, 0x6D,
    0x6F, 0x64, 0x75, 0x6C, 0x65, 0x00, 0x02, 0x31, 0x32, 0x36, 0x00, 0x07,
    0x00, 0x00, 0x00, 0x70, 0x61, 0x72, 0x61, 0x6D, 0x73, 0x00, 0x02, 0x31,
    0x32, 0x37, 0x00, 0x08, 0x00, 0x00, 0x00, 0x6E, 0x6C, 0x6F, 0x63, 0x61,
    0x6C, 0x73, 0x00, 0x02, 0x31, 0x32, 0x38, 0x00, 0x0C, 0x00, 0x00, 0x00,
    0x63, 0x6F, 0x64, 0x65, 0x5F, 0x6F, 0x66, 0x66, 0x73, 0x65, 0x74, 0x00,
    0x02, 0x31, 0x32, 0x39, 0x00, 0x06, 0x00, 0x00, 0x00, 0x66, 0x6C, 0x61,
    0x67, 0x73, 0x00, 0x02, 0x31, 0x33, 0x30, 0x00, 0x09, 0x00, 0x00, 0x00,
    0x64, 0x69, 0x73, 0x70, 0x61, 0x74, 0x63, 0x68, 0x00, 0x02, 0x31, 0x33,
    0x31, 0x00, 0x0A, 0x00, 0x00, 0x00, 0x6E, 0x63, 0x61, 0x70, 0x74, 0x75,
    0x72, 0x65, 0x73, 0x00, 0x02, 0x31, 0x33, 0x32, 0x00, 0x09, 0x00, 0x00,
    0x00, 0x6E, 0x72, 0x65, 0x73, 0x75, 0x6C, 0x74, 0x73, 0x00, 0x02, 0x31,
    0x33, 0x33, 0x00, 0x05, 0x00, 0x00, 0x00, 0x75, 0x73, 0x65, 0x73, 0x00,
    0x02, 0x31, 0x33, 0x34, 0x00, 0x13, 0x00, 0x00, 0x00, 0x63, 0x6C, 0x61,
    0x73, 0x73, 0x65, 0x73, 0x20, 0x70, 0x65, 0x72, 0x20, 0x6D, 0x6F, 0x64,
    0x75, 0x6C, 0x65, 0x00, 0x02, 0x31, 0x33, 0x35, 0x00, 0x07, 0x00, 0x00,
    0x00, 0x63, 0x6C, 0x61, 0x73, 0x73, 0x20, 0x00, 0x02, 0x31, 0x33, 0x36,
    0x00, 0x06, 0x00, 0x00, 0x00, 0x20, 0x68, 0x61, 0x73, 0x20, 0x00, 0x02,
    0x31, 0x33, 0x37, 0x00, 0x2F, 0x00, 0x00, 0x00, 0x20, 0x6D, 0x65, 0x73,
    0x73, 0x61, 0x67, 0x65, 0x73, 0x2C, 0x20, 0x6F, 0x76, 0x65, 0x72, 0x20,
    0x74, 0x68, 0x65, 0x20, 0x31, 0x36, 0x2D, 0x65, 0x6E, 0x74, 0x72, 0x79,
    0x20, 0x6D, 0x65, 0x73, 0x73, 0x61, 0x67, 0x65, 0x20, 0x6D, 0x61, 0x70,
    0x20, 0x6C, 0x69, 0x6D, 0x69, 0x74, 0x00, 0x02, 0x31, 0x33, 0x38, 0x00,
    0x0B, 0x00, 0x00, 0x00, 0x73, 0x75, 0x70, 0x65, 0x72, 0x63, 0x6C, 0x61,
    0x73, 0x73, 0x00, 0x02, 0x31, 0x33, 0x39, 0x00, 0x06, 0x00, 0x00, 0x00,
    0x73, 0x6C, 0x6F, 0x74, 0x73, 0x00, 0x02, 0x31, 0x34, 0x30, 0x00, 0x05,
    0x00, 0x00, 0x00, 0x69, 0x6E, 0x69, 0x74, 0x00, 0x02, 0x31, 0x34, 0x31,
    0x00, 0x09, 0x00, 0x00, 0x00, 0x6D, 0x65, 0x73, 0x73, 0x61, 0x67, 0x65,
    0x73, 0x00, 0x02, 0x31, 0x34, 0x32, 0x00, 0x08, 0x00, 0x00, 0x00, 0x73,
    0x74, 0x61, 0x74, 0x69, 0x63, 0x73, 0x00, 0x02, 0x31, 0x34, 0x33, 0x00,
    0x0B, 0x00, 0x00, 0x00, 0x63, 0x6F, 0x64, 0x65, 0x20, 0x77, 0x6F, 0x72,
    0x64, 0x20, 0x00, 0x02, 0x31, 0x34, 0x34, 0x00, 0x0E, 0x00, 0x00, 0x00,
    0x20, 0x69, 0x73, 0x20, 0x6E, 0x6F, 0x74, 0x20, 0x61, 0x20, 0x75, 0x33,
    0x32, 0x00, 0x02, 0x31, 0x34, 0x35, 0x00, 0x07, 0x00, 0x00, 0x00, 0x67,
    0x65, 0x74, 0x74, 0x65, 0x72, 0x00, 0x02, 0x31, 0x34, 0x36, 0x00, 0x07,
    0x00, 0x00, 0x00, 0x73, 0x65, 0x74, 0x74, 0x65, 0x72, 0x00, 0x02, 0x31,
    0x34, 0x37, 0x00, 0x01, 0x00, 0x00, 0x00, 0x00, 0x02, 0x31, 0x34, 0x38,
    0x00, 0x05, 0x00, 0x00, 0x00, 0x6C, 0x69, 0x73, 0x74, 0x00, 0x02, 0x31,
    0x34, 0x39, 0x00, 0x03, 0x00, 0x00, 0x00, 0x3A, 0x3A, 0x00, 0x08, 0x31,
    0x35, 0x30, 0x00, 0x00, 0x02, 0x31, 0x35, 0x31, 0x00, 0x07, 0x00, 0x00,
    0x00, 0x67, 0x6C, 0x6F, 0x62, 0x61, 0x6C, 0x00, 0x02, 0x31, 0x35, 0x32,
    0x00, 0x38, 0x00, 0x00, 0x00, 0x27, 0x20, 0x69, 0x73, 0x20, 0x64, 0x65,
    0x63, 0x6C, 0x61, 0x72, 0x65, 0x64, 0x20, 0x69, 0x6E, 0x20, 0x61, 0x20,
    0x6E, 0x65, 0x73, 0x74, 0x65, 0x64, 0x20, 0x62, 0x6C, 0x6F, 0x63, 0x6B,
    0x2C, 0x20, 0x73, 0x68, 0x61, 0x64, 0x6F, 0x77, 0x73, 0x20, 0x61, 0x6E,
    0x20, 0x65, 0x6E, 0x63, 0x6C, 0x6F, 0x73, 0x69, 0x6E, 0x67, 0x20, 0x27,
    0x00, 0x02, 0x31, 0x35, 0x33, 0x00, 0x59, 0x00, 0x00, 0x00, 0x27, 0x2C,
    0x20, 0x61, 0x6E, 0x64, 0x20, 0x69, 0x73, 0x20, 0x63, 0x61, 0x70, 0x74,
    0x75, 0x72, 0x65, 0x64, 0x20, 0x62, 0x79, 0x20, 0x61, 0x20, 0x63, 0x6C,
    0x6F, 0x73, 0x75, 0x72, 0x65, 0x3A, 0x20, 0x6F, 0x6E, 0x65, 0x20, 0x63,
    0x65, 0x6C, 0x6C, 0x20, 0x70, 0x65, 0x72, 0x20, 0x6E, 0x61, 0x6D, 0x65,
    0x20, 0x70, 0x65, 0x72, 0x20, 0x66, 0x72, 0x61, 0x6D, 0x65, 0x20, 0x63,
    0x61, 0x6E, 0x6E, 0x6F, 0x74, 0x20, 0x68, 0x6F, 0x6C, 0x64, 0x20, 0x62,
    0x6F, 0x74, 0x68, 0x20, 0x28, 0x73, 0x70, 0x65, 0x63, 0x20, 0x38, 0x2E,
    0x33, 0x29, 0x00, 0x02, 0x31, 0x35, 0x34, 0x00, 0x05, 0x00, 0x00, 0x00,
    0x73, 0x6C, 0x6F, 0x74, 0x00, 0x02, 0x31, 0x35, 0x35, 0x00, 0x12, 0x00,
    0x00, 0x00, 0x69, 0x6E, 0x74, 0x65, 0x72, 0x6E, 0x61, 0x6C, 0x3A, 0x20,
    0x6C, 0x6F, 0x63, 0x61, 0x6C, 0x20, 0x27, 0x00, 0x02, 0x31, 0x35, 0x36,
    0x00, 0x26, 0x00, 0x00, 0x00, 0x27, 0x20, 0x64, 0x65, 0x63, 0x6C, 0x61,
    0x72, 0x65, 0x64, 0x20, 0x61, 0x66, 0x74, 0x65, 0x72, 0x20, 0x74, 0x65,
    0x6D, 0x70, 0x73, 0x20, 0x77, 0x65, 0x72, 0x65, 0x20, 0x61, 0x6C, 0x6C,
    0x6F, 0x63, 0x61, 0x74, 0x65, 0x64, 0x00, 0x02, 0x31, 0x35, 0x37, 0x00,
    0x29, 0x00, 0x00, 0x00, 0x69, 0x6E, 0x74, 0x65, 0x72, 0x6E, 0x61, 0x6C,
    0x3A, 0x20, 0x74, 0x65, 0x6D, 0x70, 0x20, 0x73, 0x74, 0x61, 0x63, 0x6B,
    0x20, 0x72, 0x65, 0x77, 0x6F, 0x75, 0x6E, 0x64, 0x20, 0x66, 0x6F, 0x72,
    0x77, 0x61, 0x72, 0x64, 0x20, 0x69, 0x6E, 0x20, 0x00, 0x02, 0x31, 0x35,
    0x38, 0x00, 0x08, 0x00, 0x00, 0x00, 0x20, 0x6E, 0x65, 0x65, 0x64, 0x73,
    0x20, 0x00, 0x02, 0x31, 0x35, 0x39, 0x00, 0x13, 0x00, 0x00, 0x00, 0x20,
    0x6C, 0x6F, 0x63, 0x61, 0x6C, 0x73, 0x2C, 0x20, 0x6F, 0x76, 0x65, 0x72,
    0x20, 0x74, 0x68, 0x65, 0x20, 0x00, 0x02, 0x31, 0x36, 0x30, 0x00, 0x13,
    0x00, 0x00, 0x00, 0x2D, 0x6C, 0x6F, 0x63, 0x61, 0x6C, 0x20, 0x66, 0x72,
    0x61, 0x6D, 0x65, 0x20, 0x6C, 0x69, 0x6D, 0x69, 0x74, 0x00, 0x02, 0x31,
    0x36, 0x31, 0x00, 0x0D, 0x00, 0x00, 0x00, 0x3C, 0x63, 0x65, 0x6C, 0x6C,
    0x20, 0x69, 0x6E, 0x64, 0x65, 0x78, 0x3E, 0x00, 0x02, 0x31, 0x36, 0x32,
    0x00, 0x0B, 0x00, 0x00, 0x00, 0x69, 0x6E, 0x74, 0x65, 0x72, 0x6E, 0x61,
    0x6C, 0x3A, 0x20, 0x00, 0x02, 0x31, 0x36, 0x33, 0x00, 0x1C, 0x00, 0x00,
    0x00, 0x20, 0x68, 0x61, 0x73, 0x20, 0x6E, 0x6F, 0x20, 0x63, 0x65, 0x6C,
    0x6C, 0x20, 0x69, 0x6E, 0x64, 0x65, 0x78, 0x20, 0x72, 0x65, 0x67, 0x69,
    0x73, 0x74, 0x65, 0x72, 0x00, 0x02, 0x31, 0x36, 0x34, 0x00, 0x21, 0x00,
    0x00, 0x00, 0x69, 0x6E, 0x74, 0x65, 0x72, 0x6E, 0x61, 0x6C, 0x3A, 0x20,
    0x6C, 0x61, 0x62, 0x65, 0x6C, 0x20, 0x6D, 0x61, 0x72, 0x6B, 0x65, 0x64,
    0x20, 0x74, 0x77, 0x69, 0x63, 0x65, 0x20, 0x69, 0x6E, 0x20, 0x00, 0x02,
    0x31, 0x36, 0x35, 0x00, 0x1D, 0x00, 0x00, 0x00, 0x69, 0x6E, 0x74, 0x65,
    0x72, 0x6E, 0x61, 0x6C, 0x3A, 0x20, 0x75, 0x6E, 0x6D, 0x61, 0x72, 0x6B,
    0x65, 0x64, 0x20, 0x6C, 0x61, 0x62, 0x65, 0x6C, 0x20, 0x69, 0x6E, 0x20,
    0x00, 0x02, 0x31, 0x36, 0x36, 0x00, 0x09, 0x00, 0x00, 0x00, 0x6A, 0x75,
    0x6D, 0x70, 0x20, 0x69, 0x6E, 0x20, 0x00, 0x02, 0x31, 0x36, 0x37, 0x00,
    0x08, 0x00, 0x00, 0x00, 0x20, 0x73, 0x70, 0x61, 0x6E, 0x73, 0x20, 0x00,
    0x02, 0x31, 0x36, 0x38, 0x00, 0x30, 0x00, 0x00, 0x00, 0x20, 0x77, 0x6F,
    0x72, 0x64, 0x73, 0x2C, 0x20, 0x6F, 0x76, 0x65, 0x72, 0x20, 0x74, 0x68,
    0x65, 0x20, 0x2B, 0x2F, 0x2D, 0x33, 0x32, 0x4B, 0x20, 0x72, 0x65, 0x61,
    0x63, 0x68, 0x20, 0x6F, 0x66, 0x20, 0x61, 0x20, 0x63, 0x6F, 0x6D, 0x70,
    0x61, 0x63, 0x74, 0x20, 0x6A, 0x75, 0x6D, 0x70, 0x00, 0x02, 0x31, 0x36,
    0x39, 0x00, 0x07, 0x00, 0x00, 0x00, 0x3C, 0x69, 0x6E, 0x69, 0x74, 0x3E,
    0x00, 0x00,
};

static const uint8_t context_symbols[] = {
    0x7D, 0x09, 0x00, 0x00, 0x02, 0x30, 0x00, 0x0C, 0x00, 0x00, 0x00, 0x6D,
    0x6F, 0x64, 0x75, 0x6C, 0x65, 0x5F, 0x6E, 0x61, 0x6D, 0x65, 0x00, 0x02,
    0x31, 0x00, 0x08, 0x00, 0x00, 0x00, 0x73, 0x74, 0x61, 0x74, 0x69, 0x63,
    0x73, 0x00, 0x02, 0x32, 0x00, 0x08, 0x00, 0x00, 0x00, 0x73, 0x79, 0x6D,
    0x62, 0x6F, 0x6C, 0x73, 0x00, 0x02, 0x33, 0x00, 0x09, 0x00, 0x00, 0x00,
    0x6D, 0x65, 0x73, 0x73, 0x61, 0x67, 0x65, 0x73, 0x00, 0x02, 0x34, 0x00,
    0x08, 0x00, 0x00, 0x00, 0x67, 0x6C, 0x6F, 0x62, 0x61, 0x6C, 0x73, 0x00,
    0x02, 0x35, 0x00, 0x0A, 0x00, 0x00, 0x00, 0x66, 0x75, 0x6E, 0x63, 0x74,
    0x69, 0x6F, 0x6E, 0x73, 0x00, 0x02, 0x36, 0x00, 0x08, 0x00, 0x00, 0x00,
    0x63, 0x6C, 0x61, 0x73, 0x73, 0x65, 0x73, 0x00, 0x02, 0x37, 0x00, 0x05,
    0x00, 0x00, 0x00, 0x63, 0x6F, 0x64, 0x65, 0x00, 0x02, 0x38, 0x00, 0x0D,
    0x00, 0x00, 0x00, 0x69, 0x6E, 0x69, 0x74, 0x5F, 0x6E, 0x6C, 0x6F, 0x63,
    0x61, 0x6C, 0x73, 0x00, 0x02, 0x39, 0x00, 0x0C, 0x00, 0x00, 0x00, 0x6D,
    0x6F, 0x64, 0x75, 0x6C, 0x65, 0x5F, 0x75, 0x73, 0x65, 0x73, 0x00, 0x02,
    0x31, 0x30, 0x00, 0x06, 0x00, 0x00, 0x00, 0x64, 0x65, 0x62, 0x75, 0x67,
    0x00, 0x02, 0x31, 0x31, 0x00, 0x0A, 0x00, 0x00, 0x00, 0x75, 0x6E, 0x6C,
    0x6F, 0x77, 0x65, 0x72, 0x65, 0x64, 0x00, 0x02, 0x31, 0x32, 0x00, 0x0E,
    0x00, 0x00, 0x00, 0x5F, 0x73, 0x74, 0x61, 0x74, 0x69, 0x63, 0x5F, 0x69,
    0x6E, 0x64, 0x65, 0x78, 0x00, 0x02, 0x31, 0x33, 0x00, 0x0E, 0x00, 0x00,
    0x00, 0x5F, 0x73, 0x79, 0x6D, 0x62, 0x6F, 0x6C, 0x5F, 0x69, 0x6E, 0x64,
    0x65, 0x78, 0x00, 0x02, 0x31, 0x34, 0x00, 0x0F, 0x00, 0x00, 0x00, 0x5F,
    0x6D, 0x65, 0x73, 0x73, 0x61, 0x67, 0x65, 0x5F, 0x69, 0x6E, 0x64, 0x65,
    0x78, 0x00, 0x02, 0x31, 0x35, 0x00, 0x0E, 0x00, 0x00, 0x00, 0x5F, 0x67,
    0x6C, 0x6F, 0x62, 0x61, 0x6C, 0x5F, 0x69, 0x6E, 0x64, 0x65, 0x78, 0x00,
    0x02, 0x31, 0x36, 0x00, 0x0C, 0x00, 0x00, 0x00, 0x5F, 0x66, 0x72, 0x65,
    0x65, 0x5F, 0x69, 0x6E, 0x64, 0x65, 0x78, 0x00, 0x02, 0x31, 0x37, 0x00,
    0x0C, 0x00, 0x00, 0x00, 0x5F, 0x6E, 0x65, 0x78, 0x74, 0x5F, 0x69, 0x6E,
    0x64, 0x65, 0x78, 0x00, 0x02, 0x31, 0x38, 0x00, 0x07, 0x00, 0x00, 0x00,
    0x61, 0x70, 0x70, 0x65, 0x6E, 0x64, 0x00, 0x02, 0x31, 0x39, 0x00, 0x0B,
    0x00, 0x00, 0x00, 0x61, 0x64, 0x64, 0x5F, 0x73, 0x74, 0x61, 0x74, 0x69,
    0x63, 0x00, 0x02, 0x32, 0x30, 0x00, 0x10, 0x00, 0x00, 0x00, 0x61, 0x64,
    0x64, 0x5F, 0x66, 0x72, 0x65, 0x65, 0x5F, 0x67, 0x6C, 0x6F, 0x62, 0x61,
    0x6C, 0x00, 0x02, 0x32, 0x31, 0x00, 0x12, 0x00, 0x00, 0x00, 0x61, 0x64,
    0x64, 0x5F, 0x73, 0x68, 0x61, 0x64, 0x6F, 0x77, 0x5F, 0x67, 0x6C, 0x6F,
    0x62, 0x61, 0x6C, 0x00, 0x02, 0x32, 0x32, 0x00, 0x0B, 0x00, 0x00, 0x00,
    0x61, 0x64, 0x64, 0x5F, 0x73, 0x79, 0x6D, 0x62, 0x6F, 0x6C, 0x00, 0x02,
    0x32, 0x33, 0x00, 0x0C, 0x00, 0x00, 0x00, 0x61, 0x64, 0x64, 0x5F, 0x6D,
    0x65, 0x73, 0x73, 0x61, 0x67, 0x65, 0x00, 0x02, 0x32, 0x34, 0x00, 0x0B,
    0x00, 0x00, 0x00, 0x61, 0x64, 0x64, 0x5F, 0x67, 0x6C, 0x6F, 0x62, 0x61,
    0x6C, 0x00, 0x02, 0x32, 0x35, 0x00, 0x13, 0x00, 0x00, 0x00, 0x61, 0x64,
    0x64, 0x5F, 0x67, 0x6C, 0x6F, 0x62, 0x61, 0x6C, 0x5F, 0x64, 0x65, 0x66,
    0x61, 0x75, 0x6C, 0x74, 0x00, 0x02, 0x32, 0x36, 0x00, 0x0D, 0x00, 0x00,
    0x00, 0x67, 0x6C, 0x6F, 0x62, 0x61, 0x6C, 0x5F, 0x69, 0x6E, 0x64, 0x65,
    0x78, 0x00, 0x02, 0x32, 0x37, 0x00, 0x0D, 0x00, 0x00, 0x00, 0x61, 0x64,
    0x64, 0x5F, 0x66, 0x75, 0x6E, 0x63, 0x74, 0x69, 0x6F, 0x6E, 0x00, 0x02,
    0x32, 0x38, 0x00, 0x0A, 0x00, 0x00, 0x00, 0x61, 0x64, 0x64, 0x5F, 0x63,
    0x6C, 0x61, 0x73, 0x73, 0x00, 0x02, 0x32, 0x39, 0x00, 0x05, 0x00, 0x00,
    0x00, 0x68, 0x65, 0x72, 0x65, 0x00, 0x02, 0x33, 0x30, 0x00, 0x0B, 0x00,
    0x00, 0x00, 0x65, 0x6D, 0x69, 0x74, 0x5F, 0x77, 0x6F, 0x72, 0x64, 0x73,
    0x00, 0x02, 0x33, 0x31, 0x00, 0x07, 0x00, 0x00, 0x00, 0x73, 0x75, 0x62,
    0x73, 0x74, 0x72, 0x00, 0x02, 0x33, 0x32, 0x00, 0x07, 0x00, 0x00, 0x00,
    0x74, 0x61, 0x72, 0x67, 0x65, 0x74, 0x00, 0x02, 0x33, 0x33, 0x00, 0x06,
    0x00, 0x00, 0x00, 0x73, 0x69, 0x74, 0x65, 0x73, 0x00, 0x02, 0x33, 0x34,
    0x00, 0x07, 0x00, 0x00, 0x00, 0x6D, 0x6F, 0x64, 0x75, 0x6C, 0x65, 0x00,
    0x02, 0x33, 0x35, 0x00, 0x05, 0x00, 0x00, 0x00, 0x6E, 0x61, 0x6D, 0x65,
    0x00, 0x02, 0x33, 0x36, 0x00, 0x0F, 0x00, 0x00, 0x00, 0x69, 0x73, 0x5F,
    0x6D, 0x6F, 0x64, 0x75, 0x6C, 0x65, 0x5F, 0x69, 0x6E, 0x69, 0x74, 0x00,
    0x02, 0x33, 0x37, 0x00, 0x06, 0x00, 0x00, 0x00, 0x6C, 0x6F, 0x6F, 0x70,
    0x73, 0x00, 0x02, 0x33, 0x38, 0x00, 0x0C, 0x00, 0x00, 0x00, 0x6D, 0x61,
    0x78, 0x5F, 0x72, 0x65, 0x73, 0x75, 0x6C, 0x74, 0x73, 0x00, 0x02, 0x33,
    0x39, 0x00, 0x06, 0x00, 0x00, 0x00, 0x63, 0x65, 0x6C, 0x6C, 0x73, 0x00,
    0x02, 0x34, 0x30, 0x00, 0x06, 0x00, 0x00, 0x00, 0x5F, 0x7A, 0x65, 0x72,
    0x6F, 0x00, 0x02, 0x34, 0x31, 0x00, 0x05, 0x00, 0x00, 0x00, 0x75, 0x73,
    0x65, 0x73, 0x00, 0x02, 0x34, 0x32, 0x00, 0x07, 0x00, 0x00, 0x00, 0x6C,
    0x61, 0x62, 0x65, 0x6C, 0x73, 0x00, 0x02, 0x34, 0x33, 0x00, 0x05, 0x00,
    0x00, 0x00, 0x6C, 0x69, 0x6E, 0x65, 0x00, 0x02, 0x34, 0x34, 0x00, 0x06,
    0x00, 0x00, 0x00, 0x6C, 0x69, 0x6E, 0x65, 0x73, 0x00, 0x02, 0x34, 0x35,
    0x00, 0x0E, 0x00, 0x00, 0x00, 0x5F, 0x65, 0x6D, 0x69, 0x74, 0x74, 0x65,
    0x64, 0x5F, 0x6C, 0x69, 0x6E, 0x65, 0x00, 0x02, 0x34, 0x36, 0x00, 0x07,
    0x00, 0x00, 0x00, 0x6C, 0x6F, 0x63, 0x61, 0x6C, 0x73, 0x00, 0x02, 0x34,
    0x37, 0x00, 0x07, 0x00, 0x00, 0x00, 0x6E, 0x6E, 0x61, 0x6D, 0x65, 0x64,
    0x00, 0x02, 0x34, 0x38, 0x00, 0x04, 0x00, 0x00, 0x00, 0x74, 0x6F, 0x70,
    0x00, 0x02, 0x34, 0x39, 0x00, 0x05, 0x00, 0x00, 0x00, 0x68, 0x69, 0x67,
    0x68, 0x00, 0x02, 0x35, 0x30, 0x00, 0x07, 0x00, 0x00, 0x00, 0x70, 0x61,
    0x72, 0x61, 0x6D, 0x73, 0x00, 0x02, 0x35, 0x31, 0x00, 0x09, 0x00, 0x00,
    0x00, 0x63, 0x61, 0x70, 0x74, 0x75, 0x72, 0x65, 0x73, 0x00, 0x02, 0x35,
    0x32, 0x00, 0x0B, 0x00, 0x00, 0x00, 0x74, 0x68, 0x69, 0x73, 0x5F, 0x63,
    0x6F, 0x75, 0x6E, 0x74, 0x00, 0x02, 0x35, 0x33, 0x00, 0x09, 0x00, 0x00,
    0x00, 0x74, 0x68, 0x69, 0x73, 0x5F, 0x72, 0x65, 0x67, 0x00, 0x02, 0x35,
    0x34, 0x00, 0x0B, 0x00, 0x00, 0x00, 0x74, 0x68, 0x69, 0x73, 0x5F, 0x63,
    0x6C, 0x61, 0x73, 0x73, 0x00, 0x02, 0x35, 0x35, 0x00, 0x0D, 0x00, 0x00,
    0x00, 0x69, 0x73, 0x5F, 0x63, 0x6F, 0x72, 0x6F, 0x75, 0x74, 0x69, 0x6E,
    0x65, 0x00, 0x02, 0x35, 0x36, 0x00, 0x0C, 0x00, 0x00, 0x00, 0x62, 0x6C,
    0x6F, 0x63, 0x6B, 0x5F, 0x73, 0x6C, 0x6F, 0x74, 0x73, 0x00, 0x02, 0x35,
    0x37, 0x00, 0x07, 0x00, 0x00, 0x00, 0x73, 0x63, 0x6F, 0x70, 0x65, 0x73,
    0x00, 0x02, 0x35, 0x38, 0x00, 0x0C, 0x00, 0x00, 0x00, 0x73, 0x63, 0x6F,
    0x70, 0x65, 0x5F, 0x73, 0x74, 0x61, 0x63, 0x6B, 0x00, 0x02, 0x35, 0x39,
    0x00, 0x09, 0x00, 0x00, 0x00, 0x74, 0x6F, 0x70, 0x5F, 0x62, 0x6F, 0x64,
    0x79, 0x00, 0x02, 0x36, 0x30, 0x00, 0x10, 0x00, 0x00, 0x00, 0x74, 0x6F,
    0x70, 0x5F, 0x62, 0x6F, 0x64, 0x79, 0x5F, 0x70, 0x75, 0x73, 0x68, 0x65,
    0x64, 0x00, 0x02, 0x36, 0x31, 0x00, 0x09, 0x00, 0x00, 0x00, 0x74, 0x6F,
    0x6C, 0x65, 0x72, 0x61, 0x6E, 0x74, 0x00, 0x02, 0x36, 0x32, 0x00, 0x0F,
    0x00, 0x00, 0x00, 0x64, 0x65, 0x63, 0x6C, 0x61, 0x72, 0x65, 0x5F, 0x67,
    0x6C, 0x6F, 0x62, 0x61, 0x6C, 0x00, 0x02, 0x36, 0x33, 0x00, 0x0E, 0x00,
    0x00, 0x00, 0x64, 0x65, 0x63, 0x6C, 0x61, 0x72, 0x65, 0x5F, 0x6C, 0x6F,
    0x63, 0x61, 0x6C, 0x00, 0x02, 0x36, 0x34, 0x00, 0x08, 0x00, 0x00, 0x00,
    0x64, 0x65, 0x63, 0x6C, 0x61, 0x72, 0x65, 0x00, 0x02, 0x36, 0x35, 0x00,
    0x16, 0x00, 0x00, 0x00, 0x64, 0x65, 0x63, 0x6C, 0x61, 0x72, 0x65, 0x5F,
    0x73, 0x68, 0x61, 0x64, 0x6F, 0x77, 0x5F, 0x67, 0x6C, 0x6F, 0x62, 0x61,
    0x6C, 0x00, 0x02, 0x36, 0x36, 0x00, 0x0E, 0x00, 0x00, 0x00, 0x72, 0x65,
    0x73, 0x65, 0x72, 0x76, 0x65, 0x5F, 0x6C, 0x6F, 0x63, 0x61, 0x6C, 0x00,
    0x02, 0x36, 0x37, 0x00, 0x0E, 0x00, 0x00, 0x00, 0x64, 0x65, 0x63, 0x6C,
    0x61, 0x72, 0x65, 0x5F, 0x62, 0x6C, 0x6F, 0x63, 0x6B, 0x00, 0x02, 0x36,
    0x38, 0x00, 0x0E, 0x00, 0x00, 0x00, 0x66, 0x72, 0x61, 0x6D, 0x65, 0x5F,
    0x73, 0x74, 0x6F, 0x72, 0x61, 0x67, 0x65, 0x00, 0x02, 0x36, 0x39, 0x00,
    0x16, 0x00, 0x00, 0x00, 0x61, 0x6C, 0x6C, 0x6F, 0x63, 0x61, 0x74, 0x65,
    0x5F, 0x62, 0x6C, 0x6F, 0x63, 0x6B, 0x5F, 0x73, 0x63, 0x6F, 0x70, 0x65,
    0x73, 0x00, 0x02, 0x37, 0x30, 0x00, 0x0B, 0x00, 0x00, 0x00, 0x70, 0x75,
    0x73, 0x68, 0x5F, 0x62, 0x6C, 0x6F, 0x63, 0x6B, 0x00, 0x02, 0x37, 0x31,
    0x00, 0x07, 0x00, 0x00, 0x00, 0x72, 0x65, 0x73, 0x69, 0x7A, 0x65, 0x00,
    0x02, 0x37, 0x32, 0x00, 0x0A, 0x00, 0x00, 0x00, 0x70, 0x6F, 0x70, 0x5F,
    0x62, 0x6C, 0x6F, 0x63, 0x6B, 0x00, 0x02, 0x37, 0x33, 0x00, 0x0E, 0x00,
    0x00, 0x00, 0x62, 0x6C, 0x6F, 0x63, 0x6B, 0x5F, 0x62, 0x69, 0x6E, 0x64,
    0x69, 0x6E, 0x67, 0x00, 0x02, 0x37, 0x34, 0x00, 0x07, 0x00, 0x00, 0x00,
    0x6C, 0x6F, 0x6F, 0x6B, 0x75, 0x70, 0x00, 0x02, 0x37, 0x35, 0x00, 0x0C,
    0x00, 0x00, 0x00, 0x69, 0x73, 0x5F, 0x6F, 0x77, 0x6E, 0x5F, 0x73, 0x6C,
    0x6F, 0x74, 0x00, 0x02, 0x37, 0x36, 0x00, 0x06, 0x00, 0x00, 0x00, 0x69,
    0x6D, 0x61, 0x67, 0x65, 0x00, 0x02, 0x37, 0x37, 0x00, 0x13, 0x00, 0x00,
    0x00, 0x63, 0x6C, 0x61, 0x73, 0x73, 0x5F, 0x73, 0x74, 0x61, 0x74, 0x69,
    0x63, 0x5F, 0x69, 0x6E, 0x64, 0x65, 0x78, 0x00, 0x02, 0x37, 0x38, 0x00,
    0x0B, 0x00, 0x00, 0x00, 0x69, 0x73, 0x5F, 0x62, 0x75, 0x69, 0x6C, 0x74,
    0x69, 0x6E, 0x00, 0x02, 0x37, 0x39, 0x00, 0x16, 0x00, 0x00, 0x00, 0x63,
    0x68, 0x61, 0x69, 0x6E, 0x5F, 0x72, 0x65, 0x61, 0x63, 0x68, 0x65, 0x73,
    0x5F, 0x6F, 0x75, 0x74, 0x73, 0x69, 0x64, 0x65, 0x00, 0x02, 0x38, 0x30,
    0x00, 0x08, 0x00, 0x00, 0x00, 0x73, 0x74, 0x6F, 0x72, 0x61, 0x67, 0x65,
    0x00, 0x02, 0x38, 0x31, 0x00, 0x0C, 0x00, 0x00, 0x00, 0x5F, 0x72, 0x61,
    0x69, 0x73, 0x65, 0x5F, 0x68, 0x69, 0x67, 0x68, 0x00, 0x02, 0x38, 0x32,
    0x00, 0x05, 0x00, 0x00, 0x00, 0x6D, 0x61, 0x72, 0x6B, 0x00, 0x02, 0x38,
    0x33, 0x00, 0x05, 0x00, 0x00, 0x00, 0x70, 0x75, 0x73, 0x68, 0x00, 0x02,
    0x38, 0x34, 0x00, 0x08, 0x00, 0x00, 0x00, 0x66, 0x72, 0x65, 0x65, 0x5F,
    0x74, 0x6F, 0x00, 0x02, 0x38, 0x35, 0x00, 0x0D, 0x00, 0x00, 0x00, 0x72,
    0x65, 0x73, 0x65, 0x72, 0x76, 0x65, 0x5F, 0x7A, 0x65, 0x72, 0x6F, 0x00,
    0x02, 0x38, 0x36, 0x00, 0x05, 0x00, 0x00, 0x00, 0x7A, 0x65, 0x72, 0x6F,
    0x00, 0x02, 0x38, 0x37, 0x00, 0x05, 0x00, 0x00, 0x00, 0x6D, 0x6F, 0x76,
    0x65, 0x00, 0x02, 0x38, 0x38, 0x00, 0x07, 0x00, 0x00, 0x00, 0x72, 0x65,
    0x74, 0x75, 0x72, 0x6E, 0x00, 0x02, 0x38, 0x39, 0x00, 0x0C, 0x00, 0x00,
    0x00, 0x65, 0x6D, 0x69, 0x74, 0x5F, 0x72, 0x65, 0x74, 0x75, 0x72, 0x6E,
    0x00, 0x02, 0x39, 0x30, 0x00, 0x0A, 0x00, 0x00, 0x00, 0x72, 0x65, 0x66,
    0x65, 0x72, 0x65, 0x6E, 0x63, 0x65, 0x00, 0x02, 0x39, 0x31, 0x00, 0x0A,
    0x00, 0x00, 0x00, 0x6E, 0x65, 0x77, 0x5F, 0x6C, 0x61, 0x62, 0x65, 0x6C,
    0x00, 0x02, 0x39, 0x32, 0x00, 0x0B, 0x00, 0x00, 0x00, 0x6D, 0x61, 0x72,
    0x6B, 0x5F, 0x6C, 0x61, 0x62, 0x65, 0x6C, 0x00, 0x02, 0x39, 0x33, 0x00,
    0x0D, 0x00, 0x00, 0x00, 0x70, 0x61, 0x74, 0x63, 0x68, 0x5F, 0x6C, 0x61,
    0x62, 0x65, 0x6C, 0x73, 0x00, 0x02, 0x39, 0x34, 0x00, 0x0B, 0x00, 0x00,
    0x00, 0x70, 0x61, 0x74, 0x63, 0x68, 0x5F, 0x73, 0x69, 0x74, 0x65, 0x00,
    0x02, 0x39, 0x35, 0x00, 0x0A, 0x00, 0x00, 0x00, 0x65, 0x6D, 0x69, 0x74,
    0x5F, 0x6A, 0x75, 0x6D, 0x70, 0x00, 0x02, 0x39, 0x36, 0x00, 0x0C, 0x00,
    0x00, 0x00, 0x73, 0x6F, 0x75, 0x72, 0x63, 0x65, 0x5F, 0x66, 0x69, 0x6C,
    0x65, 0x00, 0x02, 0x39, 0x37, 0x00, 0x0E, 0x00, 0x00, 0x00, 0x63, 0x6C,
    0x61, 0x73, 0x73, 0x5F, 0x73, 0x74, 0x61, 0x74, 0x69, 0x63, 0x73, 0x00,
    0x02, 0x39, 0x38, 0x00, 0x0B, 0x00, 0x00, 0x00, 0x73, 0x6C, 0x6F, 0x74,
    0x5F, 0x6E, 0x61, 0x6D, 0x65, 0x73, 0x00, 0x02, 0x39, 0x39, 0x00, 0x0D,
    0x00, 0x00, 0x00, 0x73, 0x75, 0x70, 0x65, 0x72, 0x63, 0x6C, 0x61, 0x73,
    0x73, 0x65, 0x73, 0x00, 0x02, 0x31, 0x30, 0x30, 0x00, 0x12, 0x00, 0x00,
    0x00, 0x73, 0x6C, 0x6F, 0x74, 0x5F, 0x6F, 0x70, 0x74, 0x69, 0x6D, 0x69,
    0x7A, 0x61, 0x74, 0x69, 0x6F, 0x6E, 0x00, 0x02, 0x31, 0x30, 0x31, 0x00,
    0x0F, 0x00, 0x00, 0x00, 0x73, 0x74, 0x61, 0x74, 0x69, 0x63, 0x5F, 0x69,
    0x6D, 0x70, 0x6F, 0x72, 0x74, 0x73, 0x00, 0x02, 0x31, 0x30, 0x32, 0x00,
    0x10, 0x00, 0x00, 0x00, 0x70, 0x65, 0x6E, 0x64, 0x69, 0x6E, 0x67, 0x5F,
    0x73, 0x74, 0x61, 0x74, 0x69, 0x63, 0x73, 0x00, 0x02, 0x31, 0x30, 0x33,
    0x00, 0x14, 0x00, 0x00, 0x00, 0x68, 0x61, 0x73, 0x5F, 0x77, 0x69, 0x6C,
    0x64, 0x63, 0x61, 0x72, 0x64, 0x5F, 0x69, 0x6D, 0x70, 0x6F, 0x72, 0x74,
    0x00, 0x02, 0x31, 0x30, 0x34, 0x00, 0x0B, 0x00, 0x00, 0x00, 0x65, 0x6D,
    0x69, 0x74, 0x5F, 0x64, 0x65, 0x62, 0x75, 0x67, 0x00, 0x02, 0x31, 0x30,
    0x35, 0x00, 0x0C, 0x00, 0x00, 0x00, 0x64, 0x65, 0x66, 0x69, 0x6E, 0x69,
    0x74, 0x69, 0x6F, 0x6E, 0x73, 0x00, 0x02, 0x31, 0x30, 0x36, 0x00, 0x11,
    0x00, 0x00, 0x00, 0x70, 0x72, 0x6F, 0x6D, 0x6F, 0x74, 0x65, 0x64, 0x5F,
    0x61, 0x72, 0x69, 0x74, 0x69, 0x65, 0x73, 0x00, 0x02, 0x31, 0x30, 0x37,
    0x00, 0x0F, 0x00, 0x00, 0x00, 0x73, 0x74, 0x75, 0x62, 0x5F, 0x75, 0x6E,
    0x6C, 0x6F, 0x77, 0x65, 0x72, 0x65, 0x64, 0x00, 0x02, 0x31, 0x30, 0x38,
    0x00, 0x09, 0x00, 0x00, 0x00, 0x69, 0x6E, 0x69, 0x74, 0x5F, 0x63, 0x74,
    0x78, 0x00, 0x02, 0x31, 0x30, 0x39, 0x00, 0x08, 0x00, 0x00, 0x00, 0x70,
    0x65, 0x6E, 0x64, 0x69, 0x6E, 0x67, 0x00, 0x02, 0x31, 0x31, 0x30, 0x00,
    0x11, 0x00, 0x00, 0x00, 0x73, 0x65, 0x73, 0x73, 0x69, 0x6F, 0x6E, 0x5F,
    0x64, 0x65, 0x63, 0x6C, 0x61, 0x72, 0x65, 0x64, 0x00, 0x02, 0x31, 0x31,
    0x31, 0x00, 0x10, 0x00, 0x00, 0x00, 0x73, 0x65, 0x73, 0x73, 0x69, 0x6F,
    0x6E, 0x5F, 0x70, 0x65, 0x6E, 0x64, 0x69, 0x6E, 0x67, 0x00, 0x02, 0x31,
    0x31, 0x32, 0x00, 0x0D, 0x00, 0x00, 0x00, 0x73, 0x65, 0x73, 0x73, 0x69,
    0x6F, 0x6E, 0x5F, 0x75, 0x6E, 0x64, 0x6F, 0x00, 0x02, 0x31, 0x31, 0x33,
    0x00, 0x0F, 0x00, 0x00, 0x00, 0x73, 0x65, 0x73, 0x73, 0x69, 0x6F, 0x6E,
    0x5F, 0x66, 0x69, 0x6C, 0x6C, 0x65, 0x64, 0x00, 0x02, 0x31, 0x31, 0x34,
    0x00, 0x18, 0x00, 0x00, 0x00, 0x5F, 0x64, 0x65, 0x63, 0x6C, 0x61, 0x72,
    0x65, 0x5F, 0x73, 0x65, 0x73, 0x73, 0x69, 0x6F, 0x6E, 0x5F, 0x67, 0x6C,
    0x6F, 0x62, 0x61, 0x6C, 0x00, 0x02, 0x31, 0x31, 0x35, 0x00, 0x07, 0x00,
    0x00, 0x00, 0x72, 0x65, 0x6D, 0x6F, 0x76, 0x65, 0x00, 0x02, 0x31, 0x31,
    0x36, 0x00, 0x17, 0x00, 0x00, 0x00, 0x64, 0x65, 0x63, 0x6C, 0x61, 0x72,
    0x65, 0x5F, 0x66, 0x6F, 0x72, 0x77, 0x61, 0x72, 0x64, 0x5F, 0x67, 0x6C,
    0x6F, 0x62, 0x61, 0x6C, 0x00, 0x02, 0x31, 0x31, 0x37, 0x00, 0x14, 0x00,
    0x00, 0x00, 0x64, 0x65, 0x63, 0x6C, 0x61, 0x72, 0x65, 0x5F, 0x66, 0x72,
    0x65, 0x65, 0x5F, 0x67, 0x6C, 0x6F, 0x62, 0x61, 0x6C, 0x00, 0x02, 0x31,
    0x31, 0x38, 0x00, 0x0A, 0x00, 0x00, 0x00, 0x6E, 0x61, 0x6D, 0x65, 0x5F,
    0x73, 0x6C, 0x6F, 0x74, 0x00, 0x02, 0x31, 0x31, 0x39, 0x00, 0x0F, 0x00,
    0x00, 0x00, 0x69, 0x73, 0x5F, 0x6C, 0x6F, 0x63, 0x61, 0x6C, 0x5F, 0x63,
    0x6C, 0x61, 0x73, 0x73, 0x00, 0x02, 0x31, 0x32, 0x30, 0x00, 0x0B, 0x00,
    0x00, 0x00, 0x73, 0x6C, 0x6F, 0x74, 0x5F, 0x69, 0x6E, 0x64, 0x65, 0x78,
    0x00, 0x02, 0x31, 0x32, 0x31, 0x00, 0x11, 0x00, 0x00, 0x00, 0x63, 0x6C,
    0x61, 0x73, 0x73, 0x5F, 0x73, 0x74, 0x61, 0x74, 0x69, 0x63, 0x5F, 0x6B,
    0x65, 0x79, 0x00, 0x02, 0x31, 0x32, 0x32, 0x00, 0x0D, 0x00, 0x00, 0x00,
    0x63, 0x6C, 0x61, 0x73, 0x73, 0x5F, 0x73, 0x74, 0x61, 0x74, 0x69, 0x63,
    0x00, 0x02, 0x31, 0x32, 0x33, 0x00, 0x09, 0x00, 0x00, 0x00, 0x62, 0x75,
    0x69, 0x6C, 0x74, 0x69, 0x6E, 0x73, 0x00, 0x02, 0x31, 0x32, 0x34, 0x00,
    0x0C, 0x00, 0x00, 0x00, 0x61, 0x64, 0x64, 0x5F, 0x70, 0x65, 0x6E, 0x64,
    0x69, 0x6E, 0x67, 0x00, 0x00,
};

static const uint8_t context_functions[] = {
    0x8B, 0x1D, 0x00, 0x00, 0x03, 0x30, 0x00, 0x87, 0x00, 0x00, 0x00, 0x02,
    0x6E, 0x00, 0x0E, 0x00, 0x00, 0x00, 0x70, 0x61, 0x63, 0x6B, 0x5F, 0x70,
    0x61, 0x69, 0x72, 0x61, 0x62, 0x6C, 0x65, 0x00, 0x04, 0x70, 0x00, 0x55,
    0x00, 0x00, 0x00, 0x03, 0x30, 0x00, 0x0F, 0x00, 0x00, 0x00, 0x02, 0x6E,
    0x00, 0x03, 0x00, 0x00, 0x00, 0x6F, 0x70, 0x00, 0x00, 0x03, 0x31, 0x00,
    0x1B, 0x00, 0x00, 0x00, 0x02, 0x6E, 0x00, 0x08, 0x00, 0x00, 0x00, 0x70,
    0x72, 0x69, 0x6D, 0x61, 0x72, 0x79, 0x00, 0x10, 0x64, 0x00, 0x59, 0x00,
    0x00, 0x00, 0x00, 0x03, 0x32, 0x00, 0x1D, 0x00, 0x00, 0x00, 0x02, 0x6E,
    0x00, 0x0A, 0x00, 0x00, 0x00, 0x73, 0x65, 0x63, 0x6F, 0x6E, 0x64, 0x61,
    0x72, 0x79, 0x00, 0x10, 0x64, 0x00, 0x59, 0x00, 0x00, 0x00, 0x00, 0x00,
    0x10, 0x6C, 0x00, 0x0D, 0x00, 0x00, 0x00, 0x10, 0x63, 0x00, 0x3F, 0x02,
    0x00, 0x00, 0x10, 0x66, 0x00, 0x00, 0x00, 0x00, 0x00, 0x00, 0x03, 0x31,
    0x00, 0x49, 0x00, 0x00, 0x00, 0x02, 0x6E, 0x00, 0x0B, 0x00, 0x00, 0x00,
    0x5F, 0x70, 0x6F, 0x6F, 0x6C, 0x5F, 0x6B, 0x69, 0x6E, 0x64, 0x00, 0x04,
    0x70, 0x00, 0x1A, 0x00, 0x00, 0x00, 0x03, 0x30, 0x00, 0x12, 0x00, 0x00,
    0x00, 0x02, 0x6E, 0x00, 0x06, 0x00, 0x00, 0x00, 0x76, 0x61, 0x6C, 0x75,
    0x65, 0x00, 0x00, 0x00, 0x10, 0x6C, 0x00, 0x02, 0x00, 0x00, 0x00, 0x10,
    0x63, 0x00, 0x3D, 0x03, 0x00, 0x00, 0x10, 0x66, 0x00, 0x00, 0x00, 0x00,
    0x00, 0x00, 0x03, 0x32, 0x00, 0x4A, 0x00, 0x00, 0x00, 0x02, 0x6E, 0x00,
    0x0C, 0x00, 0x00, 0x00, 0x5F, 0x73, 0x74, 0x61, 0x74, 0x69, 0x63, 0x5F,
    0x6B, 0x65, 0x79, 0x00, 0x04, 0x70, 0x00, 0x1A, 0x00, 0x00, 0x00, 0x03,
    0x30, 0x00, 0x12, 0x00, 0x00, 0x00, 0x02, 0x6E, 0x00, 0x06, 0x00, 0x00,
    0x00, 0x76, 0x61, 0x6C, 0x75, 0x65, 0x00, 0x00, 0x00, 0x10, 0x6C, 0x00,
    0x05, 0x00, 0x00, 0x00, 0x10, 0x63, 0x00, 0x69, 0x03, 0x00, 0x00, 0x10,
    0x66, 0x00, 0x00, 0x00, 0x00, 0x00, 0x00, 0x03, 0x33, 0x00, 0x7A, 0x00,
    0x00, 0x00, 0x02, 0x6E, 0x00, 0x11, 0x00, 0x00, 0x00, 0x6D, 0x61, 0x6B,
    0x65, 0x5F, 0x67, 0x6C, 0x6F, 0x62, 0x61, 0x6C, 0x5F, 0x73, 0x6C, 0x6F,
    0x74, 0x00, 0x04, 0x70, 0x00, 0x45, 0x00, 0x00, 0x00, 0x03, 0x30, 0x00,
    0x11, 0x00, 0x00, 0x00, 0x02, 0x6E, 0x00, 0x05, 0x00, 0x00, 0x00, 0x6E,
    0x61, 0x6D, 0x65, 0x00, 0x00, 0x03, 0x31, 0x00, 0x15, 0x00, 0x00, 0x00,
    0x02, 0x6E, 0x00, 0x09, 0x00, 0x00, 0x00, 0x65, 0x78, 0x70, 0x6F, 0x72,
    0x74, 0x65, 0x64, 0x00, 0x00, 0x03, 0x32, 0x00, 0x11, 0x00, 0x00, 0x00,
    0x02, 0x6E, 0x00, 0x05, 0x00, 0x00, 0x00, 0x66, 0x72, 0x65, 0x65, 0x00,
    0x00, 0x00, 0x10, 0x6C, 0x00, 0x0B, 0x00, 0x00, 0x00, 0x10, 0x63, 0x00,
    0x77, 0x03, 0x00, 0x00, 0x10, 0x66, 0x00, 0x00, 0x00, 0x00, 0x00, 0x00,
    0x03, 0x34, 0x00, 0x59, 0x00, 0x00, 0x00, 0x02, 0x6E, 0x00, 0x06, 0x00,
    0x00, 0x00, 0x69, 0x6E, 0x69, 0x74, 0x21, 0x00, 0x04, 0x70, 0x00, 0x20,
    0x00, 0x00, 0x00, 0x03, 0x30, 0x00, 0x18, 0x00, 0x00, 0x00, 0x02, 0x6E,
    0x00, 0x0C, 0x00, 0x00, 0x00, 0x6D, 0x6F, 0x64, 0x75, 0x6C, 0x65, 0x5F,
    0x6E, 0x61, 0x6D, 0x65, 0x00, 0x00, 0x00, 0x10, 0x6C, 0x00, 0x02, 0x00,
    0x00, 0x00, 0x10, 0x63, 0x00, 0x84, 0x03, 0x00, 0x00, 0x10, 0x66, 0x00,
    0x02, 0x00, 0x00, 0x00, 0x04, 0x74, 0x00, 0x0C, 0x00, 0x00, 0x00, 0x10,
    0x30, 0x00, 0x06, 0x00, 0x00, 0x00, 0x00, 0x00, 0x03, 0x35, 0x00, 0x73,
    0x00, 0x00, 0x00, 0x02, 0x6E, 0x00, 0x0D, 0x00, 0x00, 0x00, 0x5F, 0x6E,
    0x65, 0x78, 0x74, 0x5F, 0x69, 0x6E, 0x64, 0x65, 0x78, 0x21, 0x00, 0x04,
    0x70, 0x00, 0x33, 0x00, 0x00, 0x00, 0x03, 0x30, 0x00, 0x11, 0x00, 0x00,
    0x00, 0x02, 0x6E, 0x00, 0x05, 0x00, 0x00, 0x00, 0x70, 0x6F, 0x6F, 0x6C,
    0x00, 0x00, 0x03, 0x31, 0x00, 0x17, 0x00, 0x00, 0x00, 0x02, 0x6E, 0x00,
    0x0B, 0x00, 0x00, 0x00, 0x6C, 0x69, 0x6D, 0x69, 0x74, 0x5F, 0x6E, 0x61,
    0x6D, 0x65, 0x00, 0x00, 0x00, 0x10, 0x6C, 0x00, 0x07, 0x00, 0x00, 0x00,
    0x10, 0x63, 0x00, 0xC7, 0x03, 0x00, 0x00, 0x10, 0x66, 0x00, 0x02, 0x00,
    0x00, 0x00, 0x04, 0x74, 0x00, 0x0C, 0x00, 0x00, 0x00, 0x10, 0x30, 0x00,
    0x06, 0x00, 0x00, 0x00, 0x00, 0x00, 0x03, 0x36, 0x00, 0x59, 0x00, 0x00,
    0x00, 0x02, 0x6E, 0x00, 0x0C, 0x00, 0x00, 0x00, 0x61, 0x64, 0x64, 0x5F,
    0x73, 0x74, 0x61, 0x74, 0x69, 0x63, 0x21, 0x00, 0x04, 0x70, 0x00, 0x1A,
    0x00, 0x00, 0x00, 0x03, 0x30, 0x00, 0x12, 0x00, 0x00, 0x00, 0x02, 0x6E,
    0x00, 0x06, 0x00, 0x00, 0x00, 0x76, 0x61, 0x6C, 0x75, 0x65, 0x00, 0x00,
    0x00, 0x10, 0x6C, 0x00, 0x06, 0x00, 0x00, 0x00, 0x10, 0x63, 0x00, 0xE5,
    0x03, 0x00, 0x00, 0x10, 0x66, 0x00, 0x02, 0x00, 0x00, 0x00, 0x04, 0x74,
    0x00, 0x0C, 0x00, 0x00, 0x00, 0x10, 0x30, 0x00, 0x06, 0x00, 0x00, 0x00,
    0x00, 0x00, 0x03, 0x37, 0x00, 0x5D, 0x00, 0x00, 0x00, 0x02, 0x6E, 0x00,
    0x11, 0x00, 0x00, 0x00, 0x61, 0x64, 0x64, 0x5F, 0x66, 0x72, 0x65, 0x65,
    0x5F, 0x67, 0x6C, 0x6F, 0x62, 0x61, 0x6C, 0x21, 0x00, 0x04, 0x70, 0x00,
    0x19, 0x00, 0x00, 0x00, 0x03, 0x30, 0x00, 0x11, 0x00, 0x00, 0x00, 0x02,
    0x6E, 0x00, 0x05, 0x00, 0x00, 0x00, 0x6E, 0x61, 0x6D, 0x65, 0x00, 0x00,
    0x00, 0x10, 0x6C, 0x00, 0x07, 0x00, 0x00, 0x00, 0x10, 0x63, 0x00, 0x0D,
    0x04, 0x00, 0x00, 0x10, 0x66, 0x00, 0x02, 0x00, 0x00, 0x00, 0x04, 0x74,
    0x00, 0x0C, 0x00, 0x00, 0x00, 0x10, 0x30, 0x00, 0x06, 0x00, 0x00, 0x00,
    0x00, 0x00, 0x03, 0x38, 0x00, 0x5F, 0x00, 0x00, 0x00, 0x02, 0x6E, 0x00,
    0x13, 0x00, 0x00, 0x00, 0x61, 0x64, 0x64, 0x5F, 0x73, 0x68, 0x61, 0x64,
    0x6F, 0x77, 0x5F, 0x67, 0x6C, 0x6F, 0x62, 0x61, 0x6C, 0x21, 0x00, 0x04,
    0x70, 0x00, 0x19, 0x00, 0x00, 0x00, 0x03, 0x30, 0x00, 0x11, 0x00, 0x00,
    0x00, 0x02, 0x6E, 0x00, 0x05, 0x00, 0x00, 0x00, 0x6E, 0x61, 0x6D, 0x65,
    0x00, 0x00, 0x00, 0x10, 0x6C, 0x00, 0x06, 0x00, 0x00, 0x00, 0x10, 0x63,
    0x00, 0x35, 0x04, 0x00, 0x00, 0x10, 0x66, 0x00, 0x02, 0x00, 0x00, 0x00,
    0x04, 0x74, 0x00, 0x0C, 0x00, 0x00, 0x00, 0x10, 0x30, 0x00, 0x06, 0x00,
    0x00, 0x00, 0x00, 0x00, 0x03, 0x39, 0x00, 0x58, 0x00, 0x00, 0x00, 0x02,
    0x6E, 0x00, 0x0C, 0x00, 0x00, 0x00, 0x61, 0x64, 0x64, 0x5F, 0x73, 0x79,
    0x6D, 0x62, 0x6F, 0x6C, 0x21, 0x00, 0x04, 0x70, 0x00, 0x19, 0x00, 0x00,
    0x00, 0x03, 0x30, 0x00, 0x11, 0x00, 0x00, 0x00, 0x02, 0x6E, 0x00, 0x05,
    0x00, 0x00, 0x00, 0x6E, 0x61, 0x6D, 0x65, 0x00, 0x00, 0x00, 0x10, 0x6C,
    0x00, 0x05, 0x00, 0x00, 0x00, 0x10, 0x63, 0x00, 0x4C, 0x04, 0x00, 0x00,
    0x10, 0x66, 0x00, 0x02, 0x00, 0x00, 0x00, 0x04, 0x74, 0x00, 0x0C, 0x00,
    0x00, 0x00, 0x10, 0x30, 0x00, 0x06, 0x00, 0x00, 0x00, 0x00, 0x00, 0x03,
    0x31, 0x30, 0x00, 0x59, 0x00, 0x00, 0x00, 0x02, 0x6E, 0x00, 0x0D, 0x00,
    0x00, 0x00, 0x61, 0x64, 0x64, 0x5F, 0x6D, 0x65, 0x73, 0x73, 0x61, 0x67,
    0x65, 0x21, 0x00, 0x04, 0x70, 0x00, 0x19, 0x00, 0x00, 0x00, 0x03, 0x30,
    0x00, 0x11, 0x00, 0x00, 0x00, 0x02, 0x6E, 0x00, 0x05, 0x00, 0x00, 0x00,
    0x70, 0x61, 0x74, 0x68, 0x00, 0x00, 0x00, 0x10, 0x6C, 0x00, 0x0E, 0x00,
    0x00, 0x00, 0x10, 0x63, 0x00, 0x6F, 0x04, 0x00, 0x00, 0x10, 0x66, 0x00,
    0x02, 0x00, 0x00, 0x00, 0x04, 0x74, 0x00, 0x0C, 0x00, 0x00, 0x00, 0x10,
    0x30, 0x00, 0x06, 0x00, 0x00, 0x00, 0x00, 0x00, 0x03, 0x31, 0x31, 0x00,
    0x58, 0x00, 0x00, 0x00, 0x02, 0x6E, 0x00, 0x0C, 0x00, 0x00, 0x00, 0x61,
    0x64, 0x64, 0x5F, 0x67, 0x6C, 0x6F, 0x62, 0x61, 0x6C, 0x21, 0x00, 0x04,
    0x70, 0x00, 0x19, 0x00, 0x00, 0x00, 0x03, 0x30, 0x00, 0x11, 0x00, 0x00,
    0x00, 0x02, 0x6E, 0x00, 0x05, 0x00, 0x00, 0x00, 0x6E, 0x61, 0x6D, 0x65,
    0x00, 0x00, 0x00, 0x10, 0x6C, 0x00, 0x07, 0x00, 0x00, 0x00, 0x10, 0x63,
    0x00, 0xC5, 0x04, 0x00, 0x00, 0x10, 0x66, 0x00, 0x02, 0x00, 0x00, 0x00,
    0x04, 0x74, 0x00, 0x0C, 0x00, 0x00, 0x00, 0x10, 0x30, 0x00, 0x06, 0x00,
    0x00, 0x00, 0x00, 0x00, 0x03, 0x31, 0x32, 0x00, 0x77, 0x00, 0x00, 0x00,
    0x02, 0x6E, 0x00, 0x14, 0x00, 0x00, 0x00, 0x61, 0x64, 0x64, 0x5F, 0x67,
    0x6C, 0x6F, 0x62, 0x61, 0x6C, 0x5F, 0x64, 0x65, 0x66, 0x61, 0x75, 0x6C,
    0x74, 0x21, 0x00, 0x04, 0x70, 0x00, 0x30, 0x00, 0x00, 0x00, 0x03, 0x30,
    0x00, 0x11, 0x00, 0x00, 0x00, 0x02, 0x6E, 0x00, 0x05, 0x00, 0x00, 0x00,
    0x6E, 0x61, 0x6D, 0x65, 0x00, 0x00, 0x03, 0x31, 0x00, 0x14, 0x00, 0x00,
    0x00, 0x02, 0x6E, 0x00, 0x08, 0x00, 0x00, 0x00, 0x64, 0x65, 0x66, 0x61,
    0x75, 0x6C, 0x74, 0x00, 0x00, 0x00, 0x10, 0x6C, 0x00, 0x04, 0x00, 0x00,
    0x00, 0x10, 0x63, 0x00, 0xED, 0x04, 0x00, 0x00, 0x10, 0x66, 0x00, 0x02,
    0x00, 0x00, 0x00, 0x04, 0x74, 0x00, 0x0C, 0x00, 0x00, 0x00, 0x10, 0x30,
    0x00, 0x06, 0x00, 0x00, 0x00, 0x00, 0x00, 0x03, 0x31, 0x33, 0x00, 0x5A,
    0x00, 0x00, 0x00, 0x02, 0x6E, 0x00, 0x0E, 0x00, 0x00, 0x00, 0x67, 0x6C,
    0x6F, 0x62, 0x61, 0x6C, 0x5F, 0x69, 0x6E, 0x64, 0x65, 0x78, 0x21, 0x00,
    0x04, 0x70, 0x00, 0x19, 0x00, 0x00, 0x00, 0x03, 0x30, 0x00, 0x11, 0x00,
    0x00, 0x00, 0x02, 0x6E, 0x00, 0x05, 0x00, 0x00, 0x00, 0x6E, 0x61, 0x6D,
    0x65, 0x00, 0x00, 0x00, 0x10, 0x6C, 0x00, 0x06, 0x00, 0x00, 0x00, 0x10,
    0x63, 0x00, 0x04, 0x05, 0x00, 0x00, 0x10, 0x66, 0x00, 0x02, 0x00, 0x00,
    0x00, 0x04, 0x74, 0x00, 0x0C, 0x00, 0x00, 0x00, 0x10, 0x30, 0x00, 0x06,
    0x00, 0x00, 0x00, 0x00, 0x00, 0x03, 0x31, 0x34, 0x00, 0x4C, 0x01, 0x00,
    0x00, 0x02, 0x6E, 0x00, 0x0E, 0x00, 0x00, 0x00, 0x61, 0x64, 0x64, 0x5F,
    0x66, 0x75, 0x6E, 0x63, 0x74, 0x69, 0x6F, 0x6E, 0x21, 0x00, 0x04, 0x70,
    0x00, 0x0B, 0x01, 0x00, 0x00, 0x03, 0x30, 0x00, 0x11, 0x00, 0x00, 0x00,
    0x02, 0x6E, 0x00, 0x05, 0x00, 0x00, 0x00, 0x6E, 0x61, 0x6D, 0x65, 0x00,
    0x00, 0x03, 0x31, 0x00, 0x1A, 0x00, 0x00, 0x00, 0x02, 0x6E, 0x00, 0x07,
    0x00, 0x00, 0x00, 0x70, 0x61, 0x72, 0x61, 0x6D, 0x73, 0x00, 0x10, 0x64,
    0x00, 0x7B, 0x00, 0x00, 0x00, 0x00, 0x03, 0x32, 0x00, 0x1B, 0x00, 0x00,
    0x00, 0x02, 0x6E, 0x00, 0x08, 0x00, 0x00, 0x00, 0x6E, 0x6C, 0x6F, 0x63,
    0x61, 0x6C, 0x73, 0x00, 0x10, 0x64, 0x00, 0x59, 0x00, 0x00, 0x00, 0x00,
    0x03, 0x33, 0x00, 0x1F, 0x00, 0x00, 0x00, 0x02, 0x6E, 0x00, 0x0C, 0x00,
    0x00, 0x00, 0x63, 0x6F, 0x64, 0x65, 0x5F, 0x6F, 0x66, 0x66, 0x73, 0x65,
    0x74, 0x00, 0x10, 0x64, 0x00, 0x59, 0x00, 0x00, 0x00, 0x00, 0x03, 0x34,
    0x00, 0x19, 0x00, 0x00, 0x00, 0x02, 0x6E, 0x00, 0x06, 0x00, 0x00, 0x00,
    0x66, 0x6C, 0x61, 0x67, 0x73, 0x00, 0x10, 0x64, 0x00, 0x59, 0x00, 0x00,
    0x00, 0x00, 0x03, 0x35, 0x00, 0x1C, 0x00, 0x00, 0x00, 0x02, 0x6E, 0x00,
    0x09, 0x00, 0x00, 0x00, 0x64, 0x69, 0x73, 0x70, 0x61, 0x74, 0x63, 0x68,
    0x00, 0x10, 0x64, 0x00, 0x7B, 0x00, 0x00, 0x00, 0x00, 0x03, 0x36, 0x00,
    0x1D, 0x00, 0x00, 0x00, 0x02, 0x6E, 0x00, 0x0A, 0x00, 0x00, 0x00, 0x6E,
    0x63, 0x61, 0x70, 0x74, 0x75, 0x72, 0x65, 0x73, 0x00, 0x10, 0x64, 0x00,
    0x59, 0x00, 0x00, 0x00, 0x00, 0x03, 0x37, 0x00, 0x1C, 0x00, 0x00, 0x00,
    0x02, 0x6E, 0x00, 0x09, 0x00, 0x00, 0x00, 0x6E, 0x72, 0x65, 0x73, 0x75,
    0x6C, 0x74, 0x73, 0x00, 0x10, 0x64, 0x00, 0x7C, 0x00, 0x00, 0x00, 0x00,
    0x03, 0x38, 0x00, 0x18, 0x00, 0x00, 0x00, 0x02, 0x6E, 0x00, 0x05, 0x00,
    0x00, 0x00, 0x75, 0x73, 0x65, 0x73, 0x00, 0x10, 0x64, 0x00, 0x7B, 0x00,
    0x00, 0x00, 0x00, 0x00, 0x10, 0x6C, 0x00, 0x08, 0x00, 0x00, 0x00, 0x10,
    0x63, 0x00, 0x1A, 0x05, 0x00, 0x00, 0x10, 0x66, 0x00, 0x02, 0x00, 0x00,
    0x00, 0x04, 0x74, 0x00, 0x0C, 0x00, 0x00, 0x00, 0x10, 0x30, 0x00, 0x06,
    0x00, 0x00, 0x00, 0x00, 0x00, 0x03, 0x31, 0x35, 0x00, 0xF3, 0x00, 0x00,
    0x00, 0x02, 0x6E, 0x00, 0x0B, 0x00, 0x00, 0x00, 0x61, 0x64, 0x64, 0x5F,
    0x63, 0x6C, 0x61, 0x73, 0x73, 0x21, 0x00, 0x04, 0x70, 0x00, 0xB5, 0x00,
    0x00, 0x00, 0x03, 0x30, 0x00, 0x11, 0x00, 0x00, 0x00, 0x02, 0x6E, 0x00,
    0x05, 0x00, 0x00, 0x00, 0x6E, 0x61, 0x6D, 0x65, 0x00, 0x00, 0x03, 0x31,
    0x00, 0x1E, 0x00, 0x00, 0x00, 0x02, 0x6E, 0x00, 0x0B, 0x00, 0x00, 0x00,
    0x73, 0x75, 0x70, 0x65, 0x72, 0x63, 0x6C, 0x61, 0x73, 0x73, 0x00, 0x10,
    0x64, 0x00, 0x7B, 0x00, 0x00, 0x00, 0x00, 0x03, 0x32, 0x00, 0x19, 0x00,
    0x00, 0x00, 0x02, 0x6E, 0x00, 0x06, 0x00, 0x00, 0x00, 0x73, 0x6C, 0x6F,
    0x74, 0x73, 0x00, 0x10, 0x64, 0x00, 0x7B, 0x00, 0x00, 0x00, 0x00, 0x03,
    0x33, 0x00, 0x1F, 0x00, 0x00, 0x00, 0x02, 0x6E, 0x00, 0x0C, 0x00, 0x00,
    0x00, 0x69, 0x6E, 0x69, 0x74, 0x69, 0x61, 0x6C, 0x69, 0x7A, 0x65, 0x72,
    0x00, 0x10, 0x64, 0x00, 0x7B, 0x00, 0x00, 0x00, 0x00, 0x03, 0x34, 0x00,
    0x1C, 0x00, 0x00, 0x00, 0x02, 0x6E, 0x00, 0x09, 0x00, 0x00, 0x00, 0x6D,
    0x65, 0x73, 0x73, 0x61, 0x67, 0x65, 0x73, 0x00, 0x10, 0x64, 0x00, 0x7B,
    0x00, 0x00, 0x00, 0x00, 0x03, 0x35, 0x00, 0x1B, 0x00, 0x00, 0x00, 0x02,
    0x6E, 0x00, 0x08, 0x00, 0x00, 0x00, 0x73, 0x74, 0x61, 0x74, 0x69, 0x63,
    0x73, 0x00, 0x10, 0x64, 0x00, 0x7B, 0x00, 0x00, 0x00, 0x00, 0x00, 0x10,
    0x6C, 0x00, 0x0C, 0x00, 0x00, 0x00, 0x10, 0x63, 0x00, 0x57, 0x05, 0x00,
    0x00, 0x10, 0x66, 0x00, 0x02, 0x00, 0x00, 0x00, 0x04, 0x74, 0x00, 0x0C,
    0x00, 0x00, 0x00, 0x10, 0x30, 0x00, 0x06, 0x00, 0x00, 0x00, 0x00, 0x00,
    0x03, 0x31, 0x36, 0x00, 0x3E, 0x00, 0x00, 0x00, 0x02, 0x6E, 0x00, 0x06,
    0x00, 0x00, 0x00, 0x68, 0x65, 0x72, 0x65, 0x21, 0x00, 0x04, 0x70, 0x00,
    0x05, 0x00, 0x00, 0x00, 0x00, 0x10, 0x6C, 0x00, 0x02, 0x00, 0x00, 0x00,
    0x10, 0x63, 0x00, 0xA8, 0x05, 0x00, 0x00, 0x10, 0x66, 0x00, 0x02, 0x00,
    0x00, 0x00, 0x04, 0x74, 0x00, 0x0C, 0x00, 0x00, 0x00, 0x10, 0x30, 0x00,
    0x06, 0x00, 0x00, 0x00, 0x00, 0x00, 0x03, 0x31, 0x37, 0x00, 0x59, 0x00,
    0x00, 0x00, 0x02, 0x6E, 0x00, 0x0C, 0x00, 0x00, 0x00, 0x65, 0x6D, 0x69,
    0x74, 0x5F, 0x77, 0x6F, 0x72, 0x64, 0x73, 0x21, 0x00, 0x04, 0x70, 0x00,
    0x1A, 0x00, 0x00, 0x00, 0x03, 0x30, 0x00, 0x12, 0x00, 0x00, 0x00, 0x02,
    0x6E, 0x00, 0x06, 0x00, 0x00, 0x00, 0x77, 0x6F, 0x72, 0x64, 0x73, 0x00,
    0x00, 0x00, 0x10, 0x6C, 0x00, 0x09, 0x00, 0x00, 0x00, 0x10, 0x63, 0x00,
    0xAE, 0x05, 0x00, 0x00, 0x10, 0x66, 0x00, 0x02, 0x00, 0x00, 0x00, 0x04,
    0x74, 0x00, 0x0C, 0x00, 0x00, 0x00, 0x10, 0x30, 0x00, 0x06, 0x00, 0x00,
    0x00, 0x00, 0x00, 0x03, 0x31, 0x38, 0x00, 0x69, 0x00, 0x00, 0x00, 0x02,
    0x6E, 0x00, 0x0E, 0x00, 0x00, 0x00, 0x6D, 0x61, 0x6B, 0x65, 0x5F, 0x66,
    0x6E, 0x5F, 0x70, 0x61, 0x72, 0x61, 0x6D, 0x00, 0x04, 0x70, 0x00, 0x37,
    0x00, 0x00, 0x00, 0x03, 0x30, 0x00, 0x11, 0x00, 0x00, 0x00, 0x02, 0x6E,
    0x00, 0x05, 0x00, 0x00, 0x00, 0x6E, 0x61, 0x6D, 0x65, 0x00, 0x00, 0x03,
    0x31, 0x00, 0x1B, 0x00, 0x00, 0x00, 0x02, 0x6E, 0x00, 0x08, 0x00, 0x00,
    0x00, 0x64, 0x65, 0x66, 0x61, 0x75, 0x6C, 0x74, 0x00, 0x10, 0x64, 0x00,
    0x7B, 0x00, 0x00, 0x00, 0x00, 0x00, 0x10, 0x6C, 0x00, 0x05, 0x00, 0x00,
    0x00, 0x10, 0x63, 0x00, 0xD6, 0x05, 0x00, 0x00, 0x10, 0x66, 0x00, 0x00,
    0x00, 0x00, 0x00, 0x00, 0x03, 0x31, 0x39, 0x00, 0xAB, 0x00, 0x00, 0x00,
    0x02, 0x6E, 0x00, 0x10, 0x00, 0x00, 0x00, 0x6D, 0x61, 0x6B, 0x65, 0x5F,
    0x63, 0x6C, 0x61, 0x73, 0x73, 0x5F, 0x73, 0x6C, 0x6F, 0x74, 0x00, 0x04,
    0x70, 0x00, 0x77, 0x00, 0x00, 0x00, 0x03, 0x30, 0x00, 0x11, 0x00, 0x00,
    0x00, 0x02, 0x6E, 0x00, 0x05, 0x00, 0x00, 0x00, 0x6E, 0x61, 0x6D, 0x65,
    0x00, 0x00, 0x03, 0x31, 0x00, 0x1B, 0x00, 0x00, 0x00, 0x02, 0x6E, 0x00,
    0x08, 0x00, 0x00, 0x00, 0x64, 0x65, 0x66, 0x61, 0x75, 0x6C, 0x74, 0x00,
    0x10, 0x64, 0x00, 0x7B, 0x00, 0x00, 0x00, 0x00, 0x03, 0x32, 0x00, 0x1D,
    0x00, 0x00, 0x00, 0x02, 0x6E, 0x00, 0x0A, 0x00, 0x00, 0x00, 0x67, 0x65,
    0x74, 0x74, 0x65, 0x72, 0x5F, 0x66, 0x6E, 0x00, 0x10, 0x64, 0x00, 0x7B,
    0x00, 0x00, 0x00, 0x00, 0x03, 0x33, 0x00, 0x1D, 0x00, 0x00, 0x00, 0x02,
    0x6E, 0x00, 0x0A, 0x00, 0x00, 0x00, 0x73, 0x65, 0x74, 0x74, 0x65, 0x72,
    0x5F, 0x66, 0x6E, 0x00, 0x10, 0x64, 0x00, 0x7B, 0x00, 0x00, 0x00, 0x00,
    0x00, 0x10, 0x6C, 0x00, 0x09, 0x00, 0x00, 0x00, 0x10, 0x63, 0x00, 0xDD,
    0x05, 0x00, 0x00, 0x10, 0x66, 0x00, 0x00, 0x00, 0x00, 0x00, 0x00, 0x03,
    0x32, 0x30, 0x00, 0x48, 0x00, 0x00, 0x00, 0x02, 0x6E, 0x00, 0x0A, 0x00,
    0x00, 0x00, 0x5F, 0x6F, 0x72, 0x5F, 0x65, 0x6D, 0x70, 0x74, 0x79, 0x00,
    0x04, 0x70, 0x00, 0x1A, 0x00, 0x00, 0x00, 0x03, 0x30, 0x00, 0x12, 0x00,
    0x00, 0x00, 0x02, 0x6E, 0x00, 0x06, 0x00, 0x00, 0x00, 0x76, 0x61, 0x6C,
    0x75, 0x65, 0x00, 0x00, 0x00, 0x10, 0x6C, 0x00, 0x02, 0x00, 0x00, 0x00,
    0x10, 0x63, 0x00, 0xE8, 0x05, 0x00, 0x00, 0x10, 0x66, 0x00, 0x00, 0x00,
    0x00, 0x00, 0x00, 0x03, 0x32, 0x31, 0x00, 0x5D, 0x00, 0x00, 0x00, 0x02,
    0x6E, 0x00, 0x0B, 0x00, 0x00, 0x00, 0x5F, 0x70, 0x61, 0x74, 0x68, 0x5F,
    0x63, 0x68, 0x61, 0x72, 0x00, 0x04, 0x70, 0x00, 0x2E, 0x00, 0x00, 0x00,
    0x03, 0x30, 0x00, 0x11, 0x00, 0x00, 0x00, 0x02, 0x6E, 0x00, 0x05, 0x00,
    0x00, 0x00, 0x74, 0x65, 0x78, 0x74, 0x00, 0x00, 0x03, 0x31, 0x00, 0x12,
    0x00, 0x00, 0x00, 0x02, 0x6E, 0x00, 0x06, 0x00, 0x00, 0x00, 0x69, 0x6E,
    0x64, 0x65, 0x78, 0x00, 0x00, 0x00, 0x10, 0x6C, 0x00, 0x03, 0x00, 0x00,
    0x00, 0x10, 0x63, 0x00, 0xF1, 0x05, 0x00, 0x00, 0x10, 0x66, 0x00, 0x00,
    0x00, 0x00, 0x00, 0x00, 0x03, 0x32, 0x32, 0x00, 0x49, 0x00, 0x00, 0x00,
    0x02, 0x6E, 0x00, 0x0C, 0x00, 0x00, 0x00, 0x5F, 0x70, 0x61, 0x74, 0x68,
    0x5F, 0x70, 0x61, 0x72, 0x74, 0x73, 0x00, 0x04, 0x70, 0x00, 0x19, 0x00,
    0x00, 0x00, 0x03, 0x30, 0x00, 0x11, 0x00, 0x00, 0x00, 0x02, 0x6E, 0x00,
    0x05, 0x00, 0x00, 0x00, 0x70, 0x61, 0x74, 0x68, 0x00, 0x00, 0x00, 0x10,
    0x6C, 0x00, 0x0C, 0x00, 0x00, 0x00, 0x10, 0x63, 0x00, 0xF7, 0x05, 0x00,
    0x00, 0x10, 0x66, 0x00, 0x00, 0x00, 0x00, 0x00, 0x00, 0x03, 0x32, 0x33,
    0x00, 0x4A, 0x00, 0x00, 0x00, 0x02, 0x6E, 0x00, 0x0C, 0x00, 0x00, 0x00,
    0x5F, 0x6A, 0x6F, 0x69, 0x6E, 0x5F, 0x70, 0x61, 0x72, 0x74, 0x73, 0x00,
    0x04, 0x70, 0x00, 0x1A, 0x00, 0x00, 0x00, 0x03, 0x30, 0x00, 0x12, 0x00,
    0x00, 0x00, 0x02, 0x6E, 0x00, 0x06, 0x00, 0x00, 0x00, 0x70, 0x61, 0x72,
    0x74, 0x73, 0x00, 0x00, 0x00, 0x10, 0x6C, 0x00, 0x05, 0x00, 0x00, 0x00,
    0x10, 0x63, 0x00, 0x6D, 0x06, 0x00, 0x00, 0x10, 0x66, 0x00, 0x00, 0x00,
    0x00, 0x00, 0x00, 0x03, 0x32, 0x34, 0x00, 0x3E, 0x00, 0x00, 0x00, 0x02,
    0x6E, 0x00, 0x06, 0x00, 0x00, 0x00, 0x69, 0x6E, 0x69, 0x74, 0x21, 0x00,
    0x04, 0x70, 0x00, 0x05, 0x00, 0x00, 0x00, 0x00, 0x10, 0x6C, 0x00, 0x02,
    0x00, 0x00, 0x00, 0x10, 0x63, 0x00, 0x7D, 0x06, 0x00, 0x00, 0x10, 0x66,
    0x00, 0x02, 0x00, 0x00, 0x00, 0x04, 0x74, 0x00, 0x0C, 0x00, 0x00, 0x00,
    0x10, 0x30, 0x00, 0x0D, 0x00, 0x00, 0x00, 0x00, 0x00, 0x03, 0x32, 0x35,
    0x00, 0x0B, 0x01, 0x00, 0x00, 0x02, 0x6E, 0x00, 0x06, 0x00, 0x00, 0x00,
    0x69, 0x6E, 0x69, 0x74, 0x21, 0x00, 0x04, 0x70, 0x00, 0xD2, 0x00, 0x00,
    0x00, 0x03, 0x30, 0x00, 0x13, 0x00, 0x00, 0x00, 0x02, 0x6E, 0x00, 0x07,
    0x00, 0x00, 0x00, 0x6D, 0x6F, 0x64, 0x75, 0x6C, 0x65, 0x00, 0x00, 0x03,
    0x31, 0x00, 0x11, 0x00, 0x00, 0x00, 0x02, 0x6E, 0x00, 0x05, 0x00, 0x00,
    0x00, 0x6E, 0x61, 0x6D, 0x65, 0x00, 0x00, 0x03, 0x32, 0x00, 0x1A, 0x00,
    0x00, 0x00, 0x02, 0x6E, 0x00, 0x07, 0x00, 0x00, 0x00, 0x70, 0x61, 0x72,
    0x61, 0x6D, 0x73, 0x00, 0x10, 0x64, 0x00, 0x7B, 0x00, 0x00, 0x00, 0x00,
    0x03, 0x33, 0x00, 0x1C, 0x00, 0x00, 0x00, 0x02, 0x6E, 0x00, 0x09, 0x00,
    0x00, 0x00, 0x63, 0x61, 0x70, 0x74, 0x75, 0x72, 0x65, 0x73, 0x00, 0x10,
    0x64, 0x00, 0x7B, 0x00, 0x00, 0x00, 0x00, 0x03, 0x34, 0x00, 0x1E, 0x00,
    0x00, 0x00, 0x02, 0x6E, 0x00, 0x0B, 0x00, 0x00, 0x00, 0x74, 0x68, 0x69,
    0x73, 0x5F, 0x63, 0x6F, 0x75, 0x6E, 0x74, 0x00, 0x10, 0x64, 0x00, 0x59,
    0x00, 0x00, 0x00, 0x00, 0x03, 0x35, 0x00, 0x22, 0x00, 0x00, 0x00, 0x02,
    0x6E, 0x00, 0x0F, 0x00, 0x00, 0x00, 0x69, 0x73, 0x5F, 0x6D, 0x6F, 0x64,
    0x75, 0x6C, 0x65, 0x5F, 0x69, 0x6E, 0x69, 0x74, 0x00, 0x10, 0x64, 0x00,
    0x96, 0x00, 0x00, 0x00, 0x00, 0x03, 0x36, 0x00, 0x1E, 0x00, 0x00, 0x00,
    0x02, 0x6E, 0x00, 0x0B, 0x00, 0x00, 0x00, 0x74, 0x68, 0x69, 0x73, 0x5F,
    0x63, 0x6C, 0x61, 0x73, 0x73, 0x00, 0x10, 0x64, 0x00, 0x7B, 0x00, 0x00,
    0x00, 0x00, 0x00, 0x10, 0x6C, 0x00, 0x0D, 0x00, 0x00, 0x00, 0x10, 0x63,
    0x00, 0x86, 0x06, 0x00, 0x00, 0x10, 0x66, 0x00, 0x02, 0x00, 0x00, 0x00,
    0x04, 0x74, 0x00, 0x0C, 0x00, 0x00, 0x00, 0x10, 0x30, 0x00, 0x0E, 0x00,
    0x00, 0x00, 0x00, 0x00, 0x03, 0x32, 0x36, 0x00, 0x55, 0x00, 0x00, 0x00,
    0x02, 0x6E, 0x00, 0x09, 0x00, 0x00, 0x00, 0x64, 0x65, 0x63, 0x6C, 0x61,
    0x72, 0x65, 0x21, 0x00, 0x04, 0x70, 0x00, 0x19, 0x00, 0x00, 0x00, 0x03,
    0x30, 0x00, 0x11, 0x00, 0x00, 0x00, 0x02, 0x6E, 0x00, 0x05, 0x00, 0x00,
    0x00, 0x6E, 0x61, 0x6D, 0x65, 0x00, 0x00, 0x00, 0x10, 0x6C, 0x00, 0x02,
    0x00, 0x00, 0x00, 0x10, 0x63, 0x00, 0x32, 0x07, 0x00, 0x00, 0x10, 0x66,
    0x00, 0x02, 0x00, 0x00, 0x00, 0x04, 0x74, 0x00, 0x0C, 0x00, 0x00, 0x00,
    0x10, 0x30, 0x00, 0x0E, 0x00, 0x00, 0x00, 0x00, 0x00, 0x03, 0x32, 0x37,
    0x00, 0x5B, 0x00, 0x00, 0x00, 0x02, 0x6E, 0x00, 0x0F, 0x00, 0x00, 0x00,
    0x64, 0x65, 0x63, 0x6C, 0x61, 0x72, 0x65, 0x5F, 0x62, 0x6C, 0x6F, 0x63,
    0x6B, 0x21, 0x00, 0x04, 0x70, 0x00, 0x19, 0x00, 0x00, 0x00, 0x03, 0x30,
    0x00, 0x11, 0x00, 0x00, 0x00, 0x02, 0x6E, 0x00, 0x05, 0x00, 0x00, 0x00,
    0x6E, 0x61, 0x6D, 0x65, 0x00, 0x00, 0x00, 0x10, 0x6C, 0x00, 0x05, 0x00,
    0x00, 0x00, 0x10, 0x63, 0x00, 0x40, 0x07, 0x00, 0x00, 0x10, 0x66, 0x00,
    0x02, 0x00, 0x00, 0x00, 0x04, 0x74, 0x00, 0x0C, 0x00, 0x00, 0x00, 0x10,
    0x30, 0x00, 0x0E, 0x00, 0x00, 0x00, 0x00, 0x00, 0x03, 0x32, 0x38, 0x00,
    0x5B, 0x00, 0x00, 0x00, 0x02, 0x6E, 0x00, 0x0F, 0x00, 0x00, 0x00, 0x66,
    0x72, 0x61, 0x6D, 0x65, 0x5F, 0x73, 0x74, 0x6F, 0x72, 0x61, 0x67, 0x65,
    0x21, 0x00, 0x04, 0x70, 0x00, 0x19, 0x00, 0x00, 0x00, 0x03, 0x30, 0x00,
    0x11, 0x00, 0x00, 0x00, 0x02, 0x6E, 0x00, 0x05, 0x00, 0x00, 0x00, 0x6E,
    0x61, 0x6D, 0x65, 0x00, 0x00, 0x00, 0x10, 0x6C, 0x00, 0x05, 0x00, 0x00,
    0x00, 0x10, 0x63, 0x00, 0x65, 0x07, 0x00, 0x00, 0x10, 0x66, 0x00, 0x02,
    0x00, 0x00, 0x00, 0x04, 0x74, 0x00, 0x0C, 0x00, 0x00, 0x00, 0x10, 0x30,
    0x00, 0x0E, 0x00, 0x00, 0x00, 0x00, 0x00, 0x03, 0x32, 0x39, 0x00, 0x81,
    0x00, 0x00, 0x00, 0x02, 0x6E, 0x00, 0x17, 0x00, 0x00, 0x00, 0x61, 0x6C,
    0x6C, 0x6F, 0x63, 0x61, 0x74, 0x65, 0x5F, 0x62, 0x6C, 0x6F, 0x63, 0x6B,
    0x5F, 0x73, 0x63, 0x6F, 0x70, 0x65, 0x73, 0x21, 0x00, 0x04, 0x70, 0x00,
    0x37, 0x00, 0x00, 0x00, 0x03, 0x30, 0x00, 0x11, 0x00, 0x00, 0x00, 0x02,
    0x6E, 0x00, 0x05, 0x00, 0x00, 0x00, 0x62, 0x6F, 0x64, 0x79, 0x00, 0x00,
    0x03, 0x31, 0x00, 0x1B, 0x00, 0x00, 0x00, 0x02, 0x6E, 0x00, 0x08, 0x00,
    0x00, 0x00, 0x76, 0x69, 0x73, 0x69, 0x62, 0x6C, 0x65, 0x00, 0x10, 0x64,
    0x00, 0x7B, 0x00, 0x00, 0x00, 0x00, 0x00, 0x10, 0x6C, 0x00, 0x15, 0x00,
    0x00, 0x00, 0x10, 0x63, 0x00, 0x94, 0x07, 0x00, 0x00, 0x10, 0x66, 0x00,
    0x02, 0x00, 0x00, 0x00, 0x04, 0x74, 0x00, 0x0C, 0x00, 0x00, 0x00, 0x10,
    0x30, 0x00, 0x0E, 0x00, 0x00, 0x00, 0x00, 0x00, 0x03, 0x33, 0x30, 0x00,
    0x59, 0x00, 0x00, 0x00, 0x02, 0x6E, 0x00, 0x0C, 0x00, 0x00, 0x00, 0x70,
    0x75, 0x73, 0x68, 0x5F, 0x62, 0x6C, 0x6F, 0x63, 0x6B, 0x21, 0x00, 0x04,
    0x70, 0x00, 0x1A, 0x00, 0x00, 0x00, 0x03, 0x30, 0x00, 0x12, 0x00, 0x00,
    0x00, 0x02, 0x6E, 0x00, 0x06, 0x00, 0x00, 0x00, 0x6F, 0x77, 0x6E, 0x65,
    0x72, 0x00, 0x00, 0x00, 0x10, 0x6C, 0x00, 0x07, 0x00, 0x00, 0x00, 0x10,
    0x63, 0x00, 0xF8, 0x07, 0x00, 0x00, 0x10, 0x66, 0x00, 0x02, 0x00, 0x00,
    0x00, 0x04, 0x74, 0x00, 0x0C, 0x00, 0x00, 0x00, 0x10, 0x30, 0x00, 0x0E,
    0x00, 0x00, 0x00, 0x00, 0x00, 0x03, 0x33, 0x31, 0x00, 0x43, 0x00, 0x00,
    0x00, 0x02, 0x6E, 0x00, 0x0B, 0x00, 0x00, 0x00, 0x70, 0x6F, 0x70, 0x5F,
    0x62, 0x6C, 0x6F, 0x63, 0x6B, 0x21, 0x00, 0x04, 0x70, 0x00, 0x05, 0x00,
    0x00, 0x00, 0x00, 0x10, 0x6C, 0x00, 0x04, 0x00, 0x00, 0x00, 0x10, 0x63,
    0x00, 0x3E, 0x08, 0x00, 0x00, 0x10, 0x66, 0x00, 0x02, 0x00, 0x00, 0x00,
    0x04, 0x74, 0x00, 0x0C, 0x00, 0x00, 0x00, 0x10, 0x30, 0x00, 0x0E, 0x00,
    0x00, 0x00, 0x00, 0x00, 0x03, 0x33, 0x32, 0x00, 0x5B, 0x00, 0x00, 0x00,
    0x02, 0x6E, 0x00, 0x0F, 0x00, 0x00, 0x00, 0x62, 0x6C, 0x6F, 0x63, 0x6B,
    0x5F, 0x62, 0x69, 0x6E, 0x64, 0x69, 0x6E, 0x67, 0x21, 0x00, 0x04, 0x70,
    0x00, 0x19, 0x00, 0x00, 0x00, 0x03, 0x30, 0x00, 0x11, 0x00, 0x00, 0x00,
    0x02, 0x6E, 0x00, 0x05, 0x00, 0x00, 0x00, 0x6E, 0x61, 0x6D, 0x65, 0x00,
    0x00, 0x00, 0x10, 0x6C, 0x00, 0x06, 0x00, 0x00, 0x00, 0x10, 0x63, 0x00,
    0x4D, 0x08, 0x00, 0x00, 0x10, 0x66, 0x00, 0x02, 0x00, 0x00, 0x00, 0x04,
    0x74, 0x00, 0x0C, 0x00, 0x00, 0x00, 0x10, 0x30, 0x00, 0x0E, 0x00, 0x00,
    0x00, 0x00, 0x00, 0x03, 0x33, 0x33, 0x00, 0x55, 0x00, 0x00, 0x00, 0x02,
    0x6E, 0x00, 0x09, 0x00, 0x00, 0x00, 0x73, 0x74, 0x6F, 0x72, 0x61, 0x67,
    0x65, 0x21, 0x00, 0x04, 0x70, 0x00, 0x19, 0x00, 0x00, 0x00, 0x03, 0x30,
    0x00, 0x11, 0x00, 0x00, 0x00, 0x02, 0x6E, 0x00, 0x05, 0x00, 0x00, 0x00,
    0x6E, 0x61, 0x6D, 0x65, 0x00, 0x00, 0x00, 0x10, 0x6C, 0x00, 0x09, 0x00,
    0x00, 0x00, 0x10, 0x63, 0x00, 0x74, 0x08, 0x00, 0x00, 0x10, 0x66, 0x00,
    0x02, 0x00, 0x00, 0x00, 0x04, 0x74, 0x00, 0x0C, 0x00, 0x00, 0x00, 0x10,
    0x30, 0x00, 0x0E, 0x00, 0x00, 0x00, 0x00, 0x00, 0x03, 0x33, 0x34, 0x00,
    0x5B, 0x00, 0x00, 0x00, 0x02, 0x6E, 0x00, 0x0F, 0x00, 0x00, 0x00, 0x64,
    0x65, 0x63, 0x6C, 0x61, 0x72, 0x65, 0x5F, 0x6C, 0x6F, 0x63, 0x61, 0x6C,
    0x21, 0x00, 0x04, 0x70, 0x00, 0x19, 0x00, 0x00, 0x00, 0x03, 0x30, 0x00,
    0x11, 0x00, 0x00, 0x00, 0x02, 0x6E, 0x00, 0x05, 0x00, 0x00, 0x00, 0x6E,
    0x61, 0x6D, 0x65, 0x00, 0x00, 0x00, 0x10, 0x6C, 0x00, 0x03, 0x00, 0x00,
    0x00, 0x10, 0x63, 0x00, 0x02, 0x09, 0x00, 0x00, 0x10, 0x66, 0x00, 0x02,
    0x00, 0x00, 0x00, 0x04, 0x74, 0x00, 0x0C, 0x00, 0x00, 0x00, 0x10, 0x30,
    0x00, 0x0E, 0x00, 0x00, 0x00, 0x00, 0x00, 0x03, 0x33, 0x35, 0x00, 0x5B,
    0x00, 0x00, 0x00, 0x02, 0x6E, 0x00, 0x0F, 0x00, 0x00, 0x00, 0x72, 0x65,
    0x73, 0x65, 0x72, 0x76, 0x65, 0x5F, 0x6C, 0x6F, 0x63, 0x61, 0x6C, 0x21,
    0x00, 0x04, 0x70, 0x00, 0x19, 0x00, 0x00, 0x00, 0x03, 0x30, 0x00, 0x11,
    0x00, 0x00, 0x00, 0x02, 0x6E, 0x00, 0x05, 0x00, 0x00, 0x00, 0x6E, 0x61,
    0x6D, 0x65, 0x00, 0x00, 0x00, 0x10, 0x6C, 0x00, 0x08, 0x00, 0x00, 0x00,
    0x10, 0x63, 0x00, 0x12, 0x09, 0x00, 0x00, 0x10, 0x66, 0x00, 0x02, 0x00,
    0x00, 0x00, 0x04, 0x74, 0x00, 0x0C, 0x00, 0x00, 0x00, 0x10, 0x30, 0x00,
    0x0E, 0x00, 0x00, 0x00, 0x00, 0x00, 0x03, 0x33, 0x36, 0x00, 0x3E, 0x00,
    0x00, 0x00, 0x02, 0x6E, 0x00, 0x06, 0x00, 0x00, 0x00, 0x6D, 0x61, 0x72,
    0x6B, 0x21, 0x00, 0x04, 0x70, 0x00, 0x05, 0x00, 0x00, 0x00, 0x00, 0x10,
    0x6C, 0x00, 0x01, 0x00, 0x00, 0x00, 0x10, 0x63, 0x00, 0x3F, 0x09, 0x00,
    0x00, 0x10, 0x66, 0x00, 0x02, 0x00, 0x00, 0x00, 0x04, 0x74, 0x00, 0x0C,
    0x00, 0x00, 0x00, 0x10, 0x30, 0x00, 0x0E, 0x00, 0x00, 0x00, 0x00, 0x00,
    0x03, 0x33, 0x37, 0x00, 0x3E, 0x00, 0x00, 0x00, 0x02, 0x6E, 0x00, 0x06,
    0x00, 0x00, 0x00, 0x70, 0x75, 0x73, 0x68, 0x21, 0x00, 0x04, 0x70, 0x00,
    0x05, 0x00, 0x00, 0x00, 0x00, 0x10, 0x6C, 0x00, 0x05, 0x00, 0x00, 0x00,
    0x10, 0x63, 0x00, 0x42, 0x09, 0x00, 0x00, 0x10, 0x66, 0x00, 0x02, 0x00,
    0x00, 0x00, 0x04, 0x74, 0x00, 0x0C, 0x00, 0x00, 0x00, 0x10, 0x30, 0x00,
    0x0E, 0x00, 0x00, 0x00, 0x00, 0x00, 0x03, 0x33, 0x38, 0x00, 0x55, 0x00,
    0x00, 0x00, 0x02, 0x6E, 0x00, 0x09, 0x00, 0x00, 0x00, 0x66, 0x72, 0x65,
    0x65, 0x5F, 0x74, 0x6F, 0x21, 0x00, 0x04, 0x70, 0x00, 0x19, 0x00, 0x00,
    0x00, 0x03, 0x30, 0x00, 0x11, 0x00, 0x00, 0x00, 0x02, 0x6E, 0x00, 0x05,
    0x00, 0x00, 0x00, 0x6D, 0x61, 0x72, 0x6B, 0x00, 0x00, 0x00, 0x10, 0x6C,
    0x00, 0x04, 0x00, 0x00, 0x00, 0x10, 0x63, 0x00, 0x59, 0x09, 0x00, 0x00,
    0x10, 0x66, 0x00, 0x02, 0x00, 0x00, 0x00, 0x04, 0x74, 0x00, 0x0C, 0x00,
    0x00, 0x00, 0x10, 0x30, 0x00, 0x0E, 0x00, 0x00, 0x00, 0x00, 0x00, 0x03,
    0x33, 0x39, 0x00, 0x45, 0x00, 0x00, 0x00, 0x02, 0x6E, 0x00, 0x0D, 0x00,
    0x00, 0x00, 0x5F, 0x72, 0x61, 0x69, 0x73, 0x65, 0x5F, 0x68, 0x69, 0x67,
    0x68, 0x21, 0x00, 0x04, 0x70, 0x00, 0x05, 0x00, 0x00, 0x00, 0x00, 0x10,
    0x6C, 0x00, 0x0C, 0x00, 0x00, 0x00, 0x10, 0x63, 0x00, 0x6D, 0x09, 0x00,
    0x00, 0x10, 0x66, 0x00, 0x02, 0x00, 0x00, 0x00, 0x04, 0x74, 0x00, 0x0C,
    0x00, 0x00, 0x00, 0x10, 0x30, 0x00, 0x0E, 0x00, 0x00, 0x00, 0x00, 0x00,
    0x03, 0x34, 0x30, 0x00, 0x46, 0x00, 0x00, 0x00, 0x02, 0x6E, 0x00, 0x0E,
    0x00, 0x00, 0x00, 0x72, 0x65, 0x73, 0x65, 0x72, 0x76, 0x65, 0x5F, 0x7A,
    0x65, 0x72, 0x6F, 0x21, 0x00, 0x04, 0x70, 0x00, 0x05, 0x00, 0x00, 0x00,
    0x00, 0x10, 0x6C, 0x00, 0x04, 0x00, 0x00, 0x00, 0x10, 0x63, 0x00, 0x9D,
    0x09, 0x00, 0x00, 0x10, 0x66, 0x00, 0x02, 0x00, 0x00, 0x00, 0x04, 0x74,
    0x00, 0x0C, 0x00, 0x00, 0x00, 0x10, 0x30, 0x00, 0x0E, 0x00, 0x00, 0x00,
    0x00, 0x00, 0x03, 0x34, 0x31, 0x00, 0x3E, 0x00, 0x00, 0x00, 0x02, 0x6E,
    0x00, 0x06, 0x00, 0x00, 0x00, 0x7A, 0x65, 0x72, 0x6F, 0x21, 0x00, 0x04,
    0x70, 0x00, 0x05, 0x00, 0x00, 0x00, 0x00, 0x10, 0x6C, 0x00, 0x06, 0x00,
    0x00, 0x00, 0x10, 0x63, 0x00, 0xB7, 0x09, 0x00, 0x00, 0x10, 0x66, 0x00,
    0x02, 0x00, 0x00, 0x00, 0x04, 0x74, 0x00, 0x0C, 0x00, 0x00, 0x00, 0x10,
    0x30, 0x00, 0x0E, 0x00, 0x00, 0x00, 0x00, 0x00, 0x03, 0x34, 0x32, 0x00,
    0x54, 0x00, 0x00, 0x00, 0x02, 0x6E, 0x00, 0x08, 0x00, 0x00, 0x00, 0x6C,
    0x6F, 0x6F, 0x6B, 0x75, 0x70, 0x21, 0x00, 0x04, 0x70, 0x00, 0x19, 0x00,
    0x00, 0x00, 0x03, 0x30, 0x00, 0x11, 0x00, 0x00, 0x00, 0x02, 0x6E, 0x00,
    0x05, 0x00, 0x00, 0x00, 0x6E, 0x61, 0x6D, 0x65, 0x00, 0x00, 0x00, 0x10,
    0x6C, 0x00, 0x07, 0x00, 0x00, 0x00, 0x10, 0x63, 0x00, 0xCD, 0x09, 0x00,
    0x00, 0x10, 0x66, 0x00, 0x02, 0x00, 0x00, 0x00, 0x04, 0x74, 0x00, 0x0C,
    0x00, 0x00, 0x00, 0x10, 0x30, 0x00, 0x0E, 0x00, 0x00, 0x00, 0x00, 0x00,
    0x03, 0x34, 0x33, 0x00, 0x3E, 0x00, 0x00, 0x00, 0x02, 0x6E, 0x00, 0x06,
    0x00, 0x00, 0x00, 0x68, 0x65, 0x72, 0x65, 0x21, 0x00, 0x04, 0x70, 0x00,
    0x05, 0x00, 0x00, 0x00, 0x00, 0x10, 0x6C, 0x00, 0x02, 0x00, 0x00, 0x00,
    0x10, 0x63, 0x00, 0x07, 0x0A, 0x00, 0x00, 0x10, 0x66, 0x00, 0x02, 0x00,
    0x00, 0x00, 0x04, 0x74, 0x00, 0x0C, 0x00, 0x00, 0x00, 0x10, 0x30, 0x00,
    0x0E, 0x00, 0x00, 0x00, 0x00, 0x00, 0x03, 0x34, 0x34, 0x00, 0x59, 0x00,
    0x00, 0x00, 0x02, 0x6E, 0x00, 0x0C, 0x00, 0x00, 0x00, 0x65, 0x6D, 0x69,
    0x74, 0x5F, 0x77, 0x6F, 0x72, 0x64, 0x73, 0x21, 0x00, 0x04, 0x70, 0x00,
    0x1A, 0x00, 0x00, 0x00, 0x03, 0x30, 0x00, 0x12, 0x00, 0x00, 0x00, 0x02,
    0x6E, 0x00, 0x06, 0x00, 0x00, 0x00, 0x77, 0x6F, 0x72, 0x64, 0x73, 0x00,
    0x00, 0x00, 0x10, 0x6C, 0x00, 0x06, 0x00, 0x00, 0x00, 0x10, 0x63, 0x00,
    0x0D, 0x0A, 0x00, 0x00, 0x10, 0x66, 0x00, 0x02, 0x00, 0x00, 0x00, 0x04,
    0x74, 0x00, 0x0C, 0x00, 0x00, 0x00, 0x10, 0x30, 0x00, 0x0E, 0x00, 0x00,
    0x00, 0x00, 0x00, 0x03, 0x34, 0x35, 0x00, 0x74, 0x00, 0x00, 0x00, 0x02,
    0x6E, 0x00, 0x0D, 0x00, 0x00, 0x00, 0x65, 0x6D, 0x69, 0x74, 0x5F, 0x72,
    0x65, 0x74, 0x75, 0x72, 0x6E, 0x21, 0x00, 0x04, 0x70, 0x00, 0x34, 0x00,
    0x00, 0x00, 0x03, 0x30, 0x00, 0x10, 0x00, 0x00, 0x00, 0x02, 0x6E, 0x00,
    0x04, 0x00, 0x00, 0x00, 0x72, 0x65, 0x67, 0x00, 0x00, 0x03, 0x31, 0x00,
    0x19, 0x00, 0x00, 0x00, 0x02, 0x6E, 0x00, 0x06, 0x00, 0x00, 0x00, 0x63,
    0x6F, 0x75, 0x6E, 0x74, 0x00, 0x10, 0x64, 0x00, 0x7C, 0x00, 0x00, 0x00,
    0x00, 0x00, 0x10, 0x6C, 0x00, 0x0C, 0x00, 0x00, 0x00, 0x10, 0x63, 0x00,
    0x36, 0x0A, 0x00, 0x00, 0x10, 0x66, 0x00, 0x02, 0x00, 0x00, 0x00, 0x04,
    0x74, 0x00, 0x0C, 0x00, 0x00, 0x00, 0x10, 0x30, 0x00, 0x0E, 0x00, 0x00,
    0x00, 0x00, 0x00, 0x03, 0x34, 0x36, 0x00, 0x57, 0x00, 0x00, 0x00, 0x02,
    0x6E, 0x00, 0x0B, 0x00, 0x00, 0x00, 0x72, 0x65, 0x66, 0x65, 0x72, 0x65,
    0x6E, 0x63, 0x65, 0x21, 0x00, 0x04, 0x70, 0x00, 0x19, 0x00, 0x00, 0x00,
    0x03, 0x30, 0x00, 0x11, 0x00, 0x00, 0x00, 0x02, 0x6E, 0x00, 0x05, 0x00,
    0x00, 0x00, 0x70, 0x61, 0x74, 0x68, 0x00, 0x00, 0x00, 0x10, 0x6C, 0x00,
    0x04, 0x00, 0x00, 0x00, 0x10, 0x63, 0x00, 0x75, 0x0A, 0x00, 0x00, 0x10,
    0x66, 0x00, 0x02, 0x00, 0x00, 0x00, 0x04, 0x74, 0x00, 0x0C, 0x00, 0x00,
    0x00, 0x10, 0x30, 0x00, 0x0E, 0x00, 0x00, 0x00, 0x00, 0x00, 0x03, 0x34,
    0x37, 0x00, 0x43, 0x00, 0x00, 0x00, 0x02, 0x6E, 0x00, 0x0B, 0x00, 0x00,
    0x00, 0x6E, 0x65, 0x77, 0x5F, 0x6C, 0x61, 0x62, 0x65, 0x6C, 0x21, 0x00,
    0x04, 0x70, 0x00, 0x05, 0x00, 0x00, 0x00, 0x00, 0x10, 0x6C, 0x00, 0x03,
    0x00, 0x00, 0x00, 0x10, 0x63, 0x00, 0x8E, 0x0A, 0x00, 0x00, 0x10, 0x66,
    0x00, 0x02, 0x00, 0x00, 0x00, 0x04, 0x74, 0x00, 0x0C, 0x00, 0x00, 0x00,
    0x10, 0x30, 0x00, 0x0E, 0x00, 0x00, 0x00, 0x00, 0x00, 0x03, 0x34, 0x38,
    0x00, 0x59, 0x00, 0x00, 0x00, 0x02, 0x6E, 0x00, 0x0C, 0x00, 0x00, 0x00,
    0x6D, 0x61, 0x72, 0x6B, 0x5F, 0x6C, 0x61, 0x62, 0x65, 0x6C, 0x21, 0x00,
    0x04, 0x70, 0x00, 0x1A, 0x00, 0x00, 0x00, 0x03, 0x30, 0x00, 0x12, 0x00,
    0x00, 0x00, 0x02, 0x6E, 0x00, 0x06, 0x00, 0x00, 0x00, 0x6C, 0x61, 0x62,
    0x65, 0x6C, 0x00, 0x00, 0x00, 0x10, 0x6C, 0x00, 0x04, 0x00, 0x00, 0x00,
    0x10, 0x63, 0x00, 0x98, 0x0A, 0x00, 0x00, 0x10, 0x66, 0x00, 0x02, 0x00,
    0x00, 0x00, 0x04, 0x74, 0x00, 0x0C, 0x00, 0x00, 0x00, 0x10, 0x30, 0x00,
    0x0E, 0x00, 0x00, 0x00, 0x00, 0x00, 0x03, 0x34, 0x39, 0x00, 0x46, 0x00,
    0x00, 0x00, 0x02, 0x6E, 0x00, 0x0E, 0x00, 0x00, 0x00, 0x70, 0x61, 0x74,
    0x63, 0x68, 0x5F, 0x6C, 0x61, 0x62, 0x65, 0x6C, 0x73, 0x21, 0x00, 0x04,
    0x70, 0x00, 0x05, 0x00, 0x00, 0x00, 0x00, 0x10, 0x6C, 0x00, 0x14, 0x00,
    0x00, 0x00, 0x10, 0x63, 0x00, 0xB3, 0x0A, 0x00, 0x00, 0x10, 0x66, 0x00,
    0x02, 0x00, 0x00, 0x00, 0x04, 0x74, 0x00, 0x0C, 0x00, 0x00, 0x00, 0x10,
    0x30, 0x00, 0x0E, 0x00, 0x00, 0x00, 0x00, 0x00, 0x03, 0x35, 0x30, 0x00,
    0x85, 0x00, 0x00, 0x00, 0x02, 0x6E, 0x00, 0x0B, 0x00, 0x00, 0x00, 0x65,
    0x6D, 0x69, 0x74, 0x5F, 0x6A, 0x75, 0x6D, 0x70, 0x21, 0x00, 0x04, 0x70,
    0x00, 0x47, 0x00, 0x00, 0x00, 0x03, 0x30, 0x00, 0x0F, 0x00, 0x00, 0x00,
    0x02, 0x6E, 0x00, 0x03, 0x00, 0x00, 0x00, 0x6F, 0x70, 0x00, 0x00, 0x03,
    0x31, 0x00, 0x12, 0x00, 0x00, 0x00, 0x02, 0x6E, 0x00, 0x06, 0x00, 0x00,
    0x00, 0x6C, 0x61, 0x62, 0x65, 0x6C, 0x00, 0x00, 0x03, 0x32, 0x00, 0x18,
    0x00, 0x00, 0x00, 0x02, 0x6E, 0x00, 0x05, 0x00, 0x00, 0x00, 0x63, 0x6F,
    0x6E, 0x64, 0x00, 0x10, 0x64, 0x00, 0x7B, 0x00, 0x00, 0x00, 0x00, 0x00,
    0x10, 0x6C, 0x00, 0x08, 0x00, 0x00, 0x00, 0x10, 0x63, 0x00, 0x33, 0x0B,
    0x00, 0x00, 0x10, 0x66, 0x00, 0x02, 0x00, 0x00, 0x00, 0x04, 0x74, 0x00,
    0x0C, 0x00, 0x00, 0x00, 0x10, 0x30, 0x00, 0x0E, 0x00, 0x00, 0x00, 0x00,
    0x00, 0x03, 0x35, 0x31, 0x00, 0x9C, 0x00, 0x00, 0x00, 0x02, 0x6E, 0x00,
    0x0C, 0x00, 0x00, 0x00, 0x70, 0x61, 0x74, 0x63, 0x68, 0x5F, 0x73, 0x69,
    0x74, 0x65, 0x21, 0x00, 0x04, 0x70, 0x00, 0x5D, 0x00, 0x00, 0x00, 0x03,
    0x30, 0x00, 0x12, 0x00, 0x00, 0x00, 0x02, 0x6E, 0x00, 0x06, 0x00, 0x00,
    0x00, 0x6C, 0x61, 0x62, 0x65, 0x6C, 0x00, 0x00, 0x03, 0x31, 0x00, 0x12,
    0x00, 0x00, 0x00, 0x02, 0x6E, 0x00, 0x06, 0x00, 0x00, 0x00, 0x61, 0x66,
    0x74, 0x65, 0x72, 0x00, 0x00, 0x03, 0x32, 0x00, 0x17, 0x00, 0x00, 0x00,
    0x02, 0x6E, 0x00, 0x0B, 0x00, 0x00, 0x00, 0x77, 0x6F, 0x72, 0x64, 0x5F,
    0x69, 0x6E, 0x64, 0x65, 0x78, 0x00, 0x00, 0x03, 0x33, 0x00, 0x11, 0x00,
    0x00, 0x00, 0x02, 0x6E, 0x00, 0x05, 0x00, 0x00, 0x00, 0x68, 0x61, 0x6C,
    0x66, 0x00, 0x00, 0x00, 0x10, 0x6C, 0x00, 0x05, 0x00, 0x00, 0x00, 0x10,
    0x63, 0x00, 0x5A, 0x0B, 0x00, 0x00, 0x10, 0x66, 0x00, 0x02, 0x00, 0x00,
    0x00, 0x04, 0x74, 0x00, 0x0C, 0x00, 0x00, 0x00, 0x10, 0x30, 0x00, 0x0E,
    0x00, 0x00, 0x00, 0x00, 0x00, 0x03, 0x35, 0x32, 0x00, 0x7B, 0x00, 0x00,
    0x00, 0x02, 0x6E, 0x00, 0x06, 0x00, 0x00, 0x00, 0x69, 0x6E, 0x69, 0x74,
    0x21, 0x00, 0x04, 0x70, 0x00, 0x42, 0x00, 0x00, 0x00, 0x03, 0x30, 0x00,
    0x18, 0x00, 0x00, 0x00, 0x02, 0x6E, 0x00, 0x0C, 0x00, 0x00, 0x00, 0x6D,
    0x6F, 0x64, 0x75, 0x6C, 0x65, 0x5F, 0x6E, 0x61, 0x6D, 0x65, 0x00, 0x00,
    0x03, 0x31, 0x00, 0x1F, 0x00, 0x00, 0x00, 0x02, 0x6E, 0x00, 0x0C, 0x00,
    0x00, 0x00, 0x73, 0x6F, 0x75, 0x72, 0x63, 0x65, 0x5F, 0x66, 0x69, 0x6C,
    0x65, 0x00, 0x10, 0x64, 0x00, 0x7B, 0x00, 0x00, 0x00, 0x00, 0x00, 0x10,
    0x6C, 0x00, 0x0A, 0x00, 0x00, 0x00, 0x10, 0x63, 0x00, 0x66, 0x0B, 0x00,
    0x00, 0x10, 0x66, 0x00, 0x02, 0x00, 0x00, 0x00, 0x04, 0x74, 0x00, 0x0C,
    0x00, 0x00, 0x00, 0x10, 0x30, 0x00, 0x0F, 0x00, 0x00, 0x00, 0x00, 0x00,
    0x03, 0x35, 0x33, 0x00, 0x5C, 0x00, 0x00, 0x00, 0x02, 0x6E, 0x00, 0x10,
    0x00, 0x00, 0x00, 0x64, 0x65, 0x63, 0x6C, 0x61, 0x72, 0x65, 0x5F, 0x67,
    0x6C, 0x6F, 0x62, 0x61, 0x6C, 0x21, 0x00, 0x04, 0x70, 0x00, 0x19, 0x00,
    0x00, 0x00, 0x03, 0x30, 0x00, 0x11, 0x00, 0x00, 0x00, 0x02, 0x6E, 0x00,
    0x05, 0x00, 0x00, 0x00, 0x6E, 0x61, 0x6D, 0x65, 0x00, 0x00, 0x00, 0x10,
    0x6C, 0x00, 0x06, 0x00, 0x00, 0x00, 0x10, 0x63, 0x00, 0xC2, 0x0B, 0x00,
    0x00, 0x10, 0x66, 0x00, 0x02, 0x00, 0x00, 0x00, 0x04, 0x74, 0x00, 0x0C,
    0x00, 0x00, 0x00, 0x10, 0x30, 0x00, 0x0F, 0x00, 0x00, 0x00, 0x00, 0x00,
    0x03, 0x35, 0x34, 0x00, 0x5B, 0x00, 0x00, 0x00, 0x02, 0x6E, 0x00, 0x0A,
    0x00, 0x00, 0x00, 0x5F, 0x64, 0x72, 0x6F, 0x70, 0x5F, 0x6B, 0x65, 0x79,
    0x00, 0x04, 0x70, 0x00, 0x2D, 0x00, 0x00, 0x00, 0x03, 0x30, 0x00, 0x12,
    0x00, 0x00, 0x00, 0x02, 0x6E, 0x00, 0x06, 0x00, 0x00, 0x00, 0x74, 0x61,
    0x62, 0x6C, 0x65, 0x00, 0x00, 0x03, 0x31, 0x00, 0x10, 0x00, 0x00, 0x00,
    0x02, 0x6E, 0x00, 0x04, 0x00, 0x00, 0x00, 0x6B, 0x65, 0x79, 0x00, 0x00,
    0x00, 0x10, 0x6C, 0x00, 0x02, 0x00, 0x00, 0x00, 0x10, 0x63, 0x00, 0xEE,
    0x0B, 0x00, 0x00, 0x10, 0x66, 0x00, 0x00, 0x00, 0x00, 0x00, 0x00, 0x03,
    0x35, 0x35, 0x00, 0x64, 0x00, 0x00, 0x00, 0x02, 0x6E, 0x00, 0x19, 0x00,
    0x00, 0x00, 0x5F, 0x64, 0x65, 0x63, 0x6C, 0x61, 0x72, 0x65, 0x5F, 0x73,
    0x65, 0x73, 0x73, 0x69, 0x6F, 0x6E, 0x5F, 0x67, 0x6C, 0x6F, 0x62, 0x61,
    0x6C, 0x21, 0x00, 0x04, 0x70, 0x00, 0x18, 0x00, 0x00, 0x00, 0x03, 0x30,
    0x00, 0x10, 0x00, 0x00, 0x00, 0x02, 0x6E, 0x00, 0x04, 0x00, 0x00, 0x00,
    0x6B, 0x65, 0x79, 0x00, 0x00, 0x00, 0x10, 0x6C, 0x00, 0x09, 0x00, 0x00,
    0x00, 0x10, 0x63, 0x00, 0xF4, 0x0B, 0x00, 0x00, 0x10, 0x66, 0x00, 0x02,
    0x00, 0x00, 0x00, 0x04, 0x74, 0x00, 0x0C, 0x00, 0x00, 0x00, 0x10, 0x30,
    0x00, 0x0F, 0x00, 0x00, 0x00, 0x00, 0x00, 0x03, 0x35, 0x36, 0x00, 0x64,
    0x00, 0x00, 0x00, 0x02, 0x6E, 0x00, 0x18, 0x00, 0x00, 0x00, 0x64, 0x65,
    0x63, 0x6C, 0x61, 0x72, 0x65, 0x5F, 0x66, 0x6F, 0x72, 0x77, 0x61, 0x72,
    0x64, 0x5F, 0x67, 0x6C, 0x6F, 0x62, 0x61, 0x6C, 0x21, 0x00, 0x04, 0x70,
    0x00, 0x19, 0x00, 0x00, 0x00, 0x03, 0x30, 0x00, 0x11, 0x00, 0x00, 0x00,
    0x02, 0x6E, 0x00, 0x05, 0x00, 0x00, 0x00, 0x6E, 0x61, 0x6D, 0x65, 0x00,
    0x00, 0x00, 0x10, 0x6C, 0x00, 0x04, 0x00, 0x00, 0x00, 0x10, 0x63, 0x00,
    0x59, 0x0C, 0x00, 0x00, 0x10, 0x66, 0x00, 0x02, 0x00, 0x00, 0x00, 0x04,
    0x74, 0x00, 0x0C, 0x00, 0x00, 0x00, 0x10, 0x30, 0x00, 0x0F, 0x00, 0x00,
    0x00, 0x00, 0x00, 0x03, 0x35, 0x37, 0x00, 0x63, 0x00, 0x00, 0x00, 0x02,
    0x6E, 0x00, 0x17, 0x00, 0x00, 0x00, 0x64, 0x65, 0x63, 0x6C, 0x61, 0x72,
    0x65, 0x5F, 0x73, 0x68, 0x61, 0x64, 0x6F, 0x77, 0x5F, 0x67, 0x6C, 0x6F,
    0x62, 0x61, 0x6C, 0x21, 0x00, 0x04, 0x70, 0x00, 0x19, 0x00, 0x00, 0x00,
    0x03, 0x30, 0x00, 0x11, 0x00, 0x00, 0x00, 0x02, 0x6E, 0x00, 0x05, 0x00,
    0x00, 0x00, 0x6E, 0x61, 0x6D, 0x65, 0x00, 0x00, 0x00, 0x10, 0x6C, 0x00,
    0x03, 0x00, 0x00, 0x00, 0x10, 0x63, 0x00, 0x6F, 0x0C, 0x00, 0x00, 0x10,
    0x66, 0x00, 0x02, 0x00, 0x00, 0x00, 0x04, 0x74, 0x00, 0x0C, 0x00, 0x00,
    0x00, 0x10, 0x30, 0x00, 0x0F, 0x00, 0x00, 0x00, 0x00, 0x00, 0x03, 0x35,
    0x38, 0x00, 0x61, 0x00, 0x00, 0x00, 0x02, 0x6E, 0x00, 0x15, 0x00, 0x00,
    0x00, 0x64, 0x65, 0x63, 0x6C, 0x61, 0x72, 0x65, 0x5F, 0x66, 0x72, 0x65,
    0x65, 0x5F, 0x67, 0x6C, 0x6F, 0x62, 0x61, 0x6C, 0x21, 0x00, 0x04, 0x70,
    0x00, 0x19, 0x00, 0x00, 0x00, 0x03, 0x30, 0x00, 0x11, 0x00, 0x00, 0x00,
    0x02, 0x6E, 0x00, 0x05, 0x00, 0x00, 0x00, 0x6E, 0x61, 0x6D, 0x65, 0x00,
    0x00, 0x00, 0x10, 0x6C, 0x00, 0x03, 0x00, 0x00, 0x00, 0x10, 0x63, 0x00,
    0x78, 0x0C, 0x00, 0x00, 0x10, 0x66, 0x00, 0x02, 0x00, 0x00, 0x00, 0x04,
    0x74, 0x00, 0x0C, 0x00, 0x00, 0x00, 0x10, 0x30, 0x00, 0x0F, 0x00, 0x00,
    0x00, 0x00, 0x00, 0x03, 0x35, 0x39, 0x00, 0x57, 0x00, 0x00, 0x00, 0x02,
    0x6E, 0x00, 0x0B, 0x00, 0x00, 0x00, 0x6E, 0x61, 0x6D, 0x65, 0x5F, 0x73,
    0x6C, 0x6F, 0x74, 0x21, 0x00, 0x04, 0x70, 0x00, 0x19, 0x00, 0x00, 0x00,
    0x03, 0x30, 0x00, 0x11, 0x00, 0x00, 0x00, 0x02, 0x6E, 0x00, 0x05, 0x00,
    0x00, 0x00, 0x6E, 0x61, 0x6D, 0x65, 0x00, 0x00, 0x00, 0x10, 0x6C, 0x00,
    0x04, 0x00, 0x00, 0x00, 0x10, 0x63, 0x00, 0x81, 0x0C, 0x00, 0x00, 0x10,
    0x66, 0x00, 0x02, 0x00, 0x00, 0x00, 0x04, 0x74, 0x00, 0x0C, 0x00, 0x00,
    0x00, 0x10, 0x30, 0x00, 0x0F, 0x00, 0x00, 0x00, 0x00, 0x00, 0x03, 0x36,
    0x30, 0x00, 0x5A, 0x00, 0x00, 0x00, 0x02, 0x6E, 0x00, 0x0E, 0x00, 0x00,
    0x00, 0x67, 0x6C, 0x6F, 0x62, 0x61, 0x6C, 0x5F, 0x69, 0x6E, 0x64, 0x65,
    0x78, 0x21, 0x00, 0x04, 0x70, 0x00, 0x19, 0x00, 0x00, 0x00, 0x03, 0x30,
    0x00, 0x11, 0x00, 0x00, 0x00, 0x02, 0x6E, 0x00, 0x05, 0x00, 0x00, 0x00,
    0x6E, 0x61, 0x6D, 0x65, 0x00, 0x00, 0x00, 0x10, 0x6C, 0x00, 0x04, 0x00,
    0x00, 0x00, 0x10, 0x63, 0x00, 0x9A, 0x0C, 0x00, 0x00, 0x10, 0x66, 0x00,
    0x02, 0x00, 0x00, 0x00, 0x04, 0x74, 0x00, 0x0C, 0x00, 0x00, 0x00, 0x10,
    0x30, 0x00, 0x0F, 0x00, 0x00, 0x00, 0x00, 0x00, 0x03, 0x36, 0x31, 0x00,
    0x5C, 0x00, 0x00, 0x00, 0x02, 0x6E, 0x00, 0x10, 0x00, 0x00, 0x00, 0x69,
    0x73, 0x5F, 0x6C, 0x6F, 0x63, 0x61, 0x6C, 0x5F, 0x63, 0x6C, 0x61, 0x73,
    0x73, 0x21, 0x00, 0x04, 0x70, 0x00, 0x19, 0x00, 0x00, 0x00, 0x03, 0x30,
    0x00, 0x11, 0x00, 0x00, 0x00, 0x02, 0x6E, 0x00, 0x05, 0x00, 0x00, 0x00,
    0x6E, 0x61, 0x6D, 0x65, 0x00, 0x00, 0x00, 0x10, 0x6C, 0x00, 0x03, 0x00,
    0x00, 0x00, 0x10, 0x63, 0x00, 0xA5, 0x0C, 0x00, 0x00, 0x10, 0x66, 0x00,
    0x02, 0x00, 0x00, 0x00, 0x04, 0x74, 0x00, 0x0C, 0x00, 0x00, 0x00, 0x10,
    0x30, 0x00, 0x0F, 0x00, 0x00, 0x00, 0x00, 0x00, 0x03, 0x36, 0x32, 0x00,
    0x73, 0x00, 0x00, 0x00, 0x02, 0x6E, 0x00, 0x0D, 0x00, 0x00, 0x00, 0x69,
    0x73, 0x5F, 0x6F, 0x77, 0x6E, 0x5F, 0x73, 0x6C, 0x6F, 0x74, 0x21, 0x00,
    0x04, 0x70, 0x00, 0x33, 0x00, 0x00, 0x00, 0x03, 0x30, 0x00, 0x17, 0x00,
    0x00, 0x00, 0x02, 0x6E, 0x00, 0x0B, 0x00, 0x00, 0x00, 0x63, 0x6C, 0x61,
    0x73, 0x73, 0x5F, 0x6E, 0x61, 0x6D, 0x65, 0x00, 0x00, 0x03, 0x31, 0x00,
    0x11, 0x00, 0x00, 0x00, 0x02, 0x6E, 0x00, 0x05, 0x00, 0x00, 0x00, 0x61,
    0x74, 0x74, 0x72, 0x00, 0x00, 0x00, 0x10, 0x6C, 0x00, 0x05, 0x00, 0x00,
    0x00, 0x10, 0x63, 0x00, 0xAE, 0x0C, 0x00, 0x00, 0x10, 0x66, 0x00, 0x02,
    0x00, 0x00, 0x00, 0x04, 0x74, 0x00, 0x0C, 0x00, 0x00, 0x00, 0x10, 0x30,
    0x00, 0x0F, 0x00, 0x00, 0x00, 0x00, 0x00, 0x03, 0x36, 0x33, 0x00, 0x69,
    0x00, 0x00, 0x00, 0x02, 0x6E, 0x00, 0x17, 0x00, 0x00, 0x00, 0x63, 0x68,
    0x61, 0x69, 0x6E, 0x5F, 0x72, 0x65, 0x61, 0x63, 0x68, 0x65, 0x73, 0x5F,
    0x6F, 0x75, 0x74, 0x73, 0x69, 0x64, 0x65, 0x21, 0x00, 0x04, 0x70, 0x00,
    0x1F, 0x00, 0x00, 0x00, 0x03, 0x30, 0x00, 0x17, 0x00, 0x00, 0x00, 0x02,
    0x6E, 0x00, 0x0B, 0x00, 0x00, 0x00, 0x63, 0x6C, 0x61, 0x73, 0x73, 0x5F,
    0x6E, 0x61, 0x6D, 0x65, 0x00, 0x00, 0x00, 0x10, 0x6C, 0x00, 0x04, 0x00,
    0x00, 0x00, 0x10, 0x63, 0x00, 0xCF, 0x0C, 0x00, 0x00, 0x10, 0x66, 0x00,
    0x02, 0x00, 0x00, 0x00, 0x04, 0x74, 0x00, 0x0C, 0x00, 0x00, 0x00, 0x10,
    0x30, 0x00, 0x0F, 0x00, 0x00, 0x00, 0x00, 0x00, 0x03, 0x36, 0x34, 0x00,
    0x72, 0x00, 0x00, 0x00, 0x02, 0x6E, 0x00, 0x0C, 0x00, 0x00, 0x00, 0x73,
    0x6C, 0x6F, 0x74, 0x5F, 0x69, 0x6E, 0x64, 0x65, 0x78, 0x21, 0x00, 0x04,
    0x70, 0x00, 0x33, 0x00, 0x00, 0x00, 0x03, 0x30, 0x00, 0x17, 0x00, 0x00,
    0x00, 0x02, 0x6E, 0x00, 0x0B, 0x00, 0x00, 0x00, 0x63, 0x6C, 0x61, 0x73,
    0x73, 0x5F, 0x6E, 0x61, 0x6D, 0x65, 0x00, 0x00, 0x03, 0x31, 0x00, 0x11,
    0x00, 0x00, 0x00, 0x02, 0x6E, 0x00, 0x05, 0x00, 0x00, 0x00, 0x61, 0x74,
    0x74, 0x72, 0x00, 0x00, 0x00, 0x10, 0x6C, 0x00, 0x0B, 0x00, 0x00, 0x00,
    0x10, 0x63, 0x00, 0xEA, 0x0C, 0x00, 0x00, 0x10, 0x66, 0x00, 0x02, 0x00,
    0x00, 0x00, 0x04, 0x74, 0x00, 0x0C, 0x00, 0x00, 0x00, 0x10, 0x30, 0x00,
    0x0F, 0x00, 0x00, 0x00, 0x00, 0x00, 0x03, 0x36, 0x35, 0x00, 0x7F, 0x00,
    0x00, 0x00, 0x02, 0x6E, 0x00, 0x12, 0x00, 0x00, 0x00, 0x63, 0x6C, 0x61,
    0x73, 0x73, 0x5F, 0x73, 0x74, 0x61, 0x74, 0x69, 0x63, 0x5F, 0x6B, 0x65,
    0x79, 0x21, 0x00, 0x04, 0x70, 0x00, 0x3A, 0x00, 0x00, 0x00, 0x03, 0x30,
    0x00, 0x17, 0x00, 0x00, 0x00, 0x02, 0x6E, 0x00, 0x0B, 0x00, 0x00, 0x00,
    0x63, 0x6C, 0x61, 0x73, 0x73, 0x5F, 0x6E, 0x61, 0x6D, 0x65, 0x00, 0x00,
    0x03, 0x31, 0x00, 0x18, 0x00, 0x00, 0x00, 0x02, 0x6E, 0x00, 0x0C, 0x00,
    0x00, 0x00, 0x73, 0x74, 0x61, 0x74, 0x69, 0x63, 0x5F, 0x6E, 0x61, 0x6D,
    0x65, 0x00, 0x00, 0x00, 0x10, 0x6C, 0x00, 0x05, 0x00, 0x00, 0x00, 0x10,
    0x63, 0x00, 0x32, 0x0D, 0x00, 0x00, 0x10, 0x66, 0x00, 0x02, 0x00, 0x00,
    0x00, 0x04, 0x74, 0x00, 0x0C, 0x00, 0x00, 0x00, 0x10, 0x30, 0x00, 0x0F,
    0x00, 0x00, 0x00, 0x00, 0x00, 0x03, 0x36, 0x36, 0x00, 0x81, 0x00, 0x00,
    0x00, 0x02, 0x6E, 0x00, 0x14, 0x00, 0x00, 0x00, 0x63, 0x6C, 0x61, 0x73,
    0x73, 0x5F, 0x73, 0x74, 0x61, 0x74, 0x69, 0x63, 0x5F, 0x69, 0x6E, 0x64,
    0x65, 0x78, 0x21, 0x00, 0x04, 0x70, 0x00, 0x3A, 0x00, 0x00, 0x00, 0x03,
    0x30, 0x00, 0x17, 0x00, 0x00, 0x00, 0x02, 0x6E, 0x00, 0x0B, 0x00, 0x00,
    0x00, 0x63, 0x6C, 0x61, 0x73, 0x73, 0x5F, 0x6E, 0x61, 0x6D, 0x65, 0x00,
    0x00, 0x03, 0x31, 0x00, 0x18, 0x00, 0x00, 0x00, 0x02, 0x6E, 0x00, 0x0C,
    0x00, 0x00, 0x00, 0x73, 0x74, 0x61, 0x74, 0x69, 0x63, 0x5F, 0x6E, 0x61,
    0x6D, 0x65, 0x00, 0x00, 0x00, 0x10, 0x6C, 0x00, 0x05, 0x00, 0x00, 0x00,
    0x10, 0x63, 0x00, 0x40, 0x0D, 0x00, 0x00, 0x10, 0x66, 0x00, 0x02, 0x00,
    0x00, 0x00, 0x04, 0x74, 0x00, 0x0C, 0x00, 0x00, 0x00, 0x10, 0x30, 0x00,
    0x0F, 0x00, 0x00, 0x00, 0x00, 0x00, 0x03, 0x36, 0x37, 0x00, 0x5B, 0x00,
    0x00, 0x00, 0x02, 0x6E, 0x00, 0x0E, 0x00, 0x00, 0x00, 0x63, 0x6C, 0x61,
    0x73, 0x73, 0x5F, 0x73, 0x74, 0x61, 0x74, 0x69, 0x63, 0x21, 0x00, 0x04,
    0x70, 0x00, 0x1A, 0x00, 0x00, 0x00, 0x03, 0x30, 0x00, 0x12, 0x00, 0x00,
    0x00, 0x02, 0x6E, 0x00, 0x06, 0x00, 0x00, 0x00, 0x70, 0x61, 0x72, 0x74,
    0x73, 0x00, 0x00, 0x00, 0x10, 0x6C, 0x00, 0x0A, 0x00, 0x00, 0x00, 0x10,
    0x63, 0x00, 0x4C, 0x0D, 0x00, 0x00, 0x10, 0x66, 0x00, 0x02, 0x00, 0x00,
    0x00, 0x04, 0x74, 0x00, 0x0C, 0x00, 0x00, 0x00, 0x10, 0x30, 0x00, 0x0F,
    0x00, 0x00, 0x00, 0x00, 0x00, 0x03, 0x36, 0x38, 0x00, 0x58, 0x00, 0x00,
    0x00, 0x02, 0x6E, 0x00, 0x0C, 0x00, 0x00, 0x00, 0x69, 0x73, 0x5F, 0x62,
    0x75, 0x69, 0x6C, 0x74, 0x69, 0x6E, 0x21, 0x00, 0x04, 0x70, 0x00, 0x19,
    0x00, 0x00, 0x00, 0x03, 0x30, 0x00, 0x11, 0x00, 0x00, 0x00, 0x02, 0x6E,
    0x00, 0x05, 0x00, 0x00, 0x00, 0x6E, 0x61, 0x6D, 0x65, 0x00, 0x00, 0x00,
    0x10, 0x6C, 0x00, 0x03, 0x00, 0x00, 0x00, 0x10, 0x63, 0x00, 0x6D, 0x0D,
    0x00, 0x00, 0x10, 0x66, 0x00, 0x02, 0x00, 0x00, 0x00, 0x04, 0x74, 0x00,
    0x0C, 0x00, 0x00, 0x00, 0x10, 0x30, 0x00, 0x0F, 0x00, 0x00, 0x00, 0x00,
    0x00, 0x03, 0x36, 0x39, 0x00, 0x42, 0x00, 0x00, 0x00, 0x02, 0x6E, 0x00,
    0x0A, 0x00, 0x00, 0x00, 0x62, 0x75, 0x69, 0x6C, 0x74, 0x69, 0x6E, 0x73,
    0x21, 0x00, 0x04, 0x70, 0x00, 0x05, 0x00, 0x00, 0x00, 0x00, 0x10, 0x6C,
    0x00, 0x01, 0x00, 0x00, 0x00, 0x10, 0x63, 0x00, 0x75, 0x0D, 0x00, 0x00,
    0x10, 0x66, 0x00, 0x02, 0x00, 0x00, 0x00, 0x04, 0x74, 0x00, 0x0C, 0x00,
    0x00, 0x00, 0x10, 0x30, 0x00, 0x0F, 0x00, 0x00, 0x00, 0x00, 0x00, 0x03,
    0x37, 0x30, 0x00, 0x70, 0x00, 0x00, 0x00, 0x02, 0x6E, 0x00, 0x0D, 0x00,
    0x00, 0x00, 0x61, 0x64, 0x64, 0x5F, 0x70, 0x65, 0x6E, 0x64, 0x69, 0x6E,
    0x67, 0x21, 0x00, 0x04, 0x70, 0x00, 0x30, 0x00, 0x00, 0x00, 0x03, 0x30,
    0x00, 0x12, 0x00, 0x00, 0x00, 0x02, 0x6E, 0x00, 0x06, 0x00, 0x00, 0x00,
    0x69, 0x6E, 0x64, 0x65, 0x78, 0x00, 0x00, 0x03, 0x31, 0x00, 0x13, 0x00,
    0x00, 0x00, 0x02, 0x6E, 0x00, 0x07, 0x00, 0x00, 0x00, 0x66, 0x6E, 0x5F,
    0x63, 0x74, 0x78, 0x00, 0x00, 0x00, 0x10, 0x6C, 0x00, 0x04, 0x00, 0x00,
    0x00, 0x10, 0x63, 0x00, 0x77, 0x0D, 0x00, 0x00, 0x10, 0x66, 0x00, 0x02,
    0x00, 0x00, 0x00, 0x04, 0x74, 0x00, 0x0C, 0x00, 0x00, 0x00, 0x10, 0x30,
    0x00, 0x0F, 0x00, 0x00, 0x00, 0x00, 0x00, 0x03, 0x37, 0x31, 0x00, 0x57,
    0x00, 0x00, 0x00, 0x02, 0x6E, 0x00, 0x0B, 0x00, 0x00, 0x00, 0x72, 0x65,
    0x66, 0x65, 0x72, 0x65, 0x6E, 0x63, 0x65, 0x21, 0x00, 0x04, 0x70, 0x00,
    0x19, 0x00, 0x00, 0x00, 0x03, 0x30, 0x00, 0x11, 0x00, 0x00, 0x00, 0x02,
    0x6E, 0x00, 0x05, 0x00, 0x00, 0x00, 0x70, 0x61, 0x74, 0x68, 0x00, 0x00,
    0x00, 0x10, 0x6C, 0x00, 0x02, 0x00, 0x00, 0x00, 0x10, 0x63, 0x00, 0x82,
    0x0D, 0x00, 0x00, 0x10, 0x66, 0x00, 0x02, 0x00, 0x00, 0x00, 0x04, 0x74,
    0x00, 0x0C, 0x00, 0x00, 0x00, 0x10, 0x30, 0x00, 0x0F, 0x00, 0x00, 0x00,
    0x00, 0x00, 0x00,
};

static const uint8_t context_classes[] = {
    0xFF, 0x07, 0x00, 0x00, 0x03, 0x30, 0x00, 0xF1, 0x01, 0x00, 0x00, 0x02,
    0x6E, 0x00, 0x0C, 0x00, 0x00, 0x00, 0x4D, 0x6F, 0x64, 0x75, 0x6C, 0x65,
    0x49, 0x6D, 0x61, 0x67, 0x65, 0x00, 0x04, 0x73, 0x6C, 0x00, 0xBD, 0x01,
    0x00, 0x00, 0x03, 0x30, 0x00, 0x18, 0x00, 0x00, 0x00, 0x02, 0x6E, 0x00,
    0x0C, 0x00, 0x00, 0x00, 0x6D, 0x6F, 0x64, 0x75, 0x6C, 0x65, 0x5F, 0x6E,
    0x61, 0x6D, 0x65, 0x00, 0x00, 0x03, 0x31, 0x00, 0x14, 0x00, 0x00, 0x00,
    0x02, 0x6E, 0x00, 0x08, 0x00, 0x00, 0x00, 0x73, 0x74, 0x61, 0x74, 0x69,
    0x63, 0x73, 0x00, 0x00, 0x03, 0x32, 0x00, 0x14, 0x00, 0x00, 0x00, 0x02,
    0x6E, 0x00, 0x08, 0x00, 0x00, 0x00, 0x73, 0x79, 0x6D, 0x62, 0x6F, 0x6C,
    0x73, 0x00, 0x00, 0x03, 0x33, 0x00, 0x15, 0x00, 0x00, 0x00, 0x02, 0x6E,
    0x00, 0x09, 0x00, 0x00, 0x00, 0x6D, 0x65, 0x73, 0x73, 0x61, 0x67, 0x65,
    0x73, 0x00, 0x00, 0x03, 0x34, 0x00, 0x14, 0x00, 0x00, 0x00, 0x02, 0x6E,
    0x00, 0x08, 0x00, 0x00, 0x00, 0x67, 0x6C, 0x6F, 0x62, 0x61, 0x6C, 0x73,
    0x00, 0x00, 0x03, 0x35, 0x00, 0x16, 0x00, 0x00, 0x00, 0x02, 0x6E, 0x00,
    0x0A, 0x00, 0x00, 0x00, 0x66, 0x75, 0x6E, 0x63, 0x74, 0x69, 0x6F, 0x6E,
    0x73, 0x00, 0x00, 0x03, 0x36, 0x00, 0x14, 0x00, 0x00, 0x00, 0x02, 0x6E,
    0x00, 0x08, 0x00, 0x00, 0x00, 0x63, 0x6C, 0x61, 0x73, 0x73, 0x65, 0x73,
    0x00, 0x00, 0x03, 0x37, 0x00, 0x11, 0x00, 0x00, 0x00, 0x02, 0x6E, 0x00,
    0x05, 0x00, 0x00, 0x00, 0x63, 0x6F, 0x64, 0x65, 0x00, 0x00, 0x03, 0x38,
    0x00, 0x19, 0x00, 0x00, 0x00, 0x02, 0x6E, 0x00, 0x0D, 0x00, 0x00, 0x00,
    0x69, 0x6E, 0x69, 0x74, 0x5F, 0x6E, 0x6C, 0x6F, 0x63, 0x61, 0x6C, 0x73,
    0x00, 0x00, 0x03, 0x39, 0x00, 0x18, 0x00, 0x00, 0x00, 0x02, 0x6E, 0x00,
    0x0C, 0x00, 0x00, 0x00, 0x6D, 0x6F, 0x64, 0x75, 0x6C, 0x65, 0x5F, 0x75,
    0x73, 0x65, 0x73, 0x00, 0x00, 0x03, 0x31, 0x30, 0x00, 0x12, 0x00, 0x00,
    0x00, 0x02, 0x6E, 0x00, 0x06, 0x00, 0x00, 0x00, 0x64, 0x65, 0x62, 0x75,
    0x67, 0x00, 0x00, 0x03, 0x31, 0x31, 0x00, 0x16, 0x00, 0x00, 0x00, 0x02,
    0x6E, 0x00, 0x0A, 0x00, 0x00, 0x00, 0x75, 0x6E, 0x6C, 0x6F, 0x77, 0x65,
    0x72, 0x65, 0x64, 0x00, 0x00, 0x03, 0x31, 0x32, 0x00, 0x1A, 0x00, 0x00,
    0x00, 0x02, 0x6E, 0x00, 0x0E, 0x00, 0x00, 0x00, 0x5F, 0x73, 0x74, 0x61,
    0x74, 0x69, 0x63, 0x5F, 0x69, 0x6E, 0x64, 0x65, 0x78, 0x00, 0x00, 0x03,
    0x31, 0x33, 0x00, 0x1A, 0x00, 0x00, 0x00, 0x02, 0x6E, 0x00, 0x0E, 0x00,
    0x00, 0x00, 0x5F, 0x73, 0x79, 0x6D, 0x62, 0x6F, 0x6C, 0x5F, 0x69, 0x6E,
    0x64, 0x65, 0x78, 0x00, 0x00, 0x03, 0x31, 0x34, 0x00, 0x1B, 0x00, 0x00,
    0x00, 0x02, 0x6E, 0x00, 0x0F, 0x00, 0x00, 0x00, 0x5F, 0x6D, 0x65, 0x73,
    0x73, 0x61, 0x67, 0x65, 0x5F, 0x69, 0x6E, 0x64, 0x65, 0x78, 0x00, 0x00,
    0x03, 0x31, 0x35, 0x00, 0x1A, 0x00, 0x00, 0x00, 0x02, 0x6E, 0x00, 0x0E,
    0x00, 0x00, 0x00, 0x5F, 0x67, 0x6C, 0x6F, 0x62, 0x61, 0x6C, 0x5F, 0x69,
    0x6E, 0x64, 0x65, 0x78, 0x00, 0x00, 0x03, 0x31, 0x36, 0x00, 0x18, 0x00,
    0x00, 0x00, 0x02, 0x6E, 0x00, 0x0C, 0x00, 0x00, 0x00, 0x5F, 0x66, 0x72,
    0x65, 0x65, 0x5F, 0x69, 0x6E, 0x64, 0x65, 0x78, 0x00, 0x00, 0x00, 0x10,
    0x69, 0x00, 0x04, 0x00, 0x00, 0x00, 0x04, 0x6D, 0x00, 0x05, 0x00, 0x00,
    0x00, 0x00, 0x04, 0x73, 0x74, 0x00, 0x05, 0x00, 0x00, 0x00, 0x00, 0x00,
    0x03, 0x31, 0x00, 0x5E, 0x00, 0x00, 0x00, 0x02, 0x6E, 0x00, 0x06, 0x00,
    0x00, 0x00, 0x4C, 0x61, 0x62, 0x65, 0x6C, 0x00, 0x04, 0x73, 0x6C, 0x00,
    0x30, 0x00, 0x00, 0x00, 0x03, 0x30, 0x00, 0x13, 0x00, 0x00, 0x00, 0x02,
    0x6E, 0x00, 0x07, 0x00, 0x00, 0x00, 0x74, 0x61, 0x72, 0x67, 0x65, 0x74,
    0x00, 0x00, 0x03, 0x31, 0x00, 0x12, 0x00, 0x00, 0x00, 0x02, 0x6E, 0x00,
    0x06, 0x00, 0x00, 0x00, 0x73, 0x69, 0x74, 0x65, 0x73, 0x00, 0x00, 0x00,
    0x10, 0x69, 0x00, 0x18, 0x00, 0x00, 0x00, 0x04, 0x6D, 0x00, 0x05, 0x00,
    0x00, 0x00, 0x00, 0x04, 0x73, 0x74, 0x00, 0x05, 0x00, 0x00, 0x00, 0x00,
    0x00, 0x03, 0x32, 0x00, 0x0C, 0x03, 0x00, 0x00, 0x02, 0x6E, 0x00, 0x0A,
    0x00, 0x00, 0x00, 0x46, 0x6E, 0x43, 0x6F, 0x6E, 0x74, 0x65, 0x78, 0x74,
    0x00, 0x04, 0x73, 0x6C, 0x00, 0xDA, 0x02, 0x00, 0x00, 0x03, 0x30, 0x00,
    0x13, 0x00, 0x00, 0x00, 0x02, 0x6E, 0x00, 0x07, 0x00, 0x00, 0x00, 0x6D,
    0x6F, 0x64, 0x75, 0x6C, 0x65, 0x00, 0x00, 0x03, 0x31, 0x00, 0x11, 0x00,
    0x00, 0x00, 0x02, 0x6E, 0x00, 0x05, 0x00, 0x00, 0x00, 0x6E, 0x61, 0x6D,
    0x65, 0x00, 0x00, 0x03, 0x32, 0x00, 0x1B, 0x00, 0x00, 0x00, 0x02, 0x6E,
    0x00, 0x0F, 0x00, 0x00, 0x00, 0x69, 0x73, 0x5F, 0x6D, 0x6F, 0x64, 0x75,
    0x6C, 0x65, 0x5F, 0x69, 0x6E, 0x69, 0x74, 0x00, 0x00, 0x03, 0x33, 0x00,
    0x12, 0x00, 0x00, 0x00, 0x02, 0x6E, 0x00, 0x06, 0x00, 0x00, 0x00, 0x6C,
    0x6F, 0x6F, 0x70, 0x73, 0x00, 0x00, 0x03, 0x34, 0x00, 0x18, 0x00, 0x00,
    0x00, 0x02, 0x6E, 0x00, 0x0C, 0x00, 0x00, 0x00, 0x6D, 0x61, 0x78, 0x5F,
    0x72, 0x65, 0x73, 0x75, 0x6C, 0x74, 0x73, 0x00, 0x00, 0x03, 0x35, 0x00,
    0x12, 0x00, 0x00, 0x00, 0x02, 0x6E, 0x00, 0x06, 0x00, 0x00, 0x00, 0x63,
    0x65, 0x6C, 0x6C, 0x73, 0x00, 0x00, 0x03, 0x36, 0x00, 0x12, 0x00, 0x00,
    0x00, 0x02, 0x6E, 0x00, 0x06, 0x00, 0x00, 0x00, 0x5F, 0x7A, 0x65, 0x72,
    0x6F, 0x00, 0x00, 0x03, 0x37, 0x00, 0x11, 0x00, 0x00, 0x00, 0x02, 0x6E,
    0x00, 0x05, 0x00, 0x00, 0x00, 0x63, 0x6F, 0x64, 0x65, 0x00, 0x00, 0x03,
    0x38, 0x00, 0x11, 0x00, 0x00, 0x00, 0x02, 0x6E, 0x00, 0x05, 0x00, 0x00,
    0x00, 0x75, 0x73, 0x65, 0x73, 0x00, 0x00, 0x03, 0x39, 0x00, 0x13, 0x00,
    0x00, 0x00, 0x02, 0x6E, 0x00, 0x07, 0x00, 0x00, 0x00, 0x6C, 0x61, 0x62,
    0x65, 0x6C, 0x73, 0x00, 0x00, 0x03, 0x31, 0x30, 0x00, 0x11, 0x00, 0x00,
    0x00, 0x02, 0x6E, 0x00, 0x05, 0x00, 0x00, 0x00, 0x6C, 0x69, 0x6E, 0x65,
    0x00, 0x00, 0x03, 0x31, 0x31, 0x00, 0x12, 0x00, 0x00, 0x00, 0x02, 0x6E,
    0x00, 0x06, 0x00, 0x00, 0x00, 0x6C, 0x69, 0x6E, 0x65, 0x73, 0x00, 0x00,
    0x03, 0x31, 0x32, 0x00, 0x1A, 0x00, 0x00, 0x00, 0x02, 0x6E, 0x00, 0x0E,
    0x00, 0x00, 0x00, 0x5F, 0x65, 0x6D, 0x69, 0x74, 0x74, 0x65, 0x64, 0x5F,
    0x6C, 0x69, 0x6E, 0x65, 0x00, 0x00, 0x03, 0x31, 0x33, 0x00, 0x13, 0x00,
    0x00, 0x00, 0x02, 0x6E, 0x00, 0x07, 0x00, 0x00, 0x00, 0x6C, 0x6F, 0x63,
    0x61, 0x6C, 0x73, 0x00, 0x00, 0x03, 0x31, 0x34, 0x00, 0x13, 0x00, 0x00,
    0x00, 0x02, 0x6E, 0x00, 0x07, 0x00, 0x00, 0x00, 0x6E, 0x6E, 0x61, 0x6D,
    0x65, 0x64, 0x00, 0x00, 0x03, 0x31, 0x35, 0x00, 0x10, 0x00, 0x00, 0x00,
    0x02, 0x6E, 0x00, 0x04, 0x00, 0x00, 0x00, 0x74, 0x6F, 0x70, 0x00, 0x00,
    0x03, 0x31, 0x36, 0x00, 0x11, 0x00, 0x00, 0x00, 0x02, 0x6E, 0x00, 0x05,
    0x00, 0x00, 0x00, 0x68, 0x69, 0x67, 0x68, 0x00, 0x00, 0x03, 0x31, 0x37,
    0x00, 0x13, 0x00, 0x00, 0x00, 0x02, 0x6E, 0x00, 0x07, 0x00, 0x00, 0x00,
    0x70, 0x61, 0x72, 0x61, 0x6D, 0x73, 0x00, 0x00, 0x03, 0x31, 0x38, 0x00,
    0x15, 0x00, 0x00, 0x00, 0x02, 0x6E, 0x00, 0x09, 0x00, 0x00, 0x00, 0x63,
    0x61, 0x70, 0x74, 0x75, 0x72, 0x65, 0x73, 0x00, 0x00, 0x03, 0x31, 0x39,
    0x00, 0x17, 0x00, 0x00, 0x00, 0x02, 0x6E, 0x00, 0x0B, 0x00, 0x00, 0x00,
    0x74, 0x68, 0x69, 0x73, 0x5F, 0x63, 0x6F, 0x75, 0x6E, 0x74, 0x00, 0x00,
    0x03, 0x32, 0x30, 0x00, 0x15, 0x00, 0x00, 0x00, 0x02, 0x6E, 0x00, 0x09,
    0x00, 0x00, 0x00, 0x74, 0x68, 0x69, 0x73, 0x5F, 0x72, 0x65, 0x67, 0x00,
    0x00, 0x03, 0x32, 0x31, 0x00, 0x17, 0x00, 0x00, 0x00, 0x02, 0x6E, 0x00,
    0x0B, 0x00, 0x00, 0x00, 0x74, 0x68, 0x69, 0x73, 0x5F, 0x63, 0x6C, 0x61,
    0x73, 0x73, 0x00, 0x00, 0x03, 0x32, 0x32, 0x00, 0x19, 0x00, 0x00, 0x00,
    0x02, 0x6E, 0x00, 0x0D, 0x00, 0x00, 0x00, 0x69, 0x73, 0x5F, 0x63, 0x6F,
    0x72, 0x6F, 0x75, 0x74, 0x69, 0x6E, 0x65, 0x00, 0x00, 0x03, 0x32, 0x33,
    0x00, 0x14, 0x00, 0x00, 0x00, 0x02, 0x6E, 0x00, 0x08, 0x00, 0x00, 0x00,
    0x73, 0x74, 0x61, 0x74, 0x69, 0x63, 0x73, 0x00, 0x00, 0x03, 0x32, 0x34,
    0x00, 0x18, 0x00, 0x00, 0x00, 0x02, 0x6E, 0x00, 0x0C, 0x00, 0x00, 0x00,
    0x62, 0x6C, 0x6F, 0x63, 0x6B, 0x5F, 0x73, 0x6C, 0x6F, 0x74, 0x73, 0x00,
    0x00, 0x03, 0x32, 0x35, 0x00, 0x13, 0x00, 0x00, 0x00, 0x02, 0x6E, 0x00,
    0x07, 0x00, 0x00, 0x00, 0x73, 0x63, 0x6F, 0x70, 0x65, 0x73, 0x00, 0x00,
    0x03, 0x32, 0x36, 0x00, 0x18, 0x00, 0x00, 0x00, 0x02, 0x6E, 0x00, 0x0C,
    0x00, 0x00, 0x00, 0x73, 0x63, 0x6F, 0x70, 0x65, 0x5F, 0x73, 0x74, 0x61,
    0x63, 0x6B, 0x00, 0x00, 0x03, 0x32, 0x37, 0x00, 0x15, 0x00, 0x00, 0x00,
    0x02, 0x6E, 0x00, 0x09, 0x00, 0x00, 0x00, 0x74, 0x6F, 0x70, 0x5F, 0x62,
    0x6F, 0x64, 0x79, 0x00, 0x00, 0x03, 0x32, 0x38, 0x00, 0x1C, 0x00, 0x00,
    0x00, 0x02, 0x6E, 0x00, 0x10, 0x00, 0x00, 0x00, 0x74, 0x6F, 0x70, 0x5F,
    0x62, 0x6F, 0x64, 0x79, 0x5F, 0x70, 0x75, 0x73, 0x68, 0x65, 0x64, 0x00,
    0x00, 0x03, 0x32, 0x39, 0x00, 0x15, 0x00, 0x00, 0x00, 0x02, 0x6E, 0x00,
    0x09, 0x00, 0x00, 0x00, 0x74, 0x6F, 0x6C, 0x65, 0x72, 0x61, 0x6E, 0x74,
    0x00, 0x00, 0x00, 0x10, 0x69, 0x00, 0x19, 0x00, 0x00, 0x00, 0x04, 0x6D,
    0x00, 0x05, 0x00, 0x00, 0x00, 0x00, 0x04, 0x73, 0x74, 0x00, 0x05, 0x00,
    0x00, 0x00, 0x00, 0x00, 0x03, 0x33, 0x00, 0x93, 0x02, 0x00, 0x00, 0x02,
    0x6E, 0x00, 0x0E, 0x00, 0x00, 0x00, 0x4D, 0x6F, 0x64, 0x75, 0x6C, 0x65,
    0x43, 0x6F, 0x6E, 0x74, 0x65, 0x78, 0x74, 0x00, 0x04, 0x73, 0x6C, 0x00,
    0x5D, 0x02, 0x00, 0x00, 0x03, 0x30, 0x00, 0x12, 0x00, 0x00, 0x00, 0x02,
    0x6E, 0x00, 0x06, 0x00, 0x00, 0x00, 0x69, 0x6D, 0x61, 0x67, 0x65, 0x00,
    0x00, 0x03, 0x31, 0x00, 0x18, 0x00, 0x00, 0x00, 0x02, 0x6E, 0x00, 0x0C,
    0x00, 0x00, 0x00, 0x73, 0x6F, 0x75, 0x72, 0x63, 0x65, 0x5F, 0x66, 0x69,
    0x6C, 0x65, 0x00, 0x00, 0x03, 0x32, 0x00, 0x14, 0x00, 0x00, 0x00, 0x02,
    0x6E, 0x00, 0x08, 0x00, 0x00, 0x00, 0x67, 0x6C, 0x6F, 0x62, 0x61, 0x6C,
    0x73, 0x00, 0x00, 0x03, 0x33, 0x00, 0x14, 0x00, 0x00, 0x00, 0x02, 0x6E,
    0x00, 0x08, 0x00, 0x00, 0x00, 0x63, 0x6C, 0x61, 0x73, 0x73, 0x65, 0x73,
    0x00, 0x00, 0x03, 0x34, 0x00, 0x1A, 0x00, 0x00, 0x00, 0x02, 0x6E, 0x00,
    0x0E, 0x00, 0x00, 0x00, 0x63, 0x6C, 0x61, 0x73, 0x73, 0x5F, 0x73, 0x74,
    0x61, 0x74, 0x69, 0x63, 0x73, 0x00, 0x00, 0x03, 0x35, 0x00, 0x17, 0x00,
    0x00, 0x00, 0x02, 0x6E, 0x00, 0x0B, 0x00, 0x00, 0x00, 0x73, 0x6C, 0x6F,
    0x74, 0x5F, 0x6E, 0x61, 0x6D, 0x65, 0x73, 0x00, 0x00, 0x03, 0x36, 0x00,
    0x19, 0x00, 0x00, 0x00, 0x02, 0x6E, 0x00, 0x0D, 0x00, 0x00, 0x00, 0x73,
    0x75, 0x70, 0x65, 0x72, 0x63, 0x6C, 0x61, 0x73, 0x73, 0x65, 0x73, 0x00,
    0x00, 0x03, 0x37, 0x00, 0x1E, 0x00, 0x00, 0x00, 0x02, 0x6E, 0x00, 0x12,
    0x00, 0x00, 0x00, 0x73, 0x6C, 0x6F, 0x74, 0x5F, 0x6F, 0x70, 0x74, 0x69,
    0x6D, 0x69, 0x7A, 0x61, 0x74, 0x69, 0x6F, 0x6E, 0x00, 0x00, 0x03, 0x38,
    0x00, 0x1B, 0x00, 0x00, 0x00, 0x02, 0x6E, 0x00, 0x0F, 0x00, 0x00, 0x00,
    0x73, 0x74, 0x61, 0x74, 0x69, 0x63, 0x5F, 0x69, 0x6D, 0x70, 0x6F, 0x72,
    0x74, 0x73, 0x00, 0x00, 0x03, 0x39, 0x00, 0x1C, 0x00, 0x00, 0x00, 0x02,
    0x6E, 0x00, 0x10, 0x00, 0x00, 0x00, 0x70, 0x65, 0x6E, 0x64, 0x69, 0x6E,
    0x67, 0x5F, 0x73, 0x74, 0x61, 0x74, 0x69, 0x63, 0x73, 0x00, 0x00, 0x03,
    0x31, 0x30, 0x00, 0x20, 0x00, 0x00, 0x00, 0x02, 0x6E, 0x00, 0x14, 0x00,
    0x00, 0x00, 0x68, 0x61, 0x73, 0x5F, 0x77, 0x69, 0x6C, 0x64, 0x63, 0x61,
    0x72, 0x64, 0x5F, 0x69, 0x6D, 0x70, 0x6F, 0x72, 0x74, 0x00, 0x00, 0x03,
    0x31, 0x31, 0x00, 0x17, 0x00, 0x00, 0x00, 0x02, 0x6E, 0x00, 0x0B, 0x00,
    0x00, 0x00, 0x65, 0x6D, 0x69, 0x74, 0x5F, 0x64, 0x65, 0x62, 0x75, 0x67,
    0x00, 0x00, 0x03, 0x31, 0x32, 0x00, 0x18, 0x00, 0x00, 0x00, 0x02, 0x6E,
    0x00, 0x0C, 0x00, 0x00, 0x00, 0x64, 0x65, 0x66, 0x69, 0x6E, 0x69, 0x74,
    0x69, 0x6F, 0x6E, 0x73, 0x00, 0x00, 0x03, 0x31, 0x33, 0x00, 0x1D, 0x00,
    0x00, 0x00, 0x02, 0x6E, 0x00, 0x11, 0x00, 0x00, 0x00, 0x70, 0x72, 0x6F,
    0x6D, 0x6F, 0x74, 0x65, 0x64, 0x5F, 0x61, 0x72, 0x69, 0x74, 0x69, 0x65,
    0x73, 0x00, 0x00, 0x03, 0x31, 0x34, 0x00, 0x1B, 0x00, 0x00, 0x00, 0x02,
    0x6E, 0x00, 0x0F, 0x00, 0x00, 0x00, 0x73, 0x74, 0x75, 0x62, 0x5F, 0x75,
    0x6E, 0x6C, 0x6F, 0x77, 0x65, 0x72, 0x65, 0x64, 0x00, 0x00, 0x03, 0x31,
    0x35, 0x00, 0x15, 0x00, 0x00, 0x00, 0x02, 0x6E, 0x00, 0x09, 0x00, 0x00,
    0x00, 0x69, 0x6E, 0x69, 0x74, 0x5F, 0x63, 0x74, 0x78, 0x00, 0x00, 0x03,
    0x31, 0x36, 0x00, 0x14, 0x00, 0x00, 0x00, 0x02, 0x6E, 0x00, 0x08, 0x00,
    0x00, 0x00, 0x70, 0x65, 0x6E, 0x64, 0x69, 0x6E, 0x67, 0x00, 0x00, 0x03,
    0x31, 0x37, 0x00, 0x1D, 0x00, 0x00, 0x00, 0x02, 0x6E, 0x00, 0x11, 0x00,
    0x00, 0x00, 0x73, 0x65, 0x73, 0x73, 0x69, 0x6F, 0x6E, 0x5F, 0x64, 0x65,
    0x63, 0x6C, 0x61, 0x72, 0x65, 0x64, 0x00, 0x00, 0x03, 0x31, 0x38, 0x00,
    0x1C, 0x00, 0x00, 0x00, 0x02, 0x6E, 0x00, 0x10, 0x00, 0x00, 0x00, 0x73,
    0x65, 0x73, 0x73, 0x69, 0x6F, 0x6E, 0x5F, 0x70, 0x65, 0x6E, 0x64, 0x69,
    0x6E, 0x67, 0x00, 0x00, 0x03, 0x31, 0x39, 0x00, 0x19, 0x00, 0x00, 0x00,
    0x02, 0x6E, 0x00, 0x0D, 0x00, 0x00, 0x00, 0x73, 0x65, 0x73, 0x73, 0x69,
    0x6F, 0x6E, 0x5F, 0x75, 0x6E, 0x64, 0x6F, 0x00, 0x00, 0x03, 0x32, 0x30,
    0x00, 0x1B, 0x00, 0x00, 0x00, 0x02, 0x6E, 0x00, 0x0F, 0x00, 0x00, 0x00,
    0x73, 0x65, 0x73, 0x73, 0x69, 0x6F, 0x6E, 0x5F, 0x66, 0x69, 0x6C, 0x6C,
    0x65, 0x64, 0x00, 0x00, 0x00, 0x10, 0x69, 0x00, 0x34, 0x00, 0x00, 0x00,
    0x04, 0x6D, 0x00, 0x05, 0x00, 0x00, 0x00, 0x00, 0x04, 0x73, 0x74, 0x00,
    0x05, 0x00, 0x00, 0x00, 0x00, 0x00, 0x00,
};

static const uint8_t context_messages[] = {
    0x53, 0x05, 0x00, 0x00, 0x03, 0x30, 0x00, 0x14, 0x00, 0x00, 0x00, 0x04,
    0x70, 0x00, 0x0C, 0x00, 0x00, 0x00, 0x10, 0x30, 0x00, 0x11, 0x00, 0x00,
    0x00, 0x00, 0x00, 0x03, 0x31, 0x00, 0x14, 0x00, 0x00, 0x00, 0x04, 0x70,
    0x00, 0x0C, 0x00, 0x00, 0x00, 0x10, 0x30, 0x00, 0x12, 0x00, 0x00, 0x00,
    0x00, 0x00, 0x03, 0x32, 0x00, 0x14, 0x00, 0x00, 0x00, 0x04, 0x70, 0x00,
    0x0C, 0x00, 0x00, 0x00, 0x10, 0x30, 0x00, 0x13, 0x00, 0x00, 0x00, 0x00,
    0x00, 0x03, 0x33, 0x00, 0x14, 0x00, 0x00, 0x00, 0x04, 0x70, 0x00, 0x0C,
    0x00, 0x00, 0x00, 0x10, 0x30, 0x00, 0x14, 0x00, 0x00, 0x00, 0x00, 0x00,
    0x03, 0x34, 0x00, 0x14, 0x00, 0x00, 0x00, 0x04, 0x70, 0x00, 0x0C, 0x00,
    0x00, 0x00, 0x10, 0x30, 0x00, 0x15, 0x00, 0x00, 0x00, 0x00, 0x00, 0x03,
    0x35, 0x00, 0x14, 0x00, 0x00, 0x00, 0x04, 0x70, 0x00, 0x0C, 0x00, 0x00,
    0x00, 0x10, 0x30, 0x00, 0x16, 0x00, 0x00, 0x00, 0x00, 0x00, 0x03, 0x36,
    0x00, 0x14, 0x00, 0x00, 0x00, 0x04, 0x70, 0x00, 0x0C, 0x00, 0x00, 0x00,
    0x10, 0x30, 0x00, 0x17, 0x00, 0x00, 0x00, 0x00, 0x00, 0x03, 0x37, 0x00,
    0x14, 0x00, 0x00, 0x00, 0x04, 0x70, 0x00, 0x0C, 0x00, 0x00, 0x00, 0x10,
    0x30, 0x00, 0x18, 0x00, 0x00, 0x00, 0x00, 0x00, 0x03, 0x38, 0x00, 0x14,
    0x00, 0x00, 0x00, 0x04, 0x70, 0x00, 0x0C, 0x00, 0x00, 0x00, 0x10, 0x30,
    0x00, 0x19, 0x00, 0x00, 0x00, 0x00, 0x00, 0x03, 0x39, 0x00, 0x14, 0x00,
    0x00, 0x00, 0x04, 0x70, 0x00, 0x0C, 0x00, 0x00, 0x00, 0x10, 0x30, 0x00,
    0x1A, 0x00, 0x00, 0x00, 0x00, 0x00, 0x03, 0x31, 0x30, 0x00, 0x14, 0x00,
    0x00, 0x00, 0x04, 0x70, 0x00, 0x0C, 0x00, 0x00, 0x00, 0x10, 0x30, 0x00,
    0x1B, 0x00, 0x00, 0x00, 0x00, 0x00, 0x03, 0x31, 0x31, 0x00, 0x14, 0x00,
    0x00, 0x00, 0x04, 0x70, 0x00, 0x0C, 0x00, 0x00, 0x00, 0x10, 0x30, 0x00,
    0x1C, 0x00, 0x00, 0x00, 0x00, 0x00, 0x03, 0x31, 0x32, 0x00, 0x14, 0x00,
    0x00, 0x00, 0x04, 0x70, 0x00, 0x0C, 0x00, 0x00, 0x00, 0x10, 0x30, 0x00,
    0x1D, 0x00, 0x00, 0x00, 0x00, 0x00, 0x03, 0x31, 0x33, 0x00, 0x14, 0x00,
    0x00, 0x00, 0x04, 0x70, 0x00, 0x0C, 0x00, 0x00, 0x00, 0x10, 0x30, 0x00,
    0x1E, 0x00, 0x00, 0x00, 0x00, 0x00, 0x03, 0x31, 0x34, 0x00, 0x14, 0x00,
    0x00, 0x00, 0x04, 0x70, 0x00, 0x0C, 0x00, 0x00, 0x00, 0x10, 0x30, 0x00,
    0x1F, 0x00, 0x00, 0x00, 0x00, 0x00, 0x03, 0x31, 0x35, 0x00, 0x14, 0x00,
    0x00, 0x00, 0x04, 0x70, 0x00, 0x0C, 0x00, 0x00, 0x00, 0x10, 0x30, 0x00,
    0x3E, 0x00, 0x00, 0x00, 0x00, 0x00, 0x03, 0x31, 0x36, 0x00, 0x14, 0x00,
    0x00, 0x00, 0x04, 0x70, 0x00, 0x0C, 0x00, 0x00, 0x00, 0x10, 0x30, 0x00,
    0x3F, 0x00, 0x00, 0x00, 0x00, 0x00, 0x03, 0x31, 0x37, 0x00, 0x14, 0x00,
    0x00, 0x00, 0x04, 0x70, 0x00, 0x0C, 0x00, 0x00, 0x00, 0x10, 0x30, 0x00,
    0x40, 0x00, 0x00, 0x00, 0x00, 0x00, 0x03, 0x31, 0x38, 0x00, 0x14, 0x00,
    0x00, 0x00, 0x04, 0x70, 0x00, 0x0C, 0x00, 0x00, 0x00, 0x10, 0x30, 0x00,
    0x41, 0x00, 0x00, 0x00, 0x00, 0x00, 0x03, 0x31, 0x39, 0x00, 0x14, 0x00,
    0x00, 0x00, 0x04, 0x70, 0x00, 0x0C, 0x00, 0x00, 0x00, 0x10, 0x30, 0x00,
    0x42, 0x00, 0x00, 0x00, 0x00, 0x00, 0x03, 0x32, 0x30, 0x00, 0x14, 0x00,
    0x00, 0x00, 0x04, 0x70, 0x00, 0x0C, 0x00, 0x00, 0x00, 0x10, 0x30, 0x00,
    0x43, 0x00, 0x00, 0x00, 0x00, 0x00, 0x03, 0x32, 0x31, 0x00, 0x14, 0x00,
    0x00, 0x00, 0x04, 0x70, 0x00, 0x0C, 0x00, 0x00, 0x00, 0x10, 0x30, 0x00,
    0x44, 0x00, 0x00, 0x00, 0x00, 0x00, 0x03, 0x32, 0x32, 0x00, 0x14, 0x00,
    0x00, 0x00, 0x04, 0x70, 0x00, 0x0C, 0x00, 0x00, 0x00, 0x10, 0x30, 0x00,
    0x45, 0x00, 0x00, 0x00, 0x00, 0x00, 0x03, 0x32, 0x33, 0x00, 0x14, 0x00,
    0x00, 0x00, 0x04, 0x70, 0x00, 0x0C, 0x00, 0x00, 0x00, 0x10, 0x30, 0x00,
    0x46, 0x00, 0x00, 0x00, 0x00, 0x00, 0x03, 0x32, 0x34, 0x00, 0x14, 0x00,
    0x00, 0x00, 0x04, 0x70, 0x00, 0x0C, 0x00, 0x00, 0x00, 0x10, 0x30, 0x00,
    0x47, 0x00, 0x00, 0x00, 0x00, 0x00, 0x03, 0x32, 0x35, 0x00, 0x14, 0x00,
    0x00, 0x00, 0x04, 0x70, 0x00, 0x0C, 0x00, 0x00, 0x00, 0x10, 0x30, 0x00,
    0x48, 0x00, 0x00, 0x00, 0x00, 0x00, 0x03, 0x32, 0x36, 0x00, 0x14, 0x00,
    0x00, 0x00, 0x04, 0x70, 0x00, 0x0C, 0x00, 0x00, 0x00, 0x10, 0x30, 0x00,
    0x49, 0x00, 0x00, 0x00, 0x00, 0x00, 0x03, 0x32, 0x37, 0x00, 0x14, 0x00,
    0x00, 0x00, 0x04, 0x70, 0x00, 0x0C, 0x00, 0x00, 0x00, 0x10, 0x30, 0x00,
    0x4A, 0x00, 0x00, 0x00, 0x00, 0x00, 0x03, 0x32, 0x38, 0x00, 0x14, 0x00,
    0x00, 0x00, 0x04, 0x70, 0x00, 0x0C, 0x00, 0x00, 0x00, 0x10, 0x30, 0x00,
    0x4B, 0x00, 0x00, 0x00, 0x00, 0x00, 0x03, 0x32, 0x39, 0x00, 0x14, 0x00,
    0x00, 0x00, 0x04, 0x70, 0x00, 0x0C, 0x00, 0x00, 0x00, 0x10, 0x30, 0x00,
    0x4D, 0x00, 0x00, 0x00, 0x00, 0x00, 0x03, 0x33, 0x30, 0x00, 0x14, 0x00,
    0x00, 0x00, 0x04, 0x70, 0x00, 0x0C, 0x00, 0x00, 0x00, 0x10, 0x30, 0x00,
    0x4E, 0x00, 0x00, 0x00, 0x00, 0x00, 0x03, 0x33, 0x31, 0x00, 0x14, 0x00,
    0x00, 0x00, 0x04, 0x70, 0x00, 0x0C, 0x00, 0x00, 0x00, 0x10, 0x30, 0x00,
    0x4F, 0x00, 0x00, 0x00, 0x00, 0x00, 0x03, 0x33, 0x32, 0x00, 0x14, 0x00,
    0x00, 0x00, 0x04, 0x70, 0x00, 0x0C, 0x00, 0x00, 0x00, 0x10, 0x30, 0x00,
    0x50, 0x00, 0x00, 0x00, 0x00, 0x00, 0x03, 0x33, 0x33, 0x00, 0x14, 0x00,
    0x00, 0x00, 0x04, 0x70, 0x00, 0x0C, 0x00, 0x00, 0x00, 0x10, 0x30, 0x00,
    0x51, 0x00, 0x00, 0x00, 0x00, 0x00, 0x03, 0x33, 0x34, 0x00, 0x14, 0x00,
    0x00, 0x00, 0x04, 0x70, 0x00, 0x0C, 0x00, 0x00, 0x00, 0x10, 0x30, 0x00,
    0x52, 0x00, 0x00, 0x00, 0x00, 0x00, 0x03, 0x33, 0x35, 0x00, 0x14, 0x00,
    0x00, 0x00, 0x04, 0x70, 0x00, 0x0C, 0x00, 0x00, 0x00, 0x10, 0x30, 0x00,
    0x53, 0x00, 0x00, 0x00, 0x00, 0x00, 0x03, 0x33, 0x36, 0x00, 0x14, 0x00,
    0x00, 0x00, 0x04, 0x70, 0x00, 0x0C, 0x00, 0x00, 0x00, 0x10, 0x30, 0x00,
    0x54, 0x00, 0x00, 0x00, 0x00, 0x00, 0x03, 0x33, 0x37, 0x00, 0x14, 0x00,
    0x00, 0x00, 0x04, 0x70, 0x00, 0x0C, 0x00, 0x00, 0x00, 0x10, 0x30, 0x00,
    0x55, 0x00, 0x00, 0x00, 0x00, 0x00, 0x03, 0x33, 0x38, 0x00, 0x14, 0x00,
    0x00, 0x00, 0x04, 0x70, 0x00, 0x0C, 0x00, 0x00, 0x00, 0x10, 0x30, 0x00,
    0x56, 0x00, 0x00, 0x00, 0x00, 0x00, 0x03, 0x33, 0x39, 0x00, 0x14, 0x00,
    0x00, 0x00, 0x04, 0x70, 0x00, 0x0C, 0x00, 0x00, 0x00, 0x10, 0x30, 0x00,
    0x59, 0x00, 0x00, 0x00, 0x00, 0x00, 0x03, 0x34, 0x30, 0x00, 0x14, 0x00,
    0x00, 0x00, 0x04, 0x70, 0x00, 0x0C, 0x00, 0x00, 0x00, 0x10, 0x30, 0x00,
    0x5A, 0x00, 0x00, 0x00, 0x00, 0x00, 0x03, 0x34, 0x31, 0x00, 0x14, 0x00,
    0x00, 0x00, 0x04, 0x70, 0x00, 0x0C, 0x00, 0x00, 0x00, 0x10, 0x30, 0x00,
    0x5B, 0x00, 0x00, 0x00, 0x00, 0x00, 0x03, 0x34, 0x32, 0x00, 0x14, 0x00,
    0x00, 0x00, 0x04, 0x70, 0x00, 0x0C, 0x00, 0x00, 0x00, 0x10, 0x30, 0x00,
    0x5C, 0x00, 0x00, 0x00, 0x00, 0x00, 0x03, 0x34, 0x33, 0x00, 0x14, 0x00,
    0x00, 0x00, 0x04, 0x70, 0x00, 0x0C, 0x00, 0x00, 0x00, 0x10, 0x30, 0x00,
    0x5D, 0x00, 0x00, 0x00, 0x00, 0x00, 0x03, 0x34, 0x34, 0x00, 0x14, 0x00,
    0x00, 0x00, 0x04, 0x70, 0x00, 0x0C, 0x00, 0x00, 0x00, 0x10, 0x30, 0x00,
    0x5E, 0x00, 0x00, 0x00, 0x00, 0x00, 0x03, 0x34, 0x35, 0x00, 0x14, 0x00,
    0x00, 0x00, 0x04, 0x70, 0x00, 0x0C, 0x00, 0x00, 0x00, 0x10, 0x30, 0x00,
    0x5F, 0x00, 0x00, 0x00, 0x00, 0x00, 0x03, 0x34, 0x36, 0x00, 0x14, 0x00,
    0x00, 0x00, 0x04, 0x70, 0x00, 0x0C, 0x00, 0x00, 0x00, 0x10, 0x30, 0x00,
    0x72, 0x00, 0x00, 0x00, 0x00, 0x00, 0x03, 0x34, 0x37, 0x00, 0x14, 0x00,
    0x00, 0x00, 0x04, 0x70, 0x00, 0x0C, 0x00, 0x00, 0x00, 0x10, 0x30, 0x00,
    0x73, 0x00, 0x00, 0x00, 0x00, 0x00, 0x03, 0x34, 0x38, 0x00, 0x14, 0x00,
    0x00, 0x00, 0x04, 0x70, 0x00, 0x0C, 0x00, 0x00, 0x00, 0x10, 0x30, 0x00,
    0x74, 0x00, 0x00, 0x00, 0x00, 0x00, 0x03, 0x34, 0x39, 0x00, 0x14, 0x00,
    0x00, 0x00, 0x04, 0x70, 0x00, 0x0C, 0x00, 0x00, 0x00, 0x10, 0x30, 0x00,
    0x75, 0x00, 0x00, 0x00, 0x00, 0x00, 0x03, 0x35, 0x30, 0x00, 0x14, 0x00,
    0x00, 0x00, 0x04, 0x70, 0x00, 0x0C, 0x00, 0x00, 0x00, 0x10, 0x30, 0x00,
    0x76, 0x00, 0x00, 0x00, 0x00, 0x00, 0x03, 0x35, 0x31, 0x00, 0x14, 0x00,
    0x00, 0x00, 0x04, 0x70, 0x00, 0x0C, 0x00, 0x00, 0x00, 0x10, 0x30, 0x00,
    0x77, 0x00, 0x00, 0x00, 0x00, 0x00, 0x03, 0x35, 0x32, 0x00, 0x14, 0x00,
    0x00, 0x00, 0x04, 0x70, 0x00, 0x0C, 0x00, 0x00, 0x00, 0x10, 0x30, 0x00,
    0x78, 0x00, 0x00, 0x00, 0x00, 0x00, 0x03, 0x35, 0x33, 0x00, 0x14, 0x00,
    0x00, 0x00, 0x04, 0x70, 0x00, 0x0C, 0x00, 0x00, 0x00, 0x10, 0x30, 0x00,
    0x79, 0x00, 0x00, 0x00, 0x00, 0x00, 0x03, 0x35, 0x34, 0x00, 0x14, 0x00,
    0x00, 0x00, 0x04, 0x70, 0x00, 0x0C, 0x00, 0x00, 0x00, 0x10, 0x30, 0x00,
    0x7A, 0x00, 0x00, 0x00, 0x00, 0x00, 0x03, 0x35, 0x35, 0x00, 0x14, 0x00,
    0x00, 0x00, 0x04, 0x70, 0x00, 0x0C, 0x00, 0x00, 0x00, 0x10, 0x30, 0x00,
    0x7B, 0x00, 0x00, 0x00, 0x00, 0x00, 0x03, 0x35, 0x36, 0x00, 0x14, 0x00,
    0x00, 0x00, 0x04, 0x70, 0x00, 0x0C, 0x00, 0x00, 0x00, 0x10, 0x30, 0x00,
    0x7C, 0x00, 0x00, 0x00, 0x00, 0x00, 0x00,
};

static const uint8_t context_exports[] = {
    0x8D, 0x01, 0x00, 0x00, 0x10, 0x73, 0x74, 0x64, 0x00, 0x00, 0x00, 0x00,
    0x00, 0x10, 0x77, 0x79, 0x72, 0x6D, 0x00, 0x01, 0x00, 0x00, 0x00, 0x10,
    0x70, 0x61, 0x63, 0x6B, 0x5F, 0x70, 0x61, 0x69, 0x72, 0x61, 0x62, 0x6C,
    0x65, 0x00, 0x02, 0x00, 0x00, 0x00, 0x10, 0x5F, 0x70, 0x6F, 0x6F, 0x6C,
    0x5F, 0x6B, 0x69, 0x6E, 0x64, 0x00, 0x03, 0x00, 0x00, 0x00, 0x10, 0x5F,
    0x73, 0x74, 0x61, 0x74, 0x69, 0x63, 0x5F, 0x6B, 0x65, 0x79, 0x00, 0x04,
    0x00, 0x00, 0x00, 0x10, 0x6D, 0x61, 0x6B, 0x65, 0x5F, 0x67, 0x6C, 0x6F,
    0x62, 0x61, 0x6C, 0x5F, 0x73, 0x6C, 0x6F, 0x74, 0x00, 0x05, 0x00, 0x00,
    0x00, 0x10, 0x4D, 0x6F, 0x64, 0x75, 0x6C, 0x65, 0x49, 0x6D, 0x61, 0x67,
    0x65, 0x00, 0x06, 0x00, 0x00, 0x00, 0x10, 0x6D, 0x61, 0x6B, 0x65, 0x5F,
    0x66, 0x6E, 0x5F, 0x70, 0x61, 0x72, 0x61, 0x6D, 0x00, 0x07, 0x00, 0x00,
    0x00, 0x10, 0x6D, 0x61, 0x6B, 0x65, 0x5F, 0x63, 0x6C, 0x61, 0x73, 0x73,
    0x5F, 0x73, 0x6C, 0x6F, 0x74, 0x00, 0x08, 0x00, 0x00, 0x00, 0x10, 0x5F,
    0x6F, 0x72, 0x5F, 0x65, 0x6D, 0x70, 0x74, 0x79, 0x00, 0x09, 0x00, 0x00,
    0x00, 0x10, 0x5F, 0x70, 0x61, 0x74, 0x68, 0x5F, 0x63, 0x68, 0x61, 0x72,
    0x00, 0x0A, 0x00, 0x00, 0x00, 0x10, 0x5F, 0x70, 0x61, 0x74, 0x68, 0x5F,
    0x70, 0x61, 0x72, 0x74, 0x73, 0x00, 0x0B, 0x00, 0x00, 0x00, 0x10, 0x5F,
    0x6A, 0x6F, 0x69, 0x6E, 0x5F, 0x70, 0x61, 0x72, 0x74, 0x73, 0x00, 0x0C,
    0x00, 0x00, 0x00, 0x10, 0x4C, 0x61, 0x62, 0x65, 0x6C, 0x00, 0x0D, 0x00,
    0x00, 0x00, 0x10, 0x46, 0x6E, 0x43, 0x6F, 0x6E, 0x74, 0x65, 0x78, 0x74,
    0x00, 0x0E, 0x00, 0x00, 0x00, 0x10, 0x4D, 0x6F, 0x64, 0x75, 0x6C, 0x65,
    0x43, 0x6F, 0x6E, 0x74, 0x65, 0x78, 0x74, 0x00, 0x0F, 0x00, 0x00, 0x00,
    0x10, 0x5F, 0x64, 0x72, 0x6F, 0x70, 0x5F, 0x6B, 0x65, 0x79, 0x00, 0x10,
    0x00, 0x00, 0x00, 0x10, 0x54, 0x41, 0x42, 0x4C, 0x45, 0x5F, 0x4C, 0x49,
    0x4D, 0x49, 0x54, 0x00, 0x11, 0x00, 0x00, 0x00, 0x10, 0x4D, 0x41, 0x58,
    0x5F, 0x4C, 0x4F, 0x43, 0x41, 0x4C, 0x53, 0x00, 0x12, 0x00, 0x00, 0x00,
    0x10, 0x43, 0x4F, 0x4C, 0x4F, 0x4E, 0x5F, 0x43, 0x50, 0x00, 0x13, 0x00,
    0x00, 0x00, 0x10, 0x55, 0x33, 0x32, 0x5F, 0x4D, 0x41, 0x53, 0x4B, 0x00,
    0x14, 0x00, 0x00, 0x00, 0x10, 0x55, 0x33, 0x32, 0x5F, 0x48, 0x49, 0x47,
    0x48, 0x5F, 0x4D, 0x41, 0x53, 0x4B, 0x00, 0x15, 0x00, 0x00, 0x00, 0x10,
    0x48, 0x4F, 0x53, 0x54, 0x5F, 0x47, 0x4C, 0x4F, 0x42, 0x41, 0x4C, 0x53,
    0x00, 0x16, 0x00, 0x00, 0x00, 0x10, 0x42, 0x55, 0x49, 0x4C, 0x54, 0x49,
    0x4E, 0x5F, 0x4E, 0x41, 0x4D, 0x45, 0x53, 0x00, 0x17, 0x00, 0x00, 0x00,
    0x00,
};

static const uint8_t context_free[] = {
    0xB9, 0x00, 0x00, 0x00, 0x10, 0x6C, 0x6F, 0x6F, 0x6B, 0x75, 0x70, 0x00,
    0x18, 0x00, 0x00, 0x00, 0x10, 0x50, 0x41, 0x49, 0x52, 0x41, 0x42, 0x4C,
    0x45, 0x00, 0x19, 0x00, 0x00, 0x00, 0x10, 0x65, 0x72, 0x72, 0x6F, 0x72,
    0x00, 0x1A, 0x00, 0x00, 0x00, 0x10, 0x74, 0x6F, 0x5F, 0x72, 0x65, 0x67,
    0x38, 0x00, 0x1B, 0x00, 0x00, 0x00, 0x10, 0x70, 0x61, 0x63, 0x6B, 0x00,
    0x1C, 0x00, 0x00, 0x00, 0x10, 0x66, 0x69, 0x74, 0x73, 0x5F, 0x69, 0x38,
    0x00, 0x1D, 0x00, 0x00, 0x00, 0x10, 0x66, 0x69, 0x74, 0x73, 0x5F, 0x69,
    0x31, 0x36, 0x00, 0x1E, 0x00, 0x00, 0x00, 0x10, 0x73, 0x74, 0x72, 0x00,
    0x1F, 0x00, 0x00, 0x00, 0x10, 0x6C, 0x65, 0x6E, 0x00, 0x20, 0x00, 0x00,
    0x00, 0x10, 0x63, 0x61, 0x72, 0x00, 0x21, 0x00, 0x00, 0x00, 0x10, 0x63,
    0x64, 0x72, 0x00, 0x22, 0x00, 0x00, 0x00, 0x10, 0x50, 0x00, 0x23, 0x00,
    0x00, 0x00, 0x10, 0x4C, 0x00, 0x24, 0x00, 0x00, 0x00, 0x10, 0x62, 0x6C,
    0x6F, 0x63, 0x6B, 0x5F, 0x73, 0x63, 0x6F, 0x70, 0x65, 0x73, 0x00, 0x25,
    0x00, 0x00, 0x00, 0x10, 0x73, 0x61, 0x6D, 0x65, 0x5F, 0x6E, 0x6F, 0x64,
    0x65, 0x00, 0x26, 0x00, 0x00, 0x00, 0x10, 0x69, 0x73, 0x5F, 0x70, 0x00,
    0x27, 0x00, 0x00, 0x00, 0x00,
};

static const uint32_t context_code[] = {
    0x00000047,                /* 0000  import L0 <- static#0   ("std") */
    0x00000043,                /* 0001  gset g0 <- L0   (std) */
    0x00010047,                /* 0002  import L0 <- static#1   ("std::pairs") */
    0x000100B5, 0x00000000,    /* 0003  import_star static#1 except 0, 0 names   ("std::pairs") */
    0x00020047,                /* 0005  import L0 <- static#2   ("wyrm") */
    0x00010043,                /* 0006  gset g1 <- L0   (wyrm) */
    0x00030047,                /* 0007  import L0 <- static#3   ("wyrm::opcodes") */
    0x000300B5, 0x00000000,    /* 0008  import_star static#3 except 0, 0 names   ("wyrm::opcodes") */
    0x00020047,                /* 000A  import L0 <- static#2   ("wyrm") */
    0x00010043,                /* 000B  gset g1 <- L0   (wyrm) */
    0x00040047,                /* 000C  import L0 <- static#4   ("wyrm::compiler") */
    0x00050047,                /* 000D  import L0 <- static#5   ("wyrm::compiler::analysis") */
    0x000500B5, 0x00000000,    /* 000E  import_star static#5 except 0, 0 names   ("wyrm::compiler::analysis") */
    0x000000C0, 0x0000FFFF,    /* 0010  i32 L0 <- 65535 */
    0x00110043,                /* 0012  gset g17 <- L0   (TABLE_LIMIT) */
    0x000000C0, 0x00007FFF,    /* 0013  i32 L0 <- 32767 */
    0x00120043,                /* 0015  gset g18 <- L0   (MAX_LOCALS) */
    0x00003A40,                /* 0016  i8 L0 <- 58 */
    0x00130043,                /* 0017  gset g19 <- L0   (COLON_CP) */
    0x000100C0, 0x0000FFFF,    /* 0018  i32 L1 <- 65535 */
    0x00021040,                /* 001A  i8 L2 <- 16 */
    0x0003008D, 0x00010002,    /* 001B  shl L3 <- L1 << L2 */
    0x000400C0, 0x0000FFFF,    /* 001D  i32 L4 <- 65535 */
    0x0000008C, 0x00030004,    /* 001F  bor L0 <- L3 | L4 */
    0x00140043,                /* 0021  gset g20 <- L0   (U32_MASK) */
    0x000100C0, 0x0000FFFF,    /* 0022  i32 L1 <- 65535 */
    0x00021040,                /* 0024  i8 L2 <- 16 */
    0x0000008D, 0x00010002,    /* 0025  shl L0 <- L1 << L2 */
    0x00150043,                /* 0027  gset g21 <- L0   (U32_HIGH_MASK) */
    0x00060146,                /* 0028  lconst L1 <- static#6   ("__ARGS") */
    0x00000182, 0x00010000,    /* 0029  list L0 <- L1, 1 items */
    0x00160043,                /* 002B  gset g22 <- L0   (HOST_GLOBALS) */
    0x00070146,                /* 002C  lconst L1 <- static#7   ("$set_car") */
    0x00080246,                /* 002D  lconst L2 <- static#8   ("$set_cdr") */
    0x00090346,                /* 002E  lconst L3 <- static#9   ("OSError") */
    0x000A0446,                /* 002F  lconst L4 <- static#10   ("OutOfMemory") */
    0x000B0546,                /* 0030  lconst L5 <- static#11   ("RuntimeError") */
    0x000C0646,                /* 0031  lconst L6 <- static#12   ("StopIteration") */
    0x000D0746,                /* 0032  lconst L7 <- static#13   ("TreeBase") */
    0x000E0846,                /* 0033  lconst L8 <- static#14   ("__STDERR") */
    0x000F0946,                /* 0034  lconst L9 <- static#15   ("__STDIN") */
    0x00100A46,                /* 0035  lconst L10 <- static#16   ("__STDOUT") */
    0x00110B46,                /* 0036  lconst L11 <- static#17   ("__argv") */
    0x00120C46,                /* 0037  lconst L12 <- static#18   ("__close") */
    0x00130D46,                /* 0038  lconst L13 <- static#19   ("__dbus_connect_session") */
    0x00140E46,                /* 0039  lconst L14 <- static#20   ("__dbus_connected") */
    0x00150F46,                /* 003A  lconst L15 <- static#21   ("__dbus_register_class") */
    0x00161046,                /* 003B  lconst L16 <- static#22   ("__dbus_register_object") */
    0x00171146,                /* 003C  lconst L17 <- static#23   ("__dbus_request_name") */
    0x00181246,                /* 003D  lconst L18 <- static#24   ("__dbus_run") */
    0x00191346,                /* 003E  lconst L19 <- static#25   ("__dbus_stop") */
    0x001A1446,                /* 003F  lconst L20 <- static#26   ("__dup2") */
    0x001B1546,                /* 0040  lconst L21 <- static#27   ("__dynamic__") */
    0x001C1646,                /* 0041  lconst L22 <- static#28   ("__environ") */
    0x001D1746,                /* 0042  lconst L23 <- static#29   ("__flush") */
    0x001E1846,                /* 0043  lconst L24 <- static#30   ("__lseek") */
    0x001F1946,                /* 0044  lconst L25 <- static#31   ("__name__") */
    0x00201A46,                /* 0045  lconst L26 <- static#32   ("__nng_close") */
    0x00211B46,                /* 0046  lconst L27 <- static#33   ("__nng_dial") */
    0x00221C46,                /* 0047  lconst L28 <- static#34   ("__nng_listen") */
    0x00231D46,                /* 0048  lconst L29 <- static#35   ("__nng_open") */
    0x00241E46,                /* 0049  lconst L30 <- static#36   ("__nng_recv") */
    0x00251F46,                /* 004A  lconst L31 <- static#37   ("__nng_send") */
    0x00262046,                /* 004B  lconst L32 <- static#38   ("__nng_subscribe") */
    0x00272146,                /* 004C  lconst L33 <- static#39   ("__open") */
    0x00282246,                /* 004D  lconst L34 <- static#40   ("__read") */
    0x00292346,                /* 004E  lconst L35 <- static#41   ("__sock_accept") */
    0x002A2446,                /* 004F  lconst L36 <- static#42   ("__sock_bind") */
    0x002B2546,                /* 0050  lconst L37 <- static#43   ("__sock_close") */
    0x002C2646,                /* 0051  lconst L38 <- static#44   ("__sock_connect") */
    0x002D2746,                /* 0052  lconst L39 <- static#45   ("__sock_create") */
    0x002E2846,                /* 0053  lconst L40 <- static#46   ("__sock_listen") */
    0x002F2946,                /* 0054  lconst L41 <- static#47   ("__sock_recv") */
    0x00302A46,                /* 0055  lconst L42 <- static#48   ("__sock_recvfrom") */
    0x00312B46,                /* 0056  lconst L43 <- static#49   ("__sock_send") */
    0x00322C46,                /* 0057  lconst L44 <- static#50   ("__sock_sendto") */
    0x00332D46,                /* 0058  lconst L45 <- static#51   ("__term_isatty") */
    0x00342E46,                /* 0059  lconst L46 <- static#52   ("__term_raw_disable") */
    0x00352F46,                /* 005A  lconst L47 <- static#53   ("__term_raw_enable") */
    0x00363046,                /* 005B  lconst L48 <- static#54   ("__term_read_key") */
    0x00373146,                /* 005C  lconst L49 <- static#55   ("__term_size") */
    0x00383246,                /* 005D  lconst L50 <- static#56   ("__write") */
    0x00393346,                /* 005E  lconst L51 <- static#57   ("bind_message") */
    0x003A3446,                /* 005F  lconst L52 <- static#58   ("bool") */
    0x003B3546,                /* 0060  lconst L53 <- static#59   ("bytes") */
    0x003C3646,                /* 0061  lconst L54 <- static#60   ("car") */
    0x003D3746,                /* 0062  lconst L55 <- static#61   ("cdr") */
    0x003E3846,                /* 0063  lconst L56 <- static#62   ("cons") */
    0x003F3946,                /* 0064  lconst L57 <- static#63   ("copy") */
    0x00403A46,                /* 0065  lconst L58 <- static#64   ("end") */
    0x00413B46,                /* 0066  lconst L59 <- static#65   ("error") */
    0x00423C46,                /* 0067  lconst L60 <- static#66   ("error_message") */
    0x00433D46,                /* 0068  lconst L61 <- static#67   ("exit") */
    0x00443E46,                /* 0069  lconst L62 <- static#68   ("float") */
    0x00453F46,                /* 006A  lconst L63 <- static#69   ("help") */
    0x00464046,                /* 006B  lconst L64 <- static#70   ("int") */
    0x00474146,                /* 006C  lconst L65 <- static#71   ("len") */
    0x00484246,                /* 006D  lconst L66 <- static#72   ("macroexpand") */
    0x00494346,                /* 006E  lconst L67 <- static#73   ("next") */
    0x004A4446,                /* 006F  lconst L68 <- static#74   ("nil") */
    0x004B4546,                /* 0070  lconst L69 <- static#75   ("nreverse") */
    0x004C4646,                /* 0071  lconst L70 <- static#76   ("pair") */
    0x004D4746,                /* 0072  lconst L71 <- static#77   ("parse") */
    0x004E4846,                /* 0073  lconst L72 <- static#78   ("print") */
    0x004F4946,                /* 0074  lconst L73 <- static#79   ("println") */
    0x00504A46,                /* 0075  lconst L74 <- static#80   ("range") */
    0x00514B46,                /* 0076  lconst L75 <- static#81   ("resolve") */
    0x00524C46,                /* 0077  lconst L76 <- static#82   ("reverse") */
    0x00534D46,                /* 0078  lconst L77 <- static#83   ("send") */
    0x00544E46,                /* 0079  lconst L78 <- static#84   ("sexpr") */
    0x00554F46,                /* 007A  lconst L79 <- static#85   ("str") */
    0x00565046,                /* 007B  lconst L80 <- static#86   ("sym") */
    0x00575146,                /* 007C  lconst L81 <- static#87   ("tree_box") */
    0x00585246,                /* 007D  lconst L82 <- static#88   ("tuple") */
    0x00065346,                /* 007E  lconst L83 <- static#6   ("__ARGS") */
    0x00005382, 0x00010000,    /* 007F  list L0 <- L1, 83 items */
    0x00170043,                /* 0081  gset g23 <- L0   (BUILTIN_NAMES) */
    0x000000A8, 0x00000000,    /* 0082  closure L0 <- fn#0, 0 caps */
    0x00020043,                /* 0084  gset g2 <- L0   (pack_pairable) */
    0x000000A8, 0x00010000,    /* 0085  closure L0 <- fn#1, 0 caps */
    0x00030043,                /* 0087  gset g3 <- L0   (_pool_kind) */
    0x000000A8, 0x00020000,    /* 0088  closure L0 <- fn#2, 0 caps */
    0x00040043,                /* 008A  gset g4 <- L0   (_static_key) */
    0x000000A8, 0x00030000,    /* 008B  closure L0 <- fn#3, 0 caps */
    0x00050043,                /* 008D  gset g5 <- L0   (make_global_slot) */
    0x000000A9, 0x00000000,    /* 008E  class L0 <- class#0 */
    0x00060043,                /* 0090  gset g6 <- L0   (ModuleImage) */
    0x000000A8, 0x00050000,    /* 0091  closure L0 <- fn#5, 0 caps */
    0x00060142,                /* 0093  gget L1 <- g6   (ModuleImage) */
    0x00020181, 0x00010000,    /* 0094  tuple L2 <- L1, 1 items */
    0x000000AC, 0x00000002,    /* 0096  reg_msg msg#0 <- L0, types L2   (_next_index) */
    0x000000A8, 0x00060000,    /* 0098  closure L0 <- fn#6, 0 caps */
    0x00060142,                /* 009A  gget L1 <- g6   (ModuleImage) */
    0x00020181, 0x00010000,    /* 009B  tuple L2 <- L1, 1 items */
    0x000200AC, 0x00000002,    /* 009D  reg_msg msg#2 <- L0, types L2   (add_static) */
    0x000000A8, 0x00070000,    /* 009F  closure L0 <- fn#7, 0 caps */
    0x00060142,                /* 00A1  gget L1 <- g6   (ModuleImage) */
    0x00020181, 0x00010000,    /* 00A2  tuple L2 <- L1, 1 items */
    0x000300AC, 0x00000002,    /* 00A4  reg_msg msg#3 <- L0, types L2   (add_free_global) */
    0x000000A8, 0x00080000,    /* 00A6  closure L0 <- fn#8, 0 caps */
    0x00060142,                /* 00A8  gget L1 <- g6   (ModuleImage) */
    0x00020181, 0x00010000,    /* 00A9  tuple L2 <- L1, 1 items */
    0x000400AC, 0x00000002,    /* 00AB  reg_msg msg#4 <- L0, types L2   (add_shadow_global) */
    0x000000A8, 0x00090000,    /* 00AD  closure L0 <- fn#9, 0 caps */
    0x00060142,                /* 00AF  gget L1 <- g6   (ModuleImage) */
    0x00020181, 0x00010000,    /* 00B0  tuple L2 <- L1, 1 items */
    0x000500AC, 0x00000002,    /* 00B2  reg_msg msg#5 <- L0, types L2   (add_symbol) */
    0x000000A8, 0x000A0000,    /* 00B4  closure L0 <- fn#10, 0 caps */
    0x00060142,                /* 00B6  gget L1 <- g6   (ModuleImage) */
    0x00020181, 0x00010000,    /* 00B7  tuple L2 <- L1, 1 items */
    0x000600AC, 0x00000002,    /* 00B9  reg_msg msg#6 <- L0, types L2   (add_message) */
    0x000000A8, 0x000B0000,    /* 00BB  closure L0 <- fn#11, 0 caps */
    0x00060142,                /* 00BD  gget L1 <- g6   (ModuleImage) */
    0x00020181, 0x00010000,    /* 00BE  tuple L2 <- L1, 1 items */
    0x000700AC, 0x00000002,    /* 00C0  reg_msg msg#7 <- L0, types L2   (add_global) */
    0x000000A8, 0x000C0000,    /* 00C2  closure L0 <- fn#12, 0 caps */
    0x00060142,                /* 00C4  gget L1 <- g6   (ModuleImage) */
    0x00020181, 0x00010000,    /* 00C5  tuple L2 <- L1, 1 items */
    0x000800AC, 0x00000002,    /* 00C7  reg_msg msg#8 <- L0, types L2   (add_global_default) */
    0x000000A8, 0x000D0000,    /* 00C9  closure L0 <- fn#13, 0 caps */
    0x00060142,                /* 00CB  gget L1 <- g6   (ModuleImage) */
    0x00020181, 0x00010000,    /* 00CC  tuple L2 <- L1, 1 items */
    0x000900AC, 0x00000002,    /* 00CE  reg_msg msg#9 <- L0, types L2   (global_index) */
    0x000000A8, 0x000E0000,    /* 00D0  closure L0 <- fn#14, 0 caps */
    0x00060142,                /* 00D2  gget L1 <- g6   (ModuleImage) */
    0x00020181, 0x00010000,    /* 00D3  tuple L2 <- L1, 1 items */
    0x000A00AC, 0x00000002,    /* 00D5  reg_msg msg#10 <- L0, types L2   (add_function) */
    0x000000A8, 0x000F0000,    /* 00D7  closure L0 <- fn#15, 0 caps */
    0x00060142,                /* 00D9  gget L1 <- g6   (ModuleImage) */
    0x00020181, 0x00010000,    /* 00DA  tuple L2 <- L1, 1 items */
    0x000B00AC, 0x00000002,    /* 00DC  reg_msg msg#11 <- L0, types L2   (add_class) */
    0x000000A8, 0x00100000,    /* 00DE  closure L0 <- fn#16, 0 caps */
    0x00060142,                /* 00E0  gget L1 <- g6   (ModuleImage) */
    0x00020181, 0x00010000,    /* 00E1  tuple L2 <- L1, 1 items */
    0x000C00AC, 0x00000002,    /* 00E3  reg_msg msg#12 <- L0, types L2   (here) */
    0x000000A8, 0x00110000,    /* 00E5  closure L0 <- fn#17, 0 caps */
    0x00060142,                /* 00E7  gget L1 <- g6   (ModuleImage) */
    0x00020181, 0x00010000,    /* 00E8  tuple L2 <- L1, 1 items */
    0x000D00AC, 0x00000002,    /* 00EA  reg_msg msg#13 <- L0, types L2   (emit_words) */
    0x000000A8, 0x00120000,    /* 00EC  closure L0 <- fn#18, 0 caps */
    0x00070043,                /* 00EE  gset g7 <- L0   (make_fn_param) */
    0x000000A8, 0x00130000,    /* 00EF  closure L0 <- fn#19, 0 caps */
    0x00080043,                /* 00F1  gset g8 <- L0   (make_class_slot) */
    0x000000A8, 0x00140000,    /* 00F2  closure L0 <- fn#20, 0 caps */
    0x00090043,                /* 00F4  gset g9 <- L0   (_or_empty) */
    0x000000A8, 0x00150000,    /* 00F5  closure L0 <- fn#21, 0 caps */
    0x000A0043,                /* 00F7  gset g10 <- L0   (_path_char) */
    0x000000A8, 0x00160000,    /* 00F8  closure L0 <- fn#22, 0 caps */
    0x000B0043,                /* 00FA  gset g11 <- L0   (_path_parts) */
    0x000000A8, 0x00170000,    /* 00FB  closure L0 <- fn#23, 0 caps */
    0x000C0043,                /* 00FD  gset g12 <- L0   (_join_parts) */
    0x000000A9, 0x00010000,    /* 00FE  class L0 <- class#1 */
    0x000D0043,                /* 0100  gset g13 <- L0   (Label) */
    0x000000A9, 0x00020000,    /* 0101  class L0 <- class#2 */
    0x000E0043,                /* 0103  gset g14 <- L0   (FnContext) */
    0x000000A8, 0x001A0000,    /* 0104  closure L0 <- fn#26, 0 caps */
    0x000E0142,                /* 0106  gget L1 <- g14   (FnContext) */
    0x00020181, 0x00010000,    /* 0107  tuple L2 <- L1, 1 items */
    0x001100AC, 0x00000002,    /* 0109  reg_msg msg#17 <- L0, types L2   (declare) */
    0x000000A8, 0x001B0000,    /* 010B  closure L0 <- fn#27, 0 caps */
    0x000E0142,                /* 010D  gget L1 <- g14   (FnContext) */
    0x00020181, 0x00010000,    /* 010E  tuple L2 <- L1, 1 items */
    0x001400AC, 0x00000002,    /* 0110  reg_msg msg#20 <- L0, types L2   (declare_block) */
    0x000000A8, 0x001C0000,    /* 0112  closure L0 <- fn#28, 0 caps */
    0x000E0142,                /* 0114  gget L1 <- g14   (FnContext) */
    0x00020181, 0x00010000,    /* 0115  tuple L2 <- L1, 1 items */
    0x001500AC, 0x00000002,    /* 0117  reg_msg msg#21 <- L0, types L2   (frame_storage) */
    0x000000A8, 0x001D0000,    /* 0119  closure L0 <- fn#29, 0 caps */
    0x000E0142,                /* 011B  gget L1 <- g14   (FnContext) */
    0x00020181, 0x00010000,    /* 011C  tuple L2 <- L1, 1 items */
    0x001600AC, 0x00000002,    /* 011E  reg_msg msg#22 <- L0, types L2   (allocate_block_scopes) */
    0x000000A8, 0x001E0000,    /* 0120  closure L0 <- fn#30, 0 caps */
    0x000E0142,                /* 0122  gget L1 <- g14   (FnContext) */
    0x00020181, 0x00010000,    /* 0123  tuple L2 <- L1, 1 items */
    0x001700AC, 0x00000002,    /* 0125  reg_msg msg#23 <- L0, types L2   (push_block) */
    0x000000A8, 0x001F0000,    /* 0127  closure L0 <- fn#31, 0 caps */
    0x000E0142,                /* 0129  gget L1 <- g14   (FnContext) */
    0x00020181, 0x00010000,    /* 012A  tuple L2 <- L1, 1 items */
    0x001900AC, 0x00000002,    /* 012C  reg_msg msg#25 <- L0, types L2   (pop_block) */
    0x000000A8, 0x00200000,    /* 012E  closure L0 <- fn#32, 0 caps */
    0x000E0142,                /* 0130  gget L1 <- g14   (FnContext) */
    0x00020181, 0x00010000,    /* 0131  tuple L2 <- L1, 1 items */
    0x001A00AC, 0x00000002,    /* 0133  reg_msg msg#26 <- L0, types L2   (block_binding) */
    0x000000A8, 0x00210000,    /* 0135  closure L0 <- fn#33, 0 caps */
    0x000E0142,                /* 0137  gget L1 <- g14   (FnContext) */
    0x00020181, 0x00010000,    /* 0138  tuple L2 <- L1, 1 items */
    0x002000AC, 0x00000002,    /* 013A  reg_msg msg#32 <- L0, types L2   (storage) */
    0x000000A8, 0x00220000,    /* 013C  closure L0 <- fn#34, 0 caps */
    0x000E0142,                /* 013E  gget L1 <- g14   (FnContext) */
    0x00020181, 0x00010000,    /* 013F  tuple L2 <- L1, 1 items */
    0x001000AC, 0x00000002,    /* 0141  reg_msg msg#16 <- L0, types L2   (declare_local) */
    0x000000A8, 0x00230000,    /* 0143  closure L0 <- fn#35, 0 caps */
    0x000E0142,                /* 0145  gget L1 <- g14   (FnContext) */
    0x00020181, 0x00010000,    /* 0146  tuple L2 <- L1, 1 items */
    0x001300AC, 0x00000002,    /* 0148  reg_msg msg#19 <- L0, types L2   (reserve_local) */
    0x000000A8, 0x00240000,    /* 014A  closure L0 <- fn#36, 0 caps */
    0x000E0142,                /* 014C  gget L1 <- g14   (FnContext) */
    0x00020181, 0x00010000,    /* 014D  tuple L2 <- L1, 1 items */
    0x002200AC, 0x00000002,    /* 014F  reg_msg msg#34 <- L0, types L2   (mark) */
    0x000000A8, 0x00250000,    /* 0151  closure L0 <- fn#37, 0 caps */
    0x000E0142,                /* 0153  gget L1 <- g14   (FnContext) */
    0x00020181, 0x00010000,    /* 0154  tuple L2 <- L1, 1 items */
    0x002300AC, 0x00000002,    /* 0156  reg_msg msg#35 <- L0, types L2   (push) */
    0x000000A8, 0x00260000,    /* 0158  closure L0 <- fn#38, 0 caps */
    0x000E0142,                /* 015A  gget L1 <- g14   (FnContext) */
    0x00020181, 0x00010000,    /* 015B  tuple L2 <- L1, 1 items */
    0x002400AC, 0x00000002,    /* 015D  reg_msg msg#36 <- L0, types L2   (free_to) */
    0x000000A8, 0x00270000,    /* 015F  closure L0 <- fn#39, 0 caps */
    0x000E0142,                /* 0161  gget L1 <- g14   (FnContext) */
    0x00020181, 0x00010000,    /* 0162  tuple L2 <- L1, 1 items */
    0x002100AC, 0x00000002,    /* 0164  reg_msg msg#33 <- L0, types L2   (_raise_high) */
    0x000000A8, 0x00280000,    /* 0166  closure L0 <- fn#40, 0 caps */
    0x000E0142,                /* 0168  gget L1 <- g14   (FnContext) */
    0x00020181, 0x00010000,    /* 0169  tuple L2 <- L1, 1 items */
    0x002500AC, 0x00000002,    /* 016B  reg_msg msg#37 <- L0, types L2   (reserve_zero) */
    0x000000A8, 0x00290000,    /* 016D  closure L0 <- fn#41, 0 caps */
    0x000E0142,                /* 016F  gget L1 <- g14   (FnContext) */
    0x00020181, 0x00010000,    /* 0170  tuple L2 <- L1, 1 items */
    0x002600AC, 0x00000002,    /* 0172  reg_msg msg#38 <- L0, types L2   (zero) */
    0x000000A8, 0x002A0000,    /* 0174  closure L0 <- fn#42, 0 caps */
    0x000E0142,                /* 0176  gget L1 <- g14   (FnContext) */
    0x00020181, 0x00010000,    /* 0177  tuple L2 <- L1, 1 items */
    0x001B00AC, 0x00000002,    /* 0179  reg_msg msg#27 <- L0, types L2   (lookup) */
    0x000000A8, 0x002B0000,    /* 017B  closure L0 <- fn#43, 0 caps */
    0x000E0142,                /* 017D  gget L1 <- g14   (FnContext) */
    0x00020181, 0x00010000,    /* 017E  tuple L2 <- L1, 1 items */
    0x000C00AC, 0x00000002,    /* 0180  reg_msg msg#12 <- L0, types L2   (here) */
    0x000000A8, 0x002C0000,    /* 0182  closure L0 <- fn#44, 0 caps */
    0x000E0142,                /* 0184  gget L1 <- g14   (FnContext) */
    0x00020181, 0x00010000,    /* 0185  tuple L2 <- L1, 1 items */
    0x000D00AC, 0x00000002,    /* 0187  reg_msg msg#13 <- L0, types L2   (emit_words) */
    0x000000A8, 0x002D0000,    /* 0189  closure L0 <- fn#45, 0 caps */
    0x000E0142,                /* 018B  gget L1 <- g14   (FnContext) */
    0x00020181, 0x00010000,    /* 018C  tuple L2 <- L1, 1 items */
    0x002700AC, 0x00000002,    /* 018E  reg_msg msg#39 <- L0, types L2   (emit_return) */
    0x000000A8, 0x002E0000,    /* 0190  closure L0 <- fn#46, 0 caps */
    0x000E0142,                /* 0192  gget L1 <- g14   (FnContext) */
    0x00020181, 0x00010000,    /* 0193  tuple L2 <- L1, 1 items */
    0x002800AC, 0x00000002,    /* 0195  reg_msg msg#40 <- L0, types L2   (reference) */
    0x000000A8, 0x002F0000,    /* 0197  closure L0 <- fn#47, 0 caps */
    0x000E0142,                /* 0199  gget L1 <- g14   (FnContext) */
    0x00020181, 0x00010000,    /* 019A  tuple L2 <- L1, 1 items */
    0x002900AC, 0x00000002,    /* 019C  reg_msg msg#41 <- L0, types L2   (new_label) */
    0x000000A8, 0x00300000,    /* 019E  closure L0 <- fn#48, 0 caps */
    0x000E0142,                /* 01A0  gget L1 <- g14   (FnContext) */
    0x00020181, 0x00010000,    /* 01A1  tuple L2 <- L1, 1 items */
    0x002A00AC, 0x00000002,    /* 01A3  reg_msg msg#42 <- L0, types L2   (mark_label) */
    0x000000A8, 0x00310000,    /* 01A5  closure L0 <- fn#49, 0 caps */
    0x000E0142,                /* 01A7  gget L1 <- g14   (FnContext) */
    0x00020181, 0x00010000,    /* 01A8  tuple L2 <- L1, 1 items */
    0x002B00AC, 0x00000002,    /* 01AA  reg_msg msg#43 <- L0, types L2   (patch_labels) */
    0x000000A8, 0x00320000,    /* 01AC  closure L0 <- fn#50, 0 caps */
    0x000E0142,                /* 01AE  gget L1 <- g14   (FnContext) */
    0x00020181, 0x00010000,    /* 01AF  tuple L2 <- L1, 1 items */
    0x002D00AC, 0x00000002,    /* 01B1  reg_msg msg#45 <- L0, types L2   (emit_jump) */
    0x000000A8, 0x00330000,    /* 01B3  closure L0 <- fn#51, 0 caps */
    0x000E0142,                /* 01B5  gget L1 <- g14   (FnContext) */
    0x00020181, 0x00010000,    /* 01B6  tuple L2 <- L1, 1 items */
    0x002C00AC, 0x00000002,    /* 01B8  reg_msg msg#44 <- L0, types L2   (patch_site) */
    0x000000A9, 0x00030000,    /* 01BA  class L0 <- class#3 */
    0x000F0043,                /* 01BC  gset g15 <- L0   (ModuleContext) */
    0x000000A8, 0x00350000,    /* 01BD  closure L0 <- fn#53, 0 caps */
    0x000F0142,                /* 01BF  gget L1 <- g15   (ModuleContext) */
    0x00020181, 0x00010000,    /* 01C0  tuple L2 <- L1, 1 items */
    0x000F00AC, 0x00000002,    /* 01C2  reg_msg msg#15 <- L0, types L2   (declare_global) */
    0x000000A8, 0x00360000,    /* 01C4  closure L0 <- fn#54, 0 caps */
    0x00100043,                /* 01C6  gset g16 <- L0   (_drop_key) */
    0x000000A8, 0x00370000,    /* 01C7  closure L0 <- fn#55, 0 caps */
    0x000F0142,                /* 01C9  gget L1 <- g15   (ModuleContext) */
    0x00020181, 0x00010000,    /* 01CA  tuple L2 <- L1, 1 items */
    0x002E00AC, 0x00000002,    /* 01CC  reg_msg msg#46 <- L0, types L2   (_declare_session_global) */
    0x000000A8, 0x00380000,    /* 01CE  closure L0 <- fn#56, 0 caps */
    0x000F0142,                /* 01D0  gget L1 <- g15   (ModuleContext) */
    0x00020181, 0x00010000,    /* 01D1  tuple L2 <- L1, 1 items */
    0x003000AC, 0x00000002,    /* 01D3  reg_msg msg#48 <- L0, types L2   (declare_forward_global) */
    0x000000A8, 0x00390000,    /* 01D5  closure L0 <- fn#57, 0 caps */
    0x000F0142,                /* 01D7  gget L1 <- g15   (ModuleContext) */
    0x00020181, 0x00010000,    /* 01D8  tuple L2 <- L1, 1 items */
    0x001200AC, 0x00000002,    /* 01DA  reg_msg msg#18 <- L0, types L2   (declare_shadow_global) */
    0x000000A8, 0x003A0000,    /* 01DC  closure L0 <- fn#58, 0 caps */
    0x000F0142,                /* 01DE  gget L1 <- g15   (ModuleContext) */
    0x00020181, 0x00010000,    /* 01DF  tuple L2 <- L1, 1 items */
    0x003100AC, 0x00000002,    /* 01E1  reg_msg msg#49 <- L0, types L2   (declare_free_global) */
    0x000000A8, 0x003B0000,    /* 01E3  closure L0 <- fn#59, 0 caps */
    0x000F0142,                /* 01E5  gget L1 <- g15   (ModuleContext) */
    0x00020181, 0x00010000,    /* 01E6  tuple L2 <- L1, 1 items */
    0x003200AC, 0x00000002,    /* 01E8  reg_msg msg#50 <- L0, types L2   (name_slot) */
    0x000000A8, 0x003C0000,    /* 01EA  closure L0 <- fn#60, 0 caps */
    0x000F0142,                /* 01EC  gget L1 <- g15   (ModuleContext) */
    0x00020181, 0x00010000,    /* 01ED  tuple L2 <- L1, 1 items */
    0x000900AC, 0x00000002,    /* 01EF  reg_msg msg#9 <- L0, types L2   (global_index) */
    0x000000A8, 0x003D0000,    /* 01F1  closure L0 <- fn#61, 0 caps */
    0x000F0142,                /* 01F3  gget L1 <- g15   (ModuleContext) */
    0x00020181, 0x00010000,    /* 01F4  tuple L2 <- L1, 1 items */
    0x003300AC, 0x00000002,    /* 01F6  reg_msg msg#51 <- L0, types L2   (is_local_class) */
    0x000000A8, 0x003E0000,    /* 01F8  closure L0 <- fn#62, 0 caps */
    0x000F0142,                /* 01FA  gget L1 <- g15   (ModuleContext) */
    0x00020181, 0x00010000,    /* 01FB  tuple L2 <- L1, 1 items */
    0x001C00AC, 0x00000002,    /* 01FD  reg_msg msg#28 <- L0, types L2   (is_own_slot) */
    0x000000A8, 0x003F0000,    /* 01FF  closure L0 <- fn#63, 0 caps */
    0x000F0142,                /* 0201  gget L1 <- g15   (ModuleContext) */
    0x00020181, 0x00010000,    /* 0202  tuple L2 <- L1, 1 items */
    0x001F00AC, 0x00000002,    /* 0204  reg_msg msg#31 <- L0, types L2   (chain_reaches_outside) */
    0x000000A8, 0x00400000,    /* 0206  closure L0 <- fn#64, 0 caps */
    0x000F0142,                /* 0208  gget L1 <- g15   (ModuleContext) */
    0x00020181, 0x00010000,    /* 0209  tuple L2 <- L1, 1 items */
    0x003400AC, 0x00000002,    /* 020B  reg_msg msg#52 <- L0, types L2   (slot_index) */
    0x000000A8, 0x00410000,    /* 020D  closure L0 <- fn#65, 0 caps */
    0x000F0142,                /* 020F  gget L1 <- g15   (ModuleContext) */
    0x00020181, 0x00010000,    /* 0210  tuple L2 <- L1, 1 items */
    0x003500AC, 0x00000002,    /* 0212  reg_msg msg#53 <- L0, types L2   (class_static_key) */
    0x000000A8, 0x00420000,    /* 0214  closure L0 <- fn#66, 0 caps */
    0x000F0142,                /* 0216  gget L1 <- g15   (ModuleContext) */
    0x00020181, 0x00010000,    /* 0217  tuple L2 <- L1, 1 items */
    0x001D00AC, 0x00000002,    /* 0219  reg_msg msg#29 <- L0, types L2   (class_static_index) */
    0x000000A8, 0x00430000,    /* 021B  closure L0 <- fn#67, 0 caps */
    0x000F0142,                /* 021D  gget L1 <- g15   (ModuleContext) */
    0x00020181, 0x00010000,    /* 021E  tuple L2 <- L1, 1 items */
    0x003600AC, 0x00000002,    /* 0220  reg_msg msg#54 <- L0, types L2   (class_static) */
    0x000000A8, 0x00440000,    /* 0222  closure L0 <- fn#68, 0 caps */
    0x000F0142,                /* 0224  gget L1 <- g15   (ModuleContext) */
    0x00020181, 0x00010000,    /* 0225  tuple L2 <- L1, 1 items */
    0x001E00AC, 0x00000002,    /* 0227  reg_msg msg#30 <- L0, types L2   (is_builtin) */
    0x000000A8, 0x00450000,    /* 0229  closure L0 <- fn#69, 0 caps */
    0x000F0142,                /* 022B  gget L1 <- g15   (ModuleContext) */
    0x00020181, 0x00010000,    /* 022C  tuple L2 <- L1, 1 items */
    0x003700AC, 0x00000002,    /* 022E  reg_msg msg#55 <- L0, types L2   (builtins) */
    0x000000A8, 0x00460000,    /* 0230  closure L0 <- fn#70, 0 caps */
    0x000F0142,                /* 0232  gget L1 <- g15   (ModuleContext) */
    0x00020181, 0x00010000,    /* 0233  tuple L2 <- L1, 1 items */
    0x003800AC, 0x00000002,    /* 0235  reg_msg msg#56 <- L0, types L2   (add_pending) */
    0x000000A8, 0x00470000,    /* 0237  closure L0 <- fn#71, 0 caps */
    0x000F0142,                /* 0239  gget L1 <- g15   (ModuleContext) */
    0x00020181, 0x00010000,    /* 023A  tuple L2 <- L1, 1 items */
    0x002800AC, 0x00000002,    /* 023C  reg_msg msg#40 <- L0, types L2   (reference) */
    0x00000002,                /* 023E  return count=0 */
    0x00180542,                /* 023F  gget L5 <- g24   (lookup) */
    0x00068041,                /* 0240  move L6 <- P0 */
    0x000501A0, 0x00010000,    /* 0241  call base=L5 argc=1 nres=1 */
    0x00000541,                /* 0243  move L0 <- L5 */
    0x00410546,                /* 0244  lconst L5 <- static#65   ("error") */
    0x00060097, 0x00000005,    /* 0245  is L6 <- L0 is L5 */
    0x0001064B,                /* 0247  jf L6, +1 */
    0x00000102,                /* 0248  return L0 count=1 */
    0x005A0546,                /* 0249  lconst L5 <- static#90   ("form") */
    0x00060098, 0x00000005,    /* 024A  getidx L6 <- L0[L5] */
    0x00190742,                /* 024C  gget L7 <- g25   (PAIRABLE) */
    0x00080090, 0x00060007,    /* 024D  ne L8 <- L6 != L7 */
    0x000B084B,                /* 024F  jf L8, +11 */
    0x001A0542,                /* 0250  gget L5 <- g26   (error) */
    0x005B0646,                /* 0251  lconst L6 <- static#91   ("name") */
    0x00070098, 0x00000006,    /* 0252  getidx L7 <- L0[L6] */
    0x005C0846,                /* 0254  lconst L8 <- static#92   (" is not a pairable op") */
    0x00090085, 0x00070008,    /* 0255  add L9 <- L7 + L8 */
    0x00060941,                /* 0257  move L6 <- L9 */
    0x000501A0, 0x00010000,    /* 0258  call base=L5 argc=1 nres=1 */
    0x00050102,                /* 025A  return L5 count=1 */
    0x005D0546,                /* 025B  lconst L5 <- static#93   ("wide_value") */
    0x00010098, 0x00000005,    /* 025C  getidx L1 <- L0[L5] */
    0x005E0546,                /* 025E  lconst L5 <- static#94   ("shape") */
    0x00020098, 0x00000005,    /* 025F  getidx L2 <- L0[L5] */
    0x005F0646,                /* 0261  lconst L6 <- static#95   ("inv") */
    0x0005008F, 0x00020006,    /* 0262  eq L5 <- L2 == L6 */
    0x0003054C,                /* 0264  jt L5, +3 */
    0x00600646,                /* 0265  lconst L6 <- static#96   ("reg") */
    0x0005008F, 0x00020006,    /* 0266  eq L5 <- L2 == L6 */
    0x002A054B,                /* 0268  jf L5, +42 */
    0x001B0542,                /* 0269  gget L5 <- g27   (to_reg8) */
    0x00068241,                /* 026A  move L6 <- P2 */
    0x000501A0, 0x00010000,    /* 026B  call base=L5 argc=1 nres=1 */
    0x00030541,                /* 026D  move L3 <- L5 */
    0x004A0546,                /* 026E  lconst L5 <- static#74   ("nil") */
    0x00060097, 0x00030005,    /* 026F  is L6 <- L3 is L5 */
    0x000F064B,                /* 0271  jf L6, +15 */
    0x001C0542,                /* 0272  gget L5 <- g28   (pack) */
    0x00080141,                /* 0273  move L8 <- L1 */
    0x00090181, 0x00080000,    /* 0274  tuple L9 <- L8, 1 items */
    0x00060941,                /* 0276  move L6 <- L9 */
    0x00610846,                /* 0277  lconst L8 <- static#97   ("a0") */
    0x00098141,                /* 0278  move L9 <- P1 */
    0x00620A46,                /* 0279  lconst L10 <- static#98   ("a1") */
    0x000B8241,                /* 027A  move L11 <- P2 */
    0x000C0283, 0x00080000,    /* 027B  dict L12 <- L8, 2 pairs */
    0x00070C41,                /* 027D  move L7 <- L12 */
    0x000500A1, 0x00010000,    /* 027E  call_va base=L5 nres=1 */
    0x00050102,                /* 0280  return L5 count=1 */
    0x001C0542,                /* 0281  gget L5 <- g28   (pack) */
    0x00630846,                /* 0282  lconst L8 <- static#99   ("value") */
    0x00090098, 0x00000008,    /* 0283  getidx L9 <- L0[L8] */
    0x00080941,                /* 0285  move L8 <- L9 */
    0x00090181, 0x00080000,    /* 0286  tuple L9 <- L8, 1 items */
    0x00060941,                /* 0288  move L6 <- L9 */
    0x00610846,                /* 0289  lconst L8 <- static#97   ("a0") */
    0x00098141,                /* 028A  move L9 <- P1 */
    0x00640A46,                /* 028B  lconst L10 <- static#100   ("f") */
    0x000B0341,                /* 028C  move L11 <- L3 */
    0x000C0283, 0x00080000,    /* 028D  dict L12 <- L8, 2 pairs */
    0x00070C41,                /* 028F  move L7 <- L12 */
    0x000500A1, 0x00010000,    /* 0290  call_va base=L5 nres=1 */
    0x00050102,                /* 0292  return L5 count=1 */
    0x00650546,                /* 0293  lconst L5 <- static#101   ("imm") */
    0x0006008F, 0x00020005,    /* 0294  eq L6 <- L2 == L5 */
    0x002D064B,                /* 0296  jf L6, +45 */
    0x001D0542,                /* 0297  gget L5 <- g29   (fits_i8) */
    0x00068241,                /* 0298  move L6 <- P2 */
    0x000501A0, 0x00010000,    /* 0299  call base=L5 argc=1 nres=1 */
    0x0016054B,                /* 029B  jf L5, +22 */
    0x001C0542,                /* 029C  gget L5 <- g28   (pack) */
    0x00630846,                /* 029D  lconst L8 <- static#99   ("value") */
    0x00090098, 0x00000008,    /* 029E  getidx L9 <- L0[L8] */
    0x00080941,                /* 02A0  move L8 <- L9 */
    0x00090181, 0x00080000,    /* 02A1  tuple L9 <- L8, 1 items */
    0x00060941,                /* 02A3  move L6 <- L9 */
    0x00610846,                /* 02A4  lconst L8 <- static#97   ("a0") */
    0x00098141,                /* 02A5  move L9 <- P1 */
    0x00640A46,                /* 02A6  lconst L10 <- static#100   ("f") */
    0x000B00C0, 0x000000FF,    /* 02A7  i32 L11 <- 255 */
    0x000C008B, 0x8002000B,    /* 02A9  band L12 <- P2 & L11 */
    0x000B0C41,                /* 02AB  move L11 <- L12 */
    0x000C0283, 0x00080000,    /* 02AC  dict L12 <- L8, 2 pairs */
    0x00070C41,                /* 02AE  move L7 <- L12 */
    0x000500A1, 0x00010000,    /* 02AF  call_va base=L5 nres=1 */
    0x00050102,                /* 02B1  return L5 count=1 */
    0x001C0542,                /* 02B2  gget L5 <- g28   (pack) */
    0x00080141,                /* 02B3  move L8 <- L1 */
    0x00090181, 0x00080000,    /* 02B4  tuple L9 <- L8, 1 items */
    0x00060941,                /* 02B6  move L6 <- L9 */
    0x00610846,                /* 02B7  lconst L8 <- static#97   ("a0") */
    0x00098141,                /* 02B8  move L9 <- P1 */
    0x00660A46,                /* 02B9  lconst L10 <- static#102   ("w1") */
    0x00140B42,                /* 02BA  gget L11 <- g20   (U32_MASK) */
    0x000C008B, 0x8002000B,    /* 02BB  band L12 <- P2 & L11 */
    0x000B0C41,                /* 02BD  move L11 <- L12 */
    0x000C0283, 0x00080000,    /* 02BE  dict L12 <- L8, 2 pairs */
    0x00070C41,                /* 02C0  move L7 <- L12 */
    0x000500A1, 0x00010000,    /* 02C1  call_va base=L5 nres=1 */
    0x00050102,                /* 02C3  return L5 count=1 */
    0x00670546,                /* 02C4  lconst L5 <- static#103   ("jcond") */
    0x0006008F, 0x00020005,    /* 02C5  eq L6 <- L2 == L5 */
    0x0037064B,                /* 02C7  jf L6, +55 */
    0x001B0542,                /* 02C8  gget L5 <- g27   (to_reg8) */
    0x00068141,                /* 02C9  move L6 <- P1 */
    0x000501A0, 0x00010000,    /* 02CA  call base=L5 argc=1 nres=1 */
    0x00040541,                /* 02CC  move L4 <- L5 */
    0x004A0646,                /* 02CD  lconst L6 <- static#74   ("nil") */
    0x00050097, 0x00040006,    /* 02CE  is L5 <- L4 is L6 */
    0x0005054C,                /* 02D0  jt L5, +5 */
    0x001E0642,                /* 02D1  gget L6 <- g30   (fits_i16) */
    0x00078241,                /* 02D2  move L7 <- P2 */
    0x000601A0, 0x00010000,    /* 02D3  call base=L6 argc=1 nres=1 */
    0x0005064A,                /* 02D5  not L5 <- L6 */
    0x0012054B,                /* 02D6  jf L5, +18 */
    0x001C0542,                /* 02D7  gget L5 <- g28   (pack) */
    0x00080141,                /* 02D8  move L8 <- L1 */
    0x00090181, 0x00080000,    /* 02D9  tuple L9 <- L8, 1 items */
    0x00060941,                /* 02DB  move L6 <- L9 */
    0x00610846,                /* 02DC  lconst L8 <- static#97   ("a0") */
    0x00098141,                /* 02DD  move L9 <- P1 */
    0x00660A46,                /* 02DE  lconst L10 <- static#102   ("w1") */
    0x00140B42,                /* 02DF  gget L11 <- g20   (U32_MASK) */
    0x000C008B, 0x8002000B,    /* 02E0  band L12 <- P2 & L11 */
    0x000B0C41,                /* 02E2  move L11 <- L12 */
    0x000C0283, 0x00080000,    /* 02E3  dict L12 <- L8, 2 pairs */
    0x00070C41,                /* 02E5  move L7 <- L12 */
    0x000500A1, 0x00010000,    /* 02E6  call_va base=L5 nres=1 */
    0x00050102,                /* 02E8  return L5 count=1 */
    0x001C0542,                /* 02E9  gget L5 <- g28   (pack) */
    0x00630846,                /* 02EA  lconst L8 <- static#99   ("value") */
    0x00090098, 0x00000008,    /* 02EB  getidx L9 <- L0[L8] */
    0x00080941,                /* 02ED  move L8 <- L9 */
    0x00090181, 0x00080000,    /* 02EE  tuple L9 <- L8, 1 items */
    0x00060941,                /* 02F0  move L6 <- L9 */
    0x00610846,                /* 02F1  lconst L8 <- static#97   ("a0") */
    0x000900C0, 0x0000FFFF,    /* 02F2  i32 L9 <- 65535 */
    0x000A008B, 0x80020009,    /* 02F4  band L10 <- P2 & L9 */
    0x00090A41,                /* 02F6  move L9 <- L10 */
    0x00640A46,                /* 02F7  lconst L10 <- static#100   ("f") */
    0x000B0441,                /* 02F8  move L11 <- L4 */
    0x000C0283, 0x00080000,    /* 02F9  dict L12 <- L8, 2 pairs */
    0x00070C41,                /* 02FB  move L7 <- L12 */
    0x000500A1, 0x00010000,    /* 02FC  call_va base=L5 nres=1 */
    0x00050102,                /* 02FE  return L5 count=1 */
    0x00680546,                /* 02FF  lconst L5 <- static#104   ("jmp") */
    0x0006008F, 0x00020005,    /* 0300  eq L6 <- L2 == L5 */
    0x0029064B,                /* 0302  jf L6, +41 */
    0x001E0542,                /* 0303  gget L5 <- g30   (fits_i16) */
    0x00068241,                /* 0304  move L6 <- P2 */
    0x000501A0, 0x00010000,    /* 0305  call base=L5 argc=1 nres=1 */
    0x0014054B,                /* 0307  jf L5, +20 */
    0x001C0542,                /* 0308  gget L5 <- g28   (pack) */
    0x00630846,                /* 0309  lconst L8 <- static#99   ("value") */
    0x00090098, 0x00000008,    /* 030A  getidx L9 <- L0[L8] */
    0x00080941,                /* 030C  move L8 <- L9 */
    0x00090181, 0x00080000,    /* 030D  tuple L9 <- L8, 1 items */
    0x00060941,                /* 030F  move L6 <- L9 */
    0x00610846,                /* 0310  lconst L8 <- static#97   ("a0") */
    0x000900C0, 0x0000FFFF,    /* 0311  i32 L9 <- 65535 */
    0x000A008B, 0x80020009,    /* 0313  band L10 <- P2 & L9 */
    0x00090A41,                /* 0315  move L9 <- L10 */
    0x000A0183, 0x00080000,    /* 0316  dict L10 <- L8, 1 pairs */
    0x00070A41,                /* 0318  move L7 <- L10 */
    0x000500A1, 0x00010000,    /* 0319  call_va base=L5 nres=1 */
    0x00050102,                /* 031B  return L5 count=1 */
    0x001C0542,                /* 031C  gget L5 <- g28   (pack) */
    0x00080141,                /* 031D  move L8 <- L1 */
    0x00090181, 0x00080000,    /* 031E  tuple L9 <- L8, 1 items */
    0x00060941,                /* 0320  move L6 <- L9 */
    0x00660846,                /* 0321  lconst L8 <- static#102   ("w1") */
    0x00140942,                /* 0322  gget L9 <- g20   (U32_MASK) */
    0x000A008B, 0x80020009,    /* 0323  band L10 <- P2 & L9 */
    0x00090A41,                /* 0325  move L9 <- L10 */
    0x000A0183, 0x00080000,    /* 0326  dict L10 <- L8, 1 pairs */
    0x00070A41,                /* 0328  move L7 <- L10 */
    0x000500A1, 0x00010000,    /* 0329  call_va base=L5 nres=1 */
    0x00050102,                /* 032B  return L5 count=1 */
    0x001A0542,                /* 032C  gget L5 <- g26   (error) */
    0x005B0646,                /* 032D  lconst L6 <- static#91   ("name") */
    0x00070098, 0x00000006,    /* 032E  getidx L7 <- L0[L6] */
    0x00690846,                /* 0330  lconst L8 <- static#105   (": unknown pairable shape ") */
    0x00090085, 0x00070008,    /* 0331  add L9 <- L7 + L8 */
    0x001F0A42,                /* 0333  gget L10 <- g31   (str) */
    0x000B0241,                /* 0334  move L11 <- L2 */
    0x000A01A0, 0x00010000,    /* 0335  call base=L10 argc=1 nres=1 */
    0x000B0085, 0x0009000A,    /* 0337  add L11 <- L9 + L10 */
    0x00060B41,                /* 0339  move L6 <- L11 */
    0x000501A0, 0x00010000,    /* 033A  call base=L5 argc=1 nres=1 */
    0x00050102,                /* 033C  return L5 count=1 */
    0x004A0046,                /* 033D  lconst L0 <- static#74   ("nil") */
    0x00010097, 0x80000000,    /* 033E  is L1 <- P0 is L0 */
    0x0002014B,                /* 0340  jf L1, +2 */
    0x004A0046,                /* 0341  lconst L0 <- static#74   ("nil") */
    0x00000102,                /* 0342  return L0 count=1 */
    0x003A0046,                /* 0343  lconst L0 <- static#58   ("bool") */
    0x00010097, 0x80000000,    /* 0344  is L1 <- P0 is L0 */
    0x0002014B,                /* 0346  jf L1, +2 */
    0x003A0046,                /* 0347  lconst L0 <- static#58   ("bool") */
    0x00000102,                /* 0348  return L0 count=1 */
    0x00460046,                /* 0349  lconst L0 <- static#70   ("int") */
    0x00010097, 0x80000000,    /* 034A  is L1 <- P0 is L0 */
    0x0002014B,                /* 034C  jf L1, +2 */
    0x00460046,                /* 034D  lconst L0 <- static#70   ("int") */
    0x00000102,                /* 034E  return L0 count=1 */
    0x00440046,                /* 034F  lconst L0 <- static#68   ("float") */
    0x00010097, 0x80000000,    /* 0350  is L1 <- P0 is L0 */
    0x0002014B,                /* 0352  jf L1, +2 */
    0x00440046,                /* 0353  lconst L0 <- static#68   ("float") */
    0x00000102,                /* 0354  return L0 count=1 */
    0x00550046,                /* 0355  lconst L0 <- static#85   ("str") */
    0x00010097, 0x80000000,    /* 0356  is L1 <- P0 is L0 */
    0x0002014B,                /* 0358  jf L1, +2 */
    0x00550046,                /* 0359  lconst L0 <- static#85   ("str") */
    0x00000102,                /* 035A  return L0 count=1 */
    0x00560046,                /* 035B  lconst L0 <- static#86   ("sym") */
    0x00010097, 0x80000000,    /* 035C  is L1 <- P0 is L0 */
    0x0002014B,                /* 035E  jf L1, +2 */
    0x00560046,                /* 035F  lconst L0 <- static#86   ("sym") */
    0x00000102,                /* 0360  return L0 count=1 */
    0x003B0046,                /* 0361  lconst L0 <- static#59   ("bytes") */
    0x00010097, 0x80000000,    /* 0362  is L1 <- P0 is L0 */
    0x0002014B,                /* 0364  jf L1, +2 */
    0x003B0046,                /* 0365  lconst L0 <- static#59   ("bytes") */
    0x00000102,                /* 0366  return L0 count=1 */
    0x006A0046,                /* 0367  lconst L0 <- static#106   ("other") */
    0x00000102,                /* 0368  return L0 count=1 */
    0x00030042,                /* 0369  gget L0 <- g3   (_pool_kind) */
    0x00018041,                /* 036A  move L1 <- P0 */
    0x000001A0, 0x00010000,    /* 036B  call base=L0 argc=1 nres=1 */
    0x006B0146,                /* 036D  lconst L1 <- static#107   (":") */
    0x00020085, 0x00000001,    /* 036E  add L2 <- L0 + L1 */
    0x001F0342,                /* 0370  gget L3 <- g31   (str) */
    0x00048041,                /* 0371  move L4 <- P0 */
    0x000301A0, 0x00010000,    /* 0372  call base=L3 argc=1 nres=1 */
    0x00040085, 0x00020003,    /* 0374  add L4 <- L2 + L3 */
    0x00040102,                /* 0376  return L4 count=1 */
    0x005B0046,                /* 0377  lconst L0 <- static#91   ("name") */
    0x00018041,                /* 0378  move L1 <- P0 */
    0x006C0246,                /* 0379  lconst L2 <- static#108   ("has_default") */
    0x00030004,                /* 037A  lbool L3 <- 0 */
    0x006D0446,                /* 037B  lconst L4 <- static#109   ("default") */
    0x00050003,                /* 037C  lnil L5 */
    0x006E0646,                /* 037D  lconst L6 <- static#110   ("exported") */
    0x00078141,                /* 037E  move L7 <- P1 */
    0x006F0846,                /* 037F  lconst L8 <- static#111   ("free") */
    0x00098241,                /* 0380  move L9 <- P2 */
    0x000A0583, 0x00000000,    /* 0381  dict L10 <- L0, 5 pairs */
    0x000A0102,                /* 0383  return L10 count=1 */
    0x00018141,                /* 0384  move L1 <- P1 */
    0x8000009B, 0x00000001,    /* 0385  setattr P0.sym#0 <- L1   ("module_name") */
    0x00010082, 0x00020000,    /* 0387  list L1 <- L2, 0 items */
    0x8000009B, 0x00010001,    /* 0389  setattr P0.sym#1 <- L1   ("statics") */
    0x00010082, 0x00020000,    /* 038B  list L1 <- L2, 0 items */
    0x8000009B, 0x00020001,    /* 038D  setattr P0.sym#2 <- L1   ("symbols") */
    0x00010082, 0x00020000,    /* 038F  list L1 <- L2, 0 items */
    0x8000009B, 0x00030001,    /* 0391  setattr P0.sym#3 <- L1   ("messages") */
    0x00010082, 0x00020000,    /* 0393  list L1 <- L2, 0 items */
    0x8000009B, 0x00040001,    /* 0395  setattr P0.sym#4 <- L1   ("globals") */
    0x00010082, 0x00020000,    /* 0397  list L1 <- L2, 0 items */
    0x8000009B, 0x00050001,    /* 0399  setattr P0.sym#5 <- L1   ("functions") */
    0x00010082, 0x00020000,    /* 039B  list L1 <- L2, 0 items */
    0x8000009B, 0x00060001,    /* 039D  setattr P0.sym#6 <- L1   ("classes") */
    0x00010082, 0x00020000,    /* 039F  list L1 <- L2, 0 items */
    0x8000009B, 0x00070001,    /* 03A1  setattr P0.sym#7 <- L1   ("code") */
    0x00010040,                /* 03A3  i8 L1 <- 0 */
    0x8000009B, 0x00080001,    /* 03A4  setattr P0.sym#8 <- L1   ("init_nlocals") */
    0x00010082, 0x00020000,    /* 03A6  list L1 <- L2, 0 items */
    0x8000009B, 0x00090001,    /* 03A8  setattr P0.sym#9 <- L1   ("module_uses") */
    0x00010003,                /* 03AA  lnil L1 */
    0x8000009B, 0x000A0001,    /* 03AB  setattr P0.sym#10 <- L1   ("debug") */
    0x00010082, 0x00020000,    /* 03AD  list L1 <- L2, 0 items */
    0x8000009B, 0x000B0001,    /* 03AF  setattr P0.sym#11 <- L1   ("unlowered") */
    0x00010083, 0x00020000,    /* 03B1  dict L1 <- L2, 0 pairs */
    0x8000009B, 0x000C0001,    /* 03B3  setattr P0.sym#12 <- L1   ("_static_index") */
    0x00010083, 0x00020000,    /* 03B5  dict L1 <- L2, 0 pairs */
    0x8000009B, 0x000D0001,    /* 03B7  setattr P0.sym#13 <- L1   ("_symbol_index") */
    0x00010083, 0x00020000,    /* 03B9  dict L1 <- L2, 0 pairs */
    0x8000009B, 0x000E0001,    /* 03BB  setattr P0.sym#14 <- L1   ("_message_index") */
    0x00010083, 0x00020000,    /* 03BD  dict L1 <- L2, 0 pairs */
    0x8000009B, 0x000F0001,    /* 03BF  setattr P0.sym#15 <- L1   ("_global_index") */
    0x00000003,                /* 03C1  lnil L0 */
    0x00010083, 0x00020000,    /* 03C2  dict L1 <- L2, 0 pairs */
    0x8000009B, 0x00100001,    /* 03C4  setattr P0.sym#16 <- L1   ("_free_index") */
    0x00000102,                /* 03C6  return L0 count=1 */
    0x00200042,                /* 03C7  gget L0 <- g32   (len) */
    0x00018141,                /* 03C8  move L1 <- P1 */
    0x000001A0, 0x00010000,    /* 03C9  call base=L0 argc=1 nres=1 */
    0x00110142,                /* 03CB  gget L1 <- g17   (TABLE_LIMIT) */
    0x00020094, 0x00000001,    /* 03CC  ge L2 <- L0 >= L1 */
    0x0011024B,                /* 03CE  jf L2, +17 */
    0x001A0042,                /* 03CF  gget L0 <- g26   (error) */
    0x00700146,                /* 03D0  lconst L1 <- static#112   ("module exceeds the limit of ") */
    0x001F0242,                /* 03D1  gget L2 <- g31   (str) */
    0x00110342,                /* 03D2  gget L3 <- g17   (TABLE_LIMIT) */
    0x000201A0, 0x00010000,    /* 03D3  call base=L2 argc=1 nres=1 */
    0x00030085, 0x00010002,    /* 03D5  add L3 <- L1 + L2 */
    0x00710446,                /* 03D7  lconst L4 <- static#113   (" ") */
    0x00050085, 0x00030004,    /* 03D8  add L5 <- L3 + L4 */
    0x00060085, 0x00058002,    /* 03DA  add L6 <- L5 + P2 */
    0x00010641,                /* 03DC  move L1 <- L6 */
    0x000001A0, 0x00010000,    /* 03DD  call base=L0 argc=1 nres=1 */
    0x00000102,                /* 03DF  return L0 count=1 */
    0x00200042,                /* 03E0  gget L0 <- g32   (len) */
    0x00018141,                /* 03E1  move L1 <- P1 */
    0x000001A0, 0x00010000,    /* 03E2  call base=L0 argc=1 nres=1 */
    0x00000102,                /* 03E4  return L0 count=1 */
    0x00040342,                /* 03E5  gget L3 <- g4   (_static_key) */
    0x00048141,                /* 03E6  move L4 <- P1 */
    0x000301A0, 0x00010000,    /* 03E7  call base=L3 argc=1 nres=1 */
    0x00000341,                /* 03E9  move L0 <- L3 */
    0x0003009A, 0x8000000C,    /* 03EA  getattr L3 <- P0.sym#12   ("_static_index") */
    0x00010098, 0x00030000,    /* 03EC  getidx L1 <- L3[L0] */
    0x0001014E,                /* 03EE  jnerr L1, +1 */
    0x00010003,                /* 03EF  lnil L1 */
    0x004A0346,                /* 03F0  lconst L3 <- static#74   ("nil") */
    0x00040097, 0x00010003,    /* 03F1  is L4 <- L1 is L3 */
    0x0005044A,                /* 03F3  not L5 <- L4 */
    0x0001054B,                /* 03F4  jf L5, +1 */
    0x00010102,                /* 03F5  return L1 count=1 */
    0x00038041,                /* 03F6  move L3 <- P0 */
    0x0004009A, 0x80000001,    /* 03F7  getattr L4 <- P0.sym#1   ("statics") */
    0x00720546,                /* 03F9  lconst L5 <- static#114   ("static pool entries") */
    0x000302A2, 0x00000001,    /* 03FA  msg base=L3 argc=2 msg#0 nres=1   (_next_index) */
    0x00020341,                /* 03FC  move L2 <- L3 */
    0x00410346,                /* 03FD  lconst L3 <- static#65   ("error") */
    0x00040097, 0x00020003,    /* 03FE  is L4 <- L2 is L3 */
    0x0001044B,                /* 0400  jf L4, +1 */
    0x00020102,                /* 0401  return L2 count=1 */
    0x0003009A, 0x80000001,    /* 0402  getattr L3 <- P0.sym#1   ("statics") */
    0x00048141,                /* 0404  move L4 <- P1 */
    0x000301A2, 0x00010001,    /* 0405  msg base=L3 argc=1 msg#1 nres=1   (append) */
    0x0003009A, 0x8000000C,    /* 0407  getattr L3 <- P0.sym#12   ("_static_index") */
    0x00040241,                /* 0409  move L4 <- L2 */
    0x00030099, 0x00000004,    /* 040A  setidx L3[L0] <- L4 */
    0x00020102,                /* 040C  return L2 count=1 */
    0x0002009A, 0x80000010,    /* 040D  getattr L2 <- P0.sym#16   ("_free_index") */
    0x00000098, 0x00028001,    /* 040F  getidx L0 <- L2[P1] */
    0x0001004E,                /* 0411  jnerr L0, +1 */
    0x00000003,                /* 0412  lnil L0 */
    0x004A0246,                /* 0413  lconst L2 <- static#74   ("nil") */
    0x00030097, 0x00000002,    /* 0414  is L3 <- L0 is L2 */
    0x0004034A,                /* 0416  not L4 <- L3 */
    0x0001044B,                /* 0417  jf L4, +1 */
    0x00000102,                /* 0418  return L0 count=1 */
    0x00028041,                /* 0419  move L2 <- P0 */
    0x0003009A, 0x80000004,    /* 041A  getattr L3 <- P0.sym#4   ("globals") */
    0x00730446,                /* 041C  lconst L4 <- static#115   ("module globals") */
    0x000202A2, 0x00000001,    /* 041D  msg base=L2 argc=2 msg#0 nres=1   (_next_index) */
    0x00010241,                /* 041F  move L1 <- L2 */
    0x00410246,                /* 0420  lconst L2 <- static#65   ("error") */
    0x00030097, 0x00010002,    /* 0421  is L3 <- L1 is L2 */
    0x0001034B,                /* 0423  jf L3, +1 */
    0x00010102,                /* 0424  return L1 count=1 */
    0x0002009A, 0x80000004,    /* 0425  getattr L2 <- P0.sym#4   ("globals") */
    0x00050342,                /* 0427  gget L3 <- g5   (make_global_slot) */
    0x00048141,                /* 0428  move L4 <- P1 */
    0x00050004,                /* 0429  lbool L5 <- 0 */
    0x00060104,                /* 042A  lbool L6 <- 1 */
    0x000303A0, 0x00010000,    /* 042B  call base=L3 argc=3 nres=1 */
    0x000201A2, 0x00010001,    /* 042D  msg base=L2 argc=1 msg#1 nres=1   (append) */
    0x0002009A, 0x80000010,    /* 042F  getattr L2 <- P0.sym#16   ("_free_index") */
    0x00030141,                /* 0431  move L3 <- L1 */
    0x00020099, 0x80010003,    /* 0432  setidx L2[P1] <- L3 */
    0x00010102,                /* 0434  return L1 count=1 */
    0x00018041,                /* 0435  move L1 <- P0 */
    0x0002009A, 0x80000004,    /* 0436  getattr L2 <- P0.sym#4   ("globals") */
    0x00730346,                /* 0438  lconst L3 <- static#115   ("module globals") */
    0x000102A2, 0x00000001,    /* 0439  msg base=L1 argc=2 msg#0 nres=1   (_next_index) */
    0x00000141,                /* 043B  move L0 <- L1 */
    0x00410146,                /* 043C  lconst L1 <- static#65   ("error") */
    0x00020097, 0x00000001,    /* 043D  is L2 <- L0 is L1 */
    0x0001024B,                /* 043F  jf L2, +1 */
    0x00000102,                /* 0440  return L0 count=1 */
    0x0001009A, 0x80000004,    /* 0441  getattr L1 <- P0.sym#4   ("globals") */
    0x00050242,                /* 0443  gget L2 <- g5   (make_global_slot) */
    0x00038141,                /* 0444  move L3 <- P1 */
    0x00040004,                /* 0445  lbool L4 <- 0 */
    0x00050004,                /* 0446  lbool L5 <- 0 */
    0x000203A0, 0x00010000,    /* 0447  call base=L2 argc=3 nres=1 */
    0x000101A2, 0x00010001,    /* 0449  msg base=L1 argc=1 msg#1 nres=1   (append) */
    0x00000102,                /* 044B  return L0 count=1 */
    0x0002009A, 0x8000000D,    /* 044C  getattr L2 <- P0.sym#13   ("_symbol_index") */
    0x00000098, 0x00028001,    /* 044E  getidx L0 <- L2[P1] */
    0x0001004E,                /* 0450  jnerr L0, +1 */
    0x00000003,                /* 0451  lnil L0 */
    0x004A0246,                /* 0452  lconst L2 <- static#74   ("nil") */
    0x00030097, 0x00000002,    /* 0453  is L3 <- L0 is L2 */
    0x0004034A,                /* 0455  not L4 <- L3 */
    0x0001044B,                /* 0456  jf L4, +1 */
    0x00000102,                /* 0457  return L0 count=1 */
    0x00028041,                /* 0458  move L2 <- P0 */
    0x0003009A, 0x80000002,    /* 0459  getattr L3 <- P0.sym#2   ("symbols") */
    0x00740446,                /* 045B  lconst L4 <- static#116   ("symbols per module") */
    0x000202A2, 0x00000001,    /* 045C  msg base=L2 argc=2 msg#0 nres=1   (_next_index) */
    0x00010241,                /* 045E  move L1 <- L2 */
    0x00410246,                /* 045F  lconst L2 <- static#65   ("error") */
    0x00030097, 0x00010002,    /* 0460  is L3 <- L1 is L2 */
    0x0001034B,                /* 0462  jf L3, +1 */
    0x00010102,                /* 0463  return L1 count=1 */
    0x0002009A, 0x80000002,    /* 0464  getattr L2 <- P0.sym#2   ("symbols") */
    0x00038141,                /* 0466  move L3 <- P1 */
    0x000201A2, 0x00010001,    /* 0467  msg base=L2 argc=1 msg#1 nres=1   (append) */
    0x0002009A, 0x8000000D,    /* 0469  getattr L2 <- P0.sym#13   ("_symbol_index") */
    0x00030141,                /* 046B  move L3 <- L1 */
    0x00020099, 0x80010003,    /* 046C  setidx L2[P1] <- L3 */
    0x00010102,                /* 046E  return L1 count=1 */
    0x000B0842,                /* 046F  gget L8 <- g11   (_path_parts) */
    0x00098141,                /* 0470  move L9 <- P1 */
    0x000801A0, 0x00010000,    /* 0471  call base=L8 argc=1 nres=1 */
    0x00000841,                /* 0473  move L0 <- L8 */
    0x00200842,                /* 0474  gget L8 <- g32   (len) */
    0x00090041,                /* 0475  move L9 <- L0 */
    0x000801A0, 0x00010000,    /* 0476  call base=L8 argc=1 nres=1 */
    0x00090040,                /* 0478  i8 L9 <- 0 */
    0x000A008F, 0x00080009,    /* 0479  eq L10 <- L8 == L9 */
    0x00050A4B,                /* 047B  jf L10, +5 */
    0x001A0842,                /* 047C  gget L8 <- g26   (error) */
    0x00750946,                /* 047D  lconst L9 <- static#117   ("a message needs at least one path component") */
    0x000801A0, 0x00010000,    /* 047E  call base=L8 argc=1 nres=1 */
    0x00080102,                /* 0480  return L8 count=1 */
    0x000C0842,                /* 0481  gget L8 <- g12   (_join_parts) */
    0x00090041,                /* 0482  move L9 <- L0 */
    0x000801A0, 0x00010000,    /* 0483  call base=L8 argc=1 nres=1 */
    0x00010841,                /* 0485  move L1 <- L8 */
    0x0008009A, 0x8000000E,    /* 0486  getattr L8 <- P0.sym#14   ("_message_index") */
    0x00020098, 0x00080001,    /* 0488  getidx L2 <- L8[L1] */
    0x0001024E,                /* 048A  jnerr L2, +1 */
    0x00020003,                /* 048B  lnil L2 */
    0x004A0846,                /* 048C  lconst L8 <- static#74   ("nil") */
    0x00090097, 0x00020008,    /* 048D  is L9 <- L2 is L8 */
    0x000A094A,                /* 048F  not L10 <- L9 */
    0x00010A4B,                /* 0490  jf L10, +1 */
    0x00020102,                /* 0491  return L2 count=1 */
    0x00088041,                /* 0492  move L8 <- P0 */
    0x0009009A, 0x80000003,    /* 0493  getattr L9 <- P0.sym#3   ("messages") */
    0x00760A46,                /* 0495  lconst L10 <- static#118   ("messages per module") */
    0x000802A2, 0x00000001,    /* 0496  msg base=L8 argc=2 msg#0 nres=1   (_next_index) */
    0x00030841,                /* 0498  move L3 <- L8 */
    0x00410846,                /* 0499  lconst L8 <- static#65   ("error") */
    0x00090097, 0x00030008,    /* 049A  is L9 <- L3 is L8 */
    0x0001094B,                /* 049C  jf L9, +1 */
    0x00030102,                /* 049D  return L3 count=1 */
    0x00040082, 0x00080000,    /* 049E  list L4 <- L8, 0 items */
    0x000800AE, 0x00000000,    /* 04A0  iter L8 <- L0 */
    0x000600AF, 0x0008000F,    /* 04A2  itnext L6 <- L8, done +15 */
    0x00098041,                /* 04A4  move L9 <- P0 */
    0x000A0641,                /* 04A5  move L10 <- L6 */
    0x000901A2, 0x00050001,    /* 04A6  msg base=L9 argc=1 msg#5 nres=1   (add_symbol) */
    0x00070941,                /* 04A8  move L7 <- L9 */
    0x00410946,                /* 04A9  lconst L9 <- static#65   ("error") */
    0x000A0097, 0x00070009,    /* 04AA  is L10 <- L7 is L9 */
    0x00010A4B,                /* 04AC  jf L10, +1 */
    0x00070102,                /* 04AD  return L7 count=1 */
    0x00090441,                /* 04AE  move L9 <- L4 */
    0x000A0741,                /* 04AF  move L10 <- L7 */
    0x000901A2, 0x00010001,    /* 04B0  msg base=L9 argc=1 msg#1 nres=1   (append) */
    0xFFEF004F,                /* 04B2  jmp -17 */
    0x0005009A, 0x80000003,    /* 04B3  getattr L5 <- P0.sym#3   ("messages") */
    0x00080541,                /* 04B5  move L8 <- L5 */
    0x00770946,                /* 04B6  lconst L9 <- static#119   ("p") */
    0x000A0441,                /* 04B7  move L10 <- L4 */
    0x00780B46,                /* 04B8  lconst L11 <- static#120   ("_path") */
    0x000C0041,                /* 04B9  move L12 <- L0 */
    0x000D0283, 0x00090000,    /* 04BA  dict L13 <- L9, 2 pairs */
    0x00090D41,                /* 04BC  move L9 <- L13 */
    0x000801A2, 0x00010001,    /* 04BD  msg base=L8 argc=1 msg#1 nres=1   (append) */
    0x0008009A, 0x8000000E,    /* 04BF  getattr L8 <- P0.sym#14   ("_message_index") */
    0x00090341,                /* 04C1  move L9 <- L3 */
    0x00080099, 0x00010009,    /* 04C2  setidx L8[L1] <- L9 */
    0x00030102,                /* 04C4  return L3 count=1 */
    0x0002009A, 0x8000000F,    /* 04C5  getattr L2 <- P0.sym#15   ("_global_index") */
    0x00000098, 0x00028001,    /* 04C7  getidx L0 <- L2[P1] */
    0x0001004E,                /* 04C9  jnerr L0, +1 */
    0x00000003,                /* 04CA  lnil L0 */
    0x004A0246,                /* 04CB  lconst L2 <- static#74   ("nil") */
    0x00030097, 0x00000002,    /* 04CC  is L3 <- L0 is L2 */
    0x0004034A,                /* 04CE  not L4 <- L3 */
    0x0001044B,                /* 04CF  jf L4, +1 */
    0x00000102,                /* 04D0  return L0 count=1 */
    0x00028041,                /* 04D1  move L2 <- P0 */
    0x0003009A, 0x80000004,    /* 04D2  getattr L3 <- P0.sym#4   ("globals") */
    0x00730446,                /* 04D4  lconst L4 <- static#115   ("module globals") */
    0x000202A2, 0x00000001,    /* 04D5  msg base=L2 argc=2 msg#0 nres=1   (_next_index) */
    0x00010241,                /* 04D7  move L1 <- L2 */
    0x00410246,                /* 04D8  lconst L2 <- static#65   ("error") */
    0x00030097, 0x00010002,    /* 04D9  is L3 <- L1 is L2 */
    0x0001034B,                /* 04DB  jf L3, +1 */
    0x00010102,                /* 04DC  return L1 count=1 */
    0x0002009A, 0x80000004,    /* 04DD  getattr L2 <- P0.sym#4   ("globals") */
    0x00050342,                /* 04DF  gget L3 <- g5   (make_global_slot) */
    0x00048141,                /* 04E0  move L4 <- P1 */
    0x00050104,                /* 04E1  lbool L5 <- 1 */
    0x00060004,                /* 04E2  lbool L6 <- 0 */
    0x000303A0, 0x00010000,    /* 04E3  call base=L3 argc=3 nres=1 */
    0x000201A2, 0x00010001,    /* 04E5  msg base=L2 argc=1 msg#1 nres=1   (append) */
    0x0002009A, 0x8000000F,    /* 04E7  getattr L2 <- P0.sym#15   ("_global_index") */
    0x00030141,                /* 04E9  move L3 <- L1 */
    0x00020099, 0x80010003,    /* 04EA  setidx L2[P1] <- L3 */
    0x00010102,                /* 04EC  return L1 count=1 */
    0x00028041,                /* 04ED  move L2 <- P0 */
    0x00038141,                /* 04EE  move L3 <- P1 */
    0x000201A2, 0x00070001,    /* 04EF  msg base=L2 argc=1 msg#7 nres=1   (add_global) */
    0x00000241,                /* 04F1  move L0 <- L2 */
    0x00410246,                /* 04F2  lconst L2 <- static#65   ("error") */
    0x00030097, 0x00000002,    /* 04F3  is L3 <- L0 is L2 */
    0x0001034B,                /* 04F5  jf L3, +1 */
    0x00000102,                /* 04F6  return L0 count=1 */
    0x0002009A, 0x80000004,    /* 04F7  getattr L2 <- P0.sym#4   ("globals") */
    0x00010098, 0x00020000,    /* 04F9  getidx L1 <- L2[L0] */
    0x006C0246,                /* 04FB  lconst L2 <- static#108   ("has_default") */
    0x00030104,                /* 04FC  lbool L3 <- 1 */
    0x00010099, 0x00020003,    /* 04FD  setidx L1[L2] <- L3 */
    0x006D0246,                /* 04FF  lconst L2 <- static#109   ("default") */
    0x00038241,                /* 0500  move L3 <- P2 */
    0x00010099, 0x00020003,    /* 0501  setidx L1[L2] <- L3 */
    0x00000102,                /* 0503  return L0 count=1 */
    0x0001009A, 0x8000000F,    /* 0504  getattr L1 <- P0.sym#15   ("_global_index") */
    0x00000098, 0x00018001,    /* 0506  getidx L0 <- L1[P1] */
    0x0001004E,                /* 0508  jnerr L0, +1 */
    0x00000003,                /* 0509  lnil L0 */
    0x004A0146,                /* 050A  lconst L1 <- static#74   ("nil") */
    0x00020097, 0x00000001,    /* 050B  is L2 <- L0 is L1 */
    0x000B024B,                /* 050D  jf L2, +11 */
    0x001A0142,                /* 050E  gget L1 <- g26   (error) */
    0x00790246,                /* 050F  lconst L2 <- static#121   ("no module global named '") */
    0x00030085, 0x00028001,    /* 0510  add L3 <- L2 + P1 */
    0x007A0446,                /* 0512  lconst L4 <- static#122   ("'") */
    0x00050085, 0x00030004,    /* 0513  add L5 <- L3 + L4 */
    0x00020541,                /* 0515  move L2 <- L5 */
    0x000101A0, 0x00010000,    /* 0516  call base=L1 argc=1 nres=1 */
    0x00010102,                /* 0518  return L1 count=1 */
    0x00000102,                /* 0519  return L0 count=1 */
    0x00028041,                /* 051A  move L2 <- P0 */
    0x0003009A, 0x80000005,    /* 051B  getattr L3 <- P0.sym#5   ("functions") */
    0x007D0446,                /* 051D  lconst L4 <- static#125   ("functions per module") */
    0x000202A2, 0x00000001,    /* 051E  msg base=L2 argc=2 msg#0 nres=1   (_next_index) */
    0x00000241,                /* 0520  move L0 <- L2 */
    0x00410246,                /* 0521  lconst L2 <- static#65   ("error") */
    0x00030097, 0x00000002,    /* 0522  is L3 <- L0 is L2 */
    0x0001034B,                /* 0524  jf L3, +1 */
    0x00000102,                /* 0525  return L0 count=1 */
    0x005B0246,                /* 0526  lconst L2 <- static#91   ("name") */
    0x00038141,                /* 0527  move L3 <- P1 */
    0x007E0446,                /* 0528  lconst L4 <- static#126   ("params") */
    0x00090542,                /* 0529  gget L5 <- g9   (_or_empty) */
    0x00068241,                /* 052A  move L6 <- P2 */
    0x000501A0, 0x00010000,    /* 052B  call base=L5 argc=1 nres=1 */
    0x007F0646,                /* 052D  lconst L6 <- static#127   ("nlocals") */
    0x00078341,                /* 052E  move L7 <- P3 */
    0x00010383, 0x00020000,    /* 052F  dict L1 <- L2, 3 pairs */
    0x00800246,                /* 0531  lconst L2 <- static#128   ("code_offset") */
    0x00038441,                /* 0532  move L3 <- P4 */
    0x00010099, 0x00020003,    /* 0533  setidx L1[L2] <- L3 */
    0x00810246,                /* 0535  lconst L2 <- static#129   ("flags") */
    0x00038541,                /* 0536  move L3 <- P5 */
    0x00010099, 0x00020003,    /* 0537  setidx L1[L2] <- L3 */
    0x00820246,                /* 0539  lconst L2 <- static#130   ("dispatch") */
    0x00090442,                /* 053A  gget L4 <- g9   (_or_empty) */
    0x00058641,                /* 053B  move L5 <- P6 */
    0x000401A0, 0x00010000,    /* 053C  call base=L4 argc=1 nres=1 */
    0x00030441,                /* 053E  move L3 <- L4 */
    0x00010099, 0x00020003,    /* 053F  setidx L1[L2] <- L3 */
    0x00830246,                /* 0541  lconst L2 <- static#131   ("ncaptures") */
    0x00038741,                /* 0542  move L3 <- P7 */
    0x00010099, 0x00020003,    /* 0543  setidx L1[L2] <- L3 */
    0x00840246,                /* 0545  lconst L2 <- static#132   ("nresults") */
    0x00038841,                /* 0546  move L3 <- P8 */
    0x00010099, 0x00020003,    /* 0547  setidx L1[L2] <- L3 */
    0x00850246,                /* 0549  lconst L2 <- static#133   ("uses") */
    0x00090442,                /* 054A  gget L4 <- g9   (_or_empty) */
    0x00058941,                /* 054B  move L5 <- P9 */
    0x000401A0, 0x00010000,    /* 054C  call base=L4 argc=1 nres=1 */
    0x00030441,                /* 054E  move L3 <- L4 */
    0x00010099, 0x00020003,    /* 054F  setidx L1[L2] <- L3 */
    0x0002009A, 0x80000005,    /* 0551  getattr L2 <- P0.sym#5   ("functions") */
    0x00030141,                /* 0553  move L3 <- L1 */
    0x000201A2, 0x00010001,    /* 0554  msg base=L2 argc=1 msg#1 nres=1   (append) */
    0x00000102,                /* 0556  return L0 count=1 */
    0x00038041,                /* 0557  move L3 <- P0 */
    0x0004009A, 0x80000006,    /* 0558  getattr L4 <- P0.sym#6   ("classes") */
    0x00860546,                /* 055A  lconst L5 <- static#134   ("classes per module") */
    0x000302A2, 0x00000001,    /* 055B  msg base=L3 argc=2 msg#0 nres=1   (_next_index) */
    0x00000341,                /* 055D  move L0 <- L3 */
    0x00410346,                /* 055E  lconst L3 <- static#65   ("error") */
    0x00040097, 0x00000003,    /* 055F  is L4 <- L0 is L3 */
    0x0001044B,                /* 0561  jf L4, +1 */
    0x00000102,                /* 0562  return L0 count=1 */
    0x00090342,                /* 0563  gget L3 <- g9   (_or_empty) */
    0x00048541,                /* 0564  move L4 <- P5 */
    0x000301A0, 0x00010000,    /* 0565  call base=L3 argc=1 nres=1 */
    0x00010341,                /* 0567  move L1 <- L3 */
    0x00200342,                /* 0568  gget L3 <- g32   (len) */
    0x00040141,                /* 0569  move L4 <- L1 */
    0x000301A0, 0x00010000,    /* 056A  call base=L3 argc=1 nres=1 */
    0x00041040,                /* 056C  i8 L4 <- 16 */
    0x00050093, 0x00030004,    /* 056D  gt L5 <- L3 > L4 */
    0x0017054B,                /* 056F  jf L5, +23 */
    0x001A0342,                /* 0570  gget L3 <- g26   (error) */
    0x00870446,                /* 0571  lconst L4 <- static#135   ("class ") */
    0x00050085, 0x00048001,    /* 0572  add L5 <- L4 + P1 */
    0x00880646,                /* 0574  lconst L6 <- static#136   (" has ") */
    0x00070085, 0x00050006,    /* 0575  add L7 <- L5 + L6 */
    0x001F0842,                /* 0577  gget L8 <- g31   (str) */
    0x00200942,                /* 0578  gget L9 <- g32   (len) */
    0x000A0141,                /* 0579  move L10 <- L1 */
    0x000901A0, 0x00010000,    /* 057A  call base=L9 argc=1 nres=1 */
    0x000801A0, 0x00010000,    /* 057C  call base=L8 argc=1 nres=1 */
    0x00090085, 0x00070008,    /* 057E  add L9 <- L7 + L8 */
    0x00890A46,                /* 0580  lconst L10 <- static#137   (" messages, over the 16-entry message map limit") */
    0x000B0085, 0x0009000A,    /* 0581  add L11 <- L9 + L10 */
    0x00040B41,                /* 0583  move L4 <- L11 */
    0x000301A0, 0x00010000,    /* 0584  call base=L3 argc=1 nres=1 */
    0x00030102,                /* 0586  return L3 count=1 */
    0x005B0346,                /* 0587  lconst L3 <- static#91   ("name") */
    0x00048141,                /* 0588  move L4 <- P1 */
    0x008A0546,                /* 0589  lconst L5 <- static#138   ("superclass") */
    0x00068241,                /* 058A  move L6 <- P2 */
    0x008B0746,                /* 058B  lconst L7 <- static#139   ("slots") */
    0x00090842,                /* 058C  gget L8 <- g9   (_or_empty) */
    0x00098341,                /* 058D  move L9 <- P3 */
    0x000801A0, 0x00010000,    /* 058E  call base=L8 argc=1 nres=1 */
    0x00020383, 0x00030000,    /* 0590  dict L2 <- L3, 3 pairs */
    0x008C0346,                /* 0592  lconst L3 <- static#140   ("init") */
    0x00048441,                /* 0593  move L4 <- P4 */
    0x00020099, 0x00030004,    /* 0594  setidx L2[L3] <- L4 */
    0x008D0346,                /* 0596  lconst L3 <- static#141   ("messages") */
    0x00040141,                /* 0597  move L4 <- L1 */
    0x00020099, 0x00030004,    /* 0598  setidx L2[L3] <- L4 */
    0x008E0346,                /* 059A  lconst L3 <- static#142   ("statics") */
    0x00090542,                /* 059B  gget L5 <- g9   (_or_empty) */
    0x00068641,                /* 059C  move L6 <- P6 */
    0x000501A0, 0x00010000,    /* 059D  call base=L5 argc=1 nres=1 */
    0x00040541,                /* 059F  move L4 <- L5 */
    0x00020099, 0x00030004,    /* 05A0  setidx L2[L3] <- L4 */
    0x0003009A, 0x80000006,    /* 05A2  getattr L3 <- P0.sym#6   ("classes") */
    0x00040241,                /* 05A4  move L4 <- L2 */
    0x000301A2, 0x00010001,    /* 05A5  msg base=L3 argc=1 msg#1 nres=1   (append) */
    0x00000102,                /* 05A7  return L0 count=1 */
    0x00200042,                /* 05A8  gget L0 <- g32   (len) */
    0x0001009A, 0x80000007,    /* 05A9  getattr L1 <- P0.sym#7   ("code") */
    0x000001A0, 0x00010000,    /* 05AB  call base=L0 argc=1 nres=1 */
    0x00000102,                /* 05AD  return L0 count=1 */
    0x00200242,                /* 05AE  gget L2 <- g32   (len) */
    0x0003009A, 0x80000007,    /* 05AF  getattr L3 <- P0.sym#7   ("code") */
    0x000201A0, 0x00010000,    /* 05B1  call base=L2 argc=1 nres=1 */
    0x00000241,                /* 05B3  move L0 <- L2 */
    0x000200AE, 0x80010000,    /* 05B4  iter L2 <- P1 */
    0x000100AF, 0x0002001D,    /* 05B6  itnext L1 <- L2, done +29 */
    0x00040040,                /* 05B8  i8 L4 <- 0 */
    0x00030091, 0x00010004,    /* 05B9  lt L3 <- L1 < L4 */
    0x0003034C,                /* 05BB  jt L3, +3 */
    0x00140442,                /* 05BC  gget L4 <- g20   (U32_MASK) */
    0x00030093, 0x00010004,    /* 05BD  gt L3 <- L1 > L4 */
    0x000F034B,                /* 05BF  jf L3, +15 */
    0x001A0342,                /* 05C0  gget L3 <- g26   (error) */
    0x008F0446,                /* 05C1  lconst L4 <- static#143   ("code word ") */
    0x001F0542,                /* 05C2  gget L5 <- g31   (str) */
    0x00060141,                /* 05C3  move L6 <- L1 */
    0x000501A0, 0x00010000,    /* 05C4  call base=L5 argc=1 nres=1 */
    0x00060085, 0x00040005,    /* 05C6  add L6 <- L4 + L5 */
    0x00900746,                /* 05C8  lconst L7 <- static#144   (" is not a u32") */
    0x00080085, 0x00060007,    /* 05C9  add L8 <- L6 + L7 */
    0x00040841,                /* 05CB  move L4 <- L8 */
    0x000301A0, 0x00010000,    /* 05CC  call base=L3 argc=1 nres=1 */
    0x00030102,                /* 05CE  return L3 count=1 */
    0x0003009A, 0x80000007,    /* 05CF  getattr L3 <- P0.sym#7   ("code") */
    0x00040141,                /* 05D1  move L4 <- L1 */
    0x000301A2, 0x00010001,    /* 05D2  msg base=L3 argc=1 msg#1 nres=1   (append) */
    0xFFE1004F,                /* 05D4  jmp -31 */
    0x00000102,                /* 05D5  return L0 count=1 */
    0x005B0046,                /* 05D6  lconst L0 <- static#91   ("name") */
    0x00018041,                /* 05D7  move L1 <- P0 */
    0x006D0246,                /* 05D8  lconst L2 <- static#109   ("default") */
    0x00038141,                /* 05D9  move L3 <- P1 */
    0x00040283, 0x00000000,    /* 05DA  dict L4 <- L0, 2 pairs */
    0x00040102,                /* 05DC  return L4 count=1 */
    0x005B0046,                /* 05DD  lconst L0 <- static#91   ("name") */
    0x00018041,                /* 05DE  move L1 <- P0 */
    0x006D0246,                /* 05DF  lconst L2 <- static#109   ("default") */
    0x00038141,                /* 05E0  move L3 <- P1 */
    0x00910446,                /* 05E1  lconst L4 <- static#145   ("getter") */
    0x00058241,                /* 05E2  move L5 <- P2 */
    0x00920646,                /* 05E3  lconst L6 <- static#146   ("setter") */
    0x00078341,                /* 05E4  move L7 <- P3 */
    0x00080483, 0x00000000,    /* 05E5  dict L8 <- L0, 4 pairs */
    0x00080102,                /* 05E7  return L8 count=1 */
    0x004A0046,                /* 05E8  lconst L0 <- static#74   ("nil") */
    0x00010097, 0x80000000,    /* 05E9  is L1 <- P0 is L0 */
    0x0003014B,                /* 05EB  jf L1, +3 */
    0x00000082, 0x00000000,    /* 05EC  list L0 <- L0, 0 items */
    0x00000102,                /* 05EE  return L0 count=1 */
    0x00008041,                /* 05EF  move L0 <- P0 */
    0x00000102,                /* 05F0  return L0 count=1 */
    0x00008041,                /* 05F1  move L0 <- P0 */
    0x00018141,                /* 05F2  move L1 <- P1 */
    0x00020140,                /* 05F3  i8 L2 <- 1 */
    0x000002A2, 0x000E0001,    /* 05F4  msg base=L0 argc=2 msg#14 nres=1   (substr) */
    0x00000102,                /* 05F6  return L0 count=1 */
    0x00000082, 0x00070000,    /* 05F7  list L0 <- L7, 0 items */
    0x00550746,                /* 05F9  lconst L7 <- static#85   ("str") */
    0x00080097, 0x80000007,    /* 05FA  is L8 <- P0 is L7 */
    0x0038084B,                /* 05FC  jf L8, +56 */
    0x00930146,                /* 05FD  lconst L1 <- static#147   ("") */
    0x00020040,                /* 05FE  i8 L2 <- 0 */
    0x00200742,                /* 05FF  gget L7 <- g32   (len) */
    0x00088041,                /* 0600  move L8 <- P0 */
    0x000701A0, 0x00010000,    /* 0601  call base=L7 argc=1 nres=1 */
    0x00030741,                /* 0603  move L3 <- L7 */
    0x00070091, 0x00020003,    /* 0604  lt L7 <- L2 < L3 */
    0x0029074B,                /* 0606  jf L7, +41 */
    0x00040098, 0x80000002,    /* 0607  getidx L4 <- P0[L2] */
    0x00130842,                /* 0609  gget L8 <- g19   (COLON_CP) */
    0x0007008F, 0x00040008,    /* 060A  eq L7 <- L4 == L8 */
    0x000E074B,                /* 060C  jf L7, +14 */
    0x00080140,                /* 060D  i8 L8 <- 1 */
    0x00090085, 0x00020008,    /* 060E  add L9 <- L2 + L8 */
    0x00070091, 0x00090003,    /* 0610  lt L7 <- L9 < L3 */
    0x0008074B,                /* 0612  jf L7, +8 */
    0x00080140,                /* 0613  i8 L8 <- 1 */
    0x00090085, 0x00020008,    /* 0614  add L9 <- L2 + L8 */
    0x000A0098, 0x80000009,    /* 0616  getidx L10 <- P0[L9] */
    0x00130B42,                /* 0618  gget L11 <- g19   (COLON_CP) */
    0x0007008F, 0x000A000B,    /* 0619  eq L7 <- L10 == L11 */
    0x0009074B,                /* 061B  jf L7, +9 */
    0x00070041,                /* 061C  move L7 <- L0 */
    0x00080141,                /* 061D  move L8 <- L1 */
    0x000701A2, 0x00010001,    /* 061E  msg base=L7 argc=1 msg#1 nres=1   (append) */
    0x00930146,                /* 0620  lconst L1 <- static#147   ("") */
    0x00070240,                /* 0621  i8 L7 <- 2 */
    0x00020085, 0x00020007,    /* 0622  add L2 <- L2 + L7 */
    0x000A004F,                /* 0624  jmp +10 */
    0x000A0742,                /* 0625  gget L7 <- g10   (_path_char) */
    0x00088041,                /* 0626  move L8 <- P0 */
    0x00090241,                /* 0627  move L9 <- L2 */
    0x000702A0, 0x00010000,    /* 0628  call base=L7 argc=2 nres=1 */
    0x00010085, 0x00010007,    /* 062A  add L1 <- L1 + L7 */
    0x00070140,                /* 062C  i8 L7 <- 1 */
    0x00020085, 0x00020007,    /* 062D  add L2 <- L2 + L7 */
    0xFFD4004F,                /* 062F  jmp -44 */
    0x00070041,                /* 0630  move L7 <- L0 */
    0x00080141,                /* 0631  move L8 <- L1 */
    0x000701A2, 0x00010001,    /* 0632  msg base=L7 argc=1 msg#1 nres=1   (append) */
    0x00000102,                /* 0634  return L0 count=1 */
    0x00560746,                /* 0635  lconst L7 <- static#86   ("sym") */
    0x00080097, 0x80000007,    /* 0636  is L8 <- P0 is L7 */
    0x0008084B,                /* 0638  jf L8, +8 */
    0x00070041,                /* 0639  move L7 <- L0 */
    0x001F0842,                /* 063A  gget L8 <- g31   (str) */
    0x00098041,                /* 063B  move L9 <- P0 */
    0x000801A0, 0x00010000,    /* 063C  call base=L8 argc=1 nres=1 */
    0x000701A2, 0x00010001,    /* 063E  msg base=L7 argc=1 msg#1 nres=1   (append) */
    0x00000102,                /* 0640  return L0 count=1 */
    0x004C0746,                /* 0641  lconst L7 <- static#76   ("pair") */
    0x00080097, 0x80000007,    /* 0642  is L8 <- P0 is L7 */
    0x0016084B,                /* 0644  jf L8, +22 */
    0x00058041,                /* 0645  move L5 <- P0 */
    0x004C0746,                /* 0646  lconst L7 <- static#76   ("pair") */
    0x00080097, 0x00050007,    /* 0647  is L8 <- L5 is L7 */
    0x0010084B,                /* 0649  jf L8, +16 */
    0x00070041,                /* 064A  move L7 <- L0 */
    0x001F0842,                /* 064B  gget L8 <- g31   (str) */
    0x00210942,                /* 064C  gget L9 <- g33   (car) */
    0x000A0541,                /* 064D  move L10 <- L5 */
    0x000901A0, 0x00010000,    /* 064E  call base=L9 argc=1 nres=1 */
    0x000801A0, 0x00010000,    /* 0650  call base=L8 argc=1 nres=1 */
    0x000701A2, 0x00010001,    /* 0652  msg base=L7 argc=1 msg#1 nres=1   (append) */
    0x00220742,                /* 0654  gget L7 <- g34   (cdr) */
    0x00080541,                /* 0655  move L8 <- L5 */
    0x000701A0, 0x00010000,    /* 0656  call base=L7 argc=1 nres=1 */
    0x00050741,                /* 0658  move L5 <- L7 */
    0xFFEC004F,                /* 0659  jmp -20 */
    0x00000102,                /* 065A  return L0 count=1 */
    0x00940746,                /* 065B  lconst L7 <- static#148   ("list") */
    0x00080097, 0x80000007,    /* 065C  is L8 <- P0 is L7 */
    0x000D084B,                /* 065E  jf L8, +13 */
    0x000700AE, 0x80000000,    /* 065F  iter L7 <- P0 */
    0x000600AF, 0x00070008,    /* 0661  itnext L6 <- L7, done +8 */
    0x00080041,                /* 0663  move L8 <- L0 */
    0x001F0942,                /* 0664  gget L9 <- g31   (str) */
    0x000A0641,                /* 0665  move L10 <- L6 */
    0x000901A0, 0x00010000,    /* 0666  call base=L9 argc=1 nres=1 */
    0x000801A2, 0x00010001,    /* 0668  msg base=L8 argc=1 msg#1 nres=1   (append) */
    0xFFF6004F,                /* 066A  jmp -10 */
    0x00000102,                /* 066B  return L0 count=1 */
    0x00000102,                /* 066C  return L0 count=1 */
    0x00930046,                /* 066D  lconst L0 <- static#147   ("") */
    0x00010104,                /* 066E  lbool L1 <- 1 */
    0x000300AE, 0x80000000,    /* 066F  iter L3 <- P0 */
    0x000200AF, 0x00030009,    /* 0671  itnext L2 <- L3, done +9 */
    0x0004014A,                /* 0673  not L4 <- L1 */
    0x0003044B,                /* 0674  jf L4, +3 */
    0x00950446,                /* 0675  lconst L4 <- static#149   ("::") */
    0x00000085, 0x00000004,    /* 0676  add L0 <- L0 + L4 */
    0x00000085, 0x00000002,    /* 0678  add L0 <- L0 + L2 */
    0x00010004,                /* 067A  lbool L1 <- 0 */
    0xFFF5004F,                /* 067B  jmp -11 */
    0x00000102,                /* 067C  return L0 count=1 */
    0x00010003,                /* 067D  lnil L1 */
    0x8000009B, 0x00200001,    /* 067E  setattr P0.sym#32 <- L1   ("target") */
    0x00000003,                /* 0680  lnil L0 */
    0x00010082, 0x00020000,    /* 0681  list L1 <- L2, 0 items */
    0x8000009B, 0x00210001,    /* 0683  setattr P0.sym#33 <- L1   ("sites") */
    0x00000102,                /* 0685  return L0 count=1 */
    0x00068141,                /* 0686  move L6 <- P1 */
    0x8000009B, 0x00220006,    /* 0687  setattr P0.sym#34 <- L6   ("module") */
    0x00068241,                /* 0689  move L6 <- P2 */
    0x8000009B, 0x00230006,    /* 068A  setattr P0.sym#35 <- L6   ("name") */
    0x00068641,                /* 068C  move L6 <- P6 */
    0x8000009B, 0x00240006,    /* 068D  setattr P0.sym#36 <- L6   ("is_module_init") */
    0x00060082, 0x00070000,    /* 068F  list L6 <- L7, 0 items */
    0x8000009B, 0x00250006,    /* 0691  setattr P0.sym#37 <- L6   ("loops") */
    0x00060140,                /* 0693  i8 L6 <- 1 */
    0x8000009B, 0x00260006,    /* 0694  setattr P0.sym#38 <- L6   ("max_results") */
    0x00060082, 0x00070000,    /* 0696  list L6 <- L7, 0 items */
    0x8000009B, 0x00270006,    /* 0698  setattr P0.sym#39 <- L6   ("cells") */
    0x00060003,                /* 069A  lnil L6 */
    0x8000009B, 0x00280006,    /* 069B  setattr P0.sym#40 <- L6   ("_zero") */
    0x00060082, 0x00070000,    /* 069D  list L6 <- L7, 0 items */
    0x8000009B, 0x00070006,    /* 069F  setattr P0.sym#7 <- L6   ("code") */
    0x00060082, 0x00070000,    /* 06A1  list L6 <- L7, 0 items */
    0x8000009B, 0x00290006,    /* 06A3  setattr P0.sym#41 <- L6   ("uses") */
    0x00060082, 0x00070000,    /* 06A5  list L6 <- L7, 0 items */
    0x8000009B, 0x002A0006,    /* 06A7  setattr P0.sym#42 <- L6   ("labels") */
    0x00060003,                /* 06A9  lnil L6 */
    0x8000009B, 0x002B0006,    /* 06AA  setattr P0.sym#43 <- L6   ("line") */
    0x00060083, 0x00070000,    /* 06AC  dict L6 <- L7, 0 pairs */
    0x8000009B, 0x002C0006,    /* 06AE  setattr P0.sym#44 <- L6   ("lines") */
    0x00060003,                /* 06B0  lnil L6 */
    0x8000009B, 0x002D0006,    /* 06B1  setattr P0.sym#45 <- L6   ("_emitted_line") */
    0x00060083, 0x00070000,    /* 06B3  dict L6 <- L7, 0 pairs */
    0x8000009B, 0x002E0006,    /* 06B5  setattr P0.sym#46 <- L6   ("locals") */
    0x00060040,                /* 06B7  i8 L6 <- 0 */
    0x8000009B, 0x002F0006,    /* 06B8  setattr P0.sym#47 <- L6   ("nnamed") */
    0x00060040,                /* 06BA  i8 L6 <- 0 */
    0x8000009B, 0x00300006,    /* 06BB  setattr P0.sym#48 <- L6   ("top") */
    0x00060040,                /* 06BD  i8 L6 <- 0 */
    0x8000009B, 0x00310006,    /* 06BE  setattr P0.sym#49 <- L6   ("high") */
    0x00060083, 0x00070000,    /* 06C0  dict L6 <- L7, 0 pairs */
    0x8000009B, 0x00320006,    /* 06C2  setattr P0.sym#50 <- L6   ("params") */
    0x00060083, 0x00070000,    /* 06C4  dict L6 <- L7, 0 pairs */
    0x8000009B, 0x00330006,    /* 06C6  setattr P0.sym#51 <- L6   ("captures") */
    0x00068541,                /* 06C8  move L6 <- P5 */
    0x8000009B, 0x00340006,    /* 06C9  setattr P0.sym#52 <- L6   ("this_count") */
    0x00060040,                /* 06CB  i8 L6 <- 0 */
    0x00070093, 0x80050006,    /* 06CC  gt L7 <- P5 > L6 */
    0x0008074B,                /* 06CE  jf L7, +8 */
    0x00230742,                /* 06CF  gget L7 <- g35   (P) */
    0x00080040,                /* 06D0  i8 L8 <- 0 */
    0x000701A0, 0x00010000,    /* 06D1  call base=L7 argc=1 nres=1 */
    0x00060741,                /* 06D3  move L6 <- L7 */
    0x8000009B, 0x00350006,    /* 06D4  setattr P0.sym#53 <- L6   ("this_reg") */
    0x0003004F,                /* 06D6  jmp +3 */
    0x00060003,                /* 06D7  lnil L6 */
    0x8000009B, 0x00350006,    /* 06D8  setattr P0.sym#53 <- L6   ("this_reg") */
    0x00068741,                /* 06DA  move L6 <- P7 */
    0x8000009B, 0x00360006,    /* 06DB  setattr P0.sym#54 <- L6   ("this_class") */
    0x00060004,                /* 06DD  lbool L6 <- 0 */
    0x8000009B, 0x00370006,    /* 06DE  setattr P0.sym#55 <- L6   ("is_coroutine") */
    0x00060083, 0x00070000,    /* 06E0  dict L6 <- L7, 0 pairs */
    0x8000009B, 0x00010006,    /* 06E2  setattr P0.sym#1 <- L6   ("statics") */
    0x00060082, 0x00070000,    /* 06E4  list L6 <- L7, 0 items */
    0x8000009B, 0x00380006,    /* 06E6  setattr P0.sym#56 <- L6   ("block_slots") */
    0x00060082, 0x00070000,    /* 06E8  list L6 <- L7, 0 items */
    0x8000009B, 0x00390006,    /* 06EA  setattr P0.sym#57 <- L6   ("scopes") */
    0x00060082, 0x00070000,    /* 06EC  list L6 <- L7, 0 items */
    0x8000009B, 0x003A0006,    /* 06EE  setattr P0.sym#58 <- L6   ("scope_stack") */
    0x00060003,                /* 06F0  lnil L6 */
    0x8000009B, 0x003B0006,    /* 06F1  setattr P0.sym#59 <- L6   ("top_body") */
    0x00060004,                /* 06F3  lbool L6 <- 0 */
    0x8000009B, 0x003C0006,    /* 06F4  setattr P0.sym#60 <- L6   ("top_body_pushed") */
    0x00060004,                /* 06F6  lbool L6 <- 0 */
    0x8000009B, 0x003D0006,    /* 06F7  setattr P0.sym#61 <- L6   ("tolerant") */
    0x00090642,                /* 06F9  gget L6 <- g9   (_or_empty) */
    0x00078341,                /* 06FA  move L7 <- P3 */
    0x000601A0, 0x00010000,    /* 06FB  call base=L6 argc=1 nres=1 */
    0x00000641,                /* 06FD  move L0 <- L6 */
    0x00090642,                /* 06FE  gget L6 <- g9   (_or_empty) */
    0x00078441,                /* 06FF  move L7 <- P4 */
    0x000601A0, 0x00010000,    /* 0700  call base=L6 argc=1 nres=1 */
    0x00010641,                /* 0702  move L1 <- L6 */
    0x00020040,                /* 0703  i8 L2 <- 0 */
    0x000600AE, 0x00000000,    /* 0704  iter L6 <- L0 */
    0x000300AF, 0x0006000E,    /* 0706  itnext L3 <- L6, done +14 */
    0x0007009A, 0x80000032,    /* 0708  getattr L7 <- P0.sym#50   ("params") */
    0x00230942,                /* 070A  gget L9 <- g35   (P) */
    0x000A0085, 0x80050002,    /* 070B  add L10 <- P5 + L2 */
    0x000901A0, 0x00010000,    /* 070D  call base=L9 argc=1 nres=1 */
    0x00080941,                /* 070F  move L8 <- L9 */
    0x00070099, 0x00030008,    /* 0710  setidx L7[L3] <- L8 */
    0x00070140,                /* 0712  i8 L7 <- 1 */
    0x00020085, 0x00020007,    /* 0713  add L2 <- L2 + L7 */
    0xFFF0004F,                /* 0715  jmp -16 */
    0x00020040,                /* 0716  i8 L2 <- 0 */
    0x00050003,                /* 0717  lnil L5 */
    0x000600AE, 0x00010000,    /* 0718  iter L6 <- L1 */
    0x000400AF, 0x00060015,    /* 071A  itnext L4 <- L6, done +21 */
    0x0007009A, 0x80000033,    /* 071C  getattr L7 <- P0.sym#51   ("captures") */
    0x00230942,                /* 071E  gget L9 <- g35   (P) */
    0x00200A42,                /* 071F  gget L10 <- g32   (len) */
    0x000B0041,                /* 0720  move L11 <- L0 */
    0x000A01A0, 0x00010000,    /* 0721  call base=L10 argc=1 nres=1 */
    0x000B0085, 0x8005000A,    /* 0723  add L11 <- P5 + L10 */
    0x000C0085, 0x000B0002,    /* 0725  add L12 <- L11 + L2 */
    0x000A0C41,                /* 0727  move L10 <- L12 */
    0x000901A0, 0x00010000,    /* 0728  call base=L9 argc=1 nres=1 */
    0x00080941,                /* 072A  move L8 <- L9 */
    0x00070099, 0x00040008,    /* 072B  setidx L7[L4] <- L8 */
    0x00070140,                /* 072D  i8 L7 <- 1 */
    0x00020085, 0x00020007,    /* 072E  add L2 <- L2 + L7 */
    0xFFE9004F,                /* 0730  jmp -23 */
    0x00050102,                /* 0731  return L5 count=1 */
    0x0000009A, 0x80000024,    /* 0732  getattr L0 <- P0.sym#36   ("is_module_init") */
    0x0006004B,                /* 0734  jf L0, +6 */
    0x0000009A, 0x80000022,    /* 0735  getattr L0 <- P0.sym#34   ("module") */
    0x00018141,                /* 0737  move L1 <- P1 */
    0x000001A2, 0x000F0001,    /* 0738  msg base=L0 argc=1 msg#15 nres=1   (declare_global) */
    0x00000102,                /* 073A  return L0 count=1 */
    0x00008041,                /* 073B  move L0 <- P0 */
    0x00018141,                /* 073C  move L1 <- P1 */
    0x000001A2, 0x00100001,    /* 073D  msg base=L0 argc=1 msg#16 nres=1   (declare_local) */
    0x00000102,                /* 073F  return L0 count=1 */
    0x0002009A, 0x80000024,    /* 0740  getattr L2 <- P0.sym#36   ("is_module_init") */
    0x0010024B,                /* 0742  jf L2, +16 */
    0x0002009A, 0x80000022,    /* 0743  getattr L2 <- P0.sym#34   ("module") */
    0x00038141,                /* 0745  move L3 <- P1 */
    0x000201A2, 0x00120001,    /* 0746  msg base=L2 argc=1 msg#18 nres=1   (declare_shadow_global) */
    0x00010241,                /* 0748  move L1 <- L2 */
    0x00410246,                /* 0749  lconst L2 <- static#65   ("error") */
    0x00030097, 0x00010002,    /* 074A  is L3 <- L1 is L2 */
    0x0001034B,                /* 074C  jf L3, +1 */
    0x00010102,                /* 074D  return L1 count=1 */
    0x00970246,                /* 074E  lconst L2 <- static#151   ("global") */
    0x00030141,                /* 074F  move L3 <- L1 */
    0x00040282, 0x00020000,    /* 0750  list L4 <- L2, 2 items */
    0x00040102,                /* 0752  return L4 count=1 */
    0x00028041,                /* 0753  move L2 <- P0 */
    0x00038141,                /* 0754  move L3 <- P1 */
    0x000201A2, 0x00130001,    /* 0755  msg base=L2 argc=1 msg#19 nres=1   (reserve_local) */
    0x00000241,                /* 0757  move L0 <- L2 */
    0x00410246,                /* 0758  lconst L2 <- static#65   ("error") */
    0x00030097, 0x00000002,    /* 0759  is L3 <- L0 is L2 */
    0x0001034B,                /* 075B  jf L3, +1 */
    0x00000102,                /* 075C  return L0 count=1 */
    0x00600246,                /* 075D  lconst L2 <- static#96   ("reg") */
    0x00240342,                /* 075E  gget L3 <- g36   (L) */
    0x00040041,                /* 075F  move L4 <- L0 */
    0x000301A0, 0x00010000,    /* 0760  call base=L3 argc=1 nres=1 */
    0x00040282, 0x00020000,    /* 0762  list L4 <- L2, 2 items */
    0x00040102,                /* 0764  return L4 count=1 */
    0x0002009A, 0x80000024,    /* 0765  getattr L2 <- P0.sym#36   ("is_module_init") */
    0x0010024B,                /* 0767  jf L2, +16 */
    0x0002009A, 0x80000022,    /* 0768  getattr L2 <- P0.sym#34   ("module") */
    0x00038141,                /* 076A  move L3 <- P1 */
    0x000201A2, 0x000F0001,    /* 076B  msg base=L2 argc=1 msg#15 nres=1   (declare_global) */
    0x00010241,                /* 076D  move L1 <- L2 */
    0x00410246,                /* 076E  lconst L2 <- static#65   ("error") */
    0x00030097, 0x00010002,    /* 076F  is L3 <- L1 is L2 */
    0x0001034B,                /* 0771  jf L3, +1 */
    0x00010102,                /* 0772  return L1 count=1 */
    0x00970246,                /* 0773  lconst L2 <- static#151   ("global") */
    0x00030141,                /* 0774  move L3 <- L1 */
    0x00040282, 0x00020000,    /* 0775  list L4 <- L2, 2 items */
    0x00040102,                /* 0777  return L4 count=1 */
    0x0002009A, 0x8000002E,    /* 0778  getattr L2 <- P0.sym#46   ("locals") */
    0x00000098, 0x00028001,    /* 077A  getidx L0 <- L2[P1] */
    0x0001004E,                /* 077C  jnerr L0, +1 */
    0x00000003,                /* 077D  lnil L0 */
    0x004A0246,                /* 077E  lconst L2 <- static#74   ("nil") */
    0x00030097, 0x00000002,    /* 077F  is L3 <- L0 is L2 */
    0x000A034B,                /* 0781  jf L3, +10 */
    0x00028041,                /* 0782  move L2 <- P0 */
    0x00038141,                /* 0783  move L3 <- P1 */
    0x000201A2, 0x00100001,    /* 0784  msg base=L2 argc=1 msg#16 nres=1   (declare_local) */
    0x00000241,                /* 0786  move L0 <- L2 */
    0x00410246,                /* 0787  lconst L2 <- static#65   ("error") */
    0x00030097, 0x00000002,    /* 0788  is L3 <- L0 is L2 */
    0x0001034B,                /* 078A  jf L3, +1 */
    0x00000102,                /* 078B  return L0 count=1 */
    0x00600246,                /* 078C  lconst L2 <- static#96   ("reg") */
    0x00240342,                /* 078D  gget L3 <- g36   (L) */
    0x00040041,                /* 078E  move L4 <- L0 */
    0x000301A0, 0x00010000,    /* 078F  call base=L3 argc=1 nres=1 */
    0x00040282, 0x00020000,    /* 0791  list L4 <- L2, 2 items */
    0x00040102,                /* 0793  return L4 count=1 */
    0x00250842,                /* 0794  gget L8 <- g37   (block_scopes) */
    0x00098141,                /* 0795  move L9 <- P1 */
    0x00090A42,                /* 0796  gget L10 <- g9   (_or_empty) */
    0x000B8241,                /* 0797  move L11 <- P2 */
    0x000A01A0, 0x00010000,    /* 0798  call base=L10 argc=1 nres=1 */
    0x000802A0, 0x00010000,    /* 079A  call base=L8 argc=2 nres=1 */
    0x000900AE, 0x00080000,    /* 079C  iter L9 <- L8 */
    0x000000AF, 0x00090056,    /* 079E  itnext L0 <- L9, done +86 */
    0x000A0040,                /* 07A0  i8 L10 <- 0 */
    0x00010098, 0x0000000A,    /* 07A1  getidx L1 <- L0[L10] */
    0x000A0140,                /* 07A3  i8 L10 <- 1 */
    0x00020098, 0x0000000A,    /* 07A4  getidx L2 <- L0[L10] */
    0x000A0240,                /* 07A6  i8 L10 <- 2 */
    0x00030098, 0x0000000A,    /* 07A7  getidx L3 <- L0[L10] */
    0x00040083, 0x000A0000,    /* 07A9  dict L4 <- L10, 0 pairs */
    0x000A00AE, 0x00020000,    /* 07AB  iter L10 <- L2 */
    0x000500AF, 0x000A003C,    /* 07AD  itnext L5 <- L10, done +60 */
    0x000B009A, 0x80000027,    /* 07AF  getattr L11 <- P0.sym#39   ("cells") */
    0x000C0096, 0x0005000B,    /* 07B1  in L12 <- L5 in L11 */
    0x00290C4B,                /* 07B3  jf L12, +41 */
    0x000B0096, 0x00050003,    /* 07B4  in L11 <- L5 in L3 */
    0x00180B4B,                /* 07B6  jf L11, +24 */
    0x001A0B42,                /* 07B7  gget L11 <- g26   (error) */
    0x007A0C46,                /* 07B8  lconst L12 <- static#122   ("'") */
    0x001F0D42,                /* 07B9  gget L13 <- g31   (str) */
    0x000E0541,                /* 07BA  move L14 <- L5 */
    0x000D01A0, 0x00010000,    /* 07BB  call base=L13 argc=1 nres=1 */
    0x000E0085, 0x000C000D,    /* 07BD  add L14 <- L12 + L13 */
    0x00980F46,                /* 07BF  lconst L15 <- static#152   ("' is declared in a nested block, shadows an enclosing '") */
    0x00100085, 0x000E000F,    /* 07C0  add L16 <- L14 + L15 */
    0x001F1142,                /* 07C2  gget L17 <- g31   (str) */
    0x00120541,                /* 07C3  move L18 <- L5 */
    0x001101A0, 0x00010000,    /* 07C4  call base=L17 argc=1 nres=1 */
    0x00120085, 0x00100011,    /* 07C6  add L18 <- L16 + L17 */
    0x00991346,                /* 07C8  lconst L19 <- static#153   ("', and is captured by a closure: one cell per name per frame cannot hold both (spec 8.3)") */
    0x00140085, 0x00120013,    /* 07C9  add L20 <- L18 + L19 */
    0x000C1441,                /* 07CB  move L12 <- L20 */
    0x000B01A0, 0x00010000,    /* 07CC  call base=L11 argc=1 nres=1 */
    0x000B0102,                /* 07CE  return L11 count=1 */
    0x000B8041,                /* 07CF  move L11 <- P0 */
    0x000C0541,                /* 07D0  move L12 <- L5 */
    0x000B01A2, 0x00150001,    /* 07D1  msg base=L11 argc=1 msg#21 nres=1   (frame_storage) */
    0x00060B41,                /* 07D3  move L6 <- L11 */
    0x00410B46,                /* 07D4  lconst L11 <- static#65   ("error") */
    0x000C0097, 0x0006000B,    /* 07D5  is L12 <- L6 is L11 */
    0x00010C4B,                /* 07D7  jf L12, +1 */
    0x00060102,                /* 07D8  return L6 count=1 */
    0x000B0641,                /* 07D9  move L11 <- L6 */
    0x00040099, 0x0005000B,    /* 07DA  setidx L4[L5] <- L11 */
    0x000D004F,                /* 07DC  jmp +13 */
    0x000B8041,                /* 07DD  move L11 <- P0 */
    0x000C0541,                /* 07DE  move L12 <- L5 */
    0x000B01A2, 0x00140001,    /* 07DF  msg base=L11 argc=1 msg#20 nres=1   (declare_block) */
    0x00070B41,                /* 07E1  move L7 <- L11 */
    0x00410B46,                /* 07E2  lconst L11 <- static#65   ("error") */
    0x000C0097, 0x0007000B,    /* 07E3  is L12 <- L7 is L11 */
    0x00010C4B,                /* 07E5  jf L12, +1 */
    0x00070102,                /* 07E6  return L7 count=1 */
    0x000B0741,                /* 07E7  move L11 <- L7 */
    0x00040099, 0x0005000B,    /* 07E8  setidx L4[L5] <- L11 */
    0xFFC2004F,                /* 07EA  jmp -62 */
    0x000A009A, 0x80000038,    /* 07EB  getattr L10 <- P0.sym#56   ("block_slots") */
    0x000B0141,                /* 07ED  move L11 <- L1 */
    0x000C0441,                /* 07EE  move L12 <- L4 */
    0x000D0004,                /* 07EF  lbool L13 <- 0 */
    0x000E0382, 0x000B0000,    /* 07F0  list L14 <- L11, 3 items */
    0x000B0E41,                /* 07F2  move L11 <- L14 */
    0x000A01A2, 0x00010001,    /* 07F3  msg base=L10 argc=1 msg#1 nres=1   (append) */
    0xFFA8004F,                /* 07F5  jmp -88 */
    0x00080003,                /* 07F6  lnil L8 */
    0x00080102,                /* 07F7  return L8 count=1 */
    0x0004009A, 0x8000003B,    /* 07F8  getattr L4 <- P0.sym#59   ("top_body") */
    0x004A0546,                /* 07FA  lconst L5 <- static#74   ("nil") */
    0x00030097, 0x00040005,    /* 07FB  is L3 <- L4 is L5 */
    0x0002034C,                /* 07FD  jt L3, +2 */
    0x0003009A, 0x8000003C,    /* 07FE  getattr L3 <- P0.sym#60   ("top_body_pushed") */
    0x0004034A,                /* 0800  not L4 <- L3 */
    0x000C044B,                /* 0801  jf L4, +12 */
    0x00260342,                /* 0802  gget L3 <- g38   (same_node) */
    0x0004009A, 0x8000003B,    /* 0803  getattr L4 <- P0.sym#59   ("top_body") */
    0x00058141,                /* 0805  move L5 <- P1 */
    0x000302A0, 0x00010000,    /* 0806  call base=L3 argc=2 nres=1 */
    0x0005034B,                /* 0808  jf L3, +5 */
    0x00030104,                /* 0809  lbool L3 <- 1 */
    0x8000009B, 0x003C0003,    /* 080A  setattr P0.sym#60 <- L3   ("top_body_pushed") */
    0x00030004,                /* 080C  lbool L3 <- 0 */
    0x00030102,                /* 080D  return L3 count=1 */
    0x00000040,                /* 080E  i8 L0 <- 0 */
    0x00200342,                /* 080F  gget L3 <- g32   (len) */
    0x0004009A, 0x80000038,    /* 0810  getattr L4 <- P0.sym#56   ("block_slots") */
    0x000301A0, 0x00010000,    /* 0812  call base=L3 argc=1 nres=1 */
    0x00010341,                /* 0814  move L1 <- L3 */
    0x00030091, 0x00000001,    /* 0815  lt L3 <- L0 < L1 */
    0x0024034B,                /* 0817  jf L3, +36 */
    0x0003009A, 0x80000038,    /* 0818  getattr L3 <- P0.sym#56   ("block_slots") */
    0x00020098, 0x00030000,    /* 081A  getidx L2 <- L3[L0] */
    0x00040240,                /* 081C  i8 L4 <- 2 */
    0x00050098, 0x00020004,    /* 081D  getidx L5 <- L2[L4] */
    0x00060004,                /* 081F  lbool L6 <- 0 */
    0x0003008F, 0x00050006,    /* 0820  eq L3 <- L5 == L6 */
    0x0009034B,                /* 0822  jf L3, +9 */
    0x00260442,                /* 0823  gget L4 <- g38   (same_node) */
    0x00050040,                /* 0824  i8 L5 <- 0 */
    0x00060098, 0x00020005,    /* 0825  getidx L6 <- L2[L5] */
    0x00050641,                /* 0827  move L5 <- L6 */
    0x00068141,                /* 0828  move L6 <- P1 */
    0x000402A0, 0x00010000,    /* 0829  call base=L4 argc=2 nres=1 */
    0x00030441,                /* 082B  move L3 <- L4 */
    0x000B034B,                /* 082C  jf L3, +11 */
    0x00030240,                /* 082D  i8 L3 <- 2 */
    0x00040104,                /* 082E  lbool L4 <- 1 */
    0x00020099, 0x00030004,    /* 082F  setidx L2[L3] <- L4 */
    0x0003009A, 0x8000003A,    /* 0831  getattr L3 <- P0.sym#58   ("scope_stack") */
    0x00040041,                /* 0833  move L4 <- L0 */
    0x000301A2, 0x00010001,    /* 0834  msg base=L3 argc=1 msg#1 nres=1   (append) */
    0x00030104,                /* 0836  lbool L3 <- 1 */
    0x00030102,                /* 0837  return L3 count=1 */
    0x00030140,                /* 0838  i8 L3 <- 1 */
    0x00000085, 0x00000003,    /* 0839  add L0 <- L0 + L3 */
    0xFFD9004F,                /* 083B  jmp -39 */
    0x00030004,                /* 083C  lbool L3 <- 0 */
    0x00030102,                /* 083D  return L3 count=1 */
    0x0000009A, 0x8000003A,    /* 083E  getattr L0 <- P0.sym#58   ("scope_stack") */
    0x00200142,                /* 0840  gget L1 <- g32   (len) */
    0x0002009A, 0x8000003A,    /* 0841  getattr L2 <- P0.sym#58   ("scope_stack") */
    0x000101A0, 0x00010000,    /* 0843  call base=L1 argc=1 nres=1 */
    0x00020140,                /* 0845  i8 L2 <- 1 */
    0x00030086, 0x00010002,    /* 0846  sub L3 <- L1 - L2 */
    0x00010341,                /* 0848  move L1 <- L3 */
    0x000001A2, 0x00180001,    /* 0849  msg base=L0 argc=1 msg#24 nres=1   (resize) */
    0x00000003,                /* 084B  lnil L0 */
    0x00000102,                /* 084C  return L0 count=1 */
    0x00200342,                /* 084D  gget L3 <- g32   (len) */
    0x0004009A, 0x8000003A,    /* 084E  getattr L4 <- P0.sym#58   ("scope_stack") */
    0x000301A0, 0x00010000,    /* 0850  call base=L3 argc=1 nres=1 */
    0x00040140,                /* 0852  i8 L4 <- 1 */
    0x00000086, 0x00030004,    /* 0853  sub L0 <- L3 - L4 */
    0x00030040,                /* 0855  i8 L3 <- 0 */
    0x00040094, 0x00000003,    /* 0856  ge L4 <- L0 >= L3 */
    0x0019044B,                /* 0858  jf L4, +25 */
    0x0003009A, 0x80000038,    /* 0859  getattr L3 <- P0.sym#56   ("block_slots") */
    0x0004009A, 0x8000003A,    /* 085B  getattr L4 <- P0.sym#58   ("scope_stack") */
    0x00050098, 0x00040000,    /* 085D  getidx L5 <- L4[L0] */
    0x00010098, 0x00030005,    /* 085F  getidx L1 <- L3[L5] */
    0x00030140,                /* 0861  i8 L3 <- 1 */
    0x00040098, 0x00010003,    /* 0862  getidx L4 <- L1[L3] */
    0x00020098, 0x00048001,    /* 0864  getidx L2 <- L4[P1] */
    0x0001024E,                /* 0866  jnerr L2, +1 */
    0x00020003,                /* 0867  lnil L2 */
    0x004A0346,                /* 0868  lconst L3 <- static#74   ("nil") */
    0x00040097, 0x00020003,    /* 0869  is L4 <- L2 is L3 */
    0x0005044A,                /* 086B  not L5 <- L4 */
    0x0001054B,                /* 086C  jf L5, +1 */
    0x00020102,                /* 086D  return L2 count=1 */
    0x00030140,                /* 086E  i8 L3 <- 1 */
    0x00000086, 0x00000003,    /* 086F  sub L0 <- L0 - L3 */
    0xFFE3004F,                /* 0871  jmp -29 */
    0x00030003,                /* 0872  lnil L3 */
    0x00030102,                /* 0873  return L3 count=1 */
    0x00058041,                /* 0874  move L5 <- P0 */
    0x00068141,                /* 0875  move L6 <- P1 */
    0x000501A2, 0x001A0001,    /* 0876  msg base=L5 argc=1 msg#26 nres=1   (block_binding) */
    0x00000541,                /* 0878  move L0 <- L5 */
    0x004A0546,                /* 0879  lconst L5 <- static#74   ("nil") */
    0x00060097, 0x00000005,    /* 087A  is L6 <- L0 is L5 */
    0x0007064A,                /* 087C  not L7 <- L6 */
    0x0001074B,                /* 087D  jf L7, +1 */
    0x00000102,                /* 087E  return L0 count=1 */
    0x00058041,                /* 087F  move L5 <- P0 */
    0x00068141,                /* 0880  move L6 <- P1 */
    0x000501A2, 0x001B0001,    /* 0881  msg base=L5 argc=1 msg#27 nres=1   (lookup) */
    0x00010541,                /* 0883  move L1 <- L5 */
    0x004A0546,                /* 0884  lconst L5 <- static#74   ("nil") */
    0x00060097, 0x00010005,    /* 0885  is L6 <- L1 is L5 */
    0x0007064A,                /* 0887  not L7 <- L6 */
    0x0005074B,                /* 0888  jf L7, +5 */
    0x00600546,                /* 0889  lconst L5 <- static#96   ("reg") */
    0x00060141,                /* 088A  move L6 <- L1 */
    0x00070282, 0x00050000,    /* 088B  list L7 <- L5, 2 items */
    0x00070102,                /* 088D  return L7 count=1 */
    0x0005009A, 0x80000001,    /* 088E  getattr L5 <- P0.sym#1   ("statics") */
    0x00020098, 0x00058001,    /* 0890  getidx L2 <- L5[P1] */
    0x0001024E,                /* 0892  jnerr L2, +1 */
    0x00020003,                /* 0893  lnil L2 */
    0x004A0546,                /* 0894  lconst L5 <- static#74   ("nil") */
    0x00060097, 0x00020005,    /* 0895  is L6 <- L2 is L5 */
    0x0007064A,                /* 0897  not L7 <- L6 */
    0x0005074B,                /* 0898  jf L7, +5 */
    0x00970546,                /* 0899  lconst L5 <- static#151   ("global") */
    0x00060241,                /* 089A  move L6 <- L2 */
    0x00070282, 0x00050000,    /* 089B  list L7 <- L5, 2 items */
    0x00070102,                /* 089D  return L7 count=1 */
    0x0005009A, 0x80000036,    /* 089E  getattr L5 <- P0.sym#54   ("this_class") */
    0x004A0646,                /* 08A0  lconst L6 <- static#74   ("nil") */
    0x00070097, 0x00050006,    /* 08A1  is L7 <- L5 is L6 */
    0x0008074A,                /* 08A3  not L8 <- L7 */
    0x0028084B,                /* 08A4  jf L8, +40 */
    0x0005009A, 0x80000022,    /* 08A5  getattr L5 <- P0.sym#34   ("module") */
    0x0006009A, 0x80000036,    /* 08A7  getattr L6 <- P0.sym#54   ("this_class") */
    0x00078141,                /* 08A9  move L7 <- P1 */
    0x000502A2, 0x001C0001,    /* 08AA  msg base=L5 argc=2 msg#28 nres=1   (is_own_slot) */
    0x000E054B,                /* 08AC  jf L5, +14 */
    0x009A0546,                /* 08AD  lconst L5 <- static#154   ("slot") */
    0x0007009A, 0x80000022,    /* 08AE  getattr L7 <- P0.sym#34   ("module") */
    0x0006009A, 0x0007004C,    /* 08B0  getattr L6 <- L7.sym#76   ("image") */
    0x001F0742,                /* 08B2  gget L7 <- g31   (str) */
    0x00088141,                /* 08B3  move L8 <- P1 */
    0x000701A0, 0x00010000,    /* 08B4  call base=L7 argc=1 nres=1 */
    0x000601A2, 0x00050001,    /* 08B6  msg base=L6 argc=1 msg#5 nres=1   (add_symbol) */
    0x00070282, 0x00050000,    /* 08B8  list L7 <- L5, 2 items */
    0x00070102,                /* 08BA  return L7 count=1 */
    0x0005009A, 0x80000022,    /* 08BB  getattr L5 <- P0.sym#34   ("module") */
    0x0006009A, 0x80000036,    /* 08BD  getattr L6 <- P0.sym#54   ("this_class") */
    0x00078141,                /* 08BF  move L7 <- P1 */
    0x000502A2, 0x001D0001,    /* 08C0  msg base=L5 argc=2 msg#29 nres=1   (class_static_index) */
    0x00040541,                /* 08C2  move L4 <- L5 */
    0x004A0546,                /* 08C3  lconst L5 <- static#74   ("nil") */
    0x00060097, 0x00040005,    /* 08C4  is L6 <- L4 is L5 */
    0x0007064A,                /* 08C6  not L7 <- L6 */
    0x0005074B,                /* 08C7  jf L7, +5 */
    0x00970546,                /* 08C8  lconst L5 <- static#151   ("global") */
    0x00060441,                /* 08C9  move L6 <- L4 */
    0x00070282, 0x00050000,    /* 08CA  list L7 <- L5, 2 items */
    0x00070102,                /* 08CC  return L7 count=1 */
    0x0005009A, 0x80000022,    /* 08CD  getattr L5 <- P0.sym#34   ("module") */
    0x00068141,                /* 08CF  move L6 <- P1 */
    0x000501A2, 0x00090001,    /* 08D0  msg base=L5 argc=1 msg#9 nres=1   (global_index) */
    0x00030541,                /* 08D2  move L3 <- L5 */
    0x004A0546,                /* 08D3  lconst L5 <- static#74   ("nil") */
    0x00060097, 0x00030005,    /* 08D4  is L6 <- L3 is L5 */
    0x0007064A,                /* 08D6  not L7 <- L6 */
    0x0005074B,                /* 08D7  jf L7, +5 */
    0x00970546,                /* 08D8  lconst L5 <- static#151   ("global") */
    0x00060341,                /* 08D9  move L6 <- L3 */
    0x00070282, 0x00050000,    /* 08DA  list L7 <- L5, 2 items */
    0x00070102,                /* 08DC  return L7 count=1 */
    0x0005009A, 0x80000036,    /* 08DD  getattr L5 <- P0.sym#54   ("this_class") */
    0x004A0646,                /* 08DF  lconst L6 <- static#74   ("nil") */
    0x00070097, 0x00050006,    /* 08E0  is L7 <- L5 is L6 */
    0x0008074A,                /* 08E2  not L8 <- L7 */
    0x001C084B,                /* 08E3  jf L8, +28 */
    0x0005009A, 0x80000022,    /* 08E4  getattr L5 <- P0.sym#34   ("module") */
    0x00068141,                /* 08E6  move L6 <- P1 */
    0x000501A2, 0x001E0001,    /* 08E7  msg base=L5 argc=1 msg#30 nres=1   (is_builtin) */
    0x0006054A,                /* 08E9  not L6 <- L5 */
    0x0015064B,                /* 08EA  jf L6, +21 */
    0x0005009A, 0x80000022,    /* 08EB  getattr L5 <- P0.sym#34   ("module") */
    0x0006009A, 0x80000036,    /* 08ED  getattr L6 <- P0.sym#54   ("this_class") */
    0x000501A2, 0x001F0001,    /* 08EF  msg base=L5 argc=1 msg#31 nres=1   (chain_reaches_outside) */
    0x000E054B,                /* 08F1  jf L5, +14 */
    0x009A0546,                /* 08F2  lconst L5 <- static#154   ("slot") */
    0x0007009A, 0x80000022,    /* 08F3  getattr L7 <- P0.sym#34   ("module") */
    0x0006009A, 0x0007004C,    /* 08F5  getattr L6 <- L7.sym#76   ("image") */
    0x001F0742,                /* 08F7  gget L7 <- g31   (str) */
    0x00088141,                /* 08F8  move L8 <- P1 */
    0x000701A0, 0x00010000,    /* 08F9  call base=L7 argc=1 nres=1 */
    0x000601A2, 0x00050001,    /* 08FB  msg base=L6 argc=1 msg#5 nres=1   (add_symbol) */
    0x00070282, 0x00050000,    /* 08FD  list L7 <- L5, 2 items */
    0x00070102,                /* 08FF  return L7 count=1 */
    0x00050003,                /* 0900  lnil L5 */
    0x00050102,                /* 0901  return L5 count=1 */
    0x00018041,                /* 0902  move L1 <- P0 */
    0x00028141,                /* 0903  move L2 <- P1 */
    0x000101A2, 0x00130001,    /* 0904  msg base=L1 argc=1 msg#19 nres=1   (reserve_local) */
    0x00000141,                /* 0906  move L0 <- L1 */
    0x00410146,                /* 0907  lconst L1 <- static#65   ("error") */
    0x00020097, 0x00000001,    /* 0908  is L2 <- L0 is L1 */
    0x0001024B,                /* 090A  jf L2, +1 */
    0x00000102,                /* 090B  return L0 count=1 */
    0x0001009A, 0x8000002E,    /* 090C  getattr L1 <- P0.sym#46   ("locals") */
    0x00020041,                /* 090E  move L2 <- L0 */
    0x00010099, 0x80010002,    /* 090F  setidx L1[P1] <- L2 */
    0x00000102,                /* 0911  return L0 count=1 */
    0x0002009A, 0x80000030,    /* 0912  getattr L2 <- P0.sym#48   ("top") */
    0x0003009A, 0x8000002F,    /* 0914  getattr L3 <- P0.sym#47   ("nnamed") */
    0x00040093, 0x00020003,    /* 0916  gt L4 <- L2 > L3 */
    0x000F044B,                /* 0918  jf L4, +15 */
    0x001A0242,                /* 0919  gget L2 <- g26   (error) */
    0x009B0346,                /* 091A  lconst L3 <- static#155   ("internal: local '") */
    0x001F0442,                /* 091B  gget L4 <- g31   (str) */
    0x00058141,                /* 091C  move L5 <- P1 */
    0x000401A0, 0x00010000,    /* 091D  call base=L4 argc=1 nres=1 */
    0x00050085, 0x00030004,    /* 091F  add L5 <- L3 + L4 */
    0x009C0646,                /* 0921  lconst L6 <- static#156   ("' declared after temps were allocated") */
    0x00070085, 0x00050006,    /* 0922  add L7 <- L5 + L6 */
    0x00030741,                /* 0924  move L3 <- L7 */
    0x000201A0, 0x00010000,    /* 0925  call base=L2 argc=1 nres=1 */
    0x00020102,                /* 0927  return L2 count=1 */
    0x0000009A, 0x8000002F,    /* 0928  getattr L0 <- P0.sym#47   ("nnamed") */
    0x0003009A, 0x8000002F,    /* 092A  getattr L3 <- P0.sym#47   ("nnamed") */
    0x00040140,                /* 092C  i8 L4 <- 1 */
    0x00020085, 0x00030004,    /* 092D  add L2 <- L3 + L4 */
    0x8000009B, 0x002F0002,    /* 092F  setattr P0.sym#47 <- L2   ("nnamed") */
    0x0002009A, 0x8000002F,    /* 0931  getattr L2 <- P0.sym#47   ("nnamed") */
    0x8000009B, 0x00300002,    /* 0933  setattr P0.sym#48 <- L2   ("top") */
    0x00028041,                /* 0935  move L2 <- P0 */
    0x000200A2, 0x00210001,    /* 0936  msg base=L2 argc=0 msg#33 nres=1   (_raise_high) */
    0x00010241,                /* 0938  move L1 <- L2 */
    0x00410246,                /* 0939  lconst L2 <- static#65   ("error") */
    0x00030097, 0x00010002,    /* 093A  is L3 <- L1 is L2 */
    0x0001034B,                /* 093C  jf L3, +1 */
    0x00010102,                /* 093D  return L1 count=1 */
    0x00000102,                /* 093E  return L0 count=1 */
    0x0000009A, 0x80000030,    /* 093F  getattr L0 <- P0.sym#48   ("top") */
    0x00000102,                /* 0941  return L0 count=1 */
    0x0000009A, 0x80000030,    /* 0942  getattr L0 <- P0.sym#48   ("top") */
    0x0003009A, 0x80000030,    /* 0944  getattr L3 <- P0.sym#48   ("top") */
    0x00040140,                /* 0946  i8 L4 <- 1 */
    0x00020085, 0x00030004,    /* 0947  add L2 <- L3 + L4 */
    0x8000009B, 0x00300002,    /* 0949  setattr P0.sym#48 <- L2   ("top") */
    0x00028041,                /* 094B  move L2 <- P0 */
    0x000200A2, 0x00210001,    /* 094C  msg base=L2 argc=0 msg#33 nres=1   (_raise_high) */
    0x00010241,                /* 094E  move L1 <- L2 */
    0x00410246,                /* 094F  lconst L2 <- static#65   ("error") */
    0x00030097, 0x00010002,    /* 0950  is L3 <- L1 is L2 */
    0x0001034B,                /* 0952  jf L3, +1 */
    0x00010102,                /* 0953  return L1 count=1 */
    0x00240242,                /* 0954  gget L2 <- g36   (L) */
    0x00030041,                /* 0955  move L3 <- L0 */
    0x000201A0, 0x00010000,    /* 0956  call base=L2 argc=1 nres=1 */
    0x00020102,                /* 0958  return L2 count=1 */
    0x0000009A, 0x80000030,    /* 0959  getattr L0 <- P0.sym#48   ("top") */
    0x00010093, 0x80010000,    /* 095B  gt L1 <- P1 > L0 */
    0x000A014B,                /* 095D  jf L1, +10 */
    0x001A0042,                /* 095E  gget L0 <- g26   (error) */
    0x009D0146,                /* 095F  lconst L1 <- static#157   ("internal: temp stack rewound forward in ") */
    0x0002009A, 0x80000023,    /* 0960  getattr L2 <- P0.sym#35   ("name") */
    0x00030085, 0x00010002,    /* 0962  add L3 <- L1 + L2 */
    0x00010341,                /* 0964  move L1 <- L3 */
    0x000001A0, 0x00010000,    /* 0965  call base=L0 argc=1 nres=1 */
    0x00000102,                /* 0967  return L0 count=1 */
    0x00008141,                /* 0968  move L0 <- P1 */
    0x8000009B, 0x00300000,    /* 0969  setattr P0.sym#48 <- L0   ("top") */
    0x00000003,                /* 096B  lnil L0 */
    0x00000102,                /* 096C  return L0 count=1 */
    0x0000009A, 0x80000030,    /* 096D  getattr L0 <- P0.sym#48   ("top") */
    0x0001009A, 0x80000031,    /* 096F  getattr L1 <- P0.sym#49   ("high") */
    0x00020093, 0x00000001,    /* 0971  gt L2 <- L0 > L1 */
    0x0027024B,                /* 0973  jf L2, +39 */
    0x0000009A, 0x80000030,    /* 0974  getattr L0 <- P0.sym#48   ("top") */
    0x8000009B, 0x00310000,    /* 0976  setattr P0.sym#49 <- L0   ("high") */
    0x0000009A, 0x80000031,    /* 0978  getattr L0 <- P0.sym#49   ("high") */
    0x00120142,                /* 097A  gget L1 <- g18   (MAX_LOCALS) */
    0x00020093, 0x00000001,    /* 097B  gt L2 <- L0 > L1 */
    0x001D024B,                /* 097D  jf L2, +29 */
    0x001A0042,                /* 097E  gget L0 <- g26   (error) */
    0x0001009A, 0x80000023,    /* 097F  getattr L1 <- P0.sym#35   ("name") */
    0x009E0246,                /* 0981  lconst L2 <- static#158   (" needs ") */
    0x00030085, 0x00010002,    /* 0982  add L3 <- L1 + L2 */
    0x001F0442,                /* 0984  gget L4 <- g31   (str) */
    0x0005009A, 0x80000031,    /* 0985  getattr L5 <- P0.sym#49   ("high") */
    0x000401A0, 0x00010000,    /* 0987  call base=L4 argc=1 nres=1 */
    0x00050085, 0x00030004,    /* 0989  add L5 <- L3 + L4 */
    0x009F0646,                /* 098B  lconst L6 <- static#159   (" locals, over the ") */
    0x00070085, 0x00050006,    /* 098C  add L7 <- L5 + L6 */
    0x001F0842,                /* 098E  gget L8 <- g31   (str) */
    0x00120942,                /* 098F  gget L9 <- g18   (MAX_LOCALS) */
    0x000801A0, 0x00010000,    /* 0990  call base=L8 argc=1 nres=1 */
    0x00090085, 0x00070008,    /* 0992  add L9 <- L7 + L8 */
    0x00A00A46,                /* 0994  lconst L10 <- static#160   ("-local frame limit") */
    0x000B0085, 0x0009000A,    /* 0995  add L11 <- L9 + L10 */
    0x00010B41,                /* 0997  move L1 <- L11 */
    0x000001A0, 0x00010000,    /* 0998  call base=L0 argc=1 nres=1 */
    0x00000102,                /* 099A  return L0 count=1 */
    0x00000003,                /* 099B  lnil L0 */
    0x00000102,                /* 099C  return L0 count=1 */
    0x0001009A, 0x80000028,    /* 099D  getattr L1 <- P0.sym#40   ("_zero") */
    0x004A0246,                /* 099F  lconst L2 <- static#74   ("nil") */
    0x00030097, 0x00010002,    /* 09A0  is L3 <- L1 is L2 */
    0x0011034B,                /* 09A2  jf L3, +17 */
    0x00018041,                /* 09A3  move L1 <- P0 */
    0x00A10246,                /* 09A4  lconst L2 <- static#161   ("<cell index>") */
    0x000101A2, 0x00100001,    /* 09A5  msg base=L1 argc=1 msg#16 nres=1   (declare_local) */
    0x00000141,                /* 09A7  move L0 <- L1 */
    0x00410146,                /* 09A8  lconst L1 <- static#65   ("error") */
    0x00020097, 0x00000001,    /* 09A9  is L2 <- L0 is L1 */
    0x0001024B,                /* 09AB  jf L2, +1 */
    0x00000102,                /* 09AC  return L0 count=1 */
    0x00240242,                /* 09AD  gget L2 <- g36   (L) */
    0x00030041,                /* 09AE  move L3 <- L0 */
    0x000201A0, 0x00010000,    /* 09AF  call base=L2 argc=1 nres=1 */
    0x00010241,                /* 09B1  move L1 <- L2 */
    0x8000009B, 0x00280001,    /* 09B2  setattr P0.sym#40 <- L1   ("_zero") */
    0x0001009A, 0x80000028,    /* 09B4  getattr L1 <- P0.sym#40   ("_zero") */
    0x00010102,                /* 09B6  return L1 count=1 */
    0x0000009A, 0x80000028,    /* 09B7  getattr L0 <- P0.sym#40   ("_zero") */
    0x004A0146,                /* 09B9  lconst L1 <- static#74   ("nil") */
    0x00020097, 0x00000001,    /* 09BA  is L2 <- L0 is L1 */
    0x000D024B,                /* 09BC  jf L2, +13 */
    0x001A0042,                /* 09BD  gget L0 <- g26   (error) */
    0x00A20146,                /* 09BE  lconst L1 <- static#162   ("internal: ") */
    0x0002009A, 0x80000023,    /* 09BF  getattr L2 <- P0.sym#35   ("name") */
    0x00030085, 0x00010002,    /* 09C1  add L3 <- L1 + L2 */
    0x00A30446,                /* 09C3  lconst L4 <- static#163   (" has no cell index register") */
    0x00050085, 0x00030004,    /* 09C4  add L5 <- L3 + L4 */
    0x00010541,                /* 09C6  move L1 <- L5 */
    0x000001A0, 0x00010000,    /* 09C7  call base=L0 argc=1 nres=1 */
    0x00000102,                /* 09C9  return L0 count=1 */
    0x0000009A, 0x80000028,    /* 09CA  getattr L0 <- P0.sym#40   ("_zero") */
    0x00000102,                /* 09CC  return L0 count=1 */
    0x00038041,                /* 09CD  move L3 <- P0 */
    0x00048141,                /* 09CE  move L4 <- P1 */
    0x000301A2, 0x001A0001,    /* 09CF  msg base=L3 argc=1 msg#26 nres=1   (block_binding) */
    0x00000341,                /* 09D1  move L0 <- L3 */
    0x004A0346,                /* 09D2  lconst L3 <- static#74   ("nil") */
    0x00040097, 0x00000003,    /* 09D3  is L4 <- L0 is L3 */
    0x0005044A,                /* 09D5  not L5 <- L4 */
    0x000D054B,                /* 09D6  jf L5, +13 */
    0x00030040,                /* 09D7  i8 L3 <- 0 */
    0x00040098, 0x00000003,    /* 09D8  getidx L4 <- L0[L3] */
    0x00600546,                /* 09DA  lconst L5 <- static#96   ("reg") */
    0x0006008F, 0x00040005,    /* 09DB  eq L6 <- L4 == L5 */
    0x0004064B,                /* 09DD  jf L6, +4 */
    0x00030140,                /* 09DE  i8 L3 <- 1 */
    0x00040098, 0x00000003,    /* 09DF  getidx L4 <- L0[L3] */
    0x00040102,                /* 09E1  return L4 count=1 */
    0x00030003,                /* 09E2  lnil L3 */
    0x00030102,                /* 09E3  return L3 count=1 */
    0x0003009A, 0x8000002E,    /* 09E4  getattr L3 <- P0.sym#46   ("locals") */
    0x00010098, 0x00038001,    /* 09E6  getidx L1 <- L3[P1] */
    0x0001014E,                /* 09E8  jnerr L1, +1 */
    0x00010003,                /* 09E9  lnil L1 */
    0x004A0346,                /* 09EA  lconst L3 <- static#74   ("nil") */
    0x00040097, 0x00010003,    /* 09EB  is L4 <- L1 is L3 */
    0x0005044A,                /* 09ED  not L5 <- L4 */
    0x0005054B,                /* 09EE  jf L5, +5 */
    0x00240342,                /* 09EF  gget L3 <- g36   (L) */
    0x00040141,                /* 09F0  move L4 <- L1 */
    0x000301A0, 0x00010000,    /* 09F1  call base=L3 argc=1 nres=1 */
    0x00030102,                /* 09F3  return L3 count=1 */
    0x0003009A, 0x80000032,    /* 09F4  getattr L3 <- P0.sym#50   ("params") */
    0x00020098, 0x00038001,    /* 09F6  getidx L2 <- L3[P1] */
    0x0001024E,                /* 09F8  jnerr L2, +1 */
    0x00020003,                /* 09F9  lnil L2 */
    0x004A0346,                /* 09FA  lconst L3 <- static#74   ("nil") */
    0x00040097, 0x00020003,    /* 09FB  is L4 <- L2 is L3 */
    0x0005044A,                /* 09FD  not L5 <- L4 */
    0x0001054B,                /* 09FE  jf L5, +1 */
    0x00020102,                /* 09FF  return L2 count=1 */
    0x0004009A, 0x80000033,    /* 0A00  getattr L4 <- P0.sym#51   ("captures") */
    0x00030098, 0x00048001,    /* 0A02  getidx L3 <- L4[P1] */
    0x0001034E,                /* 0A04  jnerr L3, +1 */
    0x00030003,                /* 0A05  lnil L3 */
    0x00030102,                /* 0A06  return L3 count=1 */
    0x00200042,                /* 0A07  gget L0 <- g32   (len) */
    0x0001009A, 0x80000007,    /* 0A08  getattr L1 <- P0.sym#7   ("code") */
    0x000001A0, 0x00010000,    /* 0A0A  call base=L0 argc=1 nres=1 */
    0x00000102,                /* 0A0C  return L0 count=1 */
    0x00200242,                /* 0A0D  gget L2 <- g32   (len) */
    0x0003009A, 0x80000007,    /* 0A0E  getattr L3 <- P0.sym#7   ("code") */
    0x000201A0, 0x00010000,    /* 0A10  call base=L2 argc=1 nres=1 */
    0x00000241,                /* 0A12  move L0 <- L2 */
    0x0002009A, 0x8000002B,    /* 0A13  getattr L2 <- P0.sym#43   ("line") */
    0x004A0346,                /* 0A15  lconst L3 <- static#74   ("nil") */
    0x00040097, 0x00020003,    /* 0A16  is L4 <- L2 is L3 */
    0x0005044A,                /* 0A18  not L5 <- L4 */
    0x0011054B,                /* 0A19  jf L5, +17 */
    0x0002009A, 0x8000002B,    /* 0A1A  getattr L2 <- P0.sym#43   ("line") */
    0x0003009A, 0x8000002D,    /* 0A1C  getattr L3 <- P0.sym#45   ("_emitted_line") */
    0x00040090, 0x00020003,    /* 0A1E  ne L4 <- L2 != L3 */
    0x000A044B,                /* 0A20  jf L4, +10 */
    0x0002009A, 0x8000002C,    /* 0A21  getattr L2 <- P0.sym#44   ("lines") */
    0x0003009A, 0x8000002B,    /* 0A23  getattr L3 <- P0.sym#43   ("line") */
    0x00020099, 0x00000003,    /* 0A25  setidx L2[L0] <- L3 */
    0x0002009A, 0x8000002B,    /* 0A27  getattr L2 <- P0.sym#43   ("line") */
    0x8000009B, 0x002D0002,    /* 0A29  setattr P0.sym#45 <- L2   ("_emitted_line") */
    0x000200AE, 0x80010000,    /* 0A2B  iter L2 <- P1 */
    0x000100AF, 0x00020006,    /* 0A2D  itnext L1 <- L2, done +6 */
    0x0003009A, 0x80000007,    /* 0A2F  getattr L3 <- P0.sym#7   ("code") */
    0x00040141,                /* 0A31  move L4 <- L1 */
    0x000301A2, 0x00010001,    /* 0A32  msg base=L3 argc=1 msg#1 nres=1   (append) */
    0xFFF8004F,                /* 0A34  jmp -8 */
    0x00000102,                /* 0A35  return L0 count=1 */
    0x00008141,                /* 0A36  move L0 <- P1 */
    0x00050140,                /* 0A37  i8 L5 <- 1 */
    0x0004008F, 0x80020005,    /* 0A38  eq L4 <- P2 == L5 */
    0x0005044B,                /* 0A3A  jf L4, +5 */
    0x00270542,                /* 0A3B  gget L5 <- g39   (is_p) */
    0x00060041,                /* 0A3C  move L6 <- L0 */
    0x000501A0, 0x00010000,    /* 0A3D  call base=L5 argc=1 nres=1 */
    0x00040541,                /* 0A3F  move L4 <- L5 */
    0x001A044B,                /* 0A40  jf L4, +26 */
    0x00048041,                /* 0A41  move L4 <- P0 */
    0x000400A2, 0x00230001,    /* 0A42  msg base=L4 argc=0 msg#35 nres=1   (push) */
    0x00020441,                /* 0A44  move L2 <- L4 */
    0x00410446,                /* 0A45  lconst L4 <- static#65   ("error") */
    0x00050097, 0x00020004,    /* 0A46  is L5 <- L2 is L4 */
    0x0001054B,                /* 0A48  jf L5, +1 */
    0x00020102,                /* 0A49  return L2 count=1 */
    0x00020442,                /* 0A4A  gget L4 <- g2   (pack_pairable) */
    0x00570545,                /* 0A4B  lsym L5 <- sym#87   ("move") */
    0x00060241,                /* 0A4C  move L6 <- L2 */
    0x00070041,                /* 0A4D  move L7 <- L0 */
    0x000403A0, 0x00010000,    /* 0A4E  call base=L4 argc=3 nres=1 */
    0x00030441,                /* 0A50  move L3 <- L4 */
    0x00410446,                /* 0A51  lconst L4 <- static#65   ("error") */
    0x00050097, 0x00030004,    /* 0A52  is L5 <- L3 is L4 */
    0x0001054B,                /* 0A54  jf L5, +1 */
    0x00030102,                /* 0A55  return L3 count=1 */
    0x00048041,                /* 0A56  move L4 <- P0 */
    0x00050341,                /* 0A57  move L5 <- L3 */
    0x000401A2, 0x000D0001,    /* 0A58  msg base=L4 argc=1 msg#13 nres=1   (emit_words) */
    0x00000241,                /* 0A5A  move L0 <- L2 */
    0x001C0442,                /* 0A5B  gget L4 <- g28   (pack) */
    0x00580745,                /* 0A5C  lsym L7 <- sym#88   ("return") */
    0x00080181, 0x00070000,    /* 0A5D  tuple L8 <- L7, 1 items */
    0x00050841,                /* 0A5F  move L5 <- L8 */
    0x00610746,                /* 0A60  lconst L7 <- static#97   ("a0") */
    0x00080041,                /* 0A61  move L8 <- L0 */
    0x00640946,                /* 0A62  lconst L9 <- static#100   ("f") */
    0x000A8241,                /* 0A63  move L10 <- P2 */
    0x000B0283, 0x00070000,    /* 0A64  dict L11 <- L7, 2 pairs */
    0x00060B41,                /* 0A66  move L6 <- L11 */
    0x000400A1, 0x00010000,    /* 0A67  call_va base=L4 nres=1 */
    0x00010441,                /* 0A69  move L1 <- L4 */
    0x00410446,                /* 0A6A  lconst L4 <- static#65   ("error") */
    0x00050097, 0x00010004,    /* 0A6B  is L5 <- L1 is L4 */
    0x0001054B,                /* 0A6D  jf L5, +1 */
    0x00010102,                /* 0A6E  return L1 count=1 */
    0x00048041,                /* 0A6F  move L4 <- P0 */
    0x00050141,                /* 0A70  move L5 <- L1 */
    0x000401A2, 0x000D0001,    /* 0A71  msg base=L4 argc=1 msg#13 nres=1   (emit_words) */
    0x00040003,                /* 0A73  lnil L4 */
    0x00040102,                /* 0A74  return L4 count=1 */
    0x0002009A, 0x80000022,    /* 0A75  getattr L2 <- P0.sym#34   ("module") */
    0x0001009A, 0x0002004C,    /* 0A77  getattr L1 <- L2.sym#76   ("image") */
    0x00028141,                /* 0A79  move L2 <- P1 */
    0x000101A2, 0x00060001,    /* 0A7A  msg base=L1 argc=1 msg#6 nres=1   (add_message) */
    0x00000141,                /* 0A7C  move L0 <- L1 */
    0x00410146,                /* 0A7D  lconst L1 <- static#65   ("error") */
    0x00020097, 0x00000001,    /* 0A7E  is L2 <- L0 is L1 */
    0x0001024B,                /* 0A80  jf L2, +1 */
    0x00000102,                /* 0A81  return L0 count=1 */
    0x0001009A, 0x80000029,    /* 0A82  getattr L1 <- P0.sym#41   ("uses") */
    0x00020096, 0x00000001,    /* 0A84  in L2 <- L0 in L1 */
    0x0003024A,                /* 0A86  not L3 <- L2 */
    0x0005034B,                /* 0A87  jf L3, +5 */
    0x0001009A, 0x80000029,    /* 0A88  getattr L1 <- P0.sym#41   ("uses") */
    0x00020041,                /* 0A8A  move L2 <- L0 */
    0x000101A2, 0x00010001,    /* 0A8B  msg base=L1 argc=1 msg#1 nres=1   (append) */
    0x00000102,                /* 0A8D  return L0 count=1 */
    0x000D0142,                /* 0A8E  gget L1 <- g13   (Label) */
    0x000100A0, 0x00010000,    /* 0A8F  call base=L1 argc=0 nres=1 */
    0x00000141,                /* 0A91  move L0 <- L1 */
    0x0001009A, 0x8000002A,    /* 0A92  getattr L1 <- P0.sym#42   ("labels") */
    0x00020041,                /* 0A94  move L2 <- L0 */
    0x000101A2, 0x00010001,    /* 0A95  msg base=L1 argc=1 msg#1 nres=1   (append) */
    0x00000102,                /* 0A97  return L0 count=1 */
    0x0000009A, 0x80010020,    /* 0A98  getattr L0 <- P1.sym#32   ("target") */
    0x004A0146,                /* 0A9A  lconst L1 <- static#74   ("nil") */
    0x00020097, 0x00000001,    /* 0A9B  is L2 <- L0 is L1 */
    0x0003024A,                /* 0A9D  not L3 <- L2 */
    0x000A034B,                /* 0A9E  jf L3, +10 */
    0x001A0042,                /* 0A9F  gget L0 <- g26   (error) */
    0x00A40146,                /* 0AA0  lconst L1 <- static#164   ("internal: label marked twice in ") */
    0x0002009A, 0x80000023,    /* 0AA1  getattr L2 <- P0.sym#35   ("name") */
    0x00030085, 0x00010002,    /* 0AA3  add L3 <- L1 + L2 */
    0x00010341,                /* 0AA5  move L1 <- L3 */
    0x000001A0, 0x00010000,    /* 0AA6  call base=L0 argc=1 nres=1 */
    0x00000102,                /* 0AA8  return L0 count=1 */
    0x00200142,                /* 0AA9  gget L1 <- g32   (len) */
    0x0002009A, 0x80000007,    /* 0AAA  getattr L2 <- P0.sym#7   ("code") */
    0x000101A0, 0x00010000,    /* 0AAC  call base=L1 argc=1 nres=1 */
    0x00000141,                /* 0AAE  move L0 <- L1 */
    0x8001009B, 0x00200000,    /* 0AAF  setattr P1.sym#32 <- L0   ("target") */
    0x00000003,                /* 0AB1  lnil L0 */
    0x00000102,                /* 0AB2  return L0 count=1 */
    0x0006009A, 0x8000002A,    /* 0AB3  getattr L6 <- P0.sym#42   ("labels") */
    0x000700AE, 0x00060000,    /* 0AB5  iter L7 <- L6 */
    0x000000AF, 0x00070078,    /* 0AB7  itnext L0 <- L7, done +120 */
    0x0008009A, 0x00000020,    /* 0AB9  getattr L8 <- L0.sym#32   ("target") */
    0x004A0946,                /* 0ABB  lconst L9 <- static#74   ("nil") */
    0x000A0097, 0x00080009,    /* 0ABC  is L10 <- L8 is L9 */
    0x000A0A4B,                /* 0ABE  jf L10, +10 */
    0x001A0842,                /* 0ABF  gget L8 <- g26   (error) */
    0x00A50946,                /* 0AC0  lconst L9 <- static#165   ("internal: unmarked label in ") */
    0x000A009A, 0x80000023,    /* 0AC1  getattr L10 <- P0.sym#35   ("name") */
    0x000B0085, 0x0009000A,    /* 0AC3  add L11 <- L9 + L10 */
    0x00090B41,                /* 0AC5  move L9 <- L11 */
    0x000801A0, 0x00010000,    /* 0AC6  call base=L8 argc=1 nres=1 */
    0x00080102,                /* 0AC8  return L8 count=1 */
    0x0008009A, 0x00000021,    /* 0AC9  getattr L8 <- L0.sym#33   ("sites") */
    0x000900AE, 0x00080000,    /* 0ACB  iter L9 <- L8 */
    0x000100AF, 0x00090061,    /* 0ACD  itnext L1 <- L9, done +97 */
    0x000A0040,                /* 0ACF  i8 L10 <- 0 */
    0x00020098, 0x0001000A,    /* 0AD0  getidx L2 <- L1[L10] */
    0x000A0140,                /* 0AD2  i8 L10 <- 1 */
    0x00030098, 0x0001000A,    /* 0AD3  getidx L3 <- L1[L10] */
    0x000A0240,                /* 0AD5  i8 L10 <- 2 */
    0x00040098, 0x0001000A,    /* 0AD6  getidx L4 <- L1[L10] */
    0x000A009A, 0x00000020,    /* 0AD8  getattr L10 <- L0.sym#32   ("target") */
    0x00050086, 0x000A0002,    /* 0ADA  sub L5 <- L10 - L2 */
    0x00660A46,                /* 0ADC  lconst L10 <- static#102   ("w1") */
    0x000B008F, 0x0004000A,    /* 0ADD  eq L11 <- L4 == L10 */
    0x00080B4B,                /* 0ADF  jf L11, +8 */
    0x000A009A, 0x80000007,    /* 0AE0  getattr L10 <- P0.sym#7   ("code") */
    0x00140C42,                /* 0AE2  gget L12 <- g20   (U32_MASK) */
    0x000B008B, 0x0005000C,    /* 0AE3  band L11 <- L5 & L12 */
    0x000A0099, 0x0003000B,    /* 0AE5  setidx L10[L3] <- L11 */
    0x0047004F,                /* 0AE7  jmp +71 */
    0x001E0A42,                /* 0AE8  gget L10 <- g30   (fits_i16) */
    0x000B0541,                /* 0AE9  move L11 <- L5 */
    0x000A01A0, 0x00010000,    /* 0AEA  call base=L10 argc=1 nres=1 */
    0x000B0A4A,                /* 0AEC  not L11 <- L10 */
    0x00160B4B,                /* 0AED  jf L11, +22 */
    0x001A0A42,                /* 0AEE  gget L10 <- g26   (error) */
    0x00A60B46,                /* 0AEF  lconst L11 <- static#166   ("jump in ") */
    0x000C009A, 0x80000023,    /* 0AF0  getattr L12 <- P0.sym#35   ("name") */
    0x000D0085, 0x000B000C,    /* 0AF2  add L13 <- L11 + L12 */
    0x00A70E46,                /* 0AF4  lconst L14 <- static#167   (" spans ") */
    0x000F0085, 0x000D000E,    /* 0AF5  add L15 <- L13 + L14 */
    0x001F1042,                /* 0AF7  gget L16 <- g31   (str) */
    0x00110541,                /* 0AF8  move L17 <- L5 */
    0x001001A0, 0x00010000,    /* 0AF9  call base=L16 argc=1 nres=1 */
    0x00110085, 0x000F0010,    /* 0AFB  add L17 <- L15 + L16 */
    0x00A81246,                /* 0AFD  lconst L18 <- static#168   (" words, over the +/-32K reach of a compact jump") */
    0x00130085, 0x00110012,    /* 0AFE  add L19 <- L17 + L18 */
    0x000B1341,                /* 0B00  move L11 <- L19 */
    0x000A01A0, 0x00010000,    /* 0B01  call base=L10 argc=1 nres=1 */
    0x000A0102,                /* 0B03  return L10 count=1 */
    0x00610A46,                /* 0B04  lconst L10 <- static#97   ("a0") */
    0x000B008F, 0x0004000A,    /* 0B05  eq L11 <- L4 == L10 */
    0x00160B4B,                /* 0B07  jf L11, +22 */
    0x000A009A, 0x80000007,    /* 0B08  getattr L10 <- P0.sym#7   ("code") */
    0x000C009A, 0x80000007,    /* 0B0A  getattr L12 <- P0.sym#7   ("code") */
    0x000D0098, 0x000C0003,    /* 0B0C  getidx L13 <- L12[L3] */
    0x000E00C0, 0x0000FFFF,    /* 0B0E  i32 L14 <- 65535 */
    0x000F008B, 0x000D000E,    /* 0B10  band L15 <- L13 & L14 */
    0x001000C0, 0x0000FFFF,    /* 0B12  i32 L16 <- 65535 */
    0x0011008B, 0x00050010,    /* 0B14  band L17 <- L5 & L16 */
    0x00121040,                /* 0B16  i8 L18 <- 16 */
    0x0013008D, 0x00110012,    /* 0B17  shl L19 <- L17 << L18 */
    0x000B008C, 0x000F0013,    /* 0B19  bor L11 <- L15 | L19 */
    0x000A0099, 0x0003000B,    /* 0B1B  setidx L10[L3] <- L11 */
    0x0011004F,                /* 0B1D  jmp +17 */
    0x000A009A, 0x80000007,    /* 0B1E  getattr L10 <- P0.sym#7   ("code") */
    0x000C009A, 0x80000007,    /* 0B20  getattr L12 <- P0.sym#7   ("code") */
    0x000D0098, 0x000C0003,    /* 0B22  getidx L13 <- L12[L3] */
    0x00150E42,                /* 0B24  gget L14 <- g21   (U32_HIGH_MASK) */
    0x000F008B, 0x000D000E,    /* 0B25  band L15 <- L13 & L14 */
    0x001000C0, 0x0000FFFF,    /* 0B27  i32 L16 <- 65535 */
    0x0011008B, 0x00050010,    /* 0B29  band L17 <- L5 & L16 */
    0x000B008C, 0x000F0011,    /* 0B2B  bor L11 <- L15 | L17 */
    0x000A0099, 0x0003000B,    /* 0B2D  setidx L10[L3] <- L11 */
    0xFF9D004F,                /* 0B2F  jmp -99 */
    0xFF86004F,                /* 0B30  jmp -122 */
    0x00060003,                /* 0B31  lnil L6 */
    0x00060102,                /* 0B32  return L6 count=1 */
    0x00000040,                /* 0B33  i8 L0 <- 0 */
    0x004A0346,                /* 0B34  lconst L3 <- static#74   ("nil") */
    0x00040097, 0x80030003,    /* 0B35  is L4 <- P3 is L3 */
    0x0005044A,                /* 0B37  not L5 <- L4 */
    0x0001054B,                /* 0B38  jf L5, +1 */
    0x00008341,                /* 0B39  move L0 <- P3 */
    0x00020342,                /* 0B3A  gget L3 <- g2   (pack_pairable) */
    0x00048141,                /* 0B3B  move L4 <- P1 */
    0x00050041,                /* 0B3C  move L5 <- L0 */
    0x00060040,                /* 0B3D  i8 L6 <- 0 */
    0x000303A0, 0x00010000,    /* 0B3E  call base=L3 argc=3 nres=1 */
    0x00010341,                /* 0B40  move L1 <- L3 */
    0x00410346,                /* 0B41  lconst L3 <- static#65   ("error") */
    0x00040097, 0x00010003,    /* 0B42  is L4 <- L1 is L3 */
    0x0001044B,                /* 0B44  jf L4, +1 */
    0x00010102,                /* 0B45  return L1 count=1 */
    0x00038041,                /* 0B46  move L3 <- P0 */
    0x00040141,                /* 0B47  move L4 <- L1 */
    0x000301A2, 0x000D0001,    /* 0B48  msg base=L3 argc=1 msg#13 nres=1   (emit_words) */
    0x00020341,                /* 0B4A  move L2 <- L3 */
    0x00038041,                /* 0B4B  move L3 <- P0 */
    0x00048241,                /* 0B4C  move L4 <- P2 */
    0x00200542,                /* 0B4D  gget L5 <- g32   (len) */
    0x00060141,                /* 0B4E  move L6 <- L1 */
    0x000501A0, 0x00010000,    /* 0B4F  call base=L5 argc=1 nres=1 */
    0x00060085, 0x00020005,    /* 0B51  add L6 <- L2 + L5 */
    0x00050641,                /* 0B53  move L5 <- L6 */
    0x00060241,                /* 0B54  move L6 <- L2 */
    0x00610746,                /* 0B55  lconst L7 <- static#97   ("a0") */
    0x000304A2, 0x002C0001,    /* 0B56  msg base=L3 argc=4 msg#44 nres=1   (patch_site) */
    0x00030003,                /* 0B58  lnil L3 */
    0x00030102,                /* 0B59  return L3 count=1 */
    0x0000009A, 0x80010021,    /* 0B5A  getattr L0 <- P1.sym#33   ("sites") */
    0x00018241,                /* 0B5C  move L1 <- P2 */
    0x00028341,                /* 0B5D  move L2 <- P3 */
    0x00038441,                /* 0B5E  move L3 <- P4 */
    0x00040382, 0x00010000,    /* 0B5F  list L4 <- L1, 3 items */
    0x00010441,                /* 0B61  move L1 <- L4 */
    0x000001A2, 0x00010001,    /* 0B62  msg base=L0 argc=1 msg#1 nres=1   (append) */
    0x00000003,                /* 0B64  lnil L0 */
    0x00000102,                /* 0B65  return L0 count=1 */
    0x00060242,                /* 0B66  gget L2 <- g6   (ModuleImage) */
    0x00038141,                /* 0B67  move L3 <- P1 */
    0x000201A0, 0x00010000,    /* 0B68  call base=L2 argc=1 nres=1 */
    0x00010241,                /* 0B6A  move L1 <- L2 */
    0x8000009B, 0x004C0001,    /* 0B6B  setattr P0.sym#76 <- L1   ("image") */
    0x00018241,                /* 0B6D  move L1 <- P2 */
    0x8000009B, 0x00600001,    /* 0B6E  setattr P0.sym#96 <- L1   ("source_file") */
    0x00010083, 0x00020000,    /* 0B70  dict L1 <- L2, 0 pairs */
    0x8000009B, 0x00040001,    /* 0B72  setattr P0.sym#4 <- L1   ("globals") */
    0x00010083, 0x00020000,    /* 0B74  dict L1 <- L2, 0 pairs */
    0x8000009B, 0x00060001,    /* 0B76  setattr P0.sym#6 <- L1   ("classes") */
    0x00010083, 0x00020000,    /* 0B78  dict L1 <- L2, 0 pairs */
    0x8000009B, 0x00610001,    /* 0B7A  setattr P0.sym#97 <- L1   ("class_statics") */
    0x00010083, 0x00020000,    /* 0B7C  dict L1 <- L2, 0 pairs */
    0x8000009B, 0x00620001,    /* 0B7E  setattr P0.sym#98 <- L1   ("slot_names") */
    0x00010083, 0x00020000,    /* 0B80  dict L1 <- L2, 0 pairs */
    0x8000009B, 0x00630001,    /* 0B82  setattr P0.sym#99 <- L1   ("superclasses") */
    0x00010004,                /* 0B84  lbool L1 <- 0 */
    0x8000009B, 0x00640001,    /* 0B85  setattr P0.sym#100 <- L1   ("slot_optimization") */
    0x00010082, 0x00020000,    /* 0B87  list L1 <- L2, 0 items */
    0x8000009B, 0x00650001,    /* 0B89  setattr P0.sym#101 <- L1   ("static_imports") */
    0x00010082, 0x00020000,    /* 0B8B  list L1 <- L2, 0 items */
    0x8000009B, 0x00660001,    /* 0B8D  setattr P0.sym#102 <- L1   ("pending_statics") */
    0x00010004,                /* 0B8F  lbool L1 <- 0 */
    0x8000009B, 0x00670001,    /* 0B90  setattr P0.sym#103 <- L1   ("has_wildcard_import") */
    0x00010104,                /* 0B92  lbool L1 <- 1 */
    0x8000009B, 0x00680001,    /* 0B93  setattr P0.sym#104 <- L1   ("emit_debug") */
    0x00010083, 0x00020000,    /* 0B95  dict L1 <- L2, 0 pairs */
    0x8000009B, 0x00690001,    /* 0B97  setattr P0.sym#105 <- L1   ("definitions") */
    0x00010083, 0x00020000,    /* 0B99  dict L1 <- L2, 0 pairs */
    0x8000009B, 0x006A0001,    /* 0B9B  setattr P0.sym#106 <- L1   ("promoted_arities") */
    0x00010004,                /* 0B9D  lbool L1 <- 0 */
    0x8000009B, 0x006B0001,    /* 0B9E  setattr P0.sym#107 <- L1   ("stub_unlowered") */
    0x000E0242,                /* 0BA0  gget L2 <- g14   (FnContext) */
    0x00038041,                /* 0BA1  move L3 <- P0 */
    0x00A90446,                /* 0BA2  lconst L4 <- static#169   ("<init>") */
    0x00050003,                /* 0BA3  lnil L5 */
    0x00060003,                /* 0BA4  lnil L6 */
    0x00070040,                /* 0BA5  i8 L7 <- 0 */
    0x00080104,                /* 0BA6  lbool L8 <- 1 */
    0x00090003,                /* 0BA7  lnil L9 */
    0x000207A0, 0x00010000,    /* 0BA8  call base=L2 argc=7 nres=1 */
    0x00010241,                /* 0BAA  move L1 <- L2 */
    0x8000009B, 0x006C0001,    /* 0BAB  setattr P0.sym#108 <- L1   ("init_ctx") */
    0x00010082, 0x00020000,    /* 0BAD  list L1 <- L2, 0 items */
    0x8000009B, 0x006D0001,    /* 0BAF  setattr P0.sym#109 <- L1   ("pending") */
    0x00010003,                /* 0BB1  lnil L1 */
    0x8000009B, 0x006E0001,    /* 0BB2  setattr P0.sym#110 <- L1   ("session_declared") */
    0x00010083, 0x00020000,    /* 0BB4  dict L1 <- L2, 0 pairs */
    0x8000009B, 0x006F0001,    /* 0BB6  setattr P0.sym#111 <- L1   ("session_pending") */
    0x00010082, 0x00020000,    /* 0BB8  list L1 <- L2, 0 items */
    0x8000009B, 0x00700001,    /* 0BBA  setattr P0.sym#112 <- L1   ("session_undo") */
    0x00000003,                /* 0BBC  lnil L0 */
    0x00010082, 0x00020000,    /* 0BBD  list L1 <- L2, 0 items */
    0x8000009B, 0x00710001,    /* 0BBF  setattr P0.sym#113 <- L1   ("session_filled") */
    0x00000102,                /* 0BC1  return L0 count=1 */
    0x001F0242,                /* 0BC2  gget L2 <- g31   (str) */
    0x00038141,                /* 0BC3  move L3 <- P1 */
    0x000201A0, 0x00010000,    /* 0BC4  call base=L2 argc=1 nres=1 */
    0x00000241,                /* 0BC6  move L0 <- L2 */
    0x0002009A, 0x8000006E,    /* 0BC7  getattr L2 <- P0.sym#110   ("session_declared") */
    0x004A0346,                /* 0BC9  lconst L3 <- static#74   ("nil") */
    0x00040097, 0x00020003,    /* 0BCA  is L4 <- L2 is L3 */
    0x0005044A,                /* 0BCC  not L5 <- L4 */
    0x0005054B,                /* 0BCD  jf L5, +5 */
    0x00028041,                /* 0BCE  move L2 <- P0 */
    0x00030041,                /* 0BCF  move L3 <- L0 */
    0x000201A2, 0x002E0001,    /* 0BD0  msg base=L2 argc=1 msg#46 nres=1   (_declare_session_global) */
    0x00020102,                /* 0BD2  return L2 count=1 */
    0x0002009A, 0x80000004,    /* 0BD3  getattr L2 <- P0.sym#4   ("globals") */
    0x00010098, 0x00020000,    /* 0BD5  getidx L1 <- L2[L0] */
    0x0001014E,                /* 0BD7  jnerr L1, +1 */
    0x00010003,                /* 0BD8  lnil L1 */
    0x004A0246,                /* 0BD9  lconst L2 <- static#74   ("nil") */
    0x00030097, 0x00010002,    /* 0BDA  is L3 <- L1 is L2 */
    0x0010034B,                /* 0BDC  jf L3, +16 */
    0x0002009A, 0x8000004C,    /* 0BDD  getattr L2 <- P0.sym#76   ("image") */
    0x00030041,                /* 0BDF  move L3 <- L0 */
    0x000201A2, 0x00070001,    /* 0BE0  msg base=L2 argc=1 msg#7 nres=1   (add_global) */
    0x00010241,                /* 0BE2  move L1 <- L2 */
    0x00410246,                /* 0BE3  lconst L2 <- static#65   ("error") */
    0x00030097, 0x00010002,    /* 0BE4  is L3 <- L1 is L2 */
    0x0001034B,                /* 0BE6  jf L3, +1 */
    0x00010102,                /* 0BE7  return L1 count=1 */
    0x0002009A, 0x80000004,    /* 0BE8  getattr L2 <- P0.sym#4   ("globals") */
    0x00030141,                /* 0BEA  move L3 <- L1 */
    0x00020099, 0x00000003,    /* 0BEB  setidx L2[L0] <- L3 */
    0x00010102,                /* 0BED  return L1 count=1 */
    0x00008041,                /* 0BEE  move L0 <- P0 */
    0x00018141,                /* 0BEF  move L1 <- P1 */
    0x000001A2, 0x002F0001,    /* 0BF0  msg base=L0 argc=1 msg#47 nres=1   (remove) */
    0x00000003,                /* 0BF2  lnil L0 */
    0x00000102,                /* 0BF3  return L0 count=1 */
    0x0000009A, 0x8000006E,    /* 0BF4  getattr L0 <- P0.sym#110   ("session_declared") */
    0x00040096, 0x80010000,    /* 0BF6  in L4 <- P1 in L0 */
    0x0005044B,                /* 0BF8  jf L4, +5 */
    0x0004009A, 0x80000004,    /* 0BF9  getattr L4 <- P0.sym#4   ("globals") */
    0x00050098, 0x00048001,    /* 0BFB  getidx L5 <- L4[P1] */
    0x00050102,                /* 0BFD  return L5 count=1 */
    0x0001009A, 0x8000004C,    /* 0BFE  getattr L1 <- P0.sym#76   ("image") */
    0x0004009A, 0x8000006F,    /* 0C00  getattr L4 <- P0.sym#111   ("session_pending") */
    0x00020098, 0x00048001,    /* 0C02  getidx L2 <- L4[P1] */
    0x0001024E,                /* 0C04  jnerr L2, +1 */
    0x00020003,                /* 0C05  lnil L2 */
    0x004A0446,                /* 0C06  lconst L4 <- static#74   ("nil") */
    0x00050097, 0x00020004,    /* 0C07  is L5 <- L2 is L4 */
    0x0016054B,                /* 0C09  jf L5, +22 */
    0x0004009A, 0x0001000F,    /* 0C0A  getattr L4 <- L1.sym#15   ("_global_index") */
    0x00050096, 0x80010004,    /* 0C0C  in L5 <- P1 in L4 */
    0x0006054B,                /* 0C0E  jf L5, +6 */
    0x00100442,                /* 0C0F  gget L4 <- g16   (_drop_key) */
    0x0005009A, 0x0001000F,    /* 0C10  getattr L5 <- L1.sym#15   ("_global_index") */
    0x00068141,                /* 0C12  move L6 <- P1 */
    0x000402A0, 0x00010000,    /* 0C13  call base=L4 argc=2 nres=1 */
    0x00040141,                /* 0C15  move L4 <- L1 */
    0x00058141,                /* 0C16  move L5 <- P1 */
    0x000401A2, 0x00070001,    /* 0C17  msg base=L4 argc=1 msg#7 nres=1   (add_global) */
    0x00020441,                /* 0C19  move L2 <- L4 */
    0x00410446,                /* 0C1A  lconst L4 <- static#65   ("error") */
    0x00050097, 0x00020004,    /* 0C1B  is L5 <- L2 is L4 */
    0x0001054B,                /* 0C1D  jf L5, +1 */
    0x00020102,                /* 0C1E  return L2 count=1 */
    0x0030004F,                /* 0C1F  jmp +48 */
    0x0004009A, 0x00010004,    /* 0C20  getattr L4 <- L1.sym#4   ("globals") */
    0x00030098, 0x00040002,    /* 0C22  getidx L3 <- L4[L2] */
    0x0004009A, 0x80000070,    /* 0C24  getattr L4 <- P0.sym#112   ("session_undo") */
    0x00050241,                /* 0C26  move L5 <- L2 */
    0x006E0646,                /* 0C27  lconst L6 <- static#110   ("exported") */
    0x00070098, 0x00030006,    /* 0C28  getidx L7 <- L3[L6] */
    0x00060741,                /* 0C2A  move L6 <- L7 */
    0x006F0746,                /* 0C2B  lconst L7 <- static#111   ("free") */
    0x00080098, 0x00030007,    /* 0C2C  getidx L8 <- L3[L7] */
    0x00070841,                /* 0C2E  move L7 <- L8 */
    0x00080382, 0x00050000,    /* 0C2F  list L8 <- L5, 3 items */
    0x00050841,                /* 0C31  move L5 <- L8 */
    0x000401A2, 0x00010001,    /* 0C32  msg base=L4 argc=1 msg#1 nres=1   (append) */
    0x006E0446,                /* 0C34  lconst L4 <- static#110   ("exported") */
    0x00050104,                /* 0C35  lbool L5 <- 1 */
    0x00030099, 0x00040005,    /* 0C36  setidx L3[L4] <- L5 */
    0x006F0446,                /* 0C38  lconst L4 <- static#111   ("free") */
    0x00050004,                /* 0C39  lbool L5 <- 0 */
    0x00030099, 0x00040005,    /* 0C3A  setidx L3[L4] <- L5 */
    0x0004009A, 0x0001000F,    /* 0C3C  getattr L4 <- L1.sym#15   ("_global_index") */
    0x00050241,                /* 0C3E  move L5 <- L2 */
    0x00040099, 0x80010005,    /* 0C3F  setidx L4[P1] <- L5 */
    0x00100442,                /* 0C41  gget L4 <- g16   (_drop_key) */
    0x0005009A, 0x8000006F,    /* 0C42  getattr L5 <- P0.sym#111   ("session_pending") */
    0x00068141,                /* 0C44  move L6 <- P1 */
    0x000402A0, 0x00010000,    /* 0C45  call base=L4 argc=2 nres=1 */
    0x0004009A, 0x80000071,    /* 0C47  getattr L4 <- P0.sym#113   ("session_filled") */
    0x00058141,                /* 0C49  move L5 <- P1 */
    0x00060241,                /* 0C4A  move L6 <- L2 */
    0x00070282, 0x00050000,    /* 0C4B  list L7 <- L5, 2 items */
    0x00050741,                /* 0C4D  move L5 <- L7 */
    0x000401A2, 0x00010001,    /* 0C4E  msg base=L4 argc=1 msg#1 nres=1   (append) */
    0x0004009A, 0x80000004,    /* 0C50  getattr L4 <- P0.sym#4   ("globals") */
    0x00050241,                /* 0C52  move L5 <- L2 */
    0x00040099, 0x80010005,    /* 0C53  setidx L4[P1] <- L5 */
    0x00040104,                /* 0C55  lbool L4 <- 1 */
    0x00000099, 0x80010004,    /* 0C56  setidx L0[P1] <- L4 */
    0x00020102,                /* 0C58  return L2 count=1 */
    0x001F0242,                /* 0C59  gget L2 <- g31   (str) */
    0x00038141,                /* 0C5A  move L3 <- P1 */
    0x000201A0, 0x00010000,    /* 0C5B  call base=L2 argc=1 nres=1 */
    0x00000241,                /* 0C5D  move L0 <- L2 */
    0x0002009A, 0x8000004C,    /* 0C5E  getattr L2 <- P0.sym#76   ("image") */
    0x00030041,                /* 0C60  move L3 <- L0 */
    0x000201A2, 0x00030001,    /* 0C61  msg base=L2 argc=1 msg#3 nres=1   (add_free_global) */
    0x00010241,                /* 0C63  move L1 <- L2 */
    0x00410246,                /* 0C64  lconst L2 <- static#65   ("error") */
    0x00030097, 0x00010002,    /* 0C65  is L3 <- L1 is L2 */
    0x0001034B,                /* 0C67  jf L3, +1 */
    0x00010102,                /* 0C68  return L1 count=1 */
    0x0002009A, 0x8000006F,    /* 0C69  getattr L2 <- P0.sym#111   ("session_pending") */
    0x00030141,                /* 0C6B  move L3 <- L1 */
    0x00020099, 0x00000003,    /* 0C6C  setidx L2[L0] <- L3 */
    0x00010102,                /* 0C6E  return L1 count=1 */
    0x0000009A, 0x8000004C,    /* 0C6F  getattr L0 <- P0.sym#76   ("image") */
    0x001F0142,                /* 0C71  gget L1 <- g31   (str) */
    0x00028141,                /* 0C72  move L2 <- P1 */
    0x000101A0, 0x00010000,    /* 0C73  call base=L1 argc=1 nres=1 */
    0x000001A2, 0x00040001,    /* 0C75  msg base=L0 argc=1 msg#4 nres=1   (add_shadow_global) */
    0x00000102,                /* 0C77  return L0 count=1 */
    0x0000009A, 0x8000004C,    /* 0C78  getattr L0 <- P0.sym#76   ("image") */
    0x001F0142,                /* 0C7A  gget L1 <- g31   (str) */
    0x00028141,                /* 0C7B  move L2 <- P1 */
    0x000101A0, 0x00010000,    /* 0C7C  call base=L1 argc=1 nres=1 */
    0x000001A2, 0x00030001,    /* 0C7E  msg base=L0 argc=1 msg#3 nres=1   (add_free_global) */
    0x00000102,                /* 0C80  return L0 count=1 */
    0x0001009A, 0x80000004,    /* 0C81  getattr L1 <- P0.sym#4   ("globals") */
    0x001F0242,                /* 0C83  gget L2 <- g31   (str) */
    0x00038141,                /* 0C84  move L3 <- P1 */
    0x000201A0, 0x00010000,    /* 0C85  call base=L2 argc=1 nres=1 */
    0x00000098, 0x00010002,    /* 0C87  getidx L0 <- L1[L2] */
    0x0001004E,                /* 0C89  jnerr L0, +1 */
    0x00000003,                /* 0C8A  lnil L0 */
    0x004A0146,                /* 0C8B  lconst L1 <- static#74   ("nil") */
    0x00020097, 0x00000001,    /* 0C8C  is L2 <- L0 is L1 */
    0x0003024A,                /* 0C8E  not L3 <- L2 */
    0x0001034B,                /* 0C8F  jf L3, +1 */
    0x00000102,                /* 0C90  return L0 count=1 */
    0x0001009A, 0x8000004C,    /* 0C91  getattr L1 <- P0.sym#76   ("image") */
    0x001F0242,                /* 0C93  gget L2 <- g31   (str) */
    0x00038141,                /* 0C94  move L3 <- P1 */
    0x000201A0, 0x00010000,    /* 0C95  call base=L2 argc=1 nres=1 */
    0x000101A2, 0x00030001,    /* 0C97  msg base=L1 argc=1 msg#3 nres=1   (add_free_global) */
    0x00010102,                /* 0C99  return L1 count=1 */
    0x0001009A, 0x80000004,    /* 0C9A  getattr L1 <- P0.sym#4   ("globals") */
    0x001F0242,                /* 0C9C  gget L2 <- g31   (str) */
    0x00038141,                /* 0C9D  move L3 <- P1 */
    0x000201A0, 0x00010000,    /* 0C9E  call base=L2 argc=1 nres=1 */
    0x00000098, 0x00010002,    /* 0CA0  getidx L0 <- L1[L2] */
    0x0001004E,                /* 0CA2  jnerr L0, +1 */
    0x00000003,                /* 0CA3  lnil L0 */
    0x00000102,                /* 0CA4  return L0 count=1 */
    0x001F0042,                /* 0CA5  gget L0 <- g31   (str) */
    0x00018141,                /* 0CA6  move L1 <- P1 */
    0x000001A0, 0x00010000,    /* 0CA7  call base=L0 argc=1 nres=1 */
    0x0001009A, 0x80000006,    /* 0CA9  getattr L1 <- P0.sym#6   ("classes") */
    0x00020096, 0x00000001,    /* 0CAB  in L2 <- L0 in L1 */
    0x00020102,                /* 0CAD  return L2 count=1 */
    0x001F0242,                /* 0CAE  gget L2 <- g31   (str) */
    0x00038141,                /* 0CAF  move L3 <- P1 */
    0x000201A0, 0x00010000,    /* 0CB0  call base=L2 argc=1 nres=1 */
    0x00000241,                /* 0CB2  move L0 <- L2 */
    0x001F0242,                /* 0CB3  gget L2 <- g31   (str) */
    0x00038241,                /* 0CB4  move L3 <- P2 */
    0x000201A0, 0x00010000,    /* 0CB5  call base=L2 argc=1 nres=1 */
    0x00010241,                /* 0CB7  move L1 <- L2 */
    0x0002009A, 0x80000062,    /* 0CB8  getattr L2 <- P0.sym#98   ("slot_names") */
    0x00030096, 0x00000002,    /* 0CBA  in L3 <- L0 in L2 */
    0x0010034B,                /* 0CBC  jf L3, +16 */
    0x0002009A, 0x80000062,    /* 0CBD  getattr L2 <- P0.sym#98   ("slot_names") */
    0x00030098, 0x00020000,    /* 0CBF  getidx L3 <- L2[L0] */
    0x00040096, 0x00010003,    /* 0CC1  in L4 <- L1 in L3 */
    0x0002044B,                /* 0CC3  jf L4, +2 */
    0x00020104,                /* 0CC4  lbool L2 <- 1 */
    0x00020102,                /* 0CC5  return L2 count=1 */
    0x0002009A, 0x80000063,    /* 0CC6  getattr L2 <- P0.sym#99   ("superclasses") */
    0x00000098, 0x00020000,    /* 0CC8  getidx L0 <- L2[L0] */
    0x0001004E,                /* 0CCA  jnerr L0, +1 */
    0x00000003,                /* 0CCB  lnil L0 */
    0xFFEB004F,                /* 0CCC  jmp -21 */
    0x00020004,                /* 0CCD  lbool L2 <- 0 */
    0x00020102,                /* 0CCE  return L2 count=1 */
    0x001F0142,                /* 0CCF  gget L1 <- g31   (str) */
    0x00028141,                /* 0CD0  move L2 <- P1 */
    0x000101A0, 0x00010000,    /* 0CD1  call base=L1 argc=1 nres=1 */
    0x00000141,                /* 0CD3  move L0 <- L1 */
    0x004A0146,                /* 0CD4  lconst L1 <- static#74   ("nil") */
    0x00020097, 0x00000001,    /* 0CD5  is L2 <- L0 is L1 */
    0x0003024A,                /* 0CD7  not L3 <- L2 */
    0x000F034B,                /* 0CD8  jf L3, +15 */
    0x0001009A, 0x80000062,    /* 0CD9  getattr L1 <- P0.sym#98   ("slot_names") */
    0x00020096, 0x00000001,    /* 0CDB  in L2 <- L0 in L1 */
    0x0003024A,                /* 0CDD  not L3 <- L2 */
    0x0002034B,                /* 0CDE  jf L3, +2 */
    0x00010104,                /* 0CDF  lbool L1 <- 1 */
    0x00010102,                /* 0CE0  return L1 count=1 */
    0x0001009A, 0x80000063,    /* 0CE1  getattr L1 <- P0.sym#99   ("superclasses") */
    0x00000098, 0x00010000,    /* 0CE3  getidx L0 <- L1[L0] */
    0x0001004E,                /* 0CE5  jnerr L0, +1 */
    0x00000003,                /* 0CE6  lnil L0 */
    0xFFEC004F,                /* 0CE7  jmp -20 */
    0x00010004,                /* 0CE8  lbool L1 <- 0 */
    0x00010102,                /* 0CE9  return L1 count=1 */
    0x001F0642,                /* 0CEA  gget L6 <- g31   (str) */
    0x00078241,                /* 0CEB  move L7 <- P2 */
    0x000601A0, 0x00010000,    /* 0CEC  call base=L6 argc=1 nres=1 */
    0x00000641,                /* 0CEE  move L0 <- L6 */
    0x00010082, 0x00060000,    /* 0CEF  list L1 <- L6, 0 items */
    0x001F0642,                /* 0CF1  gget L6 <- g31   (str) */
    0x00078141,                /* 0CF2  move L7 <- P1 */
    0x000601A0, 0x00010000,    /* 0CF3  call base=L6 argc=1 nres=1 */
    0x00020641,                /* 0CF5  move L2 <- L6 */
    0x004A0646,                /* 0CF6  lconst L6 <- static#74   ("nil") */
    0x00070097, 0x00020006,    /* 0CF7  is L7 <- L2 is L6 */
    0x0008074A,                /* 0CF9  not L8 <- L7 */
    0x0013084B,                /* 0CFA  jf L8, +19 */
    0x0006009A, 0x80000062,    /* 0CFB  getattr L6 <- P0.sym#98   ("slot_names") */
    0x00070096, 0x00020006,    /* 0CFD  in L7 <- L2 in L6 */
    0x0008074A,                /* 0CFF  not L8 <- L7 */
    0x0002084B,                /* 0D00  jf L8, +2 */
    0x00060003,                /* 0D01  lnil L6 */
    0x00060102,                /* 0D02  return L6 count=1 */
    0x00060141,                /* 0D03  move L6 <- L1 */
    0x00070241,                /* 0D04  move L7 <- L2 */
    0x000601A2, 0x00010001,    /* 0D05  msg base=L6 argc=1 msg#1 nres=1   (append) */
    0x0006009A, 0x80000063,    /* 0D07  getattr L6 <- P0.sym#99   ("superclasses") */
    0x00020098, 0x00060002,    /* 0D09  getidx L2 <- L6[L2] */
    0x0001024E,                /* 0D0B  jnerr L2, +1 */
    0x00020003,                /* 0D0C  lnil L2 */
    0xFFE8004F,                /* 0D0D  jmp -24 */
    0x00030040,                /* 0D0E  i8 L3 <- 0 */
    0x00200642,                /* 0D0F  gget L6 <- g32   (len) */
    0x00070141,                /* 0D10  move L7 <- L1 */
    0x000601A0, 0x00010000,    /* 0D11  call base=L6 argc=1 nres=1 */
    0x00070140,                /* 0D13  i8 L7 <- 1 */
    0x00040086, 0x00060007,    /* 0D14  sub L4 <- L6 - L7 */
    0x00060040,                /* 0D16  i8 L6 <- 0 */
    0x00070094, 0x00040006,    /* 0D17  ge L7 <- L4 >= L6 */
    0x0016074B,                /* 0D19  jf L7, +22 */
    0x0006009A, 0x80000062,    /* 0D1A  getattr L6 <- P0.sym#98   ("slot_names") */
    0x00070098, 0x00010004,    /* 0D1C  getidx L7 <- L1[L4] */
    0x00080098, 0x00060007,    /* 0D1E  getidx L8 <- L6[L7] */
    0x000900AE, 0x00080000,    /* 0D20  iter L9 <- L8 */
    0x000500AF, 0x00090008,    /* 0D22  itnext L5 <- L9, done +8 */
    0x000A008F, 0x00050000,    /* 0D24  eq L10 <- L5 == L0 */
    0x00010A4B,                /* 0D26  jf L10, +1 */
    0x00030102,                /* 0D27  return L3 count=1 */
    0x000A0140,                /* 0D28  i8 L10 <- 1 */
    0x00030085, 0x0003000A,    /* 0D29  add L3 <- L3 + L10 */
    0xFFF6004F,                /* 0D2B  jmp -10 */
    0x00060140,                /* 0D2C  i8 L6 <- 1 */
    0x00040086, 0x00040006,    /* 0D2D  sub L4 <- L4 - L6 */
    0xFFE6004F,                /* 0D2F  jmp -26 */
    0x00060003,                /* 0D30  lnil L6 */
    0x00060102,                /* 0D31  return L6 count=1 */
    0x001F0042,                /* 0D32  gget L0 <- g31   (str) */
    0x00018141,                /* 0D33  move L1 <- P1 */
    0x000001A0, 0x00010000,    /* 0D34  call base=L0 argc=1 nres=1 */
    0x00950146,                /* 0D36  lconst L1 <- static#149   ("::") */
    0x00020085, 0x00000001,    /* 0D37  add L2 <- L0 + L1 */
    0x001F0342,                /* 0D39  gget L3 <- g31   (str) */
    0x00048241,                /* 0D3A  move L4 <- P2 */
    0x000301A0, 0x00010000,    /* 0D3B  call base=L3 argc=1 nres=1 */
    0x00040085, 0x00020003,    /* 0D3D  add L4 <- L2 + L3 */
    0x00040102,                /* 0D3F  return L4 count=1 */
    0x0001009A, 0x80000061,    /* 0D40  getattr L1 <- P0.sym#97   ("class_statics") */
    0x00028041,                /* 0D42  move L2 <- P0 */
    0x00038141,                /* 0D43  move L3 <- P1 */
    0x00048241,                /* 0D44  move L4 <- P2 */
    0x000202A2, 0x00350001,    /* 0D45  msg base=L2 argc=2 msg#53 nres=1   (class_static_key) */
    0x00000098, 0x00010002,    /* 0D47  getidx L0 <- L1[L2] */
    0x0001004E,                /* 0D49  jnerr L0, +1 */
    0x00000003,                /* 0D4A  lnil L0 */
    0x00000102,                /* 0D4B  return L0 count=1 */
    0x000B0142,                /* 0D4C  gget L1 <- g11   (_path_parts) */
    0x00028141,                /* 0D4D  move L2 <- P1 */
    0x000101A0, 0x00010000,    /* 0D4E  call base=L1 argc=1 nres=1 */
    0x00000141,                /* 0D50  move L0 <- L1 */
    0x00200142,                /* 0D51  gget L1 <- g32   (len) */
    0x00020041,                /* 0D52  move L2 <- L0 */
    0x000101A0, 0x00010000,    /* 0D53  call base=L1 argc=1 nres=1 */
    0x00020240,                /* 0D55  i8 L2 <- 2 */
    0x00030090, 0x00010002,    /* 0D56  ne L3 <- L1 != L2 */
    0x0002034B,                /* 0D58  jf L3, +2 */
    0x00010003,                /* 0D59  lnil L1 */
    0x00010102,                /* 0D5A  return L1 count=1 */
    0x0002009A, 0x80000061,    /* 0D5B  getattr L2 <- P0.sym#97   ("class_statics") */
    0x00030040,                /* 0D5D  i8 L3 <- 0 */
    0x00040098, 0x00000003,    /* 0D5E  getidx L4 <- L0[L3] */
    0x00950546,                /* 0D60  lconst L5 <- static#149   ("::") */
    0x00060085, 0x00040005,    /* 0D61  add L6 <- L4 + L5 */
    0x00070140,                /* 0D63  i8 L7 <- 1 */
    0x00080098, 0x00000007,    /* 0D64  getidx L8 <- L0[L7] */
    0x00090085, 0x00060008,    /* 0D66  add L9 <- L6 + L8 */
    0x00010098, 0x00020009,    /* 0D68  getidx L1 <- L2[L9] */
    0x0001014E,                /* 0D6A  jnerr L1, +1 */
    0x00010003,                /* 0D6B  lnil L1 */
    0x00010102,                /* 0D6C  return L1 count=1 */
    0x001F0042,                /* 0D6D  gget L0 <- g31   (str) */
    0x00018141,                /* 0D6E  move L1 <- P1 */
    0x000001A0, 0x00010000,    /* 0D6F  call base=L0 argc=1 nres=1 */
    0x00170142,                /* 0D71  gget L1 <- g23   (BUILTIN_NAMES) */
    0x00020096, 0x00000001,    /* 0D72  in L2 <- L0 in L1 */
    0x00020102,                /* 0D74  return L2 count=1 */
    0x00170042,                /* 0D75  gget L0 <- g23   (BUILTIN_NAMES) */
    0x00000102,                /* 0D76  return L0 count=1 */
    0x0000009A, 0x8000006D,    /* 0D77  getattr L0 <- P0.sym#109   ("pending") */
    0x00018141,                /* 0D79  move L1 <- P1 */
    0x00028241,                /* 0D7A  move L2 <- P2 */
    0x00030282, 0x00010000,    /* 0D7B  list L3 <- L1, 2 items */
    0x00010341,                /* 0D7D  move L1 <- L3 */
    0x000001A2, 0x00010001,    /* 0D7E  msg base=L0 argc=1 msg#1 nres=1   (append) */
    0x00000003,                /* 0D80  lnil L0 */
    0x00000102,                /* 0D81  return L0 count=1 */
    0x0000009A, 0x8000006C,    /* 0D82  getattr L0 <- P0.sym#108   ("init_ctx") */
    0x00018141,                /* 0D84  move L1 <- P1 */
    0x000001A2, 0x00280001,    /* 0D85  msg base=L0 argc=1 msg#40 nres=1   (reference) */
    0x00000102,                /* 0D87  return L0 count=1 */
};

const wy_module_image context_image = {
    .name = "context",
    .sections = {
        [WY_SEC_HEADER] = { context_header, sizeof context_header },
        [WY_SEC_STATICS] = { context_statics, sizeof context_statics },
        [WY_SEC_SYMBOLS] = { context_symbols, sizeof context_symbols },
        [WY_SEC_FUNCTIONS] = { context_functions, sizeof context_functions },
        [WY_SEC_CLASSES] = { context_classes, sizeof context_classes },
        [WY_SEC_MESSAGES] = { context_messages, sizeof context_messages },
        [WY_SEC_CODE] = { (const uint8_t*) context_code, sizeof context_code },
        [WY_SEC_EXPORTS] = { context_exports, sizeof context_exports },
        [WY_SEC_FREE] = { context_free, sizeof context_free },
    },
};
