/* Generated from expressions by wypoc's bytecode compiler. */

#include <stdint.h>
#include "wyrm/image.h"

static const uint8_t expressions_header[] = {
    0x2D, 0x00, 0x00, 0x00, 0x02, 0x6E, 0x00, 0x0C, 0x00, 0x00, 0x00, 0x65,
    0x78, 0x70, 0x72, 0x65, 0x73, 0x73, 0x69, 0x6F, 0x6E, 0x73, 0x00, 0x10,
    0x76, 0x00, 0x01, 0x00, 0x00, 0x00, 0x10, 0x67, 0x00, 0xDC, 0x00, 0x00,
    0x00, 0x10, 0x6C, 0x00, 0x27, 0x00, 0x00, 0x00, 0x00,
};

static const uint8_t expressions_statics[] = {
    0xD1, 0x0A, 0x00, 0x00, 0x02, 0x30, 0x00, 0x06, 0x00, 0x00, 0x00, 0x73,
    0x74, 0x64, 0x3A, 0x3A, 0x00, 0x02, 0x31, 0x00, 0x0B, 0x00, 0x00, 0x00,
    0x73, 0x74, 0x64, 0x3A, 0x3A, 0x70, 0x61, 0x69, 0x72, 0x73, 0x00, 0x02,
    0x32, 0x00, 0x07, 0x00, 0x00, 0x00, 0x77, 0x79, 0x72, 0x6D, 0x3A, 0x3A,
    0x00, 0x02, 0x33, 0x00, 0x0E, 0x00, 0x00, 0x00, 0x77, 0x79, 0x72, 0x6D,
    0x3A, 0x3A, 0x6F, 0x70, 0x63, 0x6F, 0x64, 0x65, 0x73, 0x00, 0x02, 0x34,
    0x00, 0x11, 0x00, 0x00, 0x00, 0x77, 0x79, 0x72, 0x6D, 0x3A, 0x3A, 0x63,
    0x6F, 0x6D, 0x70, 0x69, 0x6C, 0x65, 0x72, 0x3A, 0x3A, 0x00, 0x02, 0x35,
    0x00, 0x18, 0x00, 0x00, 0x00, 0x77, 0x79, 0x72, 0x6D, 0x3A, 0x3A, 0x63,
    0x6F, 0x6D, 0x70, 0x69, 0x6C, 0x65, 0x72, 0x3A, 0x3A, 0x63, 0x6F, 0x6E,
    0x74, 0x65, 0x78, 0x74, 0x00, 0x02, 0x36, 0x00, 0x19, 0x00, 0x00, 0x00,
    0x77, 0x79, 0x72, 0x6D, 0x3A, 0x3A, 0x63, 0x6F, 0x6D, 0x70, 0x69, 0x6C,
    0x65, 0x72, 0x3A, 0x3A, 0x61, 0x6E, 0x61, 0x6C, 0x79, 0x73, 0x69, 0x73,
    0x00, 0x02, 0x37, 0x00, 0x19, 0x00, 0x00, 0x00, 0x77, 0x79, 0x72, 0x6D,
    0x3A, 0x3A, 0x63, 0x6F, 0x6D, 0x70, 0x69, 0x6C, 0x65, 0x72, 0x3A, 0x3A,
    0x68, 0x61, 0x6E, 0x64, 0x6C, 0x65, 0x72, 0x73, 0x00, 0x02, 0x38, 0x00,
    0x02, 0x00, 0x00, 0x00, 0x2B, 0x00, 0x02, 0x39, 0x00, 0x02, 0x00, 0x00,
    0x00, 0x2D, 0x00, 0x02, 0x31, 0x30, 0x00, 0x02, 0x00, 0x00, 0x00, 0x2A,
    0x00, 0x02, 0x31, 0x31, 0x00, 0x02, 0x00, 0x00, 0x00, 0x2F, 0x00, 0x02,
    0x31, 0x32, 0x00, 0x02, 0x00, 0x00, 0x00, 0x25, 0x00, 0x02, 0x31, 0x33,
    0x00, 0x03, 0x00, 0x00, 0x00, 0x2A, 0x2A, 0x00, 0x02, 0x31, 0x34, 0x00,
    0x02, 0x00, 0x00, 0x00, 0x26, 0x00, 0x02, 0x31, 0x35, 0x00, 0x02, 0x00,
    0x00, 0x00, 0x7C, 0x00, 0x02, 0x31, 0x36, 0x00, 0x02, 0x00, 0x00, 0x00,
    0x5E, 0x00, 0x02, 0x31, 0x37, 0x00, 0x03, 0x00, 0x00, 0x00, 0x3C, 0x3C,
    0x00, 0x02, 0x31, 0x38, 0x00, 0x03, 0x00, 0x00, 0x00, 0x3E, 0x3E, 0x00,
    0x02, 0x31, 0x39, 0x00, 0x03, 0x00, 0x00, 0x00, 0x3D, 0x3D, 0x00, 0x02,
    0x32, 0x30, 0x00, 0x03, 0x00, 0x00, 0x00, 0x21, 0x3D, 0x00, 0x02, 0x32,
    0x31, 0x00, 0x02, 0x00, 0x00, 0x00, 0x3C, 0x00, 0x02, 0x32, 0x32, 0x00,
    0x03, 0x00, 0x00, 0x00, 0x3C, 0x3D, 0x00, 0x02, 0x32, 0x33, 0x00, 0x02,
    0x00, 0x00, 0x00, 0x3E, 0x00, 0x02, 0x32, 0x34, 0x00, 0x03, 0x00, 0x00,
    0x00, 0x3E, 0x3D, 0x00, 0x02, 0x32, 0x35, 0x00, 0x04, 0x00, 0x00, 0x00,
    0x3C, 0x3D, 0x3E, 0x00, 0x02, 0x32, 0x36, 0x00, 0x03, 0x00, 0x00, 0x00,
    0x69, 0x6E, 0x00, 0x02, 0x32, 0x37, 0x00, 0x04, 0x00, 0x00, 0x00, 0x6E,
    0x69, 0x6C, 0x00, 0x02, 0x32, 0x38, 0x00, 0x05, 0x00, 0x00, 0x00, 0x62,
    0x6F, 0x6F, 0x6C, 0x00, 0x02, 0x32, 0x39, 0x00, 0x04, 0x00, 0x00, 0x00,
    0x69, 0x6E, 0x74, 0x00, 0x02, 0x33, 0x30, 0x00, 0x05, 0x00, 0x00, 0x00,
    0x75, 0x69, 0x6E, 0x74, 0x00, 0x02, 0x33, 0x31, 0x00, 0x06, 0x00, 0x00,
    0x00, 0x66, 0x6C, 0x6F, 0x61, 0x74, 0x00, 0x02, 0x33, 0x32, 0x00, 0x04,
    0x00, 0x00, 0x00, 0x73, 0x74, 0x72, 0x00, 0x02, 0x33, 0x33, 0x00, 0x04,
    0x00, 0x00, 0x00, 0x73, 0x79, 0x6D, 0x00, 0x02, 0x33, 0x34, 0x00, 0x05,
    0x00, 0x00, 0x00, 0x6C, 0x69, 0x73, 0x74, 0x00, 0x02, 0x33, 0x35, 0x00,
    0x06, 0x00, 0x00, 0x00, 0x74, 0x75, 0x70, 0x6C, 0x65, 0x00, 0x02, 0x33,
    0x36, 0x00, 0x05, 0x00, 0x00, 0x00, 0x64, 0x69, 0x63, 0x74, 0x00, 0x02,
    0x33, 0x37, 0x00, 0x06, 0x00, 0x00, 0x00, 0x62, 0x79, 0x74, 0x65, 0x73,
    0x00, 0x02, 0x33, 0x38, 0x00, 0x05, 0x00, 0x00, 0x00, 0x70, 0x61, 0x69,
    0x72, 0x00, 0x02, 0x33, 0x39, 0x00, 0x06, 0x00, 0x00, 0x00, 0x65, 0x72,
    0x72, 0x6F, 0x72, 0x00, 0x02, 0x34, 0x30, 0x00, 0x13, 0x00, 0x00, 0x00,
    0x69, 0x6E, 0x64, 0x65, 0x78, 0x20, 0x6F, 0x75, 0x74, 0x20, 0x6F, 0x66,
    0x20, 0x72, 0x61, 0x6E, 0x67, 0x65, 0x00, 0x02, 0x34, 0x31, 0x00, 0x01,
    0x00, 0x00, 0x00, 0x00, 0x02, 0x34, 0x32, 0x00, 0x03, 0x00, 0x00, 0x00,
    0x3A, 0x3A, 0x00, 0x10, 0x34, 0x33, 0x00, 0x00, 0x00, 0x00, 0x00, 0x0A,
    0x34, 0x34, 0x00, 0x02, 0x34, 0x35, 0x00, 0x02, 0x00, 0x00, 0x00, 0x66,
    0x00, 0x02, 0x34, 0x36, 0x00, 0x03, 0x00, 0x00, 0x00, 0x61, 0x30, 0x00,
    0x02, 0x34, 0x37, 0x00, 0x03, 0x00, 0x00, 0x00, 0x61, 0x31, 0x00, 0x02,
    0x34, 0x38, 0x00, 0x03, 0x00, 0x00, 0x00, 0x61, 0x32, 0x00, 0x02, 0x34,
    0x39, 0x00, 0x03, 0x00, 0x00, 0x00, 0x77, 0x31, 0x00, 0x02, 0x35, 0x30,
    0x00, 0x11, 0x00, 0x00, 0x00, 0x69, 0x6E, 0x74, 0x65, 0x67, 0x65, 0x72,
    0x20, 0x6C, 0x69, 0x74, 0x65, 0x72, 0x61, 0x6C, 0x20, 0x00, 0x02, 0x35,
    0x31, 0x00, 0x18, 0x00, 0x00, 0x00, 0x20, 0x64, 0x6F, 0x65, 0x73, 0x20,
    0x6E, 0x6F, 0x74, 0x20, 0x66, 0x69, 0x74, 0x20, 0x69, 0x6E, 0x20, 0x61,
    0x6E, 0x20, 0x69, 0x33, 0x32, 0x00, 0x02, 0x35, 0x32, 0x00, 0x04, 0x00,
    0x00, 0x00, 0x72, 0x65, 0x67, 0x00, 0x02, 0x35, 0x33, 0x00, 0x05, 0x00,
    0x00, 0x00, 0x73, 0x6C, 0x6F, 0x74, 0x00, 0x02, 0x35, 0x34, 0x00, 0x11,
    0x00, 0x00, 0x00, 0x75, 0x6E, 0x64, 0x65, 0x66, 0x69, 0x6E, 0x65, 0x64,
    0x20, 0x6E, 0x61, 0x6D, 0x65, 0x20, 0x27, 0x00, 0x02, 0x35, 0x35, 0x00,
    0x02, 0x00, 0x00, 0x00, 0x27, 0x00, 0x02, 0x35, 0x36, 0x00, 0x2A, 0x00,
    0x00, 0x00, 0x60, 0x74, 0x68, 0x69, 0x73, 0x60, 0x20, 0x69, 0x73, 0x20,
    0x6F, 0x6E, 0x6C, 0x79, 0x20, 0x6D, 0x65, 0x61, 0x6E, 0x69, 0x6E, 0x67,
    0x66, 0x75, 0x6C, 0x20, 0x69, 0x6E, 0x73, 0x69, 0x64, 0x65, 0x20, 0x61,
    0x20, 0x6D, 0x65, 0x74, 0x68, 0x6F, 0x64, 0x00, 0x02, 0x35, 0x37, 0x00,
    0x2D, 0x00, 0x00, 0x00, 0x74, 0x68, 0x65, 0x20, 0x62, 0x79, 0x74, 0x65,
    0x63, 0x6F, 0x64, 0x65, 0x20, 0x63, 0x6F, 0x6D, 0x70, 0x69, 0x6C, 0x65,
    0x72, 0x20, 0x64, 0x6F, 0x65, 0x73, 0x20, 0x6E, 0x6F, 0x74, 0x20, 0x73,
    0x75, 0x70, 0x70, 0x6F, 0x72, 0x74, 0x20, 0x74, 0x68, 0x65, 0x20, 0x27,
    0x00, 0x02, 0x35, 0x38, 0x00, 0x0F, 0x00, 0x00, 0x00, 0x27, 0x20, 0x6F,
    0x70, 0x65, 0x72, 0x61, 0x74, 0x6F, 0x72, 0x20, 0x79, 0x65, 0x74, 0x00,
    0x02, 0x35, 0x39, 0x00, 0x26, 0x00, 0x00, 0x00, 0x27, 0x61, 0x6E, 0x64,
    0x27, 0x2F, 0x27, 0x6F, 0x72, 0x27, 0x20, 0x6E, 0x65, 0x65, 0x64, 0x73,
    0x20, 0x61, 0x74, 0x20, 0x6C, 0x65, 0x61, 0x73, 0x74, 0x20, 0x6F, 0x6E,
    0x65, 0x20, 0x6F, 0x70, 0x65, 0x72, 0x61, 0x6E, 0x64, 0x00, 0x02, 0x36,
    0x30, 0x00, 0x16, 0x00, 0x00, 0x00, 0x6E, 0x6F, 0x74, 0x20, 0x61, 0x20,
    0x74, 0x79, 0x70, 0x65, 0x20, 0x65, 0x78, 0x70, 0x72, 0x65, 0x73, 0x73,
    0x69, 0x6F, 0x6E, 0x00, 0x02, 0x36, 0x31, 0x00, 0x10, 0x00, 0x00, 0x00,
    0x6E, 0x6F, 0x74, 0x20, 0x61, 0x20, 0x74, 0x79, 0x70, 0x65, 0x20, 0x61,
    0x74, 0x6F, 0x6D, 0x00, 0x02, 0x36, 0x32, 0x00, 0x1C, 0x00, 0x00, 0x00,
    0x75, 0x6E, 0x73, 0x75, 0x70, 0x70, 0x6F, 0x72, 0x74, 0x65, 0x64, 0x20,
    0x74, 0x79, 0x70, 0x65, 0x20, 0x61, 0x74, 0x6F, 0x6D, 0x20, 0x73, 0x68,
    0x61, 0x70, 0x65, 0x00, 0x02, 0x36, 0x33, 0x00, 0x16, 0x00, 0x00, 0x00,
    0x65, 0x6D, 0x70, 0x74, 0x79, 0x20, 0x74, 0x79, 0x70, 0x65, 0x20, 0x65,
    0x78, 0x70, 0x72, 0x65, 0x73, 0x73, 0x69, 0x6F, 0x6E, 0x00, 0x02, 0x36,
    0x34, 0x00, 0x2E, 0x00, 0x00, 0x00, 0x20, 0x61, 0x72, 0x67, 0x75, 0x6D,
    0x65, 0x6E, 0x74, 0x73, 0x2C, 0x20, 0x6F, 0x76, 0x65, 0x72, 0x20, 0x74,
    0x68, 0x65, 0x20, 0x31, 0x32, 0x38, 0x2D, 0x70, 0x61, 0x72, 0x61, 0x6D,
    0x65, 0x74, 0x65, 0x72, 0x20, 0x63, 0x61, 0x6C, 0x6C, 0x20, 0x6C, 0x69,
    0x6D, 0x69, 0x74, 0x00, 0x02, 0x36, 0x35, 0x00, 0x30, 0x00, 0x00, 0x00,
    0x20, 0x72, 0x65, 0x73, 0x75, 0x6C, 0x74, 0x73, 0x20, 0x77, 0x61, 0x6E,
    0x74, 0x65, 0x64, 0x2C, 0x20, 0x6F, 0x76, 0x65, 0x72, 0x20, 0x74, 0x68,
    0x65, 0x20, 0x31, 0x32, 0x38, 0x2D, 0x72, 0x65, 0x73, 0x75, 0x6C, 0x74,
    0x20, 0x63, 0x61, 0x6C, 0x6C, 0x20, 0x6C, 0x69, 0x6D, 0x69, 0x74, 0x00,
    0x02, 0x36, 0x36, 0x00, 0x3A, 0x00, 0x00, 0x00, 0x74, 0x72, 0x61, 0x70,
    0x20, 0x74, 0x61, 0x6B, 0x65, 0x73, 0x20, 0x61, 0x74, 0x20, 0x6D, 0x6F,
    0x73, 0x74, 0x20, 0x6F, 0x6E, 0x65, 0x20, 0x61, 0x72, 0x67, 0x75, 0x6D,
    0x65, 0x6E, 0x74, 0x2C, 0x20, 0x61, 0x6E, 0x20, 0x69, 0x6E, 0x74, 0x65,
    0x67, 0x65, 0x72, 0x20, 0x6C, 0x69, 0x74, 0x65, 0x72, 0x61, 0x6C, 0x20,
    0x30, 0x2D, 0x32, 0x35, 0x35, 0x00, 0x02, 0x36, 0x37, 0x00, 0x31, 0x00,
    0x00, 0x00, 0x74, 0x72, 0x61, 0x70, 0x27, 0x73, 0x20, 0x61, 0x72, 0x67,
    0x75, 0x6D, 0x65, 0x6E, 0x74, 0x20, 0x6D, 0x75, 0x73, 0x74, 0x20, 0x62,
    0x65, 0x20, 0x61, 0x6E, 0x20, 0x69, 0x6E, 0x74, 0x65, 0x67, 0x65, 0x72,
    0x20, 0x6C, 0x69, 0x74, 0x65, 0x72, 0x61, 0x6C, 0x20, 0x30, 0x2D, 0x32,
    0x35, 0x35, 0x00, 0x02, 0x36, 0x38, 0x00, 0x15, 0x00, 0x00, 0x00, 0x20,
    0x65, 0x6C, 0x65, 0x6D, 0x65, 0x6E, 0x74, 0x73, 0x2C, 0x20, 0x6F, 0x76,
    0x65, 0x72, 0x20, 0x74, 0x68, 0x65, 0x20, 0x00, 0x02, 0x36, 0x39, 0x00,
    0x0A, 0x00, 0x00, 0x00, 0x2D, 0x65, 0x6C, 0x65, 0x6D, 0x65, 0x6E, 0x74,
    0x20, 0x00, 0x02, 0x37, 0x30, 0x00, 0x07, 0x00, 0x00, 0x00, 0x20, 0x6C,
    0x69, 0x6D, 0x69, 0x74, 0x00, 0x02, 0x37, 0x31, 0x00, 0x89, 0x00, 0x00,
    0x00, 0x63, 0x6C, 0x6F, 0x73, 0x75, 0x72, 0x65, 0x20, 0x6C, 0x6F, 0x77,
    0x65, 0x72, 0x69, 0x6E, 0x67, 0x20, 0x6E, 0x65, 0x65, 0x64, 0x73, 0x20,
    0x66, 0x75, 0x6E, 0x63, 0x74, 0x69, 0x6F, 0x6E, 0x73, 0x2E, 0x77, 0x79,
    0x27, 0x73, 0x20, 0x63, 0x6F, 0x6D, 0x70, 0x69, 0x6C, 0x65, 0x5F, 0x63,
    0x6C, 0x6F, 0x73, 0x75, 0x72, 0x65, 0x5F, 0x65, 0x78, 0x70, 0x72, 0x20,
    0x28, 0x4D, 0x34, 0x29, 0x3B, 0x20, 0x69, 0x6D, 0x70, 0x6F, 0x72, 0x74,
    0x20, 0x77, 0x79, 0x72, 0x6D, 0x3A, 0x3A, 0x63, 0x6F, 0x6D, 0x70, 0x69,
    0x6C, 0x65, 0x72, 0x3A, 0x3A, 0x66, 0x75, 0x6E, 0x63, 0x74, 0x69, 0x6F,
    0x6E, 0x73, 0x20, 0x62, 0x65, 0x66, 0x6F, 0x72, 0x65, 0x20, 0x63, 0x6F,
    0x6D, 0x70, 0x69, 0x6C, 0x69, 0x6E, 0x67, 0x20, 0x61, 0x20, 0x6D, 0x6F,
    0x64, 0x75, 0x6C, 0x65, 0x20, 0x77, 0x69, 0x74, 0x68, 0x20, 0x6C, 0x61,
    0x6D, 0x62, 0x64, 0x61, 0x73, 0x00, 0x02, 0x37, 0x32, 0x00, 0x09, 0x00,
    0x00, 0x00, 0x3C, 0x6C, 0x61, 0x6D, 0x62, 0x64, 0x61, 0x3E, 0x00, 0x02,
    0x37, 0x33, 0x00, 0x85, 0x00, 0x00, 0x00, 0x27, 0x64, 0x6F, 0x27, 0x20,
    0x62, 0x6C, 0x6F, 0x63, 0x6B, 0x20, 0x6C, 0x6F, 0x77, 0x65, 0x72, 0x69,
    0x6E, 0x67, 0x20, 0x6E, 0x65, 0x65, 0x64, 0x73, 0x20, 0x73, 0x74, 0x61,
    0x74, 0x65, 0x6D, 0x65, 0x6E, 0x74, 0x73, 0x2E, 0x77, 0x79, 0x27, 0x73,
    0x20, 0x63, 0x6F, 0x6D, 0x70, 0x69, 0x6C, 0x65, 0x5F, 0x62, 0x6F, 0x64,
    0x79, 0x3B, 0x20, 0x69, 0x6D, 0x70, 0x6F, 0x72, 0x74, 0x20, 0x77, 0x79,
    0x72, 0x6D, 0x3A, 0x3A, 0x63, 0x6F, 0x6D, 0x70, 0x69, 0x6C, 0x65, 0x72,
    0x3A, 0x3A, 0x73, 0x74, 0x61, 0x74, 0x65, 0x6D, 0x65, 0x6E, 0x74, 0x73,
    0x20, 0x62, 0x65, 0x66, 0x6F, 0x72, 0x65, 0x20, 0x63, 0x6F, 0x6D, 0x70,
    0x69, 0x6C, 0x69, 0x6E, 0x67, 0x20, 0x61, 0x20, 0x6D, 0x6F, 0x64, 0x75,
    0x6C, 0x65, 0x20, 0x77, 0x69, 0x74, 0x68, 0x20, 0x27, 0x64, 0x6F, 0x27,
    0x20, 0x62, 0x6C, 0x6F, 0x63, 0x6B, 0x73, 0x00, 0x02, 0x37, 0x34, 0x00,
    0x15, 0x00, 0x00, 0x00, 0x65, 0x6D, 0x70, 0x74, 0x79, 0x20, 0x71, 0x75,
    0x61, 0x6C, 0x69, 0x66, 0x69, 0x65, 0x64, 0x20, 0x6E, 0x61, 0x6D, 0x65,
    0x00, 0x02, 0x37, 0x35, 0x00, 0x05, 0x00, 0x00, 0x00, 0x24, 0x61, 0x73,
    0x74, 0x00, 0x02, 0x37, 0x36, 0x00, 0x37, 0x00, 0x00, 0x00, 0x60, 0x3A,
    0x3A, 0x24, 0x61, 0x73, 0x74, 0x60, 0x20, 0x6E, 0x65, 0x65, 0x64, 0x73,
    0x20, 0x74, 0x68, 0x65, 0x20, 0x6E, 0x61, 0x6D, 0x65, 0x20, 0x6F, 0x66,
    0x20, 0x61, 0x20, 0x64, 0x65, 0x66, 0x69, 0x6E, 0x69, 0x74, 0x69, 0x6F,
    0x6E, 0x20, 0x69, 0x6E, 0x20, 0x74, 0x68, 0x69, 0x73, 0x20, 0x6D, 0x6F,
    0x64, 0x75, 0x6C, 0x65, 0x00, 0x02, 0x37, 0x37, 0x00, 0x02, 0x00, 0x00,
    0x00, 0x60, 0x00, 0x02, 0x37, 0x38, 0x00, 0x6C, 0x00, 0x00, 0x00, 0x3A,
    0x3A, 0x24, 0x61, 0x73, 0x74, 0x60, 0x20, 0x6E, 0x61, 0x6D, 0x65, 0x73,
    0x20, 0x6E, 0x6F, 0x20, 0x66, 0x6E, 0x2C, 0x20, 0x63, 0x6F, 0x20, 0x6F,
    0x72, 0x20, 0x63, 0x6C, 0x61, 0x73, 0x73, 0x20, 0x64, 0x65, 0x66, 0x69,
    0x6E, 0x65, 0x64, 0x20, 0x69, 0x6E, 0x20, 0x74, 0x68, 0x69, 0x73, 0x20,
    0x6D, 0x6F, 0x64, 0x75, 0x6C, 0x65, 0x3B, 0x20, 0x61, 0x20, 0x63, 0x6F,
    0x6D, 0x70, 0x69, 0x6C, 0x65, 0x64, 0x20, 0x6D, 0x6F, 0x64, 0x75, 0x6C,
    0x65, 0x20, 0x63, 0x61, 0x72, 0x72, 0x69, 0x65, 0x73, 0x20, 0x6E, 0x6F,
    0x20, 0x74, 0x72, 0x65, 0x65, 0x73, 0x20, 0x74, 0x6F, 0x20, 0x72, 0x65,
    0x61, 0x63, 0x68, 0x20, 0x61, 0x63, 0x72, 0x6F, 0x73, 0x73, 0x00, 0x02,
    0x37, 0x39, 0x00, 0x29, 0x00, 0x00, 0x00, 0x60, 0x79, 0x69, 0x65, 0x6C,
    0x64, 0x60, 0x20, 0x69, 0x73, 0x20, 0x6F, 0x6E, 0x6C, 0x79, 0x20, 0x6D,
    0x65, 0x61, 0x6E, 0x69, 0x6E, 0x67, 0x66, 0x75, 0x6C, 0x20, 0x69, 0x6E,
    0x73, 0x69, 0x64, 0x65, 0x20, 0x61, 0x20, 0x60, 0x63, 0x6F, 0x60, 0x00,
    0x02, 0x38, 0x30, 0x00, 0x2B, 0x00, 0x00, 0x00, 0x20, 0x79, 0x69, 0x65,
    0x6C, 0x64, 0x65, 0x64, 0x20, 0x76, 0x61, 0x6C, 0x75, 0x65, 0x73, 0x2C,
    0x20, 0x6F, 0x76, 0x65, 0x72, 0x20, 0x74, 0x68, 0x65, 0x20, 0x31, 0x32,
    0x38, 0x2D, 0x72, 0x65, 0x73, 0x75, 0x6C, 0x74, 0x20, 0x6C, 0x69, 0x6D,
    0x69, 0x74, 0x00, 0x02, 0x38, 0x31, 0x00, 0x09, 0x00, 0x00, 0x00, 0x69,
    0x6E, 0x74, 0x65, 0x67, 0x65, 0x72, 0x20, 0x00, 0x02, 0x38, 0x32, 0x00,
    0x22, 0x00, 0x00, 0x00, 0x20, 0x69, 0x6E, 0x20, 0x61, 0x20, 0x74, 0x72,
    0x65, 0x65, 0x20, 0x64, 0x6F, 0x65, 0x73, 0x20, 0x6E, 0x6F, 0x74, 0x20,
    0x66, 0x69, 0x74, 0x20, 0x69, 0x6E, 0x20, 0x61, 0x6E, 0x20, 0x69, 0x33,
    0x32, 0x00, 0x02, 0x38, 0x33, 0x00, 0x4D, 0x00, 0x00, 0x00, 0x61, 0x20,
    0x70, 0x61, 0x69, 0x72, 0x20, 0x77, 0x69, 0x74, 0x68, 0x20, 0x61, 0x6E,
    0x20, 0x69, 0x6D, 0x70, 0x72, 0x6F, 0x70, 0x65, 0x72, 0x20, 0x74, 0x61,
    0x69, 0x6C, 0x20, 0x68, 0x61, 0x73, 0x20, 0x6E, 0x6F, 0x20, 0x62, 0x79,
    0x74, 0x65, 0x63, 0x6F, 0x64, 0x65, 0x20, 0x66, 0x6F, 0x72, 0x6D, 0x3B,
    0x20, 0x6F, 0x6E, 0x6C, 0x79, 0x20, 0x70, 0x72, 0x6F, 0x70, 0x65, 0x72,
    0x20, 0x70, 0x61, 0x69, 0x72, 0x20, 0x6C, 0x69, 0x73, 0x74, 0x73, 0x20,
    0x64, 0x6F, 0x00, 0x02, 0x38, 0x34, 0x00, 0x6D, 0x00, 0x00, 0x00, 0x76,
    0x61, 0x6C, 0x75, 0x65, 0x20, 0x68, 0x61, 0x73, 0x20, 0x6E, 0x6F, 0x20,
    0x62, 0x79, 0x74, 0x65, 0x63, 0x6F, 0x64, 0x65, 0x20, 0x66, 0x6F, 0x72,
    0x6D, 0x3B, 0x20, 0x61, 0x20, 0x74, 0x72, 0x65, 0x65, 0x20, 0x63, 0x61,
    0x6E, 0x20, 0x6F, 0x6E, 0x6C, 0x79, 0x20, 0x68, 0x6F, 0x6C, 0x64, 0x20,
    0x73, 0x79, 0x6D, 0x62, 0x6F, 0x6C, 0x73, 0x2C, 0x20, 0x73, 0x74, 0x72,
    0x69, 0x6E, 0x67, 0x73, 0x2C, 0x20, 0x6E, 0x75, 0x6D, 0x62, 0x65, 0x72,
    0x73, 0x2C, 0x20, 0x62, 0x6F, 0x6F, 0x6C, 0x73, 0x2C, 0x20, 0x6E, 0x69,
    0x6C, 0x2C, 0x20, 0x6C, 0x69, 0x73, 0x74, 0x73, 0x20, 0x61, 0x6E, 0x64,
    0x20, 0x70, 0x61, 0x69, 0x72, 0x20, 0x6C, 0x69, 0x73, 0x74, 0x73, 0x00,
    0x02, 0x38, 0x35, 0x00, 0x14, 0x00, 0x00, 0x00, 0x6E, 0x6F, 0x74, 0x20,
    0x61, 0x6E, 0x20, 0x65, 0x78, 0x70, 0x72, 0x65, 0x73, 0x73, 0x69, 0x6F,
    0x6E, 0x3A, 0x20, 0x00, 0x02, 0x38, 0x36, 0x00, 0x05, 0x00, 0x00, 0x00,
    0x63, 0x68, 0x61, 0x72, 0x00, 0x02, 0x38, 0x37, 0x00, 0x05, 0x00, 0x00,
    0x00, 0x74, 0x72, 0x75, 0x65, 0x00, 0x02, 0x38, 0x38, 0x00, 0x06, 0x00,
    0x00, 0x00, 0x66, 0x61, 0x6C, 0x73, 0x65, 0x00, 0x02, 0x38, 0x39, 0x00,
    0x06, 0x00, 0x00, 0x00, 0x62, 0x72, 0x65, 0x61, 0x6B, 0x00, 0x02, 0x39,
    0x30, 0x00, 0x09, 0x00, 0x00, 0x00, 0x63, 0x6F, 0x6E, 0x74, 0x69, 0x6E,
    0x75, 0x65, 0x00, 0x02, 0x39, 0x31, 0x00, 0x05, 0x00, 0x00, 0x00, 0x70,
    0x61, 0x73, 0x73, 0x00, 0x02, 0x39, 0x32, 0x00, 0x16, 0x00, 0x00, 0x00,
    0x20, 0x69, 0x73, 0x20, 0x6E, 0x6F, 0x74, 0x20, 0x61, 0x6E, 0x20, 0x65,
    0x78, 0x70, 0x72, 0x65, 0x73, 0x73, 0x69, 0x6F, 0x6E, 0x00, 0x02, 0x39,
    0x33, 0x00, 0x04, 0x00, 0x00, 0x00, 0x6E, 0x6F, 0x74, 0x00, 0x02, 0x39,
    0x34, 0x00, 0x04, 0x00, 0x00, 0x00, 0x6E, 0x65, 0x67, 0x00, 0x02, 0x39,
    0x35, 0x00, 0x02, 0x00, 0x00, 0x00, 0x7E, 0x00, 0x02, 0x39, 0x36, 0x00,
    0x04, 0x00, 0x00, 0x00, 0x70, 0x6F, 0x73, 0x00, 0x02, 0x39, 0x37, 0x00,
    0x04, 0x00, 0x00, 0x00, 0x61, 0x6E, 0x64, 0x00, 0x02, 0x39, 0x38, 0x00,
    0x03, 0x00, 0x00, 0x00, 0x6F, 0x72, 0x00, 0x02, 0x39, 0x39, 0x00, 0x03,
    0x00, 0x00, 0x00, 0x69, 0x73, 0x00, 0x02, 0x31, 0x30, 0x30, 0x00, 0x06,
    0x00, 0x00, 0x00, 0x61, 0x70, 0x70, 0x6C, 0x79, 0x00, 0x02, 0x31, 0x30,
    0x31, 0x00, 0x09, 0x00, 0x00, 0x00, 0x62, 0x69, 0x6E, 0x64, 0x5F, 0x6D,
    0x73, 0x67, 0x00, 0x02, 0x31, 0x30, 0x32, 0x00, 0x06, 0x00, 0x00, 0x00,
    0x61, 0x72, 0x72, 0x61, 0x79, 0x00, 0x02, 0x31, 0x30, 0x33, 0x00, 0x05,
    0x00, 0x00, 0x00, 0x61, 0x74, 0x74, 0x72, 0x00, 0x02, 0x31, 0x30, 0x34,
    0x00, 0x06, 0x00, 0x00, 0x00, 0x69, 0x6E, 0x64, 0x65, 0x78, 0x00, 0x02,
    0x31, 0x30, 0x35, 0x00, 0x07, 0x00, 0x00, 0x00, 0x6C, 0x61, 0x6D, 0x62,
    0x64, 0x61, 0x00, 0x02, 0x31, 0x30, 0x36, 0x00, 0x0A, 0x00, 0x00, 0x00,
    0x63, 0x6F, 0x5F, 0x6C, 0x61, 0x6D, 0x62, 0x64, 0x61, 0x00, 0x02, 0x31,
    0x30, 0x37, 0x00, 0x03, 0x00, 0x00, 0x00, 0x64, 0x6F, 0x00, 0x02, 0x31,
    0x30, 0x38, 0x00, 0x04, 0x00, 0x00, 0x00, 0x74, 0x72, 0x79, 0x00, 0x02,
    0x31, 0x30, 0x39, 0x00, 0x06, 0x00, 0x00, 0x00, 0x63, 0x61, 0x74, 0x63,
    0x68, 0x00, 0x02, 0x31, 0x31, 0x30, 0x00, 0x06, 0x00, 0x00, 0x00, 0x79,
    0x69, 0x65, 0x6C, 0x64, 0x00, 0x02, 0x31, 0x31, 0x31, 0x00, 0x05, 0x00,
    0x00, 0x00, 0x63, 0x6F, 0x6E, 0x64, 0x00, 0x02, 0x31, 0x31, 0x32, 0x00,
    0x0B, 0x00, 0x00, 0x00, 0x79, 0x69, 0x65, 0x6C, 0x64, 0x5F, 0x66, 0x72,
    0x6F, 0x6D, 0x00, 0x02, 0x31, 0x31, 0x33, 0x00, 0x29, 0x00, 0x00, 0x00,
    0x74, 0x68, 0x65, 0x20, 0x62, 0x79, 0x74, 0x65, 0x63, 0x6F, 0x64, 0x65,
    0x20, 0x63, 0x6F, 0x6D, 0x70, 0x69, 0x6C, 0x65, 0x72, 0x20, 0x64, 0x6F,
    0x65, 0x73, 0x20, 0x6E, 0x6F, 0x74, 0x20, 0x73, 0x75, 0x70, 0x70, 0x6F,
    0x72, 0x74, 0x20, 0x27, 0x00, 0x02, 0x31, 0x31, 0x34, 0x00, 0x12, 0x00,
    0x00, 0x00, 0x27, 0x20, 0x65, 0x78, 0x70, 0x72, 0x65, 0x73, 0x73, 0x69,
    0x6F, 0x6E, 0x73, 0x20, 0x79, 0x65, 0x74, 0x00, 0x00,
};

static const uint8_t expressions_symbols[] = {
    0xAB, 0x05, 0x00, 0x00, 0x02, 0x30, 0x00, 0x04, 0x00, 0x00, 0x00, 0x61,
    0x64, 0x64, 0x00, 0x02, 0x31, 0x00, 0x04, 0x00, 0x00, 0x00, 0x73, 0x75,
    0x62, 0x00, 0x02, 0x32, 0x00, 0x04, 0x00, 0x00, 0x00, 0x6D, 0x75, 0x6C,
    0x00, 0x02, 0x33, 0x00, 0x04, 0x00, 0x00, 0x00, 0x64, 0x69, 0x76, 0x00,
    0x02, 0x34, 0x00, 0x04, 0x00, 0x00, 0x00, 0x6D, 0x6F, 0x64, 0x00, 0x02,
    0x35, 0x00, 0x04, 0x00, 0x00, 0x00, 0x70, 0x6F, 0x77, 0x00, 0x02, 0x36,
    0x00, 0x05, 0x00, 0x00, 0x00, 0x62, 0x61, 0x6E, 0x64, 0x00, 0x02, 0x37,
    0x00, 0x04, 0x00, 0x00, 0x00, 0x62, 0x6F, 0x72, 0x00, 0x02, 0x38, 0x00,
    0x05, 0x00, 0x00, 0x00, 0x62, 0x78, 0x6F, 0x72, 0x00, 0x02, 0x39, 0x00,
    0x04, 0x00, 0x00, 0x00, 0x73, 0x68, 0x6C, 0x00, 0x02, 0x31, 0x30, 0x00,
    0x04, 0x00, 0x00, 0x00, 0x73, 0x68, 0x72, 0x00, 0x02, 0x31, 0x31, 0x00,
    0x03, 0x00, 0x00, 0x00, 0x65, 0x71, 0x00, 0x02, 0x31, 0x32, 0x00, 0x03,
    0x00, 0x00, 0x00, 0x6E, 0x65, 0x00, 0x02, 0x31, 0x33, 0x00, 0x03, 0x00,
    0x00, 0x00, 0x6C, 0x74, 0x00, 0x02, 0x31, 0x34, 0x00, 0x03, 0x00, 0x00,
    0x00, 0x6C, 0x65, 0x00, 0x02, 0x31, 0x35, 0x00, 0x03, 0x00, 0x00, 0x00,
    0x67, 0x74, 0x00, 0x02, 0x31, 0x36, 0x00, 0x03, 0x00, 0x00, 0x00, 0x67,
    0x65, 0x00, 0x02, 0x31, 0x37, 0x00, 0x05, 0x00, 0x00, 0x00, 0x63, 0x6D,
    0x70, 0x33, 0x00, 0x02, 0x31, 0x38, 0x00, 0x03, 0x00, 0x00, 0x00, 0x69,
    0x6E, 0x00, 0x02, 0x31, 0x39, 0x00, 0x09, 0x00, 0x00, 0x00, 0x70, 0x61,
    0x63, 0x6B, 0x5F, 0x66, 0x33, 0x32, 0x00, 0x02, 0x32, 0x30, 0x00, 0x0B,
    0x00, 0x00, 0x00, 0x75, 0x6E, 0x70, 0x61, 0x63, 0x6B, 0x5F, 0x75, 0x33,
    0x32, 0x00, 0x02, 0x32, 0x31, 0x00, 0x0B, 0x00, 0x00, 0x00, 0x65, 0x6D,
    0x69, 0x74, 0x5F, 0x77, 0x6F, 0x72, 0x64, 0x73, 0x00, 0x02, 0x32, 0x32,
    0x00, 0x05, 0x00, 0x00, 0x00, 0x6D, 0x6F, 0x76, 0x65, 0x00, 0x02, 0x32,
    0x33, 0x00, 0x05, 0x00, 0x00, 0x00, 0x70, 0x75, 0x73, 0x68, 0x00, 0x02,
    0x32, 0x34, 0x00, 0x0B, 0x00, 0x00, 0x00, 0x61, 0x64, 0x64, 0x5F, 0x73,
    0x74, 0x61, 0x74, 0x69, 0x63, 0x00, 0x02, 0x32, 0x35, 0x00, 0x07, 0x00,
    0x00, 0x00, 0x6D, 0x6F, 0x64, 0x75, 0x6C, 0x65, 0x00, 0x02, 0x32, 0x36,
    0x00, 0x06, 0x00, 0x00, 0x00, 0x69, 0x6D, 0x61, 0x67, 0x65, 0x00, 0x02,
    0x32, 0x37, 0x00, 0x07, 0x00, 0x00, 0x00, 0x6C, 0x63, 0x6F, 0x6E, 0x73,
    0x74, 0x00, 0x02, 0x32, 0x38, 0x00, 0x04, 0x00, 0x00, 0x00, 0x66, 0x33,
    0x32, 0x00, 0x02, 0x32, 0x39, 0x00, 0x03, 0x00, 0x00, 0x00, 0x69, 0x38,
    0x00, 0x02, 0x33, 0x30, 0x00, 0x0B, 0x00, 0x00, 0x00, 0x61, 0x64, 0x64,
    0x5F, 0x73, 0x79, 0x6D, 0x62, 0x6F, 0x6C, 0x00, 0x02, 0x33, 0x31, 0x00,
    0x05, 0x00, 0x00, 0x00, 0x6C, 0x73, 0x79, 0x6D, 0x00, 0x02, 0x33, 0x32,
    0x00, 0x06, 0x00, 0x00, 0x00, 0x6C, 0x62, 0x6F, 0x6F, 0x6C, 0x00, 0x02,
    0x33, 0x33, 0x00, 0x05, 0x00, 0x00, 0x00, 0x67, 0x67, 0x65, 0x74, 0x00,
    0x02, 0x33, 0x34, 0x00, 0x08, 0x00, 0x00, 0x00, 0x73, 0x74, 0x6F, 0x72,
    0x61, 0x67, 0x65, 0x00, 0x02, 0x33, 0x35, 0x00, 0x06, 0x00, 0x00, 0x00,
    0x63, 0x65, 0x6C, 0x6C, 0x73, 0x00, 0x02, 0x33, 0x36, 0x00, 0x05, 0x00,
    0x00, 0x00, 0x7A, 0x65, 0x72, 0x6F, 0x00, 0x02, 0x33, 0x37, 0x00, 0x07,
    0x00, 0x00, 0x00, 0x67, 0x65, 0x74, 0x69, 0x64, 0x78, 0x00, 0x02, 0x33,
    0x38, 0x00, 0x08, 0x00, 0x00, 0x00, 0x67, 0x65, 0x74, 0x61, 0x74, 0x74,
    0x72, 0x00, 0x02, 0x33, 0x39, 0x00, 0x09, 0x00, 0x00, 0x00, 0x74, 0x68,
    0x69, 0x73, 0x5F, 0x72, 0x65, 0x67, 0x00, 0x02, 0x34, 0x30, 0x00, 0x11,
    0x00, 0x00, 0x00, 0x73, 0x65, 0x73, 0x73, 0x69, 0x6F, 0x6E, 0x5F, 0x64,
    0x65, 0x63, 0x6C, 0x61, 0x72, 0x65, 0x64, 0x00, 0x02, 0x34, 0x31, 0x00,
    0x0B, 0x00, 0x00, 0x00, 0x69, 0x73, 0x5F, 0x62, 0x75, 0x69, 0x6C, 0x74,
    0x69, 0x6E, 0x00, 0x02, 0x34, 0x32, 0x00, 0x17, 0x00, 0x00, 0x00, 0x64,
    0x65, 0x63, 0x6C, 0x61, 0x72, 0x65, 0x5F, 0x66, 0x6F, 0x72, 0x77, 0x61,
    0x72, 0x64, 0x5F, 0x67, 0x6C, 0x6F, 0x62, 0x61, 0x6C, 0x00, 0x02, 0x34,
    0x33, 0x00, 0x10, 0x00, 0x00, 0x00, 0x6D, 0x61, 0x79, 0x5F, 0x62, 0x65,
    0x5F, 0x69, 0x6D, 0x70, 0x6F, 0x72, 0x74, 0x65, 0x64, 0x00, 0x02, 0x34,
    0x34, 0x00, 0x14, 0x00, 0x00, 0x00, 0x64, 0x65, 0x63, 0x6C, 0x61, 0x72,
    0x65, 0x5F, 0x66, 0x72, 0x65, 0x65, 0x5F, 0x67, 0x6C, 0x6F, 0x62, 0x61,
    0x6C, 0x00, 0x02, 0x34, 0x35, 0x00, 0x05, 0x00, 0x00, 0x00, 0x6C, 0x6E,
    0x69, 0x6C, 0x00, 0x02, 0x34, 0x36, 0x00, 0x05, 0x00, 0x00, 0x00, 0x74,
    0x68, 0x69, 0x73, 0x00, 0x02, 0x34, 0x37, 0x00, 0x05, 0x00, 0x00, 0x00,
    0x6D, 0x61, 0x72, 0x6B, 0x00, 0x02, 0x34, 0x38, 0x00, 0x08, 0x00, 0x00,
    0x00, 0x66, 0x72, 0x65, 0x65, 0x5F, 0x74, 0x6F, 0x00, 0x02, 0x34, 0x39,
    0x00, 0x0A, 0x00, 0x00, 0x00, 0x6E, 0x65, 0x77, 0x5F, 0x6C, 0x61, 0x62,
    0x65, 0x6C, 0x00, 0x02, 0x35, 0x30, 0x00, 0x03, 0x00, 0x00, 0x00, 0x6A,
    0x66, 0x00, 0x02, 0x35, 0x31, 0x00, 0x03, 0x00, 0x00, 0x00, 0x6A, 0x74,
    0x00, 0x02, 0x35, 0x32, 0x00, 0x0A, 0x00, 0x00, 0x00, 0x65, 0x6D, 0x69,
    0x74, 0x5F, 0x6A, 0x75, 0x6D, 0x70, 0x00, 0x02, 0x35, 0x33, 0x00, 0x0B,
    0x00, 0x00, 0x00, 0x6D, 0x61, 0x72, 0x6B, 0x5F, 0x6C, 0x61, 0x62, 0x65,
    0x6C, 0x00, 0x02, 0x35, 0x34, 0x00, 0x05, 0x00, 0x00, 0x00, 0x74, 0x79,
    0x70, 0x65, 0x00, 0x02, 0x35, 0x35, 0x00, 0x07, 0x00, 0x00, 0x00, 0x61,
    0x70, 0x70, 0x65, 0x6E, 0x64, 0x00, 0x02, 0x35, 0x36, 0x00, 0x06, 0x00,
    0x00, 0x00, 0x74, 0x75, 0x70, 0x6C, 0x65, 0x00, 0x02, 0x35, 0x37, 0x00,
    0x03, 0x00, 0x00, 0x00, 0x69, 0x73, 0x00, 0x02, 0x35, 0x38, 0x00, 0x06,
    0x00, 0x00, 0x00, 0x6B, 0x77, 0x61, 0x72, 0x67, 0x00, 0x02, 0x35, 0x39,
    0x00, 0x07, 0x00, 0x00, 0x00, 0x73, 0x70, 0x72, 0x65, 0x61, 0x64, 0x00,
    0x02, 0x36, 0x30, 0x00, 0x0A, 0x00, 0x00, 0x00, 0x73, 0x70, 0x72, 0x65,
    0x61, 0x64, 0x5F, 0x6B, 0x77, 0x00, 0x02, 0x36, 0x31, 0x00, 0x05, 0x00,
    0x00, 0x00, 0x63, 0x61, 0x6C, 0x6C, 0x00, 0x02, 0x36, 0x32, 0x00, 0x04,
    0x00, 0x00, 0x00, 0x69, 0x6E, 0x74, 0x00, 0x02, 0x36, 0x33, 0x00, 0x05,
    0x00, 0x00, 0x00, 0x74, 0x72, 0x61, 0x70, 0x00, 0x02, 0x36, 0x34, 0x00,
    0x08, 0x00, 0x00, 0x00, 0x63, 0x61, 0x6C, 0x6C, 0x5F, 0x76, 0x61, 0x00,
    0x02, 0x36, 0x35, 0x00, 0x05, 0x00, 0x00, 0x00, 0x6C, 0x69, 0x73, 0x74,
    0x00, 0x02, 0x36, 0x36, 0x00, 0x06, 0x00, 0x00, 0x00, 0x70, 0x6C, 0x69,
    0x73, 0x74, 0x00, 0x02, 0x36, 0x37, 0x00, 0x05, 0x00, 0x00, 0x00, 0x64,
    0x69, 0x63, 0x74, 0x00, 0x02, 0x36, 0x38, 0x00, 0x0B, 0x00, 0x00, 0x00,
    0x74, 0x68, 0x69, 0x73, 0x5F, 0x63, 0x6C, 0x61, 0x73, 0x73, 0x00, 0x02,
    0x36, 0x39, 0x00, 0x12, 0x00, 0x00, 0x00, 0x73, 0x6C, 0x6F, 0x74, 0x5F,
    0x6F, 0x70, 0x74, 0x69, 0x6D, 0x69, 0x7A, 0x61, 0x74, 0x69, 0x6F, 0x6E,
    0x00, 0x02, 0x37, 0x30, 0x00, 0x0B, 0x00, 0x00, 0x00, 0x73, 0x6C, 0x6F,
    0x74, 0x5F, 0x69, 0x6E, 0x64, 0x65, 0x78, 0x00, 0x02, 0x37, 0x31, 0x00,
    0x08, 0x00, 0x00, 0x00, 0x67, 0x65, 0x74, 0x73, 0x6C, 0x6F, 0x74, 0x00,
    0x02, 0x37, 0x32, 0x00, 0x06, 0x00, 0x00, 0x00, 0x6A, 0x6E, 0x65, 0x72,
    0x72, 0x00, 0x02, 0x37, 0x33, 0x00, 0x0C, 0x00, 0x00, 0x00, 0x65, 0x6D,
    0x69, 0x74, 0x5F, 0x72, 0x65, 0x74, 0x75, 0x72, 0x6E, 0x00, 0x02, 0x37,
    0x34, 0x00, 0x07, 0x00, 0x00, 0x00, 0x72, 0x65, 0x74, 0x75, 0x72, 0x6E,
    0x00, 0x02, 0x37, 0x35, 0x00, 0x0A, 0x00, 0x00, 0x00, 0x72, 0x65, 0x66,
    0x65, 0x72, 0x65, 0x6E, 0x63, 0x65, 0x00, 0x02, 0x37, 0x36, 0x00, 0x06,
    0x00, 0x00, 0x00, 0x61, 0x70, 0x70, 0x6C, 0x79, 0x00, 0x02, 0x37, 0x37,
    0x00, 0x07, 0x00, 0x00, 0x00, 0x6D, 0x73, 0x67, 0x5F, 0x76, 0x61, 0x00,
    0x02, 0x37, 0x38, 0x00, 0x04, 0x00, 0x00, 0x00, 0x6D, 0x73, 0x67, 0x00,
    0x02, 0x37, 0x39, 0x00, 0x09, 0x00, 0x00, 0x00, 0x62, 0x69, 0x6E, 0x64,
    0x5F, 0x6D, 0x73, 0x67, 0x00, 0x02, 0x38, 0x30, 0x00, 0x07, 0x00, 0x00,
    0x00, 0x67, 0x65, 0x74, 0x6D, 0x73, 0x67, 0x00, 0x02, 0x38, 0x31, 0x00,
    0x07, 0x00, 0x00, 0x00, 0x6C, 0x6F, 0x6F, 0x6B, 0x75, 0x70, 0x00, 0x02,
    0x38, 0x32, 0x00, 0x0D, 0x00, 0x00, 0x00, 0x63, 0x6C, 0x61, 0x73, 0x73,
    0x5F, 0x73, 0x74, 0x61, 0x74, 0x69, 0x63, 0x00, 0x02, 0x38, 0x33, 0x00,
    0x0F, 0x00, 0x00, 0x00, 0x69, 0x73, 0x5F, 0x6C, 0x6F, 0x63, 0x61, 0x6C,
    0x5F, 0x63, 0x6C, 0x61, 0x73, 0x73, 0x00, 0x02, 0x38, 0x34, 0x00, 0x0F,
    0x00, 0x00, 0x00, 0x63, 0x61, 0x6E, 0x6F, 0x6E, 0x69, 0x63, 0x61, 0x6C,
    0x5F, 0x70, 0x61, 0x74, 0x68, 0x00, 0x02, 0x38, 0x35, 0x00, 0x0D, 0x00,
    0x00, 0x00, 0x63, 0x68, 0x65, 0x63, 0x6B, 0x5F, 0x6D, 0x65, 0x6D, 0x62,
    0x65, 0x72, 0x00, 0x02, 0x38, 0x36, 0x00, 0x09, 0x00, 0x00, 0x00, 0x67,
    0x65, 0x74, 0x73, 0x63, 0x6F, 0x70, 0x65, 0x00, 0x02, 0x38, 0x37, 0x00,
    0x0C, 0x00, 0x00, 0x00, 0x64, 0x65, 0x66, 0x69, 0x6E, 0x69, 0x74, 0x69,
    0x6F, 0x6E, 0x73, 0x00, 0x02, 0x38, 0x38, 0x00, 0x0D, 0x00, 0x00, 0x00,
    0x69, 0x73, 0x5F, 0x63, 0x6F, 0x72, 0x6F, 0x75, 0x74, 0x69, 0x6E, 0x65,
    0x00, 0x02, 0x38, 0x39, 0x00, 0x06, 0x00, 0x00, 0x00, 0x79, 0x69, 0x65,
    0x6C, 0x64, 0x00, 0x02, 0x39, 0x30, 0x00, 0x0B, 0x00, 0x00, 0x00, 0x79,
    0x69, 0x65, 0x6C, 0x64, 0x5F, 0x66, 0x72, 0x6F, 0x6D, 0x00, 0x02, 0x39,
    0x31, 0x00, 0x04, 0x00, 0x00, 0x00, 0x73, 0x74, 0x72, 0x00, 0x02, 0x39,
    0x32, 0x00, 0x04, 0x00, 0x00, 0x00, 0x6E, 0x6F, 0x74, 0x00, 0x02, 0x39,
    0x33, 0x00, 0x04, 0x00, 0x00, 0x00, 0x6E, 0x65, 0x67, 0x00, 0x02, 0x39,
    0x34, 0x00, 0x04, 0x00, 0x00, 0x00, 0x69, 0x6E, 0x76, 0x00, 0x00,
};

static const uint8_t expressions_functions[] = {
    0x1E, 0x1E, 0x00, 0x00, 0x03, 0x30, 0x00, 0x58, 0x00, 0x00, 0x00, 0x02,
    0x6E, 0x00, 0x06, 0x00, 0x00, 0x00, 0x5F, 0x74, 0x61, 0x69, 0x6C, 0x00,
    0x04, 0x70, 0x00, 0x2E, 0x00, 0x00, 0x00, 0x03, 0x30, 0x00, 0x11, 0x00,
    0x00, 0x00, 0x02, 0x6E, 0x00, 0x05, 0x00, 0x00, 0x00, 0x6E, 0x6F, 0x64,
    0x65, 0x00, 0x00, 0x03, 0x31, 0x00, 0x12, 0x00, 0x00, 0x00, 0x02, 0x6E,
    0x00, 0x06, 0x00, 0x00, 0x00, 0x63, 0x6F, 0x75, 0x6E, 0x74, 0x00, 0x00,
    0x00, 0x10, 0x6C, 0x00, 0x05, 0x00, 0x00, 0x00, 0x10, 0x63, 0x00, 0x36,
    0x01, 0x00, 0x00, 0x10, 0x66, 0x00, 0x00, 0x00, 0x00, 0x00, 0x00, 0x03,
    0x31, 0x00, 0x59, 0x00, 0x00, 0x00, 0x02, 0x6E, 0x00, 0x07, 0x00, 0x00,
    0x00, 0x5F, 0x66, 0x69, 0x65, 0x6C, 0x64, 0x00, 0x04, 0x70, 0x00, 0x2E,
    0x00, 0x00, 0x00, 0x03, 0x30, 0x00, 0x11, 0x00, 0x00, 0x00, 0x02, 0x6E,
    0x00, 0x05, 0x00, 0x00, 0x00, 0x6E, 0x6F, 0x64, 0x65, 0x00, 0x00, 0x03,
    0x31, 0x00, 0x12, 0x00, 0x00, 0x00, 0x02, 0x6E, 0x00, 0x06, 0x00, 0x00,
    0x00, 0x69, 0x6E, 0x64, 0x65, 0x78, 0x00, 0x00, 0x00, 0x10, 0x6C, 0x00,
    0x04, 0x00, 0x00, 0x00, 0x10, 0x63, 0x00, 0x4F, 0x01, 0x00, 0x00, 0x10,
    0x66, 0x00, 0x00, 0x00, 0x00, 0x00, 0x00, 0x03, 0x32, 0x00, 0x51, 0x00,
    0x00, 0x00, 0x02, 0x6E, 0x00, 0x06, 0x00, 0x00, 0x00, 0x5F, 0x6D, 0x61,
    0x78, 0x32, 0x00, 0x04, 0x70, 0x00, 0x27, 0x00, 0x00, 0x00, 0x03, 0x30,
    0x00, 0x0E, 0x00, 0x00, 0x00, 0x02, 0x6E, 0x00, 0x02, 0x00, 0x00, 0x00,
    0x61, 0x00, 0x00, 0x03, 0x31, 0x00, 0x0E, 0x00, 0x00, 0x00, 0x02, 0x6E,
    0x00, 0x02, 0x00, 0x00, 0x00, 0x62, 0x00, 0x00, 0x00, 0x10, 0x6C, 0x00,
    0x01, 0x00, 0x00, 0x00, 0x10, 0x63, 0x00, 0x5F, 0x01, 0x00, 0x00, 0x10,
    0x66, 0x00, 0x00, 0x00, 0x00, 0x00, 0x00, 0x03, 0x33, 0x00, 0x4A, 0x00,
    0x00, 0x00, 0x02, 0x6E, 0x00, 0x0C, 0x00, 0x00, 0x00, 0x5F, 0x6A, 0x6F,
    0x69, 0x6E, 0x5F, 0x70, 0x61, 0x72, 0x74, 0x73, 0x00, 0x04, 0x70, 0x00,
    0x1A, 0x00, 0x00, 0x00, 0x03, 0x30, 0x00, 0x12, 0x00, 0x00, 0x00, 0x02,
    0x6E, 0x00, 0x06, 0x00, 0x00, 0x00, 0x70, 0x61, 0x72, 0x74, 0x73, 0x00,
    0x00, 0x00, 0x10, 0x6C, 0x00, 0x05, 0x00, 0x00, 0x00, 0x10, 0x63, 0x00,
    0x66, 0x01, 0x00, 0x00, 0x10, 0x66, 0x00, 0x00, 0x00, 0x00, 0x00, 0x00,
    0x03, 0x34, 0x00, 0x48, 0x00, 0x00, 0x00, 0x02, 0x6E, 0x00, 0x0A, 0x00,
    0x00, 0x00, 0x5F, 0x66, 0x33, 0x32, 0x5F, 0x62, 0x69, 0x74, 0x73, 0x00,
    0x04, 0x70, 0x00, 0x1A, 0x00, 0x00, 0x00, 0x03, 0x30, 0x00, 0x12, 0x00,
    0x00, 0x00, 0x02, 0x6E, 0x00, 0x06, 0x00, 0x00, 0x00, 0x76, 0x61, 0x6C,
    0x75, 0x65, 0x00, 0x00, 0x00, 0x10, 0x6C, 0x00, 0x04, 0x00, 0x00, 0x00,
    0x10, 0x63, 0x00, 0x76, 0x01, 0x00, 0x00, 0x10, 0x66, 0x00, 0x00, 0x00,
    0x00, 0x00, 0x00, 0x03, 0x35, 0x00, 0xD7, 0x00, 0x00, 0x00, 0x02, 0x6E,
    0x00, 0x0B, 0x00, 0x00, 0x00, 0x5F, 0x65, 0x6D, 0x69, 0x74, 0x5F, 0x70,
    0x61, 0x63, 0x6B, 0x00, 0x04, 0x70, 0x00, 0xA8, 0x00, 0x00, 0x00, 0x03,
    0x30, 0x00, 0x12, 0x00, 0x00, 0x00, 0x02, 0x6E, 0x00, 0x06, 0x00, 0x00,
    0x00, 0x66, 0x72, 0x61, 0x6D, 0x65, 0x00, 0x00, 0x03, 0x31, 0x00, 0x0F,
    0x00, 0x00, 0x00, 0x02, 0x6E, 0x00, 0x03, 0x00, 0x00, 0x00, 0x6F, 0x70,
    0x00, 0x00, 0x03, 0x32, 0x00, 0x15, 0x00, 0x00, 0x00, 0x02, 0x6E, 0x00,
    0x02, 0x00, 0x00, 0x00, 0x66, 0x00, 0x10, 0x64, 0x00, 0x2B, 0x00, 0x00,
    0x00, 0x00, 0x03, 0x33, 0x00, 0x16, 0x00, 0x00, 0x00, 0x02, 0x6E, 0x00,
    0x03, 0x00, 0x00, 0x00, 0x61, 0x30, 0x00, 0x10, 0x64, 0x00, 0x2B, 0x00,
    0x00, 0x00, 0x00, 0x03, 0x34, 0x00, 0x16, 0x00, 0x00, 0x00, 0x02, 0x6E,
    0x00, 0x03, 0x00, 0x00, 0x00, 0x61, 0x31, 0x00, 0x10, 0x64, 0x00, 0x2B,
    0x00, 0x00, 0x00, 0x00, 0x03, 0x35, 0x00, 0x16, 0x00, 0x00, 0x00, 0x02,
    0x6E, 0x00, 0x03, 0x00, 0x00, 0x00, 0x61, 0x32, 0x00, 0x10, 0x64, 0x00,
    0x2B, 0x00, 0x00, 0x00, 0x00, 0x03, 0x36, 0x00, 0x16, 0x00, 0x00, 0x00,
    0x02, 0x6E, 0x00, 0x03, 0x00, 0x00, 0x00, 0x77, 0x31, 0x00, 0x10, 0x64,
    0x00, 0x2C, 0x00, 0x00, 0x00, 0x00, 0x00, 0x10, 0x6C, 0x00, 0x0F, 0x00,
    0x00, 0x00, 0x10, 0x63, 0x00, 0x85, 0x01, 0x00, 0x00, 0x10, 0x66, 0x00,
    0x00, 0x00, 0x00, 0x00, 0x00, 0x03, 0x36, 0x00, 0x9D, 0x00, 0x00, 0x00,
    0x02, 0x6E, 0x00, 0x0F, 0x00, 0x00, 0x00, 0x5F, 0x65, 0x6D, 0x69, 0x74,
    0x5F, 0x70, 0x61, 0x69, 0x72, 0x61, 0x62, 0x6C, 0x65, 0x00, 0x04, 0x70,
    0x00, 0x6A, 0x00, 0x00, 0x00, 0x03, 0x30, 0x00, 0x12, 0x00, 0x00, 0x00,
    0x02, 0x6E, 0x00, 0x06, 0x00, 0x00, 0x00, 0x66, 0x72, 0x61, 0x6D, 0x65,
    0x00, 0x00, 0x03, 0x31, 0x00, 0x0F, 0x00, 0x00, 0x00, 0x02, 0x6E, 0x00,
    0x03, 0x00, 0x00, 0x00, 0x6F, 0x70, 0x00, 0x00, 0x03, 0x32, 0x00, 0x1B,
    0x00, 0x00, 0x00, 0x02, 0x6E, 0x00, 0x08, 0x00, 0x00, 0x00, 0x70, 0x72,
    0x69, 0x6D, 0x61, 0x72, 0x79, 0x00, 0x10, 0x64, 0x00, 0x2B, 0x00, 0x00,
    0x00, 0x00, 0x03, 0x33, 0x00, 0x1D, 0x00, 0x00, 0x00, 0x02, 0x6E, 0x00,
    0x0A, 0x00, 0x00, 0x00, 0x73, 0x65, 0x63, 0x6F, 0x6E, 0x64, 0x61, 0x72,
    0x79, 0x00, 0x10, 0x64, 0x00, 0x2B, 0x00, 0x00, 0x00, 0x00, 0x00, 0x10,
    0x6C, 0x00, 0x05, 0x00, 0x00, 0x00, 0x10, 0x63, 0x00, 0xA5, 0x01, 0x00,
    0x00, 0x10, 0x66, 0x00, 0x00, 0x00, 0x00, 0x00, 0x00, 0x03, 0x37, 0x00,
    0x6A, 0x00, 0x00, 0x00, 0x02, 0x6E, 0x00, 0x06, 0x00, 0x00, 0x00, 0x5F,
    0x6C, 0x61, 0x6E, 0x64, 0x00, 0x04, 0x70, 0x00, 0x40, 0x00, 0x00, 0x00,
    0x03, 0x30, 0x00, 0x12, 0x00, 0x00, 0x00, 0x02, 0x6E, 0x00, 0x06, 0x00,
    0x00, 0x00, 0x66, 0x72, 0x61, 0x6D, 0x65, 0x00, 0x00, 0x03, 0x31, 0x00,
    0x10, 0x00, 0x00, 0x00, 0x02, 0x6E, 0x00, 0x04, 0x00, 0x00, 0x00, 0x64,
    0x73, 0x74, 0x00, 0x00, 0x03, 0x32, 0x00, 0x10, 0x00, 0x00, 0x00, 0x02,
    0x6E, 0x00, 0x04, 0x00, 0x00, 0x00, 0x72, 0x65, 0x67, 0x00, 0x00, 0x00,
    0x10, 0x6C, 0x00, 0x06, 0x00, 0x00, 0x00, 0x10, 0x63, 0x00, 0xB7, 0x01,
    0x00, 0x00, 0x10, 0x66, 0x00, 0x00, 0x00, 0x00, 0x00, 0x00, 0x03, 0x38,
    0x00, 0x59, 0x00, 0x00, 0x00, 0x02, 0x6E, 0x00, 0x08, 0x00, 0x00, 0x00,
    0x5F, 0x74, 0x61, 0x72, 0x67, 0x65, 0x74, 0x00, 0x04, 0x70, 0x00, 0x2D,
    0x00, 0x00, 0x00, 0x03, 0x30, 0x00, 0x12, 0x00, 0x00, 0x00, 0x02, 0x6E,
    0x00, 0x06, 0x00, 0x00, 0x00, 0x66, 0x72, 0x61, 0x6D, 0x65, 0x00, 0x00,
    0x03, 0x31, 0x00, 0x10, 0x00, 0x00, 0x00, 0x02, 0x6E, 0x00, 0x04, 0x00,
    0x00, 0x00, 0x64, 0x73, 0x74, 0x00, 0x00, 0x00, 0x10, 0x6C, 0x00, 0x02,
    0x00, 0x00, 0x00, 0x10, 0x63, 0x00, 0xCF, 0x01, 0x00, 0x00, 0x10, 0x66,
    0x00, 0x00, 0x00, 0x00, 0x00, 0x00, 0x03, 0x39, 0x00, 0x6D, 0x00, 0x00,
    0x00, 0x02, 0x6E, 0x00, 0x08, 0x00, 0x00, 0x00, 0x5F, 0x73, 0x74, 0x72,
    0x69, 0x6E, 0x67, 0x00, 0x04, 0x70, 0x00, 0x41, 0x00, 0x00, 0x00, 0x03,
    0x30, 0x00, 0x11, 0x00, 0x00, 0x00, 0x02, 0x6E, 0x00, 0x05, 0x00, 0x00,
    0x00, 0x6E, 0x6F, 0x64, 0x65, 0x00, 0x00, 0x03, 0x31, 0x00, 0x12, 0x00,
    0x00, 0x00, 0x02, 0x6E, 0x00, 0x06, 0x00, 0x00, 0x00, 0x66, 0x72, 0x61,
    0x6D, 0x65, 0x00, 0x00, 0x03, 0x32, 0x00, 0x10, 0x00, 0x00, 0x00, 0x02,
    0x6E, 0x00, 0x04, 0x00, 0x00, 0x00, 0x64, 0x73, 0x74, 0x00, 0x00, 0x00,
    0x10, 0x6C, 0x00, 0x09, 0x00, 0x00, 0x00, 0x10, 0x63, 0x00, 0xD9, 0x01,
    0x00, 0x00, 0x10, 0x66, 0x00, 0x00, 0x00, 0x00, 0x00, 0x00, 0x03, 0x31,
    0x30, 0x00, 0x6D, 0x00, 0x00, 0x00, 0x02, 0x6E, 0x00, 0x08, 0x00, 0x00,
    0x00, 0x5F, 0x6E, 0x75, 0x6D, 0x62, 0x65, 0x72, 0x00, 0x04, 0x70, 0x00,
    0x41, 0x00, 0x00, 0x00, 0x03, 0x30, 0x00, 0x11, 0x00, 0x00, 0x00, 0x02,
    0x6E, 0x00, 0x05, 0x00, 0x00, 0x00, 0x6E, 0x6F, 0x64, 0x65, 0x00, 0x00,
    0x03, 0x31, 0x00, 0x12, 0x00, 0x00, 0x00, 0x02, 0x6E, 0x00, 0x06, 0x00,
    0x00, 0x00, 0x66, 0x72, 0x61, 0x6D, 0x65, 0x00, 0x00, 0x03, 0x32, 0x00,
    0x10, 0x00, 0x00, 0x00, 0x02, 0x6E, 0x00, 0x04, 0x00, 0x00, 0x00, 0x64,
    0x73, 0x74, 0x00, 0x00, 0x00, 0x10, 0x6C, 0x00, 0x0E, 0x00, 0x00, 0x00,
    0x10, 0x63, 0x00, 0x07, 0x02, 0x00, 0x00, 0x10, 0x66, 0x00, 0x00, 0x00,
    0x00, 0x00, 0x00, 0x03, 0x31, 0x31, 0x00, 0x6F, 0x00, 0x00, 0x00, 0x02,
    0x6E, 0x00, 0x0A, 0x00, 0x00, 0x00, 0x5F, 0x63, 0x68, 0x61, 0x72, 0x5F,
    0x6C, 0x69, 0x74, 0x00, 0x04, 0x70, 0x00, 0x41, 0x00, 0x00, 0x00, 0x03,
    0x30, 0x00, 0x11, 0x00, 0x00, 0x00, 0x02, 0x6E, 0x00, 0x05, 0x00, 0x00,
    0x00, 0x6E, 0x6F, 0x64, 0x65, 0x00, 0x00, 0x03, 0x31, 0x00, 0x12, 0x00,
    0x00, 0x00, 0x02, 0x6E, 0x00, 0x06, 0x00, 0x00, 0x00, 0x66, 0x72, 0x61,
    0x6D, 0x65, 0x00, 0x00, 0x03, 0x32, 0x00, 0x10, 0x00, 0x00, 0x00, 0x02,
    0x6E, 0x00, 0x04, 0x00, 0x00, 0x00, 0x64, 0x73, 0x74, 0x00, 0x00, 0x00,
    0x10, 0x6C, 0x00, 0x08, 0x00, 0x00, 0x00, 0x10, 0x63, 0x00, 0x69, 0x02,
    0x00, 0x00, 0x10, 0x66, 0x00, 0x00, 0x00, 0x00, 0x00, 0x00, 0x03, 0x31,
    0x32, 0x00, 0x71, 0x00, 0x00, 0x00, 0x02, 0x6E, 0x00, 0x0C, 0x00, 0x00,
    0x00, 0x5F, 0x73, 0x79, 0x6D, 0x62, 0x6F, 0x6C, 0x5F, 0x6C, 0x69, 0x74,
    0x00, 0x04, 0x70, 0x00, 0x41, 0x00, 0x00, 0x00, 0x03, 0x30, 0x00, 0x11,
    0x00, 0x00, 0x00, 0x02, 0x6E, 0x00, 0x05, 0x00, 0x00, 0x00, 0x6E, 0x6F,
    0x64, 0x65, 0x00, 0x00, 0x03, 0x31, 0x00, 0x12, 0x00, 0x00, 0x00, 0x02,
    0x6E, 0x00, 0x06, 0x00, 0x00, 0x00, 0x66, 0x72, 0x61, 0x6D, 0x65, 0x00,
    0x00, 0x03, 0x32, 0x00, 0x10, 0x00, 0x00, 0x00, 0x02, 0x6E, 0x00, 0x04,
    0x00, 0x00, 0x00, 0x64, 0x73, 0x74, 0x00, 0x00, 0x00, 0x10, 0x6C, 0x00,
    0x09, 0x00, 0x00, 0x00, 0x10, 0x63, 0x00, 0x8A, 0x02, 0x00, 0x00, 0x10,
    0x66, 0x00, 0x00, 0x00, 0x00, 0x00, 0x00, 0x03, 0x31, 0x33, 0x00, 0x6F,
    0x00, 0x00, 0x00, 0x02, 0x6E, 0x00, 0x0A, 0x00, 0x00, 0x00, 0x5F, 0x62,
    0x6F, 0x6F, 0x6C, 0x5F, 0x6C, 0x69, 0x74, 0x00, 0x04, 0x70, 0x00, 0x41,
    0x00, 0x00, 0x00, 0x03, 0x30, 0x00, 0x11, 0x00, 0x00, 0x00, 0x02, 0x6E,
    0x00, 0x05, 0x00, 0x00, 0x00, 0x66, 0x6C, 0x61, 0x67, 0x00, 0x00, 0x03,
    0x31, 0x00, 0x12, 0x00, 0x00, 0x00, 0x02, 0x6E, 0x00, 0x06, 0x00, 0x00,
    0x00, 0x66, 0x72, 0x61, 0x6D, 0x65, 0x00, 0x00, 0x03, 0x32, 0x00, 0x10,
    0x00, 0x00, 0x00, 0x02, 0x6E, 0x00, 0x04, 0x00, 0x00, 0x00, 0x64, 0x73,
    0x74, 0x00, 0x00, 0x00, 0x10, 0x6C, 0x00, 0x0B, 0x00, 0x00, 0x00, 0x10,
    0x63, 0x00, 0xBB, 0x02, 0x00, 0x00, 0x10, 0x66, 0x00, 0x00, 0x00, 0x00,
    0x00, 0x00, 0x03, 0x31, 0x34, 0x00, 0x45, 0x00, 0x00, 0x00, 0x02, 0x6E,
    0x00, 0x07, 0x00, 0x00, 0x00, 0x72, 0x65, 0x67, 0x5F, 0x6F, 0x66, 0x00,
    0x04, 0x70, 0x00, 0x1A, 0x00, 0x00, 0x00, 0x03, 0x30, 0x00, 0x12, 0x00,
    0x00, 0x00, 0x02, 0x6E, 0x00, 0x06, 0x00, 0x00, 0x00, 0x77, 0x68, 0x65,
    0x72, 0x65, 0x00, 0x00, 0x00, 0x10, 0x6C, 0x00, 0x02, 0x00, 0x00, 0x00,
    0x10, 0x63, 0x00, 0xDF, 0x02, 0x00, 0x00, 0x10, 0x66, 0x00, 0x00, 0x00,
    0x00, 0x00, 0x00, 0x03, 0x31, 0x35, 0x00, 0x73, 0x00, 0x00, 0x00, 0x02,
    0x6E, 0x00, 0x0B, 0x00, 0x00, 0x00, 0x5F, 0x6C, 0x61, 0x6E, 0x64, 0x5F,
    0x66, 0x72, 0x65, 0x65, 0x00, 0x04, 0x70, 0x00, 0x44, 0x00, 0x00, 0x00,
    0x03, 0x30, 0x00, 0x12, 0x00, 0x00, 0x00, 0x02, 0x6E, 0x00, 0x06, 0x00,
    0x00, 0x00, 0x66, 0x72, 0x61, 0x6D, 0x65, 0x00, 0x00, 0x03, 0x31, 0x00,
    0x10, 0x00, 0x00, 0x00, 0x02, 0x6E, 0x00, 0x04, 0x00, 0x00, 0x00, 0x64,
    0x73, 0x74, 0x00, 0x00, 0x03, 0x32, 0x00, 0x14, 0x00, 0x00, 0x00, 0x02,
    0x6E, 0x00, 0x08, 0x00, 0x00, 0x00, 0x73, 0x6C, 0x6F, 0x74, 0x72, 0x65,
    0x67, 0x00, 0x00, 0x00, 0x10, 0x6C, 0x00, 0x07, 0x00, 0x00, 0x00, 0x10,
    0x63, 0x00, 0xE3, 0x02, 0x00, 0x00, 0x10, 0x66, 0x00, 0x00, 0x00, 0x00,
    0x00, 0x00, 0x03, 0x31, 0x36, 0x00, 0x72, 0x00, 0x00, 0x00, 0x02, 0x6E,
    0x00, 0x0D, 0x00, 0x00, 0x00, 0x72, 0x65, 0x73, 0x6F, 0x6C, 0x76, 0x65,
    0x5F, 0x6E, 0x61, 0x6D, 0x65, 0x00, 0x04, 0x70, 0x00, 0x41, 0x00, 0x00,
    0x00, 0x03, 0x30, 0x00, 0x11, 0x00, 0x00, 0x00, 0x02, 0x6E, 0x00, 0x05,
    0x00, 0x00, 0x00, 0x6E, 0x61, 0x6D, 0x65, 0x00, 0x00, 0x03, 0x31, 0x00,
    0x12, 0x00, 0x00, 0x00, 0x02, 0x6E, 0x00, 0x06, 0x00, 0x00, 0x00, 0x66,
    0x72, 0x61, 0x6D, 0x65, 0x00, 0x00, 0x03, 0x32, 0x00, 0x10, 0x00, 0x00,
    0x00, 0x02, 0x6E, 0x00, 0x04, 0x00, 0x00, 0x00, 0x64, 0x73, 0x74, 0x00,
    0x00, 0x00, 0x10, 0x6C, 0x00, 0x16, 0x00, 0x00, 0x00, 0x10, 0x63, 0x00,
    0xFC, 0x02, 0x00, 0x00, 0x10, 0x66, 0x00, 0x00, 0x00, 0x00, 0x00, 0x00,
    0x03, 0x31, 0x37, 0x00, 0x5A, 0x00, 0x00, 0x00, 0x02, 0x6E, 0x00, 0x09,
    0x00, 0x00, 0x00, 0x5F, 0x6E, 0x69, 0x6C, 0x5F, 0x6C, 0x69, 0x74, 0x00,
    0x04, 0x70, 0x00, 0x2D, 0x00, 0x00, 0x00, 0x03, 0x30, 0x00, 0x12, 0x00,
    0x00, 0x00, 0x02, 0x6E, 0x00, 0x06, 0x00, 0x00, 0x00, 0x66, 0x72, 0x61,
    0x6D, 0x65, 0x00, 0x00, 0x03, 0x31, 0x00, 0x10, 0x00, 0x00, 0x00, 0x02,
    0x6E, 0x00, 0x04, 0x00, 0x00, 0x00, 0x64, 0x73, 0x74, 0x00, 0x00, 0x00,
    0x10, 0x6C, 0x00, 0x08, 0x00, 0x00, 0x00, 0x10, 0x63, 0x00, 0xD1, 0x03,
    0x00, 0x00, 0x10, 0x66, 0x00, 0x00, 0x00, 0x00, 0x00, 0x00, 0x03, 0x31,
    0x38, 0x00, 0x57, 0x00, 0x00, 0x00, 0x02, 0x6E, 0x00, 0x06, 0x00, 0x00,
    0x00, 0x5F, 0x74, 0x68, 0x69, 0x73, 0x00, 0x04, 0x70, 0x00, 0x2D, 0x00,
    0x00, 0x00, 0x03, 0x30, 0x00, 0x12, 0x00, 0x00, 0x00, 0x02, 0x6E, 0x00,
    0x06, 0x00, 0x00, 0x00, 0x66, 0x72, 0x61, 0x6D, 0x65, 0x00, 0x00, 0x03,
    0x31, 0x00, 0x10, 0x00, 0x00, 0x00, 0x02, 0x6E, 0x00, 0x04, 0x00, 0x00,
    0x00, 0x64, 0x73, 0x74, 0x00, 0x00, 0x00, 0x10, 0x6C, 0x00, 0x04, 0x00,
    0x00, 0x00, 0x10, 0x63, 0x00, 0xF0, 0x03, 0x00, 0x00, 0x10, 0x66, 0x00,
    0x00, 0x00, 0x00, 0x00, 0x00, 0x03, 0x31, 0x39, 0x00, 0x72, 0x00, 0x00,
    0x00, 0x02, 0x6E, 0x00, 0x0D, 0x00, 0x00, 0x00, 0x5F, 0x62, 0x61, 0x72,
    0x65, 0x5F, 0x73, 0x79, 0x6D, 0x62, 0x6F, 0x6C, 0x00, 0x04, 0x70, 0x00,
    0x41, 0x00, 0x00, 0x00, 0x03, 0x30, 0x00, 0x11, 0x00, 0x00, 0x00, 0x02,
    0x6E, 0x00, 0x05, 0x00, 0x00, 0x00, 0x6E, 0x6F, 0x64, 0x65, 0x00, 0x00,
    0x03, 0x31, 0x00, 0x12, 0x00, 0x00, 0x00, 0x02, 0x6E, 0x00, 0x06, 0x00,
    0x00, 0x00, 0x66, 0x72, 0x61, 0x6D, 0x65, 0x00, 0x00, 0x03, 0x32, 0x00,
    0x10, 0x00, 0x00, 0x00, 0x02, 0x6E, 0x00, 0x04, 0x00, 0x00, 0x00, 0x64,
    0x73, 0x74, 0x00, 0x00, 0x00, 0x10, 0x6C, 0x00, 0x04, 0x00, 0x00, 0x00,
    0x10, 0x63, 0x00, 0x03, 0x04, 0x00, 0x00, 0x10, 0x66, 0x00, 0x00, 0x00,
    0x00, 0x00, 0x00, 0x03, 0x32, 0x30, 0x00, 0x7E, 0x00, 0x00, 0x00, 0x02,
    0x6E, 0x00, 0x07, 0x00, 0x00, 0x00, 0x5F, 0x75, 0x6E, 0x61, 0x72, 0x79,
    0x00, 0x04, 0x70, 0x00, 0x53, 0x00, 0x00, 0x00, 0x03, 0x30, 0x00, 0x11,
    0x00, 0x00, 0x00, 0x02, 0x6E, 0x00, 0x05, 0x00, 0x00, 0x00, 0x6E, 0x6F,
    0x64, 0x65, 0x00, 0x00, 0x03, 0x31, 0x00, 0x12, 0x00, 0x00, 0x00, 0x02,
    0x6E, 0x00, 0x06, 0x00, 0x00, 0x00, 0x66, 0x72, 0x61, 0x6D, 0x65, 0x00,
    0x00, 0x03, 0x32, 0x00, 0x10, 0x00, 0x00, 0x00, 0x02, 0x6E, 0x00, 0x04,
    0x00, 0x00, 0x00, 0x64, 0x73, 0x74, 0x00, 0x00, 0x03, 0x33, 0x00, 0x0F,
    0x00, 0x00, 0x00, 0x02, 0x6E, 0x00, 0x03, 0x00, 0x00, 0x00, 0x6F, 0x70,
    0x00, 0x00, 0x00, 0x10, 0x6C, 0x00, 0x09, 0x00, 0x00, 0x00, 0x10, 0x63,
    0x00, 0x14, 0x04, 0x00, 0x00, 0x10, 0x66, 0x00, 0x00, 0x00, 0x00, 0x00,
    0x00, 0x03, 0x32, 0x31, 0x00, 0x6A, 0x00, 0x00, 0x00, 0x02, 0x6E, 0x00,
    0x05, 0x00, 0x00, 0x00, 0x5F, 0x70, 0x6F, 0x73, 0x00, 0x04, 0x70, 0x00,
    0x41, 0x00, 0x00, 0x00, 0x03, 0x30, 0x00, 0x11, 0x00, 0x00, 0x00, 0x02,
    0x6E, 0x00, 0x05, 0x00, 0x00, 0x00, 0x6E, 0x6F, 0x64, 0x65, 0x00, 0x00,
    0x03, 0x31, 0x00, 0x12, 0x00, 0x00, 0x00, 0x02, 0x6E, 0x00, 0x06, 0x00,
    0x00, 0x00, 0x66, 0x72, 0x61, 0x6D, 0x65, 0x00, 0x00, 0x03, 0x32, 0x00,
    0x10, 0x00, 0x00, 0x00, 0x02, 0x6E, 0x00, 0x04, 0x00, 0x00, 0x00, 0x64,
    0x73, 0x74, 0x00, 0x00, 0x00, 0x10, 0x6C, 0x00, 0x06, 0x00, 0x00, 0x00,
    0x10, 0x63, 0x00, 0x41, 0x04, 0x00, 0x00, 0x10, 0x66, 0x00, 0x00, 0x00,
    0x00, 0x00, 0x00, 0x03, 0x32, 0x32, 0x00, 0x6C, 0x00, 0x00, 0x00, 0x02,
    0x6E, 0x00, 0x07, 0x00, 0x00, 0x00, 0x5F, 0x62, 0x69, 0x6E, 0x6F, 0x70,
    0x00, 0x04, 0x70, 0x00, 0x41, 0x00, 0x00, 0x00, 0x03, 0x30, 0x00, 0x11,
    0x00, 0x00, 0x00, 0x02, 0x6E, 0x00, 0x05, 0x00, 0x00, 0x00, 0x6E, 0x6F,
    0x64, 0x65, 0x00, 0x00, 0x03, 0x31, 0x00, 0x12, 0x00, 0x00, 0x00, 0x02,
    0x6E, 0x00, 0x06, 0x00, 0x00, 0x00, 0x66, 0x72, 0x61, 0x6D, 0x65, 0x00,
    0x00, 0x03, 0x32, 0x00, 0x10, 0x00, 0x00, 0x00, 0x02, 0x6E, 0x00, 0x04,
    0x00, 0x00, 0x00, 0x64, 0x73, 0x74, 0x00, 0x00, 0x00, 0x10, 0x6C, 0x00,
    0x12, 0x00, 0x00, 0x00, 0x10, 0x63, 0x00, 0x5C, 0x04, 0x00, 0x00, 0x10,
    0x66, 0x00, 0x00, 0x00, 0x00, 0x00, 0x00, 0x03, 0x32, 0x33, 0x00, 0x6A,
    0x00, 0x00, 0x00, 0x02, 0x6E, 0x00, 0x05, 0x00, 0x00, 0x00, 0x5F, 0x65,
    0x78, 0x70, 0x00, 0x04, 0x70, 0x00, 0x41, 0x00, 0x00, 0x00, 0x03, 0x30,
    0x00, 0x11, 0x00, 0x00, 0x00, 0x02, 0x6E, 0x00, 0x05, 0x00, 0x00, 0x00,
    0x6E, 0x6F, 0x64, 0x65, 0x00, 0x00, 0x03, 0x31, 0x00, 0x12, 0x00, 0x00,
    0x00, 0x02, 0x6E, 0x00, 0x06, 0x00, 0x00, 0x00, 0x66, 0x72, 0x61, 0x6D,
    0x65, 0x00, 0x00, 0x03, 0x32, 0x00, 0x10, 0x00, 0x00, 0x00, 0x02, 0x6E,
    0x00, 0x04, 0x00, 0x00, 0x00, 0x64, 0x73, 0x74, 0x00, 0x00, 0x00, 0x10,
    0x6C, 0x00, 0x10, 0x00, 0x00, 0x00, 0x10, 0x63, 0x00, 0xC8, 0x04, 0x00,
    0x00, 0x10, 0x66, 0x00, 0x00, 0x00, 0x00, 0x00, 0x00, 0x03, 0x32, 0x34,
    0x00, 0x6C, 0x00, 0x00, 0x00, 0x02, 0x6E, 0x00, 0x07, 0x00, 0x00, 0x00,
    0x5F, 0x69, 0x6E, 0x5F, 0x6F, 0x70, 0x00, 0x04, 0x70, 0x00, 0x41, 0x00,
    0x00, 0x00, 0x03, 0x30, 0x00, 0x11, 0x00, 0x00, 0x00, 0x02, 0x6E, 0x00,
    0x05, 0x00, 0x00, 0x00, 0x6E, 0x6F, 0x64, 0x65, 0x00, 0x00, 0x03, 0x31,
    0x00, 0x12, 0x00, 0x00, 0x00, 0x02, 0x6E, 0x00, 0x06, 0x00, 0x00, 0x00,
    0x66, 0x72, 0x61, 0x6D, 0x65, 0x00, 0x00, 0x03, 0x32, 0x00, 0x10, 0x00,
    0x00, 0x00, 0x02, 0x6E, 0x00, 0x04, 0x00, 0x00, 0x00, 0x64, 0x73, 0x74,
    0x00, 0x00, 0x00, 0x10, 0x6C, 0x00, 0x10, 0x00, 0x00, 0x00, 0x10, 0x63,
    0x00, 0x13, 0x05, 0x00, 0x00, 0x10, 0x66, 0x00, 0x00, 0x00, 0x00, 0x00,
    0x00, 0x03, 0x32, 0x35, 0x00, 0x8A, 0x00, 0x00, 0x00, 0x02, 0x6E, 0x00,
    0x0F, 0x00, 0x00, 0x00, 0x5F, 0x73, 0x68, 0x6F, 0x72, 0x74, 0x5F, 0x63,
    0x69, 0x72, 0x63, 0x75, 0x69, 0x74, 0x00, 0x04, 0x70, 0x00, 0x57, 0x00,
    0x00, 0x00, 0x03, 0x30, 0x00, 0x11, 0x00, 0x00, 0x00, 0x02, 0x6E, 0x00,
    0x05, 0x00, 0x00, 0x00, 0x6E, 0x6F, 0x64, 0x65, 0x00, 0x00, 0x03, 0x31,
    0x00, 0x12, 0x00, 0x00, 0x00, 0x02, 0x6E, 0x00, 0x06, 0x00, 0x00, 0x00,
    0x66, 0x72, 0x61, 0x6D, 0x65, 0x00, 0x00, 0x03, 0x32, 0x00, 0x10, 0x00,
    0x00, 0x00, 0x02, 0x6E, 0x00, 0x04, 0x00, 0x00, 0x00, 0x64, 0x73, 0x74,
    0x00, 0x00, 0x03, 0x33, 0x00, 0x13, 0x00, 0x00, 0x00, 0x02, 0x6E, 0x00,
    0x07, 0x00, 0x00, 0x00, 0x69, 0x73, 0x5F, 0x61, 0x6E, 0x64, 0x00, 0x00,
    0x00, 0x10, 0x6C, 0x00, 0x10, 0x00, 0x00, 0x00, 0x10, 0x63, 0x00, 0x5E,
    0x05, 0x00, 0x00, 0x10, 0x66, 0x00, 0x00, 0x00, 0x00, 0x00, 0x00, 0x03,
    0x32, 0x36, 0x00, 0x4E, 0x00, 0x00, 0x00, 0x02, 0x6E, 0x00, 0x0C, 0x00,
    0x00, 0x00, 0x5F, 0x74, 0x79, 0x70, 0x65, 0x5F, 0x61, 0x74, 0x6F, 0x6D,
    0x73, 0x00, 0x04, 0x70, 0x00, 0x1E, 0x00, 0x00, 0x00, 0x03, 0x30, 0x00,
    0x16, 0x00, 0x00, 0x00, 0x02, 0x6E, 0x00, 0x0A, 0x00, 0x00, 0x00, 0x74,
    0x79, 0x70, 0x65, 0x5F, 0x6E, 0x6F, 0x64, 0x65, 0x00, 0x00, 0x00, 0x10,
    0x6C, 0x00, 0x06, 0x00, 0x00, 0x00, 0x10, 0x63, 0x00, 0xDF, 0x05, 0x00,
    0x00, 0x10, 0x66, 0x00, 0x00, 0x00, 0x00, 0x00, 0x00, 0x03, 0x32, 0x37,
    0x00, 0x4E, 0x00, 0x00, 0x00, 0x02, 0x6E, 0x00, 0x0C, 0x00, 0x00, 0x00,
    0x5F, 0x74, 0x79, 0x70, 0x65, 0x5F, 0x70, 0x61, 0x72, 0x74, 0x73, 0x00,
    0x04, 0x70, 0x00, 0x1E, 0x00, 0x00, 0x00, 0x03, 0x30, 0x00, 0x16, 0x00,
    0x00, 0x00, 0x02, 0x6E, 0x00, 0x0A, 0x00, 0x00, 0x00, 0x61, 0x74, 0x6F,
    0x6D, 0x5F, 0x6E, 0x6F, 0x64, 0x65, 0x00, 0x00, 0x00, 0x10, 0x6C, 0x00,
    0x07, 0x00, 0x00, 0x00, 0x10, 0x63, 0x00, 0x21, 0x06, 0x00, 0x00, 0x10,
    0x66, 0x00, 0x00, 0x00, 0x00, 0x00, 0x00, 0x03, 0x32, 0x38, 0x00, 0x76,
    0x00, 0x00, 0x00, 0x02, 0x6E, 0x00, 0x0C, 0x00, 0x00, 0x00, 0x5F, 0x74,
    0x79, 0x70, 0x65, 0x5F, 0x76, 0x61, 0x6C, 0x75, 0x65, 0x00, 0x04, 0x70,
    0x00, 0x46, 0x00, 0x00, 0x00, 0x03, 0x30, 0x00, 0x16, 0x00, 0x00, 0x00,
    0x02, 0x6E, 0x00, 0x0A, 0x00, 0x00, 0x00, 0x61, 0x74, 0x6F, 0x6D, 0x5F,
    0x6E, 0x6F, 0x64, 0x65, 0x00, 0x00, 0x03, 0x31, 0x00, 0x12, 0x00, 0x00,
    0x00, 0x02, 0x6E, 0x00, 0x06, 0x00, 0x00, 0x00, 0x66, 0x72, 0x61, 0x6D,
    0x65, 0x00, 0x00, 0x03, 0x32, 0x00, 0x10, 0x00, 0x00, 0x00, 0x02, 0x6E,
    0x00, 0x04, 0x00, 0x00, 0x00, 0x64, 0x73, 0x74, 0x00, 0x00, 0x00, 0x10,
    0x6C, 0x00, 0x0B, 0x00, 0x00, 0x00, 0x10, 0x63, 0x00, 0x6F, 0x06, 0x00,
    0x00, 0x10, 0x66, 0x00, 0x00, 0x00, 0x00, 0x00, 0x00, 0x03, 0x32, 0x39,
    0x00, 0x71, 0x00, 0x00, 0x00, 0x02, 0x6E, 0x00, 0x0C, 0x00, 0x00, 0x00,
    0x5F, 0x74, 0x79, 0x70, 0x65, 0x5F, 0x63, 0x68, 0x65, 0x63, 0x6B, 0x00,
    0x04, 0x70, 0x00, 0x41, 0x00, 0x00, 0x00, 0x03, 0x30, 0x00, 0x11, 0x00,
    0x00, 0x00, 0x02, 0x6E, 0x00, 0x05, 0x00, 0x00, 0x00, 0x6E, 0x6F, 0x64,
    0x65, 0x00, 0x00, 0x03, 0x31, 0x00, 0x12, 0x00, 0x00, 0x00, 0x02, 0x6E,
    0x00, 0x06, 0x00, 0x00, 0x00, 0x66, 0x72, 0x61, 0x6D, 0x65, 0x00, 0x00,
    0x03, 0x32, 0x00, 0x10, 0x00, 0x00, 0x00, 0x02, 0x6E, 0x00, 0x04, 0x00,
    0x00, 0x00, 0x64, 0x73, 0x74, 0x00, 0x00, 0x00, 0x10, 0x6C, 0x00, 0x18,
    0x00, 0x00, 0x00, 0x10, 0x63, 0x00, 0xE3, 0x06, 0x00, 0x00, 0x10, 0x66,
    0x00, 0x00, 0x00, 0x00, 0x00, 0x00, 0x03, 0x33, 0x30, 0x00, 0x66, 0x00,
    0x00, 0x00, 0x02, 0x6E, 0x00, 0x14, 0x00, 0x00, 0x00, 0x63, 0x6F, 0x6D,
    0x70, 0x69, 0x6C, 0x65, 0x5F, 0x69, 0x6E, 0x74, 0x6F, 0x5F, 0x77, 0x69,
    0x6E, 0x64, 0x6F, 0x77, 0x00, 0x04, 0x70, 0x00, 0x2E, 0x00, 0x00, 0x00,
    0x03, 0x30, 0x00, 0x11, 0x00, 0x00, 0x00, 0x02, 0x6E, 0x00, 0x05, 0x00,
    0x00, 0x00, 0x6E, 0x6F, 0x64, 0x65, 0x00, 0x00, 0x03, 0x31, 0x00, 0x12,
    0x00, 0x00, 0x00, 0x02, 0x6E, 0x00, 0x06, 0x00, 0x00, 0x00, 0x66, 0x72,
    0x61, 0x6D, 0x65, 0x00, 0x00, 0x00, 0x10, 0x6C, 0x00, 0x0A, 0x00, 0x00,
    0x00, 0x10, 0x63, 0x00, 0x8B, 0x07, 0x00, 0x00, 0x10, 0x66, 0x00, 0x00,
    0x00, 0x00, 0x00, 0x00, 0x03, 0x33, 0x31, 0x00, 0x53, 0x00, 0x00, 0x00,
    0x02, 0x6E, 0x00, 0x16, 0x00, 0x00, 0x00, 0x68, 0x61, 0x73, 0x5F, 0x73,
    0x70, 0x72, 0x65, 0x61, 0x64, 0x5F, 0x6F, 0x72, 0x5F, 0x6B, 0x65, 0x79,
    0x77, 0x6F, 0x72, 0x64, 0x00, 0x04, 0x70, 0x00, 0x19, 0x00, 0x00, 0x00,
    0x03, 0x30, 0x00, 0x11, 0x00, 0x00, 0x00, 0x02, 0x6E, 0x00, 0x05, 0x00,
    0x00, 0x00, 0x61, 0x72, 0x67, 0x73, 0x00, 0x00, 0x00, 0x10, 0x6C, 0x00,
    0x05, 0x00, 0x00, 0x00, 0x10, 0x63, 0x00, 0xC6, 0x07, 0x00, 0x00, 0x10,
    0x66, 0x00, 0x00, 0x00, 0x00, 0x00, 0x00, 0x03, 0x33, 0x32, 0x00, 0x74,
    0x00, 0x00, 0x00, 0x02, 0x6E, 0x00, 0x0E, 0x00, 0x00, 0x00, 0x5F, 0x63,
    0x6F, 0x6D, 0x70, 0x69, 0x6C, 0x65, 0x5F, 0x63, 0x61, 0x6C, 0x6C, 0x00,
    0x04, 0x70, 0x00, 0x42, 0x00, 0x00, 0x00, 0x03, 0x30, 0x00, 0x11, 0x00,
    0x00, 0x00, 0x02, 0x6E, 0x00, 0x05, 0x00, 0x00, 0x00, 0x6E, 0x6F, 0x64,
    0x65, 0x00, 0x00, 0x03, 0x31, 0x00, 0x12, 0x00, 0x00, 0x00, 0x02, 0x6E,
    0x00, 0x06, 0x00, 0x00, 0x00, 0x66, 0x72, 0x61, 0x6D, 0x65, 0x00, 0x00,
    0x03, 0x32, 0x00, 0x11, 0x00, 0x00, 0x00, 0x02, 0x6E, 0x00, 0x05, 0x00,
    0x00, 0x00, 0x6E, 0x72, 0x65, 0x73, 0x00, 0x00, 0x00, 0x10, 0x6C, 0x00,
    0x17, 0x00, 0x00, 0x00, 0x10, 0x63, 0x00, 0xE0, 0x07, 0x00, 0x00, 0x10,
    0x66, 0x00, 0x00, 0x00, 0x00, 0x00, 0x00, 0x03, 0x33, 0x33, 0x00, 0x74,
    0x00, 0x00, 0x00, 0x02, 0x6E, 0x00, 0x0E, 0x00, 0x00, 0x00, 0x5F, 0x63,
    0x6F, 0x6D, 0x70, 0x69, 0x6C, 0x65, 0x5F, 0x74, 0x72, 0x61, 0x70, 0x00,
    0x04, 0x70, 0x00, 0x42, 0x00, 0x00, 0x00, 0x03, 0x30, 0x00, 0x11, 0x00,
    0x00, 0x00, 0x02, 0x6E, 0x00, 0x05, 0x00, 0x00, 0x00, 0x6E, 0x6F, 0x64,
    0x65, 0x00, 0x00, 0x03, 0x31, 0x00, 0x12, 0x00, 0x00, 0x00, 0x02, 0x6E,
    0x00, 0x06, 0x00, 0x00, 0x00, 0x66, 0x72, 0x61, 0x6D, 0x65, 0x00, 0x00,
    0x03, 0x32, 0x00, 0x11, 0x00, 0x00, 0x00, 0x02, 0x6E, 0x00, 0x05, 0x00,
    0x00, 0x00, 0x6E, 0x72, 0x65, 0x73, 0x00, 0x00, 0x00, 0x10, 0x6C, 0x00,
    0x10, 0x00, 0x00, 0x00, 0x10, 0x63, 0x00, 0x8A, 0x08, 0x00, 0x00, 0x10,
    0x66, 0x00, 0x00, 0x00, 0x00, 0x00, 0x00, 0x03, 0x33, 0x34, 0x00, 0x73,
    0x00, 0x00, 0x00, 0x02, 0x6E, 0x00, 0x0D, 0x00, 0x00, 0x00, 0x63, 0x6F,
    0x6D, 0x70, 0x69, 0x6C, 0x65, 0x5F, 0x63, 0x61, 0x6C, 0x6C, 0x00, 0x04,
    0x70, 0x00, 0x42, 0x00, 0x00, 0x00, 0x03, 0x30, 0x00, 0x11, 0x00, 0x00,
    0x00, 0x02, 0x6E, 0x00, 0x05, 0x00, 0x00, 0x00, 0x6E, 0x6F, 0x64, 0x65,
    0x00, 0x00, 0x03, 0x31, 0x00, 0x12, 0x00, 0x00, 0x00, 0x02, 0x6E, 0x00,
    0x06, 0x00, 0x00, 0x00, 0x66, 0x72, 0x61, 0x6D, 0x65, 0x00, 0x00, 0x03,
    0x32, 0x00, 0x11, 0x00, 0x00, 0x00, 0x02, 0x6E, 0x00, 0x05, 0x00, 0x00,
    0x00, 0x6E, 0x72, 0x65, 0x73, 0x00, 0x00, 0x00, 0x10, 0x6C, 0x00, 0x0B,
    0x00, 0x00, 0x00, 0x10, 0x63, 0x00, 0x28, 0x09, 0x00, 0x00, 0x10, 0x66,
    0x00, 0x00, 0x00, 0x00, 0x00, 0x00, 0x03, 0x33, 0x35, 0x00, 0x6B, 0x00,
    0x00, 0x00, 0x02, 0x6E, 0x00, 0x06, 0x00, 0x00, 0x00, 0x5F, 0x63, 0x61,
    0x6C, 0x6C, 0x00, 0x04, 0x70, 0x00, 0x41, 0x00, 0x00, 0x00, 0x03, 0x30,
    0x00, 0x11, 0x00, 0x00, 0x00, 0x02, 0x6E, 0x00, 0x05, 0x00, 0x00, 0x00,
    0x6E, 0x6F, 0x64, 0x65, 0x00, 0x00, 0x03, 0x31, 0x00, 0x12, 0x00, 0x00,
    0x00, 0x02, 0x6E, 0x00, 0x06, 0x00, 0x00, 0x00, 0x66, 0x72, 0x61, 0x6D,
    0x65, 0x00, 0x00, 0x03, 0x32, 0x00, 0x10, 0x00, 0x00, 0x00, 0x02, 0x6E,
    0x00, 0x04, 0x00, 0x00, 0x00, 0x64, 0x73, 0x74, 0x00, 0x00, 0x00, 0x10,
    0x6C, 0x00, 0x05, 0x00, 0x00, 0x00, 0x10, 0x63, 0x00, 0x6E, 0x09, 0x00,
    0x00, 0x10, 0x66, 0x00, 0x00, 0x00, 0x00, 0x00, 0x00, 0x03, 0x33, 0x36,
    0x00, 0x5E, 0x00, 0x00, 0x00, 0x02, 0x6E, 0x00, 0x0B, 0x00, 0x00, 0x00,
    0x5F, 0x77, 0x69, 0x6E, 0x64, 0x6F, 0x77, 0x5F, 0x6F, 0x66, 0x00, 0x04,
    0x70, 0x00, 0x2F, 0x00, 0x00, 0x00, 0x03, 0x30, 0x00, 0x12, 0x00, 0x00,
    0x00, 0x02, 0x6E, 0x00, 0x06, 0x00, 0x00, 0x00, 0x69, 0x74, 0x65, 0x6D,
    0x73, 0x00, 0x00, 0x03, 0x31, 0x00, 0x12, 0x00, 0x00, 0x00, 0x02, 0x6E,
    0x00, 0x06, 0x00, 0x00, 0x00, 0x66, 0x72, 0x61, 0x6D, 0x65, 0x00, 0x00,
    0x00, 0x10, 0x6C, 0x00, 0x07, 0x00, 0x00, 0x00, 0x10, 0x63, 0x00, 0x81,
    0x09, 0x00, 0x00, 0x10, 0x66, 0x00, 0x00, 0x00, 0x00, 0x00, 0x00, 0x03,
    0x33, 0x37, 0x00, 0x97, 0x00, 0x00, 0x00, 0x02, 0x6E, 0x00, 0x0A, 0x00,
    0x00, 0x00, 0x5F, 0x73, 0x65, 0x71, 0x75, 0x65, 0x6E, 0x63, 0x65, 0x00,
    0x04, 0x70, 0x00, 0x69, 0x00, 0x00, 0x00, 0x03, 0x30, 0x00, 0x12, 0x00,
    0x00, 0x00, 0x02, 0x6E, 0x00, 0x06, 0x00, 0x00, 0x00, 0x66, 0x72, 0x61,
    0x6D, 0x65, 0x00, 0x00, 0x03, 0x31, 0x00, 0x10, 0x00, 0x00, 0x00, 0x02,
    0x6E, 0x00, 0x04, 0x00, 0x00, 0x00, 0x64, 0x73, 0x74, 0x00, 0x00, 0x03,
    0x32, 0x00, 0x0F, 0x00, 0x00, 0x00, 0x02, 0x6E, 0x00, 0x03, 0x00, 0x00,
    0x00, 0x6F, 0x70, 0x00, 0x00, 0x03, 0x33, 0x00, 0x12, 0x00, 0x00, 0x00,
    0x02, 0x6E, 0x00, 0x06, 0x00, 0x00, 0x00, 0x69, 0x74, 0x65, 0x6D, 0x73,
    0x00, 0x00, 0x03, 0x34, 0x00, 0x12, 0x00, 0x00, 0x00, 0x02, 0x6E, 0x00,
    0x06, 0x00, 0x00, 0x00, 0x6C, 0x69, 0x6D, 0x69, 0x74, 0x00, 0x00, 0x00,
    0x10, 0x6C, 0x00, 0x10, 0x00, 0x00, 0x00, 0x10, 0x63, 0x00, 0xA0, 0x09,
    0x00, 0x00, 0x10, 0x66, 0x00, 0x00, 0x00, 0x00, 0x00, 0x00, 0x03, 0x33,
    0x38, 0x00, 0x6C, 0x00, 0x00, 0x00, 0x02, 0x6E, 0x00, 0x07, 0x00, 0x00,
    0x00, 0x5F, 0x61, 0x72, 0x72, 0x61, 0x79, 0x00, 0x04, 0x70, 0x00, 0x41,
    0x00, 0x00, 0x00, 0x03, 0x30, 0x00, 0x11, 0x00, 0x00, 0x00, 0x02, 0x6E,
    0x00, 0x05, 0x00, 0x00, 0x00, 0x6E, 0x6F, 0x64, 0x65, 0x00, 0x00, 0x03,
    0x31, 0x00, 0x12, 0x00, 0x00, 0x00, 0x02, 0x6E, 0x00, 0x06, 0x00, 0x00,
    0x00, 0x66, 0x72, 0x61, 0x6D, 0x65, 0x00, 0x00, 0x03, 0x32, 0x00, 0x10,
    0x00, 0x00, 0x00, 0x02, 0x6E, 0x00, 0x04, 0x00, 0x00, 0x00, 0x64, 0x73,
    0x74, 0x00, 0x00, 0x00, 0x10, 0x6C, 0x00, 0x07, 0x00, 0x00, 0x00, 0x10,
    0x63, 0x00, 0xFF, 0x09, 0x00, 0x00, 0x10, 0x66, 0x00, 0x00, 0x00, 0x00,
    0x00, 0x00, 0x03, 0x33, 0x39, 0x00, 0x6C, 0x00, 0x00, 0x00, 0x02, 0x6E,
    0x00, 0x07, 0x00, 0x00, 0x00, 0x5F, 0x74, 0x75, 0x70, 0x6C, 0x65, 0x00,
    0x04, 0x70, 0x00, 0x41, 0x00, 0x00, 0x00, 0x03, 0x30, 0x00, 0x11, 0x00,
    0x00, 0x00, 0x02, 0x6E, 0x00, 0x05, 0x00, 0x00, 0x00, 0x6E, 0x6F, 0x64,
    0x65, 0x00, 0x00, 0x03, 0x31, 0x00, 0x12, 0x00, 0x00, 0x00, 0x02, 0x6E,
    0x00, 0x06, 0x00, 0x00, 0x00, 0x66, 0x72, 0x61, 0x6D, 0x65, 0x00, 0x00,
    0x03, 0x32, 0x00, 0x10, 0x00, 0x00, 0x00, 0x02, 0x6E, 0x00, 0x04, 0x00,
    0x00, 0x00, 0x64, 0x73, 0x74, 0x00, 0x00, 0x00, 0x10, 0x6C, 0x00, 0x07,
    0x00, 0x00, 0x00, 0x10, 0x63, 0x00, 0x10, 0x0A, 0x00, 0x00, 0x10, 0x66,
    0x00, 0x00, 0x00, 0x00, 0x00, 0x00, 0x03, 0x34, 0x30, 0x00, 0x6C, 0x00,
    0x00, 0x00, 0x02, 0x6E, 0x00, 0x07, 0x00, 0x00, 0x00, 0x5F, 0x70, 0x6C,
    0x69, 0x73, 0x74, 0x00, 0x04, 0x70, 0x00, 0x41, 0x00, 0x00, 0x00, 0x03,
    0x30, 0x00, 0x11, 0x00, 0x00, 0x00, 0x02, 0x6E, 0x00, 0x05, 0x00, 0x00,
    0x00, 0x6E, 0x6F, 0x64, 0x65, 0x00, 0x00, 0x03, 0x31, 0x00, 0x12, 0x00,
    0x00, 0x00, 0x02, 0x6E, 0x00, 0x06, 0x00, 0x00, 0x00, 0x66, 0x72, 0x61,
    0x6D, 0x65, 0x00, 0x00, 0x03, 0x32, 0x00, 0x10, 0x00, 0x00, 0x00, 0x02,
    0x6E, 0x00, 0x04, 0x00, 0x00, 0x00, 0x64, 0x73, 0x74, 0x00, 0x00, 0x00,
    0x10, 0x6C, 0x00, 0x07, 0x00, 0x00, 0x00, 0x10, 0x63, 0x00, 0x22, 0x0A,
    0x00, 0x00, 0x10, 0x66, 0x00, 0x00, 0x00, 0x00, 0x00, 0x00, 0x03, 0x34,
    0x31, 0x00, 0x6B, 0x00, 0x00, 0x00, 0x02, 0x6E, 0x00, 0x06, 0x00, 0x00,
    0x00, 0x5F, 0x64, 0x69, 0x63, 0x74, 0x00, 0x04, 0x70, 0x00, 0x41, 0x00,
    0x00, 0x00, 0x03, 0x30, 0x00, 0x11, 0x00, 0x00, 0x00, 0x02, 0x6E, 0x00,
    0x05, 0x00, 0x00, 0x00, 0x6E, 0x6F, 0x64, 0x65, 0x00, 0x00, 0x03, 0x31,
    0x00, 0x12, 0x00, 0x00, 0x00, 0x02, 0x6E, 0x00, 0x06, 0x00, 0x00, 0x00,
    0x66, 0x72, 0x61, 0x6D, 0x65, 0x00, 0x00, 0x03, 0x32, 0x00, 0x10, 0x00,
    0x00, 0x00, 0x02, 0x6E, 0x00, 0x04, 0x00, 0x00, 0x00, 0x64, 0x73, 0x74,
    0x00, 0x00, 0x00, 0x10, 0x6C, 0x00, 0x13, 0x00, 0x00, 0x00, 0x10, 0x63,
    0x00, 0x33, 0x0A, 0x00, 0x00, 0x10, 0x66, 0x00, 0x00, 0x00, 0x00, 0x00,
    0x00, 0x03, 0x34, 0x32, 0x00, 0x61, 0x00, 0x00, 0x00, 0x02, 0x6E, 0x00,
    0x0F, 0x00, 0x00, 0x00, 0x6F, 0x77, 0x6E, 0x5F, 0x73, 0x6C, 0x6F, 0x74,
    0x5F, 0x69, 0x6E, 0x64, 0x65, 0x78, 0x00, 0x04, 0x70, 0x00, 0x2E, 0x00,
    0x00, 0x00, 0x03, 0x30, 0x00, 0x11, 0x00, 0x00, 0x00, 0x02, 0x6E, 0x00,
    0x05, 0x00, 0x00, 0x00, 0x6E, 0x6F, 0x64, 0x65, 0x00, 0x00, 0x03, 0x31,
    0x00, 0x12, 0x00, 0x00, 0x00, 0x02, 0x6E, 0x00, 0x06, 0x00, 0x00, 0x00,
    0x66, 0x72, 0x61, 0x6D, 0x65, 0x00, 0x00, 0x00, 0x10, 0x6C, 0x00, 0x05,
    0x00, 0x00, 0x00, 0x10, 0x63, 0x00, 0x8C, 0x0A, 0x00, 0x00, 0x10, 0x66,
    0x00, 0x00, 0x00, 0x00, 0x00, 0x00, 0x03, 0x34, 0x33, 0x00, 0x6B, 0x00,
    0x00, 0x00, 0x02, 0x6E, 0x00, 0x06, 0x00, 0x00, 0x00, 0x5F, 0x61, 0x74,
    0x74, 0x72, 0x00, 0x04, 0x70, 0x00, 0x41, 0x00, 0x00, 0x00, 0x03, 0x30,
    0x00, 0x11, 0x00, 0x00, 0x00, 0x02, 0x6E, 0x00, 0x05, 0x00, 0x00, 0x00,
    0x6E, 0x6F, 0x64, 0x65, 0x00, 0x00, 0x03, 0x31, 0x00, 0x12, 0x00, 0x00,
    0x00, 0x02, 0x6E, 0x00, 0x06, 0x00, 0x00, 0x00, 0x66, 0x72, 0x61, 0x6D,
    0x65, 0x00, 0x00, 0x03, 0x32, 0x00, 0x10, 0x00, 0x00, 0x00, 0x02, 0x6E,
    0x00, 0x04, 0x00, 0x00, 0x00, 0x64, 0x73, 0x74, 0x00, 0x00, 0x00, 0x10,
    0x6C, 0x00, 0x12, 0x00, 0x00, 0x00, 0x10, 0x63, 0x00, 0xB8, 0x0A, 0x00,
    0x00, 0x10, 0x66, 0x00, 0x00, 0x00, 0x00, 0x00, 0x00, 0x03, 0x34, 0x34,
    0x00, 0x6C, 0x00, 0x00, 0x00, 0x02, 0x6E, 0x00, 0x07, 0x00, 0x00, 0x00,
    0x5F, 0x69, 0x6E, 0x64, 0x65, 0x78, 0x00, 0x04, 0x70, 0x00, 0x41, 0x00,
    0x00, 0x00, 0x03, 0x30, 0x00, 0x11, 0x00, 0x00, 0x00, 0x02, 0x6E, 0x00,
    0x05, 0x00, 0x00, 0x00, 0x6E, 0x6F, 0x64, 0x65, 0x00, 0x00, 0x03, 0x31,
    0x00, 0x12, 0x00, 0x00, 0x00, 0x02, 0x6E, 0x00, 0x06, 0x00, 0x00, 0x00,
    0x66, 0x72, 0x61, 0x6D, 0x65, 0x00, 0x00, 0x03, 0x32, 0x00, 0x10, 0x00,
    0x00, 0x00, 0x02, 0x6E, 0x00, 0x04, 0x00, 0x00, 0x00, 0x64, 0x73, 0x74,
    0x00, 0x00, 0x00, 0x10, 0x6C, 0x00, 0x10, 0x00, 0x00, 0x00, 0x10, 0x63,
    0x00, 0x2A, 0x0B, 0x00, 0x00, 0x10, 0x66, 0x00, 0x00, 0x00, 0x00, 0x00,
    0x00, 0x03, 0x34, 0x35, 0x00, 0x53, 0x00, 0x00, 0x00, 0x02, 0x6E, 0x00,
    0x12, 0x00, 0x00, 0x00, 0x73, 0x65, 0x74, 0x5F, 0x62, 0x6F, 0x64, 0x79,
    0x5F, 0x63, 0x6F, 0x6D, 0x70, 0x69, 0x6C, 0x65, 0x72, 0x00, 0x04, 0x70,
    0x00, 0x1D, 0x00, 0x00, 0x00, 0x03, 0x30, 0x00, 0x15, 0x00, 0x00, 0x00,
    0x02, 0x6E, 0x00, 0x09, 0x00, 0x00, 0x00, 0x63, 0x6F, 0x6D, 0x70, 0x69,
    0x6C, 0x65, 0x72, 0x00, 0x00, 0x00, 0x10, 0x6C, 0x00, 0x01, 0x00, 0x00,
    0x00, 0x10, 0x63, 0x00, 0x75, 0x0B, 0x00, 0x00, 0x10, 0x66, 0x00, 0x00,
    0x00, 0x00, 0x00, 0x00, 0x03, 0x34, 0x36, 0x00, 0x56, 0x00, 0x00, 0x00,
    0x02, 0x6E, 0x00, 0x15, 0x00, 0x00, 0x00, 0x73, 0x65, 0x74, 0x5F, 0x63,
    0x6C, 0x6F, 0x73, 0x75, 0x72, 0x65, 0x5F, 0x63, 0x6F, 0x6D, 0x70, 0x69,
    0x6C, 0x65, 0x72, 0x00, 0x04, 0x70, 0x00, 0x1D, 0x00, 0x00, 0x00, 0x03,
    0x30, 0x00, 0x15, 0x00, 0x00, 0x00, 0x02, 0x6E, 0x00, 0x09, 0x00, 0x00,
    0x00, 0x63, 0x6F, 0x6D, 0x70, 0x69, 0x6C, 0x65, 0x72, 0x00, 0x00, 0x00,
    0x10, 0x6C, 0x00, 0x01, 0x00, 0x00, 0x00, 0x10, 0x63, 0x00, 0x79, 0x0B,
    0x00, 0x00, 0x10, 0x66, 0x00, 0x00, 0x00, 0x00, 0x00, 0x00, 0x03, 0x34,
    0x37, 0x00, 0x6D, 0x00, 0x00, 0x00, 0x02, 0x6E, 0x00, 0x08, 0x00, 0x00,
    0x00, 0x5F, 0x6C, 0x61, 0x6D, 0x62, 0x64, 0x61, 0x00, 0x04, 0x70, 0x00,
    0x41, 0x00, 0x00, 0x00, 0x03, 0x30, 0x00, 0x11, 0x00, 0x00, 0x00, 0x02,
    0x6E, 0x00, 0x05, 0x00, 0x00, 0x00, 0x6E, 0x6F, 0x64, 0x65, 0x00, 0x00,
    0x03, 0x31, 0x00, 0x12, 0x00, 0x00, 0x00, 0x02, 0x6E, 0x00, 0x06, 0x00,
    0x00, 0x00, 0x66, 0x72, 0x61, 0x6D, 0x65, 0x00, 0x00, 0x03, 0x32, 0x00,
    0x10, 0x00, 0x00, 0x00, 0x02, 0x6E, 0x00, 0x04, 0x00, 0x00, 0x00, 0x64,
    0x73, 0x74, 0x00, 0x00, 0x00, 0x10, 0x6C, 0x00, 0x06, 0x00, 0x00, 0x00,
    0x10, 0x63, 0x00, 0x7D, 0x0B, 0x00, 0x00, 0x10, 0x66, 0x00, 0x00, 0x00,
    0x00, 0x00, 0x00, 0x03, 0x34, 0x38, 0x00, 0x69, 0x00, 0x00, 0x00, 0x02,
    0x6E, 0x00, 0x04, 0x00, 0x00, 0x00, 0x5F, 0x64, 0x6F, 0x00, 0x04, 0x70,
    0x00, 0x41, 0x00, 0x00, 0x00, 0x03, 0x30, 0x00, 0x11, 0x00, 0x00, 0x00,
    0x02, 0x6E, 0x00, 0x05, 0x00, 0x00, 0x00, 0x6E, 0x6F, 0x64, 0x65, 0x00,
    0x00, 0x03, 0x31, 0x00, 0x12, 0x00, 0x00, 0x00, 0x02, 0x6E, 0x00, 0x06,
    0x00, 0x00, 0x00, 0x66, 0x72, 0x61, 0x6D, 0x65, 0x00, 0x00, 0x03, 0x32,
    0x00, 0x10, 0x00, 0x00, 0x00, 0x02, 0x6E, 0x00, 0x04, 0x00, 0x00, 0x00,
    0x64, 0x73, 0x74, 0x00, 0x00, 0x00, 0x10, 0x6C, 0x00, 0x06, 0x00, 0x00,
    0x00, 0x10, 0x63, 0x00, 0x9A, 0x0B, 0x00, 0x00, 0x10, 0x66, 0x00, 0x00,
    0x00, 0x00, 0x00, 0x00, 0x03, 0x34, 0x39, 0x00, 0x6A, 0x00, 0x00, 0x00,
    0x02, 0x6E, 0x00, 0x05, 0x00, 0x00, 0x00, 0x5F, 0x74, 0x72, 0x79, 0x00,
    0x04, 0x70, 0x00, 0x41, 0x00, 0x00, 0x00, 0x03, 0x30, 0x00, 0x11, 0x00,
    0x00, 0x00, 0x02, 0x6E, 0x00, 0x05, 0x00, 0x00, 0x00, 0x6E, 0x6F, 0x64,
    0x65, 0x00, 0x00, 0x03, 0x31, 0x00, 0x12, 0x00, 0x00, 0x00, 0x02, 0x6E,
    0x00, 0x06, 0x00, 0x00, 0x00, 0x66, 0x72, 0x61, 0x6D, 0x65, 0x00, 0x00,
    0x03, 0x32, 0x00, 0x10, 0x00, 0x00, 0x00, 0x02, 0x6E, 0x00, 0x04, 0x00,
    0x00, 0x00, 0x64, 0x73, 0x74, 0x00, 0x00, 0x00, 0x10, 0x6C, 0x00, 0x0D,
    0x00, 0x00, 0x00, 0x10, 0x63, 0x00, 0xBC, 0x0B, 0x00, 0x00, 0x10, 0x66,
    0x00, 0x00, 0x00, 0x00, 0x00, 0x00, 0x03, 0x35, 0x30, 0x00, 0x6C, 0x00,
    0x00, 0x00, 0x02, 0x6E, 0x00, 0x07, 0x00, 0x00, 0x00, 0x5F, 0x63, 0x61,
    0x74, 0x63, 0x68, 0x00, 0x04, 0x70, 0x00, 0x41, 0x00, 0x00, 0x00, 0x03,
    0x30, 0x00, 0x11, 0x00, 0x00, 0x00, 0x02, 0x6E, 0x00, 0x05, 0x00, 0x00,
    0x00, 0x6E, 0x6F, 0x64, 0x65, 0x00, 0x00, 0x03, 0x31, 0x00, 0x12, 0x00,
    0x00, 0x00, 0x02, 0x6E, 0x00, 0x06, 0x00, 0x00, 0x00, 0x66, 0x72, 0x61,
    0x6D, 0x65, 0x00, 0x00, 0x03, 0x32, 0x00, 0x10, 0x00, 0x00, 0x00, 0x02,
    0x6E, 0x00, 0x04, 0x00, 0x00, 0x00, 0x64, 0x73, 0x74, 0x00, 0x00, 0x00,
    0x10, 0x6C, 0x00, 0x18, 0x00, 0x00, 0x00, 0x10, 0x63, 0x00, 0x0F, 0x0C,
    0x00, 0x00, 0x10, 0x66, 0x00, 0x00, 0x00, 0x00, 0x00, 0x00, 0x03, 0x35,
    0x31, 0x00, 0x60, 0x00, 0x00, 0x00, 0x02, 0x6E, 0x00, 0x0E, 0x00, 0x00,
    0x00, 0x6D, 0x65, 0x73, 0x73, 0x61, 0x67, 0x65, 0x5F, 0x69, 0x6E, 0x64,
    0x65, 0x78, 0x00, 0x04, 0x70, 0x00, 0x2E, 0x00, 0x00, 0x00, 0x03, 0x30,
    0x00, 0x11, 0x00, 0x00, 0x00, 0x02, 0x6E, 0x00, 0x05, 0x00, 0x00, 0x00,
    0x6E, 0x6F, 0x64, 0x65, 0x00, 0x00, 0x03, 0x31, 0x00, 0x12, 0x00, 0x00,
    0x00, 0x02, 0x6E, 0x00, 0x06, 0x00, 0x00, 0x00, 0x66, 0x72, 0x61, 0x6D,
    0x65, 0x00, 0x00, 0x00, 0x10, 0x6C, 0x00, 0x04, 0x00, 0x00, 0x00, 0x10,
    0x63, 0x00, 0xCB, 0x0C, 0x00, 0x00, 0x10, 0x66, 0x00, 0x00, 0x00, 0x00,
    0x00, 0x00, 0x03, 0x35, 0x32, 0x00, 0x4A, 0x00, 0x00, 0x00, 0x02, 0x6E,
    0x00, 0x0D, 0x00, 0x00, 0x00, 0x5F, 0x6D, 0x73, 0x67, 0x5F, 0x62, 0x69,
    0x6E, 0x64, 0x69, 0x6E, 0x67, 0x00, 0x04, 0x70, 0x00, 0x19, 0x00, 0x00,
    0x00, 0x03, 0x30, 0x00, 0x11, 0x00, 0x00, 0x00, 0x02, 0x6E, 0x00, 0x05,
    0x00, 0x00, 0x00, 0x6E, 0x6F, 0x64, 0x65, 0x00, 0x00, 0x00, 0x10, 0x6C,
    0x00, 0x04, 0x00, 0x00, 0x00, 0x10, 0x63, 0x00, 0xE1, 0x0C, 0x00, 0x00,
    0x10, 0x66, 0x00, 0x00, 0x00, 0x00, 0x00, 0x00, 0x03, 0x35, 0x33, 0x00,
    0x96, 0x00, 0x00, 0x00, 0x02, 0x6E, 0x00, 0x10, 0x00, 0x00, 0x00, 0x63,
    0x6F, 0x6D, 0x70, 0x69, 0x6C, 0x65, 0x5F, 0x6D, 0x65, 0x73, 0x73, 0x61,
    0x67, 0x65, 0x00, 0x04, 0x70, 0x00, 0x62, 0x00, 0x00, 0x00, 0x03, 0x30,
    0x00, 0x11, 0x00, 0x00, 0x00, 0x02, 0x6E, 0x00, 0x05, 0x00, 0x00, 0x00,
    0x6E, 0x6F, 0x64, 0x65, 0x00, 0x00, 0x03, 0x31, 0x00, 0x12, 0x00, 0x00,
    0x00, 0x02, 0x6E, 0x00, 0x06, 0x00, 0x00, 0x00, 0x66, 0x72, 0x61, 0x6D,
    0x65, 0x00, 0x00, 0x03, 0x32, 0x00, 0x11, 0x00, 0x00, 0x00, 0x02, 0x6E,
    0x00, 0x05, 0x00, 0x00, 0x00, 0x6E, 0x72, 0x65, 0x73, 0x00, 0x00, 0x03,
    0x33, 0x00, 0x1D, 0x00, 0x00, 0x00, 0x02, 0x6E, 0x00, 0x0A, 0x00, 0x00,
    0x00, 0x72, 0x65, 0x63, 0x65, 0x69, 0x76, 0x65, 0x72, 0x73, 0x00, 0x10,
    0x64, 0x00, 0x2C, 0x00, 0x00, 0x00, 0x00, 0x00, 0x10, 0x6C, 0x00, 0x21,
    0x00, 0x00, 0x00, 0x10, 0x63, 0x00, 0xF4, 0x0C, 0x00, 0x00, 0x10, 0x66,
    0x00, 0x00, 0x00, 0x00, 0x00, 0x00, 0x03, 0x35, 0x34, 0x00, 0x6E, 0x00,
    0x00, 0x00, 0x02, 0x6E, 0x00, 0x09, 0x00, 0x00, 0x00, 0x5F, 0x6D, 0x65,
    0x73, 0x73, 0x61, 0x67, 0x65, 0x00, 0x04, 0x70, 0x00, 0x41, 0x00, 0x00,
    0x00, 0x03, 0x30, 0x00, 0x11, 0x00, 0x00, 0x00, 0x02, 0x6E, 0x00, 0x05,
    0x00, 0x00, 0x00, 0x6E, 0x6F, 0x64, 0x65, 0x00, 0x00, 0x03, 0x31, 0x00,
    0x12, 0x00, 0x00, 0x00, 0x02, 0x6E, 0x00, 0x06, 0x00, 0x00, 0x00, 0x66,
    0x72, 0x61, 0x6D, 0x65, 0x00, 0x00, 0x03, 0x32, 0x00, 0x10, 0x00, 0x00,
    0x00, 0x02, 0x6E, 0x00, 0x04, 0x00, 0x00, 0x00, 0x64, 0x73, 0x74, 0x00,
    0x00, 0x00, 0x10, 0x6C, 0x00, 0x14, 0x00, 0x00, 0x00, 0x10, 0x63, 0x00,
    0x0A, 0x0E, 0x00, 0x00, 0x10, 0x66, 0x00, 0x00, 0x00, 0x00, 0x00, 0x00,
    0x03, 0x35, 0x35, 0x00, 0x6C, 0x00, 0x00, 0x00, 0x02, 0x6E, 0x00, 0x07,
    0x00, 0x00, 0x00, 0x5F, 0x73, 0x63, 0x6F, 0x70, 0x65, 0x00, 0x04, 0x70,
    0x00, 0x41, 0x00, 0x00, 0x00, 0x03, 0x30, 0x00, 0x11, 0x00, 0x00, 0x00,
    0x02, 0x6E, 0x00, 0x05, 0x00, 0x00, 0x00, 0x6E, 0x6F, 0x64, 0x65, 0x00,
    0x00, 0x03, 0x31, 0x00, 0x12, 0x00, 0x00, 0x00, 0x02, 0x6E, 0x00, 0x06,
    0x00, 0x00, 0x00, 0x66, 0x72, 0x61, 0x6D, 0x65, 0x00, 0x00, 0x03, 0x32,
    0x00, 0x10, 0x00, 0x00, 0x00, 0x02, 0x6E, 0x00, 0x04, 0x00, 0x00, 0x00,
    0x64, 0x73, 0x74, 0x00, 0x00, 0x00, 0x10, 0x6C, 0x00, 0x19, 0x00, 0x00,
    0x00, 0x10, 0x63, 0x00, 0x9A, 0x0E, 0x00, 0x00, 0x10, 0x66, 0x00, 0x00,
    0x00, 0x00, 0x00, 0x00, 0x03, 0x35, 0x36, 0x00, 0x6E, 0x00, 0x00, 0x00,
    0x02, 0x6E, 0x00, 0x08, 0x00, 0x00, 0x00, 0x5F, 0x61, 0x73, 0x74, 0x72,
    0x65, 0x66, 0x00, 0x04, 0x70, 0x00, 0x42, 0x00, 0x00, 0x00, 0x03, 0x30,
    0x00, 0x12, 0x00, 0x00, 0x00, 0x02, 0x6E, 0x00, 0x06, 0x00, 0x00, 0x00,
    0x70, 0x61, 0x72, 0x74, 0x73, 0x00, 0x00, 0x03, 0x31, 0x00, 0x12, 0x00,
    0x00, 0x00, 0x02, 0x6E, 0x00, 0x06, 0x00, 0x00, 0x00, 0x66, 0x72, 0x61,
    0x6D, 0x65, 0x00, 0x00, 0x03, 0x32, 0x00, 0x10, 0x00, 0x00, 0x00, 0x02,
    0x6E, 0x00, 0x04, 0x00, 0x00, 0x00, 0x64, 0x73, 0x74, 0x00, 0x00, 0x00,
    0x10, 0x6C, 0x00, 0x07, 0x00, 0x00, 0x00, 0x10, 0x63, 0x00, 0x95, 0x0F,
    0x00, 0x00, 0x10, 0x66, 0x00, 0x00, 0x00, 0x00, 0x00, 0x00, 0x03, 0x35,
    0x37, 0x00, 0x73, 0x00, 0x00, 0x00, 0x02, 0x6E, 0x00, 0x0E, 0x00, 0x00,
    0x00, 0x63, 0x6F, 0x6D, 0x70, 0x69, 0x6C, 0x65, 0x5F, 0x79, 0x69, 0x65,
    0x6C, 0x64, 0x00, 0x04, 0x70, 0x00, 0x41, 0x00, 0x00, 0x00, 0x03, 0x30,
    0x00, 0x11, 0x00, 0x00, 0x00, 0x02, 0x6E, 0x00, 0x05, 0x00, 0x00, 0x00,
    0x6E, 0x6F, 0x64, 0x65, 0x00, 0x00, 0x03, 0x31, 0x00, 0x12, 0x00, 0x00,
    0x00, 0x02, 0x6E, 0x00, 0x06, 0x00, 0x00, 0x00, 0x66, 0x72, 0x61, 0x6D,
    0x65, 0x00, 0x00, 0x03, 0x32, 0x00, 0x10, 0x00, 0x00, 0x00, 0x02, 0x6E,
    0x00, 0x04, 0x00, 0x00, 0x00, 0x64, 0x73, 0x74, 0x00, 0x00, 0x00, 0x10,
    0x6C, 0x00, 0x16, 0x00, 0x00, 0x00, 0x10, 0x63, 0x00, 0xC3, 0x0F, 0x00,
    0x00, 0x10, 0x66, 0x00, 0x00, 0x00, 0x00, 0x00, 0x00, 0x03, 0x35, 0x38,
    0x00, 0x6C, 0x00, 0x00, 0x00, 0x02, 0x6E, 0x00, 0x07, 0x00, 0x00, 0x00,
    0x5F, 0x79, 0x69, 0x65, 0x6C, 0x64, 0x00, 0x04, 0x70, 0x00, 0x41, 0x00,
    0x00, 0x00, 0x03, 0x30, 0x00, 0x11, 0x00, 0x00, 0x00, 0x02, 0x6E, 0x00,
    0x05, 0x00, 0x00, 0x00, 0x6E, 0x6F, 0x64, 0x65, 0x00, 0x00, 0x03, 0x31,
    0x00, 0x12, 0x00, 0x00, 0x00, 0x02, 0x6E, 0x00, 0x06, 0x00, 0x00, 0x00,
    0x66, 0x72, 0x61, 0x6D, 0x65, 0x00, 0x00, 0x03, 0x32, 0x00, 0x10, 0x00,
    0x00, 0x00, 0x02, 0x6E, 0x00, 0x04, 0x00, 0x00, 0x00, 0x64, 0x73, 0x74,
    0x00, 0x00, 0x00, 0x10, 0x6C, 0x00, 0x04, 0x00, 0x00, 0x00, 0x10, 0x63,
    0x00, 0x6D, 0x10, 0x00, 0x00, 0x10, 0x66, 0x00, 0x00, 0x00, 0x00, 0x00,
    0x00, 0x03, 0x35, 0x39, 0x00, 0x71, 0x00, 0x00, 0x00, 0x02, 0x6E, 0x00,
    0x0C, 0x00, 0x00, 0x00, 0x5F, 0x79, 0x69, 0x65, 0x6C, 0x64, 0x5F, 0x66,
    0x72, 0x6F, 0x6D, 0x00, 0x04, 0x70, 0x00, 0x41, 0x00, 0x00, 0x00, 0x03,
    0x30, 0x00, 0x11, 0x00, 0x00, 0x00, 0x02, 0x6E, 0x00, 0x05, 0x00, 0x00,
    0x00, 0x6E, 0x6F, 0x64, 0x65, 0x00, 0x00, 0x03, 0x31, 0x00, 0x12, 0x00,
    0x00, 0x00, 0x02, 0x6E, 0x00, 0x06, 0x00, 0x00, 0x00, 0x66, 0x72, 0x61,
    0x6D, 0x65, 0x00, 0x00, 0x03, 0x32, 0x00, 0x10, 0x00, 0x00, 0x00, 0x02,
    0x6E, 0x00, 0x04, 0x00, 0x00, 0x00, 0x64, 0x73, 0x74, 0x00, 0x00, 0x00,
    0x10, 0x6C, 0x00, 0x0C, 0x00, 0x00, 0x00, 0x10, 0x63, 0x00, 0x74, 0x10,
    0x00, 0x00, 0x10, 0x66, 0x00, 0x00, 0x00, 0x00, 0x00, 0x00, 0x03, 0x36,
    0x30, 0x00, 0x99, 0x00, 0x00, 0x00, 0x02, 0x6E, 0x00, 0x0C, 0x00, 0x00,
    0x00, 0x5F, 0x63, 0x6F, 0x6C, 0x6C, 0x65, 0x63, 0x74, 0x69, 0x6F, 0x6E,
    0x00, 0x04, 0x70, 0x00, 0x69, 0x00, 0x00, 0x00, 0x03, 0x30, 0x00, 0x12,
    0x00, 0x00, 0x00, 0x02, 0x6E, 0x00, 0x06, 0x00, 0x00, 0x00, 0x66, 0x72,
    0x61, 0x6D, 0x65, 0x00, 0x00, 0x03, 0x31, 0x00, 0x0F, 0x00, 0x00, 0x00,
    0x02, 0x6E, 0x00, 0x03, 0x00, 0x00, 0x00, 0x6F, 0x70, 0x00, 0x00, 0x03,
    0x32, 0x00, 0x12, 0x00, 0x00, 0x00, 0x02, 0x6E, 0x00, 0x06, 0x00, 0x00,
    0x00, 0x69, 0x74, 0x65, 0x6D, 0x73, 0x00, 0x00, 0x03, 0x33, 0x00, 0x12,
    0x00, 0x00, 0x00, 0x02, 0x6E, 0x00, 0x06, 0x00, 0x00, 0x00, 0x63, 0x6F,
    0x75, 0x6E, 0x74, 0x00, 0x00, 0x03, 0x34, 0x00, 0x10, 0x00, 0x00, 0x00,
    0x02, 0x6E, 0x00, 0x04, 0x00, 0x00, 0x00, 0x64, 0x73, 0x74, 0x00, 0x00,
    0x00, 0x10, 0x6C, 0x00, 0x0F, 0x00, 0x00, 0x00, 0x10, 0x63, 0x00, 0xB2,
    0x10, 0x00, 0x00, 0x10, 0x66, 0x00, 0x00, 0x00, 0x00, 0x00, 0x00, 0x03,
    0x36, 0x31, 0x00, 0x63, 0x00, 0x00, 0x00, 0x02, 0x6E, 0x00, 0x0D, 0x00,
    0x00, 0x00, 0x5F, 0x63, 0x6F, 0x6E, 0x63, 0x61, 0x74, 0x65, 0x6E, 0x61,
    0x74, 0x65, 0x00, 0x04, 0x70, 0x00, 0x32, 0x00, 0x00, 0x00, 0x03, 0x30,
    0x00, 0x12, 0x00, 0x00, 0x00, 0x02, 0x6E, 0x00, 0x06, 0x00, 0x00, 0x00,
    0x66, 0x72, 0x61, 0x6D, 0x65, 0x00, 0x00, 0x03, 0x31, 0x00, 0x15, 0x00,
    0x00, 0x00, 0x02, 0x6E, 0x00, 0x09, 0x00, 0x00, 0x00, 0x73, 0x65, 0x67,
    0x6D, 0x65, 0x6E, 0x74, 0x73, 0x00, 0x00, 0x00, 0x10, 0x6C, 0x00, 0x0F,
    0x00, 0x00, 0x00, 0x10, 0x63, 0x00, 0xEC, 0x10, 0x00, 0x00, 0x10, 0x66,
    0x00, 0x00, 0x00, 0x00, 0x00, 0x00, 0x03, 0x36, 0x32, 0x00, 0x6D, 0x00,
    0x00, 0x00, 0x02, 0x6E, 0x00, 0x1B, 0x00, 0x00, 0x00, 0x5F, 0x70, 0x6F,
    0x73, 0x69, 0x74, 0x69, 0x6F, 0x6E, 0x61, 0x6C, 0x5F, 0x61, 0x72, 0x67,
    0x75, 0x6D, 0x65, 0x6E, 0x74, 0x5F, 0x74, 0x75, 0x70, 0x6C, 0x65, 0x00,
    0x04, 0x70, 0x00, 0x2E, 0x00, 0x00, 0x00, 0x03, 0x30, 0x00, 0x11, 0x00,
    0x00, 0x00, 0x02, 0x6E, 0x00, 0x05, 0x00, 0x00, 0x00, 0x61, 0x72, 0x67,
    0x73, 0x00, 0x00, 0x03, 0x31, 0x00, 0x12, 0x00, 0x00, 0x00, 0x02, 0x6E,
    0x00, 0x06, 0x00, 0x00, 0x00, 0x66, 0x72, 0x61, 0x6D, 0x65, 0x00, 0x00,
    0x00, 0x10, 0x6C, 0x00, 0x0F, 0x00, 0x00, 0x00, 0x10, 0x63, 0x00, 0x1F,
    0x11, 0x00, 0x00, 0x10, 0x66, 0x00, 0x00, 0x00, 0x00, 0x00, 0x00, 0x03,
    0x36, 0x33, 0x00, 0x69, 0x00, 0x00, 0x00, 0x02, 0x6E, 0x00, 0x17, 0x00,
    0x00, 0x00, 0x5F, 0x6B, 0x65, 0x79, 0x77, 0x6F, 0x72, 0x64, 0x5F, 0x61,
    0x72, 0x67, 0x75, 0x6D, 0x65, 0x6E, 0x74, 0x5F, 0x64, 0x69, 0x63, 0x74,
    0x00, 0x04, 0x70, 0x00, 0x2E, 0x00, 0x00, 0x00, 0x03, 0x30, 0x00, 0x11,
    0x00, 0x00, 0x00, 0x02, 0x6E, 0x00, 0x05, 0x00, 0x00, 0x00, 0x61, 0x72,
    0x67, 0x73, 0x00, 0x00, 0x03, 0x31, 0x00, 0x12, 0x00, 0x00, 0x00, 0x02,
    0x6E, 0x00, 0x06, 0x00, 0x00, 0x00, 0x66, 0x72, 0x61, 0x6D, 0x65, 0x00,
    0x00, 0x00, 0x10, 0x6C, 0x00, 0x14, 0x00, 0x00, 0x00, 0x10, 0x63, 0x00,
    0xA1, 0x11, 0x00, 0x00, 0x10, 0x66, 0x00, 0x00, 0x00, 0x00, 0x00, 0x00,
    0x03, 0x36, 0x34, 0x00, 0xD0, 0x00, 0x00, 0x00, 0x02, 0x6E, 0x00, 0x0B,
    0x00, 0x00, 0x00, 0x63, 0x6F, 0x6D, 0x70, 0x69, 0x6C, 0x65, 0x5F, 0x76,
    0x61, 0x00, 0x04, 0x70, 0x00, 0xA1, 0x00, 0x00, 0x00, 0x03, 0x30, 0x00,
    0x12, 0x00, 0x00, 0x00, 0x02, 0x6E, 0x00, 0x06, 0x00, 0x00, 0x00, 0x66,
    0x72, 0x61, 0x6D, 0x65, 0x00, 0x00, 0x03, 0x31, 0x00, 0x11, 0x00, 0x00,
    0x00, 0x02, 0x6E, 0x00, 0x05, 0x00, 0x00, 0x00, 0x6E, 0x72, 0x65, 0x73,
    0x00, 0x00, 0x03, 0x32, 0x00, 0x0F, 0x00, 0x00, 0x00, 0x02, 0x6E, 0x00,
    0x03, 0x00, 0x00, 0x00, 0x6F, 0x70, 0x00, 0x00, 0x03, 0x33, 0x00, 0x18,
    0x00, 0x00, 0x00, 0x02, 0x6E, 0x00, 0x0C, 0x00, 0x00, 0x00, 0x63, 0x61,
    0x6C, 0x6C, 0x65, 0x65, 0x5F, 0x6E, 0x6F, 0x64, 0x65, 0x00, 0x00, 0x03,
    0x34, 0x00, 0x11, 0x00, 0x00, 0x00, 0x02, 0x6E, 0x00, 0x05, 0x00, 0x00,
    0x00, 0x61, 0x72, 0x67, 0x73, 0x00, 0x00, 0x03, 0x35, 0x00, 0x12, 0x00,
    0x00, 0x00, 0x02, 0x6E, 0x00, 0x06, 0x00, 0x00, 0x00, 0x72, 0x65, 0x6C,
    0x6F, 0x63, 0x00, 0x00, 0x03, 0x36, 0x00, 0x1A, 0x00, 0x00, 0x00, 0x02,
    0x6E, 0x00, 0x0E, 0x00, 0x00, 0x00, 0x72, 0x65, 0x63, 0x65, 0x69, 0x76,
    0x65, 0x72, 0x5F, 0x6E, 0x6F, 0x64, 0x65, 0x00, 0x00, 0x00, 0x10, 0x6C,
    0x00, 0x1D, 0x00, 0x00, 0x00, 0x10, 0x63, 0x00, 0x38, 0x12, 0x00, 0x00,
    0x10, 0x66, 0x00, 0x00, 0x00, 0x00, 0x00, 0x00, 0x03, 0x36, 0x35, 0x00,
    0x87, 0x00, 0x00, 0x00, 0x02, 0x6E, 0x00, 0x0F, 0x00, 0x00, 0x00, 0x5F,
    0x65, 0x6D, 0x69, 0x74, 0x5F, 0x73, 0x65, 0x71, 0x75, 0x65, 0x6E, 0x63,
    0x65, 0x00, 0x04, 0x70, 0x00, 0x54, 0x00, 0x00, 0x00, 0x03, 0x30, 0x00,
    0x12, 0x00, 0x00, 0x00, 0x02, 0x6E, 0x00, 0x06, 0x00, 0x00, 0x00, 0x69,
    0x74, 0x65, 0x6D, 0x73, 0x00, 0x00, 0x03, 0x31, 0x00, 0x12, 0x00, 0x00,
    0x00, 0x02, 0x6E, 0x00, 0x06, 0x00, 0x00, 0x00, 0x66, 0x72, 0x61, 0x6D,
    0x65, 0x00, 0x00, 0x03, 0x32, 0x00, 0x10, 0x00, 0x00, 0x00, 0x02, 0x6E,
    0x00, 0x04, 0x00, 0x00, 0x00, 0x64, 0x73, 0x74, 0x00, 0x00, 0x03, 0x33,
    0x00, 0x0F, 0x00, 0x00, 0x00, 0x02, 0x6E, 0x00, 0x03, 0x00, 0x00, 0x00,
    0x6F, 0x70, 0x00, 0x00, 0x00, 0x10, 0x6C, 0x00, 0x12, 0x00, 0x00, 0x00,
    0x10, 0x63, 0x00, 0x27, 0x13, 0x00, 0x00, 0x10, 0x66, 0x00, 0x00, 0x00,
    0x00, 0x00, 0x00, 0x03, 0x36, 0x36, 0x00, 0x71, 0x00, 0x00, 0x00, 0x02,
    0x6E, 0x00, 0x0B, 0x00, 0x00, 0x00, 0x65, 0x6D, 0x69, 0x74, 0x5F, 0x76,
    0x61, 0x6C, 0x75, 0x65, 0x00, 0x04, 0x70, 0x00, 0x42, 0x00, 0x00, 0x00,
    0x03, 0x30, 0x00, 0x12, 0x00, 0x00, 0x00, 0x02, 0x6E, 0x00, 0x06, 0x00,
    0x00, 0x00, 0x76, 0x61, 0x6C, 0x75, 0x65, 0x00, 0x00, 0x03, 0x31, 0x00,
    0x12, 0x00, 0x00, 0x00, 0x02, 0x6E, 0x00, 0x06, 0x00, 0x00, 0x00, 0x66,
    0x72, 0x61, 0x6D, 0x65, 0x00, 0x00, 0x03, 0x32, 0x00, 0x10, 0x00, 0x00,
    0x00, 0x02, 0x6E, 0x00, 0x04, 0x00, 0x00, 0x00, 0x64, 0x73, 0x74, 0x00,
    0x00, 0x00, 0x10, 0x6C, 0x00, 0x17, 0x00, 0x00, 0x00, 0x10, 0x63, 0x00,
    0x83, 0x13, 0x00, 0x00, 0x10, 0x66, 0x00, 0x00, 0x00, 0x00, 0x00, 0x00,
    0x03, 0x36, 0x37, 0x00, 0x79, 0x00, 0x00, 0x00, 0x02, 0x6E, 0x00, 0x0D,
    0x00, 0x00, 0x00, 0x63, 0x6F, 0x6D, 0x70, 0x69, 0x6C, 0x65, 0x5F, 0x65,
    0x78, 0x70, 0x72, 0x00, 0x04, 0x70, 0x00, 0x48, 0x00, 0x00, 0x00, 0x03,
    0x30, 0x00, 0x11, 0x00, 0x00, 0x00, 0x02, 0x6E, 0x00, 0x05, 0x00, 0x00,
    0x00, 0x6E, 0x6F, 0x64, 0x65, 0x00, 0x00, 0x03, 0x31, 0x00, 0x12, 0x00,
    0x00, 0x00, 0x02, 0x6E, 0x00, 0x06, 0x00, 0x00, 0x00, 0x66, 0x72, 0x61,
    0x6D, 0x65, 0x00, 0x00, 0x03, 0x32, 0x00, 0x17, 0x00, 0x00, 0x00, 0x02,
    0x6E, 0x00, 0x04, 0x00, 0x00, 0x00, 0x64, 0x73, 0x74, 0x00, 0x10, 0x64,
    0x00, 0x2C, 0x00, 0x00, 0x00, 0x00, 0x00, 0x10, 0x6C, 0x00, 0x08, 0x00,
    0x00, 0x00, 0x10, 0x63, 0x00, 0xA1, 0x14, 0x00, 0x00, 0x10, 0x66, 0x00,
    0x00, 0x00, 0x00, 0x00, 0x00, 0x00,
};

static const uint8_t expressions_classes[] = {
    0x05, 0x00, 0x00, 0x00, 0x00,
};

static const uint8_t expressions_messages[] = {
    0x6B, 0x02, 0x00, 0x00, 0x03, 0x30, 0x00, 0x14, 0x00, 0x00, 0x00, 0x04,
    0x70, 0x00, 0x0C, 0x00, 0x00, 0x00, 0x10, 0x30, 0x00, 0x13, 0x00, 0x00,
    0x00, 0x00, 0x00, 0x03, 0x31, 0x00, 0x14, 0x00, 0x00, 0x00, 0x04, 0x70,
    0x00, 0x0C, 0x00, 0x00, 0x00, 0x10, 0x30, 0x00, 0x14, 0x00, 0x00, 0x00,
    0x00, 0x00, 0x03, 0x32, 0x00, 0x14, 0x00, 0x00, 0x00, 0x04, 0x70, 0x00,
    0x0C, 0x00, 0x00, 0x00, 0x10, 0x30, 0x00, 0x15, 0x00, 0x00, 0x00, 0x00,
    0x00, 0x03, 0x33, 0x00, 0x14, 0x00, 0x00, 0x00, 0x04, 0x70, 0x00, 0x0C,
    0x00, 0x00, 0x00, 0x10, 0x30, 0x00, 0x17, 0x00, 0x00, 0x00, 0x00, 0x00,
    0x03, 0x34, 0x00, 0x14, 0x00, 0x00, 0x00, 0x04, 0x70, 0x00, 0x0C, 0x00,
    0x00, 0x00, 0x10, 0x30, 0x00, 0x18, 0x00, 0x00, 0x00, 0x00, 0x00, 0x03,
    0x35, 0x00, 0x14, 0x00, 0x00, 0x00, 0x04, 0x70, 0x00, 0x0C, 0x00, 0x00,
    0x00, 0x10, 0x30, 0x00, 0x1E, 0x00, 0x00, 0x00, 0x00, 0x00, 0x03, 0x36,
    0x00, 0x14, 0x00, 0x00, 0x00, 0x04, 0x70, 0x00, 0x0C, 0x00, 0x00, 0x00,
    0x10, 0x30, 0x00, 0x22, 0x00, 0x00, 0x00, 0x00, 0x00, 0x03, 0x37, 0x00,
    0x14, 0x00, 0x00, 0x00, 0x04, 0x70, 0x00, 0x0C, 0x00, 0x00, 0x00, 0x10,
    0x30, 0x00, 0x24, 0x00, 0x00, 0x00, 0x00, 0x00, 0x03, 0x38, 0x00, 0x14,
    0x00, 0x00, 0x00, 0x04, 0x70, 0x00, 0x0C, 0x00, 0x00, 0x00, 0x10, 0x30,
    0x00, 0x29, 0x00, 0x00, 0x00, 0x00, 0x00, 0x03, 0x39, 0x00, 0x14, 0x00,
    0x00, 0x00, 0x04, 0x70, 0x00, 0x0C, 0x00, 0x00, 0x00, 0x10, 0x30, 0x00,
    0x2A, 0x00, 0x00, 0x00, 0x00, 0x00, 0x03, 0x31, 0x30, 0x00, 0x14, 0x00,
    0x00, 0x00, 0x04, 0x70, 0x00, 0x0C, 0x00, 0x00, 0x00, 0x10, 0x30, 0x00,
    0x2B, 0x00, 0x00, 0x00, 0x00, 0x00, 0x03, 0x31, 0x31, 0x00, 0x14, 0x00,
    0x00, 0x00, 0x04, 0x70, 0x00, 0x0C, 0x00, 0x00, 0x00, 0x10, 0x30, 0x00,
    0x2C, 0x00, 0x00, 0x00, 0x00, 0x00, 0x03, 0x31, 0x32, 0x00, 0x14, 0x00,
    0x00, 0x00, 0x04, 0x70, 0x00, 0x0C, 0x00, 0x00, 0x00, 0x10, 0x30, 0x00,
    0x2F, 0x00, 0x00, 0x00, 0x00, 0x00, 0x03, 0x31, 0x33, 0x00, 0x14, 0x00,
    0x00, 0x00, 0x04, 0x70, 0x00, 0x0C, 0x00, 0x00, 0x00, 0x10, 0x30, 0x00,
    0x30, 0x00, 0x00, 0x00, 0x00, 0x00, 0x03, 0x31, 0x34, 0x00, 0x14, 0x00,
    0x00, 0x00, 0x04, 0x70, 0x00, 0x0C, 0x00, 0x00, 0x00, 0x10, 0x30, 0x00,
    0x31, 0x00, 0x00, 0x00, 0x00, 0x00, 0x03, 0x31, 0x35, 0x00, 0x14, 0x00,
    0x00, 0x00, 0x04, 0x70, 0x00, 0x0C, 0x00, 0x00, 0x00, 0x10, 0x30, 0x00,
    0x34, 0x00, 0x00, 0x00, 0x00, 0x00, 0x03, 0x31, 0x36, 0x00, 0x14, 0x00,
    0x00, 0x00, 0x04, 0x70, 0x00, 0x0C, 0x00, 0x00, 0x00, 0x10, 0x30, 0x00,
    0x35, 0x00, 0x00, 0x00, 0x00, 0x00, 0x03, 0x31, 0x37, 0x00, 0x14, 0x00,
    0x00, 0x00, 0x04, 0x70, 0x00, 0x0C, 0x00, 0x00, 0x00, 0x10, 0x30, 0x00,
    0x37, 0x00, 0x00, 0x00, 0x00, 0x00, 0x03, 0x31, 0x38, 0x00, 0x14, 0x00,
    0x00, 0x00, 0x04, 0x70, 0x00, 0x0C, 0x00, 0x00, 0x00, 0x10, 0x30, 0x00,
    0x46, 0x00, 0x00, 0x00, 0x00, 0x00, 0x03, 0x31, 0x39, 0x00, 0x14, 0x00,
    0x00, 0x00, 0x04, 0x70, 0x00, 0x0C, 0x00, 0x00, 0x00, 0x10, 0x30, 0x00,
    0x49, 0x00, 0x00, 0x00, 0x00, 0x00, 0x03, 0x32, 0x30, 0x00, 0x14, 0x00,
    0x00, 0x00, 0x04, 0x70, 0x00, 0x0C, 0x00, 0x00, 0x00, 0x10, 0x30, 0x00,
    0x4B, 0x00, 0x00, 0x00, 0x00, 0x00, 0x03, 0x32, 0x31, 0x00, 0x14, 0x00,
    0x00, 0x00, 0x04, 0x70, 0x00, 0x0C, 0x00, 0x00, 0x00, 0x10, 0x30, 0x00,
    0x51, 0x00, 0x00, 0x00, 0x00, 0x00, 0x03, 0x32, 0x32, 0x00, 0x14, 0x00,
    0x00, 0x00, 0x04, 0x70, 0x00, 0x0C, 0x00, 0x00, 0x00, 0x10, 0x30, 0x00,
    0x52, 0x00, 0x00, 0x00, 0x00, 0x00, 0x03, 0x32, 0x33, 0x00, 0x14, 0x00,
    0x00, 0x00, 0x04, 0x70, 0x00, 0x0C, 0x00, 0x00, 0x00, 0x10, 0x30, 0x00,
    0x53, 0x00, 0x00, 0x00, 0x00, 0x00, 0x03, 0x32, 0x34, 0x00, 0x14, 0x00,
    0x00, 0x00, 0x04, 0x70, 0x00, 0x0C, 0x00, 0x00, 0x00, 0x10, 0x30, 0x00,
    0x54, 0x00, 0x00, 0x00, 0x00, 0x00, 0x03, 0x32, 0x35, 0x00, 0x14, 0x00,
    0x00, 0x00, 0x04, 0x70, 0x00, 0x0C, 0x00, 0x00, 0x00, 0x10, 0x30, 0x00,
    0x55, 0x00, 0x00, 0x00, 0x00, 0x00, 0x00,
};

static const uint8_t expressions_exports[] = {
    0xA8, 0x0D, 0x00, 0x00, 0x10, 0x73, 0x74, 0x64, 0x00, 0x00, 0x00, 0x00,
    0x00, 0x10, 0x77, 0x79, 0x72, 0x6D, 0x00, 0x01, 0x00, 0x00, 0x00, 0x10,
    0x5F, 0x74, 0x61, 0x69, 0x6C, 0x00, 0x02, 0x00, 0x00, 0x00, 0x10, 0x5F,
    0x66, 0x69, 0x65, 0x6C, 0x64, 0x00, 0x03, 0x00, 0x00, 0x00, 0x10, 0x5F,
    0x6D, 0x61, 0x78, 0x32, 0x00, 0x04, 0x00, 0x00, 0x00, 0x10, 0x5F, 0x6A,
    0x6F, 0x69, 0x6E, 0x5F, 0x70, 0x61, 0x72, 0x74, 0x73, 0x00, 0x05, 0x00,
    0x00, 0x00, 0x10, 0x5F, 0x66, 0x33, 0x32, 0x5F, 0x62, 0x69, 0x74, 0x73,
    0x00, 0x06, 0x00, 0x00, 0x00, 0x10, 0x5F, 0x65, 0x6D, 0x69, 0x74, 0x5F,
    0x70, 0x61, 0x63, 0x6B, 0x00, 0x07, 0x00, 0x00, 0x00, 0x10, 0x5F, 0x65,
    0x6D, 0x69, 0x74, 0x5F, 0x70, 0x61, 0x69, 0x72, 0x61, 0x62, 0x6C, 0x65,
    0x00, 0x08, 0x00, 0x00, 0x00, 0x10, 0x5F, 0x6C, 0x61, 0x6E, 0x64, 0x00,
    0x09, 0x00, 0x00, 0x00, 0x10, 0x5F, 0x74, 0x61, 0x72, 0x67, 0x65, 0x74,
    0x00, 0x0A, 0x00, 0x00, 0x00, 0x10, 0x5F, 0x73, 0x74, 0x72, 0x69, 0x6E,
    0x67, 0x00, 0x0B, 0x00, 0x00, 0x00, 0x10, 0x5F, 0x6E, 0x75, 0x6D, 0x62,
    0x65, 0x72, 0x00, 0x0C, 0x00, 0x00, 0x00, 0x10, 0x5F, 0x63, 0x68, 0x61,
    0x72, 0x5F, 0x6C, 0x69, 0x74, 0x00, 0x0D, 0x00, 0x00, 0x00, 0x10, 0x5F,
    0x73, 0x79, 0x6D, 0x62, 0x6F, 0x6C, 0x5F, 0x6C, 0x69, 0x74, 0x00, 0x0E,
    0x00, 0x00, 0x00, 0x10, 0x5F, 0x62, 0x6F, 0x6F, 0x6C, 0x5F, 0x6C, 0x69,
    0x74, 0x00, 0x0F, 0x00, 0x00, 0x00, 0x10, 0x72, 0x65, 0x67, 0x5F, 0x6F,
    0x66, 0x00, 0x10, 0x00, 0x00, 0x00, 0x10, 0x5F, 0x6C, 0x61, 0x6E, 0x64,
    0x5F, 0x66, 0x72, 0x65, 0x65, 0x00, 0x11, 0x00, 0x00, 0x00, 0x10, 0x72,
    0x65, 0x73, 0x6F, 0x6C, 0x76, 0x65, 0x5F, 0x6E, 0x61, 0x6D, 0x65, 0x00,
    0x12, 0x00, 0x00, 0x00, 0x10, 0x5F, 0x6E, 0x69, 0x6C, 0x5F, 0x6C, 0x69,
    0x74, 0x00, 0x13, 0x00, 0x00, 0x00, 0x10, 0x5F, 0x74, 0x68, 0x69, 0x73,
    0x00, 0x14, 0x00, 0x00, 0x00, 0x10, 0x5F, 0x62, 0x61, 0x72, 0x65, 0x5F,
    0x73, 0x79, 0x6D, 0x62, 0x6F, 0x6C, 0x00, 0x15, 0x00, 0x00, 0x00, 0x10,
    0x5F, 0x75, 0x6E, 0x61, 0x72, 0x79, 0x00, 0x16, 0x00, 0x00, 0x00, 0x10,
    0x5F, 0x70, 0x6F, 0x73, 0x00, 0x17, 0x00, 0x00, 0x00, 0x10, 0x5F, 0x62,
    0x69, 0x6E, 0x6F, 0x70, 0x00, 0x18, 0x00, 0x00, 0x00, 0x10, 0x5F, 0x65,
    0x78, 0x70, 0x00, 0x19, 0x00, 0x00, 0x00, 0x10, 0x5F, 0x69, 0x6E, 0x5F,
    0x6F, 0x70, 0x00, 0x1A, 0x00, 0x00, 0x00, 0x10, 0x5F, 0x73, 0x68, 0x6F,
    0x72, 0x74, 0x5F, 0x63, 0x69, 0x72, 0x63, 0x75, 0x69, 0x74, 0x00, 0x1B,
    0x00, 0x00, 0x00, 0x10, 0x5F, 0x74, 0x79, 0x70, 0x65, 0x5F, 0x61, 0x74,
    0x6F, 0x6D, 0x73, 0x00, 0x1C, 0x00, 0x00, 0x00, 0x10, 0x5F, 0x74, 0x79,
    0x70, 0x65, 0x5F, 0x70, 0x61, 0x72, 0x74, 0x73, 0x00, 0x1D, 0x00, 0x00,
    0x00, 0x10, 0x5F, 0x74, 0x79, 0x70, 0x65, 0x5F, 0x76, 0x61, 0x6C, 0x75,
    0x65, 0x00, 0x1E, 0x00, 0x00, 0x00, 0x10, 0x5F, 0x74, 0x79, 0x70, 0x65,
    0x5F, 0x63, 0x68, 0x65, 0x63, 0x6B, 0x00, 0x1F, 0x00, 0x00, 0x00, 0x10,
    0x63, 0x6F, 0x6D, 0x70, 0x69, 0x6C, 0x65, 0x5F, 0x69, 0x6E, 0x74, 0x6F,
    0x5F, 0x77, 0x69, 0x6E, 0x64, 0x6F, 0x77, 0x00, 0x20, 0x00, 0x00, 0x00,
    0x10, 0x68, 0x61, 0x73, 0x5F, 0x73, 0x70, 0x72, 0x65, 0x61, 0x64, 0x5F,
    0x6F, 0x72, 0x5F, 0x6B, 0x65, 0x79, 0x77, 0x6F, 0x72, 0x64, 0x00, 0x21,
    0x00, 0x00, 0x00, 0x10, 0x5F, 0x63, 0x6F, 0x6D, 0x70, 0x69, 0x6C, 0x65,
    0x5F, 0x63, 0x61, 0x6C, 0x6C, 0x00, 0x22, 0x00, 0x00, 0x00, 0x10, 0x5F,
    0x63, 0x6F, 0x6D, 0x70, 0x69, 0x6C, 0x65, 0x5F, 0x74, 0x72, 0x61, 0x70,
    0x00, 0x23, 0x00, 0x00, 0x00, 0x10, 0x63, 0x6F, 0x6D, 0x70, 0x69, 0x6C,
    0x65, 0x5F, 0x63, 0x61, 0x6C, 0x6C, 0x00, 0x24, 0x00, 0x00, 0x00, 0x10,
    0x5F, 0x63, 0x61, 0x6C, 0x6C, 0x00, 0x25, 0x00, 0x00, 0x00, 0x10, 0x5F,
    0x77, 0x69, 0x6E, 0x64, 0x6F, 0x77, 0x5F, 0x6F, 0x66, 0x00, 0x26, 0x00,
    0x00, 0x00, 0x10, 0x5F, 0x73, 0x65, 0x71, 0x75, 0x65, 0x6E, 0x63, 0x65,
    0x00, 0x27, 0x00, 0x00, 0x00, 0x10, 0x5F, 0x61, 0x72, 0x72, 0x61, 0x79,
    0x00, 0x28, 0x00, 0x00, 0x00, 0x10, 0x5F, 0x74, 0x75, 0x70, 0x6C, 0x65,
    0x00, 0x29, 0x00, 0x00, 0x00, 0x10, 0x5F, 0x70, 0x6C, 0x69, 0x73, 0x74,
    0x00, 0x2A, 0x00, 0x00, 0x00, 0x10, 0x5F, 0x64, 0x69, 0x63, 0x74, 0x00,
    0x2B, 0x00, 0x00, 0x00, 0x10, 0x6F, 0x77, 0x6E, 0x5F, 0x73, 0x6C, 0x6F,
    0x74, 0x5F, 0x69, 0x6E, 0x64, 0x65, 0x78, 0x00, 0x2C, 0x00, 0x00, 0x00,
    0x10, 0x5F, 0x61, 0x74, 0x74, 0x72, 0x00, 0x2D, 0x00, 0x00, 0x00, 0x10,
    0x5F, 0x69, 0x6E, 0x64, 0x65, 0x78, 0x00, 0x2E, 0x00, 0x00, 0x00, 0x10,
    0x73, 0x65, 0x74, 0x5F, 0x62, 0x6F, 0x64, 0x79, 0x5F, 0x63, 0x6F, 0x6D,
    0x70, 0x69, 0x6C, 0x65, 0x72, 0x00, 0x2F, 0x00, 0x00, 0x00, 0x10, 0x73,
    0x65, 0x74, 0x5F, 0x63, 0x6C, 0x6F, 0x73, 0x75, 0x72, 0x65, 0x5F, 0x63,
    0x6F, 0x6D, 0x70, 0x69, 0x6C, 0x65, 0x72, 0x00, 0x30, 0x00, 0x00, 0x00,
    0x10, 0x5F, 0x6C, 0x61, 0x6D, 0x62, 0x64, 0x61, 0x00, 0x31, 0x00, 0x00,
    0x00, 0x10, 0x5F, 0x64, 0x6F, 0x00, 0x32, 0x00, 0x00, 0x00, 0x10, 0x5F,
    0x74, 0x72, 0x79, 0x00, 0x33, 0x00, 0x00, 0x00, 0x10, 0x5F, 0x63, 0x61,
    0x74, 0x63, 0x68, 0x00, 0x34, 0x00, 0x00, 0x00, 0x10, 0x6D, 0x65, 0x73,
    0x73, 0x61, 0x67, 0x65, 0x5F, 0x69, 0x6E, 0x64, 0x65, 0x78, 0x00, 0x35,
    0x00, 0x00, 0x00, 0x10, 0x5F, 0x6D, 0x73, 0x67, 0x5F, 0x62, 0x69, 0x6E,
    0x64, 0x69, 0x6E, 0x67, 0x00, 0x36, 0x00, 0x00, 0x00, 0x10, 0x63, 0x6F,
    0x6D, 0x70, 0x69, 0x6C, 0x65, 0x5F, 0x6D, 0x65, 0x73, 0x73, 0x61, 0x67,
    0x65, 0x00, 0x37, 0x00, 0x00, 0x00, 0x10, 0x5F, 0x6D, 0x65, 0x73, 0x73,
    0x61, 0x67, 0x65, 0x00, 0x38, 0x00, 0x00, 0x00, 0x10, 0x5F, 0x73, 0x63,
    0x6F, 0x70, 0x65, 0x00, 0x39, 0x00, 0x00, 0x00, 0x10, 0x5F, 0x61, 0x73,
    0x74, 0x72, 0x65, 0x66, 0x00, 0x3A, 0x00, 0x00, 0x00, 0x10, 0x63, 0x6F,
    0x6D, 0x70, 0x69, 0x6C, 0x65, 0x5F, 0x79, 0x69, 0x65, 0x6C, 0x64, 0x00,
    0x3B, 0x00, 0x00, 0x00, 0x10, 0x5F, 0x79, 0x69, 0x65, 0x6C, 0x64, 0x00,
    0x3C, 0x00, 0x00, 0x00, 0x10, 0x5F, 0x79, 0x69, 0x65, 0x6C, 0x64, 0x5F,
    0x66, 0x72, 0x6F, 0x6D, 0x00, 0x3D, 0x00, 0x00, 0x00, 0x10, 0x5F, 0x63,
    0x6F, 0x6C, 0x6C, 0x65, 0x63, 0x74, 0x69, 0x6F, 0x6E, 0x00, 0x3E, 0x00,
    0x00, 0x00, 0x10, 0x5F, 0x63, 0x6F, 0x6E, 0x63, 0x61, 0x74, 0x65, 0x6E,
    0x61, 0x74, 0x65, 0x00, 0x3F, 0x00, 0x00, 0x00, 0x10, 0x5F, 0x70, 0x6F,
    0x73, 0x69, 0x74, 0x69, 0x6F, 0x6E, 0x61, 0x6C, 0x5F, 0x61, 0x72, 0x67,
    0x75, 0x6D, 0x65, 0x6E, 0x74, 0x5F, 0x74, 0x75, 0x70, 0x6C, 0x65, 0x00,
    0x40, 0x00, 0x00, 0x00, 0x10, 0x5F, 0x6B, 0x65, 0x79, 0x77, 0x6F, 0x72,
    0x64, 0x5F, 0x61, 0x72, 0x67, 0x75, 0x6D, 0x65, 0x6E, 0x74, 0x5F, 0x64,
    0x69, 0x63, 0x74, 0x00, 0x41, 0x00, 0x00, 0x00, 0x10, 0x63, 0x6F, 0x6D,
    0x70, 0x69, 0x6C, 0x65, 0x5F, 0x76, 0x61, 0x00, 0x42, 0x00, 0x00, 0x00,
    0x10, 0x5F, 0x65, 0x6D, 0x69, 0x74, 0x5F, 0x73, 0x65, 0x71, 0x75, 0x65,
    0x6E, 0x63, 0x65, 0x00, 0x43, 0x00, 0x00, 0x00, 0x10, 0x65, 0x6D, 0x69,
    0x74, 0x5F, 0x76, 0x61, 0x6C, 0x75, 0x65, 0x00, 0x44, 0x00, 0x00, 0x00,
    0x10, 0x63, 0x6F, 0x6D, 0x70, 0x69, 0x6C, 0x65, 0x5F, 0x65, 0x78, 0x70,
    0x72, 0x00, 0x45, 0x00, 0x00, 0x00, 0x10, 0x49, 0x4E, 0x54, 0x33, 0x32,
    0x5F, 0x4D, 0x49, 0x4E, 0x00, 0x46, 0x00, 0x00, 0x00, 0x10, 0x49, 0x4E,
    0x54, 0x33, 0x32, 0x5F, 0x4D, 0x41, 0x58, 0x00, 0x47, 0x00, 0x00, 0x00,
    0x10, 0x42, 0x49, 0x4E, 0x4F, 0x50, 0x53, 0x00, 0x48, 0x00, 0x00, 0x00,
    0x10, 0x50, 0x52, 0x49, 0x4D, 0x49, 0x54, 0x49, 0x56, 0x45, 0x5F, 0x54,
    0x59, 0x50, 0x45, 0x5F, 0x4E, 0x41, 0x4D, 0x45, 0x53, 0x00, 0x49, 0x00,
    0x00, 0x00, 0x10, 0x5F, 0x62, 0x6F, 0x64, 0x79, 0x5F, 0x63, 0x6F, 0x6D,
    0x70, 0x69, 0x6C, 0x65, 0x72, 0x00, 0x4A, 0x00, 0x00, 0x00, 0x10, 0x5F,
    0x63, 0x6C, 0x6F, 0x73, 0x75, 0x72, 0x65, 0x5F, 0x63, 0x6F, 0x6D, 0x70,
    0x69, 0x6C, 0x65, 0x72, 0x00, 0x4B, 0x00, 0x00, 0x00, 0x10, 0x41, 0x53,
    0x54, 0x5F, 0x46, 0x49, 0x45, 0x4C, 0x44, 0x00, 0x4C, 0x00, 0x00, 0x00,
    0x10, 0x63, 0x61, 0x64, 0x64, 0x72, 0x00, 0x4D, 0x00, 0x00, 0x00, 0x10,
    0x63, 0x61, 0x64, 0x72, 0x00, 0x4E, 0x00, 0x00, 0x00, 0x10, 0x63, 0x64,
    0x64, 0x64, 0x72, 0x00, 0x4F, 0x00, 0x00, 0x00, 0x10, 0x63, 0x64, 0x64,
    0x72, 0x00, 0x50, 0x00, 0x00, 0x00, 0x10, 0x63, 0x68, 0x61, 0x69, 0x6E,
    0x00, 0x51, 0x00, 0x00, 0x00, 0x10, 0x66, 0x69, 0x65, 0x6C, 0x64, 0x00,
    0x52, 0x00, 0x00, 0x00, 0x10, 0x6C, 0x69, 0x73, 0x74, 0x5F, 0x68, 0x65,
    0x61, 0x64, 0x00, 0x53, 0x00, 0x00, 0x00, 0x10, 0x6C, 0x69, 0x73, 0x74,
    0x5F, 0x74, 0x61, 0x69, 0x6C, 0x00, 0x54, 0x00, 0x00, 0x00, 0x10, 0x70,
    0x61, 0x69, 0x72, 0x5F, 0x61, 0x70, 0x70, 0x65, 0x6E, 0x64, 0x00, 0x55,
    0x00, 0x00, 0x00, 0x10, 0x72, 0x65, 0x70, 0x6C, 0x61, 0x63, 0x65, 0x00,
    0x56, 0x00, 0x00, 0x00, 0x10, 0x74, 0x6F, 0x5F, 0x6C, 0x69, 0x73, 0x74,
    0x00, 0x57, 0x00, 0x00, 0x00, 0x10, 0x42, 0x59, 0x5F, 0x4E, 0x41, 0x4D,
    0x45, 0x00, 0x58, 0x00, 0x00, 0x00, 0x10, 0x42, 0x59, 0x5F, 0x56, 0x41,
    0x4C, 0x55, 0x45, 0x00, 0x59, 0x00, 0x00, 0x00, 0x10, 0x43, 0x4F, 0x52,
    0x45, 0x00, 0x5A, 0x00, 0x00, 0x00, 0x10, 0x44, 0x49, 0x47, 0x49, 0x54,
    0x53, 0x00, 0x5B, 0x00, 0x00, 0x00, 0x10, 0x4C, 0x00, 0x5C, 0x00, 0x00,
    0x00, 0x10, 0x4C, 0x4F, 0x4E, 0x47, 0x00, 0x5D, 0x00, 0x00, 0x00, 0x10,
    0x4C, 0x4F, 0x4E, 0x47, 0x5F, 0x53, 0x54, 0x41, 0x52, 0x54, 0x00, 0x5E,
    0x00, 0x00, 0x00, 0x10, 0x4F, 0x50, 0x53, 0x00, 0x5F, 0x00, 0x00, 0x00,
    0x10, 0x50, 0x00, 0x60, 0x00, 0x00, 0x00, 0x10, 0x50, 0x41, 0x49, 0x52,
    0x41, 0x42, 0x4C, 0x45, 0x00, 0x61, 0x00, 0x00, 0x00, 0x10, 0x50, 0x5F,
    0x42, 0x49, 0x54, 0x00, 0x62, 0x00, 0x00, 0x00, 0x10, 0x5F, 0x49, 0x4E,
    0x44, 0x49, 0x43, 0x45, 0x53, 0x00, 0x63, 0x00, 0x00, 0x00, 0x10, 0x5F,
    0x62, 0x75, 0x69, 0x6C, 0x64, 0x5F, 0x69, 0x6E, 0x64, 0x65, 0x78, 0x00,
    0x64, 0x00, 0x00, 0x00, 0x10, 0x5F, 0x63, 0x68, 0x61, 0x72, 0x5F, 0x66,
    0x72, 0x6F, 0x6D, 0x5F, 0x63, 0x70, 0x00, 0x65, 0x00, 0x00, 0x00, 0x10,
    0x5F, 0x63, 0x68, 0x65, 0x63, 0x6B, 0x5F, 0x66, 0x69, 0x65, 0x6C, 0x64,
    0x00, 0x66, 0x00, 0x00, 0x00, 0x10, 0x5F, 0x64, 0x65, 0x63, 0x6F, 0x64,
    0x65, 0x5F, 0x6F, 0x70, 0x65, 0x72, 0x61, 0x6E, 0x64, 0x00, 0x67, 0x00,
    0x00, 0x00, 0x10, 0x5F, 0x66, 0x33, 0x32, 0x5F, 0x74, 0x65, 0x78, 0x74,
    0x00, 0x68, 0x00, 0x00, 0x00, 0x10, 0x5F, 0x66, 0x6D, 0x74, 0x5F, 0x72,
    0x65, 0x74, 0x75, 0x72, 0x6E, 0x00, 0x69, 0x00, 0x00, 0x00, 0x10, 0x5F,
    0x68, 0x65, 0x78, 0x32, 0x00, 0x6A, 0x00, 0x00, 0x00, 0x10, 0x5F, 0x68,
    0x65, 0x78, 0x5F, 0x64, 0x69, 0x67, 0x69, 0x74, 0x73, 0x00, 0x6B, 0x00,
    0x00, 0x00, 0x10, 0x5F, 0x70, 0x6C, 0x75, 0x73, 0x5F, 0x73, 0x69, 0x67,
    0x6E, 0x65, 0x64, 0x00, 0x6C, 0x00, 0x00, 0x00, 0x10, 0x5F, 0x72, 0x65,
    0x6E, 0x64, 0x65, 0x72, 0x5F, 0x66, 0x6D, 0x74, 0x00, 0x6D, 0x00, 0x00,
    0x00, 0x10, 0x5F, 0x73, 0x69, 0x67, 0x6E, 0x65, 0x64, 0x00, 0x6E, 0x00,
    0x00, 0x00, 0x10, 0x5F, 0x76, 0x61, 0x6C, 0x75, 0x65, 0x5F, 0x66, 0x6F,
    0x72, 0x5F, 0x6E, 0x61, 0x6D, 0x65, 0x00, 0x6F, 0x00, 0x00, 0x00, 0x10,
    0x64, 0x69, 0x73, 0x61, 0x73, 0x73, 0x65, 0x6D, 0x62, 0x6C, 0x65, 0x00,
    0x70, 0x00, 0x00, 0x00, 0x10, 0x64, 0x69, 0x73, 0x61, 0x73, 0x73, 0x65,
    0x6D, 0x62, 0x6C, 0x65, 0x5F, 0x6F, 0x6E, 0x65, 0x00, 0x71, 0x00, 0x00,
    0x00, 0x10, 0x66, 0x69, 0x74, 0x73, 0x5F, 0x69, 0x31, 0x36, 0x00, 0x72,
    0x00, 0x00, 0x00, 0x10, 0x66, 0x69, 0x74, 0x73, 0x5F, 0x69, 0x38, 0x00,
    0x73, 0x00, 0x00, 0x00, 0x10, 0x66, 0x72, 0x6F, 0x6D, 0x5F, 0x72, 0x65,
    0x67, 0x38, 0x00, 0x74, 0x00, 0x00, 0x00, 0x10, 0x69, 0x73, 0x5F, 0x70,
    0x00, 0x75, 0x00, 0x00, 0x00, 0x10, 0x6C, 0x6F, 0x6F, 0x6B, 0x75, 0x70,
    0x00, 0x76, 0x00, 0x00, 0x00, 0x10, 0x70, 0x61, 0x63, 0x6B, 0x00, 0x77,
    0x00, 0x00, 0x00, 0x10, 0x72, 0x65, 0x67, 0x5F, 0x69, 0x6E, 0x64, 0x65,
    0x78, 0x00, 0x78, 0x00, 0x00, 0x00, 0x10, 0x72, 0x65, 0x67, 0x5F, 0x6E,
    0x61, 0x6D, 0x65, 0x00, 0x79, 0x00, 0x00, 0x00, 0x10, 0x74, 0x6F, 0x5F,
    0x72, 0x65, 0x67, 0x38, 0x00, 0x7A, 0x00, 0x00, 0x00, 0x10, 0x75, 0x6E,
    0x70, 0x61, 0x63, 0x6B, 0x00, 0x7B, 0x00, 0x00, 0x00, 0x10, 0x42, 0x49,
    0x4E, 0x41, 0x52, 0x59, 0x5F, 0x4F, 0x50, 0x45, 0x52, 0x41, 0x54, 0x4F,
    0x52, 0x53, 0x00, 0x7C, 0x00, 0x00, 0x00, 0x10, 0x42, 0x4C, 0x4F, 0x43,
    0x4B, 0x5F, 0x4F, 0x57, 0x4E, 0x45, 0x52, 0x53, 0x00, 0x7D, 0x00, 0x00,
    0x00, 0x10, 0x42, 0x4F, 0x55, 0x4E, 0x44, 0x41, 0x52, 0x49, 0x45, 0x53,
    0x00, 0x7E, 0x00, 0x00, 0x00, 0x10, 0x42, 0x55, 0x49, 0x4C, 0x54, 0x49,
    0x4E, 0x5F, 0x4E, 0x41, 0x4D, 0x45, 0x53, 0x00, 0x7F, 0x00, 0x00, 0x00,
    0x10, 0x43, 0x4F, 0x4C, 0x4F, 0x4E, 0x5F, 0x43, 0x50, 0x00, 0x80, 0x00,
    0x00, 0x00, 0x10, 0x46, 0x4E, 0x5F, 0x4C, 0x49, 0x4B, 0x45, 0x00, 0x81,
    0x00, 0x00, 0x00, 0x10, 0x46, 0x6E, 0x43, 0x6F, 0x6E, 0x74, 0x65, 0x78,
    0x74, 0x00, 0x82, 0x00, 0x00, 0x00, 0x10, 0x48, 0x4F, 0x53, 0x54, 0x5F,
    0x47, 0x4C, 0x4F, 0x42, 0x41, 0x4C, 0x53, 0x00, 0x83, 0x00, 0x00, 0x00,
    0x10, 0x49, 0x4D, 0x50, 0x4C, 0x49, 0x43, 0x49, 0x54, 0x5F, 0x4E, 0x41,
    0x4D, 0x45, 0x53, 0x00, 0x84, 0x00, 0x00, 0x00, 0x10, 0x4C, 0x61, 0x62,
    0x65, 0x6C, 0x00, 0x85, 0x00, 0x00, 0x00, 0x10, 0x4D, 0x41, 0x58, 0x5F,
    0x4C, 0x4F, 0x43, 0x41, 0x4C, 0x53, 0x00, 0x86, 0x00, 0x00, 0x00, 0x10,
    0x4D, 0x6F, 0x64, 0x75, 0x6C, 0x65, 0x43, 0x6F, 0x6E, 0x74, 0x65, 0x78,
    0x74, 0x00, 0x87, 0x00, 0x00, 0x00, 0x10, 0x4D, 0x6F, 0x64, 0x75, 0x6C,
    0x65, 0x49, 0x6D, 0x61, 0x67, 0x65, 0x00, 0x88, 0x00, 0x00, 0x00, 0x10,
    0x52, 0x45, 0x53, 0x45, 0x52, 0x56, 0x45, 0x44, 0x00, 0x89, 0x00, 0x00,
    0x00, 0x10, 0x53, 0x50, 0x45, 0x43, 0x53, 0x00, 0x8A, 0x00, 0x00, 0x00,
    0x10, 0x54, 0x41, 0x42, 0x4C, 0x45, 0x5F, 0x4C, 0x49, 0x4D, 0x49, 0x54,
    0x00, 0x8B, 0x00, 0x00, 0x00, 0x10, 0x55, 0x33, 0x32, 0x5F, 0x48, 0x49,
    0x47, 0x48, 0x5F, 0x4D, 0x41, 0x53, 0x4B, 0x00, 0x8C, 0x00, 0x00, 0x00,
    0x10, 0x55, 0x33, 0x32, 0x5F, 0x4D, 0x41, 0x53, 0x4B, 0x00, 0x8D, 0x00,
    0x00, 0x00, 0x10, 0x5F, 0x55, 0x4E, 0x4B, 0x4E, 0x4F, 0x57, 0x4E, 0x5F,
    0x53, 0x50, 0x45, 0x43, 0x00, 0x8E, 0x00, 0x00, 0x00, 0x10, 0x5F, 0x61,
    0x70, 0x70, 0x65, 0x6E, 0x64, 0x5F, 0x6E, 0x6F, 0x64, 0x65, 0x73, 0x00,
    0x8F, 0x00, 0x00, 0x00, 0x10, 0x5F, 0x61, 0x70, 0x70, 0x65, 0x6E, 0x64,
    0x5F, 0x70, 0x61, 0x69, 0x72, 0x5F, 0x6C, 0x69, 0x73, 0x74, 0x00, 0x90,
    0x00, 0x00, 0x00, 0x10, 0x5F, 0x62, 0x75, 0x69, 0x6C, 0x64, 0x5F, 0x73,
    0x70, 0x65, 0x63, 0x73, 0x00, 0x91, 0x00, 0x00, 0x00, 0x10, 0x5F, 0x63,
    0x6F, 0x6C, 0x6C, 0x65, 0x63, 0x74, 0x5F, 0x61, 0x6C, 0x6C, 0x00, 0x92,
    0x00, 0x00, 0x00, 0x10, 0x5F, 0x63, 0x6F, 0x6C, 0x6C, 0x65, 0x63, 0x74,
    0x5F, 0x62, 0x6C, 0x6F, 0x63, 0x6B, 0x00, 0x93, 0x00, 0x00, 0x00, 0x10,
    0x5F, 0x63, 0x6F, 0x6C, 0x6C, 0x65, 0x63, 0x74, 0x5F, 0x73, 0x63, 0x6F,
    0x70, 0x65, 0x00, 0x94, 0x00, 0x00, 0x00, 0x10, 0x5F, 0x63, 0x6F, 0x70,
    0x79, 0x5F, 0x6E, 0x61, 0x6D, 0x65, 0x73, 0x00, 0x95, 0x00, 0x00, 0x00,
    0x10, 0x5F, 0x64, 0x72, 0x6F, 0x70, 0x5F, 0x6B, 0x65, 0x79, 0x00, 0x96,
    0x00, 0x00, 0x00, 0x10, 0x5F, 0x69, 0x6D, 0x70, 0x6C, 0x69, 0x63, 0x69,
    0x74, 0x5F, 0x65, 0x72, 0x72, 0x6F, 0x72, 0x00, 0x97, 0x00, 0x00, 0x00,
    0x10, 0x5F, 0x69, 0x6D, 0x70, 0x6C, 0x69, 0x63, 0x69, 0x74, 0x5F, 0x6E,
    0x6F, 0x64, 0x65, 0x5F, 0x65, 0x72, 0x72, 0x6F, 0x72, 0x00, 0x98, 0x00,
    0x00, 0x00, 0x10, 0x5F, 0x69, 0x6D, 0x70, 0x6C, 0x69, 0x63, 0x69, 0x74,
    0x5F, 0x74, 0x61, 0x72, 0x67, 0x65, 0x74, 0x5F, 0x65, 0x72, 0x72, 0x6F,
    0x72, 0x00, 0x99, 0x00, 0x00, 0x00, 0x10, 0x5F, 0x6E, 0x6F, 0x74, 0x65,
    0x5F, 0x64, 0x65, 0x63, 0x6C, 0x61, 0x72, 0x65, 0x64, 0x00, 0x9A, 0x00,
    0x00, 0x00, 0x10, 0x5F, 0x6E, 0x6F, 0x74, 0x65, 0x5F, 0x64, 0x65, 0x66,
    0x69, 0x6E, 0x69, 0x74, 0x69, 0x6F, 0x6E, 0x00, 0x9B, 0x00, 0x00, 0x00,
    0x10, 0x5F, 0x6F, 0x72, 0x5F, 0x65, 0x6D, 0x70, 0x74, 0x79, 0x00, 0x9C,
    0x00, 0x00, 0x00, 0x10, 0x5F, 0x70, 0x61, 0x74, 0x68, 0x5F, 0x63, 0x68,
    0x61, 0x72, 0x00, 0x9D, 0x00, 0x00, 0x00, 0x10, 0x5F, 0x70, 0x61, 0x74,
    0x68, 0x5F, 0x70, 0x61, 0x72, 0x74, 0x73, 0x00, 0x9E, 0x00, 0x00, 0x00,
    0x10, 0x5F, 0x70, 0x6F, 0x6F, 0x6C, 0x5F, 0x6B, 0x69, 0x6E, 0x64, 0x00,
    0x9F, 0x00, 0x00, 0x00, 0x10, 0x5F, 0x73, 0x70, 0x65, 0x63, 0x5F, 0x66,
    0x6F, 0x72, 0x00, 0xA0, 0x00, 0x00, 0x00, 0x10, 0x5F, 0x73, 0x74, 0x61,
    0x74, 0x69, 0x63, 0x5F, 0x6B, 0x65, 0x79, 0x00, 0xA1, 0x00, 0x00, 0x00,
    0x10, 0x61, 0x73, 0x73, 0x69, 0x67, 0x6E, 0x65, 0x64, 0x5F, 0x6E, 0x61,
    0x6D, 0x65, 0x73, 0x00, 0xA2, 0x00, 0x00, 0x00, 0x10, 0x62, 0x6C, 0x6F,
    0x63, 0x6B, 0x5F, 0x62, 0x6F, 0x64, 0x69, 0x65, 0x73, 0x00, 0xA3, 0x00,
    0x00, 0x00, 0x10, 0x62, 0x6C, 0x6F, 0x63, 0x6B, 0x5F, 0x63, 0x68, 0x69,
    0x6C, 0x64, 0x72, 0x65, 0x6E, 0x00, 0xA4, 0x00, 0x00, 0x00, 0x10, 0x62,
    0x6C, 0x6F, 0x63, 0x6B, 0x5F, 0x73, 0x63, 0x6F, 0x70, 0x65, 0x73, 0x00,
    0xA5, 0x00, 0x00, 0x00, 0x10, 0x62, 0x6F, 0x64, 0x79, 0x5F, 0x73, 0x74,
    0x61, 0x74, 0x65, 0x6D, 0x65, 0x6E, 0x74, 0x73, 0x00, 0xA6, 0x00, 0x00,
    0x00, 0x10, 0x62, 0x6F, 0x75, 0x6E, 0x64, 0x61, 0x72, 0x79, 0x5F, 0x62,
    0x6F, 0x64, 0x79, 0x00, 0xA7, 0x00, 0x00, 0x00, 0x10, 0x62, 0x6F, 0x75,
    0x6E, 0x64, 0x61, 0x72, 0x79, 0x5F, 0x70, 0x61, 0x72, 0x61, 0x6D, 0x73,
    0x00, 0xA8, 0x00, 0x00, 0x00, 0x10, 0x63, 0x65, 0x6C, 0x6C, 0x5F, 0x6E,
    0x61, 0x6D, 0x65, 0x73, 0x00, 0xA9, 0x00, 0x00, 0x00, 0x10, 0x63, 0x68,
    0x65, 0x63, 0x6B, 0x5F, 0x69, 0x6D, 0x70, 0x6C, 0x69, 0x63, 0x69, 0x74,
    0x5F, 0x6E, 0x61, 0x6D, 0x65, 0x73, 0x00, 0xAA, 0x00, 0x00, 0x00, 0x10,
    0x63, 0x68, 0x69, 0x6C, 0x64, 0x72, 0x65, 0x6E, 0x00, 0xAB, 0x00, 0x00,
    0x00, 0x10, 0x63, 0x6F, 0x6E, 0x64, 0x5F, 0x61, 0x73, 0x5F, 0x69, 0x66,
    0x00, 0xAC, 0x00, 0x00, 0x00, 0x10, 0x64, 0x65, 0x63, 0x6C, 0x61, 0x72,
    0x65, 0x64, 0x5F, 0x6E, 0x61, 0x6D, 0x65, 0x73, 0x00, 0xAD, 0x00, 0x00,
    0x00, 0x10, 0x64, 0x65, 0x66, 0x65, 0x72, 0x5F, 0x70, 0x61, 0x72, 0x74,
    0x73, 0x00, 0xAE, 0x00, 0x00, 0x00, 0x10, 0x64, 0x69, 0x73, 0x70, 0x61,
    0x74, 0x63, 0x68, 0x5F, 0x6E, 0x61, 0x6D, 0x65, 0x73, 0x00, 0xAF, 0x00,
    0x00, 0x00, 0x10, 0x66, 0x6E, 0x5F, 0x70, 0x61, 0x72, 0x74, 0x73, 0x00,
    0xB0, 0x00, 0x00, 0x00, 0x10, 0x66, 0x72, 0x65, 0x65, 0x5F, 0x6E, 0x61,
    0x6D, 0x65, 0x73, 0x00, 0xB1, 0x00, 0x00, 0x00, 0x10, 0x69, 0x6E, 0x74,
    0x65, 0x72, 0x73, 0x65, 0x63, 0x74, 0x00, 0xB2, 0x00, 0x00, 0x00, 0x10,
    0x69, 0x73, 0x5F, 0x6B, 0x6E, 0x6F, 0x77, 0x6E, 0x5F, 0x6B, 0x69, 0x6E,
    0x64, 0x00, 0xB3, 0x00, 0x00, 0x00, 0x10, 0x69, 0x73, 0x5F, 0x6E, 0x61,
    0x6D, 0x65, 0x5F, 0x72, 0x65, 0x66, 0x00, 0xB4, 0x00, 0x00, 0x00, 0x10,
    0x69, 0x73, 0x5F, 0x70, 0x61, 0x74, 0x68, 0x5F, 0x6E, 0x6F, 0x64, 0x65,
    0x00, 0xB5, 0x00, 0x00, 0x00, 0x10, 0x69, 0x73, 0x5F, 0x73, 0x63, 0x6F,
    0x70, 0x65, 0x5F, 0x62, 0x6F, 0x75, 0x6E, 0x64, 0x61, 0x72, 0x79, 0x00,
    0xB6, 0x00, 0x00, 0x00, 0x10, 0x6D, 0x61, 0x6B, 0x65, 0x5F, 0x63, 0x6C,
    0x61, 0x73, 0x73, 0x5F, 0x73, 0x6C, 0x6F, 0x74, 0x00, 0xB7, 0x00, 0x00,
    0x00, 0x10, 0x6D, 0x61, 0x6B, 0x65, 0x5F, 0x66, 0x6E, 0x5F, 0x70, 0x61,
    0x72, 0x61, 0x6D, 0x00, 0xB8, 0x00, 0x00, 0x00, 0x10, 0x6D, 0x61, 0x6B,
    0x65, 0x5F, 0x67, 0x6C, 0x6F, 0x62, 0x61, 0x6C, 0x5F, 0x73, 0x6C, 0x6F,
    0x74, 0x00, 0xB9, 0x00, 0x00, 0x00, 0x10, 0x6E, 0x6F, 0x64, 0x65, 0x5F,
    0x6B, 0x69, 0x6E, 0x64, 0x00, 0xBA, 0x00, 0x00, 0x00, 0x10, 0x6E, 0x6F,
    0x74, 0x65, 0x5F, 0x61, 0x6C, 0x6C, 0x00, 0xBB, 0x00, 0x00, 0x00, 0x10,
    0x6E, 0x6F, 0x74, 0x65, 0x5F, 0x6E, 0x61, 0x6D, 0x65, 0x00, 0xBC, 0x00,
    0x00, 0x00, 0x10, 0x6F, 0x77, 0x6E, 0x5F, 0x64, 0x65, 0x63, 0x6C, 0x61,
    0x72, 0x65, 0x64, 0x5F, 0x6E, 0x61, 0x6D, 0x65, 0x73, 0x00, 0xBD, 0x00,
    0x00, 0x00, 0x10, 0x70, 0x61, 0x63, 0x6B, 0x5F, 0x70, 0x61, 0x69, 0x72,
    0x61, 0x62, 0x6C, 0x65, 0x00, 0xBE, 0x00, 0x00, 0x00, 0x10, 0x70, 0x61,
    0x69, 0x72, 0x5F, 0x6C, 0x65, 0x6E, 0x67, 0x74, 0x68, 0x00, 0xBF, 0x00,
    0x00, 0x00, 0x10, 0x70, 0x61, 0x72, 0x61, 0x6D, 0x5F, 0x6E, 0x61, 0x6D,
    0x65, 0x73, 0x00, 0xC0, 0x00, 0x00, 0x00, 0x10, 0x70, 0x61, 0x72, 0x61,
    0x6D, 0x5F, 0x70, 0x61, 0x72, 0x74, 0x73, 0x00, 0xC1, 0x00, 0x00, 0x00,
    0x10, 0x73, 0x61, 0x6D, 0x65, 0x5F, 0x6E, 0x6F, 0x64, 0x65, 0x00, 0xC2,
    0x00, 0x00, 0x00, 0x10, 0x77, 0x61, 0x6C, 0x6B, 0x5F, 0x61, 0x6C, 0x6C,
    0x00, 0xC3, 0x00, 0x00, 0x00, 0x10, 0x77, 0x61, 0x6C, 0x6B, 0x5F, 0x61,
    0x6C, 0x6C, 0x5F, 0x62, 0x6F, 0x64, 0x79, 0x00, 0xC4, 0x00, 0x00, 0x00,
    0x10, 0x77, 0x61, 0x6C, 0x6B, 0x5F, 0x62, 0x6C, 0x6F, 0x63, 0x6B, 0x00,
    0xC5, 0x00, 0x00, 0x00, 0x10, 0x77, 0x61, 0x6C, 0x6B, 0x5F, 0x62, 0x6F,
    0x64, 0x79, 0x00, 0xC6, 0x00, 0x00, 0x00, 0x10, 0x77, 0x61, 0x6C, 0x6B,
    0x5F, 0x73, 0x63, 0x6F, 0x70, 0x65, 0x00, 0xC7, 0x00, 0x00, 0x00, 0x10,
    0x43, 0x4F, 0x4E, 0x53, 0x54, 0x52, 0x55, 0x43, 0x54, 0x5F, 0x4E, 0x41,
    0x4D, 0x45, 0x53, 0x00, 0xC8, 0x00, 0x00, 0x00, 0x10, 0x45, 0x58, 0x50,
    0x52, 0x5F, 0x48, 0x41, 0x4E, 0x44, 0x4C, 0x45, 0x52, 0x53, 0x00, 0xC9,
    0x00, 0x00, 0x00, 0x10, 0x53, 0x54, 0x41, 0x54, 0x45, 0x4D, 0x45, 0x4E,
    0x54, 0x5F, 0x48, 0x41, 0x4E, 0x44, 0x4C, 0x45, 0x52, 0x53, 0x00, 0xCA,
    0x00, 0x00, 0x00, 0x10, 0x54, 0x4F, 0x50, 0x4C, 0x45, 0x56, 0x45, 0x4C,
    0x5F, 0x48, 0x41, 0x4E, 0x44, 0x4C, 0x45, 0x52, 0x53, 0x00, 0xCB, 0x00,
    0x00, 0x00, 0x10, 0x5F, 0x62, 0x75, 0x69, 0x6C, 0x64, 0x5F, 0x63, 0x6F,
    0x6E, 0x73, 0x74, 0x72, 0x75, 0x63, 0x74, 0x5F, 0x6E, 0x61, 0x6D, 0x65,
    0x73, 0x00, 0xCC, 0x00, 0x00, 0x00, 0x10, 0x5F, 0x72, 0x65, 0x67, 0x69,
    0x73, 0x74, 0x65, 0x72, 0x00, 0xCD, 0x00, 0x00, 0x00, 0x10, 0x63, 0x6F,
    0x6E, 0x73, 0x74, 0x72, 0x75, 0x63, 0x74, 0x5F, 0x6E, 0x61, 0x6D, 0x65,
    0x00, 0xCE, 0x00, 0x00, 0x00, 0x10, 0x64, 0x69, 0x73, 0x70, 0x61, 0x74,
    0x63, 0x68, 0x00, 0xCF, 0x00, 0x00, 0x00, 0x10, 0x72, 0x65, 0x67, 0x69,
    0x73, 0x74, 0x65, 0x72, 0x5F, 0x65, 0x78, 0x70, 0x72, 0x65, 0x73, 0x73,
    0x69, 0x6F, 0x6E, 0x00, 0xD0, 0x00, 0x00, 0x00, 0x10, 0x72, 0x65, 0x67,
    0x69, 0x73, 0x74, 0x65, 0x72, 0x5F, 0x73, 0x74, 0x61, 0x74, 0x65, 0x6D,
    0x65, 0x6E, 0x74, 0x00, 0xD1, 0x00, 0x00, 0x00, 0x10, 0x72, 0x65, 0x67,
    0x69, 0x73, 0x74, 0x65, 0x72, 0x5F, 0x74, 0x6F, 0x70, 0x6C, 0x65, 0x76,
    0x65, 0x6C, 0x00, 0xD2, 0x00, 0x00, 0x00, 0x10, 0x73, 0x75, 0x70, 0x70,
    0x6F, 0x72, 0x74, 0x65, 0x64, 0x00, 0xD3, 0x00, 0x00, 0x00, 0x10, 0x75,
    0x6E, 0x73, 0x75, 0x70, 0x70, 0x6F, 0x72, 0x74, 0x65, 0x64, 0x00, 0xD4,
    0x00, 0x00, 0x00, 0x00,
};

static const uint8_t expressions_free[] = {
    0x27, 0x09, 0x00, 0x00, 0x10, 0x63, 0x61, 0x64, 0x64, 0x72, 0x00, 0x4D,
    0x00, 0x00, 0x00, 0x10, 0x63, 0x61, 0x64, 0x72, 0x00, 0x4E, 0x00, 0x00,
    0x00, 0x10, 0x63, 0x64, 0x64, 0x64, 0x72, 0x00, 0x4F, 0x00, 0x00, 0x00,
    0x10, 0x63, 0x64, 0x64, 0x72, 0x00, 0x50, 0x00, 0x00, 0x00, 0x10, 0x63,
    0x68, 0x61, 0x69, 0x6E, 0x00, 0x51, 0x00, 0x00, 0x00, 0x10, 0x66, 0x69,
    0x65, 0x6C, 0x64, 0x00, 0x52, 0x00, 0x00, 0x00, 0x10, 0x6C, 0x69, 0x73,
    0x74, 0x5F, 0x68, 0x65, 0x61, 0x64, 0x00, 0x53, 0x00, 0x00, 0x00, 0x10,
    0x6C, 0x69, 0x73, 0x74, 0x5F, 0x74, 0x61, 0x69, 0x6C, 0x00, 0x54, 0x00,
    0x00, 0x00, 0x10, 0x70, 0x61, 0x69, 0x72, 0x5F, 0x61, 0x70, 0x70, 0x65,
    0x6E, 0x64, 0x00, 0x55, 0x00, 0x00, 0x00, 0x10, 0x72, 0x65, 0x70, 0x6C,
    0x61, 0x63, 0x65, 0x00, 0x56, 0x00, 0x00, 0x00, 0x10, 0x74, 0x6F, 0x5F,
    0x6C, 0x69, 0x73, 0x74, 0x00, 0x57, 0x00, 0x00, 0x00, 0x10, 0x42, 0x59,
    0x5F, 0x4E, 0x41, 0x4D, 0x45, 0x00, 0x58, 0x00, 0x00, 0x00, 0x10, 0x42,
    0x59, 0x5F, 0x56, 0x41, 0x4C, 0x55, 0x45, 0x00, 0x59, 0x00, 0x00, 0x00,
    0x10, 0x43, 0x4F, 0x52, 0x45, 0x00, 0x5A, 0x00, 0x00, 0x00, 0x10, 0x44,
    0x49, 0x47, 0x49, 0x54, 0x53, 0x00, 0x5B, 0x00, 0x00, 0x00, 0x10, 0x4C,
    0x00, 0x5C, 0x00, 0x00, 0x00, 0x10, 0x4C, 0x4F, 0x4E, 0x47, 0x00, 0x5D,
    0x00, 0x00, 0x00, 0x10, 0x4C, 0x4F, 0x4E, 0x47, 0x5F, 0x53, 0x54, 0x41,
    0x52, 0x54, 0x00, 0x5E, 0x00, 0x00, 0x00, 0x10, 0x4F, 0x50, 0x53, 0x00,
    0x5F, 0x00, 0x00, 0x00, 0x10, 0x50, 0x00, 0x60, 0x00, 0x00, 0x00, 0x10,
    0x50, 0x41, 0x49, 0x52, 0x41, 0x42, 0x4C, 0x45, 0x00, 0x61, 0x00, 0x00,
    0x00, 0x10, 0x50, 0x5F, 0x42, 0x49, 0x54, 0x00, 0x62, 0x00, 0x00, 0x00,
    0x10, 0x5F, 0x49, 0x4E, 0x44, 0x49, 0x43, 0x45, 0x53, 0x00, 0x63, 0x00,
    0x00, 0x00, 0x10, 0x5F, 0x62, 0x75, 0x69, 0x6C, 0x64, 0x5F, 0x69, 0x6E,
    0x64, 0x65, 0x78, 0x00, 0x64, 0x00, 0x00, 0x00, 0x10, 0x5F, 0x63, 0x68,
    0x61, 0x72, 0x5F, 0x66, 0x72, 0x6F, 0x6D, 0x5F, 0x63, 0x70, 0x00, 0x65,
    0x00, 0x00, 0x00, 0x10, 0x5F, 0x63, 0x68, 0x65, 0x63, 0x6B, 0x5F, 0x66,
    0x69, 0x65, 0x6C, 0x64, 0x00, 0x66, 0x00, 0x00, 0x00, 0x10, 0x5F, 0x64,
    0x65, 0x63, 0x6F, 0x64, 0x65, 0x5F, 0x6F, 0x70, 0x65, 0x72, 0x61, 0x6E,
    0x64, 0x00, 0x67, 0x00, 0x00, 0x00, 0x10, 0x5F, 0x66, 0x33, 0x32, 0x5F,
    0x74, 0x65, 0x78, 0x74, 0x00, 0x68, 0x00, 0x00, 0x00, 0x10, 0x5F, 0x66,
    0x6D, 0x74, 0x5F, 0x72, 0x65, 0x74, 0x75, 0x72, 0x6E, 0x00, 0x69, 0x00,
    0x00, 0x00, 0x10, 0x5F, 0x68, 0x65, 0x78, 0x32, 0x00, 0x6A, 0x00, 0x00,
    0x00, 0x10, 0x5F, 0x68, 0x65, 0x78, 0x5F, 0x64, 0x69, 0x67, 0x69, 0x74,
    0x73, 0x00, 0x6B, 0x00, 0x00, 0x00, 0x10, 0x5F, 0x70, 0x6C, 0x75, 0x73,
    0x5F, 0x73, 0x69, 0x67, 0x6E, 0x65, 0x64, 0x00, 0x6C, 0x00, 0x00, 0x00,
    0x10, 0x5F, 0x72, 0x65, 0x6E, 0x64, 0x65, 0x72, 0x5F, 0x66, 0x6D, 0x74,
    0x00, 0x6D, 0x00, 0x00, 0x00, 0x10, 0x5F, 0x73, 0x69, 0x67, 0x6E, 0x65,
    0x64, 0x00, 0x6E, 0x00, 0x00, 0x00, 0x10, 0x5F, 0x76, 0x61, 0x6C, 0x75,
    0x65, 0x5F, 0x66, 0x6F, 0x72, 0x5F, 0x6E, 0x61, 0x6D, 0x65, 0x00, 0x6F,
    0x00, 0x00, 0x00, 0x10, 0x64, 0x69, 0x73, 0x61, 0x73, 0x73, 0x65, 0x6D,
    0x62, 0x6C, 0x65, 0x00, 0x70, 0x00, 0x00, 0x00, 0x10, 0x64, 0x69, 0x73,
    0x61, 0x73, 0x73, 0x65, 0x6D, 0x62, 0x6C, 0x65, 0x5F, 0x6F, 0x6E, 0x65,
    0x00, 0x71, 0x00, 0x00, 0x00, 0x10, 0x66, 0x69, 0x74, 0x73, 0x5F, 0x69,
    0x31, 0x36, 0x00, 0x72, 0x00, 0x00, 0x00, 0x10, 0x66, 0x69, 0x74, 0x73,
    0x5F, 0x69, 0x38, 0x00, 0x73, 0x00, 0x00, 0x00, 0x10, 0x66, 0x72, 0x6F,
    0x6D, 0x5F, 0x72, 0x65, 0x67, 0x38, 0x00, 0x74, 0x00, 0x00, 0x00, 0x10,
    0x69, 0x73, 0x5F, 0x70, 0x00, 0x75, 0x00, 0x00, 0x00, 0x10, 0x6C, 0x6F,
    0x6F, 0x6B, 0x75, 0x70, 0x00, 0x76, 0x00, 0x00, 0x00, 0x10, 0x70, 0x61,
    0x63, 0x6B, 0x00, 0x77, 0x00, 0x00, 0x00, 0x10, 0x72, 0x65, 0x67, 0x5F,
    0x69, 0x6E, 0x64, 0x65, 0x78, 0x00, 0x78, 0x00, 0x00, 0x00, 0x10, 0x72,
    0x65, 0x67, 0x5F, 0x6E, 0x61, 0x6D, 0x65, 0x00, 0x79, 0x00, 0x00, 0x00,
    0x10, 0x74, 0x6F, 0x5F, 0x72, 0x65, 0x67, 0x38, 0x00, 0x7A, 0x00, 0x00,
    0x00, 0x10, 0x75, 0x6E, 0x70, 0x61, 0x63, 0x6B, 0x00, 0x7B, 0x00, 0x00,
    0x00, 0x10, 0x42, 0x49, 0x4E, 0x41, 0x52, 0x59, 0x5F, 0x4F, 0x50, 0x45,
    0x52, 0x41, 0x54, 0x4F, 0x52, 0x53, 0x00, 0x7C, 0x00, 0x00, 0x00, 0x10,
    0x42, 0x4C, 0x4F, 0x43, 0x4B, 0x5F, 0x4F, 0x57, 0x4E, 0x45, 0x52, 0x53,
    0x00, 0x7D, 0x00, 0x00, 0x00, 0x10, 0x42, 0x4F, 0x55, 0x4E, 0x44, 0x41,
    0x52, 0x49, 0x45, 0x53, 0x00, 0x7E, 0x00, 0x00, 0x00, 0x10, 0x42, 0x55,
    0x49, 0x4C, 0x54, 0x49, 0x4E, 0x5F, 0x4E, 0x41, 0x4D, 0x45, 0x53, 0x00,
    0x7F, 0x00, 0x00, 0x00, 0x10, 0x43, 0x4F, 0x4C, 0x4F, 0x4E, 0x5F, 0x43,
    0x50, 0x00, 0x80, 0x00, 0x00, 0x00, 0x10, 0x46, 0x4E, 0x5F, 0x4C, 0x49,
    0x4B, 0x45, 0x00, 0x81, 0x00, 0x00, 0x00, 0x10, 0x46, 0x6E, 0x43, 0x6F,
    0x6E, 0x74, 0x65, 0x78, 0x74, 0x00, 0x82, 0x00, 0x00, 0x00, 0x10, 0x48,
    0x4F, 0x53, 0x54, 0x5F, 0x47, 0x4C, 0x4F, 0x42, 0x41, 0x4C, 0x53, 0x00,
    0x83, 0x00, 0x00, 0x00, 0x10, 0x49, 0x4D, 0x50, 0x4C, 0x49, 0x43, 0x49,
    0x54, 0x5F, 0x4E, 0x41, 0x4D, 0x45, 0x53, 0x00, 0x84, 0x00, 0x00, 0x00,
    0x10, 0x4C, 0x61, 0x62, 0x65, 0x6C, 0x00, 0x85, 0x00, 0x00, 0x00, 0x10,
    0x4D, 0x41, 0x58, 0x5F, 0x4C, 0x4F, 0x43, 0x41, 0x4C, 0x53, 0x00, 0x86,
    0x00, 0x00, 0x00, 0x10, 0x4D, 0x6F, 0x64, 0x75, 0x6C, 0x65, 0x43, 0x6F,
    0x6E, 0x74, 0x65, 0x78, 0x74, 0x00, 0x87, 0x00, 0x00, 0x00, 0x10, 0x4D,
    0x6F, 0x64, 0x75, 0x6C, 0x65, 0x49, 0x6D, 0x61, 0x67, 0x65, 0x00, 0x88,
    0x00, 0x00, 0x00, 0x10, 0x52, 0x45, 0x53, 0x45, 0x52, 0x56, 0x45, 0x44,
    0x00, 0x89, 0x00, 0x00, 0x00, 0x10, 0x53, 0x50, 0x45, 0x43, 0x53, 0x00,
    0x8A, 0x00, 0x00, 0x00, 0x10, 0x54, 0x41, 0x42, 0x4C, 0x45, 0x5F, 0x4C,
    0x49, 0x4D, 0x49, 0x54, 0x00, 0x8B, 0x00, 0x00, 0x00, 0x10, 0x55, 0x33,
    0x32, 0x5F, 0x48, 0x49, 0x47, 0x48, 0x5F, 0x4D, 0x41, 0x53, 0x4B, 0x00,
    0x8C, 0x00, 0x00, 0x00, 0x10, 0x55, 0x33, 0x32, 0x5F, 0x4D, 0x41, 0x53,
    0x4B, 0x00, 0x8D, 0x00, 0x00, 0x00, 0x10, 0x5F, 0x55, 0x4E, 0x4B, 0x4E,
    0x4F, 0x57, 0x4E, 0x5F, 0x53, 0x50, 0x45, 0x43, 0x00, 0x8E, 0x00, 0x00,
    0x00, 0x10, 0x5F, 0x61, 0x70, 0x70, 0x65, 0x6E, 0x64, 0x5F, 0x6E, 0x6F,
    0x64, 0x65, 0x73, 0x00, 0x8F, 0x00, 0x00, 0x00, 0x10, 0x5F, 0x61, 0x70,
    0x70, 0x65, 0x6E, 0x64, 0x5F, 0x70, 0x61, 0x69, 0x72, 0x5F, 0x6C, 0x69,
    0x73, 0x74, 0x00, 0x90, 0x00, 0x00, 0x00, 0x10, 0x5F, 0x62, 0x75, 0x69,
    0x6C, 0x64, 0x5F, 0x73, 0x70, 0x65, 0x63, 0x73, 0x00, 0x91, 0x00, 0x00,
    0x00, 0x10, 0x5F, 0x63, 0x6F, 0x6C, 0x6C, 0x65, 0x63, 0x74, 0x5F, 0x61,
    0x6C, 0x6C, 0x00, 0x92, 0x00, 0x00, 0x00, 0x10, 0x5F, 0x63, 0x6F, 0x6C,
    0x6C, 0x65, 0x63, 0x74, 0x5F, 0x62, 0x6C, 0x6F, 0x63, 0x6B, 0x00, 0x93,
    0x00, 0x00, 0x00, 0x10, 0x5F, 0x63, 0x6F, 0x6C, 0x6C, 0x65, 0x63, 0x74,
    0x5F, 0x73, 0x63, 0x6F, 0x70, 0x65, 0x00, 0x94, 0x00, 0x00, 0x00, 0x10,
    0x5F, 0x63, 0x6F, 0x70, 0x79, 0x5F, 0x6E, 0x61, 0x6D, 0x65, 0x73, 0x00,
    0x95, 0x00, 0x00, 0x00, 0x10, 0x5F, 0x64, 0x72, 0x6F, 0x70, 0x5F, 0x6B,
    0x65, 0x79, 0x00, 0x96, 0x00, 0x00, 0x00, 0x10, 0x5F, 0x69, 0x6D, 0x70,
    0x6C, 0x69, 0x63, 0x69, 0x74, 0x5F, 0x65, 0x72, 0x72, 0x6F, 0x72, 0x00,
    0x97, 0x00, 0x00, 0x00, 0x10, 0x5F, 0x69, 0x6D, 0x70, 0x6C, 0x69, 0x63,
    0x69, 0x74, 0x5F, 0x6E, 0x6F, 0x64, 0x65, 0x5F, 0x65, 0x72, 0x72, 0x6F,
    0x72, 0x00, 0x98, 0x00, 0x00, 0x00, 0x10, 0x5F, 0x69, 0x6D, 0x70, 0x6C,
    0x69, 0x63, 0x69, 0x74, 0x5F, 0x74, 0x61, 0x72, 0x67, 0x65, 0x74, 0x5F,
    0x65, 0x72, 0x72, 0x6F, 0x72, 0x00, 0x99, 0x00, 0x00, 0x00, 0x10, 0x5F,
    0x6E, 0x6F, 0x74, 0x65, 0x5F, 0x64, 0x65, 0x63, 0x6C, 0x61, 0x72, 0x65,
    0x64, 0x00, 0x9A, 0x00, 0x00, 0x00, 0x10, 0x5F, 0x6E, 0x6F, 0x74, 0x65,
    0x5F, 0x64, 0x65, 0x66, 0x69, 0x6E, 0x69, 0x74, 0x69, 0x6F, 0x6E, 0x00,
    0x9B, 0x00, 0x00, 0x00, 0x10, 0x5F, 0x6F, 0x72, 0x5F, 0x65, 0x6D, 0x70,
    0x74, 0x79, 0x00, 0x9C, 0x00, 0x00, 0x00, 0x10, 0x5F, 0x70, 0x61, 0x74,
    0x68, 0x5F, 0x63, 0x68, 0x61, 0x72, 0x00, 0x9D, 0x00, 0x00, 0x00, 0x10,
    0x5F, 0x70, 0x61, 0x74, 0x68, 0x5F, 0x70, 0x61, 0x72, 0x74, 0x73, 0x00,
    0x9E, 0x00, 0x00, 0x00, 0x10, 0x5F, 0x70, 0x6F, 0x6F, 0x6C, 0x5F, 0x6B,
    0x69, 0x6E, 0x64, 0x00, 0x9F, 0x00, 0x00, 0x00, 0x10, 0x5F, 0x73, 0x70,
    0x65, 0x63, 0x5F, 0x66, 0x6F, 0x72, 0x00, 0xA0, 0x00, 0x00, 0x00, 0x10,
    0x5F, 0x73, 0x74, 0x61, 0x74, 0x69, 0x63, 0x5F, 0x6B, 0x65, 0x79, 0x00,
    0xA1, 0x00, 0x00, 0x00, 0x10, 0x61, 0x73, 0x73, 0x69, 0x67, 0x6E, 0x65,
    0x64, 0x5F, 0x6E, 0x61, 0x6D, 0x65, 0x73, 0x00, 0xA2, 0x00, 0x00, 0x00,
    0x10, 0x62, 0x6C, 0x6F, 0x63, 0x6B, 0x5F, 0x62, 0x6F, 0x64, 0x69, 0x65,
    0x73, 0x00, 0xA3, 0x00, 0x00, 0x00, 0x10, 0x62, 0x6C, 0x6F, 0x63, 0x6B,
    0x5F, 0x63, 0x68, 0x69, 0x6C, 0x64, 0x72, 0x65, 0x6E, 0x00, 0xA4, 0x00,
    0x00, 0x00, 0x10, 0x62, 0x6C, 0x6F, 0x63, 0x6B, 0x5F, 0x73, 0x63, 0x6F,
    0x70, 0x65, 0x73, 0x00, 0xA5, 0x00, 0x00, 0x00, 0x10, 0x62, 0x6F, 0x64,
    0x79, 0x5F, 0x73, 0x74, 0x61, 0x74, 0x65, 0x6D, 0x65, 0x6E, 0x74, 0x73,
    0x00, 0xA6, 0x00, 0x00, 0x00, 0x10, 0x62, 0x6F, 0x75, 0x6E, 0x64, 0x61,
    0x72, 0x79, 0x5F, 0x62, 0x6F, 0x64, 0x79, 0x00, 0xA7, 0x00, 0x00, 0x00,
    0x10, 0x62, 0x6F, 0x75, 0x6E, 0x64, 0x61, 0x72, 0x79, 0x5F, 0x70, 0x61,
    0x72, 0x61, 0x6D, 0x73, 0x00, 0xA8, 0x00, 0x00, 0x00, 0x10, 0x63, 0x65,
    0x6C, 0x6C, 0x5F, 0x6E, 0x61, 0x6D, 0x65, 0x73, 0x00, 0xA9, 0x00, 0x00,
    0x00, 0x10, 0x63, 0x68, 0x65, 0x63, 0x6B, 0x5F, 0x69, 0x6D, 0x70, 0x6C,
    0x69, 0x63, 0x69, 0x74, 0x5F, 0x6E, 0x61, 0x6D, 0x65, 0x73, 0x00, 0xAA,
    0x00, 0x00, 0x00, 0x10, 0x63, 0x68, 0x69, 0x6C, 0x64, 0x72, 0x65, 0x6E,
    0x00, 0xAB, 0x00, 0x00, 0x00, 0x10, 0x63, 0x6F, 0x6E, 0x64, 0x5F, 0x61,
    0x73, 0x5F, 0x69, 0x66, 0x00, 0xAC, 0x00, 0x00, 0x00, 0x10, 0x64, 0x65,
    0x63, 0x6C, 0x61, 0x72, 0x65, 0x64, 0x5F, 0x6E, 0x61, 0x6D, 0x65, 0x73,
    0x00, 0xAD, 0x00, 0x00, 0x00, 0x10, 0x64, 0x65, 0x66, 0x65, 0x72, 0x5F,
    0x70, 0x61, 0x72, 0x74, 0x73, 0x00, 0xAE, 0x00, 0x00, 0x00, 0x10, 0x64,
    0x69, 0x73, 0x70, 0x61, 0x74, 0x63, 0x68, 0x5F, 0x6E, 0x61, 0x6D, 0x65,
    0x73, 0x00, 0xAF, 0x00, 0x00, 0x00, 0x10, 0x66, 0x6E, 0x5F, 0x70, 0x61,
    0x72, 0x74, 0x73, 0x00, 0xB0, 0x00, 0x00, 0x00, 0x10, 0x66, 0x72, 0x65,
    0x65, 0x5F, 0x6E, 0x61, 0x6D, 0x65, 0x73, 0x00, 0xB1, 0x00, 0x00, 0x00,
    0x10, 0x69, 0x6E, 0x74, 0x65, 0x72, 0x73, 0x65, 0x63, 0x74, 0x00, 0xB2,
    0x00, 0x00, 0x00, 0x10, 0x69, 0x73, 0x5F, 0x6B, 0x6E, 0x6F, 0x77, 0x6E,
    0x5F, 0x6B, 0x69, 0x6E, 0x64, 0x00, 0xB3, 0x00, 0x00, 0x00, 0x10, 0x69,
    0x73, 0x5F, 0x6E, 0x61, 0x6D, 0x65, 0x5F, 0x72, 0x65, 0x66, 0x00, 0xB4,
    0x00, 0x00, 0x00, 0x10, 0x69, 0x73, 0x5F, 0x70, 0x61, 0x74, 0x68, 0x5F,
    0x6E, 0x6F, 0x64, 0x65, 0x00, 0xB5, 0x00, 0x00, 0x00, 0x10, 0x69, 0x73,
    0x5F, 0x73, 0x63, 0x6F, 0x70, 0x65, 0x5F, 0x62, 0x6F, 0x75, 0x6E, 0x64,
    0x61, 0x72, 0x79, 0x00, 0xB6, 0x00, 0x00, 0x00, 0x10, 0x6D, 0x61, 0x6B,
    0x65, 0x5F, 0x63, 0x6C, 0x61, 0x73, 0x73, 0x5F, 0x73, 0x6C, 0x6F, 0x74,
    0x00, 0xB7, 0x00, 0x00, 0x00, 0x10, 0x6D, 0x61, 0x6B, 0x65, 0x5F, 0x66,
    0x6E, 0x5F, 0x70, 0x61, 0x72, 0x61, 0x6D, 0x00, 0xB8, 0x00, 0x00, 0x00,
    0x10, 0x6D, 0x61, 0x6B, 0x65, 0x5F, 0x67, 0x6C, 0x6F, 0x62, 0x61, 0x6C,
    0x5F, 0x73, 0x6C, 0x6F, 0x74, 0x00, 0xB9, 0x00, 0x00, 0x00, 0x10, 0x6E,
    0x6F, 0x64, 0x65, 0x5F, 0x6B, 0x69, 0x6E, 0x64, 0x00, 0xBA, 0x00, 0x00,
    0x00, 0x10, 0x6E, 0x6F, 0x74, 0x65, 0x5F, 0x61, 0x6C, 0x6C, 0x00, 0xBB,
    0x00, 0x00, 0x00, 0x10, 0x6E, 0x6F, 0x74, 0x65, 0x5F, 0x6E, 0x61, 0x6D,
    0x65, 0x00, 0xBC, 0x00, 0x00, 0x00, 0x10, 0x6F, 0x77, 0x6E, 0x5F, 0x64,
    0x65, 0x63, 0x6C, 0x61, 0x72, 0x65, 0x64, 0x5F, 0x6E, 0x61, 0x6D, 0x65,
    0x73, 0x00, 0xBD, 0x00, 0x00, 0x00, 0x10, 0x70, 0x61, 0x63, 0x6B, 0x5F,
    0x70, 0x61, 0x69, 0x72, 0x61, 0x62, 0x6C, 0x65, 0x00, 0xBE, 0x00, 0x00,
    0x00, 0x10, 0x70, 0x61, 0x69, 0x72, 0x5F, 0x6C, 0x65, 0x6E, 0x67, 0x74,
    0x68, 0x00, 0xBF, 0x00, 0x00, 0x00, 0x10, 0x70, 0x61, 0x72, 0x61, 0x6D,
    0x5F, 0x6E, 0x61, 0x6D, 0x65, 0x73, 0x00, 0xC0, 0x00, 0x00, 0x00, 0x10,
    0x70, 0x61, 0x72, 0x61, 0x6D, 0x5F, 0x70, 0x61, 0x72, 0x74, 0x73, 0x00,
    0xC1, 0x00, 0x00, 0x00, 0x10, 0x73, 0x61, 0x6D, 0x65, 0x5F, 0x6E, 0x6F,
    0x64, 0x65, 0x00, 0xC2, 0x00, 0x00, 0x00, 0x10, 0x77, 0x61, 0x6C, 0x6B,
    0x5F, 0x61, 0x6C, 0x6C, 0x00, 0xC3, 0x00, 0x00, 0x00, 0x10, 0x77, 0x61,
    0x6C, 0x6B, 0x5F, 0x61, 0x6C, 0x6C, 0x5F, 0x62, 0x6F, 0x64, 0x79, 0x00,
    0xC4, 0x00, 0x00, 0x00, 0x10, 0x77, 0x61, 0x6C, 0x6B, 0x5F, 0x62, 0x6C,
    0x6F, 0x63, 0x6B, 0x00, 0xC5, 0x00, 0x00, 0x00, 0x10, 0x77, 0x61, 0x6C,
    0x6B, 0x5F, 0x62, 0x6F, 0x64, 0x79, 0x00, 0xC6, 0x00, 0x00, 0x00, 0x10,
    0x77, 0x61, 0x6C, 0x6B, 0x5F, 0x73, 0x63, 0x6F, 0x70, 0x65, 0x00, 0xC7,
    0x00, 0x00, 0x00, 0x10, 0x43, 0x4F, 0x4E, 0x53, 0x54, 0x52, 0x55, 0x43,
    0x54, 0x5F, 0x4E, 0x41, 0x4D, 0x45, 0x53, 0x00, 0xC8, 0x00, 0x00, 0x00,
    0x10, 0x45, 0x58, 0x50, 0x52, 0x5F, 0x48, 0x41, 0x4E, 0x44, 0x4C, 0x45,
    0x52, 0x53, 0x00, 0xC9, 0x00, 0x00, 0x00, 0x10, 0x53, 0x54, 0x41, 0x54,
    0x45, 0x4D, 0x45, 0x4E, 0x54, 0x5F, 0x48, 0x41, 0x4E, 0x44, 0x4C, 0x45,
    0x52, 0x53, 0x00, 0xCA, 0x00, 0x00, 0x00, 0x10, 0x54, 0x4F, 0x50, 0x4C,
    0x45, 0x56, 0x45, 0x4C, 0x5F, 0x48, 0x41, 0x4E, 0x44, 0x4C, 0x45, 0x52,
    0x53, 0x00, 0xCB, 0x00, 0x00, 0x00, 0x10, 0x5F, 0x62, 0x75, 0x69, 0x6C,
    0x64, 0x5F, 0x63, 0x6F, 0x6E, 0x73, 0x74, 0x72, 0x75, 0x63, 0x74, 0x5F,
    0x6E, 0x61, 0x6D, 0x65, 0x73, 0x00, 0xCC, 0x00, 0x00, 0x00, 0x10, 0x5F,
    0x72, 0x65, 0x67, 0x69, 0x73, 0x74, 0x65, 0x72, 0x00, 0xCD, 0x00, 0x00,
    0x00, 0x10, 0x63, 0x6F, 0x6E, 0x73, 0x74, 0x72, 0x75, 0x63, 0x74, 0x5F,
    0x6E, 0x61, 0x6D, 0x65, 0x00, 0xCE, 0x00, 0x00, 0x00, 0x10, 0x64, 0x69,
    0x73, 0x70, 0x61, 0x74, 0x63, 0x68, 0x00, 0xCF, 0x00, 0x00, 0x00, 0x10,
    0x72, 0x65, 0x67, 0x69, 0x73, 0x74, 0x65, 0x72, 0x5F, 0x65, 0x78, 0x70,
    0x72, 0x65, 0x73, 0x73, 0x69, 0x6F, 0x6E, 0x00, 0xD0, 0x00, 0x00, 0x00,
    0x10, 0x72, 0x65, 0x67, 0x69, 0x73, 0x74, 0x65, 0x72, 0x5F, 0x73, 0x74,
    0x61, 0x74, 0x65, 0x6D, 0x65, 0x6E, 0x74, 0x00, 0xD1, 0x00, 0x00, 0x00,
    0x10, 0x72, 0x65, 0x67, 0x69, 0x73, 0x74, 0x65, 0x72, 0x5F, 0x74, 0x6F,
    0x70, 0x6C, 0x65, 0x76, 0x65, 0x6C, 0x00, 0xD2, 0x00, 0x00, 0x00, 0x10,
    0x73, 0x75, 0x70, 0x70, 0x6F, 0x72, 0x74, 0x65, 0x64, 0x00, 0xD3, 0x00,
    0x00, 0x00, 0x10, 0x75, 0x6E, 0x73, 0x75, 0x70, 0x70, 0x6F, 0x72, 0x74,
    0x65, 0x64, 0x00, 0xD4, 0x00, 0x00, 0x00, 0x10, 0x65, 0x72, 0x72, 0x6F,
    0x72, 0x00, 0xD5, 0x00, 0x00, 0x00, 0x10, 0x63, 0x64, 0x72, 0x00, 0xD6,
    0x00, 0x00, 0x00, 0x10, 0x63, 0x61, 0x72, 0x00, 0xD7, 0x00, 0x00, 0x00,
    0x10, 0x62, 0x79, 0x74, 0x65, 0x73, 0x00, 0xD8, 0x00, 0x00, 0x00, 0x10,
    0x73, 0x74, 0x72, 0x00, 0xD9, 0x00, 0x00, 0x00, 0x10, 0x6C, 0x65, 0x6E,
    0x00, 0xDA, 0x00, 0x00, 0x00, 0x10, 0x73, 0x79, 0x6D, 0x00, 0xDB, 0x00,
    0x00, 0x00, 0x00,
};

static const uint32_t expressions_code[] = {
    0x00000047,                /* 0000  import L0 <- static#0   ("std::") */
    0x00000043,                /* 0001  gset g0 <- L0   (std) */
    0x00010047,                /* 0002  import L0 <- static#1   ("std::pairs") */
    0x000100B5, 0x00000000,    /* 0003  import_star static#1 except 0, 0 names   ("std::pairs") */
    0x00020047,                /* 0005  import L0 <- static#2   ("wyrm::") */
    0x00010043,                /* 0006  gset g1 <- L0   (wyrm) */
    0x00030047,                /* 0007  import L0 <- static#3   ("wyrm::opcodes") */
    0x000300B5, 0x00000000,    /* 0008  import_star static#3 except 0, 0 names   ("wyrm::opcodes") */
    0x00020047,                /* 000A  import L0 <- static#2   ("wyrm::") */
    0x00010043,                /* 000B  gset g1 <- L0   (wyrm) */
    0x00040047,                /* 000C  import L0 <- static#4   ("wyrm::compiler::") */
    0x00050047,                /* 000D  import L0 <- static#5   ("wyrm::compiler::context") */
    0x000500B5, 0x00000000,    /* 000E  import_star static#5 except 0, 0 names   ("wyrm::compiler::context") */
    0x00020047,                /* 0010  import L0 <- static#2   ("wyrm::") */
    0x00010043,                /* 0011  gset g1 <- L0   (wyrm) */
    0x00040047,                /* 0012  import L0 <- static#4   ("wyrm::compiler::") */
    0x00060047,                /* 0013  import L0 <- static#6   ("wyrm::compiler::analysis") */
    0x000600B5, 0x00000000,    /* 0014  import_star static#6 except 0, 0 names   ("wyrm::compiler::analysis") */
    0x00020047,                /* 0016  import L0 <- static#2   ("wyrm::") */
    0x00010043,                /* 0017  gset g1 <- L0   (wyrm) */
    0x00040047,                /* 0018  import L0 <- static#4   ("wyrm::compiler::") */
    0x00070047,                /* 0019  import L0 <- static#7   ("wyrm::compiler::handlers") */
    0x000700B5, 0x00000000,    /* 001A  import_star static#7 except 0, 0 names   ("wyrm::compiler::handlers") */
    0x00010240,                /* 001C  i8 L1 <- 2 */
    0x00021F40,                /* 001D  i8 L2 <- 31 */
    0x0003008A, 0x00010002,    /* 001E  pow L3 <- L1 ** L2 */
    0x00000348,                /* 0020  neg L0 <- L3 */
    0x00460043,                /* 0021  gset g70 <- L0   (INT32_MIN) */
    0x00010240,                /* 0022  i8 L1 <- 2 */
    0x00021F40,                /* 0023  i8 L2 <- 31 */
    0x0003008A, 0x00010002,    /* 0024  pow L3 <- L1 ** L2 */
    0x00040140,                /* 0026  i8 L4 <- 1 */
    0x00000086, 0x00030004,    /* 0027  sub L0 <- L3 - L4 */
    0x00470043,                /* 0029  gset g71 <- L0   (INT32_MAX) */
    0x00080146,                /* 002A  lconst L1 <- static#8   ("+") */
    0x00000245,                /* 002B  lsym L2 <- sym#0   ("add") */
    0x00090346,                /* 002C  lconst L3 <- static#9   ("-") */
    0x00010445,                /* 002D  lsym L4 <- sym#1   ("sub") */
    0x000A0546,                /* 002E  lconst L5 <- static#10   ("*") */
    0x00020645,                /* 002F  lsym L6 <- sym#2   ("mul") */
    0x000B0746,                /* 0030  lconst L7 <- static#11   ("/") */
    0x00030845,                /* 0031  lsym L8 <- sym#3   ("div") */
    0x000C0946,                /* 0032  lconst L9 <- static#12   ("%") */
    0x00040A45,                /* 0033  lsym L10 <- sym#4   ("mod") */
    0x000D0B46,                /* 0034  lconst L11 <- static#13   ("**") */
    0x00050C45,                /* 0035  lsym L12 <- sym#5   ("pow") */
    0x000E0D46,                /* 0036  lconst L13 <- static#14   ("&") */
    0x00060E45,                /* 0037  lsym L14 <- sym#6   ("band") */
    0x000F0F46,                /* 0038  lconst L15 <- static#15   ("|") */
    0x00071045,                /* 0039  lsym L16 <- sym#7   ("bor") */
    0x00101146,                /* 003A  lconst L17 <- static#16   ("^") */
    0x00081245,                /* 003B  lsym L18 <- sym#8   ("bxor") */
    0x00111346,                /* 003C  lconst L19 <- static#17   ("<<") */
    0x00091445,                /* 003D  lsym L20 <- sym#9   ("shl") */
    0x00121546,                /* 003E  lconst L21 <- static#18   (">>") */
    0x000A1645,                /* 003F  lsym L22 <- sym#10   ("shr") */
    0x00131746,                /* 0040  lconst L23 <- static#19   ("==") */
    0x000B1845,                /* 0041  lsym L24 <- sym#11   ("eq") */
    0x00141946,                /* 0042  lconst L25 <- static#20   ("!=") */
    0x000C1A45,                /* 0043  lsym L26 <- sym#12   ("ne") */
    0x00151B46,                /* 0044  lconst L27 <- static#21   ("<") */
    0x000D1C45,                /* 0045  lsym L28 <- sym#13   ("lt") */
    0x00161D46,                /* 0046  lconst L29 <- static#22   ("<=") */
    0x000E1E45,                /* 0047  lsym L30 <- sym#14   ("le") */
    0x00171F46,                /* 0048  lconst L31 <- static#23   (">") */
    0x000F2045,                /* 0049  lsym L32 <- sym#15   ("gt") */
    0x00182146,                /* 004A  lconst L33 <- static#24   (">=") */
    0x00102245,                /* 004B  lsym L34 <- sym#16   ("ge") */
    0x00192346,                /* 004C  lconst L35 <- static#25   ("<=>") */
    0x00112445,                /* 004D  lsym L36 <- sym#17   ("cmp3") */
    0x001A2546,                /* 004E  lconst L37 <- static#26   ("in") */
    0x00122645,                /* 004F  lsym L38 <- sym#18   ("in") */
    0x00001383, 0x00010000,    /* 0050  dict L0 <- L1, 19 pairs */
    0x00480043,                /* 0052  gset g72 <- L0   (BINOPS) */
    0x001B0146,                /* 0053  lconst L1 <- static#27   ("nil") */
    0x001C0246,                /* 0054  lconst L2 <- static#28   ("bool") */
    0x001D0346,                /* 0055  lconst L3 <- static#29   ("int") */
    0x001E0446,                /* 0056  lconst L4 <- static#30   ("uint") */
    0x001F0546,                /* 0057  lconst L5 <- static#31   ("float") */
    0x00200646,                /* 0058  lconst L6 <- static#32   ("str") */
    0x00210746,                /* 0059  lconst L7 <- static#33   ("sym") */
    0x00220846,                /* 005A  lconst L8 <- static#34   ("list") */
    0x00230946,                /* 005B  lconst L9 <- static#35   ("tuple") */
    0x00240A46,                /* 005C  lconst L10 <- static#36   ("dict") */
    0x00250B46,                /* 005D  lconst L11 <- static#37   ("bytes") */
    0x00260C46,                /* 005E  lconst L12 <- static#38   ("pair") */
    0x00270D46,                /* 005F  lconst L13 <- static#39   ("error") */
    0x00000D82, 0x00010000,    /* 0060  list L0 <- L1, 13 items */
    0x00490043,                /* 0062  gset g73 <- L0   (PRIMITIVE_TYPE_NAMES) */
    0x000000A8, 0x00000000,    /* 0063  closure L0 <- fn#0, 0 caps */
    0x00020043,                /* 0065  gset g2 <- L0   (_tail) */
    0x000000A8, 0x00010000,    /* 0066  closure L0 <- fn#1, 0 caps */
    0x00030043,                /* 0068  gset g3 <- L0   (_field) */
    0x000000A8, 0x00020000,    /* 0069  closure L0 <- fn#2, 0 caps */
    0x00040043,                /* 006B  gset g4 <- L0   (_max2) */
    0x000000A8, 0x00030000,    /* 006C  closure L0 <- fn#3, 0 caps */
    0x00050043,                /* 006E  gset g5 <- L0   (_join_parts) */
    0x000000A8, 0x00040000,    /* 006F  closure L0 <- fn#4, 0 caps */
    0x00060043,                /* 0071  gset g6 <- L0   (_f32_bits) */
    0x000000A8, 0x00050000,    /* 0072  closure L0 <- fn#5, 0 caps */
    0x00070043,                /* 0074  gset g7 <- L0   (_emit_pack) */
    0x000000A8, 0x00060000,    /* 0075  closure L0 <- fn#6, 0 caps */
    0x00080043,                /* 0077  gset g8 <- L0   (_emit_pairable) */
    0x000000A8, 0x00070000,    /* 0078  closure L0 <- fn#7, 0 caps */
    0x00090043,                /* 007A  gset g9 <- L0   (_land) */
    0x000000A8, 0x00080000,    /* 007B  closure L0 <- fn#8, 0 caps */
    0x000A0043,                /* 007D  gset g10 <- L0   (_target) */
    0x000000A8, 0x00090000,    /* 007E  closure L0 <- fn#9, 0 caps */
    0x000B0043,                /* 0080  gset g11 <- L0   (_string) */
    0x000000A8, 0x000A0000,    /* 0081  closure L0 <- fn#10, 0 caps */
    0x000C0043,                /* 0083  gset g12 <- L0   (_number) */
    0x000000A8, 0x000B0000,    /* 0084  closure L0 <- fn#11, 0 caps */
    0x000D0043,                /* 0086  gset g13 <- L0   (_char_lit) */
    0x000000A8, 0x000C0000,    /* 0087  closure L0 <- fn#12, 0 caps */
    0x000E0043,                /* 0089  gset g14 <- L0   (_symbol_lit) */
    0x000000A8, 0x000D0000,    /* 008A  closure L0 <- fn#13, 0 caps */
    0x000F0043,                /* 008C  gset g15 <- L0   (_bool_lit) */
    0x000000A8, 0x000E0000,    /* 008D  closure L0 <- fn#14, 0 caps */
    0x00100043,                /* 008F  gset g16 <- L0   (reg_of) */
    0x000000A8, 0x000F0000,    /* 0090  closure L0 <- fn#15, 0 caps */
    0x00110043,                /* 0092  gset g17 <- L0   (_land_free) */
    0x000000A8, 0x00100000,    /* 0093  closure L0 <- fn#16, 0 caps */
    0x00120043,                /* 0095  gset g18 <- L0   (resolve_name) */
    0x000000A8, 0x00110000,    /* 0096  closure L0 <- fn#17, 0 caps */
    0x00130043,                /* 0098  gset g19 <- L0   (_nil_lit) */
    0x000000A8, 0x00120000,    /* 0099  closure L0 <- fn#18, 0 caps */
    0x00140043,                /* 009B  gset g20 <- L0   (_this) */
    0x000000A8, 0x00130000,    /* 009C  closure L0 <- fn#19, 0 caps */
    0x00150043,                /* 009E  gset g21 <- L0   (_bare_symbol) */
    0x000000A8, 0x00140000,    /* 009F  closure L0 <- fn#20, 0 caps */
    0x00160043,                /* 00A1  gset g22 <- L0   (_unary) */
    0x000000A8, 0x00150000,    /* 00A2  closure L0 <- fn#21, 0 caps */
    0x00170043,                /* 00A4  gset g23 <- L0   (_pos) */
    0x000000A8, 0x00160000,    /* 00A5  closure L0 <- fn#22, 0 caps */
    0x00180043,                /* 00A7  gset g24 <- L0   (_binop) */
    0x000000A8, 0x00170000,    /* 00A8  closure L0 <- fn#23, 0 caps */
    0x00190043,                /* 00AA  gset g25 <- L0   (_exp) */
    0x000000A8, 0x00180000,    /* 00AB  closure L0 <- fn#24, 0 caps */
    0x001A0043,                /* 00AD  gset g26 <- L0   (_in_op) */
    0x000000A8, 0x00190000,    /* 00AE  closure L0 <- fn#25, 0 caps */
    0x001B0043,                /* 00B0  gset g27 <- L0   (_short_circuit) */
    0x000000A8, 0x001A0000,    /* 00B1  closure L0 <- fn#26, 0 caps */
    0x001C0043,                /* 00B3  gset g28 <- L0   (_type_atoms) */
    0x000000A8, 0x001B0000,    /* 00B4  closure L0 <- fn#27, 0 caps */
    0x001D0043,                /* 00B6  gset g29 <- L0   (_type_parts) */
    0x000000A8, 0x001C0000,    /* 00B7  closure L0 <- fn#28, 0 caps */
    0x001E0043,                /* 00B9  gset g30 <- L0   (_type_value) */
    0x000000A8, 0x001D0000,    /* 00BA  closure L0 <- fn#29, 0 caps */
    0x001F0043,                /* 00BC  gset g31 <- L0   (_type_check) */
    0x000000A8, 0x001E0000,    /* 00BD  closure L0 <- fn#30, 0 caps */
    0x00200043,                /* 00BF  gset g32 <- L0   (compile_into_window) */
    0x000000A8, 0x001F0000,    /* 00C0  closure L0 <- fn#31, 0 caps */
    0x00210043,                /* 00C2  gset g33 <- L0   (has_spread_or_keyword) */
    0x000000A8, 0x00200000,    /* 00C3  closure L0 <- fn#32, 0 caps */
    0x00220043,                /* 00C5  gset g34 <- L0   (_compile_call) */
    0x000000A8, 0x00210000,    /* 00C6  closure L0 <- fn#33, 0 caps */
    0x00230043,                /* 00C8  gset g35 <- L0   (_compile_trap) */
    0x000000A8, 0x00220000,    /* 00C9  closure L0 <- fn#34, 0 caps */
    0x00240043,                /* 00CB  gset g36 <- L0   (compile_call) */
    0x000000A8, 0x00230000,    /* 00CC  closure L0 <- fn#35, 0 caps */
    0x00250043,                /* 00CE  gset g37 <- L0   (_call) */
    0x000000A8, 0x00240000,    /* 00CF  closure L0 <- fn#36, 0 caps */
    0x00260043,                /* 00D1  gset g38 <- L0   (_window_of) */
    0x000000A8, 0x00250000,    /* 00D2  closure L0 <- fn#37, 0 caps */
    0x00270043,                /* 00D4  gset g39 <- L0   (_sequence) */
    0x000000A8, 0x00260000,    /* 00D5  closure L0 <- fn#38, 0 caps */
    0x00280043,                /* 00D7  gset g40 <- L0   (_array) */
    0x000000A8, 0x00270000,    /* 00D8  closure L0 <- fn#39, 0 caps */
    0x00290043,                /* 00DA  gset g41 <- L0   (_tuple) */
    0x000000A8, 0x00280000,    /* 00DB  closure L0 <- fn#40, 0 caps */
    0x002A0043,                /* 00DD  gset g42 <- L0   (_plist) */
    0x000000A8, 0x00290000,    /* 00DE  closure L0 <- fn#41, 0 caps */
    0x002B0043,                /* 00E0  gset g43 <- L0   (_dict) */
    0x000000A8, 0x002A0000,    /* 00E1  closure L0 <- fn#42, 0 caps */
    0x002C0043,                /* 00E3  gset g44 <- L0   (own_slot_index) */
    0x000000A8, 0x002B0000,    /* 00E4  closure L0 <- fn#43, 0 caps */
    0x002D0043,                /* 00E6  gset g45 <- L0   (_attr) */
    0x000000A8, 0x002C0000,    /* 00E7  closure L0 <- fn#44, 0 caps */
    0x002E0043,                /* 00E9  gset g46 <- L0   (_index) */
    0x00000003,                /* 00EA  lnil L0 */
    0x004A0043,                /* 00EB  gset g74 <- L0   (_body_compiler) */
    0x00000003,                /* 00EC  lnil L0 */
    0x004B0043,                /* 00ED  gset g75 <- L0   (_closure_compiler) */
    0x000000A8, 0x002D0000,    /* 00EE  closure L0 <- fn#45, 0 caps */
    0x002F0043,                /* 00F0  gset g47 <- L0   (set_body_compiler) */
    0x000000A8, 0x002E0000,    /* 00F1  closure L0 <- fn#46, 0 caps */
    0x00300043,                /* 00F3  gset g48 <- L0   (set_closure_compiler) */
    0x000000A8, 0x002F0000,    /* 00F4  closure L0 <- fn#47, 0 caps */
    0x00310043,                /* 00F6  gset g49 <- L0   (_lambda) */
    0x000000A8, 0x00300000,    /* 00F7  closure L0 <- fn#48, 0 caps */
    0x00320043,                /* 00F9  gset g50 <- L0   (_do) */
    0x000000A8, 0x00310000,    /* 00FA  closure L0 <- fn#49, 0 caps */
    0x00330043,                /* 00FC  gset g51 <- L0   (_try) */
    0x000000A8, 0x00320000,    /* 00FD  closure L0 <- fn#50, 0 caps */
    0x00340043,                /* 00FF  gset g52 <- L0   (_catch) */
    0x000000A8, 0x00330000,    /* 0100  closure L0 <- fn#51, 0 caps */
    0x00350043,                /* 0102  gset g53 <- L0   (message_index) */
    0x000000A8, 0x00340000,    /* 0103  closure L0 <- fn#52, 0 caps */
    0x00360043,                /* 0105  gset g54 <- L0   (_msg_binding) */
    0x000000A8, 0x00350000,    /* 0106  closure L0 <- fn#53, 0 caps */
    0x00370043,                /* 0108  gset g55 <- L0   (compile_message) */
    0x000000A8, 0x00360000,    /* 0109  closure L0 <- fn#54, 0 caps */
    0x00380043,                /* 010B  gset g56 <- L0   (_message) */
    0x000000A8, 0x00370000,    /* 010C  closure L0 <- fn#55, 0 caps */
    0x00390043,                /* 010E  gset g57 <- L0   (_scope) */
    0x004B0046,                /* 010F  lconst L0 <- static#75   ("$ast") */
    0x004C0043,                /* 0110  gset g76 <- L0   (AST_FIELD) */
    0x000000A8, 0x00380000,    /* 0111  closure L0 <- fn#56, 0 caps */
    0x003A0043,                /* 0113  gset g58 <- L0   (_astref) */
    0x000000A8, 0x00390000,    /* 0114  closure L0 <- fn#57, 0 caps */
    0x003B0043,                /* 0116  gset g59 <- L0   (compile_yield) */
    0x000000A8, 0x003A0000,    /* 0117  closure L0 <- fn#58, 0 caps */
    0x003C0043,                /* 0119  gset g60 <- L0   (_yield) */
    0x000000A8, 0x003B0000,    /* 011A  closure L0 <- fn#59, 0 caps */
    0x003D0043,                /* 011C  gset g61 <- L0   (_yield_from) */
    0x000000A8, 0x003C0000,    /* 011D  closure L0 <- fn#60, 0 caps */
    0x003E0043,                /* 011F  gset g62 <- L0   (_collection) */
    0x000000A8, 0x003D0000,    /* 0120  closure L0 <- fn#61, 0 caps */
    0x003F0043,                /* 0122  gset g63 <- L0   (_concatenate) */
    0x000000A8, 0x003E0000,    /* 0123  closure L0 <- fn#62, 0 caps */
    0x00400043,                /* 0125  gset g64 <- L0   (_positional_argument_tuple) */
    0x000000A8, 0x003F0000,    /* 0126  closure L0 <- fn#63, 0 caps */
    0x00410043,                /* 0128  gset g65 <- L0   (_keyword_argument_dict) */
    0x000000A8, 0x00400000,    /* 0129  closure L0 <- fn#64, 0 caps */
    0x00420043,                /* 012B  gset g66 <- L0   (compile_va) */
    0x000000A8, 0x00410000,    /* 012C  closure L0 <- fn#65, 0 caps */
    0x00430043,                /* 012E  gset g67 <- L0   (_emit_sequence) */
    0x000000A8, 0x00420000,    /* 012F  closure L0 <- fn#66, 0 caps */
    0x00440043,                /* 0131  gset g68 <- L0   (emit_value) */
    0x000000A8, 0x00430000,    /* 0132  closure L0 <- fn#67, 0 caps */
    0x00450043,                /* 0134  gset g69 <- L0   (compile_expr) */
    0x00000002,                /* 0135  return count=0 */
    0x00008041,                /* 0136  move L0 <- P0 */
    0x00010040,                /* 0137  i8 L1 <- 0 */
    0x00020091, 0x00018001,    /* 0138  lt L2 <- L1 < P1 */
    0x0013024B,                /* 013A  jf L2, +19 */
    0x00260246,                /* 013B  lconst L2 <- static#38   ("pair") */
    0x00030097, 0x00000002,    /* 013C  is L3 <- L0 is L2 */
    0x0004034A,                /* 013E  not L4 <- L3 */
    0x0005044B,                /* 013F  jf L4, +5 */
    0x00D50242,                /* 0140  gget L2 <- g213   (error) */
    0x00280346,                /* 0141  lconst L3 <- static#40   ("index out of range") */
    0x000201A0, 0x00010000,    /* 0142  call base=L2 argc=1 nres=1 */
    0x00020102,                /* 0144  return L2 count=1 */
    0x00D60242,                /* 0145  gget L2 <- g214   (cdr) */
    0x00030041,                /* 0146  move L3 <- L0 */
    0x000201A0, 0x00010000,    /* 0147  call base=L2 argc=1 nres=1 */
    0x00000241,                /* 0149  move L0 <- L2 */
    0x00020140,                /* 014A  i8 L2 <- 1 */
    0x00010085, 0x00010002,    /* 014B  add L1 <- L1 + L2 */
    0xFFEA004F,                /* 014D  jmp -22 */
    0x00000102,                /* 014E  return L0 count=1 */
    0x00020142,                /* 014F  gget L1 <- g2   (_tail) */
    0x00028041,                /* 0150  move L2 <- P0 */
    0x00038141,                /* 0151  move L3 <- P1 */
    0x000102A0, 0x00010000,    /* 0152  call base=L1 argc=2 nres=1 */
    0x00000141,                /* 0154  move L0 <- L1 */
    0x00270146,                /* 0155  lconst L1 <- static#39   ("error") */
    0x00020097, 0x00000001,    /* 0156  is L2 <- L0 is L1 */
    0x0001024B,                /* 0158  jf L2, +1 */
    0x00000102,                /* 0159  return L0 count=1 */
    0x00D70142,                /* 015A  gget L1 <- g215   (car) */
    0x00020041,                /* 015B  move L2 <- L0 */
    0x000101A0, 0x00010000,    /* 015C  call base=L1 argc=1 nres=1 */
    0x00010102,                /* 015E  return L1 count=1 */
    0x00000093, 0x80008001,    /* 015F  gt L0 <- P0 > P1 */
    0x0002004B,                /* 0161  jf L0, +2 */
    0x00008041,                /* 0162  move L0 <- P0 */
    0x00000102,                /* 0163  return L0 count=1 */
    0x00008141,                /* 0164  move L0 <- P1 */
    0x00000102,                /* 0165  return L0 count=1 */
    0x00290046,                /* 0166  lconst L0 <- static#41   ("") */
    0x00010104,                /* 0167  lbool L1 <- 1 */
    0x000300AE, 0x80000000,    /* 0168  iter L3 <- P0 */
    0x000200AF, 0x00030009,    /* 016A  itnext L2 <- L3, done +9 */
    0x0004014A,                /* 016C  not L4 <- L1 */
    0x0003044B,                /* 016D  jf L4, +3 */
    0x002A0446,                /* 016E  lconst L4 <- static#42   ("::") */
    0x00000085, 0x00000004,    /* 016F  add L0 <- L0 + L4 */
    0x00000085, 0x00000002,    /* 0171  add L0 <- L0 + L2 */
    0x00010004,                /* 0173  lbool L1 <- 0 */
    0xFFF5004F,                /* 0174  jmp -11 */
    0x00000102,                /* 0175  return L0 count=1 */
    0x00D80142,                /* 0176  gget L1 <- g216   (bytes) */
    0x00020440,                /* 0177  i8 L2 <- 4 */
    0x000101A0, 0x00010000,    /* 0178  call base=L1 argc=1 nres=1 */
    0x00000141,                /* 017A  move L0 <- L1 */
    0x00010041,                /* 017B  move L1 <- L0 */
    0x00020040,                /* 017C  i8 L2 <- 0 */
    0x00038041,                /* 017D  move L3 <- P0 */
    0x000102A2, 0x00000001,    /* 017E  msg base=L1 argc=2 msg#0 nres=1   (pack_f32) */
    0x00010041,                /* 0180  move L1 <- L0 */
    0x00020040,                /* 0181  i8 L2 <- 0 */
    0x000101A2, 0x00010001,    /* 0182  msg base=L1 argc=1 msg#1 nres=1   (unpack_u32) */
    0x00010102,                /* 0184  return L1 count=1 */
    0x00770142,                /* 0185  gget L1 <- g119   (pack) */
    0x00048141,                /* 0186  move L4 <- P1 */
    0x00050181, 0x00040000,    /* 0187  tuple L5 <- L4, 1 items */
    0x00020541,                /* 0189  move L2 <- L5 */
    0x002D0446,                /* 018A  lconst L4 <- static#45   ("f") */
    0x00058241,                /* 018B  move L5 <- P2 */
    0x002E0646,                /* 018C  lconst L6 <- static#46   ("a0") */
    0x00078341,                /* 018D  move L7 <- P3 */
    0x002F0846,                /* 018E  lconst L8 <- static#47   ("a1") */
    0x00098441,                /* 018F  move L9 <- P4 */
    0x00300A46,                /* 0190  lconst L10 <- static#48   ("a2") */
    0x000B8541,                /* 0191  move L11 <- P5 */
    0x00310C46,                /* 0192  lconst L12 <- static#49   ("w1") */
    0x000D8641,                /* 0193  move L13 <- P6 */
    0x000E0583, 0x00040000,    /* 0194  dict L14 <- L4, 5 pairs */
    0x00030E41,                /* 0196  move L3 <- L14 */
    0x000100A1, 0x00010000,    /* 0197  call_va base=L1 nres=1 */
    0x00000141,                /* 0199  move L0 <- L1 */
    0x00270146,                /* 019A  lconst L1 <- static#39   ("error") */
    0x00020097, 0x00000001,    /* 019B  is L2 <- L0 is L1 */
    0x0001024B,                /* 019D  jf L2, +1 */
    0x00000102,                /* 019E  return L0 count=1 */
    0x00018041,                /* 019F  move L1 <- P0 */
    0x00020041,                /* 01A0  move L2 <- L0 */
    0x000101A2, 0x00020001,    /* 01A1  msg base=L1 argc=1 msg#2 nres=1   (emit_words) */
    0x00010003,                /* 01A3  lnil L1 */
    0x00010102,                /* 01A4  return L1 count=1 */
    0x00BE0142,                /* 01A5  gget L1 <- g190   (pack_pairable) */
    0x00028141,                /* 01A6  move L2 <- P1 */
    0x00038241,                /* 01A7  move L3 <- P2 */
    0x00048341,                /* 01A8  move L4 <- P3 */
    0x000103A0, 0x00010000,    /* 01A9  call base=L1 argc=3 nres=1 */
    0x00000141,                /* 01AB  move L0 <- L1 */
    0x00270146,                /* 01AC  lconst L1 <- static#39   ("error") */
    0x00020097, 0x00000001,    /* 01AD  is L2 <- L0 is L1 */
    0x0001024B,                /* 01AF  jf L2, +1 */
    0x00000102,                /* 01B0  return L0 count=1 */
    0x00018041,                /* 01B1  move L1 <- P0 */
    0x00020041,                /* 01B2  move L2 <- L0 */
    0x000101A2, 0x00020001,    /* 01B3  msg base=L1 argc=1 msg#2 nres=1   (emit_words) */
    0x00010003,                /* 01B5  lnil L1 */
    0x00010102,                /* 01B6  return L1 count=1 */
    0x001B0246,                /* 01B7  lconst L2 <- static#27   ("nil") */
    0x00010097, 0x80010002,    /* 01B8  is L1 <- P1 is L2 */
    0x0002014C,                /* 01BA  jt L1, +2 */
    0x0001008F, 0x80018002,    /* 01BB  eq L1 <- P1 == P2 */
    0x0002014B,                /* 01BD  jf L1, +2 */
    0x00018241,                /* 01BE  move L1 <- P2 */
    0x00010102,                /* 01BF  return L1 count=1 */
    0x00080142,                /* 01C0  gget L1 <- g8   (_emit_pairable) */
    0x00028041,                /* 01C1  move L2 <- P0 */
    0x00160345,                /* 01C2  lsym L3 <- sym#22   ("move") */
    0x00048141,                /* 01C3  move L4 <- P1 */
    0x00058241,                /* 01C4  move L5 <- P2 */
    0x000104A0, 0x00010000,    /* 01C5  call base=L1 argc=4 nres=1 */
    0x00000141,                /* 01C7  move L0 <- L1 */
    0x00270146,                /* 01C8  lconst L1 <- static#39   ("error") */
    0x00020097, 0x00000001,    /* 01C9  is L2 <- L0 is L1 */
    0x0001024B,                /* 01CB  jf L2, +1 */
    0x00000102,                /* 01CC  return L0 count=1 */
    0x00018141,                /* 01CD  move L1 <- P1 */
    0x00010102,                /* 01CE  return L1 count=1 */
    0x001B0046,                /* 01CF  lconst L0 <- static#27   ("nil") */
    0x00010097, 0x80010000,    /* 01D0  is L1 <- P1 is L0 */
    0x0004014B,                /* 01D2  jf L1, +4 */
    0x00008041,                /* 01D3  move L0 <- P0 */
    0x000000A2, 0x00030001,    /* 01D4  msg base=L0 argc=0 msg#3 nres=1   (push) */
    0x00000102,                /* 01D6  return L0 count=1 */
    0x00008141,                /* 01D7  move L0 <- P1 */
    0x00000102,                /* 01D8  return L0 count=1 */
    0x00030442,                /* 01D9  gget L4 <- g3   (_field) */
    0x00058041,                /* 01DA  move L5 <- P0 */
    0x00060140,                /* 01DB  i8 L6 <- 1 */
    0x000402A0, 0x00010000,    /* 01DC  call base=L4 argc=2 nres=1 */
    0x00000441,                /* 01DE  move L0 <- L4 */
    0x0001004E,                /* 01DF  jnerr L0, +1 */
    0x00000003,                /* 01E0  lnil L0 */
    0x0005009A, 0x80010019,    /* 01E1  getattr L5 <- P1.sym#25   ("module") */
    0x0004009A, 0x0005001A,    /* 01E3  getattr L4 <- L5.sym#26   ("image") */
    0x00050041,                /* 01E5  move L5 <- L0 */
    0x000401A2, 0x00040001,    /* 01E6  msg base=L4 argc=1 msg#4 nres=1   (add_static) */
    0x00010441,                /* 01E8  move L1 <- L4 */
    0x00270446,                /* 01E9  lconst L4 <- static#39   ("error") */
    0x00050097, 0x00010004,    /* 01EA  is L5 <- L1 is L4 */
    0x0001054B,                /* 01EC  jf L5, +1 */
    0x00010102,                /* 01ED  return L1 count=1 */
    0x000A0442,                /* 01EE  gget L4 <- g10   (_target) */
    0x00058141,                /* 01EF  move L5 <- P1 */
    0x00068241,                /* 01F0  move L6 <- P2 */
    0x000402A0, 0x00010000,    /* 01F1  call base=L4 argc=2 nres=1 */
    0x00020441,                /* 01F3  move L2 <- L4 */
    0x00270446,                /* 01F4  lconst L4 <- static#39   ("error") */
    0x00050097, 0x00020004,    /* 01F5  is L5 <- L2 is L4 */
    0x0001054B,                /* 01F7  jf L5, +1 */
    0x00020102,                /* 01F8  return L2 count=1 */
    0x00080442,                /* 01F9  gget L4 <- g8   (_emit_pairable) */
    0x00058141,                /* 01FA  move L5 <- P1 */
    0x001B0645,                /* 01FB  lsym L6 <- sym#27   ("lconst") */
    0x00070141,                /* 01FC  move L7 <- L1 */
    0x00080241,                /* 01FD  move L8 <- L2 */
    0x000404A0, 0x00010000,    /* 01FE  call base=L4 argc=4 nres=1 */
    0x00030441,                /* 0200  move L3 <- L4 */
    0x00270446,                /* 0201  lconst L4 <- static#39   ("error") */
    0x00050097, 0x00030004,    /* 0202  is L5 <- L3 is L4 */
    0x0001054B,                /* 0204  jf L5, +1 */
    0x00030102,                /* 0205  return L3 count=1 */
    0x00020102,                /* 0206  return L2 count=1 */
    0x00030642,                /* 0207  gget L6 <- g3   (_field) */
    0x00078041,                /* 0208  move L7 <- P0 */
    0x00080140,                /* 0209  i8 L8 <- 1 */
    0x000602A0, 0x00010000,    /* 020A  call base=L6 argc=2 nres=1 */
    0x00000641,                /* 020C  move L0 <- L6 */
    0x0001004E,                /* 020D  jnerr L0, +1 */
    0x00000003,                /* 020E  lnil L0 */
    0x001F0646,                /* 020F  lconst L6 <- static#31   ("float") */
    0x00070097, 0x00000006,    /* 0210  is L7 <- L0 is L6 */
    0x0026074B,                /* 0212  jf L7, +38 */
    0x000A0642,                /* 0213  gget L6 <- g10   (_target) */
    0x00078141,                /* 0214  move L7 <- P1 */
    0x00088241,                /* 0215  move L8 <- P2 */
    0x000602A0, 0x00010000,    /* 0216  call base=L6 argc=2 nres=1 */
    0x00030641,                /* 0218  move L3 <- L6 */
    0x00270646,                /* 0219  lconst L6 <- static#39   ("error") */
    0x00070097, 0x00030006,    /* 021A  is L7 <- L3 is L6 */
    0x0001074B,                /* 021C  jf L7, +1 */
    0x00030102,                /* 021D  return L3 count=1 */
    0x00060642,                /* 021E  gget L6 <- g6   (_f32_bits) */
    0x00070041,                /* 021F  move L7 <- L0 */
    0x000601A0, 0x00010000,    /* 0220  call base=L6 argc=1 nres=1 */
    0x00040641,                /* 0222  move L4 <- L6 */
    0x00070642,                /* 0223  gget L6 <- g7   (_emit_pack) */
    0x00098141,                /* 0224  move L9 <- P1 */
    0x001C0A45,                /* 0225  lsym L10 <- sym#28   ("f32") */
    0x000B0281, 0x00090000,    /* 0226  tuple L11 <- L9, 2 items */
    0x00070B41,                /* 0228  move L7 <- L11 */
    0x002E0946,                /* 0229  lconst L9 <- static#46   ("a0") */
    0x000A0341,                /* 022A  move L10 <- L3 */
    0x00310B46,                /* 022B  lconst L11 <- static#49   ("w1") */
    0x000C0441,                /* 022C  move L12 <- L4 */
    0x000D0283, 0x00090000,    /* 022D  dict L13 <- L9, 2 pairs */
    0x00080D41,                /* 022F  move L8 <- L13 */
    0x000600A1, 0x00010000,    /* 0230  call_va base=L6 nres=1 */
    0x00050641,                /* 0232  move L5 <- L6 */
    0x00270646,                /* 0233  lconst L6 <- static#39   ("error") */
    0x00070097, 0x00050006,    /* 0234  is L7 <- L5 is L6 */
    0x0001074B,                /* 0236  jf L7, +1 */
    0x00050102,                /* 0237  return L5 count=1 */
    0x00030102,                /* 0238  return L3 count=1 */
    0x00460742,                /* 0239  gget L7 <- g70   (INT32_MIN) */
    0x00060091, 0x00000007,    /* 023A  lt L6 <- L0 < L7 */
    0x0003064C,                /* 023C  jt L6, +3 */
    0x00470742,                /* 023D  gget L7 <- g71   (INT32_MAX) */
    0x00060093, 0x00000007,    /* 023E  gt L6 <- L0 > L7 */
    0x000F064B,                /* 0240  jf L6, +15 */
    0x00D50642,                /* 0241  gget L6 <- g213   (error) */
    0x00320746,                /* 0242  lconst L7 <- static#50   ("integer literal ") */
    0x00D90842,                /* 0243  gget L8 <- g217   (str) */
    0x00090041,                /* 0244  move L9 <- L0 */
    0x000801A0, 0x00010000,    /* 0245  call base=L8 argc=1 nres=1 */
    0x00090085, 0x00070008,    /* 0247  add L9 <- L7 + L8 */
    0x00330A46,                /* 0249  lconst L10 <- static#51   (" does not fit in an i32") */
    0x000B0085, 0x0009000A,    /* 024A  add L11 <- L9 + L10 */
    0x00070B41,                /* 024C  move L7 <- L11 */
    0x000601A0, 0x00010000,    /* 024D  call base=L6 argc=1 nres=1 */
    0x00060102,                /* 024F  return L6 count=1 */
    0x000A0642,                /* 0250  gget L6 <- g10   (_target) */
    0x00078141,                /* 0251  move L7 <- P1 */
    0x00088241,                /* 0252  move L8 <- P2 */
    0x000602A0, 0x00010000,    /* 0253  call base=L6 argc=2 nres=1 */
    0x00010641,                /* 0255  move L1 <- L6 */
    0x00270646,                /* 0256  lconst L6 <- static#39   ("error") */
    0x00070097, 0x00010006,    /* 0257  is L7 <- L1 is L6 */
    0x0001074B,                /* 0259  jf L7, +1 */
    0x00010102,                /* 025A  return L1 count=1 */
    0x00080642,                /* 025B  gget L6 <- g8   (_emit_pairable) */
    0x00078141,                /* 025C  move L7 <- P1 */
    0x001D0845,                /* 025D  lsym L8 <- sym#29   ("i8") */
    0x00090141,                /* 025E  move L9 <- L1 */
    0x000A0041,                /* 025F  move L10 <- L0 */
    0x000604A0, 0x00010000,    /* 0260  call base=L6 argc=4 nres=1 */
    0x00020641,                /* 0262  move L2 <- L6 */
    0x00270646,                /* 0263  lconst L6 <- static#39   ("error") */
    0x00070097, 0x00020006,    /* 0264  is L7 <- L2 is L6 */
    0x0001074B,                /* 0266  jf L7, +1 */
    0x00020102,                /* 0267  return L2 count=1 */
    0x00010102,                /* 0268  return L1 count=1 */
    0x00030342,                /* 0269  gget L3 <- g3   (_field) */
    0x00048041,                /* 026A  move L4 <- P0 */
    0x00050140,                /* 026B  i8 L5 <- 1 */
    0x000302A0, 0x00010000,    /* 026C  call base=L3 argc=2 nres=1 */
    0x00000341,                /* 026E  move L0 <- L3 */
    0x0001004E,                /* 026F  jnerr L0, +1 */
    0x00000003,                /* 0270  lnil L0 */
    0x000A0342,                /* 0271  gget L3 <- g10   (_target) */
    0x00048141,                /* 0272  move L4 <- P1 */
    0x00058241,                /* 0273  move L5 <- P2 */
    0x000302A0, 0x00010000,    /* 0274  call base=L3 argc=2 nres=1 */
    0x00010341,                /* 0276  move L1 <- L3 */
    0x00270346,                /* 0277  lconst L3 <- static#39   ("error") */
    0x00040097, 0x00010003,    /* 0278  is L4 <- L1 is L3 */
    0x0001044B,                /* 027A  jf L4, +1 */
    0x00010102,                /* 027B  return L1 count=1 */
    0x00080342,                /* 027C  gget L3 <- g8   (_emit_pairable) */
    0x00048141,                /* 027D  move L4 <- P1 */
    0x001D0545,                /* 027E  lsym L5 <- sym#29   ("i8") */
    0x00060141,                /* 027F  move L6 <- L1 */
    0x00070041,                /* 0280  move L7 <- L0 */
    0x000304A0, 0x00010000,    /* 0281  call base=L3 argc=4 nres=1 */
    0x00020341,                /* 0283  move L2 <- L3 */
    0x00270346,                /* 0284  lconst L3 <- static#39   ("error") */
    0x00040097, 0x00020003,    /* 0285  is L4 <- L2 is L3 */
    0x0001044B,                /* 0287  jf L4, +1 */
    0x00020102,                /* 0288  return L2 count=1 */
    0x00010102,                /* 0289  return L1 count=1 */
    0x00030442,                /* 028A  gget L4 <- g3   (_field) */
    0x00058041,                /* 028B  move L5 <- P0 */
    0x00060140,                /* 028C  i8 L6 <- 1 */
    0x000402A0, 0x00010000,    /* 028D  call base=L4 argc=2 nres=1 */
    0x00000441,                /* 028F  move L0 <- L4 */
    0x0001004E,                /* 0290  jnerr L0, +1 */
    0x00000003,                /* 0291  lnil L0 */
    0x0005009A, 0x80010019,    /* 0292  getattr L5 <- P1.sym#25   ("module") */
    0x0004009A, 0x0005001A,    /* 0294  getattr L4 <- L5.sym#26   ("image") */
    0x00D90542,                /* 0296  gget L5 <- g217   (str) */
    0x00060041,                /* 0297  move L6 <- L0 */
    0x000501A0, 0x00010000,    /* 0298  call base=L5 argc=1 nres=1 */
    0x000401A2, 0x00050001,    /* 029A  msg base=L4 argc=1 msg#5 nres=1   (add_symbol) */
    0x00010441,                /* 029C  move L1 <- L4 */
    0x00270446,                /* 029D  lconst L4 <- static#39   ("error") */
    0x00050097, 0x00010004,    /* 029E  is L5 <- L1 is L4 */
    0x0001054B,                /* 02A0  jf L5, +1 */
    0x00010102,                /* 02A1  return L1 count=1 */
    0x000A0442,                /* 02A2  gget L4 <- g10   (_target) */
    0x00058141,                /* 02A3  move L5 <- P1 */
    0x00068241,                /* 02A4  move L6 <- P2 */
    0x000402A0, 0x00010000,    /* 02A5  call base=L4 argc=2 nres=1 */
    0x00020441,                /* 02A7  move L2 <- L4 */
    0x00270446,                /* 02A8  lconst L4 <- static#39   ("error") */
    0x00050097, 0x00020004,    /* 02A9  is L5 <- L2 is L4 */
    0x0001054B,                /* 02AB  jf L5, +1 */
    0x00020102,                /* 02AC  return L2 count=1 */
    0x00080442,                /* 02AD  gget L4 <- g8   (_emit_pairable) */
    0x00058141,                /* 02AE  move L5 <- P1 */
    0x001F0645,                /* 02AF  lsym L6 <- sym#31   ("lsym") */
    0x00070141,                /* 02B0  move L7 <- L1 */
    0x00080241,                /* 02B1  move L8 <- L2 */
    0x000404A0, 0x00010000,    /* 02B2  call base=L4 argc=4 nres=1 */
    0x00030441,                /* 02B4  move L3 <- L4 */
    0x00270446,                /* 02B5  lconst L4 <- static#39   ("error") */
    0x00050097, 0x00030004,    /* 02B6  is L5 <- L3 is L4 */
    0x0001054B,                /* 02B8  jf L5, +1 */
    0x00030102,                /* 02B9  return L3 count=1 */
    0x00020102,                /* 02BA  return L2 count=1 */
    0x000A0342,                /* 02BB  gget L3 <- g10   (_target) */
    0x00048141,                /* 02BC  move L4 <- P1 */
    0x00058241,                /* 02BD  move L5 <- P2 */
    0x000302A0, 0x00010000,    /* 02BE  call base=L3 argc=2 nres=1 */
    0x00000341,                /* 02C0  move L0 <- L3 */
    0x00270346,                /* 02C1  lconst L3 <- static#39   ("error") */
    0x00040097, 0x00000003,    /* 02C2  is L4 <- L0 is L3 */
    0x0001044B,                /* 02C4  jf L4, +1 */
    0x00000102,                /* 02C5  return L0 count=1 */
    0x00010040,                /* 02C6  i8 L1 <- 0 */
    0x0001804B,                /* 02C7  jf P0, +1 */
    0x00010140,                /* 02C8  i8 L1 <- 1 */
    0x00070342,                /* 02C9  gget L3 <- g7   (_emit_pack) */
    0x00068141,                /* 02CA  move L6 <- P1 */
    0x00200745,                /* 02CB  lsym L7 <- sym#32   ("lbool") */
    0x00080281, 0x00060000,    /* 02CC  tuple L8 <- L6, 2 items */
    0x00040841,                /* 02CE  move L4 <- L8 */
    0x002E0646,                /* 02CF  lconst L6 <- static#46   ("a0") */
    0x00070041,                /* 02D0  move L7 <- L0 */
    0x002D0846,                /* 02D1  lconst L8 <- static#45   ("f") */
    0x00090141,                /* 02D2  move L9 <- L1 */
    0x000A0283, 0x00060000,    /* 02D3  dict L10 <- L6, 2 pairs */
    0x00050A41,                /* 02D5  move L5 <- L10 */
    0x000300A1, 0x00010000,    /* 02D6  call_va base=L3 nres=1 */
    0x00020341,                /* 02D8  move L2 <- L3 */
    0x00270346,                /* 02D9  lconst L3 <- static#39   ("error") */
    0x00040097, 0x00020003,    /* 02DA  is L4 <- L2 is L3 */
    0x0001044B,                /* 02DC  jf L4, +1 */
    0x00020102,                /* 02DD  return L2 count=1 */
    0x00000102,                /* 02DE  return L0 count=1 */
    0x00000140,                /* 02DF  i8 L0 <- 1 */
    0x00010098, 0x80000000,    /* 02E0  getidx L1 <- P0[L0] */
    0x00010102,                /* 02E2  return L1 count=1 */
    0x000A0242,                /* 02E3  gget L2 <- g10   (_target) */
    0x00038041,                /* 02E4  move L3 <- P0 */
    0x00048141,                /* 02E5  move L4 <- P1 */
    0x000202A0, 0x00010000,    /* 02E6  call base=L2 argc=2 nres=1 */
    0x00000241,                /* 02E8  move L0 <- L2 */
    0x00270246,                /* 02E9  lconst L2 <- static#39   ("error") */
    0x00030097, 0x00000002,    /* 02EA  is L3 <- L0 is L2 */
    0x0001034B,                /* 02EC  jf L3, +1 */
    0x00000102,                /* 02ED  return L0 count=1 */
    0x00080242,                /* 02EE  gget L2 <- g8   (_emit_pairable) */
    0x00038041,                /* 02EF  move L3 <- P0 */
    0x00210445,                /* 02F0  lsym L4 <- sym#33   ("gget") */
    0x00058241,                /* 02F1  move L5 <- P2 */
    0x00060041,                /* 02F2  move L6 <- L0 */
    0x000204A0, 0x00010000,    /* 02F3  call base=L2 argc=4 nres=1 */
    0x00010241,                /* 02F5  move L1 <- L2 */
    0x00270246,                /* 02F6  lconst L2 <- static#39   ("error") */
    0x00030097, 0x00010002,    /* 02F7  is L3 <- L1 is L2 */
    0x0001034B,                /* 02F9  jf L3, +1 */
    0x00010102,                /* 02FA  return L1 count=1 */
    0x00000102,                /* 02FB  return L0 count=1 */
    0x000C8141,                /* 02FC  move L12 <- P1 */
    0x000D8041,                /* 02FD  move L13 <- P0 */
    0x000C01A2, 0x00060001,    /* 02FE  msg base=L12 argc=1 msg#6 nres=1   (storage) */
    0x00000C41,                /* 0300  move L0 <- L12 */
    0x001B0C46,                /* 0301  lconst L12 <- static#27   ("nil") */
    0x000D0097, 0x0000000C,    /* 0302  is L13 <- L0 is L12 */
    0x000E0D4A,                /* 0304  not L14 <- L13 */
    0x007B0E4B,                /* 0305  jf L14, +123 */
    0x000C0040,                /* 0306  i8 L12 <- 0 */
    0x00030098, 0x0000000C,    /* 0307  getidx L3 <- L0[L12] */
    0x000C0140,                /* 0309  i8 L12 <- 1 */
    0x00040098, 0x0000000C,    /* 030A  getidx L4 <- L0[L12] */
    0x00340C46,                /* 030C  lconst L12 <- static#52   ("reg") */
    0x000D008F, 0x0003000C,    /* 030D  eq L13 <- L3 == L12 */
    0x003B0D4B,                /* 030F  jf L13, +59 */
    0x000C009A, 0x80010023,    /* 0310  getattr L12 <- P1.sym#35   ("cells") */
    0x000D0096, 0x8000000C,    /* 0312  in L13 <- P0 in L12 */
    0x002F0D4B,                /* 0314  jf L13, +47 */
    0x000A0C42,                /* 0315  gget L12 <- g10   (_target) */
    0x000D8141,                /* 0316  move L13 <- P1 */
    0x000E8241,                /* 0317  move L14 <- P2 */
    0x000C02A0, 0x00010000,    /* 0318  call base=L12 argc=2 nres=1 */
    0x00060C41,                /* 031A  move L6 <- L12 */
    0x00270C46,                /* 031B  lconst L12 <- static#39   ("error") */
    0x000D0097, 0x0006000C,    /* 031C  is L13 <- L6 is L12 */
    0x00010D4B,                /* 031E  jf L13, +1 */
    0x00060102,                /* 031F  return L6 count=1 */
    0x000C8141,                /* 0320  move L12 <- P1 */
    0x000C00A2, 0x00070001,    /* 0321  msg base=L12 argc=0 msg#7 nres=1   (zero) */
    0x00070C41,                /* 0323  move L7 <- L12 */
    0x00270C46,                /* 0324  lconst L12 <- static#39   ("error") */
    0x000D0097, 0x0007000C,    /* 0325  is L13 <- L7 is L12 */
    0x00010D4B,                /* 0327  jf L13, +1 */
    0x00070102,                /* 0328  return L7 count=1 */
    0x00070C42,                /* 0329  gget L12 <- g7   (_emit_pack) */
    0x000F8141,                /* 032A  move L15 <- P1 */
    0x00251045,                /* 032B  lsym L16 <- sym#37   ("getidx") */
    0x00110281, 0x000F0000,    /* 032C  tuple L17 <- L15, 2 items */
    0x000D1141,                /* 032E  move L13 <- L17 */
    0x002E0F46,                /* 032F  lconst L15 <- static#46   ("a0") */
    0x00100641,                /* 0330  move L16 <- L6 */
    0x002F1146,                /* 0331  lconst L17 <- static#47   ("a1") */
    0x00101242,                /* 0332  gget L18 <- g16   (reg_of) */
    0x00130041,                /* 0333  move L19 <- L0 */
    0x001201A0, 0x00010000,    /* 0334  call base=L18 argc=1 nres=1 */
    0x00301346,                /* 0336  lconst L19 <- static#48   ("a2") */
    0x00140741,                /* 0337  move L20 <- L7 */
    0x00150383, 0x000F0000,    /* 0338  dict L21 <- L15, 3 pairs */
    0x000E1541,                /* 033A  move L14 <- L21 */
    0x000C00A1, 0x00010000,    /* 033B  call_va base=L12 nres=1 */
    0x00080C41,                /* 033D  move L8 <- L12 */
    0x00270C46,                /* 033E  lconst L12 <- static#39   ("error") */
    0x000D0097, 0x0008000C,    /* 033F  is L13 <- L8 is L12 */
    0x00010D4B,                /* 0341  jf L13, +1 */
    0x00080102,                /* 0342  return L8 count=1 */
    0x00060102,                /* 0343  return L6 count=1 */
    0x00090C42,                /* 0344  gget L12 <- g9   (_land) */
    0x000D8141,                /* 0345  move L13 <- P1 */
    0x000E8241,                /* 0346  move L14 <- P2 */
    0x000F0441,                /* 0347  move L15 <- L4 */
    0x000C03A0, 0x00010000,    /* 0348  call base=L12 argc=3 nres=1 */
    0x000C0102,                /* 034A  return L12 count=1 */
    0x000A0C42,                /* 034B  gget L12 <- g10   (_target) */
    0x000D8141,                /* 034C  move L13 <- P1 */
    0x000E8241,                /* 034D  move L14 <- P2 */
    0x000C02A0, 0x00010000,    /* 034E  call base=L12 argc=2 nres=1 */
    0x00050C41,                /* 0350  move L5 <- L12 */
    0x00270C46,                /* 0351  lconst L12 <- static#39   ("error") */
    0x000D0097, 0x0005000C,    /* 0352  is L13 <- L5 is L12 */
    0x00010D4B,                /* 0354  jf L13, +1 */
    0x00050102,                /* 0355  return L5 count=1 */
    0x00350C46,                /* 0356  lconst L12 <- static#53   ("slot") */
    0x000D008F, 0x0003000C,    /* 0357  eq L13 <- L3 == L12 */
    0x00190D4B,                /* 0359  jf L13, +25 */
    0x00070C42,                /* 035A  gget L12 <- g7   (_emit_pack) */
    0x000F8141,                /* 035B  move L15 <- P1 */
    0x00261045,                /* 035C  lsym L16 <- sym#38   ("getattr") */
    0x00110281, 0x000F0000,    /* 035D  tuple L17 <- L15, 2 items */
    0x000D1141,                /* 035F  move L13 <- L17 */
    0x002E0F46,                /* 0360  lconst L15 <- static#46   ("a0") */
    0x00100541,                /* 0361  move L16 <- L5 */
    0x002F1146,                /* 0362  lconst L17 <- static#47   ("a1") */
    0x0012009A, 0x80010027,    /* 0363  getattr L18 <- P1.sym#39   ("this_reg") */
    0x00301346,                /* 0365  lconst L19 <- static#48   ("a2") */
    0x00140441,                /* 0366  move L20 <- L4 */
    0x00150383, 0x000F0000,    /* 0367  dict L21 <- L15, 3 pairs */
    0x000E1541,                /* 0369  move L14 <- L21 */
    0x000C00A1, 0x00010000,    /* 036A  call_va base=L12 nres=1 */
    0x00090C41,                /* 036C  move L9 <- L12 */
    0x00270C46,                /* 036D  lconst L12 <- static#39   ("error") */
    0x000D0097, 0x0009000C,    /* 036E  is L13 <- L9 is L12 */
    0x00010D4B,                /* 0370  jf L13, +1 */
    0x00090102,                /* 0371  return L9 count=1 */
    0x000D004F,                /* 0372  jmp +13 */
    0x00080C42,                /* 0373  gget L12 <- g8   (_emit_pairable) */
    0x000D8141,                /* 0374  move L13 <- P1 */
    0x00210E45,                /* 0375  lsym L14 <- sym#33   ("gget") */
    0x000F0441,                /* 0376  move L15 <- L4 */
    0x00100541,                /* 0377  move L16 <- L5 */
    0x000C04A0, 0x00010000,    /* 0378  call base=L12 argc=4 nres=1 */
    0x000A0C41,                /* 037A  move L10 <- L12 */
    0x00270C46,                /* 037B  lconst L12 <- static#39   ("error") */
    0x000D0097, 0x000A000C,    /* 037C  is L13 <- L10 is L12 */
    0x00010D4B,                /* 037E  jf L13, +1 */
    0x000A0102,                /* 037F  return L10 count=1 */
    0x00050102,                /* 0380  return L5 count=1 */
    0x0001009A, 0x80010019,    /* 0381  getattr L1 <- P1.sym#25   ("module") */
    0x000C009A, 0x00010028,    /* 0383  getattr L12 <- L1.sym#40   ("session_declared") */
    0x001B0D46,                /* 0385  lconst L13 <- static#27   ("nil") */
    0x000E0097, 0x000C000D,    /* 0386  is L14 <- L12 is L13 */
    0x000F0E4A,                /* 0388  not L15 <- L14 */
    0x00180F4B,                /* 0389  jf L15, +24 */
    0x000C0141,                /* 038A  move L12 <- L1 */
    0x000D8041,                /* 038B  move L13 <- P0 */
    0x000C01A2, 0x00080001,    /* 038C  msg base=L12 argc=1 msg#8 nres=1   (is_builtin) */
    0x000D0C4A,                /* 038E  not L13 <- L12 */
    0x00110D4B,                /* 038F  jf L13, +17 */
    0x000C0141,                /* 0390  move L12 <- L1 */
    0x000D8041,                /* 0391  move L13 <- P0 */
    0x000C01A2, 0x00090001,    /* 0392  msg base=L12 argc=1 msg#9 nres=1   (declare_forward_global) */
    0x000B0C41,                /* 0394  move L11 <- L12 */
    0x00270C46,                /* 0395  lconst L12 <- static#39   ("error") */
    0x000D0097, 0x000B000C,    /* 0396  is L13 <- L11 is L12 */
    0x00010D4B,                /* 0398  jf L13, +1 */
    0x000B0102,                /* 0399  return L11 count=1 */
    0x00110C42,                /* 039A  gget L12 <- g17   (_land_free) */
    0x000D8141,                /* 039B  move L13 <- P1 */
    0x000E8241,                /* 039C  move L14 <- P2 */
    0x000F0B41,                /* 039D  move L15 <- L11 */
    0x000C03A0, 0x00010000,    /* 039E  call base=L12 argc=3 nres=1 */
    0x000C0102,                /* 03A0  return L12 count=1 */
    0x001B004F,                /* 03A1  jmp +27 */
    0x000D0141,                /* 03A2  move L13 <- L1 */
    0x000E8041,                /* 03A3  move L14 <- P0 */
    0x000D01A2, 0x00080001,    /* 03A4  msg base=L13 argc=1 msg#8 nres=1   (is_builtin) */
    0x000C0D4A,                /* 03A6  not L12 <- L13 */
    0x00050C4B,                /* 03A7  jf L12, +5 */
    0x000D0141,                /* 03A8  move L13 <- L1 */
    0x000E8041,                /* 03A9  move L14 <- P0 */
    0x000D01A2, 0x000A0001,    /* 03AA  msg base=L13 argc=1 msg#10 nres=1   (may_be_imported) */
    0x000C0D4A,                /* 03AC  not L12 <- L13 */
    0x000F0C4B,                /* 03AD  jf L12, +15 */
    0x00D50C42,                /* 03AE  gget L12 <- g213   (error) */
    0x00360D46,                /* 03AF  lconst L13 <- static#54   ("undefined name '") */
    0x00D90E42,                /* 03B0  gget L14 <- g217   (str) */
    0x000F8041,                /* 03B1  move L15 <- P0 */
    0x000E01A0, 0x00010000,    /* 03B2  call base=L14 argc=1 nres=1 */
    0x000F0085, 0x000D000E,    /* 03B4  add L15 <- L13 + L14 */
    0x00371046,                /* 03B6  lconst L16 <- static#55   ("'") */
    0x00110085, 0x000F0010,    /* 03B7  add L17 <- L15 + L16 */
    0x000D1141,                /* 03B9  move L13 <- L17 */
    0x000C01A0, 0x00010000,    /* 03BA  call base=L12 argc=1 nres=1 */
    0x000C0102,                /* 03BC  return L12 count=1 */
    0x000C0141,                /* 03BD  move L12 <- L1 */
    0x00D90D42,                /* 03BE  gget L13 <- g217   (str) */
    0x000E8041,                /* 03BF  move L14 <- P0 */
    0x000D01A0, 0x00010000,    /* 03C0  call base=L13 argc=1 nres=1 */
    0x000C01A2, 0x000B0001,    /* 03C2  msg base=L12 argc=1 msg#11 nres=1   (declare_free_global) */
    0x00020C41,                /* 03C4  move L2 <- L12 */
    0x00270C46,                /* 03C5  lconst L12 <- static#39   ("error") */
    0x000D0097, 0x0002000C,    /* 03C6  is L13 <- L2 is L12 */
    0x00010D4B,                /* 03C8  jf L13, +1 */
    0x00020102,                /* 03C9  return L2 count=1 */
    0x00110C42,                /* 03CA  gget L12 <- g17   (_land_free) */
    0x000D8141,                /* 03CB  move L13 <- P1 */
    0x000E8241,                /* 03CC  move L14 <- P2 */
    0x000F0241,                /* 03CD  move L15 <- L2 */
    0x000C03A0, 0x00010000,    /* 03CE  call base=L12 argc=3 nres=1 */
    0x000C0102,                /* 03D0  return L12 count=1 */
    0x000A0242,                /* 03D1  gget L2 <- g10   (_target) */
    0x00038041,                /* 03D2  move L3 <- P0 */
    0x00048141,                /* 03D3  move L4 <- P1 */
    0x000202A0, 0x00010000,    /* 03D4  call base=L2 argc=2 nres=1 */
    0x00000241,                /* 03D6  move L0 <- L2 */
    0x00270246,                /* 03D7  lconst L2 <- static#39   ("error") */
    0x00030097, 0x00000002,    /* 03D8  is L3 <- L0 is L2 */
    0x0001034B,                /* 03DA  jf L3, +1 */
    0x00000102,                /* 03DB  return L0 count=1 */
    0x00070242,                /* 03DC  gget L2 <- g7   (_emit_pack) */
    0x00058041,                /* 03DD  move L5 <- P0 */
    0x002D0645,                /* 03DE  lsym L6 <- sym#45   ("lnil") */
    0x00070281, 0x00050000,    /* 03DF  tuple L7 <- L5, 2 items */
    0x00030741,                /* 03E1  move L3 <- L7 */
    0x002E0546,                /* 03E2  lconst L5 <- static#46   ("a0") */
    0x00060041,                /* 03E3  move L6 <- L0 */
    0x00070183, 0x00050000,    /* 03E4  dict L7 <- L5, 1 pairs */
    0x00040741,                /* 03E6  move L4 <- L7 */
    0x000200A1, 0x00010000,    /* 03E7  call_va base=L2 nres=1 */
    0x00010241,                /* 03E9  move L1 <- L2 */
    0x00270246,                /* 03EA  lconst L2 <- static#39   ("error") */
    0x00030097, 0x00010002,    /* 03EB  is L3 <- L1 is L2 */
    0x0001034B,                /* 03ED  jf L3, +1 */
    0x00010102,                /* 03EE  return L1 count=1 */
    0x00000102,                /* 03EF  return L0 count=1 */
    0x0000009A, 0x80000027,    /* 03F0  getattr L0 <- P0.sym#39   ("this_reg") */
    0x001B0146,                /* 03F2  lconst L1 <- static#27   ("nil") */
    0x00020097, 0x00000001,    /* 03F3  is L2 <- L0 is L1 */
    0x0005024B,                /* 03F5  jf L2, +5 */
    0x00D50042,                /* 03F6  gget L0 <- g213   (error) */
    0x00380146,                /* 03F7  lconst L1 <- static#56   ("`this` is only meaningful inside a method") */
    0x000001A0, 0x00010000,    /* 03F8  call base=L0 argc=1 nres=1 */
    0x00000102,                /* 03FA  return L0 count=1 */
    0x00090042,                /* 03FB  gget L0 <- g9   (_land) */
    0x00018041,                /* 03FC  move L1 <- P0 */
    0x00028141,                /* 03FD  move L2 <- P1 */
    0x0003009A, 0x80000027,    /* 03FE  getattr L3 <- P0.sym#39   ("this_reg") */
    0x000003A0, 0x00010000,    /* 0400  call base=L0 argc=3 nres=1 */
    0x00000102,                /* 0402  return L0 count=1 */
    0x002E0045,                /* 0403  lsym L0 <- sym#46   ("this") */
    0x0001008F, 0x80000000,    /* 0404  eq L1 <- P0 == L0 */
    0x0006014B,                /* 0406  jf L1, +6 */
    0x00140042,                /* 0407  gget L0 <- g20   (_this) */
    0x00018141,                /* 0408  move L1 <- P1 */
    0x00028241,                /* 0409  move L2 <- P2 */
    0x000002A0, 0x00010000,    /* 040A  call base=L0 argc=2 nres=1 */
    0x00000102,                /* 040C  return L0 count=1 */
    0x00120042,                /* 040D  gget L0 <- g18   (resolve_name) */
    0x00018041,                /* 040E  move L1 <- P0 */
    0x00028141,                /* 040F  move L2 <- P1 */
    0x00038241,                /* 0410  move L3 <- P2 */
    0x000003A0, 0x00010000,    /* 0411  call base=L0 argc=3 nres=1 */
    0x00000102,                /* 0413  return L0 count=1 */
    0x00030442,                /* 0414  gget L4 <- g3   (_field) */
    0x00058041,                /* 0415  move L5 <- P0 */
    0x00060140,                /* 0416  i8 L6 <- 1 */
    0x000402A0, 0x00010000,    /* 0417  call base=L4 argc=2 nres=1 */
    0x00000441,                /* 0419  move L0 <- L4 */
    0x0001004E,                /* 041A  jnerr L0, +1 */
    0x00000003,                /* 041B  lnil L0 */
    0x00450442,                /* 041C  gget L4 <- g69   (compile_expr) */
    0x00050041,                /* 041D  move L5 <- L0 */
    0x00068141,                /* 041E  move L6 <- P1 */
    0x00070003,                /* 041F  lnil L7 */
    0x000403A0, 0x00010000,    /* 0420  call base=L4 argc=3 nres=1 */
    0x00010441,                /* 0422  move L1 <- L4 */
    0x00270446,                /* 0423  lconst L4 <- static#39   ("error") */
    0x00050097, 0x00010004,    /* 0424  is L5 <- L1 is L4 */
    0x0001054B,                /* 0426  jf L5, +1 */
    0x00010102,                /* 0427  return L1 count=1 */
    0x000A0442,                /* 0428  gget L4 <- g10   (_target) */
    0x00058141,                /* 0429  move L5 <- P1 */
    0x00068241,                /* 042A  move L6 <- P2 */
    0x000402A0, 0x00010000,    /* 042B  call base=L4 argc=2 nres=1 */
    0x00020441,                /* 042D  move L2 <- L4 */
    0x00270446,                /* 042E  lconst L4 <- static#39   ("error") */
    0x00050097, 0x00020004,    /* 042F  is L5 <- L2 is L4 */
    0x0001054B,                /* 0431  jf L5, +1 */
    0x00020102,                /* 0432  return L2 count=1 */
    0x00080442,                /* 0433  gget L4 <- g8   (_emit_pairable) */
    0x00058141,                /* 0434  move L5 <- P1 */
    0x00068341,                /* 0435  move L6 <- P3 */
    0x00070241,                /* 0436  move L7 <- L2 */
    0x00080141,                /* 0437  move L8 <- L1 */
    0x000404A0, 0x00010000,    /* 0438  call base=L4 argc=4 nres=1 */
    0x00030441,                /* 043A  move L3 <- L4 */
    0x00270446,                /* 043B  lconst L4 <- static#39   ("error") */
    0x00050097, 0x00030004,    /* 043C  is L5 <- L3 is L4 */
    0x0001054B,                /* 043E  jf L5, +1 */
    0x00030102,                /* 043F  return L3 count=1 */
    0x00020102,                /* 0440  return L2 count=1 */
    0x00030242,                /* 0441  gget L2 <- g3   (_field) */
    0x00038041,                /* 0442  move L3 <- P0 */
    0x00040140,                /* 0443  i8 L4 <- 1 */
    0x000202A0, 0x00010000,    /* 0444  call base=L2 argc=2 nres=1 */
    0x00000241,                /* 0446  move L0 <- L2 */
    0x0001004E,                /* 0447  jnerr L0, +1 */
    0x00000003,                /* 0448  lnil L0 */
    0x00450242,                /* 0449  gget L2 <- g69   (compile_expr) */
    0x00030041,                /* 044A  move L3 <- L0 */
    0x00048141,                /* 044B  move L4 <- P1 */
    0x00050003,                /* 044C  lnil L5 */
    0x000203A0, 0x00010000,    /* 044D  call base=L2 argc=3 nres=1 */
    0x00010241,                /* 044F  move L1 <- L2 */
    0x00270246,                /* 0450  lconst L2 <- static#39   ("error") */
    0x00030097, 0x00010002,    /* 0451  is L3 <- L1 is L2 */
    0x0001034B,                /* 0453  jf L3, +1 */
    0x00010102,                /* 0454  return L1 count=1 */
    0x00090242,                /* 0455  gget L2 <- g9   (_land) */
    0x00038141,                /* 0456  move L3 <- P1 */
    0x00048241,                /* 0457  move L4 <- P2 */
    0x00050141,                /* 0458  move L5 <- L1 */
    0x000203A0, 0x00010000,    /* 0459  call base=L2 argc=3 nres=1 */
    0x00020102,                /* 045B  return L2 count=1 */
    0x00D70842,                /* 045C  gget L8 <- g215   (car) */
    0x00098041,                /* 045D  move L9 <- P0 */
    0x000801A0, 0x00010000,    /* 045E  call base=L8 argc=1 nres=1 */
    0x00000841,                /* 0460  move L0 <- L8 */
    0x00030842,                /* 0461  gget L8 <- g3   (_field) */
    0x00098041,                /* 0462  move L9 <- P0 */
    0x000A0140,                /* 0463  i8 L10 <- 1 */
    0x000802A0, 0x00010000,    /* 0464  call base=L8 argc=2 nres=1 */
    0x00010841,                /* 0466  move L1 <- L8 */
    0x0001014E,                /* 0467  jnerr L1, +1 */
    0x00010003,                /* 0468  lnil L1 */
    0x00030842,                /* 0469  gget L8 <- g3   (_field) */
    0x00098041,                /* 046A  move L9 <- P0 */
    0x000A0240,                /* 046B  i8 L10 <- 2 */
    0x000802A0, 0x00010000,    /* 046C  call base=L8 argc=2 nres=1 */
    0x00020841,                /* 046E  move L2 <- L8 */
    0x0001024E,                /* 046F  jnerr L2, +1 */
    0x00020003,                /* 0470  lnil L2 */
    0x00480842,                /* 0471  gget L8 <- g72   (BINOPS) */
    0x00D90942,                /* 0472  gget L9 <- g217   (str) */
    0x000A0041,                /* 0473  move L10 <- L0 */
    0x000901A0, 0x00010000,    /* 0474  call base=L9 argc=1 nres=1 */
    0x00030098, 0x00080009,    /* 0476  getidx L3 <- L8[L9] */
    0x0001034E,                /* 0478  jnerr L3, +1 */
    0x00030003,                /* 0479  lnil L3 */
    0x001B0846,                /* 047A  lconst L8 <- static#27   ("nil") */
    0x00090097, 0x00030008,    /* 047B  is L9 <- L3 is L8 */
    0x000F094B,                /* 047D  jf L9, +15 */
    0x00D50842,                /* 047E  gget L8 <- g213   (error) */
    0x00390946,                /* 047F  lconst L9 <- static#57   ("the bytecode compiler does not support the '") */
    0x00D90A42,                /* 0480  gget L10 <- g217   (str) */
    0x000B0041,                /* 0481  move L11 <- L0 */
    0x000A01A0, 0x00010000,    /* 0482  call base=L10 argc=1 nres=1 */
    0x000B0085, 0x0009000A,    /* 0484  add L11 <- L9 + L10 */
    0x003A0C46,                /* 0486  lconst L12 <- static#58   ("' operator yet") */
    0x000D0085, 0x000B000C,    /* 0487  add L13 <- L11 + L12 */
    0x00090D41,                /* 0489  move L9 <- L13 */
    0x000801A0, 0x00010000,    /* 048A  call base=L8 argc=1 nres=1 */
    0x00080102,                /* 048C  return L8 count=1 */
    0x00450842,                /* 048D  gget L8 <- g69   (compile_expr) */
    0x00090141,                /* 048E  move L9 <- L1 */
    0x000A8141,                /* 048F  move L10 <- P1 */
    0x000B0003,                /* 0490  lnil L11 */
    0x000803A0, 0x00010000,    /* 0491  call base=L8 argc=3 nres=1 */
    0x00040841,                /* 0493  move L4 <- L8 */
    0x00270846,                /* 0494  lconst L8 <- static#39   ("error") */
    0x00090097, 0x00040008,    /* 0495  is L9 <- L4 is L8 */
    0x0001094B,                /* 0497  jf L9, +1 */
    0x00040102,                /* 0498  return L4 count=1 */
    0x00450842,                /* 0499  gget L8 <- g69   (compile_expr) */
    0x00090241,                /* 049A  move L9 <- L2 */
    0x000A8141,                /* 049B  move L10 <- P1 */
    0x000B0003,                /* 049C  lnil L11 */
    0x000803A0, 0x00010000,    /* 049D  call base=L8 argc=3 nres=1 */
    0x00050841,                /* 049F  move L5 <- L8 */
    0x00270846,                /* 04A0  lconst L8 <- static#39   ("error") */
    0x00090097, 0x00050008,    /* 04A1  is L9 <- L5 is L8 */
    0x0001094B,                /* 04A3  jf L9, +1 */
    0x00050102,                /* 04A4  return L5 count=1 */
    0x000A0842,                /* 04A5  gget L8 <- g10   (_target) */
    0x00098141,                /* 04A6  move L9 <- P1 */
    0x000A8241,                /* 04A7  move L10 <- P2 */
    0x000802A0, 0x00010000,    /* 04A8  call base=L8 argc=2 nres=1 */
    0x00060841,                /* 04AA  move L6 <- L8 */
    0x00270846,                /* 04AB  lconst L8 <- static#39   ("error") */
    0x00090097, 0x00060008,    /* 04AC  is L9 <- L6 is L8 */
    0x0001094B,                /* 04AE  jf L9, +1 */
    0x00060102,                /* 04AF  return L6 count=1 */
    0x00070842,                /* 04B0  gget L8 <- g7   (_emit_pack) */
    0x000B8141,                /* 04B1  move L11 <- P1 */
    0x000C0341,                /* 04B2  move L12 <- L3 */
    0x000D0281, 0x000B0000,    /* 04B3  tuple L13 <- L11, 2 items */
    0x00090D41,                /* 04B5  move L9 <- L13 */
    0x002E0B46,                /* 04B6  lconst L11 <- static#46   ("a0") */
    0x000C0641,                /* 04B7  move L12 <- L6 */
    0x002F0D46,                /* 04B8  lconst L13 <- static#47   ("a1") */
    0x000E0441,                /* 04B9  move L14 <- L4 */
    0x00300F46,                /* 04BA  lconst L15 <- static#48   ("a2") */
    0x00100541,                /* 04BB  move L16 <- L5 */
    0x00110383, 0x000B0000,    /* 04BC  dict L17 <- L11, 3 pairs */
    0x000A1141,                /* 04BE  move L10 <- L17 */
    0x000800A1, 0x00010000,    /* 04BF  call_va base=L8 nres=1 */
    0x00070841,                /* 04C1  move L7 <- L8 */
    0x00270846,                /* 04C2  lconst L8 <- static#39   ("error") */
    0x00090097, 0x00070008,    /* 04C3  is L9 <- L7 is L8 */
    0x0001094B,                /* 04C5  jf L9, +1 */
    0x00070102,                /* 04C6  return L7 count=1 */
    0x00060102,                /* 04C7  return L6 count=1 */
    0x00030642,                /* 04C8  gget L6 <- g3   (_field) */
    0x00078041,                /* 04C9  move L7 <- P0 */
    0x00080140,                /* 04CA  i8 L8 <- 1 */
    0x000602A0, 0x00010000,    /* 04CB  call base=L6 argc=2 nres=1 */
    0x00000641,                /* 04CD  move L0 <- L6 */
    0x0001004E,                /* 04CE  jnerr L0, +1 */
    0x00000003,                /* 04CF  lnil L0 */
    0x00030642,                /* 04D0  gget L6 <- g3   (_field) */
    0x00078041,                /* 04D1  move L7 <- P0 */
    0x00080240,                /* 04D2  i8 L8 <- 2 */
    0x000602A0, 0x00010000,    /* 04D3  call base=L6 argc=2 nres=1 */
    0x00010641,                /* 04D5  move L1 <- L6 */
    0x0001014E,                /* 04D6  jnerr L1, +1 */
    0x00010003,                /* 04D7  lnil L1 */
    0x00450642,                /* 04D8  gget L6 <- g69   (compile_expr) */
    0x00070041,                /* 04D9  move L7 <- L0 */
    0x00088141,                /* 04DA  move L8 <- P1 */
    0x00090003,                /* 04DB  lnil L9 */
    0x000603A0, 0x00010000,    /* 04DC  call base=L6 argc=3 nres=1 */
    0x00020641,                /* 04DE  move L2 <- L6 */
    0x00270646,                /* 04DF  lconst L6 <- static#39   ("error") */
    0x00070097, 0x00020006,    /* 04E0  is L7 <- L2 is L6 */
    0x0001074B,                /* 04E2  jf L7, +1 */
    0x00020102,                /* 04E3  return L2 count=1 */
    0x00450642,                /* 04E4  gget L6 <- g69   (compile_expr) */
    0x00070141,                /* 04E5  move L7 <- L1 */
    0x00088141,                /* 04E6  move L8 <- P1 */
    0x00090003,                /* 04E7  lnil L9 */
    0x000603A0, 0x00010000,    /* 04E8  call base=L6 argc=3 nres=1 */
    0x00030641,                /* 04EA  move L3 <- L6 */
    0x00270646,                /* 04EB  lconst L6 <- static#39   ("error") */
    0x00070097, 0x00030006,    /* 04EC  is L7 <- L3 is L6 */
    0x0001074B,                /* 04EE  jf L7, +1 */
    0x00030102,                /* 04EF  return L3 count=1 */
    0x000A0642,                /* 04F0  gget L6 <- g10   (_target) */
    0x00078141,                /* 04F1  move L7 <- P1 */
    0x00088241,                /* 04F2  move L8 <- P2 */
    0x000602A0, 0x00010000,    /* 04F3  call base=L6 argc=2 nres=1 */
    0x00040641,                /* 04F5  move L4 <- L6 */
    0x00270646,                /* 04F6  lconst L6 <- static#39   ("error") */
    0x00070097, 0x00040006,    /* 04F7  is L7 <- L4 is L6 */
    0x0001074B,                /* 04F9  jf L7, +1 */
    0x00040102,                /* 04FA  return L4 count=1 */
    0x00070642,                /* 04FB  gget L6 <- g7   (_emit_pack) */
    0x00098141,                /* 04FC  move L9 <- P1 */
    0x00050A45,                /* 04FD  lsym L10 <- sym#5   ("pow") */
    0x000B0281, 0x00090000,    /* 04FE  tuple L11 <- L9, 2 items */
    0x00070B41,                /* 0500  move L7 <- L11 */
    0x002E0946,                /* 0501  lconst L9 <- static#46   ("a0") */
    0x000A0441,                /* 0502  move L10 <- L4 */
    0x002F0B46,                /* 0503  lconst L11 <- static#47   ("a1") */
    0x000C0241,                /* 0504  move L12 <- L2 */
    0x00300D46,                /* 0505  lconst L13 <- static#48   ("a2") */
    0x000E0341,                /* 0506  move L14 <- L3 */
    0x000F0383, 0x00090000,    /* 0507  dict L15 <- L9, 3 pairs */
    0x00080F41,                /* 0509  move L8 <- L15 */
    0x000600A1, 0x00010000,    /* 050A  call_va base=L6 nres=1 */
    0x00050641,                /* 050C  move L5 <- L6 */
    0x00270646,                /* 050D  lconst L6 <- static#39   ("error") */
    0x00070097, 0x00050006,    /* 050E  is L7 <- L5 is L6 */
    0x0001074B,                /* 0510  jf L7, +1 */
    0x00050102,                /* 0511  return L5 count=1 */
    0x00040102,                /* 0512  return L4 count=1 */
    0x00030642,                /* 0513  gget L6 <- g3   (_field) */
    0x00078041,                /* 0514  move L7 <- P0 */
    0x00080140,                /* 0515  i8 L8 <- 1 */
    0x000602A0, 0x00010000,    /* 0516  call base=L6 argc=2 nres=1 */
    0x00000641,                /* 0518  move L0 <- L6 */
    0x0001004E,                /* 0519  jnerr L0, +1 */
    0x00000003,                /* 051A  lnil L0 */
    0x00030642,                /* 051B  gget L6 <- g3   (_field) */
    0x00078041,                /* 051C  move L7 <- P0 */
    0x00080240,                /* 051D  i8 L8 <- 2 */
    0x000602A0, 0x00010000,    /* 051E  call base=L6 argc=2 nres=1 */
    0x00010641,                /* 0520  move L1 <- L6 */
    0x0001014E,                /* 0521  jnerr L1, +1 */
    0x00010003,                /* 0522  lnil L1 */
    0x00450642,                /* 0523  gget L6 <- g69   (compile_expr) */
    0x00070041,                /* 0524  move L7 <- L0 */
    0x00088141,                /* 0525  move L8 <- P1 */
    0x00090003,                /* 0526  lnil L9 */
    0x000603A0, 0x00010000,    /* 0527  call base=L6 argc=3 nres=1 */
    0x00020641,                /* 0529  move L2 <- L6 */
    0x00270646,                /* 052A  lconst L6 <- static#39   ("error") */
    0x00070097, 0x00020006,    /* 052B  is L7 <- L2 is L6 */
    0x0001074B,                /* 052D  jf L7, +1 */
    0x00020102,                /* 052E  return L2 count=1 */
    0x00450642,                /* 052F  gget L6 <- g69   (compile_expr) */
    0x00070141,                /* 0530  move L7 <- L1 */
    0x00088141,                /* 0531  move L8 <- P1 */
    0x00090003,                /* 0532  lnil L9 */
    0x000603A0, 0x00010000,    /* 0533  call base=L6 argc=3 nres=1 */
    0x00030641,                /* 0535  move L3 <- L6 */
    0x00270646,                /* 0536  lconst L6 <- static#39   ("error") */
    0x00070097, 0x00030006,    /* 0537  is L7 <- L3 is L6 */
    0x0001074B,                /* 0539  jf L7, +1 */
    0x00030102,                /* 053A  return L3 count=1 */
    0x000A0642,                /* 053B  gget L6 <- g10   (_target) */
    0x00078141,                /* 053C  move L7 <- P1 */
    0x00088241,                /* 053D  move L8 <- P2 */
    0x000602A0, 0x00010000,    /* 053E  call base=L6 argc=2 nres=1 */
    0x00040641,                /* 0540  move L4 <- L6 */
    0x00270646,                /* 0541  lconst L6 <- static#39   ("error") */
    0x00070097, 0x00040006,    /* 0542  is L7 <- L4 is L6 */
    0x0001074B,                /* 0544  jf L7, +1 */
    0x00040102,                /* 0545  return L4 count=1 */
    0x00070642,                /* 0546  gget L6 <- g7   (_emit_pack) */
    0x00098141,                /* 0547  move L9 <- P1 */
    0x00120A45,                /* 0548  lsym L10 <- sym#18   ("in") */
    0x000B0281, 0x00090000,    /* 0549  tuple L11 <- L9, 2 items */
    0x00070B41,                /* 054B  move L7 <- L11 */
    0x002E0946,                /* 054C  lconst L9 <- static#46   ("a0") */
    0x000A0441,                /* 054D  move L10 <- L4 */
    0x002F0B46,                /* 054E  lconst L11 <- static#47   ("a1") */
    0x000C0241,                /* 054F  move L12 <- L2 */
    0x00300D46,                /* 0550  lconst L13 <- static#48   ("a2") */
    0x000E0341,                /* 0551  move L14 <- L3 */
    0x000F0383, 0x00090000,    /* 0552  dict L15 <- L9, 3 pairs */
    0x00080F41,                /* 0554  move L8 <- L15 */
    0x000600A1, 0x00010000,    /* 0555  call_va base=L6 nres=1 */
    0x00050641,                /* 0557  move L5 <- L6 */
    0x00270646,                /* 0558  lconst L6 <- static#39   ("error") */
    0x00070097, 0x00050006,    /* 0559  is L7 <- L5 is L6 */
    0x0001074B,                /* 055B  jf L7, +1 */
    0x00050102,                /* 055C  return L5 count=1 */
    0x00040102,                /* 055D  return L4 count=1 */
    0x00020C42,                /* 055E  gget L12 <- g2   (_tail) */
    0x000D8041,                /* 055F  move L13 <- P0 */
    0x000E0140,                /* 0560  i8 L14 <- 1 */
    0x000C02A0, 0x00010000,    /* 0561  call base=L12 argc=2 nres=1 */
    0x00000C41,                /* 0563  move L0 <- L12 */
    0x0001004E,                /* 0564  jnerr L0, +1 */
    0x00000003,                /* 0565  lnil L0 */
    0x00260C46,                /* 0566  lconst L12 <- static#38   ("pair") */
    0x000D0097, 0x0000000C,    /* 0567  is L13 <- L0 is L12 */
    0x000E0D4A,                /* 0569  not L14 <- L13 */
    0x00050E4B,                /* 056A  jf L14, +5 */
    0x00D50C42,                /* 056B  gget L12 <- g213   (error) */
    0x003B0D46,                /* 056C  lconst L13 <- static#59   ("'and'/'or' needs at least one operand") */
    0x000C01A0, 0x00010000,    /* 056D  call base=L12 argc=1 nres=1 */
    0x000C0102,                /* 056F  return L12 count=1 */
    0x000A0C42,                /* 0570  gget L12 <- g10   (_target) */
    0x000D8141,                /* 0571  move L13 <- P1 */
    0x000E8241,                /* 0572  move L14 <- P2 */
    0x000C02A0, 0x00010000,    /* 0573  call base=L12 argc=2 nres=1 */
    0x00010C41,                /* 0575  move L1 <- L12 */
    0x00270C46,                /* 0576  lconst L12 <- static#39   ("error") */
    0x000D0097, 0x0001000C,    /* 0577  is L13 <- L1 is L12 */
    0x00010D4B,                /* 0579  jf L13, +1 */
    0x00010102,                /* 057A  return L1 count=1 */
    0x000C8141,                /* 057B  move L12 <- P1 */
    0x000C00A2, 0x000C0001,    /* 057C  msg base=L12 argc=0 msg#12 nres=1   (mark) */
    0x00020C41,                /* 057E  move L2 <- L12 */
    0x00450C42,                /* 057F  gget L12 <- g69   (compile_expr) */
    0x00D70D42,                /* 0580  gget L13 <- g215   (car) */
    0x000E0041,                /* 0581  move L14 <- L0 */
    0x000D01A0, 0x00010000,    /* 0582  call base=L13 argc=1 nres=1 */
    0x000E8141,                /* 0584  move L14 <- P1 */
    0x000F0141,                /* 0585  move L15 <- L1 */
    0x000C03A0, 0x00010000,    /* 0586  call base=L12 argc=3 nres=1 */
    0x00030C41,                /* 0588  move L3 <- L12 */
    0x00270C46,                /* 0589  lconst L12 <- static#39   ("error") */
    0x000D0097, 0x0003000C,    /* 058A  is L13 <- L3 is L12 */
    0x00010D4B,                /* 058C  jf L13, +1 */
    0x00030102,                /* 058D  return L3 count=1 */
    0x000C8141,                /* 058E  move L12 <- P1 */
    0x000D0241,                /* 058F  move L13 <- L2 */
    0x000C01A2, 0x000D0001,    /* 0590  msg base=L12 argc=1 msg#13 nres=1   (free_to) */
    0x00040C41,                /* 0592  move L4 <- L12 */
    0x00270C46,                /* 0593  lconst L12 <- static#39   ("error") */
    0x000D0097, 0x0004000C,    /* 0594  is L13 <- L4 is L12 */
    0x00010D4B,                /* 0596  jf L13, +1 */
    0x00040102,                /* 0597  return L4 count=1 */
    0x000C8141,                /* 0598  move L12 <- P1 */
    0x000C00A2, 0x000E0001,    /* 0599  msg base=L12 argc=0 msg#14 nres=1   (new_label) */
    0x00050C41,                /* 059B  move L5 <- L12 */
    0x00320645,                /* 059C  lsym L6 <- sym#50   ("jf") */
    0x000C834A,                /* 059D  not L12 <- P3 */
    0x00010C4B,                /* 059E  jf L12, +1 */
    0x00330645,                /* 059F  lsym L6 <- sym#51   ("jt") */
    0x00D60C42,                /* 05A0  gget L12 <- g214   (cdr) */
    0x000D0041,                /* 05A1  move L13 <- L0 */
    0x000C01A0, 0x00010000,    /* 05A2  call base=L12 argc=1 nres=1 */
    0x00070C41,                /* 05A4  move L7 <- L12 */
    0x00260C46,                /* 05A5  lconst L12 <- static#38   ("pair") */
    0x000D0097, 0x0007000C,    /* 05A6  is L13 <- L7 is L12 */
    0x002B0D4B,                /* 05A8  jf L13, +43 */
    0x000C8141,                /* 05A9  move L12 <- P1 */
    0x000D0641,                /* 05AA  move L13 <- L6 */
    0x000E0541,                /* 05AB  move L14 <- L5 */
    0x000F0141,                /* 05AC  move L15 <- L1 */
    0x000C03A2, 0x000F0001,    /* 05AD  msg base=L12 argc=3 msg#15 nres=1   (emit_jump) */
    0x00090C41,                /* 05AF  move L9 <- L12 */
    0x00270C46,                /* 05B0  lconst L12 <- static#39   ("error") */
    0x000D0097, 0x0009000C,    /* 05B1  is L13 <- L9 is L12 */
    0x00010D4B,                /* 05B3  jf L13, +1 */
    0x00090102,                /* 05B4  return L9 count=1 */
    0x00450C42,                /* 05B5  gget L12 <- g69   (compile_expr) */
    0x00D70D42,                /* 05B6  gget L13 <- g215   (car) */
    0x000E0741,                /* 05B7  move L14 <- L7 */
    0x000D01A0, 0x00010000,    /* 05B8  call base=L13 argc=1 nres=1 */
    0x000E8141,                /* 05BA  move L14 <- P1 */
    0x000F0141,                /* 05BB  move L15 <- L1 */
    0x000C03A0, 0x00010000,    /* 05BC  call base=L12 argc=3 nres=1 */
    0x000A0C41,                /* 05BE  move L10 <- L12 */
    0x00270C46,                /* 05BF  lconst L12 <- static#39   ("error") */
    0x000D0097, 0x000A000C,    /* 05C0  is L13 <- L10 is L12 */
    0x00010D4B,                /* 05C2  jf L13, +1 */
    0x000A0102,                /* 05C3  return L10 count=1 */
    0x000C8141,                /* 05C4  move L12 <- P1 */
    0x000D0241,                /* 05C5  move L13 <- L2 */
    0x000C01A2, 0x000D0001,    /* 05C6  msg base=L12 argc=1 msg#13 nres=1   (free_to) */
    0x000B0C41,                /* 05C8  move L11 <- L12 */
    0x00270C46,                /* 05C9  lconst L12 <- static#39   ("error") */
    0x000D0097, 0x000B000C,    /* 05CA  is L13 <- L11 is L12 */
    0x00010D4B,                /* 05CC  jf L13, +1 */
    0x000B0102,                /* 05CD  return L11 count=1 */
    0x00D60C42,                /* 05CE  gget L12 <- g214   (cdr) */
    0x000D0741,                /* 05CF  move L13 <- L7 */
    0x000C01A0, 0x00010000,    /* 05D0  call base=L12 argc=1 nres=1 */
    0x00070C41,                /* 05D2  move L7 <- L12 */
    0xFFD1004F,                /* 05D3  jmp -47 */
    0x000C8141,                /* 05D4  move L12 <- P1 */
    0x000D0541,                /* 05D5  move L13 <- L5 */
    0x000C01A2, 0x00100001,    /* 05D6  msg base=L12 argc=1 msg#16 nres=1   (mark_label) */
    0x00080C41,                /* 05D8  move L8 <- L12 */
    0x00270C46,                /* 05D9  lconst L12 <- static#39   ("error") */
    0x000D0097, 0x0008000C,    /* 05DA  is L13 <- L8 is L12 */
    0x00010D4B,                /* 05DC  jf L13, +1 */
    0x00080102,                /* 05DD  return L8 count=1 */
    0x00010102,                /* 05DE  return L1 count=1 */
    0x00260346,                /* 05DF  lconst L3 <- static#38   ("pair") */
    0x00040097, 0x80000003,    /* 05E0  is L4 <- P0 is L3 */
    0x0002044A,                /* 05E2  not L2 <- L4 */
    0x0007024C,                /* 05E3  jt L2, +7 */
    0x00D70342,                /* 05E4  gget L3 <- g215   (car) */
    0x00048041,                /* 05E5  move L4 <- P0 */
    0x000301A0, 0x00010000,    /* 05E6  call base=L3 argc=1 nres=1 */
    0x00360445,                /* 05E8  lsym L4 <- sym#54   ("type") */
    0x00020090, 0x00030004,    /* 05E9  ne L2 <- L3 != L4 */
    0x0005024B,                /* 05EB  jf L2, +5 */
    0x00D50242,                /* 05EC  gget L2 <- g213   (error) */
    0x003C0346,                /* 05ED  lconst L3 <- static#60   ("not a type expression") */
    0x000201A0, 0x00010000,    /* 05EE  call base=L2 argc=1 nres=1 */
    0x00020102,                /* 05F0  return L2 count=1 */
    0x00020242,                /* 05F1  gget L2 <- g2   (_tail) */
    0x00038041,                /* 05F2  move L3 <- P0 */
    0x00040140,                /* 05F3  i8 L4 <- 1 */
    0x000202A0, 0x00010000,    /* 05F4  call base=L2 argc=2 nres=1 */
    0x00000241,                /* 05F6  move L0 <- L2 */
    0x0001004E,                /* 05F7  jnerr L0, +1 */
    0x00000003,                /* 05F8  lnil L0 */
    0x00260346,                /* 05F9  lconst L3 <- static#38   ("pair") */
    0x00020097, 0x00000003,    /* 05FA  is L2 <- L0 is L3 */
    0x0007024B,                /* 05FC  jf L2, +7 */
    0x00D60342,                /* 05FD  gget L3 <- g214   (cdr) */
    0x00040041,                /* 05FE  move L4 <- L0 */
    0x000301A0, 0x00010000,    /* 05FF  call base=L3 argc=1 nres=1 */
    0x00260446,                /* 0601  lconst L4 <- static#38   ("pair") */
    0x00020097, 0x00030004,    /* 0602  is L2 <- L3 is L4 */
    0x0018024B,                /* 0604  jf L2, +24 */
    0x00010082, 0x00020000,    /* 0605  list L1 <- L2, 0 items */
    0x00260246,                /* 0607  lconst L2 <- static#38   ("pair") */
    0x00030097, 0x00000002,    /* 0608  is L3 <- L0 is L2 */
    0x0011034B,                /* 060A  jf L3, +17 */
    0x00020141,                /* 060B  move L2 <- L1 */
    0x00360345,                /* 060C  lsym L3 <- sym#54   ("type") */
    0x00D70442,                /* 060D  gget L4 <- g215   (car) */
    0x00050041,                /* 060E  move L5 <- L0 */
    0x000401A0, 0x00010000,    /* 060F  call base=L4 argc=1 nres=1 */
    0x00050284, 0x00030000,    /* 0611  plist L5 <- L3, 2 items */
    0x00030541,                /* 0613  move L3 <- L5 */
    0x000201A2, 0x00110001,    /* 0614  msg base=L2 argc=1 msg#17 nres=1   (append) */
    0x00D60242,                /* 0616  gget L2 <- g214   (cdr) */
    0x00030041,                /* 0617  move L3 <- L0 */
    0x000201A0, 0x00010000,    /* 0618  call base=L2 argc=1 nres=1 */
    0x00000241,                /* 061A  move L0 <- L2 */
    0xFFEB004F,                /* 061B  jmp -21 */
    0x00010102,                /* 061C  return L1 count=1 */
    0x00028041,                /* 061D  move L2 <- P0 */
    0x00030182, 0x00020000,    /* 061E  list L3 <- L2, 1 items */
    0x00030102,                /* 0620  return L3 count=1 */
    0x00260446,                /* 0621  lconst L4 <- static#38   ("pair") */
    0x00050097, 0x80000004,    /* 0622  is L5 <- P0 is L4 */
    0x0003054A,                /* 0624  not L3 <- L5 */
    0x0007034C,                /* 0625  jt L3, +7 */
    0x00D70442,                /* 0626  gget L4 <- g215   (car) */
    0x00058041,                /* 0627  move L5 <- P0 */
    0x000401A0, 0x00010000,    /* 0628  call base=L4 argc=1 nres=1 */
    0x00360545,                /* 062A  lsym L5 <- sym#54   ("type") */
    0x00030090, 0x00040005,    /* 062B  ne L3 <- L4 != L5 */
    0x0005034B,                /* 062D  jf L3, +5 */
    0x00D50342,                /* 062E  gget L3 <- g213   (error) */
    0x003D0446,                /* 062F  lconst L4 <- static#61   ("not a type atom") */
    0x000301A0, 0x00010000,    /* 0630  call base=L3 argc=1 nres=1 */
    0x00030102,                /* 0632  return L3 count=1 */
    0x00030342,                /* 0633  gget L3 <- g3   (_field) */
    0x00048041,                /* 0634  move L4 <- P0 */
    0x00050140,                /* 0635  i8 L5 <- 1 */
    0x000302A0, 0x00010000,    /* 0636  call base=L3 argc=2 nres=1 */
    0x00000341,                /* 0638  move L0 <- L3 */
    0x0001004E,                /* 0639  jnerr L0, +1 */
    0x00000003,                /* 063A  lnil L0 */
    0x00210346,                /* 063B  lconst L3 <- static#33   ("sym") */
    0x00040097, 0x00000003,    /* 063C  is L4 <- L0 is L3 */
    0x0007044B,                /* 063E  jf L4, +7 */
    0x00D90342,                /* 063F  gget L3 <- g217   (str) */
    0x00040041,                /* 0640  move L4 <- L0 */
    0x000301A0, 0x00010000,    /* 0641  call base=L3 argc=1 nres=1 */
    0x00040182, 0x00030000,    /* 0643  list L4 <- L3, 1 items */
    0x00040102,                /* 0645  return L4 count=1 */
    0x00B50342,                /* 0646  gget L3 <- g181   (is_path_node) */
    0x00040041,                /* 0647  move L4 <- L0 */
    0x000301A0, 0x00010000,    /* 0648  call base=L3 argc=1 nres=1 */
    0x001F034B,                /* 064A  jf L3, +31 */
    0x00010082, 0x00030000,    /* 064B  list L1 <- L3, 0 items */
    0x00020342,                /* 064D  gget L3 <- g2   (_tail) */
    0x00040041,                /* 064E  move L4 <- L0 */
    0x00050140,                /* 064F  i8 L5 <- 1 */
    0x000302A0, 0x00010000,    /* 0650  call base=L3 argc=2 nres=1 */
    0x00020341,                /* 0652  move L2 <- L3 */
    0x0001024E,                /* 0653  jnerr L2, +1 */
    0x00020003,                /* 0654  lnil L2 */
    0x00260346,                /* 0655  lconst L3 <- static#38   ("pair") */
    0x00040097, 0x00020003,    /* 0656  is L4 <- L2 is L3 */
    0x0010044B,                /* 0658  jf L4, +16 */
    0x00030141,                /* 0659  move L3 <- L1 */
    0x00D90442,                /* 065A  gget L4 <- g217   (str) */
    0x00D70542,                /* 065B  gget L5 <- g215   (car) */
    0x00060241,                /* 065C  move L6 <- L2 */
    0x000501A0, 0x00010000,    /* 065D  call base=L5 argc=1 nres=1 */
    0x000401A0, 0x00010000,    /* 065F  call base=L4 argc=1 nres=1 */
    0x000301A2, 0x00110001,    /* 0661  msg base=L3 argc=1 msg#17 nres=1   (append) */
    0x00D60342,                /* 0663  gget L3 <- g214   (cdr) */
    0x00040241,                /* 0664  move L4 <- L2 */
    0x000301A0, 0x00010000,    /* 0665  call base=L3 argc=1 nres=1 */
    0x00020341,                /* 0667  move L2 <- L3 */
    0xFFEC004F,                /* 0668  jmp -20 */
    0x00010102,                /* 0669  return L1 count=1 */
    0x00D50342,                /* 066A  gget L3 <- g213   (error) */
    0x003E0446,                /* 066B  lconst L4 <- static#62   ("unsupported type atom shape") */
    0x000301A0, 0x00010000,    /* 066C  call base=L3 argc=1 nres=1 */
    0x00030102,                /* 066E  return L3 count=1 */
    0x001D0642,                /* 066F  gget L6 <- g29   (_type_parts) */
    0x00078041,                /* 0670  move L7 <- P0 */
    0x000601A0, 0x00010000,    /* 0671  call base=L6 argc=1 nres=1 */
    0x00000641,                /* 0673  move L0 <- L6 */
    0x00270646,                /* 0674  lconst L6 <- static#39   ("error") */
    0x00070097, 0x00000006,    /* 0675  is L7 <- L0 is L6 */
    0x0001074B,                /* 0677  jf L7, +1 */
    0x00000102,                /* 0678  return L0 count=1 */
    0x00DA0642,                /* 0679  gget L6 <- g218   (len) */
    0x00070041,                /* 067A  move L7 <- L0 */
    0x000601A0, 0x00010000,    /* 067B  call base=L6 argc=1 nres=1 */
    0x00070040,                /* 067D  i8 L7 <- 0 */
    0x0008008F, 0x00060007,    /* 067E  eq L8 <- L6 == L7 */
    0x0005084B,                /* 0680  jf L8, +5 */
    0x00D50642,                /* 0681  gget L6 <- g213   (error) */
    0x003F0746,                /* 0682  lconst L7 <- static#63   ("empty type expression") */
    0x000601A0, 0x00010000,    /* 0683  call base=L6 argc=1 nres=1 */
    0x00060102,                /* 0685  return L6 count=1 */
    0x00DA0642,                /* 0686  gget L6 <- g218   (len) */
    0x00070041,                /* 0687  move L7 <- L0 */
    0x000601A0, 0x00010000,    /* 0688  call base=L6 argc=1 nres=1 */
    0x00070140,                /* 068A  i8 L7 <- 1 */
    0x00080086, 0x00060007,    /* 068B  sub L8 <- L6 - L7 */
    0x00010098, 0x00000008,    /* 068D  getidx L1 <- L0[L8] */
    0x00490642,                /* 068F  gget L6 <- g73   (PRIMITIVE_TYPE_NAMES) */
    0x00070096, 0x00010006,    /* 0690  in L7 <- L1 in L6 */
    0x0026074B,                /* 0692  jf L7, +38 */
    0x0007009A, 0x80010019,    /* 0693  getattr L7 <- P1.sym#25   ("module") */
    0x0006009A, 0x0007001A,    /* 0695  getattr L6 <- L7.sym#26   ("image") */
    0x00070141,                /* 0697  move L7 <- L1 */
    0x000601A2, 0x00040001,    /* 0698  msg base=L6 argc=1 msg#4 nres=1   (add_static) */
    0x00030641,                /* 069A  move L3 <- L6 */
    0x00270646,                /* 069B  lconst L6 <- static#39   ("error") */
    0x00070097, 0x00030006,    /* 069C  is L7 <- L3 is L6 */
    0x0001074B,                /* 069E  jf L7, +1 */
    0x00030102,                /* 069F  return L3 count=1 */
    0x000A0642,                /* 06A0  gget L6 <- g10   (_target) */
    0x00078141,                /* 06A1  move L7 <- P1 */
    0x00088241,                /* 06A2  move L8 <- P2 */
    0x000602A0, 0x00010000,    /* 06A3  call base=L6 argc=2 nres=1 */
    0x00040641,                /* 06A5  move L4 <- L6 */
    0x00270646,                /* 06A6  lconst L6 <- static#39   ("error") */
    0x00070097, 0x00040006,    /* 06A7  is L7 <- L4 is L6 */
    0x0001074B,                /* 06A9  jf L7, +1 */
    0x00040102,                /* 06AA  return L4 count=1 */
    0x00080642,                /* 06AB  gget L6 <- g8   (_emit_pairable) */
    0x00078141,                /* 06AC  move L7 <- P1 */
    0x001B0845,                /* 06AD  lsym L8 <- sym#27   ("lconst") */
    0x00090341,                /* 06AE  move L9 <- L3 */
    0x000A0441,                /* 06AF  move L10 <- L4 */
    0x000604A0, 0x00010000,    /* 06B0  call base=L6 argc=4 nres=1 */
    0x00050641,                /* 06B2  move L5 <- L6 */
    0x00270646,                /* 06B3  lconst L6 <- static#39   ("error") */
    0x00070097, 0x00050006,    /* 06B4  is L7 <- L5 is L6 */
    0x0001074B,                /* 06B6  jf L7, +1 */
    0x00050102,                /* 06B7  return L5 count=1 */
    0x00040102,                /* 06B8  return L4 count=1 */
    0x00DA0642,                /* 06B9  gget L6 <- g218   (len) */
    0x00070041,                /* 06BA  move L7 <- L0 */
    0x000601A0, 0x00010000,    /* 06BB  call base=L6 argc=1 nres=1 */
    0x00070140,                /* 06BD  i8 L7 <- 1 */
    0x0008008F, 0x00060007,    /* 06BE  eq L8 <- L6 == L7 */
    0x000D084B,                /* 06C0  jf L8, +13 */
    0x00120642,                /* 06C1  gget L6 <- g18   (resolve_name) */
    0x00DB0742,                /* 06C2  gget L7 <- g219   (sym) */
    0x00080040,                /* 06C3  i8 L8 <- 0 */
    0x00090098, 0x00000008,    /* 06C4  getidx L9 <- L0[L8] */
    0x00080941,                /* 06C6  move L8 <- L9 */
    0x000701A0, 0x00010000,    /* 06C7  call base=L7 argc=1 nres=1 */
    0x00088141,                /* 06C9  move L8 <- P1 */
    0x00098241,                /* 06CA  move L9 <- P2 */
    0x000603A0, 0x00010000,    /* 06CB  call base=L6 argc=3 nres=1 */
    0x00060102,                /* 06CD  return L6 count=1 */
    0x0006009A, 0x80010019,    /* 06CE  getattr L6 <- P1.sym#25   ("module") */
    0x00050742,                /* 06D0  gget L7 <- g5   (_join_parts) */
    0x00080041,                /* 06D1  move L8 <- L0 */
    0x000701A0, 0x00010000,    /* 06D2  call base=L7 argc=1 nres=1 */
    0x000601A2, 0x000B0001,    /* 06D4  msg base=L6 argc=1 msg#11 nres=1   (declare_free_global) */
    0x00020641,                /* 06D6  move L2 <- L6 */
    0x00270646,                /* 06D7  lconst L6 <- static#39   ("error") */
    0x00070097, 0x00020006,    /* 06D8  is L7 <- L2 is L6 */
    0x0001074B,                /* 06DA  jf L7, +1 */
    0x00020102,                /* 06DB  return L2 count=1 */
    0x00110642,                /* 06DC  gget L6 <- g17   (_land_free) */
    0x00078141,                /* 06DD  move L7 <- P1 */
    0x00088241,                /* 06DE  move L8 <- P2 */
    0x00090241,                /* 06DF  move L9 <- L2 */
    0x000603A0, 0x00010000,    /* 06E0  call base=L6 argc=3 nres=1 */
    0x00060102,                /* 06E2  return L6 count=1 */
    0x00030E42,                /* 06E3  gget L14 <- g3   (_field) */
    0x000F8041,                /* 06E4  move L15 <- P0 */
    0x00100140,                /* 06E5  i8 L16 <- 1 */
    0x000E02A0, 0x00010000,    /* 06E6  call base=L14 argc=2 nres=1 */
    0x00000E41,                /* 06E8  move L0 <- L14 */
    0x0001004E,                /* 06E9  jnerr L0, +1 */
    0x00000003,                /* 06EA  lnil L0 */
    0x00030E42,                /* 06EB  gget L14 <- g3   (_field) */
    0x000F8041,                /* 06EC  move L15 <- P0 */
    0x00100240,                /* 06ED  i8 L16 <- 2 */
    0x000E02A0, 0x00010000,    /* 06EE  call base=L14 argc=2 nres=1 */
    0x00010E41,                /* 06F0  move L1 <- L14 */
    0x0001014E,                /* 06F1  jnerr L1, +1 */
    0x00010003,                /* 06F2  lnil L1 */
    0x001C0E42,                /* 06F3  gget L14 <- g28   (_type_atoms) */
    0x000F0141,                /* 06F4  move L15 <- L1 */
    0x000E01A0, 0x00010000,    /* 06F5  call base=L14 argc=1 nres=1 */
    0x00020E41,                /* 06F7  move L2 <- L14 */
    0x00270E46,                /* 06F8  lconst L14 <- static#39   ("error") */
    0x000F0097, 0x0002000E,    /* 06F9  is L15 <- L2 is L14 */
    0x00010F4B,                /* 06FB  jf L15, +1 */
    0x00020102,                /* 06FC  return L2 count=1 */
    0x00450E42,                /* 06FD  gget L14 <- g69   (compile_expr) */
    0x000F0041,                /* 06FE  move L15 <- L0 */
    0x00108141,                /* 06FF  move L16 <- P1 */
    0x00110003,                /* 0700  lnil L17 */
    0x000E03A0, 0x00010000,    /* 0701  call base=L14 argc=3 nres=1 */
    0x00030E41,                /* 0703  move L3 <- L14 */
    0x00270E46,                /* 0704  lconst L14 <- static#39   ("error") */
    0x000F0097, 0x0003000E,    /* 0705  is L15 <- L3 is L14 */
    0x00010F4B,                /* 0707  jf L15, +1 */
    0x00030102,                /* 0708  return L3 count=1 */
    0x00040005,                /* 0709  lunset L4 */
    0x00DA0E42,                /* 070A  gget L14 <- g218   (len) */
    0x000F0241,                /* 070B  move L15 <- L2 */
    0x000E01A0, 0x00010000,    /* 070C  call base=L14 argc=1 nres=1 */
    0x000F0140,                /* 070E  i8 L15 <- 1 */
    0x0010008F, 0x000E000F,    /* 070F  eq L16 <- L14 == L15 */
    0x0011104B,                /* 0711  jf L16, +17 */
    0x001E0E42,                /* 0712  gget L14 <- g30   (_type_value) */
    0x000F0040,                /* 0713  i8 L15 <- 0 */
    0x00100098, 0x0002000F,    /* 0714  getidx L16 <- L2[L15] */
    0x000F1041,                /* 0716  move L15 <- L16 */
    0x00108141,                /* 0717  move L16 <- P1 */
    0x00110003,                /* 0718  lnil L17 */
    0x000E03A0, 0x00010000,    /* 0719  call base=L14 argc=3 nres=1 */
    0x00070E41,                /* 071B  move L7 <- L14 */
    0x00270E46,                /* 071C  lconst L14 <- static#39   ("error") */
    0x000F0097, 0x0007000E,    /* 071D  is L15 <- L7 is L14 */
    0x00010F4B,                /* 071F  jf L15, +1 */
    0x00070102,                /* 0720  return L7 count=1 */
    0x00040741,                /* 0721  move L4 <- L7 */
    0x0045004F,                /* 0722  jmp +69 */
    0x000E8141,                /* 0723  move L14 <- P1 */
    0x000E00A2, 0x000C0001,    /* 0724  msg base=L14 argc=0 msg#12 nres=1   (mark) */
    0x00080E41,                /* 0726  move L8 <- L14 */
    0x000E00AE, 0x00020000,    /* 0727  iter L14 <- L2 */
    0x000B00AF, 0x000E0016,    /* 0729  itnext L11 <- L14, done +22 */
    0x000F8141,                /* 072B  move L15 <- P1 */
    0x000F00A2, 0x00030001,    /* 072C  msg base=L15 argc=0 msg#3 nres=1   (push) */
    0x000C0F41,                /* 072E  move L12 <- L15 */
    0x00270F46,                /* 072F  lconst L15 <- static#39   ("error") */
    0x00100097, 0x000C000F,    /* 0730  is L16 <- L12 is L15 */
    0x0001104B,                /* 0732  jf L16, +1 */
    0x000C0102,                /* 0733  return L12 count=1 */
    0x001E0F42,                /* 0734  gget L15 <- g30   (_type_value) */
    0x00100B41,                /* 0735  move L16 <- L11 */
    0x00118141,                /* 0736  move L17 <- P1 */
    0x00120C41,                /* 0737  move L18 <- L12 */
    0x000F03A0, 0x00010000,    /* 0738  call base=L15 argc=3 nres=1 */
    0x000D0F41,                /* 073A  move L13 <- L15 */
    0x00270F46,                /* 073B  lconst L15 <- static#39   ("error") */
    0x00100097, 0x000D000F,    /* 073C  is L16 <- L13 is L15 */
    0x0001104B,                /* 073E  jf L16, +1 */
    0x000D0102,                /* 073F  return L13 count=1 */
    0xFFE8004F,                /* 0740  jmp -24 */
    0x000E8141,                /* 0741  move L14 <- P1 */
    0x000E00A2, 0x00030001,    /* 0742  msg base=L14 argc=0 msg#3 nres=1   (push) */
    0x00090E41,                /* 0744  move L9 <- L14 */
    0x00270E46,                /* 0745  lconst L14 <- static#39   ("error") */
    0x000F0097, 0x0009000E,    /* 0746  is L15 <- L9 is L14 */
    0x00010F4B,                /* 0748  jf L15, +1 */
    0x00090102,                /* 0749  return L9 count=1 */
    0x00070E42,                /* 074A  gget L14 <- g7   (_emit_pack) */
    0x00118141,                /* 074B  move L17 <- P1 */
    0x00381245,                /* 074C  lsym L18 <- sym#56   ("tuple") */
    0x00130281, 0x00110000,    /* 074D  tuple L19 <- L17, 2 items */
    0x000F1341,                /* 074F  move L15 <- L19 */
    0x002E1146,                /* 0750  lconst L17 <- static#46   ("a0") */
    0x00120941,                /* 0751  move L18 <- L9 */
    0x002F1346,                /* 0752  lconst L19 <- static#47   ("a1") */
    0x005C1442,                /* 0753  gget L20 <- g92   (L) */
    0x00150841,                /* 0754  move L21 <- L8 */
    0x001401A0, 0x00010000,    /* 0755  call base=L20 argc=1 nres=1 */
    0x002D1546,                /* 0757  lconst L21 <- static#45   ("f") */
    0x00DA1642,                /* 0758  gget L22 <- g218   (len) */
    0x00170241,                /* 0759  move L23 <- L2 */
    0x001601A0, 0x00010000,    /* 075A  call base=L22 argc=1 nres=1 */
    0x00170383, 0x00110000,    /* 075C  dict L23 <- L17, 3 pairs */
    0x00101741,                /* 075E  move L16 <- L23 */
    0x000E00A1, 0x00010000,    /* 075F  call_va base=L14 nres=1 */
    0x000A0E41,                /* 0761  move L10 <- L14 */
    0x00270E46,                /* 0762  lconst L14 <- static#39   ("error") */
    0x000F0097, 0x000A000E,    /* 0763  is L15 <- L10 is L14 */
    0x00010F4B,                /* 0765  jf L15, +1 */
    0x000A0102,                /* 0766  return L10 count=1 */
    0x00040941,                /* 0767  move L4 <- L9 */
    0x000A0E42,                /* 0768  gget L14 <- g10   (_target) */
    0x000F8141,                /* 0769  move L15 <- P1 */
    0x00108241,                /* 076A  move L16 <- P2 */
    0x000E02A0, 0x00010000,    /* 076B  call base=L14 argc=2 nres=1 */
    0x00050E41,                /* 076D  move L5 <- L14 */
    0x00270E46,                /* 076E  lconst L14 <- static#39   ("error") */
    0x000F0097, 0x0005000E,    /* 076F  is L15 <- L5 is L14 */
    0x00010F4B,                /* 0771  jf L15, +1 */
    0x00050102,                /* 0772  return L5 count=1 */
    0x00070E42,                /* 0773  gget L14 <- g7   (_emit_pack) */
    0x00118141,                /* 0774  move L17 <- P1 */
    0x00391245,                /* 0775  lsym L18 <- sym#57   ("is") */
    0x00130281, 0x00110000,    /* 0776  tuple L19 <- L17, 2 items */
    0x000F1341,                /* 0778  move L15 <- L19 */
    0x002E1146,                /* 0779  lconst L17 <- static#46   ("a0") */
    0x00120541,                /* 077A  move L18 <- L5 */
    0x002F1346,                /* 077B  lconst L19 <- static#47   ("a1") */
    0x00140341,                /* 077C  move L20 <- L3 */
    0x00301546,                /* 077D  lconst L21 <- static#48   ("a2") */
    0x00160441,                /* 077E  move L22 <- L4 */
    0x00170383, 0x00110000,    /* 077F  dict L23 <- L17, 3 pairs */
    0x00101741,                /* 0781  move L16 <- L23 */
    0x000E00A1, 0x00010000,    /* 0782  call_va base=L14 nres=1 */
    0x00060E41,                /* 0784  move L6 <- L14 */
    0x00270E46,                /* 0785  lconst L14 <- static#39   ("error") */
    0x000F0097, 0x0006000E,    /* 0786  is L15 <- L6 is L14 */
    0x00010F4B,                /* 0788  jf L15, +1 */
    0x00060102,                /* 0789  return L6 count=1 */
    0x00050102,                /* 078A  return L5 count=1 */
    0x00058141,                /* 078B  move L5 <- P1 */
    0x000500A2, 0x000C0001,    /* 078C  msg base=L5 argc=0 msg#12 nres=1   (mark) */
    0x00000541,                /* 078E  move L0 <- L5 */
    0x00450542,                /* 078F  gget L5 <- g69   (compile_expr) */
    0x00068041,                /* 0790  move L6 <- P0 */
    0x00078141,                /* 0791  move L7 <- P1 */
    0x00080003,                /* 0792  lnil L8 */
    0x000503A0, 0x00010000,    /* 0793  call base=L5 argc=3 nres=1 */
    0x00010541,                /* 0795  move L1 <- L5 */
    0x00270546,                /* 0796  lconst L5 <- static#39   ("error") */
    0x00060097, 0x00010005,    /* 0797  is L6 <- L1 is L5 */
    0x0001064B,                /* 0799  jf L6, +1 */
    0x00010102,                /* 079A  return L1 count=1 */
    0x0005008F, 0x00010000,    /* 079B  eq L5 <- L1 == L0 */
    0x0005054B,                /* 079D  jf L5, +5 */
    0x00068141,                /* 079E  move L6 <- P1 */
    0x000600A2, 0x000C0001,    /* 079F  msg base=L6 argc=0 msg#12 nres=1   (mark) */
    0x00050093, 0x00060000,    /* 07A1  gt L5 <- L6 > L0 */
    0x0001054B,                /* 07A3  jf L5, +1 */
    0x00010102,                /* 07A4  return L1 count=1 */
    0x00058141,                /* 07A5  move L5 <- P1 */
    0x00060041,                /* 07A6  move L6 <- L0 */
    0x000501A2, 0x000D0001,    /* 07A7  msg base=L5 argc=1 msg#13 nres=1   (free_to) */
    0x00020541,                /* 07A9  move L2 <- L5 */
    0x00270546,                /* 07AA  lconst L5 <- static#39   ("error") */
    0x00060097, 0x00020005,    /* 07AB  is L6 <- L2 is L5 */
    0x0001064B,                /* 07AD  jf L6, +1 */
    0x00020102,                /* 07AE  return L2 count=1 */
    0x00058141,                /* 07AF  move L5 <- P1 */
    0x000500A2, 0x00030001,    /* 07B0  msg base=L5 argc=0 msg#3 nres=1   (push) */
    0x00030541,                /* 07B2  move L3 <- L5 */
    0x00270546,                /* 07B3  lconst L5 <- static#39   ("error") */
    0x00060097, 0x00030005,    /* 07B4  is L6 <- L3 is L5 */
    0x0001064B,                /* 07B6  jf L6, +1 */
    0x00030102,                /* 07B7  return L3 count=1 */
    0x00080542,                /* 07B8  gget L5 <- g8   (_emit_pairable) */
    0x00068141,                /* 07B9  move L6 <- P1 */
    0x00160745,                /* 07BA  lsym L7 <- sym#22   ("move") */
    0x00080341,                /* 07BB  move L8 <- L3 */
    0x00090141,                /* 07BC  move L9 <- L1 */
    0x000504A0, 0x00010000,    /* 07BD  call base=L5 argc=4 nres=1 */
    0x00040541,                /* 07BF  move L4 <- L5 */
    0x00270546,                /* 07C0  lconst L5 <- static#39   ("error") */
    0x00060097, 0x00040005,    /* 07C1  is L6 <- L4 is L5 */
    0x0001064B,                /* 07C3  jf L6, +1 */
    0x00040102,                /* 07C4  return L4 count=1 */
    0x00030102,                /* 07C5  return L3 count=1 */
    0x000200AE, 0x80000000,    /* 07C6  iter L2 <- P0 */
    0x000000AF, 0x00020014,    /* 07C8  itnext L0 <- L2, done +20 */
    0x00BA0342,                /* 07CA  gget L3 <- g186   (node_kind) */
    0x00040041,                /* 07CB  move L4 <- L0 */
    0x000301A0, 0x00010000,    /* 07CC  call base=L3 argc=1 nres=1 */
    0x00010341,                /* 07CE  move L1 <- L3 */
    0x003A0445,                /* 07CF  lsym L4 <- sym#58   ("kwarg") */
    0x0003008F, 0x00010004,    /* 07D0  eq L3 <- L1 == L4 */
    0x0007034C,                /* 07D2  jt L3, +7 */
    0x003B0445,                /* 07D3  lsym L4 <- sym#59   ("spread") */
    0x0003008F, 0x00010004,    /* 07D4  eq L3 <- L1 == L4 */
    0x0003034C,                /* 07D6  jt L3, +3 */
    0x003C0445,                /* 07D7  lsym L4 <- sym#60   ("spread_kw") */
    0x0003008F, 0x00010004,    /* 07D8  eq L3 <- L1 == L4 */
    0x0002034B,                /* 07DA  jf L3, +2 */
    0x00030104,                /* 07DB  lbool L3 <- 1 */
    0x00030102,                /* 07DC  return L3 count=1 */
    0xFFEA004F,                /* 07DD  jmp -22 */
    0x00020004,                /* 07DE  lbool L2 <- 0 */
    0x00020102,                /* 07DF  return L2 count=1 */
    0x00030D42,                /* 07E0  gget L13 <- g3   (_field) */
    0x000E8041,                /* 07E1  move L14 <- P0 */
    0x000F0140,                /* 07E2  i8 L15 <- 1 */
    0x000D02A0, 0x00010000,    /* 07E3  call base=L13 argc=2 nres=1 */
    0x00000D41,                /* 07E5  move L0 <- L13 */
    0x0001004E,                /* 07E6  jnerr L0, +1 */
    0x00000003,                /* 07E7  lnil L0 */
    0x00020D42,                /* 07E8  gget L13 <- g2   (_tail) */
    0x000E8041,                /* 07E9  move L14 <- P0 */
    0x000F0240,                /* 07EA  i8 L15 <- 2 */
    0x000D02A0, 0x00010000,    /* 07EB  call base=L13 argc=2 nres=1 */
    0x00010D41,                /* 07ED  move L1 <- L13 */
    0x0001014E,                /* 07EE  jnerr L1, +1 */
    0x00010003,                /* 07EF  lnil L1 */
    0x00DA0D42,                /* 07F0  gget L13 <- g218   (len) */
    0x000E0141,                /* 07F1  move L14 <- L1 */
    0x000D01A0, 0x00010000,    /* 07F2  call base=L13 argc=1 nres=1 */
    0x00020D41,                /* 07F4  move L2 <- L13 */
    0x000D00C0, 0x00000080,    /* 07F5  i32 L13 <- 128 */
    0x000E0093, 0x0002000D,    /* 07F7  gt L14 <- L2 > L13 */
    0x000C0E4B,                /* 07F9  jf L14, +12 */
    0x00D50D42,                /* 07FA  gget L13 <- g213   (error) */
    0x00D90E42,                /* 07FB  gget L14 <- g217   (str) */
    0x000F0241,                /* 07FC  move L15 <- L2 */
    0x000E01A0, 0x00010000,    /* 07FD  call base=L14 argc=1 nres=1 */
    0x00400F46,                /* 07FF  lconst L15 <- static#64   (" arguments, over the 128-parameter call limit") */
    0x00100085, 0x000E000F,    /* 0800  add L16 <- L14 + L15 */
    0x000E1041,                /* 0802  move L14 <- L16 */
    0x000D01A0, 0x00010000,    /* 0803  call base=L13 argc=1 nres=1 */
    0x000D0102,                /* 0805  return L13 count=1 */
    0x000D00C0, 0x00000080,    /* 0806  i32 L13 <- 128 */
    0x000E0093, 0x8002000D,    /* 0808  gt L14 <- P2 > L13 */
    0x000C0E4B,                /* 080A  jf L14, +12 */
    0x00D50D42,                /* 080B  gget L13 <- g213   (error) */
    0x00D90E42,                /* 080C  gget L14 <- g217   (str) */
    0x000F8241,                /* 080D  move L15 <- P2 */
    0x000E01A0, 0x00010000,    /* 080E  call base=L14 argc=1 nres=1 */
    0x00410F46,                /* 0810  lconst L15 <- static#65   (" results wanted, over the 128-result call limit") */
    0x00100085, 0x000E000F,    /* 0811  add L16 <- L14 + L15 */
    0x000E1041,                /* 0813  move L14 <- L16 */
    0x000D01A0, 0x00010000,    /* 0814  call base=L13 argc=1 nres=1 */
    0x000D0102,                /* 0816  return L13 count=1 */
    0x000D8141,                /* 0817  move L13 <- P1 */
    0x000D00A2, 0x000C0001,    /* 0818  msg base=L13 argc=0 msg#12 nres=1   (mark) */
    0x00030D41,                /* 081A  move L3 <- L13 */
    0x000D8141,                /* 081B  move L13 <- P1 */
    0x000D00A2, 0x00030001,    /* 081C  msg base=L13 argc=0 msg#3 nres=1   (push) */
    0x00040D41,                /* 081E  move L4 <- L13 */
    0x00270D46,                /* 081F  lconst L13 <- static#39   ("error") */
    0x000E0097, 0x0004000D,    /* 0820  is L14 <- L4 is L13 */
    0x00010E4B,                /* 0822  jf L14, +1 */
    0x00040102,                /* 0823  return L4 count=1 */
    0x00210D46,                /* 0824  lconst L13 <- static#33   ("sym") */
    0x000E0097, 0x0000000D,    /* 0825  is L14 <- L0 is L13 */
    0x000D0E4B,                /* 0827  jf L14, +13 */
    0x00120D42,                /* 0828  gget L13 <- g18   (resolve_name) */
    0x000E0041,                /* 0829  move L14 <- L0 */
    0x000F8141,                /* 082A  move L15 <- P1 */
    0x00100441,                /* 082B  move L16 <- L4 */
    0x000D03A0, 0x00010000,    /* 082C  call base=L13 argc=3 nres=1 */
    0x00080D41,                /* 082E  move L8 <- L13 */
    0x00270D46,                /* 082F  lconst L13 <- static#39   ("error") */
    0x000E0097, 0x0008000D,    /* 0830  is L14 <- L8 is L13 */
    0x00010E4B,                /* 0832  jf L14, +1 */
    0x00080102,                /* 0833  return L8 count=1 */
    0x000C004F,                /* 0834  jmp +12 */
    0x00450D42,                /* 0835  gget L13 <- g69   (compile_expr) */
    0x000E0041,                /* 0836  move L14 <- L0 */
    0x000F8141,                /* 0837  move L15 <- P1 */
    0x00100441,                /* 0838  move L16 <- L4 */
    0x000D03A0, 0x00010000,    /* 0839  call base=L13 argc=3 nres=1 */
    0x00090D41,                /* 083B  move L9 <- L13 */
    0x00270D46,                /* 083C  lconst L13 <- static#39   ("error") */
    0x000E0097, 0x0009000D,    /* 083D  is L14 <- L9 is L13 */
    0x00010E4B,                /* 083F  jf L14, +1 */
    0x00090102,                /* 0840  return L9 count=1 */
    0x000D00AE, 0x00010000,    /* 0841  iter L13 <- L1 */
    0x000A00AF, 0x000D000C,    /* 0843  itnext L10 <- L13, done +12 */
    0x00200E42,                /* 0845  gget L14 <- g32   (compile_into_window) */
    0x000F0A41,                /* 0846  move L15 <- L10 */
    0x00108141,                /* 0847  move L16 <- P1 */
    0x000E02A0, 0x00010000,    /* 0848  call base=L14 argc=2 nres=1 */
    0x000B0E41,                /* 084A  move L11 <- L14 */
    0x00270E46,                /* 084B  lconst L14 <- static#39   ("error") */
    0x000F0097, 0x000B000E,    /* 084C  is L15 <- L11 is L14 */
    0x00010F4B,                /* 084E  jf L15, +1 */
    0x000B0102,                /* 084F  return L11 count=1 */
    0xFFF2004F,                /* 0850  jmp -14 */
    0x00070D42,                /* 0851  gget L13 <- g7   (_emit_pack) */
    0x00108141,                /* 0852  move L16 <- P1 */
    0x003D1145,                /* 0853  lsym L17 <- sym#61   ("call") */
    0x00120281, 0x00100000,    /* 0854  tuple L18 <- L16, 2 items */
    0x000E1241,                /* 0856  move L14 <- L18 */
    0x002E1046,                /* 0857  lconst L16 <- static#46   ("a0") */
    0x00110441,                /* 0858  move L17 <- L4 */
    0x002D1246,                /* 0859  lconst L18 <- static#45   ("f") */
    0x00130241,                /* 085A  move L19 <- L2 */
    0x002F1446,                /* 085B  lconst L20 <- static#47   ("a1") */
    0x00158241,                /* 085C  move L21 <- P2 */
    0x00160383, 0x00100000,    /* 085D  dict L22 <- L16, 3 pairs */
    0x000F1641,                /* 085F  move L15 <- L22 */
    0x000D00A1, 0x00010000,    /* 0860  call_va base=L13 nres=1 */
    0x00050D41,                /* 0862  move L5 <- L13 */
    0x00270D46,                /* 0863  lconst L13 <- static#39   ("error") */
    0x000E0097, 0x0005000D,    /* 0864  is L14 <- L5 is L13 */
    0x00010E4B,                /* 0866  jf L14, +1 */
    0x00050102,                /* 0867  return L5 count=1 */
    0x00040D42,                /* 0868  gget L13 <- g4   (_max2) */
    0x000E8241,                /* 0869  move L14 <- P2 */
    0x000F0140,                /* 086A  i8 L15 <- 1 */
    0x000D02A0, 0x00010000,    /* 086B  call base=L13 argc=2 nres=1 */
    0x00060085, 0x0003000D,    /* 086D  add L6 <- L3 + L13 */
    0x000D8141,                /* 086F  move L13 <- P1 */
    0x000D00A2, 0x000C0001,    /* 0870  msg base=L13 argc=0 msg#12 nres=1   (mark) */
    0x000E0091, 0x000D0006,    /* 0872  lt L14 <- L13 < L6 */
    0x000A0E4B,                /* 0874  jf L14, +10 */
    0x000D8141,                /* 0875  move L13 <- P1 */
    0x000D00A2, 0x00030001,    /* 0876  msg base=L13 argc=0 msg#3 nres=1   (push) */
    0x000C0D41,                /* 0878  move L12 <- L13 */
    0x00270D46,                /* 0879  lconst L13 <- static#39   ("error") */
    0x000E0097, 0x000C000D,    /* 087A  is L14 <- L12 is L13 */
    0x00010E4B,                /* 087C  jf L14, +1 */
    0x000C0102,                /* 087D  return L12 count=1 */
    0xFFF0004F,                /* 087E  jmp -16 */
    0x000D8141,                /* 087F  move L13 <- P1 */
    0x000E0641,                /* 0880  move L14 <- L6 */
    0x000D01A2, 0x000D0001,    /* 0881  msg base=L13 argc=1 msg#13 nres=1   (free_to) */
    0x00070D41,                /* 0883  move L7 <- L13 */
    0x00270D46,                /* 0884  lconst L13 <- static#39   ("error") */
    0x000E0097, 0x0007000D,    /* 0885  is L14 <- L7 is L13 */
    0x00010E4B,                /* 0887  jf L14, +1 */
    0x00070102,                /* 0888  return L7 count=1 */
    0x00040102,                /* 0889  return L4 count=1 */
    0x00020A42,                /* 088A  gget L10 <- g2   (_tail) */
    0x000B8041,                /* 088B  move L11 <- P0 */
    0x000C0240,                /* 088C  i8 L12 <- 2 */
    0x000A02A0, 0x00010000,    /* 088D  call base=L10 argc=2 nres=1 */
    0x00000A41,                /* 088F  move L0 <- L10 */
    0x0001004E,                /* 0890  jnerr L0, +1 */
    0x00000003,                /* 0891  lnil L0 */
    0x00010140,                /* 0892  i8 L1 <- 1 */
    0x00DA0A42,                /* 0893  gget L10 <- g218   (len) */
    0x000B0041,                /* 0894  move L11 <- L0 */
    0x000A01A0, 0x00010000,    /* 0895  call base=L10 argc=1 nres=1 */
    0x000B0140,                /* 0897  i8 L11 <- 1 */
    0x000C0093, 0x000A000B,    /* 0898  gt L12 <- L10 > L11 */
    0x00050C4B,                /* 089A  jf L12, +5 */
    0x00D50A42,                /* 089B  gget L10 <- g213   (error) */
    0x00420B46,                /* 089C  lconst L11 <- static#66   ("trap takes at most one argument, an integer literal 0-255") */
    0x000A01A0, 0x00010000,    /* 089D  call base=L10 argc=1 nres=1 */
    0x000A0102,                /* 089F  return L10 count=1 */
    0x00DA0A42,                /* 08A0  gget L10 <- g218   (len) */
    0x000B0041,                /* 08A1  move L11 <- L0 */
    0x000A01A0, 0x00010000,    /* 08A2  call base=L10 argc=1 nres=1 */
    0x000B0140,                /* 08A4  i8 L11 <- 1 */
    0x000C008F, 0x000A000B,    /* 08A5  eq L12 <- L10 == L11 */
    0x002B0C4B,                /* 08A7  jf L12, +43 */
    0x000A0040,                /* 08A8  i8 L10 <- 0 */
    0x00080098, 0x0000000A,    /* 08A9  getidx L8 <- L0[L10] */
    0x00210B46,                /* 08AB  lconst L11 <- static#33   ("sym") */
    0x000A0097, 0x0008000B,    /* 08AC  is L10 <- L8 is L11 */
    0x00070A4C,                /* 08AE  jt L10, +7 */
    0x00BA0B42,                /* 08AF  gget L11 <- g186   (node_kind) */
    0x000C0841,                /* 08B0  move L12 <- L8 */
    0x000B01A0, 0x00010000,    /* 08B1  call base=L11 argc=1 nres=1 */
    0x003E0C45,                /* 08B3  lsym L12 <- sym#62   ("int") */
    0x000A0090, 0x000B000C,    /* 08B4  ne L10 <- L11 != L12 */
    0x00050A4B,                /* 08B6  jf L10, +5 */
    0x00D50A42,                /* 08B7  gget L10 <- g213   (error) */
    0x00430B46,                /* 08B8  lconst L11 <- static#67   ("trap's argument must be an integer literal 0-255") */
    0x000A01A0, 0x00010000,    /* 08B9  call base=L10 argc=1 nres=1 */
    0x000A0102,                /* 08BB  return L10 count=1 */
    0x00030A42,                /* 08BC  gget L10 <- g3   (_field) */
    0x000B0841,                /* 08BD  move L11 <- L8 */
    0x000C0140,                /* 08BE  i8 L12 <- 1 */
    0x000A02A0, 0x00010000,    /* 08BF  call base=L10 argc=2 nres=1 */
    0x00010A41,                /* 08C1  move L1 <- L10 */
    0x0002014E,                /* 08C2  jnerr L1, +2 */
    0x000A0140,                /* 08C3  i8 L10 <- 1 */
    0x00010A48,                /* 08C4  neg L1 <- L10 */
    0x000B0040,                /* 08C5  i8 L11 <- 0 */
    0x000A0091, 0x0001000B,    /* 08C6  lt L10 <- L1 < L11 */
    0x00040A4C,                /* 08C8  jt L10, +4 */
    0x000B00C0, 0x000000FF,    /* 08C9  i32 L11 <- 255 */
    0x000A0093, 0x0001000B,    /* 08CB  gt L10 <- L1 > L11 */
    0x00050A4B,                /* 08CD  jf L10, +5 */
    0x00D50A42,                /* 08CE  gget L10 <- g213   (error) */
    0x00430B46,                /* 08CF  lconst L11 <- static#67   ("trap's argument must be an integer literal 0-255") */
    0x000A01A0, 0x00010000,    /* 08D0  call base=L10 argc=1 nres=1 */
    0x000A0102,                /* 08D2  return L10 count=1 */
    0x000A8141,                /* 08D3  move L10 <- P1 */
    0x000A00A2, 0x000C0001,    /* 08D4  msg base=L10 argc=0 msg#12 nres=1   (mark) */
    0x00020A41,                /* 08D6  move L2 <- L10 */
    0x000A8141,                /* 08D7  move L10 <- P1 */
    0x000A00A2, 0x00030001,    /* 08D8  msg base=L10 argc=0 msg#3 nres=1   (push) */
    0x00030A41,                /* 08DA  move L3 <- L10 */
    0x00270A46,                /* 08DB  lconst L10 <- static#39   ("error") */
    0x000B0097, 0x0003000A,    /* 08DC  is L11 <- L3 is L10 */
    0x00010B4B,                /* 08DE  jf L11, +1 */
    0x00030102,                /* 08DF  return L3 count=1 */
    0x00070A42,                /* 08E0  gget L10 <- g7   (_emit_pack) */
    0x000D8141,                /* 08E1  move L13 <- P1 */
    0x003F0E45,                /* 08E2  lsym L14 <- sym#63   ("trap") */
    0x000F0281, 0x000D0000,    /* 08E3  tuple L15 <- L13, 2 items */
    0x000B0F41,                /* 08E5  move L11 <- L15 */
    0x002D0D46,                /* 08E6  lconst L13 <- static#45   ("f") */
    0x000E0141,                /* 08E7  move L14 <- L1 */
    0x000F0183, 0x000D0000,    /* 08E8  dict L15 <- L13, 1 pairs */
    0x000C0F41,                /* 08EA  move L12 <- L15 */
    0x000A00A1, 0x00010000,    /* 08EB  call_va base=L10 nres=1 */
    0x00040A41,                /* 08ED  move L4 <- L10 */
    0x00270A46,                /* 08EE  lconst L10 <- static#39   ("error") */
    0x000B0097, 0x0004000A,    /* 08EF  is L11 <- L4 is L10 */
    0x00010B4B,                /* 08F1  jf L11, +1 */
    0x00040102,                /* 08F2  return L4 count=1 */
    0x00070A42,                /* 08F3  gget L10 <- g7   (_emit_pack) */
    0x000D8141,                /* 08F4  move L13 <- P1 */
    0x002D0E45,                /* 08F5  lsym L14 <- sym#45   ("lnil") */
    0x000F0281, 0x000D0000,    /* 08F6  tuple L15 <- L13, 2 items */
    0x000B0F41,                /* 08F8  move L11 <- L15 */
    0x002E0D46,                /* 08F9  lconst L13 <- static#46   ("a0") */
    0x000E0341,                /* 08FA  move L14 <- L3 */
    0x000F0183, 0x000D0000,    /* 08FB  dict L15 <- L13, 1 pairs */
    0x000C0F41,                /* 08FD  move L12 <- L15 */
    0x000A00A1, 0x00010000,    /* 08FE  call_va base=L10 nres=1 */
    0x00050A41,                /* 0900  move L5 <- L10 */
    0x00270A46,                /* 0901  lconst L10 <- static#39   ("error") */
    0x000B0097, 0x0005000A,    /* 0902  is L11 <- L5 is L10 */
    0x00010B4B,                /* 0904  jf L11, +1 */
    0x00050102,                /* 0905  return L5 count=1 */
    0x00040A42,                /* 0906  gget L10 <- g4   (_max2) */
    0x000B8241,                /* 0907  move L11 <- P2 */
    0x000C0140,                /* 0908  i8 L12 <- 1 */
    0x000A02A0, 0x00010000,    /* 0909  call base=L10 argc=2 nres=1 */
    0x00060085, 0x0002000A,    /* 090B  add L6 <- L2 + L10 */
    0x000A8141,                /* 090D  move L10 <- P1 */
    0x000A00A2, 0x000C0001,    /* 090E  msg base=L10 argc=0 msg#12 nres=1   (mark) */
    0x000B0091, 0x000A0006,    /* 0910  lt L11 <- L10 < L6 */
    0x000A0B4B,                /* 0912  jf L11, +10 */
    0x000A8141,                /* 0913  move L10 <- P1 */
    0x000A00A2, 0x00030001,    /* 0914  msg base=L10 argc=0 msg#3 nres=1   (push) */
    0x00090A41,                /* 0916  move L9 <- L10 */
    0x00270A46,                /* 0917  lconst L10 <- static#39   ("error") */
    0x000B0097, 0x0009000A,    /* 0918  is L11 <- L9 is L10 */
    0x00010B4B,                /* 091A  jf L11, +1 */
    0x00090102,                /* 091B  return L9 count=1 */
    0xFFF0004F,                /* 091C  jmp -16 */
    0x000A8141,                /* 091D  move L10 <- P1 */
    0x000B0641,                /* 091E  move L11 <- L6 */
    0x000A01A2, 0x000D0001,    /* 091F  msg base=L10 argc=1 msg#13 nres=1   (free_to) */
    0x00070A41,                /* 0921  move L7 <- L10 */
    0x00270A46,                /* 0922  lconst L10 <- static#39   ("error") */
    0x000B0097, 0x0007000A,    /* 0923  is L11 <- L7 is L10 */
    0x00010B4B,                /* 0925  jf L11, +1 */
    0x00070102,                /* 0926  return L7 count=1 */
    0x00030102,                /* 0927  return L3 count=1 */
    0x00030342,                /* 0928  gget L3 <- g3   (_field) */
    0x00048041,                /* 0929  move L4 <- P0 */
    0x00050140,                /* 092A  i8 L5 <- 1 */
    0x000302A0, 0x00010000,    /* 092B  call base=L3 argc=2 nres=1 */
    0x00000341,                /* 092D  move L0 <- L3 */
    0x0001004E,                /* 092E  jnerr L0, +1 */
    0x00000003,                /* 092F  lnil L0 */
    0x00210446,                /* 0930  lconst L4 <- static#33   ("sym") */
    0x00030097, 0x00000004,    /* 0931  is L3 <- L0 is L4 */
    0x000B034B,                /* 0933  jf L3, +11 */
    0x003F0445,                /* 0934  lsym L4 <- sym#63   ("trap") */
    0x0003008F, 0x00000004,    /* 0935  eq L3 <- L0 == L4 */
    0x0007034B,                /* 0937  jf L3, +7 */
    0x00048141,                /* 0938  move L4 <- P1 */
    0x00050041,                /* 0939  move L5 <- L0 */
    0x000401A2, 0x00060001,    /* 093A  msg base=L4 argc=1 msg#6 nres=1   (storage) */
    0x001B0546,                /* 093C  lconst L5 <- static#27   ("nil") */
    0x00030097, 0x00040005,    /* 093D  is L3 <- L4 is L5 */
    0x0007034B,                /* 093F  jf L3, +7 */
    0x00230342,                /* 0940  gget L3 <- g35   (_compile_trap) */
    0x00048041,                /* 0941  move L4 <- P0 */
    0x00058141,                /* 0942  move L5 <- P1 */
    0x00068241,                /* 0943  move L6 <- P2 */
    0x000303A0, 0x00010000,    /* 0944  call base=L3 argc=3 nres=1 */
    0x00030102,                /* 0946  return L3 count=1 */
    0x00020342,                /* 0947  gget L3 <- g2   (_tail) */
    0x00048041,                /* 0948  move L4 <- P0 */
    0x00050240,                /* 0949  i8 L5 <- 2 */
    0x000302A0, 0x00010000,    /* 094A  call base=L3 argc=2 nres=1 */
    0x00010341,                /* 094C  move L1 <- L3 */
    0x0001014E,                /* 094D  jnerr L1, +1 */
    0x00010003,                /* 094E  lnil L1 */
    0x00210342,                /* 094F  gget L3 <- g33   (has_spread_or_keyword) */
    0x00040141,                /* 0950  move L4 <- L1 */
    0x000301A0, 0x00010000,    /* 0951  call base=L3 argc=1 nres=1 */
    0x0013034B,                /* 0953  jf L3, +19 */
    0x00030342,                /* 0954  gget L3 <- g3   (_field) */
    0x00048041,                /* 0955  move L4 <- P0 */
    0x00050140,                /* 0956  i8 L5 <- 1 */
    0x000302A0, 0x00010000,    /* 0957  call base=L3 argc=2 nres=1 */
    0x00020341,                /* 0959  move L2 <- L3 */
    0x0001024E,                /* 095A  jnerr L2, +1 */
    0x00020003,                /* 095B  lnil L2 */
    0x00420342,                /* 095C  gget L3 <- g66   (compile_va) */
    0x00048141,                /* 095D  move L4 <- P1 */
    0x00058241,                /* 095E  move L5 <- P2 */
    0x00400645,                /* 095F  lsym L6 <- sym#64   ("call_va") */
    0x00070241,                /* 0960  move L7 <- L2 */
    0x00080141,                /* 0961  move L8 <- L1 */
    0x00090003,                /* 0962  lnil L9 */
    0x000A0003,                /* 0963  lnil L10 */
    0x000307A0, 0x00010000,    /* 0964  call base=L3 argc=7 nres=1 */
    0x00030102,                /* 0966  return L3 count=1 */
    0x00220342,                /* 0967  gget L3 <- g34   (_compile_call) */
    0x00048041,                /* 0968  move L4 <- P0 */
    0x00058141,                /* 0969  move L5 <- P1 */
    0x00068241,                /* 096A  move L6 <- P2 */
    0x000303A0, 0x00010000,    /* 096B  call base=L3 argc=3 nres=1 */
    0x00030102,                /* 096D  return L3 count=1 */
    0x00240142,                /* 096E  gget L1 <- g36   (compile_call) */
    0x00028041,                /* 096F  move L2 <- P0 */
    0x00038141,                /* 0970  move L3 <- P1 */
    0x00040140,                /* 0971  i8 L4 <- 1 */
    0x000103A0, 0x00010000,    /* 0972  call base=L1 argc=3 nres=1 */
    0x00000141,                /* 0974  move L0 <- L1 */
    0x00270146,                /* 0975  lconst L1 <- static#39   ("error") */
    0x00020097, 0x00000001,    /* 0976  is L2 <- L0 is L1 */
    0x0001024B,                /* 0978  jf L2, +1 */
    0x00000102,                /* 0979  return L0 count=1 */
    0x00090142,                /* 097A  gget L1 <- g9   (_land) */
    0x00028141,                /* 097B  move L2 <- P1 */
    0x00038241,                /* 097C  move L3 <- P2 */
    0x00040041,                /* 097D  move L4 <- L0 */
    0x000103A0, 0x00010000,    /* 097E  call base=L1 argc=3 nres=1 */
    0x00010102,                /* 0980  return L1 count=1 */
    0x00038141,                /* 0981  move L3 <- P1 */
    0x000300A2, 0x000C0001,    /* 0982  msg base=L3 argc=0 msg#12 nres=1   (mark) */
    0x00000341,                /* 0984  move L0 <- L3 */
    0x000300AE, 0x80000000,    /* 0985  iter L3 <- P0 */
    0x000100AF, 0x0003000C,    /* 0987  itnext L1 <- L3, done +12 */
    0x00200442,                /* 0989  gget L4 <- g32   (compile_into_window) */
    0x00050141,                /* 098A  move L5 <- L1 */
    0x00068141,                /* 098B  move L6 <- P1 */
    0x000402A0, 0x00010000,    /* 098C  call base=L4 argc=2 nres=1 */
    0x00020441,                /* 098E  move L2 <- L4 */
    0x00270446,                /* 098F  lconst L4 <- static#39   ("error") */
    0x00050097, 0x00020004,    /* 0990  is L5 <- L2 is L4 */
    0x0001054B,                /* 0992  jf L5, +1 */
    0x00020102,                /* 0993  return L2 count=1 */
    0xFFF2004F,                /* 0994  jmp -14 */
    0x005C0342,                /* 0995  gget L3 <- g92   (L) */
    0x00040041,                /* 0996  move L4 <- L0 */
    0x000301A0, 0x00010000,    /* 0997  call base=L3 argc=1 nres=1 */
    0x00DA0442,                /* 0999  gget L4 <- g218   (len) */
    0x00058041,                /* 099A  move L5 <- P0 */
    0x000401A0, 0x00010000,    /* 099B  call base=L4 argc=1 nres=1 */
    0x00050282, 0x00030000,    /* 099D  list L5 <- L3, 2 items */
    0x00050102,                /* 099F  return L5 count=1 */
    0x00DA0442,                /* 09A0  gget L4 <- g218   (len) */
    0x00058341,                /* 09A1  move L5 <- P3 */
    0x000401A0, 0x00010000,    /* 09A2  call base=L4 argc=1 nres=1 */
    0x00000441,                /* 09A4  move L0 <- L4 */
    0x001B0546,                /* 09A5  lconst L5 <- static#27   ("nil") */
    0x00060097, 0x80040005,    /* 09A6  is L6 <- P4 is L5 */
    0x0004064A,                /* 09A8  not L4 <- L6 */
    0x0002044B,                /* 09A9  jf L4, +2 */
    0x00040093, 0x00008004,    /* 09AA  gt L4 <- L0 > P4 */
    0x001E044B,                /* 09AC  jf L4, +30 */
    0x00D50442,                /* 09AD  gget L4 <- g213   (error) */
    0x00D90542,                /* 09AE  gget L5 <- g217   (str) */
    0x00060041,                /* 09AF  move L6 <- L0 */
    0x000501A0, 0x00010000,    /* 09B0  call base=L5 argc=1 nres=1 */
    0x00440646,                /* 09B2  lconst L6 <- static#68   (" elements, over the ") */
    0x00070085, 0x00050006,    /* 09B3  add L7 <- L5 + L6 */
    0x00D90842,                /* 09B5  gget L8 <- g217   (str) */
    0x00098441,                /* 09B6  move L9 <- P4 */
    0x000801A0, 0x00010000,    /* 09B7  call base=L8 argc=1 nres=1 */
    0x00090085, 0x00070008,    /* 09B9  add L9 <- L7 + L8 */
    0x00450A46,                /* 09BB  lconst L10 <- static#69   ("-element ") */
    0x000B0085, 0x0009000A,    /* 09BC  add L11 <- L9 + L10 */
    0x00D90C42,                /* 09BE  gget L12 <- g217   (str) */
    0x000D8241,                /* 09BF  move L13 <- P2 */
    0x000C01A0, 0x00010000,    /* 09C0  call base=L12 argc=1 nres=1 */
    0x000D0085, 0x000B000C,    /* 09C2  add L13 <- L11 + L12 */
    0x00460E46,                /* 09C4  lconst L14 <- static#70   (" limit") */
    0x000F0085, 0x000D000E,    /* 09C5  add L15 <- L13 + L14 */
    0x00050F41,                /* 09C7  move L5 <- L15 */
    0x000401A0, 0x00010000,    /* 09C8  call base=L4 argc=1 nres=1 */
    0x00040102,                /* 09CA  return L4 count=1 */
    0x00260442,                /* 09CB  gget L4 <- g38   (_window_of) */
    0x00058341,                /* 09CC  move L5 <- P3 */
    0x00068041,                /* 09CD  move L6 <- P0 */
    0x000402A0, 0x00010000,    /* 09CE  call base=L4 argc=2 nres=1 */
    0x00010441,                /* 09D0  move L1 <- L4 */
    0x00270446,                /* 09D1  lconst L4 <- static#39   ("error") */
    0x00050097, 0x00010004,    /* 09D2  is L5 <- L1 is L4 */
    0x0001054B,                /* 09D4  jf L5, +1 */
    0x00010102,                /* 09D5  return L1 count=1 */
    0x000A0442,                /* 09D6  gget L4 <- g10   (_target) */
    0x00058041,                /* 09D7  move L5 <- P0 */
    0x00068141,                /* 09D8  move L6 <- P1 */
    0x000402A0, 0x00010000,    /* 09D9  call base=L4 argc=2 nres=1 */
    0x00020441,                /* 09DB  move L2 <- L4 */
    0x00270446,                /* 09DC  lconst L4 <- static#39   ("error") */
    0x00050097, 0x00020004,    /* 09DD  is L5 <- L2 is L4 */
    0x0001054B,                /* 09DF  jf L5, +1 */
    0x00020102,                /* 09E0  return L2 count=1 */
    0x00070442,                /* 09E1  gget L4 <- g7   (_emit_pack) */
    0x00078041,                /* 09E2  move L7 <- P0 */
    0x00088241,                /* 09E3  move L8 <- P2 */
    0x00090281, 0x00070000,    /* 09E4  tuple L9 <- L7, 2 items */
    0x00050941,                /* 09E6  move L5 <- L9 */
    0x002E0746,                /* 09E7  lconst L7 <- static#46   ("a0") */
    0x00080241,                /* 09E8  move L8 <- L2 */
    0x002F0946,                /* 09E9  lconst L9 <- static#47   ("a1") */
    0x000A0040,                /* 09EA  i8 L10 <- 0 */
    0x000B0098, 0x0001000A,    /* 09EB  getidx L11 <- L1[L10] */
    0x000A0B41,                /* 09ED  move L10 <- L11 */
    0x002D0B46,                /* 09EE  lconst L11 <- static#45   ("f") */
    0x000C0140,                /* 09EF  i8 L12 <- 1 */
    0x000D0098, 0x0001000C,    /* 09F0  getidx L13 <- L1[L12] */
    0x000C0D41,                /* 09F2  move L12 <- L13 */
    0x000D0383, 0x00070000,    /* 09F3  dict L13 <- L7, 3 pairs */
    0x00060D41,                /* 09F5  move L6 <- L13 */
    0x000400A1, 0x00010000,    /* 09F6  call_va base=L4 nres=1 */
    0x00030441,                /* 09F8  move L3 <- L4 */
    0x00270446,                /* 09F9  lconst L4 <- static#39   ("error") */
    0x00050097, 0x00030004,    /* 09FA  is L5 <- L3 is L4 */
    0x0001054B,                /* 09FC  jf L5, +1 */
    0x00030102,                /* 09FD  return L3 count=1 */
    0x00020102,                /* 09FE  return L2 count=1 */
    0x00020142,                /* 09FF  gget L1 <- g2   (_tail) */
    0x00028041,                /* 0A00  move L2 <- P0 */
    0x00030140,                /* 0A01  i8 L3 <- 1 */
    0x000102A0, 0x00010000,    /* 0A02  call base=L1 argc=2 nres=1 */
    0x00000141,                /* 0A04  move L0 <- L1 */
    0x0001004E,                /* 0A05  jnerr L0, +1 */
    0x00000003,                /* 0A06  lnil L0 */
    0x00270142,                /* 0A07  gget L1 <- g39   (_sequence) */
    0x00028141,                /* 0A08  move L2 <- P1 */
    0x00038241,                /* 0A09  move L3 <- P2 */
    0x00410445,                /* 0A0A  lsym L4 <- sym#65   ("list") */
    0x00050041,                /* 0A0B  move L5 <- L0 */
    0x00060003,                /* 0A0C  lnil L6 */
    0x000105A0, 0x00010000,    /* 0A0D  call base=L1 argc=5 nres=1 */
    0x00010102,                /* 0A0F  return L1 count=1 */
    0x00020142,                /* 0A10  gget L1 <- g2   (_tail) */
    0x00028041,                /* 0A11  move L2 <- P0 */
    0x00030140,                /* 0A12  i8 L3 <- 1 */
    0x000102A0, 0x00010000,    /* 0A13  call base=L1 argc=2 nres=1 */
    0x00000141,                /* 0A15  move L0 <- L1 */
    0x0001004E,                /* 0A16  jnerr L0, +1 */
    0x00000003,                /* 0A17  lnil L0 */
    0x00270142,                /* 0A18  gget L1 <- g39   (_sequence) */
    0x00028141,                /* 0A19  move L2 <- P1 */
    0x00038241,                /* 0A1A  move L3 <- P2 */
    0x00380445,                /* 0A1B  lsym L4 <- sym#56   ("tuple") */
    0x00050041,                /* 0A1C  move L5 <- L0 */
    0x000600C0, 0x00000080,    /* 0A1D  i32 L6 <- 128 */
    0x000105A0, 0x00010000,    /* 0A1F  call base=L1 argc=5 nres=1 */
    0x00010102,                /* 0A21  return L1 count=1 */
    0x00020142,                /* 0A22  gget L1 <- g2   (_tail) */
    0x00028041,                /* 0A23  move L2 <- P0 */
    0x00030140,                /* 0A24  i8 L3 <- 1 */
    0x000102A0, 0x00010000,    /* 0A25  call base=L1 argc=2 nres=1 */
    0x00000141,                /* 0A27  move L0 <- L1 */
    0x0001004E,                /* 0A28  jnerr L0, +1 */
    0x00000003,                /* 0A29  lnil L0 */
    0x00270142,                /* 0A2A  gget L1 <- g39   (_sequence) */
    0x00028141,                /* 0A2B  move L2 <- P1 */
    0x00038241,                /* 0A2C  move L3 <- P2 */
    0x00420445,                /* 0A2D  lsym L4 <- sym#66   ("plist") */
    0x00050041,                /* 0A2E  move L5 <- L0 */
    0x00060003,                /* 0A2F  lnil L6 */
    0x000105A0, 0x00010000,    /* 0A30  call base=L1 argc=5 nres=1 */
    0x00010102,                /* 0A32  return L1 count=1 */
    0x00020942,                /* 0A33  gget L9 <- g2   (_tail) */
    0x000A8041,                /* 0A34  move L10 <- P0 */
    0x000B0140,                /* 0A35  i8 L11 <- 1 */
    0x000902A0, 0x00010000,    /* 0A36  call base=L9 argc=2 nres=1 */
    0x00000941,                /* 0A38  move L0 <- L9 */
    0x0001004E,                /* 0A39  jnerr L0, +1 */
    0x00000003,                /* 0A3A  lnil L0 */
    0x00010082, 0x00090000,    /* 0A3B  list L1 <- L9, 0 items */
    0x00020040,                /* 0A3D  i8 L2 <- 0 */
    0x000900AE, 0x00000000,    /* 0A3E  iter L9 <- L0 */
    0x000600AF, 0x00090019,    /* 0A40  itnext L6 <- L9, done +25 */
    0x00D70A42,                /* 0A42  gget L10 <- g215   (car) */
    0x000B0641,                /* 0A43  move L11 <- L6 */
    0x000A01A0, 0x00010000,    /* 0A44  call base=L10 argc=1 nres=1 */
    0x00070A41,                /* 0A46  move L7 <- L10 */
    0x00D70A42,                /* 0A47  gget L10 <- g215   (car) */
    0x00D60B42,                /* 0A48  gget L11 <- g214   (cdr) */
    0x000C0641,                /* 0A49  move L12 <- L6 */
    0x000B01A0, 0x00010000,    /* 0A4A  call base=L11 argc=1 nres=1 */
    0x000A01A0, 0x00010000,    /* 0A4C  call base=L10 argc=1 nres=1 */
    0x00080A41,                /* 0A4E  move L8 <- L10 */
    0x000A0141,                /* 0A4F  move L10 <- L1 */
    0x000B0741,                /* 0A50  move L11 <- L7 */
    0x000A01A2, 0x00110001,    /* 0A51  msg base=L10 argc=1 msg#17 nres=1   (append) */
    0x000A0141,                /* 0A53  move L10 <- L1 */
    0x000B0841,                /* 0A54  move L11 <- L8 */
    0x000A01A2, 0x00110001,    /* 0A55  msg base=L10 argc=1 msg#17 nres=1   (append) */
    0x000A0140,                /* 0A57  i8 L10 <- 1 */
    0x00020085, 0x0002000A,    /* 0A58  add L2 <- L2 + L10 */
    0xFFE5004F,                /* 0A5A  jmp -27 */
    0x00260942,                /* 0A5B  gget L9 <- g38   (_window_of) */
    0x000A0141,                /* 0A5C  move L10 <- L1 */
    0x000B8141,                /* 0A5D  move L11 <- P1 */
    0x000902A0, 0x00010000,    /* 0A5E  call base=L9 argc=2 nres=1 */
    0x00030941,                /* 0A60  move L3 <- L9 */
    0x00270946,                /* 0A61  lconst L9 <- static#39   ("error") */
    0x000A0097, 0x00030009,    /* 0A62  is L10 <- L3 is L9 */
    0x00010A4B,                /* 0A64  jf L10, +1 */
    0x00030102,                /* 0A65  return L3 count=1 */
    0x000A0942,                /* 0A66  gget L9 <- g10   (_target) */
    0x000A8141,                /* 0A67  move L10 <- P1 */
    0x000B8241,                /* 0A68  move L11 <- P2 */
    0x000902A0, 0x00010000,    /* 0A69  call base=L9 argc=2 nres=1 */
    0x00040941,                /* 0A6B  move L4 <- L9 */
    0x00270946,                /* 0A6C  lconst L9 <- static#39   ("error") */
    0x000A0097, 0x00040009,    /* 0A6D  is L10 <- L4 is L9 */
    0x00010A4B,                /* 0A6F  jf L10, +1 */
    0x00040102,                /* 0A70  return L4 count=1 */
    0x00070942,                /* 0A71  gget L9 <- g7   (_emit_pack) */
    0x000C8141,                /* 0A72  move L12 <- P1 */
    0x00430D45,                /* 0A73  lsym L13 <- sym#67   ("dict") */
    0x000E0281, 0x000C0000,    /* 0A74  tuple L14 <- L12, 2 items */
    0x000A0E41,                /* 0A76  move L10 <- L14 */
    0x002E0C46,                /* 0A77  lconst L12 <- static#46   ("a0") */
    0x000D0441,                /* 0A78  move L13 <- L4 */
    0x002F0E46,                /* 0A79  lconst L14 <- static#47   ("a1") */
    0x000F0040,                /* 0A7A  i8 L15 <- 0 */
    0x00100098, 0x0003000F,    /* 0A7B  getidx L16 <- L3[L15] */
    0x000F1041,                /* 0A7D  move L15 <- L16 */
    0x002D1046,                /* 0A7E  lconst L16 <- static#45   ("f") */
    0x00110241,                /* 0A7F  move L17 <- L2 */
    0x00120383, 0x000C0000,    /* 0A80  dict L18 <- L12, 3 pairs */
    0x000B1241,                /* 0A82  move L11 <- L18 */
    0x000900A1, 0x00010000,    /* 0A83  call_va base=L9 nres=1 */
    0x00050941,                /* 0A85  move L5 <- L9 */
    0x00270946,                /* 0A86  lconst L9 <- static#39   ("error") */
    0x000A0097, 0x00050009,    /* 0A87  is L10 <- L5 is L9 */
    0x00010A4B,                /* 0A89  jf L10, +1 */
    0x00050102,                /* 0A8A  return L5 count=1 */
    0x00040102,                /* 0A8B  return L4 count=1 */
    0x00030242,                /* 0A8C  gget L2 <- g3   (_field) */
    0x00038041,                /* 0A8D  move L3 <- P0 */
    0x00040140,                /* 0A8E  i8 L4 <- 1 */
    0x000202A0, 0x00010000,    /* 0A8F  call base=L2 argc=2 nres=1 */
    0x00000241,                /* 0A91  move L0 <- L2 */
    0x0001004E,                /* 0A92  jnerr L0, +1 */
    0x00000003,                /* 0A93  lnil L0 */
    0x002E0345,                /* 0A94  lsym L3 <- sym#46   ("this") */
    0x00020090, 0x00000003,    /* 0A95  ne L2 <- L0 != L3 */
    0x0005024C,                /* 0A97  jt L2, +5 */
    0x0003009A, 0x80010044,    /* 0A98  getattr L3 <- P1.sym#68   ("this_class") */
    0x001B0446,                /* 0A9A  lconst L4 <- static#27   ("nil") */
    0x00020097, 0x00030004,    /* 0A9B  is L2 <- L3 is L4 */
    0x0002024B,                /* 0A9D  jf L2, +2 */
    0x00020003,                /* 0A9E  lnil L2 */
    0x00020102,                /* 0A9F  return L2 count=1 */
    0x0002009A, 0x80010019,    /* 0AA0  getattr L2 <- P1.sym#25   ("module") */
    0x0003009A, 0x00020045,    /* 0AA2  getattr L3 <- L2.sym#69   ("slot_optimization") */
    0x0004034A,                /* 0AA4  not L4 <- L3 */
    0x0002044B,                /* 0AA5  jf L4, +2 */
    0x00020003,                /* 0AA6  lnil L2 */
    0x00020102,                /* 0AA7  return L2 count=1 */
    0x00030242,                /* 0AA8  gget L2 <- g3   (_field) */
    0x00038041,                /* 0AA9  move L3 <- P0 */
    0x00040240,                /* 0AAA  i8 L4 <- 2 */
    0x000202A0, 0x00010000,    /* 0AAB  call base=L2 argc=2 nres=1 */
    0x00010241,                /* 0AAD  move L1 <- L2 */
    0x0001014E,                /* 0AAE  jnerr L1, +1 */
    0x00010003,                /* 0AAF  lnil L1 */
    0x0002009A, 0x80010019,    /* 0AB0  getattr L2 <- P1.sym#25   ("module") */
    0x0003009A, 0x80010044,    /* 0AB2  getattr L3 <- P1.sym#68   ("this_class") */
    0x00040141,                /* 0AB4  move L4 <- L1 */
    0x000202A2, 0x00120001,    /* 0AB5  msg base=L2 argc=2 msg#18 nres=1   (slot_index) */
    0x00020102,                /* 0AB7  return L2 count=1 */
    0x002C0842,                /* 0AB8  gget L8 <- g44   (own_slot_index) */
    0x00098041,                /* 0AB9  move L9 <- P0 */
    0x000A8141,                /* 0ABA  move L10 <- P1 */
    0x000802A0, 0x00010000,    /* 0ABB  call base=L8 argc=2 nres=1 */
    0x00000841,                /* 0ABD  move L0 <- L8 */
    0x00030842,                /* 0ABE  gget L8 <- g3   (_field) */
    0x00098041,                /* 0ABF  move L9 <- P0 */
    0x000A0140,                /* 0AC0  i8 L10 <- 1 */
    0x000802A0, 0x00010000,    /* 0AC1  call base=L8 argc=2 nres=1 */
    0x00010841,                /* 0AC3  move L1 <- L8 */
    0x0001014E,                /* 0AC4  jnerr L1, +1 */
    0x00010003,                /* 0AC5  lnil L1 */
    0x00450842,                /* 0AC6  gget L8 <- g69   (compile_expr) */
    0x00090141,                /* 0AC7  move L9 <- L1 */
    0x000A8141,                /* 0AC8  move L10 <- P1 */
    0x000B0003,                /* 0AC9  lnil L11 */
    0x000803A0, 0x00010000,    /* 0ACA  call base=L8 argc=3 nres=1 */
    0x00020841,                /* 0ACC  move L2 <- L8 */
    0x00270846,                /* 0ACD  lconst L8 <- static#39   ("error") */
    0x00090097, 0x00020008,    /* 0ACE  is L9 <- L2 is L8 */
    0x0001094B,                /* 0AD0  jf L9, +1 */
    0x00020102,                /* 0AD1  return L2 count=1 */
    0x000A0842,                /* 0AD2  gget L8 <- g10   (_target) */
    0x00098141,                /* 0AD3  move L9 <- P1 */
    0x000A8241,                /* 0AD4  move L10 <- P2 */
    0x000802A0, 0x00010000,    /* 0AD5  call base=L8 argc=2 nres=1 */
    0x00030841,                /* 0AD7  move L3 <- L8 */
    0x00270846,                /* 0AD8  lconst L8 <- static#39   ("error") */
    0x00090097, 0x00030008,    /* 0AD9  is L9 <- L3 is L8 */
    0x0001094B,                /* 0ADB  jf L9, +1 */
    0x00030102,                /* 0ADC  return L3 count=1 */
    0x001B0846,                /* 0ADD  lconst L8 <- static#27   ("nil") */
    0x00090097, 0x00000008,    /* 0ADE  is L9 <- L0 is L8 */
    0x000A094A,                /* 0AE0  not L10 <- L9 */
    0x00180A4B,                /* 0AE1  jf L10, +24 */
    0x00070842,                /* 0AE2  gget L8 <- g7   (_emit_pack) */
    0x000B8141,                /* 0AE3  move L11 <- P1 */
    0x00470C45,                /* 0AE4  lsym L12 <- sym#71   ("getslot") */
    0x000D0281, 0x000B0000,    /* 0AE5  tuple L13 <- L11, 2 items */
    0x00090D41,                /* 0AE7  move L9 <- L13 */
    0x002E0B46,                /* 0AE8  lconst L11 <- static#46   ("a0") */
    0x000C0341,                /* 0AE9  move L12 <- L3 */
    0x002F0D46,                /* 0AEA  lconst L13 <- static#47   ("a1") */
    0x000E0241,                /* 0AEB  move L14 <- L2 */
    0x00300F46,                /* 0AEC  lconst L15 <- static#48   ("a2") */
    0x00100041,                /* 0AED  move L16 <- L0 */
    0x00110383, 0x000B0000,    /* 0AEE  dict L17 <- L11, 3 pairs */
    0x000A1141,                /* 0AF0  move L10 <- L17 */
    0x000800A1, 0x00010000,    /* 0AF1  call_va base=L8 nres=1 */
    0x00070841,                /* 0AF3  move L7 <- L8 */
    0x00270846,                /* 0AF4  lconst L8 <- static#39   ("error") */
    0x00090097, 0x00070008,    /* 0AF5  is L9 <- L7 is L8 */
    0x0001094B,                /* 0AF7  jf L9, +1 */
    0x00070102,                /* 0AF8  return L7 count=1 */
    0x00030102,                /* 0AF9  return L3 count=1 */
    0x00030842,                /* 0AFA  gget L8 <- g3   (_field) */
    0x00098041,                /* 0AFB  move L9 <- P0 */
    0x000A0240,                /* 0AFC  i8 L10 <- 2 */
    0x000802A0, 0x00010000,    /* 0AFD  call base=L8 argc=2 nres=1 */
    0x00040841,                /* 0AFF  move L4 <- L8 */
    0x0001044E,                /* 0B00  jnerr L4, +1 */
    0x00040003,                /* 0B01  lnil L4 */
    0x0009009A, 0x80010019,    /* 0B02  getattr L9 <- P1.sym#25   ("module") */
    0x0008009A, 0x0009001A,    /* 0B04  getattr L8 <- L9.sym#26   ("image") */
    0x00D90942,                /* 0B06  gget L9 <- g217   (str) */
    0x000A0441,                /* 0B07  move L10 <- L4 */
    0x000901A0, 0x00010000,    /* 0B08  call base=L9 argc=1 nres=1 */
    0x000801A2, 0x00050001,    /* 0B0A  msg base=L8 argc=1 msg#5 nres=1   (add_symbol) */
    0x00050841,                /* 0B0C  move L5 <- L8 */
    0x00270846,                /* 0B0D  lconst L8 <- static#39   ("error") */
    0x00090097, 0x00050008,    /* 0B0E  is L9 <- L5 is L8 */
    0x0001094B,                /* 0B10  jf L9, +1 */
    0x00050102,                /* 0B11  return L5 count=1 */
    0x00070842,                /* 0B12  gget L8 <- g7   (_emit_pack) */
    0x000B8141,                /* 0B13  move L11 <- P1 */
    0x00260C45,                /* 0B14  lsym L12 <- sym#38   ("getattr") */
    0x000D0281, 0x000B0000,    /* 0B15  tuple L13 <- L11, 2 items */
    0x00090D41,                /* 0B17  move L9 <- L13 */
    0x002E0B46,                /* 0B18  lconst L11 <- static#46   ("a0") */
    0x000C0341,                /* 0B19  move L12 <- L3 */
    0x002F0D46,                /* 0B1A  lconst L13 <- static#47   ("a1") */
    0x000E0241,                /* 0B1B  move L14 <- L2 */
    0x00300F46,                /* 0B1C  lconst L15 <- static#48   ("a2") */
    0x00100541,                /* 0B1D  move L16 <- L5 */
    0x00110383, 0x000B0000,    /* 0B1E  dict L17 <- L11, 3 pairs */
    0x000A1141,                /* 0B20  move L10 <- L17 */
    0x000800A1, 0x00010000,    /* 0B21  call_va base=L8 nres=1 */
    0x00060841,                /* 0B23  move L6 <- L8 */
    0x00270846,                /* 0B24  lconst L8 <- static#39   ("error") */
    0x00090097, 0x00060008,    /* 0B25  is L9 <- L6 is L8 */
    0x0001094B,                /* 0B27  jf L9, +1 */
    0x00060102,                /* 0B28  return L6 count=1 */
    0x00030102,                /* 0B29  return L3 count=1 */
    0x00030642,                /* 0B2A  gget L6 <- g3   (_field) */
    0x00078041,                /* 0B2B  move L7 <- P0 */
    0x00080140,                /* 0B2C  i8 L8 <- 1 */
    0x000602A0, 0x00010000,    /* 0B2D  call base=L6 argc=2 nres=1 */
    0x00000641,                /* 0B2F  move L0 <- L6 */
    0x0001004E,                /* 0B30  jnerr L0, +1 */
    0x00000003,                /* 0B31  lnil L0 */
    0x00030642,                /* 0B32  gget L6 <- g3   (_field) */
    0x00078041,                /* 0B33  move L7 <- P0 */
    0x00080240,                /* 0B34  i8 L8 <- 2 */
    0x000602A0, 0x00010000,    /* 0B35  call base=L6 argc=2 nres=1 */
    0x00010641,                /* 0B37  move L1 <- L6 */
    0x0001014E,                /* 0B38  jnerr L1, +1 */
    0x00010003,                /* 0B39  lnil L1 */
    0x00450642,                /* 0B3A  gget L6 <- g69   (compile_expr) */
    0x00070041,                /* 0B3B  move L7 <- L0 */
    0x00088141,                /* 0B3C  move L8 <- P1 */
    0x00090003,                /* 0B3D  lnil L9 */
    0x000603A0, 0x00010000,    /* 0B3E  call base=L6 argc=3 nres=1 */
    0x00020641,                /* 0B40  move L2 <- L6 */
    0x00270646,                /* 0B41  lconst L6 <- static#39   ("error") */
    0x00070097, 0x00020006,    /* 0B42  is L7 <- L2 is L6 */
    0x0001074B,                /* 0B44  jf L7, +1 */
    0x00020102,                /* 0B45  return L2 count=1 */
    0x00450642,                /* 0B46  gget L6 <- g69   (compile_expr) */
    0x00070141,                /* 0B47  move L7 <- L1 */
    0x00088141,                /* 0B48  move L8 <- P1 */
    0x00090003,                /* 0B49  lnil L9 */
    0x000603A0, 0x00010000,    /* 0B4A  call base=L6 argc=3 nres=1 */
    0x00030641,                /* 0B4C  move L3 <- L6 */
    0x00270646,                /* 0B4D  lconst L6 <- static#39   ("error") */
    0x00070097, 0x00030006,    /* 0B4E  is L7 <- L3 is L6 */
    0x0001074B,                /* 0B50  jf L7, +1 */
    0x00030102,                /* 0B51  return L3 count=1 */
    0x000A0642,                /* 0B52  gget L6 <- g10   (_target) */
    0x00078141,                /* 0B53  move L7 <- P1 */
    0x00088241,                /* 0B54  move L8 <- P2 */
    0x000602A0, 0x00010000,    /* 0B55  call base=L6 argc=2 nres=1 */
    0x00040641,                /* 0B57  move L4 <- L6 */
    0x00270646,                /* 0B58  lconst L6 <- static#39   ("error") */
    0x00070097, 0x00040006,    /* 0B59  is L7 <- L4 is L6 */
    0x0001074B,                /* 0B5B  jf L7, +1 */
    0x00040102,                /* 0B5C  return L4 count=1 */
    0x00070642,                /* 0B5D  gget L6 <- g7   (_emit_pack) */
    0x00098141,                /* 0B5E  move L9 <- P1 */
    0x00250A45,                /* 0B5F  lsym L10 <- sym#37   ("getidx") */
    0x000B0281, 0x00090000,    /* 0B60  tuple L11 <- L9, 2 items */
    0x00070B41,                /* 0B62  move L7 <- L11 */
    0x002E0946,                /* 0B63  lconst L9 <- static#46   ("a0") */
    0x000A0441,                /* 0B64  move L10 <- L4 */
    0x002F0B46,                /* 0B65  lconst L11 <- static#47   ("a1") */
    0x000C0241,                /* 0B66  move L12 <- L2 */
    0x00300D46,                /* 0B67  lconst L13 <- static#48   ("a2") */
    0x000E0341,                /* 0B68  move L14 <- L3 */
    0x000F0383, 0x00090000,    /* 0B69  dict L15 <- L9, 3 pairs */
    0x00080F41,                /* 0B6B  move L8 <- L15 */
    0x000600A1, 0x00010000,    /* 0B6C  call_va base=L6 nres=1 */
    0x00050641,                /* 0B6E  move L5 <- L6 */
    0x00270646,                /* 0B6F  lconst L6 <- static#39   ("error") */
    0x00070097, 0x00050006,    /* 0B70  is L7 <- L5 is L6 */
    0x0001074B,                /* 0B72  jf L7, +1 */
    0x00050102,                /* 0B73  return L5 count=1 */
    0x00040102,                /* 0B74  return L4 count=1 */
    0x00008041,                /* 0B75  move L0 <- P0 */
    0x004A0043,                /* 0B76  gset g74 <- L0   (_body_compiler) */
    0x00000003,                /* 0B77  lnil L0 */
    0x00000102,                /* 0B78  return L0 count=1 */
    0x00008041,                /* 0B79  move L0 <- P0 */
    0x004B0043,                /* 0B7A  gset g75 <- L0   (_closure_compiler) */
    0x00000003,                /* 0B7B  lnil L0 */
    0x00000102,                /* 0B7C  return L0 count=1 */
    0x004B0142,                /* 0B7D  gget L1 <- g75   (_closure_compiler) */
    0x001B0246,                /* 0B7E  lconst L2 <- static#27   ("nil") */
    0x00030097, 0x00010002,    /* 0B7F  is L3 <- L1 is L2 */
    0x0005034B,                /* 0B81  jf L3, +5 */
    0x00D50142,                /* 0B82  gget L1 <- g213   (error) */
    0x00470246,                /* 0B83  lconst L2 <- static#71   ("closure lowering needs functions.wy's compile_closure_expr (M4); import wyrm::compiler::functions before compiling a module with lambdas") */
    0x000101A0, 0x00010000,    /* 0B84  call base=L1 argc=1 nres=1 */
    0x00010102,                /* 0B86  return L1 count=1 */
    0x000A0142,                /* 0B87  gget L1 <- g10   (_target) */
    0x00028141,                /* 0B88  move L2 <- P1 */
    0x00038241,                /* 0B89  move L3 <- P2 */
    0x000102A0, 0x00010000,    /* 0B8A  call base=L1 argc=2 nres=1 */
    0x00000141,                /* 0B8C  move L0 <- L1 */
    0x00270146,                /* 0B8D  lconst L1 <- static#39   ("error") */
    0x00020097, 0x00000001,    /* 0B8E  is L2 <- L0 is L1 */
    0x0001024B,                /* 0B90  jf L2, +1 */
    0x00000102,                /* 0B91  return L0 count=1 */
    0x004B0142,                /* 0B92  gget L1 <- g75   (_closure_compiler) */
    0x00028041,                /* 0B93  move L2 <- P0 */
    0x00038141,                /* 0B94  move L3 <- P1 */
    0x00040041,                /* 0B95  move L4 <- L0 */
    0x00480546,                /* 0B96  lconst L5 <- static#72   ("<lambda>") */
    0x000104A0, 0x00010000,    /* 0B97  call base=L1 argc=4 nres=1 */
    0x00010102,                /* 0B99  return L1 count=1 */
    0x004A0242,                /* 0B9A  gget L2 <- g74   (_body_compiler) */
    0x001B0346,                /* 0B9B  lconst L3 <- static#27   ("nil") */
    0x00040097, 0x00020003,    /* 0B9C  is L4 <- L2 is L3 */
    0x0005044B,                /* 0B9E  jf L4, +5 */
    0x00D50242,                /* 0B9F  gget L2 <- g213   (error) */
    0x00490346,                /* 0BA0  lconst L3 <- static#73   ("'do' block lowering needs statements.wy's compile_body; import wyrm::compiler::statements before compiling a module with 'do' blocks") */
    0x000201A0, 0x00010000,    /* 0BA1  call base=L2 argc=1 nres=1 */
    0x00020102,                /* 0BA3  return L2 count=1 */
    0x000A0242,                /* 0BA4  gget L2 <- g10   (_target) */
    0x00038141,                /* 0BA5  move L3 <- P1 */
    0x00048241,                /* 0BA6  move L4 <- P2 */
    0x000202A0, 0x00010000,    /* 0BA7  call base=L2 argc=2 nres=1 */
    0x00000241,                /* 0BA9  move L0 <- L2 */
    0x00270246,                /* 0BAA  lconst L2 <- static#39   ("error") */
    0x00030097, 0x00000002,    /* 0BAB  is L3 <- L0 is L2 */
    0x0001034B,                /* 0BAD  jf L3, +1 */
    0x00000102,                /* 0BAE  return L0 count=1 */
    0x004A0242,                /* 0BAF  gget L2 <- g74   (_body_compiler) */
    0x00038041,                /* 0BB0  move L3 <- P0 */
    0x00048141,                /* 0BB1  move L4 <- P1 */
    0x00050041,                /* 0BB2  move L5 <- L0 */
    0x000203A0, 0x00010000,    /* 0BB3  call base=L2 argc=3 nres=1 */
    0x00010241,                /* 0BB5  move L1 <- L2 */
    0x00270246,                /* 0BB6  lconst L2 <- static#39   ("error") */
    0x00030097, 0x00010002,    /* 0BB7  is L3 <- L1 is L2 */
    0x0001034B,                /* 0BB9  jf L3, +1 */
    0x00010102,                /* 0BBA  return L1 count=1 */
    0x00000102,                /* 0BBB  return L0 count=1 */
    0x00030942,                /* 0BBC  gget L9 <- g3   (_field) */
    0x000A8041,                /* 0BBD  move L10 <- P0 */
    0x000B0140,                /* 0BBE  i8 L11 <- 1 */
    0x000902A0, 0x00010000,    /* 0BBF  call base=L9 argc=2 nres=1 */
    0x00000941,                /* 0BC1  move L0 <- L9 */
    0x0001004E,                /* 0BC2  jnerr L0, +1 */
    0x00000003,                /* 0BC3  lnil L0 */
    0x000A0942,                /* 0BC4  gget L9 <- g10   (_target) */
    0x000A8141,                /* 0BC5  move L10 <- P1 */
    0x000B8241,                /* 0BC6  move L11 <- P2 */
    0x000902A0, 0x00010000,    /* 0BC7  call base=L9 argc=2 nres=1 */
    0x00010941,                /* 0BC9  move L1 <- L9 */
    0x00270946,                /* 0BCA  lconst L9 <- static#39   ("error") */
    0x000A0097, 0x00010009,    /* 0BCB  is L10 <- L1 is L9 */
    0x00010A4B,                /* 0BCD  jf L10, +1 */
    0x00010102,                /* 0BCE  return L1 count=1 */
    0x00098141,                /* 0BCF  move L9 <- P1 */
    0x000900A2, 0x000C0001,    /* 0BD0  msg base=L9 argc=0 msg#12 nres=1   (mark) */
    0x00020941,                /* 0BD2  move L2 <- L9 */
    0x00450942,                /* 0BD3  gget L9 <- g69   (compile_expr) */
    0x000A0041,                /* 0BD4  move L10 <- L0 */
    0x000B8141,                /* 0BD5  move L11 <- P1 */
    0x000C0141,                /* 0BD6  move L12 <- L1 */
    0x000903A0, 0x00010000,    /* 0BD7  call base=L9 argc=3 nres=1 */
    0x00030941,                /* 0BD9  move L3 <- L9 */
    0x00270946,                /* 0BDA  lconst L9 <- static#39   ("error") */
    0x000A0097, 0x00030009,    /* 0BDB  is L10 <- L3 is L9 */
    0x00010A4B,                /* 0BDD  jf L10, +1 */
    0x00030102,                /* 0BDE  return L3 count=1 */
    0x00098141,                /* 0BDF  move L9 <- P1 */
    0x000A0241,                /* 0BE0  move L10 <- L2 */
    0x000901A2, 0x000D0001,    /* 0BE1  msg base=L9 argc=1 msg#13 nres=1   (free_to) */
    0x00040941,                /* 0BE3  move L4 <- L9 */
    0x00270946,                /* 0BE4  lconst L9 <- static#39   ("error") */
    0x000A0097, 0x00040009,    /* 0BE5  is L10 <- L4 is L9 */
    0x00010A4B,                /* 0BE7  jf L10, +1 */
    0x00040102,                /* 0BE8  return L4 count=1 */
    0x00098141,                /* 0BE9  move L9 <- P1 */
    0x000900A2, 0x000E0001,    /* 0BEA  msg base=L9 argc=0 msg#14 nres=1   (new_label) */
    0x00050941,                /* 0BEC  move L5 <- L9 */
    0x00098141,                /* 0BED  move L9 <- P1 */
    0x00480A45,                /* 0BEE  lsym L10 <- sym#72   ("jnerr") */
    0x000B0541,                /* 0BEF  move L11 <- L5 */
    0x000C0141,                /* 0BF0  move L12 <- L1 */
    0x000903A2, 0x000F0001,    /* 0BF1  msg base=L9 argc=3 msg#15 nres=1   (emit_jump) */
    0x00060941,                /* 0BF3  move L6 <- L9 */
    0x00270946,                /* 0BF4  lconst L9 <- static#39   ("error") */
    0x000A0097, 0x00060009,    /* 0BF5  is L10 <- L6 is L9 */
    0x00010A4B,                /* 0BF7  jf L10, +1 */
    0x00060102,                /* 0BF8  return L6 count=1 */
    0x00098141,                /* 0BF9  move L9 <- P1 */
    0x000A0141,                /* 0BFA  move L10 <- L1 */
    0x000B0140,                /* 0BFB  i8 L11 <- 1 */
    0x000902A2, 0x00130001,    /* 0BFC  msg base=L9 argc=2 msg#19 nres=1   (emit_return) */
    0x00070941,                /* 0BFE  move L7 <- L9 */
    0x00270946,                /* 0BFF  lconst L9 <- static#39   ("error") */
    0x000A0097, 0x00070009,    /* 0C00  is L10 <- L7 is L9 */
    0x00010A4B,                /* 0C02  jf L10, +1 */
    0x00070102,                /* 0C03  return L7 count=1 */
    0x00098141,                /* 0C04  move L9 <- P1 */
    0x000A0541,                /* 0C05  move L10 <- L5 */
    0x000901A2, 0x00100001,    /* 0C06  msg base=L9 argc=1 msg#16 nres=1   (mark_label) */
    0x00080941,                /* 0C08  move L8 <- L9 */
    0x00270946,                /* 0C09  lconst L9 <- static#39   ("error") */
    0x000A0097, 0x00080009,    /* 0C0A  is L10 <- L8 is L9 */
    0x00010A4B,                /* 0C0C  jf L10, +1 */
    0x00080102,                /* 0C0D  return L8 count=1 */
    0x00010102,                /* 0C0E  return L1 count=1 */
    0x00031242,                /* 0C0F  gget L18 <- g3   (_field) */
    0x00138041,                /* 0C10  move L19 <- P0 */
    0x00140140,                /* 0C11  i8 L20 <- 1 */
    0x001202A0, 0x00010000,    /* 0C12  call base=L18 argc=2 nres=1 */
    0x00001241,                /* 0C14  move L0 <- L18 */
    0x0001004E,                /* 0C15  jnerr L0, +1 */
    0x00000003,                /* 0C16  lnil L0 */
    0x00031242,                /* 0C17  gget L18 <- g3   (_field) */
    0x00138041,                /* 0C18  move L19 <- P0 */
    0x00140240,                /* 0C19  i8 L20 <- 2 */
    0x001202A0, 0x00010000,    /* 0C1A  call base=L18 argc=2 nres=1 */
    0x00011241,                /* 0C1C  move L1 <- L18 */
    0x0001014E,                /* 0C1D  jnerr L1, +1 */
    0x00010003,                /* 0C1E  lnil L1 */
    0x000A1242,                /* 0C1F  gget L18 <- g10   (_target) */
    0x00138141,                /* 0C20  move L19 <- P1 */
    0x00148241,                /* 0C21  move L20 <- P2 */
    0x001202A0, 0x00010000,    /* 0C22  call base=L18 argc=2 nres=1 */
    0x00021241,                /* 0C24  move L2 <- L18 */
    0x00271246,                /* 0C25  lconst L18 <- static#39   ("error") */
    0x00130097, 0x00020012,    /* 0C26  is L19 <- L2 is L18 */
    0x0001134B,                /* 0C28  jf L19, +1 */
    0x00020102,                /* 0C29  return L2 count=1 */
    0x00128141,                /* 0C2A  move L18 <- P1 */
    0x001200A2, 0x000C0001,    /* 0C2B  msg base=L18 argc=0 msg#12 nres=1   (mark) */
    0x00031241,                /* 0C2D  move L3 <- L18 */
    0x00451242,                /* 0C2E  gget L18 <- g69   (compile_expr) */
    0x00130041,                /* 0C2F  move L19 <- L0 */
    0x00148141,                /* 0C30  move L20 <- P1 */
    0x00150241,                /* 0C31  move L21 <- L2 */
    0x001203A0, 0x00010000,    /* 0C32  call base=L18 argc=3 nres=1 */
    0x00041241,                /* 0C34  move L4 <- L18 */
    0x00271246,                /* 0C35  lconst L18 <- static#39   ("error") */
    0x00130097, 0x00040012,    /* 0C36  is L19 <- L4 is L18 */
    0x0001134B,                /* 0C38  jf L19, +1 */
    0x00040102,                /* 0C39  return L4 count=1 */
    0x00128141,                /* 0C3A  move L18 <- P1 */
    0x00130341,                /* 0C3B  move L19 <- L3 */
    0x001201A2, 0x000D0001,    /* 0C3C  msg base=L18 argc=1 msg#13 nres=1   (free_to) */
    0x00051241,                /* 0C3E  move L5 <- L18 */
    0x00271246,                /* 0C3F  lconst L18 <- static#39   ("error") */
    0x00130097, 0x00050012,    /* 0C40  is L19 <- L5 is L18 */
    0x0001134B,                /* 0C42  jf L19, +1 */
    0x00050102,                /* 0C43  return L5 count=1 */
    0x00128141,                /* 0C44  move L18 <- P1 */
    0x001200A2, 0x000E0001,    /* 0C45  msg base=L18 argc=0 msg#14 nres=1   (new_label) */
    0x00061241,                /* 0C47  move L6 <- L18 */
    0x00128141,                /* 0C48  move L18 <- P1 */
    0x00481345,                /* 0C49  lsym L19 <- sym#72   ("jnerr") */
    0x00140641,                /* 0C4A  move L20 <- L6 */
    0x00150241,                /* 0C4B  move L21 <- L2 */
    0x001203A2, 0x000F0001,    /* 0C4C  msg base=L18 argc=3 msg#15 nres=1   (emit_jump) */
    0x00071241,                /* 0C4E  move L7 <- L18 */
    0x00271246,                /* 0C4F  lconst L18 <- static#39   ("error") */
    0x00130097, 0x00070012,    /* 0C50  is L19 <- L7 is L18 */
    0x0001134B,                /* 0C52  jf L19, +1 */
    0x00070102,                /* 0C53  return L7 count=1 */
    0x00BA1242,                /* 0C54  gget L18 <- g186   (node_kind) */
    0x00130141,                /* 0C55  move L19 <- L1 */
    0x001201A0, 0x00010000,    /* 0C56  call base=L18 argc=1 nres=1 */
    0x004A1345,                /* 0C58  lsym L19 <- sym#74   ("return") */
    0x0014008F, 0x00120013,    /* 0C59  eq L20 <- L18 == L19 */
    0x004E144B,                /* 0C5B  jf L20, +78 */
    0x00031242,                /* 0C5C  gget L18 <- g3   (_field) */
    0x00130141,                /* 0C5D  move L19 <- L1 */
    0x00140140,                /* 0C5E  i8 L20 <- 1 */
    0x001202A0, 0x00010000,    /* 0C5F  call base=L18 argc=2 nres=1 */
    0x00091241,                /* 0C61  move L9 <- L18 */
    0x0001094E,                /* 0C62  jnerr L9, +1 */
    0x00090003,                /* 0C63  lnil L9 */
    0x000A0005,                /* 0C64  lunset L10 */
    0x001B1246,                /* 0C65  lconst L18 <- static#27   ("nil") */
    0x00130097, 0x00090012,    /* 0C66  is L19 <- L9 is L18 */
    0x001E134B,                /* 0C68  jf L19, +30 */
    0x00128141,                /* 0C69  move L18 <- P1 */
    0x001200A2, 0x00030001,    /* 0C6A  msg base=L18 argc=0 msg#3 nres=1   (push) */
    0x000D1241,                /* 0C6C  move L13 <- L18 */
    0x00271246,                /* 0C6D  lconst L18 <- static#39   ("error") */
    0x00130097, 0x000D0012,    /* 0C6E  is L19 <- L13 is L18 */
    0x0001134B,                /* 0C70  jf L19, +1 */
    0x000D0102,                /* 0C71  return L13 count=1 */
    0x00071242,                /* 0C72  gget L18 <- g7   (_emit_pack) */
    0x00158141,                /* 0C73  move L21 <- P1 */
    0x002D1645,                /* 0C74  lsym L22 <- sym#45   ("lnil") */
    0x00170281, 0x00150000,    /* 0C75  tuple L23 <- L21, 2 items */
    0x00131741,                /* 0C77  move L19 <- L23 */
    0x002E1546,                /* 0C78  lconst L21 <- static#46   ("a0") */
    0x00160D41,                /* 0C79  move L22 <- L13 */
    0x00170183, 0x00150000,    /* 0C7A  dict L23 <- L21, 1 pairs */
    0x00141741,                /* 0C7C  move L20 <- L23 */
    0x001200A1, 0x00010000,    /* 0C7D  call_va base=L18 nres=1 */
    0x000E1241,                /* 0C7F  move L14 <- L18 */
    0x00271246,                /* 0C80  lconst L18 <- static#39   ("error") */
    0x00130097, 0x000E0012,    /* 0C81  is L19 <- L14 is L18 */
    0x0001134B,                /* 0C83  jf L19, +1 */
    0x000E0102,                /* 0C84  return L14 count=1 */
    0x000A0D41,                /* 0C85  move L10 <- L13 */
    0x000D004F,                /* 0C86  jmp +13 */
    0x00451242,                /* 0C87  gget L18 <- g69   (compile_expr) */
    0x00130941,                /* 0C88  move L19 <- L9 */
    0x00148141,                /* 0C89  move L20 <- P1 */
    0x00150003,                /* 0C8A  lnil L21 */
    0x001203A0, 0x00010000,    /* 0C8B  call base=L18 argc=3 nres=1 */
    0x000F1241,                /* 0C8D  move L15 <- L18 */
    0x00271246,                /* 0C8E  lconst L18 <- static#39   ("error") */
    0x00130097, 0x000F0012,    /* 0C8F  is L19 <- L15 is L18 */
    0x0001134B,                /* 0C91  jf L19, +1 */
    0x000F0102,                /* 0C92  return L15 count=1 */
    0x000A0F41,                /* 0C93  move L10 <- L15 */
    0x00128141,                /* 0C94  move L18 <- P1 */
    0x00130A41,                /* 0C95  move L19 <- L10 */
    0x00140140,                /* 0C96  i8 L20 <- 1 */
    0x001202A2, 0x00130001,    /* 0C97  msg base=L18 argc=2 msg#19 nres=1   (emit_return) */
    0x000B1241,                /* 0C99  move L11 <- L18 */
    0x00271246,                /* 0C9A  lconst L18 <- static#39   ("error") */
    0x00130097, 0x000B0012,    /* 0C9B  is L19 <- L11 is L18 */
    0x0001134B,                /* 0C9D  jf L19, +1 */
    0x000B0102,                /* 0C9E  return L11 count=1 */
    0x00128141,                /* 0C9F  move L18 <- P1 */
    0x00130341,                /* 0CA0  move L19 <- L3 */
    0x001201A2, 0x000D0001,    /* 0CA1  msg base=L18 argc=1 msg#13 nres=1   (free_to) */
    0x000C1241,                /* 0CA3  move L12 <- L18 */
    0x00271246,                /* 0CA4  lconst L18 <- static#39   ("error") */
    0x00130097, 0x000C0012,    /* 0CA5  is L19 <- L12 is L18 */
    0x0001134B,                /* 0CA7  jf L19, +1 */
    0x000C0102,                /* 0CA8  return L12 count=1 */
    0x0016004F,                /* 0CA9  jmp +22 */
    0x00451242,                /* 0CAA  gget L18 <- g69   (compile_expr) */
    0x00130141,                /* 0CAB  move L19 <- L1 */
    0x00148141,                /* 0CAC  move L20 <- P1 */
    0x00150241,                /* 0CAD  move L21 <- L2 */
    0x001203A0, 0x00010000,    /* 0CAE  call base=L18 argc=3 nres=1 */
    0x00101241,                /* 0CB0  move L16 <- L18 */
    0x00271246,                /* 0CB1  lconst L18 <- static#39   ("error") */
    0x00130097, 0x00100012,    /* 0CB2  is L19 <- L16 is L18 */
    0x0001134B,                /* 0CB4  jf L19, +1 */
    0x00100102,                /* 0CB5  return L16 count=1 */
    0x00128141,                /* 0CB6  move L18 <- P1 */
    0x00130341,                /* 0CB7  move L19 <- L3 */
    0x001201A2, 0x000D0001,    /* 0CB8  msg base=L18 argc=1 msg#13 nres=1   (free_to) */
    0x00111241,                /* 0CBA  move L17 <- L18 */
    0x00271246,                /* 0CBB  lconst L18 <- static#39   ("error") */
    0x00130097, 0x00110012,    /* 0CBC  is L19 <- L17 is L18 */
    0x0001134B,                /* 0CBE  jf L19, +1 */
    0x00110102,                /* 0CBF  return L17 count=1 */
    0x00128141,                /* 0CC0  move L18 <- P1 */
    0x00130641,                /* 0CC1  move L19 <- L6 */
    0x001201A2, 0x00100001,    /* 0CC2  msg base=L18 argc=1 msg#16 nres=1   (mark_label) */
    0x00081241,                /* 0CC4  move L8 <- L18 */
    0x00271246,                /* 0CC5  lconst L18 <- static#39   ("error") */
    0x00130097, 0x00080012,    /* 0CC6  is L19 <- L8 is L18 */
    0x0001134B,                /* 0CC8  jf L19, +1 */
    0x00080102,                /* 0CC9  return L8 count=1 */
    0x00020102,                /* 0CCA  return L2 count=1 */
    0x00030142,                /* 0CCB  gget L1 <- g3   (_field) */
    0x00360242,                /* 0CCC  gget L2 <- g54   (_msg_binding) */
    0x00038041,                /* 0CCD  move L3 <- P0 */
    0x000201A0, 0x00010000,    /* 0CCE  call base=L2 argc=1 nres=1 */
    0x00030240,                /* 0CD0  i8 L3 <- 2 */
    0x000102A0, 0x00010000,    /* 0CD1  call base=L1 argc=2 nres=1 */
    0x00000141,                /* 0CD3  move L0 <- L1 */
    0x0001004E,                /* 0CD4  jnerr L0, +1 */
    0x00000003,                /* 0CD5  lnil L0 */
    0x00018141,                /* 0CD6  move L1 <- P1 */
    0x00D90242,                /* 0CD7  gget L2 <- g217   (str) */
    0x00030041,                /* 0CD8  move L3 <- L0 */
    0x000201A0, 0x00010000,    /* 0CD9  call base=L2 argc=1 nres=1 */
    0x00030182, 0x00020000,    /* 0CDB  list L3 <- L2, 1 items */
    0x00020341,                /* 0CDD  move L2 <- L3 */
    0x000101A2, 0x00140001,    /* 0CDE  msg base=L1 argc=1 msg#20 nres=1   (reference) */
    0x00010102,                /* 0CE0  return L1 count=1 */
    0x00BA0042,                /* 0CE1  gget L0 <- g186   (node_kind) */
    0x00018041,                /* 0CE2  move L1 <- P0 */
    0x000001A0, 0x00010000,    /* 0CE3  call base=L0 argc=1 nres=1 */
    0x004C0145,                /* 0CE5  lsym L1 <- sym#76   ("apply") */
    0x0002008F, 0x00000001,    /* 0CE6  eq L2 <- L0 == L1 */
    0x0009024B,                /* 0CE8  jf L2, +9 */
    0x00030142,                /* 0CE9  gget L1 <- g3   (_field) */
    0x00028041,                /* 0CEA  move L2 <- P0 */
    0x00030140,                /* 0CEB  i8 L3 <- 1 */
    0x000102A0, 0x00010000,    /* 0CEC  call base=L1 argc=2 nres=1 */
    0x00000141,                /* 0CEE  move L0 <- L1 */
    0x0001004E,                /* 0CEF  jnerr L0, +1 */
    0x00000003,                /* 0CF0  lnil L0 */
    0x00000102,                /* 0CF1  return L0 count=1 */
    0x00008041,                /* 0CF2  move L0 <- P0 */
    0x00000102,                /* 0CF3  return L0 count=1 */
    0x00021542,                /* 0CF4  gget L21 <- g2   (_tail) */
    0x00168041,                /* 0CF5  move L22 <- P0 */
    0x00170240,                /* 0CF6  i8 L23 <- 2 */
    0x001502A0, 0x00010000,    /* 0CF7  call base=L21 argc=2 nres=1 */
    0x00001541,                /* 0CF9  move L0 <- L21 */
    0x0001004E,                /* 0CFA  jnerr L0, +1 */
    0x00000003,                /* 0CFB  lnil L0 */
    0x001B1546,                /* 0CFC  lconst L21 <- static#27   ("nil") */
    0x00160097, 0x00000015,    /* 0CFD  is L22 <- L0 is L21 */
    0x0002164B,                /* 0CFF  jf L22, +2 */
    0x00000082, 0x00150000,    /* 0D00  list L0 <- L21, 0 items */
    0x001B1646,                /* 0D02  lconst L22 <- static#27   ("nil") */
    0x00150097, 0x80030016,    /* 0D03  is L21 <- P3 is L22 */
    0x0005154B,                /* 0D05  jf L21, +5 */
    0x00211642,                /* 0D06  gget L22 <- g33   (has_spread_or_keyword) */
    0x00170041,                /* 0D07  move L23 <- L0 */
    0x001601A0, 0x00010000,    /* 0D08  call base=L22 argc=1 nres=1 */
    0x00151641,                /* 0D0A  move L21 <- L22 */
    0x0021154B,                /* 0D0B  jf L21, +33 */
    0x00351542,                /* 0D0C  gget L21 <- g53   (message_index) */
    0x00168041,                /* 0D0D  move L22 <- P0 */
    0x00178141,                /* 0D0E  move L23 <- P1 */
    0x001502A0, 0x00010000,    /* 0D0F  call base=L21 argc=2 nres=1 */
    0x00081541,                /* 0D11  move L8 <- L21 */
    0x00271546,                /* 0D12  lconst L21 <- static#39   ("error") */
    0x00160097, 0x00080015,    /* 0D13  is L22 <- L8 is L21 */
    0x0001164B,                /* 0D15  jf L22, +1 */
    0x00080102,                /* 0D16  return L8 count=1 */
    0x00031542,                /* 0D17  gget L21 <- g3   (_field) */
    0x00361642,                /* 0D18  gget L22 <- g54   (_msg_binding) */
    0x00178041,                /* 0D19  move L23 <- P0 */
    0x001601A0, 0x00010000,    /* 0D1A  call base=L22 argc=1 nres=1 */
    0x00170140,                /* 0D1C  i8 L23 <- 1 */
    0x001502A0, 0x00010000,    /* 0D1D  call base=L21 argc=2 nres=1 */
    0x00091541,                /* 0D1F  move L9 <- L21 */
    0x0001094E,                /* 0D20  jnerr L9, +1 */
    0x00090003,                /* 0D21  lnil L9 */
    0x00421542,                /* 0D22  gget L21 <- g66   (compile_va) */
    0x00168141,                /* 0D23  move L22 <- P1 */
    0x00178241,                /* 0D24  move L23 <- P2 */
    0x004D1845,                /* 0D25  lsym L24 <- sym#77   ("msg_va") */
    0x00190003,                /* 0D26  lnil L25 */
    0x001A0041,                /* 0D27  move L26 <- L0 */
    0x001B0841,                /* 0D28  move L27 <- L8 */
    0x001C0941,                /* 0D29  move L28 <- L9 */
    0x001507A0, 0x00010000,    /* 0D2A  call base=L21 argc=7 nres=1 */
    0x00150102,                /* 0D2C  return L21 count=1 */
    0x00DA1542,                /* 0D2D  gget L21 <- g218   (len) */
    0x00160041,                /* 0D2E  move L22 <- L0 */
    0x001501A0, 0x00010000,    /* 0D2F  call base=L21 argc=1 nres=1 */
    0x00011541,                /* 0D31  move L1 <- L21 */
    0x001500C0, 0x00000080,    /* 0D32  i32 L21 <- 128 */
    0x00160093, 0x00010015,    /* 0D34  gt L22 <- L1 > L21 */
    0x000C164B,                /* 0D36  jf L22, +12 */
    0x00D51542,                /* 0D37  gget L21 <- g213   (error) */
    0x00D91642,                /* 0D38  gget L22 <- g217   (str) */
    0x00170141,                /* 0D39  move L23 <- L1 */
    0x001601A0, 0x00010000,    /* 0D3A  call base=L22 argc=1 nres=1 */
    0x00401746,                /* 0D3C  lconst L23 <- static#64   (" arguments, over the 128-parameter call limit") */
    0x00180085, 0x00160017,    /* 0D3D  add L24 <- L22 + L23 */
    0x00161841,                /* 0D3F  move L22 <- L24 */
    0x001501A0, 0x00010000,    /* 0D40  call base=L21 argc=1 nres=1 */
    0x00150102,                /* 0D42  return L21 count=1 */
    0x00351542,                /* 0D43  gget L21 <- g53   (message_index) */
    0x00168041,                /* 0D44  move L22 <- P0 */
    0x00178141,                /* 0D45  move L23 <- P1 */
    0x001502A0, 0x00010000,    /* 0D46  call base=L21 argc=2 nres=1 */
    0x00021541,                /* 0D48  move L2 <- L21 */
    0x00271546,                /* 0D49  lconst L21 <- static#39   ("error") */
    0x00160097, 0x00020015,    /* 0D4A  is L22 <- L2 is L21 */
    0x0001164B,                /* 0D4C  jf L22, +1 */
    0x00020102,                /* 0D4D  return L2 count=1 */
    0x00158141,                /* 0D4E  move L21 <- P1 */
    0x001500A2, 0x000C0001,    /* 0D4F  msg base=L21 argc=0 msg#12 nres=1   (mark) */
    0x00031541,                /* 0D51  move L3 <- L21 */
    0x00158141,                /* 0D52  move L21 <- P1 */
    0x001500A2, 0x00030001,    /* 0D53  msg base=L21 argc=0 msg#3 nres=1   (push) */
    0x00041541,                /* 0D55  move L4 <- L21 */
    0x00271546,                /* 0D56  lconst L21 <- static#39   ("error") */
    0x00160097, 0x00040015,    /* 0D57  is L22 <- L4 is L21 */
    0x0001164B,                /* 0D59  jf L22, +1 */
    0x00040102,                /* 0D5A  return L4 count=1 */
    0x001B1546,                /* 0D5B  lconst L21 <- static#27   ("nil") */
    0x00160097, 0x80030015,    /* 0D5C  is L22 <- P3 is L21 */
    0x0025164B,                /* 0D5E  jf L22, +37 */
    0x00031542,                /* 0D5F  gget L21 <- g3   (_field) */
    0x00361642,                /* 0D60  gget L22 <- g54   (_msg_binding) */
    0x00178041,                /* 0D61  move L23 <- P0 */
    0x001601A0, 0x00010000,    /* 0D62  call base=L22 argc=1 nres=1 */
    0x00170140,                /* 0D64  i8 L23 <- 1 */
    0x001502A0, 0x00010000,    /* 0D65  call base=L21 argc=2 nres=1 */
    0x000A1541,                /* 0D67  move L10 <- L21 */
    0x00010A4E,                /* 0D68  jnerr L10, +1 */
    0x000A0003,                /* 0D69  lnil L10 */
    0x00451542,                /* 0D6A  gget L21 <- g69   (compile_expr) */
    0x00160A41,                /* 0D6B  move L22 <- L10 */
    0x00178141,                /* 0D6C  move L23 <- P1 */
    0x00180441,                /* 0D6D  move L24 <- L4 */
    0x001503A0, 0x00010000,    /* 0D6E  call base=L21 argc=3 nres=1 */
    0x000B1541,                /* 0D70  move L11 <- L21 */
    0x00271546,                /* 0D71  lconst L21 <- static#39   ("error") */
    0x00160097, 0x000B0015,    /* 0D72  is L22 <- L11 is L21 */
    0x0001164B,                /* 0D74  jf L22, +1 */
    0x000B0102,                /* 0D75  return L11 count=1 */
    0x00158141,                /* 0D76  move L21 <- P1 */
    0x00160140,                /* 0D77  i8 L22 <- 1 */
    0x00170085, 0x00040016,    /* 0D78  add L23 <- L4 + L22 */
    0x00161741,                /* 0D7A  move L22 <- L23 */
    0x001501A2, 0x000D0001,    /* 0D7B  msg base=L21 argc=1 msg#13 nres=1   (free_to) */
    0x000C1541,                /* 0D7D  move L12 <- L21 */
    0x00271546,                /* 0D7E  lconst L21 <- static#39   ("error") */
    0x00160097, 0x000C0015,    /* 0D7F  is L22 <- L12 is L21 */
    0x0001164B,                /* 0D81  jf L22, +1 */
    0x000C0102,                /* 0D82  return L12 count=1 */
    0x003B004F,                /* 0D83  jmp +59 */
    0x00158141,                /* 0D84  move L21 <- P1 */
    0x001500A2, 0x000C0001,    /* 0D85  msg base=L21 argc=0 msg#12 nres=1   (mark) */
    0x000D1541,                /* 0D87  move L13 <- L21 */
    0x001500AE, 0x80030000,    /* 0D88  iter L21 <- P3 */
    0x001000AF, 0x0015000C,    /* 0D8A  itnext L16 <- L21, done +12 */
    0x00201642,                /* 0D8C  gget L22 <- g32   (compile_into_window) */
    0x00171041,                /* 0D8D  move L23 <- L16 */
    0x00188141,                /* 0D8E  move L24 <- P1 */
    0x001602A0, 0x00010000,    /* 0D8F  call base=L22 argc=2 nres=1 */
    0x00111641,                /* 0D91  move L17 <- L22 */
    0x00271646,                /* 0D92  lconst L22 <- static#39   ("error") */
    0x00170097, 0x00110016,    /* 0D93  is L23 <- L17 is L22 */
    0x0001174B,                /* 0D95  jf L23, +1 */
    0x00110102,                /* 0D96  return L17 count=1 */
    0xFFF2004F,                /* 0D97  jmp -14 */
    0x00071542,                /* 0D98  gget L21 <- g7   (_emit_pack) */
    0x00188141,                /* 0D99  move L24 <- P1 */
    0x00381945,                /* 0D9A  lsym L25 <- sym#56   ("tuple") */
    0x001A0281, 0x00180000,    /* 0D9B  tuple L26 <- L24, 2 items */
    0x00161A41,                /* 0D9D  move L22 <- L26 */
    0x002E1846,                /* 0D9E  lconst L24 <- static#46   ("a0") */
    0x00190441,                /* 0D9F  move L25 <- L4 */
    0x002F1A46,                /* 0DA0  lconst L26 <- static#47   ("a1") */
    0x005C1B42,                /* 0DA1  gget L27 <- g92   (L) */
    0x001C0D41,                /* 0DA2  move L28 <- L13 */
    0x001B01A0, 0x00010000,    /* 0DA3  call base=L27 argc=1 nres=1 */
    0x002D1C46,                /* 0DA5  lconst L28 <- static#45   ("f") */
    0x00DA1D42,                /* 0DA6  gget L29 <- g218   (len) */
    0x001E8341,                /* 0DA7  move L30 <- P3 */
    0x001D01A0, 0x00010000,    /* 0DA8  call base=L29 argc=1 nres=1 */
    0x001E0383, 0x00180000,    /* 0DAA  dict L30 <- L24, 3 pairs */
    0x00171E41,                /* 0DAC  move L23 <- L30 */
    0x001500A1, 0x00010000,    /* 0DAD  call_va base=L21 nres=1 */
    0x000E1541,                /* 0DAF  move L14 <- L21 */
    0x00271546,                /* 0DB0  lconst L21 <- static#39   ("error") */
    0x00160097, 0x000E0015,    /* 0DB1  is L22 <- L14 is L21 */
    0x0001164B,                /* 0DB3  jf L22, +1 */
    0x000E0102,                /* 0DB4  return L14 count=1 */
    0x00158141,                /* 0DB5  move L21 <- P1 */
    0x00160D41,                /* 0DB6  move L22 <- L13 */
    0x001501A2, 0x000D0001,    /* 0DB7  msg base=L21 argc=1 msg#13 nres=1   (free_to) */
    0x000F1541,                /* 0DB9  move L15 <- L21 */
    0x00271546,                /* 0DBA  lconst L21 <- static#39   ("error") */
    0x00160097, 0x000F0015,    /* 0DBB  is L22 <- L15 is L21 */
    0x0001164B,                /* 0DBD  jf L22, +1 */
    0x000F0102,                /* 0DBE  return L15 count=1 */
    0x001500AE, 0x00000000,    /* 0DBF  iter L21 <- L0 */
    0x001200AF, 0x0015000C,    /* 0DC1  itnext L18 <- L21, done +12 */
    0x00201642,                /* 0DC3  gget L22 <- g32   (compile_into_window) */
    0x00171241,                /* 0DC4  move L23 <- L18 */
    0x00188141,                /* 0DC5  move L24 <- P1 */
    0x001602A0, 0x00010000,    /* 0DC6  call base=L22 argc=2 nres=1 */
    0x00131641,                /* 0DC8  move L19 <- L22 */
    0x00271646,                /* 0DC9  lconst L22 <- static#39   ("error") */
    0x00170097, 0x00130016,    /* 0DCA  is L23 <- L19 is L22 */
    0x0001174B,                /* 0DCC  jf L23, +1 */
    0x00130102,                /* 0DCD  return L19 count=1 */
    0xFFF2004F,                /* 0DCE  jmp -14 */
    0x00071542,                /* 0DCF  gget L21 <- g7   (_emit_pack) */
    0x00188141,                /* 0DD0  move L24 <- P1 */
    0x004E1945,                /* 0DD1  lsym L25 <- sym#78   ("msg") */
    0x001A0281, 0x00180000,    /* 0DD2  tuple L26 <- L24, 2 items */
    0x00161A41,                /* 0DD4  move L22 <- L26 */
    0x002E1846,                /* 0DD5  lconst L24 <- static#46   ("a0") */
    0x00190441,                /* 0DD6  move L25 <- L4 */
    0x002D1A46,                /* 0DD7  lconst L26 <- static#45   ("f") */
    0x001B0141,                /* 0DD8  move L27 <- L1 */
    0x002F1C46,                /* 0DD9  lconst L28 <- static#47   ("a1") */
    0x001D0241,                /* 0DDA  move L29 <- L2 */
    0x00301E46,                /* 0DDB  lconst L30 <- static#48   ("a2") */
    0x001F8241,                /* 0DDC  move L31 <- P2 */
    0x00200483, 0x00180000,    /* 0DDD  dict L32 <- L24, 4 pairs */
    0x00172041,                /* 0DDF  move L23 <- L32 */
    0x001500A1, 0x00010000,    /* 0DE0  call_va base=L21 nres=1 */
    0x00051541,                /* 0DE2  move L5 <- L21 */
    0x00271546,                /* 0DE3  lconst L21 <- static#39   ("error") */
    0x00160097, 0x00050015,    /* 0DE4  is L22 <- L5 is L21 */
    0x0001164B,                /* 0DE6  jf L22, +1 */
    0x00050102,                /* 0DE7  return L5 count=1 */
    0x00041542,                /* 0DE8  gget L21 <- g4   (_max2) */
    0x00168241,                /* 0DE9  move L22 <- P2 */
    0x00170140,                /* 0DEA  i8 L23 <- 1 */
    0x001502A0, 0x00010000,    /* 0DEB  call base=L21 argc=2 nres=1 */
    0x00060085, 0x00030015,    /* 0DED  add L6 <- L3 + L21 */
    0x00158141,                /* 0DEF  move L21 <- P1 */
    0x001500A2, 0x000C0001,    /* 0DF0  msg base=L21 argc=0 msg#12 nres=1   (mark) */
    0x00160091, 0x00150006,    /* 0DF2  lt L22 <- L21 < L6 */
    0x000A164B,                /* 0DF4  jf L22, +10 */
    0x00158141,                /* 0DF5  move L21 <- P1 */
    0x001500A2, 0x00030001,    /* 0DF6  msg base=L21 argc=0 msg#3 nres=1   (push) */
    0x00141541,                /* 0DF8  move L20 <- L21 */
    0x00271546,                /* 0DF9  lconst L21 <- static#39   ("error") */
    0x00160097, 0x00140015,    /* 0DFA  is L22 <- L20 is L21 */
    0x0001164B,                /* 0DFC  jf L22, +1 */
    0x00140102,                /* 0DFD  return L20 count=1 */
    0xFFF0004F,                /* 0DFE  jmp -16 */
    0x00158141,                /* 0DFF  move L21 <- P1 */
    0x00160641,                /* 0E00  move L22 <- L6 */
    0x001501A2, 0x000D0001,    /* 0E01  msg base=L21 argc=1 msg#13 nres=1   (free_to) */
    0x00071541,                /* 0E03  move L7 <- L21 */
    0x00271546,                /* 0E04  lconst L21 <- static#39   ("error") */
    0x00160097, 0x00070015,    /* 0E05  is L22 <- L7 is L21 */
    0x0001164B,                /* 0E07  jf L22, +1 */
    0x00070102,                /* 0E08  return L7 count=1 */
    0x00040102,                /* 0E09  return L4 count=1 */
    0x00030A42,                /* 0E0A  gget L10 <- g3   (_field) */
    0x00360B42,                /* 0E0B  gget L11 <- g54   (_msg_binding) */
    0x000C8041,                /* 0E0C  move L12 <- P0 */
    0x000B01A0, 0x00010000,    /* 0E0D  call base=L11 argc=1 nres=1 */
    0x000C0140,                /* 0E0F  i8 L12 <- 1 */
    0x000A02A0, 0x00010000,    /* 0E10  call base=L10 argc=2 nres=1 */
    0x00000A41,                /* 0E12  move L0 <- L10 */
    0x0001004E,                /* 0E13  jnerr L0, +1 */
    0x00000003,                /* 0E14  lnil L0 */
    0x00BA0A42,                /* 0E15  gget L10 <- g186   (node_kind) */
    0x000B8041,                /* 0E16  move L11 <- P0 */
    0x000A01A0, 0x00010000,    /* 0E17  call base=L10 argc=1 nres=1 */
    0x004F0B45,                /* 0E19  lsym L11 <- sym#79   ("bind_msg") */
    0x000C008F, 0x000A000B,    /* 0E1A  eq L12 <- L10 == L11 */
    0x003A0C4B,                /* 0E1C  jf L12, +58 */
    0x00450A42,                /* 0E1D  gget L10 <- g69   (compile_expr) */
    0x000B0041,                /* 0E1E  move L11 <- L0 */
    0x000C8141,                /* 0E1F  move L12 <- P1 */
    0x000D0003,                /* 0E20  lnil L13 */
    0x000A03A0, 0x00010000,    /* 0E21  call base=L10 argc=3 nres=1 */
    0x00020A41,                /* 0E23  move L2 <- L10 */
    0x00270A46,                /* 0E24  lconst L10 <- static#39   ("error") */
    0x000B0097, 0x0002000A,    /* 0E25  is L11 <- L2 is L10 */
    0x00010B4B,                /* 0E27  jf L11, +1 */
    0x00020102,                /* 0E28  return L2 count=1 */
    0x00350A42,                /* 0E29  gget L10 <- g53   (message_index) */
    0x000B8041,                /* 0E2A  move L11 <- P0 */
    0x000C8141,                /* 0E2B  move L12 <- P1 */
    0x000A02A0, 0x00010000,    /* 0E2C  call base=L10 argc=2 nres=1 */
    0x00030A41,                /* 0E2E  move L3 <- L10 */
    0x00270A46,                /* 0E2F  lconst L10 <- static#39   ("error") */
    0x000B0097, 0x0003000A,    /* 0E30  is L11 <- L3 is L10 */
    0x00010B4B,                /* 0E32  jf L11, +1 */
    0x00030102,                /* 0E33  return L3 count=1 */
    0x000A0A42,                /* 0E34  gget L10 <- g10   (_target) */
    0x000B8141,                /* 0E35  move L11 <- P1 */
    0x000C8241,                /* 0E36  move L12 <- P2 */
    0x000A02A0, 0x00010000,    /* 0E37  call base=L10 argc=2 nres=1 */
    0x00040A41,                /* 0E39  move L4 <- L10 */
    0x00270A46,                /* 0E3A  lconst L10 <- static#39   ("error") */
    0x000B0097, 0x0004000A,    /* 0E3B  is L11 <- L4 is L10 */
    0x00010B4B,                /* 0E3D  jf L11, +1 */
    0x00040102,                /* 0E3E  return L4 count=1 */
    0x00070A42,                /* 0E3F  gget L10 <- g7   (_emit_pack) */
    0x000D8141,                /* 0E40  move L13 <- P1 */
    0x00500E45,                /* 0E41  lsym L14 <- sym#80   ("getmsg") */
    0x000F0281, 0x000D0000,    /* 0E42  tuple L15 <- L13, 2 items */
    0x000B0F41,                /* 0E44  move L11 <- L15 */
    0x002E0D46,                /* 0E45  lconst L13 <- static#46   ("a0") */
    0x000E0441,                /* 0E46  move L14 <- L4 */
    0x002F0F46,                /* 0E47  lconst L15 <- static#47   ("a1") */
    0x00100241,                /* 0E48  move L16 <- L2 */
    0x00301146,                /* 0E49  lconst L17 <- static#48   ("a2") */
    0x00120341,                /* 0E4A  move L18 <- L3 */
    0x00130383, 0x000D0000,    /* 0E4B  dict L19 <- L13, 3 pairs */
    0x000C1341,                /* 0E4D  move L12 <- L19 */
    0x000A00A1, 0x00010000,    /* 0E4E  call_va base=L10 nres=1 */
    0x00050A41,                /* 0E50  move L5 <- L10 */
    0x00270A46,                /* 0E51  lconst L10 <- static#39   ("error") */
    0x000B0097, 0x0005000A,    /* 0E52  is L11 <- L5 is L10 */
    0x00010B4B,                /* 0E54  jf L11, +1 */
    0x00050102,                /* 0E55  return L5 count=1 */
    0x00040102,                /* 0E56  return L4 count=1 */
    0x00BA0A42,                /* 0E57  gget L10 <- g186   (node_kind) */
    0x000B0041,                /* 0E58  move L11 <- L0 */
    0x000A01A0, 0x00010000,    /* 0E59  call base=L10 argc=1 nres=1 */
    0x00380B45,                /* 0E5B  lsym L11 <- sym#56   ("tuple") */
    0x000C008F, 0x000A000B,    /* 0E5C  eq L12 <- L10 == L11 */
    0x00270C4B,                /* 0E5E  jf L12, +39 */
    0x00020A42,                /* 0E5F  gget L10 <- g2   (_tail) */
    0x000B0041,                /* 0E60  move L11 <- L0 */
    0x000C0140,                /* 0E61  i8 L12 <- 1 */
    0x000A02A0, 0x00010000,    /* 0E62  call base=L10 argc=2 nres=1 */
    0x00060A41,                /* 0E64  move L6 <- L10 */
    0x0001064E,                /* 0E65  jnerr L6, +1 */
    0x00060003,                /* 0E66  lnil L6 */
    0x00070082, 0x000A0000,    /* 0E67  list L7 <- L10, 0 items */
    0x000A00AE, 0x00060000,    /* 0E69  iter L10 <- L6 */
    0x000900AF, 0x000A0005,    /* 0E6B  itnext L9 <- L10, done +5 */
    0x000B0741,                /* 0E6D  move L11 <- L7 */
    0x000C0941,                /* 0E6E  move L12 <- L9 */
    0x000B01A2, 0x00110001,    /* 0E6F  msg base=L11 argc=1 msg#17 nres=1   (append) */
    0xFFF9004F,                /* 0E71  jmp -7 */
    0x00370A42,                /* 0E72  gget L10 <- g55   (compile_message) */
    0x000B8041,                /* 0E73  move L11 <- P0 */
    0x000C8141,                /* 0E74  move L12 <- P1 */
    0x000D0140,                /* 0E75  i8 L13 <- 1 */
    0x000E0741,                /* 0E76  move L14 <- L7 */
    0x000A04A0, 0x00010000,    /* 0E77  call base=L10 argc=4 nres=1 */
    0x00080A41,                /* 0E79  move L8 <- L10 */
    0x00270A46,                /* 0E7A  lconst L10 <- static#39   ("error") */
    0x000B0097, 0x0008000A,    /* 0E7B  is L11 <- L8 is L10 */
    0x00010B4B,                /* 0E7D  jf L11, +1 */
    0x00080102,                /* 0E7E  return L8 count=1 */
    0x00090A42,                /* 0E7F  gget L10 <- g9   (_land) */
    0x000B8141,                /* 0E80  move L11 <- P1 */
    0x000C8241,                /* 0E81  move L12 <- P2 */
    0x000D0841,                /* 0E82  move L13 <- L8 */
    0x000A03A0, 0x00010000,    /* 0E83  call base=L10 argc=3 nres=1 */
    0x000A0102,                /* 0E85  return L10 count=1 */
    0x00370A42,                /* 0E86  gget L10 <- g55   (compile_message) */
    0x000B8041,                /* 0E87  move L11 <- P0 */
    0x000C8141,                /* 0E88  move L12 <- P1 */
    0x000D0140,                /* 0E89  i8 L13 <- 1 */
    0x000E0003,                /* 0E8A  lnil L14 */
    0x000A04A0, 0x00010000,    /* 0E8B  call base=L10 argc=4 nres=1 */
    0x00010A41,                /* 0E8D  move L1 <- L10 */
    0x00270A46,                /* 0E8E  lconst L10 <- static#39   ("error") */
    0x000B0097, 0x0001000A,    /* 0E8F  is L11 <- L1 is L10 */
    0x00010B4B,                /* 0E91  jf L11, +1 */
    0x00010102,                /* 0E92  return L1 count=1 */
    0x00090A42,                /* 0E93  gget L10 <- g9   (_land) */
    0x000B8141,                /* 0E94  move L11 <- P1 */
    0x000C8241,                /* 0E95  move L12 <- P2 */
    0x000D0141,                /* 0E96  move L13 <- L1 */
    0x000A03A0, 0x00010000,    /* 0E97  call base=L10 argc=3 nres=1 */
    0x000A0102,                /* 0E99  return L10 count=1 */
    0x00000082, 0x000F0000,    /* 0E9A  list L0 <- L15, 0 items */
    0x00020F42,                /* 0E9C  gget L15 <- g2   (_tail) */
    0x00108041,                /* 0E9D  move L16 <- P0 */
    0x00110140,                /* 0E9E  i8 L17 <- 1 */
    0x000F02A0, 0x00010000,    /* 0E9F  call base=L15 argc=2 nres=1 */
    0x00010F41,                /* 0EA1  move L1 <- L15 */
    0x0001014E,                /* 0EA2  jnerr L1, +1 */
    0x00010003,                /* 0EA3  lnil L1 */
    0x00260F46,                /* 0EA4  lconst L15 <- static#38   ("pair") */
    0x00100097, 0x0001000F,    /* 0EA5  is L16 <- L1 is L15 */
    0x0010104B,                /* 0EA7  jf L16, +16 */
    0x000F0041,                /* 0EA8  move L15 <- L0 */
    0x00D91042,                /* 0EA9  gget L16 <- g217   (str) */
    0x00D71142,                /* 0EAA  gget L17 <- g215   (car) */
    0x00120141,                /* 0EAB  move L18 <- L1 */
    0x001101A0, 0x00010000,    /* 0EAC  call base=L17 argc=1 nres=1 */
    0x001001A0, 0x00010000,    /* 0EAE  call base=L16 argc=1 nres=1 */
    0x000F01A2, 0x00110001,    /* 0EB0  msg base=L15 argc=1 msg#17 nres=1   (append) */
    0x00D60F42,                /* 0EB2  gget L15 <- g214   (cdr) */
    0x00100141,                /* 0EB3  move L16 <- L1 */
    0x000F01A0, 0x00010000,    /* 0EB4  call base=L15 argc=1 nres=1 */
    0x00010F41,                /* 0EB6  move L1 <- L15 */
    0xFFEC004F,                /* 0EB7  jmp -20 */
    0x00DA0F42,                /* 0EB8  gget L15 <- g218   (len) */
    0x00100041,                /* 0EB9  move L16 <- L0 */
    0x000F01A0, 0x00010000,    /* 0EBA  call base=L15 argc=1 nres=1 */
    0x00100040,                /* 0EBC  i8 L16 <- 0 */
    0x0011008F, 0x000F0010,    /* 0EBD  eq L17 <- L15 == L16 */
    0x0005114B,                /* 0EBF  jf L17, +5 */
    0x00D50F42,                /* 0EC0  gget L15 <- g213   (error) */
    0x004A1046,                /* 0EC1  lconst L16 <- static#74   ("empty qualified name") */
    0x000F01A0, 0x00010000,    /* 0EC2  call base=L15 argc=1 nres=1 */
    0x000F0102,                /* 0EC4  return L15 count=1 */
    0x00DA0F42,                /* 0EC5  gget L15 <- g218   (len) */
    0x00100041,                /* 0EC6  move L16 <- L0 */
    0x000F01A0, 0x00010000,    /* 0EC7  call base=L15 argc=1 nres=1 */
    0x00100140,                /* 0EC9  i8 L16 <- 1 */
    0x00110086, 0x000F0010,    /* 0ECA  sub L17 <- L15 - L16 */
    0x00120098, 0x00000011,    /* 0ECC  getidx L18 <- L0[L17] */
    0x004C1342,                /* 0ECE  gget L19 <- g76   (AST_FIELD) */
    0x0014008F, 0x00120013,    /* 0ECF  eq L20 <- L18 == L19 */
    0x0007144B,                /* 0ED1  jf L20, +7 */
    0x003A0F42,                /* 0ED2  gget L15 <- g58   (_astref) */
    0x00100041,                /* 0ED3  move L16 <- L0 */
    0x00118141,                /* 0ED4  move L17 <- P1 */
    0x00128241,                /* 0ED5  move L18 <- P2 */
    0x000F03A0, 0x00010000,    /* 0ED6  call base=L15 argc=3 nres=1 */
    0x000F0102,                /* 0ED8  return L15 count=1 */
    0x00DB0F42,                /* 0ED9  gget L15 <- g219   (sym) */
    0x00100040,                /* 0EDA  i8 L16 <- 0 */
    0x00110098, 0x00000010,    /* 0EDB  getidx L17 <- L0[L16] */
    0x00101141,                /* 0EDD  move L16 <- L17 */
    0x000F01A0, 0x00010000,    /* 0EDE  call base=L15 argc=1 nres=1 */
    0x00020F41,                /* 0EE0  move L2 <- L15 */
    0x000F8141,                /* 0EE1  move L15 <- P1 */
    0x00100241,                /* 0EE2  move L16 <- L2 */
    0x000F01A2, 0x00150001,    /* 0EE3  msg base=L15 argc=1 msg#21 nres=1   (lookup) */
    0x001B1046,                /* 0EE5  lconst L16 <- static#27   ("nil") */
    0x00110097, 0x000F0010,    /* 0EE6  is L17 <- L15 is L16 */
    0x0054114B,                /* 0EE8  jf L17, +84 */
    0x000F009A, 0x80010019,    /* 0EE9  getattr L15 <- P1.sym#25   ("module") */
    0x00100041,                /* 0EEB  move L16 <- L0 */
    0x000F01A2, 0x00160001,    /* 0EEC  msg base=L15 argc=1 msg#22 nres=1   (class_static) */
    0x00070F41,                /* 0EEE  move L7 <- L15 */
    0x001B0F46,                /* 0EEF  lconst L15 <- static#27   ("nil") */
    0x00100097, 0x0007000F,    /* 0EF0  is L16 <- L7 is L15 */
    0x0011104A,                /* 0EF2  not L17 <- L16 */
    0x0019114B,                /* 0EF3  jf L17, +25 */
    0x000A0F42,                /* 0EF4  gget L15 <- g10   (_target) */
    0x00108141,                /* 0EF5  move L16 <- P1 */
    0x00118241,                /* 0EF6  move L17 <- P2 */
    0x000F02A0, 0x00010000,    /* 0EF7  call base=L15 argc=2 nres=1 */
    0x00080F41,                /* 0EF9  move L8 <- L15 */
    0x00270F46,                /* 0EFA  lconst L15 <- static#39   ("error") */
    0x00100097, 0x0008000F,    /* 0EFB  is L16 <- L8 is L15 */
    0x0001104B,                /* 0EFD  jf L16, +1 */
    0x00080102,                /* 0EFE  return L8 count=1 */
    0x00080F42,                /* 0EFF  gget L15 <- g8   (_emit_pairable) */
    0x00108141,                /* 0F00  move L16 <- P1 */
    0x00211145,                /* 0F01  lsym L17 <- sym#33   ("gget") */
    0x00120741,                /* 0F02  move L18 <- L7 */
    0x00130841,                /* 0F03  move L19 <- L8 */
    0x000F04A0, 0x00010000,    /* 0F04  call base=L15 argc=4 nres=1 */
    0x00090F41,                /* 0F06  move L9 <- L15 */
    0x00270F46,                /* 0F07  lconst L15 <- static#39   ("error") */
    0x00100097, 0x0009000F,    /* 0F08  is L16 <- L9 is L15 */
    0x0001104B,                /* 0F0A  jf L16, +1 */
    0x00090102,                /* 0F0B  return L9 count=1 */
    0x00080102,                /* 0F0C  return L8 count=1 */
    0x000F009A, 0x80010019,    /* 0F0D  getattr L15 <- P1.sym#25   ("module") */
    0x00100040,                /* 0F0F  i8 L16 <- 0 */
    0x00110098, 0x00000010,    /* 0F10  getidx L17 <- L0[L16] */
    0x00101141,                /* 0F12  move L16 <- L17 */
    0x000F01A2, 0x00170001,    /* 0F13  msg base=L15 argc=1 msg#23 nres=1   (is_local_class) */
    0x00100F4A,                /* 0F15  not L16 <- L15 */
    0x0026104B,                /* 0F16  jf L16, +38 */
    0x000F009A, 0x80010019,    /* 0F17  getattr L15 <- P1.sym#25   ("module") */
    0x00100041,                /* 0F19  move L16 <- L0 */
    0x000F01A2, 0x00180001,    /* 0F1A  msg base=L15 argc=1 msg#24 nres=1   (canonical_path) */
    0x00000F41,                /* 0F1C  move L0 <- L15 */
    0x000F009A, 0x80010019,    /* 0F1D  getattr L15 <- P1.sym#25   ("module") */
    0x00100041,                /* 0F1F  move L16 <- L0 */
    0x000F01A2, 0x00190001,    /* 0F20  msg base=L15 argc=1 msg#25 nres=1   (check_member) */
    0x000A0F41,                /* 0F22  move L10 <- L15 */
    0x00270F46,                /* 0F23  lconst L15 <- static#39   ("error") */
    0x00100097, 0x000A000F,    /* 0F24  is L16 <- L10 is L15 */
    0x0001104B,                /* 0F26  jf L16, +1 */
    0x000A0102,                /* 0F27  return L10 count=1 */
    0x000F009A, 0x80010019,    /* 0F28  getattr L15 <- P1.sym#25   ("module") */
    0x00051042,                /* 0F2A  gget L16 <- g5   (_join_parts) */
    0x00110041,                /* 0F2B  move L17 <- L0 */
    0x001001A0, 0x00010000,    /* 0F2C  call base=L16 argc=1 nres=1 */
    0x000F01A2, 0x000B0001,    /* 0F2E  msg base=L15 argc=1 msg#11 nres=1   (declare_free_global) */
    0x000B0F41,                /* 0F30  move L11 <- L15 */
    0x00270F46,                /* 0F31  lconst L15 <- static#39   ("error") */
    0x00100097, 0x000B000F,    /* 0F32  is L16 <- L11 is L15 */
    0x0001104B,                /* 0F34  jf L16, +1 */
    0x000B0102,                /* 0F35  return L11 count=1 */
    0x00110F42,                /* 0F36  gget L15 <- g17   (_land_free) */
    0x00108141,                /* 0F37  move L16 <- P1 */
    0x00118241,                /* 0F38  move L17 <- P2 */
    0x00120B41,                /* 0F39  move L18 <- L11 */
    0x000F03A0, 0x00010000,    /* 0F3A  call base=L15 argc=3 nres=1 */
    0x000F0102,                /* 0F3C  return L15 count=1 */
    0x00120F42,                /* 0F3D  gget L15 <- g18   (resolve_name) */
    0x00100241,                /* 0F3E  move L16 <- L2 */
    0x00118141,                /* 0F3F  move L17 <- P1 */
    0x00120003,                /* 0F40  lnil L18 */
    0x000F03A0, 0x00010000,    /* 0F41  call base=L15 argc=3 nres=1 */
    0x00030F41,                /* 0F43  move L3 <- L15 */
    0x00270F46,                /* 0F44  lconst L15 <- static#39   ("error") */
    0x00100097, 0x0003000F,    /* 0F45  is L16 <- L3 is L15 */
    0x0001104B,                /* 0F47  jf L16, +1 */
    0x00030102,                /* 0F48  return L3 count=1 */
    0x00040140,                /* 0F49  i8 L4 <- 1 */
    0x00DA0F42,                /* 0F4A  gget L15 <- g218   (len) */
    0x00100041,                /* 0F4B  move L16 <- L0 */
    0x000F01A0, 0x00010000,    /* 0F4C  call base=L15 argc=1 nres=1 */
    0x00050F41,                /* 0F4E  move L5 <- L15 */
    0x00060341,                /* 0F4F  move L6 <- L3 */
    0x000F0091, 0x00040005,    /* 0F50  lt L15 <- L4 < L5 */
    0x00410F4B,                /* 0F52  jf L15, +65 */
    0x0010009A, 0x80010019,    /* 0F53  getattr L16 <- P1.sym#25   ("module") */
    0x000F009A, 0x0010001A,    /* 0F55  getattr L15 <- L16.sym#26   ("image") */
    0x00100098, 0x00000004,    /* 0F57  getidx L16 <- L0[L4] */
    0x000F01A2, 0x00050001,    /* 0F59  msg base=L15 argc=1 msg#5 nres=1   (add_symbol) */
    0x000C0F41,                /* 0F5B  move L12 <- L15 */
    0x00270F46,                /* 0F5C  lconst L15 <- static#39   ("error") */
    0x00100097, 0x000C000F,    /* 0F5D  is L16 <- L12 is L15 */
    0x0001104B,                /* 0F5F  jf L16, +1 */
    0x000C0102,                /* 0F60  return L12 count=1 */
    0x000D0005,                /* 0F61  lunset L13 */
    0x000F0140,                /* 0F62  i8 L15 <- 1 */
    0x00100086, 0x0005000F,    /* 0F63  sub L16 <- L5 - L15 */
    0x0011008F, 0x00040010,    /* 0F65  eq L17 <- L4 == L16 */
    0x0007114B,                /* 0F67  jf L17, +7 */
    0x000A0F42,                /* 0F68  gget L15 <- g10   (_target) */
    0x00108141,                /* 0F69  move L16 <- P1 */
    0x00118241,                /* 0F6A  move L17 <- P2 */
    0x000F02A0, 0x00010000,    /* 0F6B  call base=L15 argc=2 nres=1 */
    0x000D0F41,                /* 0F6D  move L13 <- L15 */
    0x0004004F,                /* 0F6E  jmp +4 */
    0x000F8141,                /* 0F6F  move L15 <- P1 */
    0x000F00A2, 0x00030001,    /* 0F70  msg base=L15 argc=0 msg#3 nres=1   (push) */
    0x000D0F41,                /* 0F72  move L13 <- L15 */
    0x00270F46,                /* 0F73  lconst L15 <- static#39   ("error") */
    0x00100097, 0x000D000F,    /* 0F74  is L16 <- L13 is L15 */
    0x0001104B,                /* 0F76  jf L16, +1 */
    0x000D0102,                /* 0F77  return L13 count=1 */
    0x00070F42,                /* 0F78  gget L15 <- g7   (_emit_pack) */
    0x00128141,                /* 0F79  move L18 <- P1 */
    0x00561345,                /* 0F7A  lsym L19 <- sym#86   ("getscope") */
    0x00140281, 0x00120000,    /* 0F7B  tuple L20 <- L18, 2 items */
    0x00101441,                /* 0F7D  move L16 <- L20 */
    0x002E1246,                /* 0F7E  lconst L18 <- static#46   ("a0") */
    0x00130D41,                /* 0F7F  move L19 <- L13 */
    0x002F1446,                /* 0F80  lconst L20 <- static#47   ("a1") */
    0x00150641,                /* 0F81  move L21 <- L6 */
    0x00301646,                /* 0F82  lconst L22 <- static#48   ("a2") */
    0x00170C41,                /* 0F83  move L23 <- L12 */
    0x00180383, 0x00120000,    /* 0F84  dict L24 <- L18, 3 pairs */
    0x00111841,                /* 0F86  move L17 <- L24 */
    0x000F00A1, 0x00010000,    /* 0F87  call_va base=L15 nres=1 */
    0x000E0F41,                /* 0F89  move L14 <- L15 */
    0x00270F46,                /* 0F8A  lconst L15 <- static#39   ("error") */
    0x00100097, 0x000E000F,    /* 0F8B  is L16 <- L14 is L15 */
    0x0001104B,                /* 0F8D  jf L16, +1 */
    0x000E0102,                /* 0F8E  return L14 count=1 */
    0x00060D41,                /* 0F8F  move L6 <- L13 */
    0x000F0140,                /* 0F90  i8 L15 <- 1 */
    0x00040085, 0x0004000F,    /* 0F91  add L4 <- L4 + L15 */
    0xFFBC004F,                /* 0F93  jmp -68 */
    0x00060102,                /* 0F94  return L6 count=1 */
    0x00DA0242,                /* 0F95  gget L2 <- g218   (len) */
    0x00038041,                /* 0F96  move L3 <- P0 */
    0x000201A0, 0x00010000,    /* 0F97  call base=L2 argc=1 nres=1 */
    0x00030240,                /* 0F99  i8 L3 <- 2 */
    0x00040090, 0x00020003,    /* 0F9A  ne L4 <- L2 != L3 */
    0x0005044B,                /* 0F9C  jf L4, +5 */
    0x00D50242,                /* 0F9D  gget L2 <- g213   (error) */
    0x004C0346,                /* 0F9E  lconst L3 <- static#76   ("`::$ast` needs the name of a definition in this module") */
    0x000201A0, 0x00010000,    /* 0F9F  call base=L2 argc=1 nres=1 */
    0x00020102,                /* 0FA1  return L2 count=1 */
    0x00020040,                /* 0FA2  i8 L2 <- 0 */
    0x00000098, 0x80000002,    /* 0FA3  getidx L0 <- P0[L2] */
    0x0002009A, 0x80010019,    /* 0FA5  getattr L2 <- P1.sym#25   ("module") */
    0x0003009A, 0x00020057,    /* 0FA7  getattr L3 <- L2.sym#87   ("definitions") */
    0x00010098, 0x00030000,    /* 0FA9  getidx L1 <- L3[L0] */
    0x0001014E,                /* 0FAB  jnerr L1, +1 */
    0x00010003,                /* 0FAC  lnil L1 */
    0x001B0246,                /* 0FAD  lconst L2 <- static#27   ("nil") */
    0x00030097, 0x00010002,    /* 0FAE  is L3 <- L1 is L2 */
    0x000B034B,                /* 0FB0  jf L3, +11 */
    0x00D50242,                /* 0FB1  gget L2 <- g213   (error) */
    0x004D0346,                /* 0FB2  lconst L3 <- static#77   ("`") */
    0x00040085, 0x00030000,    /* 0FB3  add L4 <- L3 + L0 */
    0x004E0546,                /* 0FB5  lconst L5 <- static#78   ("::$ast` names no fn, co or class defined in this module; a compiled module carries no trees to reach across") */
    0x00060085, 0x00040005,    /* 0FB6  add L6 <- L4 + L5 */
    0x00030641,                /* 0FB8  move L3 <- L6 */
    0x000201A0, 0x00010000,    /* 0FB9  call base=L2 argc=1 nres=1 */
    0x00020102,                /* 0FBB  return L2 count=1 */
    0x00440242,                /* 0FBC  gget L2 <- g68   (emit_value) */
    0x00030141,                /* 0FBD  move L3 <- L1 */
    0x00048141,                /* 0FBE  move L4 <- P1 */
    0x00058241,                /* 0FBF  move L5 <- P2 */
    0x000203A0, 0x00010000,    /* 0FC0  call base=L2 argc=3 nres=1 */
    0x00020102,                /* 0FC2  return L2 count=1 */
    0x000E009A, 0x80010058,    /* 0FC3  getattr L14 <- P1.sym#88   ("is_coroutine") */
    0x000F0E4A,                /* 0FC5  not L15 <- L14 */
    0x00050F4B,                /* 0FC6  jf L15, +5 */
    0x00D50E42,                /* 0FC7  gget L14 <- g213   (error) */
    0x004F0F46,                /* 0FC8  lconst L15 <- static#79   ("`yield` is only meaningful inside a `co`") */
    0x000E01A0, 0x00010000,    /* 0FC9  call base=L14 argc=1 nres=1 */
    0x000E0102,                /* 0FCB  return L14 count=1 */
    0x00030E42,                /* 0FCC  gget L14 <- g3   (_field) */
    0x000F8041,                /* 0FCD  move L15 <- P0 */
    0x00100140,                /* 0FCE  i8 L16 <- 1 */
    0x000E02A0, 0x00010000,    /* 0FCF  call base=L14 argc=2 nres=1 */
    0x00000E41,                /* 0FD1  move L0 <- L14 */
    0x0001004E,                /* 0FD2  jnerr L0, +1 */
    0x00000003,                /* 0FD3  lnil L0 */
    0x000E8141,                /* 0FD4  move L14 <- P1 */
    0x000E00A2, 0x000C0001,    /* 0FD5  msg base=L14 argc=0 msg#12 nres=1   (mark) */
    0x00010E41,                /* 0FD7  move L1 <- L14 */
    0x00020005,                /* 0FD8  lunset L2 */
    0x001B0E46,                /* 0FD9  lconst L14 <- static#27   ("nil") */
    0x000F0097, 0x0000000E,    /* 0FDA  is L15 <- L0 is L14 */
    0x001E0F4B,                /* 0FDC  jf L15, +30 */
    0x000E8141,                /* 0FDD  move L14 <- P1 */
    0x000E00A2, 0x00030001,    /* 0FDE  msg base=L14 argc=0 msg#3 nres=1   (push) */
    0x00060E41,                /* 0FE0  move L6 <- L14 */
    0x00270E46,                /* 0FE1  lconst L14 <- static#39   ("error") */
    0x000F0097, 0x0006000E,    /* 0FE2  is L15 <- L6 is L14 */
    0x00010F4B,                /* 0FE4  jf L15, +1 */
    0x00060102,                /* 0FE5  return L6 count=1 */
    0x00070E42,                /* 0FE6  gget L14 <- g7   (_emit_pack) */
    0x00118141,                /* 0FE7  move L17 <- P1 */
    0x002D1245,                /* 0FE8  lsym L18 <- sym#45   ("lnil") */
    0x00130281, 0x00110000,    /* 0FE9  tuple L19 <- L17, 2 items */
    0x000F1341,                /* 0FEB  move L15 <- L19 */
    0x002E1146,                /* 0FEC  lconst L17 <- static#46   ("a0") */
    0x00120641,                /* 0FED  move L18 <- L6 */
    0x00130183, 0x00110000,    /* 0FEE  dict L19 <- L17, 1 pairs */
    0x00101341,                /* 0FF0  move L16 <- L19 */
    0x000E00A1, 0x00010000,    /* 0FF1  call_va base=L14 nres=1 */
    0x00070E41,                /* 0FF3  move L7 <- L14 */
    0x00270E46,                /* 0FF4  lconst L14 <- static#39   ("error") */
    0x000F0097, 0x0007000E,    /* 0FF5  is L15 <- L7 is L14 */
    0x00010F4B,                /* 0FF7  jf L15, +1 */
    0x00070102,                /* 0FF8  return L7 count=1 */
    0x00020140,                /* 0FF9  i8 L2 <- 1 */
    0x0032004F,                /* 0FFA  jmp +50 */
    0x00BA0E42,                /* 0FFB  gget L14 <- g186   (node_kind) */
    0x000F0041,                /* 0FFC  move L15 <- L0 */
    0x000E01A0, 0x00010000,    /* 0FFD  call base=L14 argc=1 nres=1 */
    0x00380F45,                /* 0FFF  lsym L15 <- sym#56   ("tuple") */
    0x0010008F, 0x000E000F,    /* 1000  eq L16 <- L14 == L15 */
    0x001E104B,                /* 1002  jf L16, +30 */
    0x00020E42,                /* 1003  gget L14 <- g2   (_tail) */
    0x000F0041,                /* 1004  move L15 <- L0 */
    0x00100140,                /* 1005  i8 L16 <- 1 */
    0x000E02A0, 0x00010000,    /* 1006  call base=L14 argc=2 nres=1 */
    0x00080E41,                /* 1008  move L8 <- L14 */
    0x0001084E,                /* 1009  jnerr L8, +1 */
    0x00080003,                /* 100A  lnil L8 */
    0x000E00AE, 0x00080000,    /* 100B  iter L14 <- L8 */
    0x000900AF, 0x000E000C,    /* 100D  itnext L9 <- L14, done +12 */
    0x00200F42,                /* 100F  gget L15 <- g32   (compile_into_window) */
    0x00100941,                /* 1010  move L16 <- L9 */
    0x00118141,                /* 1011  move L17 <- P1 */
    0x000F02A0, 0x00010000,    /* 1012  call base=L15 argc=2 nres=1 */
    0x000A0F41,                /* 1014  move L10 <- L15 */
    0x00270F46,                /* 1015  lconst L15 <- static#39   ("error") */
    0x00100097, 0x000A000F,    /* 1016  is L16 <- L10 is L15 */
    0x0001104B,                /* 1018  jf L16, +1 */
    0x000A0102,                /* 1019  return L10 count=1 */
    0xFFF2004F,                /* 101A  jmp -14 */
    0x00DA0E42,                /* 101B  gget L14 <- g218   (len) */
    0x000F0841,                /* 101C  move L15 <- L8 */
    0x000E01A0, 0x00010000,    /* 101D  call base=L14 argc=1 nres=1 */
    0x00020E41,                /* 101F  move L2 <- L14 */
    0x000C004F,                /* 1020  jmp +12 */
    0x00200E42,                /* 1021  gget L14 <- g32   (compile_into_window) */
    0x000F0041,                /* 1022  move L15 <- L0 */
    0x00108141,                /* 1023  move L16 <- P1 */
    0x000E02A0, 0x00010000,    /* 1024  call base=L14 argc=2 nres=1 */
    0x000B0E41,                /* 1026  move L11 <- L14 */
    0x00270E46,                /* 1027  lconst L14 <- static#39   ("error") */
    0x000F0097, 0x000B000E,    /* 1028  is L15 <- L11 is L14 */
    0x00010F4B,                /* 102A  jf L15, +1 */
    0x000B0102,                /* 102B  return L11 count=1 */
    0x00020140,                /* 102C  i8 L2 <- 1 */
    0x000E00C0, 0x00000080,    /* 102D  i32 L14 <- 128 */
    0x000F0093, 0x0002000E,    /* 102F  gt L15 <- L2 > L14 */
    0x000C0F4B,                /* 1031  jf L15, +12 */
    0x00D50E42,                /* 1032  gget L14 <- g213   (error) */
    0x00D90F42,                /* 1033  gget L15 <- g217   (str) */
    0x00100241,                /* 1034  move L16 <- L2 */
    0x000F01A0, 0x00010000,    /* 1035  call base=L15 argc=1 nres=1 */
    0x00501046,                /* 1037  lconst L16 <- static#80   (" yielded values, over the 128-result limit") */
    0x00110085, 0x000F0010,    /* 1038  add L17 <- L15 + L16 */
    0x000F1141,                /* 103A  move L15 <- L17 */
    0x000E01A0, 0x00010000,    /* 103B  call base=L14 argc=1 nres=1 */
    0x000E0102,                /* 103D  return L14 count=1 */
    0x00070E42,                /* 103E  gget L14 <- g7   (_emit_pack) */
    0x00118141,                /* 103F  move L17 <- P1 */
    0x00591245,                /* 1040  lsym L18 <- sym#89   ("yield") */
    0x00130281, 0x00110000,    /* 1041  tuple L19 <- L17, 2 items */
    0x000F1341,                /* 1043  move L15 <- L19 */
    0x002E1146,                /* 1044  lconst L17 <- static#46   ("a0") */
    0x005C1242,                /* 1045  gget L18 <- g92   (L) */
    0x00130141,                /* 1046  move L19 <- L1 */
    0x001201A0, 0x00010000,    /* 1047  call base=L18 argc=1 nres=1 */
    0x002D1346,                /* 1049  lconst L19 <- static#45   ("f") */
    0x00140241,                /* 104A  move L20 <- L2 */
    0x00150283, 0x00110000,    /* 104B  dict L21 <- L17, 2 pairs */
    0x00101541,                /* 104D  move L16 <- L21 */
    0x000E00A1, 0x00010000,    /* 104E  call_va base=L14 nres=1 */
    0x00040E41,                /* 1050  move L4 <- L14 */
    0x00270E46,                /* 1051  lconst L14 <- static#39   ("error") */
    0x000F0097, 0x0004000E,    /* 1052  is L15 <- L4 is L14 */
    0x00010F4B,                /* 1054  jf L15, +1 */
    0x00040102,                /* 1055  return L4 count=1 */
    0x000E8141,                /* 1056  move L14 <- P1 */
    0x000F0140,                /* 1057  i8 L15 <- 1 */
    0x00100085, 0x0001000F,    /* 1058  add L16 <- L1 + L15 */
    0x000F1041,                /* 105A  move L15 <- L16 */
    0x000E01A2, 0x000D0001,    /* 105B  msg base=L14 argc=1 msg#13 nres=1   (free_to) */
    0x00050E41,                /* 105D  move L5 <- L14 */
    0x00270E46,                /* 105E  lconst L14 <- static#39   ("error") */
    0x000F0097, 0x0005000E,    /* 105F  is L15 <- L5 is L14 */
    0x00010F4B,                /* 1061  jf L15, +1 */
    0x00050102,                /* 1062  return L5 count=1 */
    0x00090E42,                /* 1063  gget L14 <- g9   (_land) */
    0x000F8141,                /* 1064  move L15 <- P1 */
    0x00108241,                /* 1065  move L16 <- P2 */
    0x005C1142,                /* 1066  gget L17 <- g92   (L) */
    0x00120141,                /* 1067  move L18 <- L1 */
    0x001101A0, 0x00010000,    /* 1068  call base=L17 argc=1 nres=1 */
    0x000E03A0, 0x00010000,    /* 106A  call base=L14 argc=3 nres=1 */
    0x000E0102,                /* 106C  return L14 count=1 */
    0x003B0042,                /* 106D  gget L0 <- g59   (compile_yield) */
    0x00018041,                /* 106E  move L1 <- P0 */
    0x00028141,                /* 106F  move L2 <- P1 */
    0x00038241,                /* 1070  move L3 <- P2 */
    0x000003A0, 0x00010000,    /* 1071  call base=L0 argc=3 nres=1 */
    0x00000102,                /* 1073  return L0 count=1 */
    0x0004009A, 0x80010058,    /* 1074  getattr L4 <- P1.sym#88   ("is_coroutine") */
    0x0005044A,                /* 1076  not L5 <- L4 */
    0x0005054B,                /* 1077  jf L5, +5 */
    0x00D50442,                /* 1078  gget L4 <- g213   (error) */
    0x004F0546,                /* 1079  lconst L5 <- static#79   ("`yield` is only meaningful inside a `co`") */
    0x000401A0, 0x00010000,    /* 107A  call base=L4 argc=1 nres=1 */
    0x00040102,                /* 107C  return L4 count=1 */
    0x00030442,                /* 107D  gget L4 <- g3   (_field) */
    0x00058041,                /* 107E  move L5 <- P0 */
    0x00060140,                /* 107F  i8 L6 <- 1 */
    0x000402A0, 0x00010000,    /* 1080  call base=L4 argc=2 nres=1 */
    0x00000441,                /* 1082  move L0 <- L4 */
    0x0001004E,                /* 1083  jnerr L0, +1 */
    0x00000003,                /* 1084  lnil L0 */
    0x00450442,                /* 1085  gget L4 <- g69   (compile_expr) */
    0x00050041,                /* 1086  move L5 <- L0 */
    0x00068141,                /* 1087  move L6 <- P1 */
    0x00070003,                /* 1088  lnil L7 */
    0x000403A0, 0x00010000,    /* 1089  call base=L4 argc=3 nres=1 */
    0x00010441,                /* 108B  move L1 <- L4 */
    0x00270446,                /* 108C  lconst L4 <- static#39   ("error") */
    0x00050097, 0x00010004,    /* 108D  is L5 <- L1 is L4 */
    0x0001054B,                /* 108F  jf L5, +1 */
    0x00010102,                /* 1090  return L1 count=1 */
    0x000A0442,                /* 1091  gget L4 <- g10   (_target) */
    0x00058141,                /* 1092  move L5 <- P1 */
    0x00068241,                /* 1093  move L6 <- P2 */
    0x000402A0, 0x00010000,    /* 1094  call base=L4 argc=2 nres=1 */
    0x00020441,                /* 1096  move L2 <- L4 */
    0x00270446,                /* 1097  lconst L4 <- static#39   ("error") */
    0x00050097, 0x00020004,    /* 1098  is L5 <- L2 is L4 */
    0x0001054B,                /* 109A  jf L5, +1 */
    0x00020102,                /* 109B  return L2 count=1 */
    0x00070442,                /* 109C  gget L4 <- g7   (_emit_pack) */
    0x00078141,                /* 109D  move L7 <- P1 */
    0x005A0845,                /* 109E  lsym L8 <- sym#90   ("yield_from") */
    0x00090281, 0x00070000,    /* 109F  tuple L9 <- L7, 2 items */
    0x00050941,                /* 10A1  move L5 <- L9 */
    0x002E0746,                /* 10A2  lconst L7 <- static#46   ("a0") */
    0x00080241,                /* 10A3  move L8 <- L2 */
    0x002F0946,                /* 10A4  lconst L9 <- static#47   ("a1") */
    0x000A0141,                /* 10A5  move L10 <- L1 */
    0x000B0283, 0x00070000,    /* 10A6  dict L11 <- L7, 2 pairs */
    0x00060B41,                /* 10A8  move L6 <- L11 */
    0x000400A1, 0x00010000,    /* 10A9  call_va base=L4 nres=1 */
    0x00030441,                /* 10AB  move L3 <- L4 */
    0x00270446,                /* 10AC  lconst L4 <- static#39   ("error") */
    0x00050097, 0x00030004,    /* 10AD  is L5 <- L3 is L4 */
    0x0001054B,                /* 10AF  jf L5, +1 */
    0x00030102,                /* 10B0  return L3 count=1 */
    0x00020102,                /* 10B1  return L2 count=1 */
    0x00058041,                /* 10B2  move L5 <- P0 */
    0x000500A2, 0x000C0001,    /* 10B3  msg base=L5 argc=0 msg#12 nres=1   (mark) */
    0x00000541,                /* 10B5  move L0 <- L5 */
    0x000500AE, 0x80020000,    /* 10B6  iter L5 <- P2 */
    0x000300AF, 0x0005000C,    /* 10B8  itnext L3 <- L5, done +12 */
    0x00200642,                /* 10BA  gget L6 <- g32   (compile_into_window) */
    0x00070341,                /* 10BB  move L7 <- L3 */
    0x00088041,                /* 10BC  move L8 <- P0 */
    0x000602A0, 0x00010000,    /* 10BD  call base=L6 argc=2 nres=1 */
    0x00040641,                /* 10BF  move L4 <- L6 */
    0x00270646,                /* 10C0  lconst L6 <- static#39   ("error") */
    0x00070097, 0x00040006,    /* 10C1  is L7 <- L4 is L6 */
    0x0001074B,                /* 10C3  jf L7, +1 */
    0x00040102,                /* 10C4  return L4 count=1 */
    0xFFF2004F,                /* 10C5  jmp -14 */
    0x000A0542,                /* 10C6  gget L5 <- g10   (_target) */
    0x00068041,                /* 10C7  move L6 <- P0 */
    0x00078441,                /* 10C8  move L7 <- P4 */
    0x000502A0, 0x00010000,    /* 10C9  call base=L5 argc=2 nres=1 */
    0x00010541,                /* 10CB  move L1 <- L5 */
    0x00270546,                /* 10CC  lconst L5 <- static#39   ("error") */
    0x00060097, 0x00010005,    /* 10CD  is L6 <- L1 is L5 */
    0x0001064B,                /* 10CF  jf L6, +1 */
    0x00010102,                /* 10D0  return L1 count=1 */
    0x00070542,                /* 10D1  gget L5 <- g7   (_emit_pack) */
    0x00088041,                /* 10D2  move L8 <- P0 */
    0x00098141,                /* 10D3  move L9 <- P1 */
    0x000A0281, 0x00080000,    /* 10D4  tuple L10 <- L8, 2 items */
    0x00060A41,                /* 10D6  move L6 <- L10 */
    0x002E0846,                /* 10D7  lconst L8 <- static#46   ("a0") */
    0x00090141,                /* 10D8  move L9 <- L1 */
    0x002F0A46,                /* 10D9  lconst L10 <- static#47   ("a1") */
    0x005C0B42,                /* 10DA  gget L11 <- g92   (L) */
    0x000C0041,                /* 10DB  move L12 <- L0 */
    0x000B01A0, 0x00010000,    /* 10DC  call base=L11 argc=1 nres=1 */
    0x002D0C46,                /* 10DE  lconst L12 <- static#45   ("f") */
    0x000D8341,                /* 10DF  move L13 <- P3 */
    0x000E0383, 0x00080000,    /* 10E0  dict L14 <- L8, 3 pairs */
    0x00070E41,                /* 10E2  move L7 <- L14 */
    0x000500A1, 0x00010000,    /* 10E3  call_va base=L5 nres=1 */
    0x00020541,                /* 10E5  move L2 <- L5 */
    0x00270546,                /* 10E6  lconst L5 <- static#39   ("error") */
    0x00060097, 0x00020005,    /* 10E7  is L6 <- L2 is L5 */
    0x0001064B,                /* 10E9  jf L6, +1 */
    0x00020102,                /* 10EA  return L2 count=1 */
    0x00010102,                /* 10EB  return L1 count=1 */
    0x00050040,                /* 10EC  i8 L5 <- 0 */
    0x00000098, 0x80010005,    /* 10ED  getidx L0 <- P1[L5] */
    0x00010140,                /* 10EF  i8 L1 <- 1 */
    0x00DA0542,                /* 10F0  gget L5 <- g218   (len) */
    0x00068141,                /* 10F1  move L6 <- P1 */
    0x000501A0, 0x00010000,    /* 10F2  call base=L5 argc=1 nres=1 */
    0x00020541,                /* 10F4  move L2 <- L5 */
    0x00050091, 0x00010002,    /* 10F5  lt L5 <- L1 < L2 */
    0x0026054B,                /* 10F7  jf L5, +38 */
    0x00058041,                /* 10F8  move L5 <- P0 */
    0x000500A2, 0x00030001,    /* 10F9  msg base=L5 argc=0 msg#3 nres=1   (push) */
    0x00030541,                /* 10FB  move L3 <- L5 */
    0x00270546,                /* 10FC  lconst L5 <- static#39   ("error") */
    0x00060097, 0x00030005,    /* 10FD  is L6 <- L3 is L5 */
    0x0001064B,                /* 10FF  jf L6, +1 */
    0x00030102,                /* 1100  return L3 count=1 */
    0x00070542,                /* 1101  gget L5 <- g7   (_emit_pack) */
    0x00088041,                /* 1102  move L8 <- P0 */
    0x00000945,                /* 1103  lsym L9 <- sym#0   ("add") */
    0x000A0281, 0x00080000,    /* 1104  tuple L10 <- L8, 2 items */
    0x00060A41,                /* 1106  move L6 <- L10 */
    0x002E0846,                /* 1107  lconst L8 <- static#46   ("a0") */
    0x00090341,                /* 1108  move L9 <- L3 */
    0x002F0A46,                /* 1109  lconst L10 <- static#47   ("a1") */
    0x000B0041,                /* 110A  move L11 <- L0 */
    0x00300C46,                /* 110B  lconst L12 <- static#48   ("a2") */
    0x000D0098, 0x80010001,    /* 110C  getidx L13 <- P1[L1] */
    0x000E0383, 0x00080000,    /* 110E  dict L14 <- L8, 3 pairs */
    0x00070E41,                /* 1110  move L7 <- L14 */
    0x000500A1, 0x00010000,    /* 1111  call_va base=L5 nres=1 */
    0x00040541,                /* 1113  move L4 <- L5 */
    0x00270546,                /* 1114  lconst L5 <- static#39   ("error") */
    0x00060097, 0x00040005,    /* 1115  is L6 <- L4 is L5 */
    0x0001064B,                /* 1117  jf L6, +1 */
    0x00040102,                /* 1118  return L4 count=1 */
    0x00000341,                /* 1119  move L0 <- L3 */
    0x00050140,                /* 111A  i8 L5 <- 1 */
    0x00010085, 0x00010005,    /* 111B  add L1 <- L1 + L5 */
    0xFFD7004F,                /* 111D  jmp -41 */
    0x00000102,                /* 111E  return L0 count=1 */
    0x00000082, 0x00080000,    /* 111F  list L0 <- L8, 0 items */
    0x00010082, 0x00080000,    /* 1121  list L1 <- L8, 0 items */
    0x000800AE, 0x80000000,    /* 1123  iter L8 <- P0 */
    0x000200AF, 0x0008004F,    /* 1125  itnext L2 <- L8, done +79 */
    0x00BA0942,                /* 1127  gget L9 <- g186   (node_kind) */
    0x000A0241,                /* 1128  move L10 <- L2 */
    0x000901A0, 0x00010000,    /* 1129  call base=L9 argc=1 nres=1 */
    0x00030941,                /* 112B  move L3 <- L9 */
    0x003B0945,                /* 112C  lsym L9 <- sym#59   ("spread") */
    0x000A008F, 0x00030009,    /* 112D  eq L10 <- L3 == L9 */
    0x00380A4B,                /* 112F  jf L10, +56 */
    0x00DA0942,                /* 1130  gget L9 <- g218   (len) */
    0x000A0141,                /* 1131  move L10 <- L1 */
    0x000901A0, 0x00010000,    /* 1132  call base=L9 argc=1 nres=1 */
    0x000A0040,                /* 1134  i8 L10 <- 0 */
    0x000B0093, 0x0009000A,    /* 1135  gt L11 <- L9 > L10 */
    0x00170B4B,                /* 1137  jf L11, +23 */
    0x003E0942,                /* 1138  gget L9 <- g62   (_collection) */
    0x000A8141,                /* 1139  move L10 <- P1 */
    0x00380B45,                /* 113A  lsym L11 <- sym#56   ("tuple") */
    0x000C0141,                /* 113B  move L12 <- L1 */
    0x00DA0D42,                /* 113C  gget L13 <- g218   (len) */
    0x000E0141,                /* 113D  move L14 <- L1 */
    0x000D01A0, 0x00010000,    /* 113E  call base=L13 argc=1 nres=1 */
    0x000E0003,                /* 1140  lnil L14 */
    0x000905A0, 0x00010000,    /* 1141  call base=L9 argc=5 nres=1 */
    0x00060941,                /* 1143  move L6 <- L9 */
    0x00270946,                /* 1144  lconst L9 <- static#39   ("error") */
    0x000A0097, 0x00060009,    /* 1145  is L10 <- L6 is L9 */
    0x00010A4B,                /* 1147  jf L10, +1 */
    0x00060102,                /* 1148  return L6 count=1 */
    0x00090041,                /* 1149  move L9 <- L0 */
    0x000A0641,                /* 114A  move L10 <- L6 */
    0x000901A2, 0x00110001,    /* 114B  msg base=L9 argc=1 msg#17 nres=1   (append) */
    0x00010082, 0x00090000,    /* 114D  list L1 <- L9, 0 items */
    0x00030942,                /* 114F  gget L9 <- g3   (_field) */
    0x000A0241,                /* 1150  move L10 <- L2 */
    0x000B0140,                /* 1151  i8 L11 <- 1 */
    0x000902A0, 0x00010000,    /* 1152  call base=L9 argc=2 nres=1 */
    0x00040941,                /* 1154  move L4 <- L9 */
    0x0001044E,                /* 1155  jnerr L4, +1 */
    0x00040003,                /* 1156  lnil L4 */
    0x00450942,                /* 1157  gget L9 <- g69   (compile_expr) */
    0x000A0441,                /* 1158  move L10 <- L4 */
    0x000B8141,                /* 1159  move L11 <- P1 */
    0x000C0003,                /* 115A  lnil L12 */
    0x000903A0, 0x00010000,    /* 115B  call base=L9 argc=3 nres=1 */
    0x00050941,                /* 115D  move L5 <- L9 */
    0x00270946,                /* 115E  lconst L9 <- static#39   ("error") */
    0x000A0097, 0x00050009,    /* 115F  is L10 <- L5 is L9 */
    0x00010A4B,                /* 1161  jf L10, +1 */
    0x00050102,                /* 1162  return L5 count=1 */
    0x00090041,                /* 1163  move L9 <- L0 */
    0x000A0541,                /* 1164  move L10 <- L5 */
    0x000901A2, 0x00110001,    /* 1165  msg base=L9 argc=1 msg#17 nres=1   (append) */
    0x000D004F,                /* 1167  jmp +13 */
    0x003A0A45,                /* 1168  lsym L10 <- sym#58   ("kwarg") */
    0x0009008F, 0x0003000A,    /* 1169  eq L9 <- L3 == L10 */
    0x0003094C,                /* 116B  jt L9, +3 */
    0x003C0A45,                /* 116C  lsym L10 <- sym#60   ("spread_kw") */
    0x0009008F, 0x0003000A,    /* 116D  eq L9 <- L3 == L10 */
    0x000A094A,                /* 116F  not L10 <- L9 */
    0x00040A4B,                /* 1170  jf L10, +4 */
    0x00090141,                /* 1171  move L9 <- L1 */
    0x000A0241,                /* 1172  move L10 <- L2 */
    0x000901A2, 0x00110001,    /* 1173  msg base=L9 argc=1 msg#17 nres=1   (append) */
    0xFFAF004F,                /* 1175  jmp -81 */
    0x00DA0942,                /* 1176  gget L9 <- g218   (len) */
    0x000A0141,                /* 1177  move L10 <- L1 */
    0x000901A0, 0x00010000,    /* 1178  call base=L9 argc=1 nres=1 */
    0x000A0040,                /* 117A  i8 L10 <- 0 */
    0x00080093, 0x0009000A,    /* 117B  gt L8 <- L9 > L10 */
    0x0007084C,                /* 117D  jt L8, +7 */
    0x00DA0942,                /* 117E  gget L9 <- g218   (len) */
    0x000A0041,                /* 117F  move L10 <- L0 */
    0x000901A0, 0x00010000,    /* 1180  call base=L9 argc=1 nres=1 */
    0x000A0040,                /* 1182  i8 L10 <- 0 */
    0x0008008F, 0x0009000A,    /* 1183  eq L8 <- L9 == L10 */
    0x0015084B,                /* 1185  jf L8, +21 */
    0x003E0842,                /* 1186  gget L8 <- g62   (_collection) */
    0x00098141,                /* 1187  move L9 <- P1 */
    0x00380A45,                /* 1188  lsym L10 <- sym#56   ("tuple") */
    0x000B0141,                /* 1189  move L11 <- L1 */
    0x00DA0C42,                /* 118A  gget L12 <- g218   (len) */
    0x000D0141,                /* 118B  move L13 <- L1 */
    0x000C01A0, 0x00010000,    /* 118C  call base=L12 argc=1 nres=1 */
    0x000D0003,                /* 118E  lnil L13 */
    0x000805A0, 0x00010000,    /* 118F  call base=L8 argc=5 nres=1 */
    0x00070841,                /* 1191  move L7 <- L8 */
    0x00270846,                /* 1192  lconst L8 <- static#39   ("error") */
    0x00090097, 0x00070008,    /* 1193  is L9 <- L7 is L8 */
    0x0001094B,                /* 1195  jf L9, +1 */
    0x00070102,                /* 1196  return L7 count=1 */
    0x00080041,                /* 1197  move L8 <- L0 */
    0x00090741,                /* 1198  move L9 <- L7 */
    0x000801A2, 0x00110001,    /* 1199  msg base=L8 argc=1 msg#17 nres=1   (append) */
    0x003F0842,                /* 119B  gget L8 <- g63   (_concatenate) */
    0x00098141,                /* 119C  move L9 <- P1 */
    0x000A0041,                /* 119D  move L10 <- L0 */
    0x000802A0, 0x00010000,    /* 119E  call base=L8 argc=2 nres=1 */
    0x00080102,                /* 11A0  return L8 count=1 */
    0x00000082, 0x000D0000,    /* 11A1  list L0 <- L13, 0 items */
    0x00010082, 0x000D0000,    /* 11A3  list L1 <- L13, 0 items */
    0x00020040,                /* 11A5  i8 L2 <- 0 */
    0x000D00AE, 0x80000000,    /* 11A6  iter L13 <- P0 */
    0x000300AF, 0x000D0066,    /* 11A8  itnext L3 <- L13, done +102 */
    0x00BA0E42,                /* 11AA  gget L14 <- g186   (node_kind) */
    0x000F0341,                /* 11AB  move L15 <- L3 */
    0x000E01A0, 0x00010000,    /* 11AC  call base=L14 argc=1 nres=1 */
    0x00040E41,                /* 11AE  move L4 <- L14 */
    0x003C0E45,                /* 11AF  lsym L14 <- sym#60   ("spread_kw") */
    0x000F008F, 0x0004000E,    /* 11B0  eq L15 <- L4 == L14 */
    0x00360F4B,                /* 11B2  jf L15, +54 */
    0x00DA0E42,                /* 11B3  gget L14 <- g218   (len) */
    0x000F0141,                /* 11B4  move L15 <- L1 */
    0x000E01A0, 0x00010000,    /* 11B5  call base=L14 argc=1 nres=1 */
    0x000F0040,                /* 11B7  i8 L15 <- 0 */
    0x00100093, 0x000E000F,    /* 11B8  gt L16 <- L14 > L15 */
    0x0015104B,                /* 11BA  jf L16, +21 */
    0x003E0E42,                /* 11BB  gget L14 <- g62   (_collection) */
    0x000F8141,                /* 11BC  move L15 <- P1 */
    0x00431045,                /* 11BD  lsym L16 <- sym#67   ("dict") */
    0x00110141,                /* 11BE  move L17 <- L1 */
    0x00120241,                /* 11BF  move L18 <- L2 */
    0x00130003,                /* 11C0  lnil L19 */
    0x000E05A0, 0x00010000,    /* 11C1  call base=L14 argc=5 nres=1 */
    0x00090E41,                /* 11C3  move L9 <- L14 */
    0x00270E46,                /* 11C4  lconst L14 <- static#39   ("error") */
    0x000F0097, 0x0009000E,    /* 11C5  is L15 <- L9 is L14 */
    0x00010F4B,                /* 11C7  jf L15, +1 */
    0x00090102,                /* 11C8  return L9 count=1 */
    0x000E0041,                /* 11C9  move L14 <- L0 */
    0x000F0941,                /* 11CA  move L15 <- L9 */
    0x000E01A2, 0x00110001,    /* 11CB  msg base=L14 argc=1 msg#17 nres=1   (append) */
    0x00010082, 0x000E0000,    /* 11CD  list L1 <- L14, 0 items */
    0x00020040,                /* 11CF  i8 L2 <- 0 */
    0x00030E42,                /* 11D0  gget L14 <- g3   (_field) */
    0x000F0341,                /* 11D1  move L15 <- L3 */
    0x00100140,                /* 11D2  i8 L16 <- 1 */
    0x000E02A0, 0x00010000,    /* 11D3  call base=L14 argc=2 nres=1 */
    0x00070E41,                /* 11D5  move L7 <- L14 */
    0x0001074E,                /* 11D6  jnerr L7, +1 */
    0x00070003,                /* 11D7  lnil L7 */
    0x00450E42,                /* 11D8  gget L14 <- g69   (compile_expr) */
    0x000F0741,                /* 11D9  move L15 <- L7 */
    0x00108141,                /* 11DA  move L16 <- P1 */
    0x00110003,                /* 11DB  lnil L17 */
    0x000E03A0, 0x00010000,    /* 11DC  call base=L14 argc=3 nres=1 */
    0x00080E41,                /* 11DE  move L8 <- L14 */
    0x00270E46,                /* 11DF  lconst L14 <- static#39   ("error") */
    0x000F0097, 0x0008000E,    /* 11E0  is L15 <- L8 is L14 */
    0x00010F4B,                /* 11E2  jf L15, +1 */
    0x00080102,                /* 11E3  return L8 count=1 */
    0x000E0041,                /* 11E4  move L14 <- L0 */
    0x000F0841,                /* 11E5  move L15 <- L8 */
    0x000E01A2, 0x00110001,    /* 11E6  msg base=L14 argc=1 msg#17 nres=1   (append) */
    0x0026004F,                /* 11E8  jmp +38 */
    0x003A0E45,                /* 11E9  lsym L14 <- sym#58   ("kwarg") */
    0x000F008F, 0x0004000E,    /* 11EA  eq L15 <- L4 == L14 */
    0x00220F4B,                /* 11EC  jf L15, +34 */
    0x00030E42,                /* 11ED  gget L14 <- g3   (_field) */
    0x000F0341,                /* 11EE  move L15 <- L3 */
    0x00100140,                /* 11EF  i8 L16 <- 1 */
    0x000E02A0, 0x00010000,    /* 11F0  call base=L14 argc=2 nres=1 */
    0x000A0E41,                /* 11F2  move L10 <- L14 */
    0x00010A4E,                /* 11F3  jnerr L10, +1 */
    0x000A0003,                /* 11F4  lnil L10 */
    0x00030E42,                /* 11F5  gget L14 <- g3   (_field) */
    0x000F0341,                /* 11F6  move L15 <- L3 */
    0x00100240,                /* 11F7  i8 L16 <- 2 */
    0x000E02A0, 0x00010000,    /* 11F8  call base=L14 argc=2 nres=1 */
    0x000B0E41,                /* 11FA  move L11 <- L14 */
    0x00010B4E,                /* 11FB  jnerr L11, +1 */
    0x000B0003,                /* 11FC  lnil L11 */
    0x000E0141,                /* 11FD  move L14 <- L1 */
    0x005B0F45,                /* 11FE  lsym L15 <- sym#91   ("str") */
    0x00D91042,                /* 11FF  gget L16 <- g217   (str) */
    0x00110A41,                /* 1200  move L17 <- L10 */
    0x001001A0, 0x00010000,    /* 1201  call base=L16 argc=1 nres=1 */
    0x00110284, 0x000F0000,    /* 1203  plist L17 <- L15, 2 items */
    0x000F1141,                /* 1205  move L15 <- L17 */
    0x000E01A2, 0x00110001,    /* 1206  msg base=L14 argc=1 msg#17 nres=1   (append) */
    0x000E0141,                /* 1208  move L14 <- L1 */
    0x000F0B41,                /* 1209  move L15 <- L11 */
    0x000E01A2, 0x00110001,    /* 120A  msg base=L14 argc=1 msg#17 nres=1   (append) */
    0x000E0140,                /* 120C  i8 L14 <- 1 */
    0x00020085, 0x0002000E,    /* 120D  add L2 <- L2 + L14 */
    0xFF98004F,                /* 120F  jmp -104 */
    0x00DA0E42,                /* 1210  gget L14 <- g218   (len) */
    0x000F0141,                /* 1211  move L15 <- L1 */
    0x000E01A0, 0x00010000,    /* 1212  call base=L14 argc=1 nres=1 */
    0x000F0040,                /* 1214  i8 L15 <- 0 */
    0x000D0093, 0x000E000F,    /* 1215  gt L13 <- L14 > L15 */
    0x00070D4C,                /* 1217  jt L13, +7 */
    0x00DA0E42,                /* 1218  gget L14 <- g218   (len) */
    0x000F0041,                /* 1219  move L15 <- L0 */
    0x000E01A0, 0x00010000,    /* 121A  call base=L14 argc=1 nres=1 */
    0x000F0040,                /* 121C  i8 L15 <- 0 */
    0x000D008F, 0x000E000F,    /* 121D  eq L13 <- L14 == L15 */
    0x00120D4B,                /* 121F  jf L13, +18 */
    0x003E0D42,                /* 1220  gget L13 <- g62   (_collection) */
    0x000E8141,                /* 1221  move L14 <- P1 */
    0x00430F45,                /* 1222  lsym L15 <- sym#67   ("dict") */
    0x00100141,                /* 1223  move L16 <- L1 */
    0x00110241,                /* 1224  move L17 <- L2 */
    0x00120003,                /* 1225  lnil L18 */
    0x000D05A0, 0x00010000,    /* 1226  call base=L13 argc=5 nres=1 */
    0x000C0D41,                /* 1228  move L12 <- L13 */
    0x00270D46,                /* 1229  lconst L13 <- static#39   ("error") */
    0x000E0097, 0x000C000D,    /* 122A  is L14 <- L12 is L13 */
    0x00010E4B,                /* 122C  jf L14, +1 */
    0x000C0102,                /* 122D  return L12 count=1 */
    0x000D0041,                /* 122E  move L13 <- L0 */
    0x000E0C41,                /* 122F  move L14 <- L12 */
    0x000D01A2, 0x00110001,    /* 1230  msg base=L13 argc=1 msg#17 nres=1   (append) */
    0x003F0D42,                /* 1232  gget L13 <- g63   (_concatenate) */
    0x000E8141,                /* 1233  move L14 <- P1 */
    0x000F0041,                /* 1234  move L15 <- L0 */
    0x000D02A0, 0x00010000,    /* 1235  call base=L13 argc=2 nres=1 */
    0x000D0102,                /* 1237  return L13 count=1 */
    0x00138041,                /* 1238  move L19 <- P0 */
    0x001300A2, 0x000C0001,    /* 1239  msg base=L19 argc=0 msg#12 nres=1   (mark) */
    0x00001341,                /* 123B  move L0 <- L19 */
    0x00138041,                /* 123C  move L19 <- P0 */
    0x001300A2, 0x00030001,    /* 123D  msg base=L19 argc=0 msg#3 nres=1   (push) */
    0x00011341,                /* 123F  move L1 <- L19 */
    0x00271346,                /* 1240  lconst L19 <- static#39   ("error") */
    0x00140097, 0x00010013,    /* 1241  is L20 <- L1 is L19 */
    0x0001144B,                /* 1243  jf L20, +1 */
    0x00010102,                /* 1244  return L1 count=1 */
    0x00138041,                /* 1245  move L19 <- P0 */
    0x001300A2, 0x00030001,    /* 1246  msg base=L19 argc=0 msg#3 nres=1   (push) */
    0x00021341,                /* 1248  move L2 <- L19 */
    0x00271346,                /* 1249  lconst L19 <- static#39   ("error") */
    0x00140097, 0x00020013,    /* 124A  is L20 <- L2 is L19 */
    0x0001144B,                /* 124C  jf L20, +1 */
    0x00020102,                /* 124D  return L2 count=1 */
    0x00138041,                /* 124E  move L19 <- P0 */
    0x001300A2, 0x00030001,    /* 124F  msg base=L19 argc=0 msg#3 nres=1   (push) */
    0x00031341,                /* 1251  move L3 <- L19 */
    0x00271346,                /* 1252  lconst L19 <- static#39   ("error") */
    0x00140097, 0x00030013,    /* 1253  is L20 <- L3 is L19 */
    0x0001144B,                /* 1255  jf L20, +1 */
    0x00030102,                /* 1256  return L3 count=1 */
    0x001B1346,                /* 1257  lconst L19 <- static#27   ("nil") */
    0x00140097, 0x80060013,    /* 1258  is L20 <- P6 is L19 */
    0x001E144B,                /* 125A  jf L20, +30 */
    0x00211346,                /* 125B  lconst L19 <- static#33   ("sym") */
    0x00140097, 0x80030013,    /* 125C  is L20 <- P3 is L19 */
    0x000D144B,                /* 125E  jf L20, +13 */
    0x00121342,                /* 125F  gget L19 <- g18   (resolve_name) */
    0x00148341,                /* 1260  move L20 <- P3 */
    0x00158041,                /* 1261  move L21 <- P0 */
    0x00160141,                /* 1262  move L22 <- L1 */
    0x001303A0, 0x00010000,    /* 1263  call base=L19 argc=3 nres=1 */
    0x000D1341,                /* 1265  move L13 <- L19 */
    0x00271346,                /* 1266  lconst L19 <- static#39   ("error") */
    0x00140097, 0x000D0013,    /* 1267  is L20 <- L13 is L19 */
    0x0001144B,                /* 1269  jf L20, +1 */
    0x000D0102,                /* 126A  return L13 count=1 */
    0x000C004F,                /* 126B  jmp +12 */
    0x00451342,                /* 126C  gget L19 <- g69   (compile_expr) */
    0x00148341,                /* 126D  move L20 <- P3 */
    0x00158041,                /* 126E  move L21 <- P0 */
    0x00160141,                /* 126F  move L22 <- L1 */
    0x001303A0, 0x00010000,    /* 1270  call base=L19 argc=3 nres=1 */
    0x000E1341,                /* 1272  move L14 <- L19 */
    0x00271346,                /* 1273  lconst L19 <- static#39   ("error") */
    0x00140097, 0x000E0013,    /* 1274  is L20 <- L14 is L19 */
    0x0001144B,                /* 1276  jf L20, +1 */
    0x000E0102,                /* 1277  return L14 count=1 */
    0x000C004F,                /* 1278  jmp +12 */
    0x00451342,                /* 1279  gget L19 <- g69   (compile_expr) */
    0x00148641,                /* 127A  move L20 <- P6 */
    0x00158041,                /* 127B  move L21 <- P0 */
    0x00160141,                /* 127C  move L22 <- L1 */
    0x001303A0, 0x00010000,    /* 127D  call base=L19 argc=3 nres=1 */
    0x000F1341,                /* 127F  move L15 <- L19 */
    0x00271346,                /* 1280  lconst L19 <- static#39   ("error") */
    0x00140097, 0x000F0013,    /* 1281  is L20 <- L15 is L19 */
    0x0001144B,                /* 1283  jf L20, +1 */
    0x000F0102,                /* 1284  return L15 count=1 */
    0x00138041,                /* 1285  move L19 <- P0 */
    0x001300A2, 0x000C0001,    /* 1286  msg base=L19 argc=0 msg#12 nres=1   (mark) */
    0x00041341,                /* 1288  move L4 <- L19 */
    0x00401342,                /* 1289  gget L19 <- g64   (_positional_argument_tuple) */
    0x00148441,                /* 128A  move L20 <- P4 */
    0x00158041,                /* 128B  move L21 <- P0 */
    0x001302A0, 0x00010000,    /* 128C  call base=L19 argc=2 nres=1 */
    0x00051341,                /* 128E  move L5 <- L19 */
    0x00271346,                /* 128F  lconst L19 <- static#39   ("error") */
    0x00140097, 0x00050013,    /* 1290  is L20 <- L5 is L19 */
    0x0001144B,                /* 1292  jf L20, +1 */
    0x00050102,                /* 1293  return L5 count=1 */
    0x00081342,                /* 1294  gget L19 <- g8   (_emit_pairable) */
    0x00148041,                /* 1295  move L20 <- P0 */
    0x00161545,                /* 1296  lsym L21 <- sym#22   ("move") */
    0x00160241,                /* 1297  move L22 <- L2 */
    0x00170541,                /* 1298  move L23 <- L5 */
    0x001304A0, 0x00010000,    /* 1299  call base=L19 argc=4 nres=1 */
    0x00061341,                /* 129B  move L6 <- L19 */
    0x00271346,                /* 129C  lconst L19 <- static#39   ("error") */
    0x00140097, 0x00060013,    /* 129D  is L20 <- L6 is L19 */
    0x0001144B,                /* 129F  jf L20, +1 */
    0x00060102,                /* 12A0  return L6 count=1 */
    0x00138041,                /* 12A1  move L19 <- P0 */
    0x00140441,                /* 12A2  move L20 <- L4 */
    0x001301A2, 0x000D0001,    /* 12A3  msg base=L19 argc=1 msg#13 nres=1   (free_to) */
    0x00071341,                /* 12A5  move L7 <- L19 */
    0x00271346,                /* 12A6  lconst L19 <- static#39   ("error") */
    0x00140097, 0x00070013,    /* 12A7  is L20 <- L7 is L19 */
    0x0001144B,                /* 12A9  jf L20, +1 */
    0x00070102,                /* 12AA  return L7 count=1 */
    0x00411342,                /* 12AB  gget L19 <- g65   (_keyword_argument_dict) */
    0x00148441,                /* 12AC  move L20 <- P4 */
    0x00158041,                /* 12AD  move L21 <- P0 */
    0x001302A0, 0x00010000,    /* 12AE  call base=L19 argc=2 nres=1 */
    0x00081341,                /* 12B0  move L8 <- L19 */
    0x00271346,                /* 12B1  lconst L19 <- static#39   ("error") */
    0x00140097, 0x00080013,    /* 12B2  is L20 <- L8 is L19 */
    0x0001144B,                /* 12B4  jf L20, +1 */
    0x00080102,                /* 12B5  return L8 count=1 */
    0x00081342,                /* 12B6  gget L19 <- g8   (_emit_pairable) */
    0x00148041,                /* 12B7  move L20 <- P0 */
    0x00161545,                /* 12B8  lsym L21 <- sym#22   ("move") */
    0x00160341,                /* 12B9  move L22 <- L3 */
    0x00170841,                /* 12BA  move L23 <- L8 */
    0x001304A0, 0x00010000,    /* 12BB  call base=L19 argc=4 nres=1 */
    0x00091341,                /* 12BD  move L9 <- L19 */
    0x00271346,                /* 12BE  lconst L19 <- static#39   ("error") */
    0x00140097, 0x00090013,    /* 12BF  is L20 <- L9 is L19 */
    0x0001144B,                /* 12C1  jf L20, +1 */
    0x00090102,                /* 12C2  return L9 count=1 */
    0x00138041,                /* 12C3  move L19 <- P0 */
    0x00140441,                /* 12C4  move L20 <- L4 */
    0x001301A2, 0x000D0001,    /* 12C5  msg base=L19 argc=1 msg#13 nres=1   (free_to) */
    0x000A1341,                /* 12C7  move L10 <- L19 */
    0x00271346,                /* 12C8  lconst L19 <- static#39   ("error") */
    0x00140097, 0x000A0013,    /* 12C9  is L20 <- L10 is L19 */
    0x0001144B,                /* 12CB  jf L20, +1 */
    0x000A0102,                /* 12CC  return L10 count=1 */
    0x00401345,                /* 12CD  lsym L19 <- sym#64   ("call_va") */
    0x0014008F, 0x80020013,    /* 12CE  eq L20 <- P2 == L19 */
    0x0016144B,                /* 12D0  jf L20, +22 */
    0x00071342,                /* 12D1  gget L19 <- g7   (_emit_pack) */
    0x00168041,                /* 12D2  move L22 <- P0 */
    0x00178241,                /* 12D3  move L23 <- P2 */
    0x00180281, 0x00160000,    /* 12D4  tuple L24 <- L22, 2 items */
    0x00141841,                /* 12D6  move L20 <- L24 */
    0x002E1646,                /* 12D7  lconst L22 <- static#46   ("a0") */
    0x00170141,                /* 12D8  move L23 <- L1 */
    0x002F1846,                /* 12D9  lconst L24 <- static#47   ("a1") */
    0x00198141,                /* 12DA  move L25 <- P1 */
    0x001A0283, 0x00160000,    /* 12DB  dict L26 <- L22, 2 pairs */
    0x00151A41,                /* 12DD  move L21 <- L26 */
    0x001300A1, 0x00010000,    /* 12DE  call_va base=L19 nres=1 */
    0x00101341,                /* 12E0  move L16 <- L19 */
    0x00271346,                /* 12E1  lconst L19 <- static#39   ("error") */
    0x00140097, 0x00100013,    /* 12E2  is L20 <- L16 is L19 */
    0x0001144B,                /* 12E4  jf L20, +1 */
    0x00100102,                /* 12E5  return L16 count=1 */
    0x0017004F,                /* 12E6  jmp +23 */
    0x00071342,                /* 12E7  gget L19 <- g7   (_emit_pack) */
    0x00168041,                /* 12E8  move L22 <- P0 */
    0x00178241,                /* 12E9  move L23 <- P2 */
    0x00180281, 0x00160000,    /* 12EA  tuple L24 <- L22, 2 items */
    0x00141841,                /* 12EC  move L20 <- L24 */
    0x002E1646,                /* 12ED  lconst L22 <- static#46   ("a0") */
    0x00170141,                /* 12EE  move L23 <- L1 */
    0x002F1846,                /* 12EF  lconst L24 <- static#47   ("a1") */
    0x00198541,                /* 12F0  move L25 <- P5 */
    0x00301A46,                /* 12F1  lconst L26 <- static#48   ("a2") */
    0x001B8141,                /* 12F2  move L27 <- P1 */
    0x001C0383, 0x00160000,    /* 12F3  dict L28 <- L22, 3 pairs */
    0x00151C41,                /* 12F5  move L21 <- L28 */
    0x001300A1, 0x00010000,    /* 12F6  call_va base=L19 nres=1 */
    0x00111341,                /* 12F8  move L17 <- L19 */
    0x00271346,                /* 12F9  lconst L19 <- static#39   ("error") */
    0x00140097, 0x00110013,    /* 12FA  is L20 <- L17 is L19 */
    0x0001144B,                /* 12FC  jf L20, +1 */
    0x00110102,                /* 12FD  return L17 count=1 */
    0x00041342,                /* 12FE  gget L19 <- g4   (_max2) */
    0x00148141,                /* 12FF  move L20 <- P1 */
    0x00150340,                /* 1300  i8 L21 <- 3 */
    0x001302A0, 0x00010000,    /* 1301  call base=L19 argc=2 nres=1 */
    0x000B0085, 0x00000013,    /* 1303  add L11 <- L0 + L19 */
    0x00138041,                /* 1305  move L19 <- P0 */
    0x001300A2, 0x000C0001,    /* 1306  msg base=L19 argc=0 msg#12 nres=1   (mark) */
    0x00140091, 0x0013000B,    /* 1308  lt L20 <- L19 < L11 */
    0x000A144B,                /* 130A  jf L20, +10 */
    0x00138041,                /* 130B  move L19 <- P0 */
    0x001300A2, 0x00030001,    /* 130C  msg base=L19 argc=0 msg#3 nres=1   (push) */
    0x00121341,                /* 130E  move L18 <- L19 */
    0x00271346,                /* 130F  lconst L19 <- static#39   ("error") */
    0x00140097, 0x00120013,    /* 1310  is L20 <- L18 is L19 */
    0x0001144B,                /* 1312  jf L20, +1 */
    0x00120102,                /* 1313  return L18 count=1 */
    0xFFF0004F,                /* 1314  jmp -16 */
    0x00138041,                /* 1315  move L19 <- P0 */
    0x00041442,                /* 1316  gget L20 <- g4   (_max2) */
    0x00158141,                /* 1317  move L21 <- P1 */
    0x00160140,                /* 1318  i8 L22 <- 1 */
    0x001402A0, 0x00010000,    /* 1319  call base=L20 argc=2 nres=1 */
    0x00150085, 0x00000014,    /* 131B  add L21 <- L0 + L20 */
    0x00141541,                /* 131D  move L20 <- L21 */
    0x001301A2, 0x000D0001,    /* 131E  msg base=L19 argc=1 msg#13 nres=1   (free_to) */
    0x000C1341,                /* 1320  move L12 <- L19 */
    0x00271346,                /* 1321  lconst L19 <- static#39   ("error") */
    0x00140097, 0x000C0013,    /* 1322  is L20 <- L12 is L19 */
    0x0001144B,                /* 1324  jf L20, +1 */
    0x000C0102,                /* 1325  return L12 count=1 */
    0x00010102,                /* 1326  return L1 count=1 */
    0x000A0842,                /* 1327  gget L8 <- g10   (_target) */
    0x00098141,                /* 1328  move L9 <- P1 */
    0x000A8241,                /* 1329  move L10 <- P2 */
    0x000802A0, 0x00010000,    /* 132A  call base=L8 argc=2 nres=1 */
    0x00000841,                /* 132C  move L0 <- L8 */
    0x00270846,                /* 132D  lconst L8 <- static#39   ("error") */
    0x00090097, 0x00000008,    /* 132E  is L9 <- L0 is L8 */
    0x0001094B,                /* 1330  jf L9, +1 */
    0x00000102,                /* 1331  return L0 count=1 */
    0x00088141,                /* 1332  move L8 <- P1 */
    0x000800A2, 0x000C0001,    /* 1333  msg base=L8 argc=0 msg#12 nres=1   (mark) */
    0x00010841,                /* 1335  move L1 <- L8 */
    0x000800AE, 0x80000000,    /* 1336  iter L8 <- P0 */
    0x000500AF, 0x00080016,    /* 1338  itnext L5 <- L8, done +22 */
    0x00098141,                /* 133A  move L9 <- P1 */
    0x000900A2, 0x00030001,    /* 133B  msg base=L9 argc=0 msg#3 nres=1   (push) */
    0x00060941,                /* 133D  move L6 <- L9 */
    0x00270946,                /* 133E  lconst L9 <- static#39   ("error") */
    0x000A0097, 0x00060009,    /* 133F  is L10 <- L6 is L9 */
    0x00010A4B,                /* 1341  jf L10, +1 */
    0x00060102,                /* 1342  return L6 count=1 */
    0x00440942,                /* 1343  gget L9 <- g68   (emit_value) */
    0x000A0541,                /* 1344  move L10 <- L5 */
    0x000B8141,                /* 1345  move L11 <- P1 */
    0x000C0641,                /* 1346  move L12 <- L6 */
    0x000903A0, 0x00010000,    /* 1347  call base=L9 argc=3 nres=1 */
    0x00070941,                /* 1349  move L7 <- L9 */
    0x00270946,                /* 134A  lconst L9 <- static#39   ("error") */
    0x000A0097, 0x00070009,    /* 134B  is L10 <- L7 is L9 */
    0x00010A4B,                /* 134D  jf L10, +1 */
    0x00070102,                /* 134E  return L7 count=1 */
    0xFFE8004F,                /* 134F  jmp -24 */
    0x00020041,                /* 1350  move L2 <- L0 */
    0x00DA0842,                /* 1351  gget L8 <- g218   (len) */
    0x00098041,                /* 1352  move L9 <- P0 */
    0x000801A0, 0x00010000,    /* 1353  call base=L8 argc=1 nres=1 */
    0x00090040,                /* 1355  i8 L9 <- 0 */
    0x000A0093, 0x00080009,    /* 1356  gt L10 <- L8 > L9 */
    0x00050A4B,                /* 1358  jf L10, +5 */
    0x005C0842,                /* 1359  gget L8 <- g92   (L) */
    0x00090141,                /* 135A  move L9 <- L1 */
    0x000801A0, 0x00010000,    /* 135B  call base=L8 argc=1 nres=1 */
    0x00020841,                /* 135D  move L2 <- L8 */
    0x00070842,                /* 135E  gget L8 <- g7   (_emit_pack) */
    0x000B8141,                /* 135F  move L11 <- P1 */
    0x000C8341,                /* 1360  move L12 <- P3 */
    0x000D0281, 0x000B0000,    /* 1361  tuple L13 <- L11, 2 items */
    0x00090D41,                /* 1363  move L9 <- L13 */
    0x002E0B46,                /* 1364  lconst L11 <- static#46   ("a0") */
    0x000C0041,                /* 1365  move L12 <- L0 */
    0x002F0D46,                /* 1366  lconst L13 <- static#47   ("a1") */
    0x000E0241,                /* 1367  move L14 <- L2 */
    0x002D0F46,                /* 1368  lconst L15 <- static#45   ("f") */
    0x00DA1042,                /* 1369  gget L16 <- g218   (len) */
    0x00118041,                /* 136A  move L17 <- P0 */
    0x001001A0, 0x00010000,    /* 136B  call base=L16 argc=1 nres=1 */
    0x00110383, 0x000B0000,    /* 136D  dict L17 <- L11, 3 pairs */
    0x000A1141,                /* 136F  move L10 <- L17 */
    0x000800A1, 0x00010000,    /* 1370  call_va base=L8 nres=1 */
    0x00030841,                /* 1372  move L3 <- L8 */
    0x00270846,                /* 1373  lconst L8 <- static#39   ("error") */
    0x00090097, 0x00030008,    /* 1374  is L9 <- L3 is L8 */
    0x0001094B,                /* 1376  jf L9, +1 */
    0x00030102,                /* 1377  return L3 count=1 */
    0x00088141,                /* 1378  move L8 <- P1 */
    0x00090141,                /* 1379  move L9 <- L1 */
    0x000801A2, 0x000D0001,    /* 137A  msg base=L8 argc=1 msg#13 nres=1   (free_to) */
    0x00040841,                /* 137C  move L4 <- L8 */
    0x00270846,                /* 137D  lconst L8 <- static#39   ("error") */
    0x00090097, 0x00040008,    /* 137E  is L9 <- L4 is L8 */
    0x0001094B,                /* 1380  jf L9, +1 */
    0x00040102,                /* 1381  return L4 count=1 */
    0x00000102,                /* 1382  return L0 count=1 */
    0x00210F46,                /* 1383  lconst L15 <- static#33   ("sym") */
    0x00100097, 0x8000000F,    /* 1384  is L16 <- P0 is L15 */
    0x0029104B,                /* 1386  jf L16, +41 */
    0x0010009A, 0x80010019,    /* 1387  getattr L16 <- P1.sym#25   ("module") */
    0x000F009A, 0x0010001A,    /* 1389  getattr L15 <- L16.sym#26   ("image") */
    0x00D91042,                /* 138B  gget L16 <- g217   (str) */
    0x00118041,                /* 138C  move L17 <- P0 */
    0x001001A0, 0x00010000,    /* 138D  call base=L16 argc=1 nres=1 */
    0x000F01A2, 0x00050001,    /* 138F  msg base=L15 argc=1 msg#5 nres=1   (add_symbol) */
    0x00000F41,                /* 1391  move L0 <- L15 */
    0x00270F46,                /* 1392  lconst L15 <- static#39   ("error") */
    0x00100097, 0x0000000F,    /* 1393  is L16 <- L0 is L15 */
    0x0001104B,                /* 1395  jf L16, +1 */
    0x00000102,                /* 1396  return L0 count=1 */
    0x000A0F42,                /* 1397  gget L15 <- g10   (_target) */
    0x00108141,                /* 1398  move L16 <- P1 */
    0x00118241,                /* 1399  move L17 <- P2 */
    0x000F02A0, 0x00010000,    /* 139A  call base=L15 argc=2 nres=1 */
    0x00010F41,                /* 139C  move L1 <- L15 */
    0x00270F46,                /* 139D  lconst L15 <- static#39   ("error") */
    0x00100097, 0x0001000F,    /* 139E  is L16 <- L1 is L15 */
    0x0001104B,                /* 13A0  jf L16, +1 */
    0x00010102,                /* 13A1  return L1 count=1 */
    0x00080F42,                /* 13A2  gget L15 <- g8   (_emit_pairable) */
    0x00108141,                /* 13A3  move L16 <- P1 */
    0x001F1145,                /* 13A4  lsym L17 <- sym#31   ("lsym") */
    0x00120041,                /* 13A5  move L18 <- L0 */
    0x00130141,                /* 13A6  move L19 <- L1 */
    0x000F04A0, 0x00010000,    /* 13A7  call base=L15 argc=4 nres=1 */
    0x00020F41,                /* 13A9  move L2 <- L15 */
    0x00270F46,                /* 13AA  lconst L15 <- static#39   ("error") */
    0x00100097, 0x0002000F,    /* 13AB  is L16 <- L2 is L15 */
    0x0001104B,                /* 13AD  jf L16, +1 */
    0x00020102,                /* 13AE  return L2 count=1 */
    0x00010102,                /* 13AF  return L1 count=1 */
    0x001B0F46,                /* 13B0  lconst L15 <- static#27   ("nil") */
    0x00100097, 0x8000000F,    /* 13B1  is L16 <- P0 is L15 */
    0x001F104B,                /* 13B3  jf L16, +31 */
    0x000A0F42,                /* 13B4  gget L15 <- g10   (_target) */
    0x00108141,                /* 13B5  move L16 <- P1 */
    0x00118241,                /* 13B6  move L17 <- P2 */
    0x000F02A0, 0x00010000,    /* 13B7  call base=L15 argc=2 nres=1 */
    0x00030F41,                /* 13B9  move L3 <- L15 */
    0x00270F46,                /* 13BA  lconst L15 <- static#39   ("error") */
    0x00100097, 0x0003000F,    /* 13BB  is L16 <- L3 is L15 */
    0x0001104B,                /* 13BD  jf L16, +1 */
    0x00030102,                /* 13BE  return L3 count=1 */
    0x00070F42,                /* 13BF  gget L15 <- g7   (_emit_pack) */
    0x00128141,                /* 13C0  move L18 <- P1 */
    0x002D1345,                /* 13C1  lsym L19 <- sym#45   ("lnil") */
    0x00140281, 0x00120000,    /* 13C2  tuple L20 <- L18, 2 items */
    0x00101441,                /* 13C4  move L16 <- L20 */
    0x002E1246,                /* 13C5  lconst L18 <- static#46   ("a0") */
    0x00130341,                /* 13C6  move L19 <- L3 */
    0x00140183, 0x00120000,    /* 13C7  dict L20 <- L18, 1 pairs */
    0x00111441,                /* 13C9  move L17 <- L20 */
    0x000F00A1, 0x00010000,    /* 13CA  call_va base=L15 nres=1 */
    0x00040F41,                /* 13CC  move L4 <- L15 */
    0x00270F46,                /* 13CD  lconst L15 <- static#39   ("error") */
    0x00100097, 0x0004000F,    /* 13CE  is L16 <- L4 is L15 */
    0x0001104B,                /* 13D0  jf L16, +1 */
    0x00040102,                /* 13D1  return L4 count=1 */
    0x00030102,                /* 13D2  return L3 count=1 */
    0x001C0F46,                /* 13D3  lconst L15 <- static#28   ("bool") */
    0x00100097, 0x8000000F,    /* 13D4  is L16 <- P0 is L15 */
    0x0007104B,                /* 13D6  jf L16, +7 */
    0x000F0F42,                /* 13D7  gget L15 <- g15   (_bool_lit) */
    0x00108041,                /* 13D8  move L16 <- P0 */
    0x00118141,                /* 13D9  move L17 <- P1 */
    0x00128241,                /* 13DA  move L18 <- P2 */
    0x000F03A0, 0x00010000,    /* 13DB  call base=L15 argc=3 nres=1 */
    0x000F0102,                /* 13DD  return L15 count=1 */
    0x001D0F46,                /* 13DE  lconst L15 <- static#29   ("int") */
    0x00100097, 0x8000000F,    /* 13DF  is L16 <- P0 is L15 */
    0x0030104B,                /* 13E1  jf L16, +48 */
    0x00461042,                /* 13E2  gget L16 <- g70   (INT32_MIN) */
    0x000F0091, 0x80000010,    /* 13E3  lt L15 <- P0 < L16 */
    0x00030F4C,                /* 13E5  jt L15, +3 */
    0x00471042,                /* 13E6  gget L16 <- g71   (INT32_MAX) */
    0x000F0093, 0x80000010,    /* 13E7  gt L15 <- P0 > L16 */
    0x000F0F4B,                /* 13E9  jf L15, +15 */
    0x00D50F42,                /* 13EA  gget L15 <- g213   (error) */
    0x00511046,                /* 13EB  lconst L16 <- static#81   ("integer ") */
    0x00D91142,                /* 13EC  gget L17 <- g217   (str) */
    0x00128041,                /* 13ED  move L18 <- P0 */
    0x001101A0, 0x00010000,    /* 13EE  call base=L17 argc=1 nres=1 */
    0x00120085, 0x00100011,    /* 13F0  add L18 <- L16 + L17 */
    0x00521346,                /* 13F2  lconst L19 <- static#82   (" in a tree does not fit in an i32") */
    0x00140085, 0x00120013,    /* 13F3  add L20 <- L18 + L19 */
    0x00101441,                /* 13F5  move L16 <- L20 */
    0x000F01A0, 0x00010000,    /* 13F6  call base=L15 argc=1 nres=1 */
    0x000F0102,                /* 13F8  return L15 count=1 */
    0x000A0F42,                /* 13F9  gget L15 <- g10   (_target) */
    0x00108141,                /* 13FA  move L16 <- P1 */
    0x00118241,                /* 13FB  move L17 <- P2 */
    0x000F02A0, 0x00010000,    /* 13FC  call base=L15 argc=2 nres=1 */
    0x00050F41,                /* 13FE  move L5 <- L15 */
    0x00270F46,                /* 13FF  lconst L15 <- static#39   ("error") */
    0x00100097, 0x0005000F,    /* 1400  is L16 <- L5 is L15 */
    0x0001104B,                /* 1402  jf L16, +1 */
    0x00050102,                /* 1403  return L5 count=1 */
    0x00080F42,                /* 1404  gget L15 <- g8   (_emit_pairable) */
    0x00108141,                /* 1405  move L16 <- P1 */
    0x001D1145,                /* 1406  lsym L17 <- sym#29   ("i8") */
    0x00120541,                /* 1407  move L18 <- L5 */
    0x00138041,                /* 1408  move L19 <- P0 */
    0x000F04A0, 0x00010000,    /* 1409  call base=L15 argc=4 nres=1 */
    0x00060F41,                /* 140B  move L6 <- L15 */
    0x00270F46,                /* 140C  lconst L15 <- static#39   ("error") */
    0x00100097, 0x0006000F,    /* 140D  is L16 <- L6 is L15 */
    0x0001104B,                /* 140F  jf L16, +1 */
    0x00060102,                /* 1410  return L6 count=1 */
    0x00050102,                /* 1411  return L5 count=1 */
    0x001F0F46,                /* 1412  lconst L15 <- static#31   ("float") */
    0x00100097, 0x8000000F,    /* 1413  is L16 <- P0 is L15 */
    0x0026104B,                /* 1415  jf L16, +38 */
    0x000A0F42,                /* 1416  gget L15 <- g10   (_target) */
    0x00108141,                /* 1417  move L16 <- P1 */
    0x00118241,                /* 1418  move L17 <- P2 */
    0x000F02A0, 0x00010000,    /* 1419  call base=L15 argc=2 nres=1 */
    0x00070F41,                /* 141B  move L7 <- L15 */
    0x00270F46,                /* 141C  lconst L15 <- static#39   ("error") */
    0x00100097, 0x0007000F,    /* 141D  is L16 <- L7 is L15 */
    0x0001104B,                /* 141F  jf L16, +1 */
    0x00070102,                /* 1420  return L7 count=1 */
    0x00060F42,                /* 1421  gget L15 <- g6   (_f32_bits) */
    0x00108041,                /* 1422  move L16 <- P0 */
    0x000F01A0, 0x00010000,    /* 1423  call base=L15 argc=1 nres=1 */
    0x00080F41,                /* 1425  move L8 <- L15 */
    0x00070F42,                /* 1426  gget L15 <- g7   (_emit_pack) */
    0x00128141,                /* 1427  move L18 <- P1 */
    0x001C1345,                /* 1428  lsym L19 <- sym#28   ("f32") */
    0x00140281, 0x00120000,    /* 1429  tuple L20 <- L18, 2 items */
    0x00101441,                /* 142B  move L16 <- L20 */
    0x002E1246,                /* 142C  lconst L18 <- static#46   ("a0") */
    0x00130741,                /* 142D  move L19 <- L7 */
    0x00311446,                /* 142E  lconst L20 <- static#49   ("w1") */
    0x00150841,                /* 142F  move L21 <- L8 */
    0x00160283, 0x00120000,    /* 1430  dict L22 <- L18, 2 pairs */
    0x00111641,                /* 1432  move L17 <- L22 */
    0x000F00A1, 0x00010000,    /* 1433  call_va base=L15 nres=1 */
    0x00090F41,                /* 1435  move L9 <- L15 */
    0x00270F46,                /* 1436  lconst L15 <- static#39   ("error") */
    0x00100097, 0x0009000F,    /* 1437  is L16 <- L9 is L15 */
    0x0001104B,                /* 1439  jf L16, +1 */
    0x00090102,                /* 143A  return L9 count=1 */
    0x00070102,                /* 143B  return L7 count=1 */
    0x00200F46,                /* 143C  lconst L15 <- static#32   ("str") */
    0x00100097, 0x8000000F,    /* 143D  is L16 <- P0 is L15 */
    0x0026104B,                /* 143F  jf L16, +38 */
    0x0010009A, 0x80010019,    /* 1440  getattr L16 <- P1.sym#25   ("module") */
    0x000F009A, 0x0010001A,    /* 1442  getattr L15 <- L16.sym#26   ("image") */
    0x00108041,                /* 1444  move L16 <- P0 */
    0x000F01A2, 0x00040001,    /* 1445  msg base=L15 argc=1 msg#4 nres=1   (add_static) */
    0x000A0F41,                /* 1447  move L10 <- L15 */
    0x00270F46,                /* 1448  lconst L15 <- static#39   ("error") */
    0x00100097, 0x000A000F,    /* 1449  is L16 <- L10 is L15 */
    0x0001104B,                /* 144B  jf L16, +1 */
    0x000A0102,                /* 144C  return L10 count=1 */
    0x000A0F42,                /* 144D  gget L15 <- g10   (_target) */
    0x00108141,                /* 144E  move L16 <- P1 */
    0x00118241,                /* 144F  move L17 <- P2 */
    0x000F02A0, 0x00010000,    /* 1450  call base=L15 argc=2 nres=1 */
    0x000B0F41,                /* 1452  move L11 <- L15 */
    0x00270F46,                /* 1453  lconst L15 <- static#39   ("error") */
    0x00100097, 0x000B000F,    /* 1454  is L16 <- L11 is L15 */
    0x0001104B,                /* 1456  jf L16, +1 */
    0x000B0102,                /* 1457  return L11 count=1 */
    0x00080F42,                /* 1458  gget L15 <- g8   (_emit_pairable) */
    0x00108141,                /* 1459  move L16 <- P1 */
    0x001B1145,                /* 145A  lsym L17 <- sym#27   ("lconst") */
    0x00120A41,                /* 145B  move L18 <- L10 */
    0x00130B41,                /* 145C  move L19 <- L11 */
    0x000F04A0, 0x00010000,    /* 145D  call base=L15 argc=4 nres=1 */
    0x000C0F41,                /* 145F  move L12 <- L15 */
    0x00270F46,                /* 1460  lconst L15 <- static#39   ("error") */
    0x00100097, 0x000C000F,    /* 1461  is L16 <- L12 is L15 */
    0x0001104B,                /* 1463  jf L16, +1 */
    0x000C0102,                /* 1464  return L12 count=1 */
    0x000B0102,                /* 1465  return L11 count=1 */
    0x00220F46,                /* 1466  lconst L15 <- static#34   ("list") */
    0x00100097, 0x8000000F,    /* 1467  is L16 <- P0 is L15 */
    0x0008104B,                /* 1469  jf L16, +8 */
    0x00430F42,                /* 146A  gget L15 <- g67   (_emit_sequence) */
    0x00108041,                /* 146B  move L16 <- P0 */
    0x00118141,                /* 146C  move L17 <- P1 */
    0x00128241,                /* 146D  move L18 <- P2 */
    0x00411345,                /* 146E  lsym L19 <- sym#65   ("list") */
    0x000F04A0, 0x00010000,    /* 146F  call base=L15 argc=4 nres=1 */
    0x000F0102,                /* 1471  return L15 count=1 */
    0x00260F46,                /* 1472  lconst L15 <- static#38   ("pair") */
    0x00100097, 0x8000000F,    /* 1473  is L16 <- P0 is L15 */
    0x0026104B,                /* 1475  jf L16, +38 */
    0x000D0082, 0x000F0000,    /* 1476  list L13 <- L15, 0 items */
    0x000E8041,                /* 1478  move L14 <- P0 */
    0x00260F46,                /* 1479  lconst L15 <- static#38   ("pair") */
    0x00100097, 0x000E000F,    /* 147A  is L16 <- L14 is L15 */
    0x000D104B,                /* 147C  jf L16, +13 */
    0x000F0D41,                /* 147D  move L15 <- L13 */
    0x00D71042,                /* 147E  gget L16 <- g215   (car) */
    0x00110E41,                /* 147F  move L17 <- L14 */
    0x001001A0, 0x00010000,    /* 1480  call base=L16 argc=1 nres=1 */
    0x000F01A2, 0x00110001,    /* 1482  msg base=L15 argc=1 msg#17 nres=1   (append) */
    0x00D60F42,                /* 1484  gget L15 <- g214   (cdr) */
    0x00100E41,                /* 1485  move L16 <- L14 */
    0x000F01A0, 0x00010000,    /* 1486  call base=L15 argc=1 nres=1 */
    0x000E0F41,                /* 1488  move L14 <- L15 */
    0xFFEF004F,                /* 1489  jmp -17 */
    0x001B0F46,                /* 148A  lconst L15 <- static#27   ("nil") */
    0x00100097, 0x000E000F,    /* 148B  is L16 <- L14 is L15 */
    0x0011104A,                /* 148D  not L17 <- L16 */
    0x0005114B,                /* 148E  jf L17, +5 */
    0x00D50F42,                /* 148F  gget L15 <- g213   (error) */
    0x00531046,                /* 1490  lconst L16 <- static#83   ("a pair with an improper tail has no bytecode form; only proper pair lists do") */
    0x000F01A0, 0x00010000,    /* 1491  call base=L15 argc=1 nres=1 */
    0x000F0102,                /* 1493  return L15 count=1 */
    0x00430F42,                /* 1494  gget L15 <- g67   (_emit_sequence) */
    0x00100D41,                /* 1495  move L16 <- L13 */
    0x00118141,                /* 1496  move L17 <- P1 */
    0x00128241,                /* 1497  move L18 <- P2 */
    0x00421345,                /* 1498  lsym L19 <- sym#66   ("plist") */
    0x000F04A0, 0x00010000,    /* 1499  call base=L15 argc=4 nres=1 */
    0x000F0102,                /* 149B  return L15 count=1 */
    0x00D50F42,                /* 149C  gget L15 <- g213   (error) */
    0x00541046,                /* 149D  lconst L16 <- static#84   ("value has no bytecode form; a tree can only hold symbols, strings, numbers, bools, nil, lists and pair lists") */
    0x000F01A0, 0x00010000,    /* 149E  call base=L15 argc=1 nres=1 */
    0x000F0102,                /* 14A0  return L15 count=1 */
    0x00210346,                /* 14A1  lconst L3 <- static#33   ("sym") */
    0x00040097, 0x80000003,    /* 14A2  is L4 <- P0 is L3 */
    0x0007044B,                /* 14A4  jf L4, +7 */
    0x00150342,                /* 14A5  gget L3 <- g21   (_bare_symbol) */
    0x00048041,                /* 14A6  move L4 <- P0 */
    0x00058141,                /* 14A7  move L5 <- P1 */
    0x00068241,                /* 14A8  move L6 <- P2 */
    0x000303A0, 0x00010000,    /* 14A9  call base=L3 argc=3 nres=1 */
    0x00030102,                /* 14AB  return L3 count=1 */
    0x00260346,                /* 14AC  lconst L3 <- static#38   ("pair") */
    0x00040097, 0x80000003,    /* 14AD  is L4 <- P0 is L3 */
    0x0005044A,                /* 14AF  not L5 <- L4 */
    0x000C054B,                /* 14B0  jf L5, +12 */
    0x00D50342,                /* 14B1  gget L3 <- g213   (error) */
    0x00550446,                /* 14B2  lconst L4 <- static#85   ("not an expression: ") */
    0x00D90542,                /* 14B3  gget L5 <- g217   (str) */
    0x00068041,                /* 14B4  move L6 <- P0 */
    0x000501A0, 0x00010000,    /* 14B5  call base=L5 argc=1 nres=1 */
    0x00060085, 0x00040005,    /* 14B7  add L6 <- L4 + L5 */
    0x00040641,                /* 14B9  move L4 <- L6 */
    0x000301A0, 0x00010000,    /* 14BA  call base=L3 argc=1 nres=1 */
    0x00030102,                /* 14BC  return L3 count=1 */
    0x00BA0342,                /* 14BD  gget L3 <- g186   (node_kind) */
    0x00048041,                /* 14BE  move L4 <- P0 */
    0x000301A0, 0x00010000,    /* 14BF  call base=L3 argc=1 nres=1 */
    0x00000341,                /* 14C1  move L0 <- L3 */
    0x001B0346,                /* 14C2  lconst L3 <- static#27   ("nil") */
    0x00040097, 0x00000003,    /* 14C3  is L4 <- L0 is L3 */
    0x000C044B,                /* 14C5  jf L4, +12 */
    0x00D50342,                /* 14C6  gget L3 <- g213   (error) */
    0x00550446,                /* 14C7  lconst L4 <- static#85   ("not an expression: ") */
    0x00D90542,                /* 14C8  gget L5 <- g217   (str) */
    0x00068041,                /* 14C9  move L6 <- P0 */
    0x000501A0, 0x00010000,    /* 14CA  call base=L5 argc=1 nres=1 */
    0x00060085, 0x00040005,    /* 14CC  add L6 <- L4 + L5 */
    0x00040641,                /* 14CE  move L4 <- L6 */
    0x000301A0, 0x00010000,    /* 14CF  call base=L3 argc=1 nres=1 */
    0x00030102,                /* 14D1  return L3 count=1 */
    0x00D90342,                /* 14D2  gget L3 <- g217   (str) */
    0x00040041,                /* 14D3  move L4 <- L0 */
    0x000301A0, 0x00010000,    /* 14D4  call base=L3 argc=1 nres=1 */
    0x00010341,                /* 14D6  move L1 <- L3 */
    0x00200346,                /* 14D7  lconst L3 <- static#32   ("str") */
    0x0004008F, 0x00010003,    /* 14D8  eq L4 <- L1 == L3 */
    0x0008044B,                /* 14DA  jf L4, +8 */
    0x000B0342,                /* 14DB  gget L3 <- g11   (_string) */
    0x00048041,                /* 14DC  move L4 <- P0 */
    0x00058141,                /* 14DD  move L5 <- P1 */
    0x00068241,                /* 14DE  move L6 <- P2 */
    0x000303A0, 0x00010000,    /* 14DF  call base=L3 argc=3 nres=1 */
    0x00030102,                /* 14E1  return L3 count=1 */
    0x01C3004F,                /* 14E2  jmp +451 */
    0x001D0446,                /* 14E3  lconst L4 <- static#29   ("int") */
    0x0003008F, 0x00010004,    /* 14E4  eq L3 <- L1 == L4 */
    0x0003034C,                /* 14E6  jt L3, +3 */
    0x001F0446,                /* 14E7  lconst L4 <- static#31   ("float") */
    0x0003008F, 0x00010004,    /* 14E8  eq L3 <- L1 == L4 */
    0x0008034B,                /* 14EA  jf L3, +8 */
    0x000C0342,                /* 14EB  gget L3 <- g12   (_number) */
    0x00048041,                /* 14EC  move L4 <- P0 */
    0x00058141,                /* 14ED  move L5 <- P1 */
    0x00068241,                /* 14EE  move L6 <- P2 */
    0x000303A0, 0x00010000,    /* 14EF  call base=L3 argc=3 nres=1 */
    0x00030102,                /* 14F1  return L3 count=1 */
    0x01B3004F,                /* 14F2  jmp +435 */
    0x00560346,                /* 14F3  lconst L3 <- static#86   ("char") */
    0x0004008F, 0x00010003,    /* 14F4  eq L4 <- L1 == L3 */
    0x0008044B,                /* 14F6  jf L4, +8 */
    0x000D0342,                /* 14F7  gget L3 <- g13   (_char_lit) */
    0x00048041,                /* 14F8  move L4 <- P0 */
    0x00058141,                /* 14F9  move L5 <- P1 */
    0x00068241,                /* 14FA  move L6 <- P2 */
    0x000303A0, 0x00010000,    /* 14FB  call base=L3 argc=3 nres=1 */
    0x00030102,                /* 14FD  return L3 count=1 */
    0x01A7004F,                /* 14FE  jmp +423 */
    0x00210346,                /* 14FF  lconst L3 <- static#33   ("sym") */
    0x0004008F, 0x00010003,    /* 1500  eq L4 <- L1 == L3 */
    0x0008044B,                /* 1502  jf L4, +8 */
    0x000E0342,                /* 1503  gget L3 <- g14   (_symbol_lit) */
    0x00048041,                /* 1504  move L4 <- P0 */
    0x00058141,                /* 1505  move L5 <- P1 */
    0x00068241,                /* 1506  move L6 <- P2 */
    0x000303A0, 0x00010000,    /* 1507  call base=L3 argc=3 nres=1 */
    0x00030102,                /* 1509  return L3 count=1 */
    0x019B004F,                /* 150A  jmp +411 */
    0x001B0346,                /* 150B  lconst L3 <- static#27   ("nil") */
    0x0004008F, 0x00010003,    /* 150C  eq L4 <- L1 == L3 */
    0x0007044B,                /* 150E  jf L4, +7 */
    0x00130342,                /* 150F  gget L3 <- g19   (_nil_lit) */
    0x00048141,                /* 1510  move L4 <- P1 */
    0x00058241,                /* 1511  move L5 <- P2 */
    0x000302A0, 0x00010000,    /* 1512  call base=L3 argc=2 nres=1 */
    0x00030102,                /* 1514  return L3 count=1 */
    0x0190004F,                /* 1515  jmp +400 */
    0x00570346,                /* 1516  lconst L3 <- static#87   ("true") */
    0x0004008F, 0x00010003,    /* 1517  eq L4 <- L1 == L3 */
    0x0008044B,                /* 1519  jf L4, +8 */
    0x000F0342,                /* 151A  gget L3 <- g15   (_bool_lit) */
    0x00040104,                /* 151B  lbool L4 <- 1 */
    0x00058141,                /* 151C  move L5 <- P1 */
    0x00068241,                /* 151D  move L6 <- P2 */
    0x000303A0, 0x00010000,    /* 151E  call base=L3 argc=3 nres=1 */
    0x00030102,                /* 1520  return L3 count=1 */
    0x0184004F,                /* 1521  jmp +388 */
    0x00580346,                /* 1522  lconst L3 <- static#88   ("false") */
    0x0004008F, 0x00010003,    /* 1523  eq L4 <- L1 == L3 */
    0x0008044B,                /* 1525  jf L4, +8 */
    0x000F0342,                /* 1526  gget L3 <- g15   (_bool_lit) */
    0x00040004,                /* 1527  lbool L4 <- 0 */
    0x00058141,                /* 1528  move L5 <- P1 */
    0x00068241,                /* 1529  move L6 <- P2 */
    0x000303A0, 0x00010000,    /* 152A  call base=L3 argc=3 nres=1 */
    0x00030102,                /* 152C  return L3 count=1 */
    0x0178004F,                /* 152D  jmp +376 */
    0x00590446,                /* 152E  lconst L4 <- static#89   ("break") */
    0x0003008F, 0x00010004,    /* 152F  eq L3 <- L1 == L4 */
    0x0007034C,                /* 1531  jt L3, +7 */
    0x005A0446,                /* 1532  lconst L4 <- static#90   ("continue") */
    0x0003008F, 0x00010004,    /* 1533  eq L3 <- L1 == L4 */
    0x0003034C,                /* 1535  jt L3, +3 */
    0x005B0446,                /* 1536  lconst L4 <- static#91   ("pass") */
    0x0003008F, 0x00010004,    /* 1537  eq L3 <- L1 == L4 */
    0x0009034B,                /* 1539  jf L3, +9 */
    0x00D50342,                /* 153A  gget L3 <- g213   (error) */
    0x005C0446,                /* 153B  lconst L4 <- static#92   (" is not an expression") */
    0x00050085, 0x00010004,    /* 153C  add L5 <- L1 + L4 */
    0x00040541,                /* 153E  move L4 <- L5 */
    0x000301A0, 0x00010000,    /* 153F  call base=L3 argc=1 nres=1 */
    0x00030102,                /* 1541  return L3 count=1 */
    0x0163004F,                /* 1542  jmp +355 */
    0x005D0346,                /* 1543  lconst L3 <- static#93   ("not") */
    0x0004008F, 0x00010003,    /* 1544  eq L4 <- L1 == L3 */
    0x0009044B,                /* 1546  jf L4, +9 */
    0x00160342,                /* 1547  gget L3 <- g22   (_unary) */
    0x00048041,                /* 1548  move L4 <- P0 */
    0x00058141,                /* 1549  move L5 <- P1 */
    0x00068241,                /* 154A  move L6 <- P2 */
    0x005C0745,                /* 154B  lsym L7 <- sym#92   ("not") */
    0x000304A0, 0x00010000,    /* 154C  call base=L3 argc=4 nres=1 */
    0x00030102,                /* 154E  return L3 count=1 */
    0x0156004F,                /* 154F  jmp +342 */
    0x005E0346,                /* 1550  lconst L3 <- static#94   ("neg") */
    0x0004008F, 0x00010003,    /* 1551  eq L4 <- L1 == L3 */
    0x0009044B,                /* 1553  jf L4, +9 */
    0x00160342,                /* 1554  gget L3 <- g22   (_unary) */
    0x00048041,                /* 1555  move L4 <- P0 */
    0x00058141,                /* 1556  move L5 <- P1 */
    0x00068241,                /* 1557  move L6 <- P2 */
    0x005D0745,                /* 1558  lsym L7 <- sym#93   ("neg") */
    0x000304A0, 0x00010000,    /* 1559  call base=L3 argc=4 nres=1 */
    0x00030102,                /* 155B  return L3 count=1 */
    0x0149004F,                /* 155C  jmp +329 */
    0x005F0346,                /* 155D  lconst L3 <- static#95   ("~") */
    0x0004008F, 0x00010003,    /* 155E  eq L4 <- L1 == L3 */
    0x0009044B,                /* 1560  jf L4, +9 */
    0x00160342,                /* 1561  gget L3 <- g22   (_unary) */
    0x00048041,                /* 1562  move L4 <- P0 */
    0x00058141,                /* 1563  move L5 <- P1 */
    0x00068241,                /* 1564  move L6 <- P2 */
    0x005E0745,                /* 1565  lsym L7 <- sym#94   ("inv") */
    0x000304A0, 0x00010000,    /* 1566  call base=L3 argc=4 nres=1 */
    0x00030102,                /* 1568  return L3 count=1 */
    0x013C004F,                /* 1569  jmp +316 */
    0x00600346,                /* 156A  lconst L3 <- static#96   ("pos") */
    0x0004008F, 0x00010003,    /* 156B  eq L4 <- L1 == L3 */
    0x0008044B,                /* 156D  jf L4, +8 */
    0x00170342,                /* 156E  gget L3 <- g23   (_pos) */
    0x00048041,                /* 156F  move L4 <- P0 */
    0x00058141,                /* 1570  move L5 <- P1 */
    0x00068241,                /* 1571  move L6 <- P2 */
    0x000303A0, 0x00010000,    /* 1572  call base=L3 argc=3 nres=1 */
    0x00030102,                /* 1574  return L3 count=1 */
    0x0130004F,                /* 1575  jmp +304 */
    0x000D0346,                /* 1576  lconst L3 <- static#13   ("**") */
    0x0004008F, 0x00010003,    /* 1577  eq L4 <- L1 == L3 */
    0x0008044B,                /* 1579  jf L4, +8 */
    0x00190342,                /* 157A  gget L3 <- g25   (_exp) */
    0x00048041,                /* 157B  move L4 <- P0 */
    0x00058141,                /* 157C  move L5 <- P1 */
    0x00068241,                /* 157D  move L6 <- P2 */
    0x000303A0, 0x00010000,    /* 157E  call base=L3 argc=3 nres=1 */
    0x00030102,                /* 1580  return L3 count=1 */
    0x0124004F,                /* 1581  jmp +292 */
    0x00610346,                /* 1582  lconst L3 <- static#97   ("and") */
    0x0004008F, 0x00010003,    /* 1583  eq L4 <- L1 == L3 */
    0x0009044B,                /* 1585  jf L4, +9 */
    0x001B0342,                /* 1586  gget L3 <- g27   (_short_circuit) */
    0x00048041,                /* 1587  move L4 <- P0 */
    0x00058141,                /* 1588  move L5 <- P1 */
    0x00068241,                /* 1589  move L6 <- P2 */
    0x00070104,                /* 158A  lbool L7 <- 1 */
    0x000304A0, 0x00010000,    /* 158B  call base=L3 argc=4 nres=1 */
    0x00030102,                /* 158D  return L3 count=1 */
    0x0117004F,                /* 158E  jmp +279 */
    0x00620346,                /* 158F  lconst L3 <- static#98   ("or") */
    0x0004008F, 0x00010003,    /* 1590  eq L4 <- L1 == L3 */
    0x0009044B,                /* 1592  jf L4, +9 */
    0x001B0342,                /* 1593  gget L3 <- g27   (_short_circuit) */
    0x00048041,                /* 1594  move L4 <- P0 */
    0x00058141,                /* 1595  move L5 <- P1 */
    0x00068241,                /* 1596  move L6 <- P2 */
    0x00070004,                /* 1597  lbool L7 <- 0 */
    0x000304A0, 0x00010000,    /* 1598  call base=L3 argc=4 nres=1 */
    0x00030102,                /* 159A  return L3 count=1 */
    0x010A004F,                /* 159B  jmp +266 */
    0x001A0346,                /* 159C  lconst L3 <- static#26   ("in") */
    0x0004008F, 0x00010003,    /* 159D  eq L4 <- L1 == L3 */
    0x0008044B,                /* 159F  jf L4, +8 */
    0x001A0342,                /* 15A0  gget L3 <- g26   (_in_op) */
    0x00048041,                /* 15A1  move L4 <- P0 */
    0x00058141,                /* 15A2  move L5 <- P1 */
    0x00068241,                /* 15A3  move L6 <- P2 */
    0x000303A0, 0x00010000,    /* 15A4  call base=L3 argc=3 nres=1 */
    0x00030102,                /* 15A6  return L3 count=1 */
    0x00FE004F,                /* 15A7  jmp +254 */
    0x00630346,                /* 15A8  lconst L3 <- static#99   ("is") */
    0x0004008F, 0x00010003,    /* 15A9  eq L4 <- L1 == L3 */
    0x0008044B,                /* 15AB  jf L4, +8 */
    0x001F0342,                /* 15AC  gget L3 <- g31   (_type_check) */
    0x00048041,                /* 15AD  move L4 <- P0 */
    0x00058141,                /* 15AE  move L5 <- P1 */
    0x00068241,                /* 15AF  move L6 <- P2 */
    0x000303A0, 0x00010000,    /* 15B0  call base=L3 argc=3 nres=1 */
    0x00030102,                /* 15B2  return L3 count=1 */
    0x00F2004F,                /* 15B3  jmp +242 */
    0x007C0342,                /* 15B4  gget L3 <- g124   (BINARY_OPERATORS) */
    0x00040096, 0x00010003,    /* 15B5  in L4 <- L1 in L3 */
    0x0008044B,                /* 15B7  jf L4, +8 */
    0x00180342,                /* 15B8  gget L3 <- g24   (_binop) */
    0x00048041,                /* 15B9  move L4 <- P0 */
    0x00058141,                /* 15BA  move L5 <- P1 */
    0x00068241,                /* 15BB  move L6 <- P2 */
    0x000303A0, 0x00010000,    /* 15BC  call base=L3 argc=3 nres=1 */
    0x00030102,                /* 15BE  return L3 count=1 */
    0x00E6004F,                /* 15BF  jmp +230 */
    0x00640346,                /* 15C0  lconst L3 <- static#100   ("apply") */
    0x0004008F, 0x00010003,    /* 15C1  eq L4 <- L1 == L3 */
    0x001E044B,                /* 15C3  jf L4, +30 */
    0x00BA0342,                /* 15C4  gget L3 <- g186   (node_kind) */
    0x00030542,                /* 15C5  gget L5 <- g3   (_field) */
    0x00068041,                /* 15C6  move L6 <- P0 */
    0x00070140,                /* 15C7  i8 L7 <- 1 */
    0x000502A0, 0x00010000,    /* 15C8  call base=L5 argc=2 nres=1 */
    0x00040541,                /* 15CA  move L4 <- L5 */
    0x0001044E,                /* 15CB  jnerr L4, +1 */
    0x00040003,                /* 15CC  lnil L4 */
    0x000301A0, 0x00010000,    /* 15CD  call base=L3 argc=1 nres=1 */
    0x004F0445,                /* 15CF  lsym L4 <- sym#79   ("bind_msg") */
    0x0005008F, 0x00030004,    /* 15D0  eq L5 <- L3 == L4 */
    0x0007054B,                /* 15D2  jf L5, +7 */
    0x00380342,                /* 15D3  gget L3 <- g56   (_message) */
    0x00048041,                /* 15D4  move L4 <- P0 */
    0x00058141,                /* 15D5  move L5 <- P1 */
    0x00068241,                /* 15D6  move L6 <- P2 */
    0x000303A0, 0x00010000,    /* 15D7  call base=L3 argc=3 nres=1 */
    0x00030102,                /* 15D9  return L3 count=1 */
    0x00250342,                /* 15DA  gget L3 <- g37   (_call) */
    0x00048041,                /* 15DB  move L4 <- P0 */
    0x00058141,                /* 15DC  move L5 <- P1 */
    0x00068241,                /* 15DD  move L6 <- P2 */
    0x000303A0, 0x00010000,    /* 15DE  call base=L3 argc=3 nres=1 */
    0x00030102,                /* 15E0  return L3 count=1 */
    0x00C4004F,                /* 15E1  jmp +196 */
    0x00650346,                /* 15E2  lconst L3 <- static#101   ("bind_msg") */
    0x0004008F, 0x00010003,    /* 15E3  eq L4 <- L1 == L3 */
    0x0008044B,                /* 15E5  jf L4, +8 */
    0x00380342,                /* 15E6  gget L3 <- g56   (_message) */
    0x00048041,                /* 15E7  move L4 <- P0 */
    0x00058141,                /* 15E8  move L5 <- P1 */
    0x00068241,                /* 15E9  move L6 <- P2 */
    0x000303A0, 0x00010000,    /* 15EA  call base=L3 argc=3 nres=1 */
    0x00030102,                /* 15EC  return L3 count=1 */
    0x00B8004F,                /* 15ED  jmp +184 */
    0x00660346,                /* 15EE  lconst L3 <- static#102   ("array") */
    0x0004008F, 0x00010003,    /* 15EF  eq L4 <- L1 == L3 */
    0x0008044B,                /* 15F1  jf L4, +8 */
    0x00280342,                /* 15F2  gget L3 <- g40   (_array) */
    0x00048041,                /* 15F3  move L4 <- P0 */
    0x00058141,                /* 15F4  move L5 <- P1 */
    0x00068241,                /* 15F5  move L6 <- P2 */
    0x000303A0, 0x00010000,    /* 15F6  call base=L3 argc=3 nres=1 */
    0x00030102,                /* 15F8  return L3 count=1 */
    0x00AC004F,                /* 15F9  jmp +172 */
    0x00230346,                /* 15FA  lconst L3 <- static#35   ("tuple") */
    0x0004008F, 0x00010003,    /* 15FB  eq L4 <- L1 == L3 */
    0x0008044B,                /* 15FD  jf L4, +8 */
    0x00290342,                /* 15FE  gget L3 <- g41   (_tuple) */
    0x00048041,                /* 15FF  move L4 <- P0 */
    0x00058141,                /* 1600  move L5 <- P1 */
    0x00068241,                /* 1601  move L6 <- P2 */
    0x000303A0, 0x00010000,    /* 1602  call base=L3 argc=3 nres=1 */
    0x00030102,                /* 1604  return L3 count=1 */
    0x00A0004F,                /* 1605  jmp +160 */
    0x00220346,                /* 1606  lconst L3 <- static#34   ("list") */
    0x0004008F, 0x00010003,    /* 1607  eq L4 <- L1 == L3 */
    0x0008044B,                /* 1609  jf L4, +8 */
    0x002A0342,                /* 160A  gget L3 <- g42   (_plist) */
    0x00048041,                /* 160B  move L4 <- P0 */
    0x00058141,                /* 160C  move L5 <- P1 */
    0x00068241,                /* 160D  move L6 <- P2 */
    0x000303A0, 0x00010000,    /* 160E  call base=L3 argc=3 nres=1 */
    0x00030102,                /* 1610  return L3 count=1 */
    0x0094004F,                /* 1611  jmp +148 */
    0x00240346,                /* 1612  lconst L3 <- static#36   ("dict") */
    0x0004008F, 0x00010003,    /* 1613  eq L4 <- L1 == L3 */
    0x0008044B,                /* 1615  jf L4, +8 */
    0x002B0342,                /* 1616  gget L3 <- g43   (_dict) */
    0x00048041,                /* 1617  move L4 <- P0 */
    0x00058141,                /* 1618  move L5 <- P1 */
    0x00068241,                /* 1619  move L6 <- P2 */
    0x000303A0, 0x00010000,    /* 161A  call base=L3 argc=3 nres=1 */
    0x00030102,                /* 161C  return L3 count=1 */
    0x0088004F,                /* 161D  jmp +136 */
    0x00670346,                /* 161E  lconst L3 <- static#103   ("attr") */
    0x0004008F, 0x00010003,    /* 161F  eq L4 <- L1 == L3 */
    0x0008044B,                /* 1621  jf L4, +8 */
    0x002D0342,                /* 1622  gget L3 <- g45   (_attr) */
    0x00048041,                /* 1623  move L4 <- P0 */
    0x00058141,                /* 1624  move L5 <- P1 */
    0x00068241,                /* 1625  move L6 <- P2 */
    0x000303A0, 0x00010000,    /* 1626  call base=L3 argc=3 nres=1 */
    0x00030102,                /* 1628  return L3 count=1 */
    0x007C004F,                /* 1629  jmp +124 */
    0x00680346,                /* 162A  lconst L3 <- static#104   ("index") */
    0x0004008F, 0x00010003,    /* 162B  eq L4 <- L1 == L3 */
    0x0008044B,                /* 162D  jf L4, +8 */
    0x002E0342,                /* 162E  gget L3 <- g46   (_index) */
    0x00048041,                /* 162F  move L4 <- P0 */
    0x00058141,                /* 1630  move L5 <- P1 */
    0x00068241,                /* 1631  move L6 <- P2 */
    0x000303A0, 0x00010000,    /* 1632  call base=L3 argc=3 nres=1 */
    0x00030102,                /* 1634  return L3 count=1 */
    0x0070004F,                /* 1635  jmp +112 */
    0x00690446,                /* 1636  lconst L4 <- static#105   ("lambda") */
    0x0003008F, 0x00010004,    /* 1637  eq L3 <- L1 == L4 */
    0x0003034C,                /* 1639  jt L3, +3 */
    0x006A0446,                /* 163A  lconst L4 <- static#106   ("co_lambda") */
    0x0003008F, 0x00010004,    /* 163B  eq L3 <- L1 == L4 */
    0x0008034B,                /* 163D  jf L3, +8 */
    0x00310342,                /* 163E  gget L3 <- g49   (_lambda) */
    0x00048041,                /* 163F  move L4 <- P0 */
    0x00058141,                /* 1640  move L5 <- P1 */
    0x00068241,                /* 1641  move L6 <- P2 */
    0x000303A0, 0x00010000,    /* 1642  call base=L3 argc=3 nres=1 */
    0x00030102,                /* 1644  return L3 count=1 */
    0x0060004F,                /* 1645  jmp +96 */
    0x006B0346,                /* 1646  lconst L3 <- static#107   ("do") */
    0x0004008F, 0x00010003,    /* 1647  eq L4 <- L1 == L3 */
    0x0008044B,                /* 1649  jf L4, +8 */
    0x00320342,                /* 164A  gget L3 <- g50   (_do) */
    0x00048041,                /* 164B  move L4 <- P0 */
    0x00058141,                /* 164C  move L5 <- P1 */
    0x00068241,                /* 164D  move L6 <- P2 */
    0x000303A0, 0x00010000,    /* 164E  call base=L3 argc=3 nres=1 */
    0x00030102,                /* 1650  return L3 count=1 */
    0x0054004F,                /* 1651  jmp +84 */
    0x006C0346,                /* 1652  lconst L3 <- static#108   ("try") */
    0x0004008F, 0x00010003,    /* 1653  eq L4 <- L1 == L3 */
    0x0008044B,                /* 1655  jf L4, +8 */
    0x00330342,                /* 1656  gget L3 <- g51   (_try) */
    0x00048041,                /* 1657  move L4 <- P0 */
    0x00058141,                /* 1658  move L5 <- P1 */
    0x00068241,                /* 1659  move L6 <- P2 */
    0x000303A0, 0x00010000,    /* 165A  call base=L3 argc=3 nres=1 */
    0x00030102,                /* 165C  return L3 count=1 */
    0x0048004F,                /* 165D  jmp +72 */
    0x006D0346,                /* 165E  lconst L3 <- static#109   ("catch") */
    0x0004008F, 0x00010003,    /* 165F  eq L4 <- L1 == L3 */
    0x0008044B,                /* 1661  jf L4, +8 */
    0x00340342,                /* 1662  gget L3 <- g52   (_catch) */
    0x00048041,                /* 1663  move L4 <- P0 */
    0x00058141,                /* 1664  move L5 <- P1 */
    0x00068241,                /* 1665  move L6 <- P2 */
    0x000303A0, 0x00010000,    /* 1666  call base=L3 argc=3 nres=1 */
    0x00030102,                /* 1668  return L3 count=1 */
    0x003C004F,                /* 1669  jmp +60 */
    0x006E0346,                /* 166A  lconst L3 <- static#110   ("yield") */
    0x0004008F, 0x00010003,    /* 166B  eq L4 <- L1 == L3 */
    0x0008044B,                /* 166D  jf L4, +8 */
    0x003C0342,                /* 166E  gget L3 <- g60   (_yield) */
    0x00048041,                /* 166F  move L4 <- P0 */
    0x00058141,                /* 1670  move L5 <- P1 */
    0x00068241,                /* 1671  move L6 <- P2 */
    0x000303A0, 0x00010000,    /* 1672  call base=L3 argc=3 nres=1 */
    0x00030102,                /* 1674  return L3 count=1 */
    0x0030004F,                /* 1675  jmp +48 */
    0x006F0346,                /* 1676  lconst L3 <- static#111   ("cond") */
    0x0004008F, 0x00010003,    /* 1677  eq L4 <- L1 == L3 */
    0x0009044B,                /* 1679  jf L4, +9 */
    0x00CF0342,                /* 167A  gget L3 <- g207   (dispatch) */
    0x00C90442,                /* 167B  gget L4 <- g201   (EXPR_HANDLERS) */
    0x00058041,                /* 167C  move L5 <- P0 */
    0x00068141,                /* 167D  move L6 <- P1 */
    0x00078241,                /* 167E  move L7 <- P2 */
    0x000304A0, 0x00010000,    /* 167F  call base=L3 argc=4 nres=1 */
    0x00030102,                /* 1681  return L3 count=1 */
    0x0023004F,                /* 1682  jmp +35 */
    0x00700346,                /* 1683  lconst L3 <- static#112   ("yield_from") */
    0x0004008F, 0x00010003,    /* 1684  eq L4 <- L1 == L3 */
    0x0008044B,                /* 1686  jf L4, +8 */
    0x003D0342,                /* 1687  gget L3 <- g61   (_yield_from) */
    0x00048041,                /* 1688  move L4 <- P0 */
    0x00058141,                /* 1689  move L5 <- P1 */
    0x00068241,                /* 168A  move L6 <- P2 */
    0x000303A0, 0x00010000,    /* 168B  call base=L3 argc=3 nres=1 */
    0x00030102,                /* 168D  return L3 count=1 */
    0x0017004F,                /* 168E  jmp +23 */
    0x002A0346,                /* 168F  lconst L3 <- static#42   ("::") */
    0x0004008F, 0x00010003,    /* 1690  eq L4 <- L1 == L3 */
    0x0008044B,                /* 1692  jf L4, +8 */
    0x00390342,                /* 1693  gget L3 <- g57   (_scope) */
    0x00048041,                /* 1694  move L4 <- P0 */
    0x00058141,                /* 1695  move L5 <- P1 */
    0x00068241,                /* 1696  move L6 <- P2 */
    0x000303A0, 0x00010000,    /* 1697  call base=L3 argc=3 nres=1 */
    0x00030102,                /* 1699  return L3 count=1 */
    0x000B004F,                /* 169A  jmp +11 */
    0x00D50342,                /* 169B  gget L3 <- g213   (error) */
    0x00710446,                /* 169C  lconst L4 <- static#113   ("the bytecode compiler does not support '") */
    0x00050085, 0x00040001,    /* 169D  add L5 <- L4 + L1 */
    0x00720646,                /* 169F  lconst L6 <- static#114   ("' expressions yet") */
    0x00070085, 0x00050006,    /* 16A0  add L7 <- L5 + L6 */
    0x00040741,                /* 16A2  move L4 <- L7 */
    0x000301A0, 0x00010000,    /* 16A3  call base=L3 argc=1 nres=1 */
    0x00030102,                /* 16A5  return L3 count=1 */
    0x00020102,                /* 16A6  return L2 count=1 */
};

const wy_module_image expressions_image = {
    .name = "expressions",
    .sections = {
        [WY_SEC_HEADER] = { expressions_header, sizeof expressions_header },
        [WY_SEC_STATICS] = { expressions_statics, sizeof expressions_statics },
        [WY_SEC_SYMBOLS] = { expressions_symbols, sizeof expressions_symbols },
        [WY_SEC_FUNCTIONS] = { expressions_functions, sizeof expressions_functions },
        [WY_SEC_CLASSES] = { expressions_classes, sizeof expressions_classes },
        [WY_SEC_MESSAGES] = { expressions_messages, sizeof expressions_messages },
        [WY_SEC_CODE] = { (const uint8_t*) expressions_code, sizeof expressions_code },
        [WY_SEC_EXPORTS] = { expressions_exports, sizeof expressions_exports },
        [WY_SEC_FREE] = { expressions_free, sizeof expressions_free },
    },
};
