/* Generated from functions by wypoc's bytecode compiler. */

#include <stdint.h>
#include "wyrm/image.h"

static const uint8_t functions_header[] = {
    0x2B, 0x00, 0x00, 0x00, 0x02, 0x6E, 0x00, 0x0A, 0x00, 0x00, 0x00, 0x66,
    0x75, 0x6E, 0x63, 0x74, 0x69, 0x6F, 0x6E, 0x73, 0x00, 0x10, 0x76, 0x00,
    0x01, 0x00, 0x00, 0x00, 0x10, 0x67, 0x00, 0x38, 0x00, 0x00, 0x00, 0x10,
    0x6C, 0x00, 0x02, 0x00, 0x00, 0x00, 0x00,
};

static const uint8_t functions_statics[] = {
    0x13, 0x03, 0x00, 0x00, 0x02, 0x30, 0x00, 0x04, 0x00, 0x00, 0x00, 0x73,
    0x74, 0x64, 0x00, 0x02, 0x31, 0x00, 0x0B, 0x00, 0x00, 0x00, 0x73, 0x74,
    0x64, 0x3A, 0x3A, 0x70, 0x61, 0x69, 0x72, 0x73, 0x00, 0x02, 0x32, 0x00,
    0x05, 0x00, 0x00, 0x00, 0x77, 0x79, 0x72, 0x6D, 0x00, 0x02, 0x33, 0x00,
    0x0E, 0x00, 0x00, 0x00, 0x77, 0x79, 0x72, 0x6D, 0x3A, 0x3A, 0x6F, 0x70,
    0x63, 0x6F, 0x64, 0x65, 0x73, 0x00, 0x02, 0x34, 0x00, 0x0F, 0x00, 0x00,
    0x00, 0x77, 0x79, 0x72, 0x6D, 0x3A, 0x3A, 0x63, 0x6F, 0x6D, 0x70, 0x69,
    0x6C, 0x65, 0x72, 0x00, 0x02, 0x35, 0x00, 0x18, 0x00, 0x00, 0x00, 0x77,
    0x79, 0x72, 0x6D, 0x3A, 0x3A, 0x63, 0x6F, 0x6D, 0x70, 0x69, 0x6C, 0x65,
    0x72, 0x3A, 0x3A, 0x63, 0x6F, 0x6E, 0x74, 0x65, 0x78, 0x74, 0x00, 0x02,
    0x36, 0x00, 0x19, 0x00, 0x00, 0x00, 0x77, 0x79, 0x72, 0x6D, 0x3A, 0x3A,
    0x63, 0x6F, 0x6D, 0x70, 0x69, 0x6C, 0x65, 0x72, 0x3A, 0x3A, 0x61, 0x6E,
    0x61, 0x6C, 0x79, 0x73, 0x69, 0x73, 0x00, 0x02, 0x37, 0x00, 0x1C, 0x00,
    0x00, 0x00, 0x77, 0x79, 0x72, 0x6D, 0x3A, 0x3A, 0x63, 0x6F, 0x6D, 0x70,
    0x69, 0x6C, 0x65, 0x72, 0x3A, 0x3A, 0x65, 0x78, 0x70, 0x72, 0x65, 0x73,
    0x73, 0x69, 0x6F, 0x6E, 0x73, 0x00, 0x02, 0x38, 0x00, 0x1B, 0x00, 0x00,
    0x00, 0x77, 0x79, 0x72, 0x6D, 0x3A, 0x3A, 0x63, 0x6F, 0x6D, 0x70, 0x69,
    0x6C, 0x65, 0x72, 0x3A, 0x3A, 0x73, 0x74, 0x61, 0x74, 0x65, 0x6D, 0x65,
    0x6E, 0x74, 0x73, 0x00, 0x02, 0x39, 0x00, 0x05, 0x00, 0x00, 0x00, 0x70,
    0x61, 0x69, 0x72, 0x00, 0x02, 0x31, 0x30, 0x00, 0x13, 0x00, 0x00, 0x00,
    0x69, 0x6E, 0x64, 0x65, 0x78, 0x20, 0x6F, 0x75, 0x74, 0x20, 0x6F, 0x66,
    0x20, 0x72, 0x61, 0x6E, 0x67, 0x65, 0x00, 0x02, 0x31, 0x31, 0x00, 0x06,
    0x00, 0x00, 0x00, 0x65, 0x72, 0x72, 0x6F, 0x72, 0x00, 0x10, 0x31, 0x32,
    0x00, 0x00, 0x00, 0x00, 0x00, 0x0A, 0x31, 0x33, 0x00, 0x02, 0x31, 0x34,
    0x00, 0x02, 0x00, 0x00, 0x00, 0x66, 0x00, 0x02, 0x31, 0x35, 0x00, 0x03,
    0x00, 0x00, 0x00, 0x61, 0x30, 0x00, 0x02, 0x31, 0x36, 0x00, 0x03, 0x00,
    0x00, 0x00, 0x61, 0x31, 0x00, 0x02, 0x31, 0x37, 0x00, 0x03, 0x00, 0x00,
    0x00, 0x61, 0x32, 0x00, 0x02, 0x31, 0x38, 0x00, 0x03, 0x00, 0x00, 0x00,
    0x77, 0x31, 0x00, 0x08, 0x31, 0x39, 0x00, 0x00, 0x02, 0x32, 0x30, 0x00,
    0x04, 0x00, 0x00, 0x00, 0x6E, 0x69, 0x6C, 0x00, 0x02, 0x32, 0x31, 0x00,
    0x59, 0x00, 0x00, 0x00, 0x74, 0x68, 0x65, 0x20, 0x62, 0x79, 0x74, 0x65,
    0x63, 0x6F, 0x64, 0x65, 0x20, 0x63, 0x6F, 0x6D, 0x70, 0x69, 0x6C, 0x65,
    0x72, 0x20, 0x64, 0x6F, 0x65, 0x73, 0x20, 0x6E, 0x6F, 0x74, 0x20, 0x73,
    0x75, 0x70, 0x70, 0x6F, 0x72, 0x74, 0x20, 0x64, 0x69, 0x73, 0x70, 0x61,
    0x74, 0x63, 0x68, 0x20, 0x6F, 0x6E, 0x20, 0x61, 0x20, 0x63, 0x6C, 0x61,
    0x73, 0x73, 0x20, 0x74, 0x61, 0x72, 0x67, 0x65, 0x74, 0x20, 0x28, 0x60,
    0x66, 0x72, 0x61, 0x6D, 0x65, 0x20, 0x5B, 0x54, 0x5D, 0x20, 0x6E, 0x61,
    0x6D, 0x65, 0x60, 0x29, 0x20, 0x79, 0x65, 0x74, 0x00, 0x02, 0x32, 0x32,
    0x00, 0x0C, 0x00, 0x00, 0x00, 0x70, 0x61, 0x72, 0x61, 0x6D, 0x65, 0x74,
    0x65, 0x72, 0x20, 0x27, 0x00, 0x02, 0x32, 0x33, 0x00, 0x21, 0x00, 0x00,
    0x00, 0x27, 0x20, 0x66, 0x6F, 0x6C, 0x6C, 0x6F, 0x77, 0x73, 0x20, 0x61,
    0x20, 0x63, 0x6F, 0x6C, 0x6C, 0x65, 0x63, 0x74, 0x69, 0x6E, 0x67, 0x20,
    0x70, 0x61, 0x72, 0x61, 0x6D, 0x65, 0x74, 0x65, 0x72, 0x00, 0x02, 0x32,
    0x34, 0x00, 0x20, 0x00, 0x00, 0x00, 0x27, 0x3A, 0x20, 0x61, 0x20, 0x64,
    0x65, 0x66, 0x61, 0x75, 0x6C, 0x74, 0x20, 0x6D, 0x75, 0x73, 0x74, 0x20,
    0x62, 0x65, 0x20, 0x61, 0x20, 0x63, 0x6F, 0x6E, 0x73, 0x74, 0x61, 0x6E,
    0x74, 0x00, 0x02, 0x32, 0x35, 0x00, 0x04, 0x00, 0x00, 0x00, 0x73, 0x79,
    0x6D, 0x00, 0x02, 0x32, 0x36, 0x00, 0x0F, 0x00, 0x00, 0x00, 0x6E, 0x6F,
    0x74, 0x20, 0x61, 0x20, 0x63, 0x6F, 0x6E, 0x73, 0x74, 0x61, 0x6E, 0x74,
    0x00, 0x02, 0x32, 0x37, 0x00, 0x11, 0x00, 0x00, 0x00, 0x69, 0x6E, 0x74,
    0x65, 0x72, 0x6E, 0x61, 0x6C, 0x3A, 0x20, 0x63, 0x65, 0x6C, 0x6C, 0x20,
    0x27, 0x00, 0x02, 0x32, 0x38, 0x00, 0x16, 0x00, 0x00, 0x00, 0x27, 0x20,
    0x68, 0x61, 0x73, 0x20, 0x6E, 0x6F, 0x20, 0x72, 0x65, 0x67, 0x69, 0x73,
    0x74, 0x65, 0x72, 0x20, 0x69, 0x6E, 0x20, 0x00, 0x02, 0x32, 0x39, 0x00,
    0x0B, 0x00, 0x00, 0x00, 0x20, 0x64, 0x65, 0x63, 0x6C, 0x61, 0x72, 0x65,
    0x73, 0x20, 0x00, 0x02, 0x33, 0x30, 0x00, 0x2A, 0x00, 0x00, 0x00, 0x20,
    0x70, 0x61, 0x72, 0x61, 0x6D, 0x65, 0x74, 0x65, 0x72, 0x73, 0x2C, 0x20,
    0x6F, 0x76, 0x65, 0x72, 0x20, 0x74, 0x68, 0x65, 0x20, 0x31, 0x32, 0x38,
    0x2D, 0x70, 0x61, 0x72, 0x61, 0x6D, 0x65, 0x74, 0x65, 0x72, 0x20, 0x6C,
    0x69, 0x6D, 0x69, 0x74, 0x00, 0x02, 0x33, 0x31, 0x00, 0x08, 0x00, 0x00,
    0x00, 0x6E, 0x6C, 0x6F, 0x63, 0x61, 0x6C, 0x73, 0x00, 0x02, 0x33, 0x32,
    0x00, 0x09, 0x00, 0x00, 0x00, 0x6E, 0x72, 0x65, 0x73, 0x75, 0x6C, 0x74,
    0x73, 0x00, 0x02, 0x33, 0x33, 0x00, 0x05, 0x00, 0x00, 0x00, 0x75, 0x73,
    0x65, 0x73, 0x00, 0x02, 0x33, 0x34, 0x00, 0x03, 0x00, 0x00, 0x00, 0x3A,
    0x3A, 0x00, 0x02, 0x33, 0x35, 0x00, 0x08, 0x00, 0x00, 0x00, 0x3C, 0x64,
    0x65, 0x66, 0x65, 0x72, 0x3E, 0x00, 0x00,
};

static const uint8_t functions_symbols[] = {
    0xCC, 0x03, 0x00, 0x00, 0x02, 0x30, 0x00, 0x07, 0x00, 0x00, 0x00, 0x61,
    0x70, 0x70, 0x65, 0x6E, 0x64, 0x00, 0x02, 0x31, 0x00, 0x0B, 0x00, 0x00,
    0x00, 0x65, 0x6D, 0x69, 0x74, 0x5F, 0x77, 0x6F, 0x72, 0x64, 0x73, 0x00,
    0x02, 0x32, 0x00, 0x07, 0x00, 0x00, 0x00, 0x63, 0x6F, 0x5F, 0x64, 0x65,
    0x66, 0x00, 0x02, 0x33, 0x00, 0x0F, 0x00, 0x00, 0x00, 0x76, 0x61, 0x72,
    0x5F, 0x70, 0x6F, 0x73, 0x69, 0x74, 0x69, 0x6F, 0x6E, 0x61, 0x6C, 0x00,
    0x02, 0x34, 0x00, 0x0C, 0x00, 0x00, 0x00, 0x76, 0x61, 0x72, 0x5F, 0x6B,
    0x65, 0x79, 0x77, 0x6F, 0x72, 0x64, 0x00, 0x02, 0x35, 0x00, 0x0B, 0x00,
    0x00, 0x00, 0x61, 0x64, 0x64, 0x5F, 0x73, 0x74, 0x61, 0x74, 0x69, 0x63,
    0x00, 0x02, 0x36, 0x00, 0x06, 0x00, 0x00, 0x00, 0x69, 0x6D, 0x61, 0x67,
    0x65, 0x00, 0x02, 0x37, 0x00, 0x04, 0x00, 0x00, 0x00, 0x6E, 0x69, 0x6C,
    0x00, 0x02, 0x38, 0x00, 0x05, 0x00, 0x00, 0x00, 0x74, 0x72, 0x75, 0x65,
    0x00, 0x02, 0x39, 0x00, 0x06, 0x00, 0x00, 0x00, 0x66, 0x61, 0x6C, 0x73,
    0x65, 0x00, 0x02, 0x31, 0x30, 0x00, 0x04, 0x00, 0x00, 0x00, 0x73, 0x74,
    0x72, 0x00, 0x02, 0x31, 0x31, 0x00, 0x04, 0x00, 0x00, 0x00, 0x69, 0x6E,
    0x74, 0x00, 0x02, 0x31, 0x32, 0x00, 0x06, 0x00, 0x00, 0x00, 0x66, 0x6C,
    0x6F, 0x61, 0x74, 0x00, 0x02, 0x31, 0x33, 0x00, 0x05, 0x00, 0x00, 0x00,
    0x63, 0x68, 0x61, 0x72, 0x00, 0x02, 0x31, 0x34, 0x00, 0x07, 0x00, 0x00,
    0x00, 0x6C, 0x6F, 0x6F, 0x6B, 0x75, 0x70, 0x00, 0x02, 0x31, 0x35, 0x00,
    0x06, 0x00, 0x00, 0x00, 0x63, 0x65, 0x6C, 0x6C, 0x73, 0x00, 0x02, 0x31,
    0x36, 0x00, 0x0E, 0x00, 0x00, 0x00, 0x64, 0x65, 0x63, 0x6C, 0x61, 0x72,
    0x65, 0x5F, 0x6C, 0x6F, 0x63, 0x61, 0x6C, 0x00, 0x02, 0x31, 0x37, 0x00,
    0x0D, 0x00, 0x00, 0x00, 0x72, 0x65, 0x73, 0x65, 0x72, 0x76, 0x65, 0x5F,
    0x7A, 0x65, 0x72, 0x6F, 0x00, 0x02, 0x31, 0x38, 0x00, 0x16, 0x00, 0x00,
    0x00, 0x61, 0x6C, 0x6C, 0x6F, 0x63, 0x61, 0x74, 0x65, 0x5F, 0x62, 0x6C,
    0x6F, 0x63, 0x6B, 0x5F, 0x73, 0x63, 0x6F, 0x70, 0x65, 0x73, 0x00, 0x02,
    0x31, 0x39, 0x00, 0x05, 0x00, 0x00, 0x00, 0x7A, 0x65, 0x72, 0x6F, 0x00,
    0x02, 0x32, 0x30, 0x00, 0x03, 0x00, 0x00, 0x00, 0x69, 0x38, 0x00, 0x02,
    0x32, 0x31, 0x00, 0x05, 0x00, 0x00, 0x00, 0x6E, 0x61, 0x6D, 0x65, 0x00,
    0x02, 0x32, 0x32, 0x00, 0x05, 0x00, 0x00, 0x00, 0x6D, 0x61, 0x72, 0x6B,
    0x00, 0x02, 0x32, 0x33, 0x00, 0x05, 0x00, 0x00, 0x00, 0x70, 0x75, 0x73,
    0x68, 0x00, 0x02, 0x32, 0x34, 0x00, 0x05, 0x00, 0x00, 0x00, 0x6D, 0x6F,
    0x76, 0x65, 0x00, 0x02, 0x32, 0x35, 0x00, 0x07, 0x00, 0x00, 0x00, 0x70,
    0x61, 0x72, 0x61, 0x6D, 0x73, 0x00, 0x02, 0x32, 0x36, 0x00, 0x05, 0x00,
    0x00, 0x00, 0x6C, 0x6E, 0x69, 0x6C, 0x00, 0x02, 0x32, 0x37, 0x00, 0x06,
    0x00, 0x00, 0x00, 0x70, 0x6C, 0x69, 0x73, 0x74, 0x00, 0x02, 0x32, 0x38,
    0x00, 0x08, 0x00, 0x00, 0x00, 0x66, 0x72, 0x65, 0x65, 0x5F, 0x74, 0x6F,
    0x00, 0x02, 0x32, 0x39, 0x00, 0x07, 0x00, 0x00, 0x00, 0x72, 0x65, 0x74,
    0x75, 0x72, 0x6E, 0x00, 0x02, 0x33, 0x30, 0x00, 0x0C, 0x00, 0x00, 0x00,
    0x65, 0x6D, 0x69, 0x74, 0x5F, 0x72, 0x65, 0x74, 0x75, 0x72, 0x6E, 0x00,
    0x02, 0x33, 0x31, 0x00, 0x09, 0x00, 0x00, 0x00, 0x74, 0x6F, 0x70, 0x5F,
    0x62, 0x6F, 0x64, 0x79, 0x00, 0x02, 0x33, 0x32, 0x00, 0x0D, 0x00, 0x00,
    0x00, 0x70, 0x61, 0x74, 0x63, 0x68, 0x5F, 0x6C, 0x61, 0x62, 0x65, 0x6C,
    0x73, 0x00, 0x02, 0x33, 0x33, 0x00, 0x07, 0x00, 0x00, 0x00, 0x72, 0x65,
    0x73, 0x69, 0x7A, 0x65, 0x00, 0x02, 0x33, 0x34, 0x00, 0x05, 0x00, 0x00,
    0x00, 0x63, 0x6F, 0x64, 0x65, 0x00, 0x02, 0x33, 0x35, 0x00, 0x06, 0x00,
    0x00, 0x00, 0x6C, 0x69, 0x6E, 0x65, 0x73, 0x00, 0x02, 0x33, 0x36, 0x00,
    0x07, 0x00, 0x00, 0x00, 0x6C, 0x61, 0x62, 0x65, 0x6C, 0x73, 0x00, 0x02,
    0x33, 0x37, 0x00, 0x05, 0x00, 0x00, 0x00, 0x75, 0x73, 0x65, 0x73, 0x00,
    0x02, 0x33, 0x38, 0x00, 0x06, 0x00, 0x00, 0x00, 0x6C, 0x6F, 0x6F, 0x70,
    0x73, 0x00, 0x02, 0x33, 0x39, 0x00, 0x04, 0x00, 0x00, 0x00, 0x74, 0x6F,
    0x70, 0x00, 0x02, 0x34, 0x30, 0x00, 0x07, 0x00, 0x00, 0x00, 0x6E, 0x6E,
    0x61, 0x6D, 0x65, 0x64, 0x00, 0x02, 0x34, 0x31, 0x00, 0x05, 0x00, 0x00,
    0x00, 0x6C, 0x69, 0x6E, 0x65, 0x00, 0x02, 0x34, 0x32, 0x00, 0x05, 0x00,
    0x00, 0x00, 0x74, 0x72, 0x61, 0x70, 0x00, 0x02, 0x34, 0x33, 0x00, 0x09,
    0x00, 0x00, 0x00, 0x74, 0x6F, 0x6C, 0x65, 0x72, 0x61, 0x6E, 0x74, 0x00,
    0x02, 0x34, 0x34, 0x00, 0x0F, 0x00, 0x00, 0x00, 0x73, 0x74, 0x75, 0x62,
    0x5F, 0x75, 0x6E, 0x6C, 0x6F, 0x77, 0x65, 0x72, 0x65, 0x64, 0x00, 0x02,
    0x34, 0x35, 0x00, 0x0D, 0x00, 0x00, 0x00, 0x69, 0x73, 0x5F, 0x63, 0x6F,
    0x72, 0x6F, 0x75, 0x74, 0x69, 0x6E, 0x65, 0x00, 0x02, 0x34, 0x36, 0x00,
    0x0D, 0x00, 0x00, 0x00, 0x61, 0x64, 0x64, 0x5F, 0x66, 0x75, 0x6E, 0x63,
    0x74, 0x69, 0x6F, 0x6E, 0x00, 0x02, 0x34, 0x37, 0x00, 0x0A, 0x00, 0x00,
    0x00, 0x66, 0x75, 0x6E, 0x63, 0x74, 0x69, 0x6F, 0x6E, 0x73, 0x00, 0x02,
    0x34, 0x38, 0x00, 0x0A, 0x00, 0x00, 0x00, 0x75, 0x6E, 0x6C, 0x6F, 0x77,
    0x65, 0x72, 0x65, 0x64, 0x00, 0x02, 0x34, 0x39, 0x00, 0x05, 0x00, 0x00,
    0x00, 0x68, 0x69, 0x67, 0x68, 0x00, 0x02, 0x35, 0x30, 0x00, 0x0C, 0x00,
    0x00, 0x00, 0x6D, 0x61, 0x78, 0x5F, 0x72, 0x65, 0x73, 0x75, 0x6C, 0x74,
    0x73, 0x00, 0x02, 0x35, 0x31, 0x00, 0x0C, 0x00, 0x00, 0x00, 0x61, 0x64,
    0x64, 0x5F, 0x70, 0x65, 0x6E, 0x64, 0x69, 0x6E, 0x67, 0x00, 0x02, 0x35,
    0x32, 0x00, 0x07, 0x00, 0x00, 0x00, 0x73, 0x74, 0x61, 0x74, 0x69, 0x63,
    0x00, 0x02, 0x35, 0x33, 0x00, 0x0F, 0x00, 0x00, 0x00, 0x64, 0x65, 0x63,
    0x6C, 0x61, 0x72, 0x65, 0x5F, 0x67, 0x6C, 0x6F, 0x62, 0x61, 0x6C, 0x00,
    0x02, 0x35, 0x34, 0x00, 0x08, 0x00, 0x00, 0x00, 0x73, 0x74, 0x61, 0x74,
    0x69, 0x63, 0x73, 0x00, 0x02, 0x35, 0x35, 0x00, 0x10, 0x00, 0x00, 0x00,
    0x70, 0x65, 0x6E, 0x64, 0x69, 0x6E, 0x67, 0x5F, 0x73, 0x74, 0x61, 0x74,
    0x69, 0x63, 0x73, 0x00, 0x02, 0x35, 0x36, 0x00, 0x08, 0x00, 0x00, 0x00,
    0x63, 0x6C, 0x6F, 0x73, 0x75, 0x72, 0x65, 0x00, 0x02, 0x35, 0x37, 0x00,
    0x0A, 0x00, 0x00, 0x00, 0x63, 0x6F, 0x5F, 0x6C, 0x61, 0x6D, 0x62, 0x64,
    0x61, 0x00, 0x02, 0x35, 0x38, 0x00, 0x07, 0x00, 0x00, 0x00, 0x6D, 0x6F,
    0x64, 0x75, 0x6C, 0x65, 0x00, 0x02, 0x35, 0x39, 0x00, 0x0A, 0x00, 0x00,
    0x00, 0x64, 0x65, 0x66, 0x65, 0x72, 0x5F, 0x72, 0x65, 0x67, 0x00, 0x00,
};

static const uint8_t functions_functions[] = {
    0x53, 0x0D, 0x00, 0x00, 0x03, 0x30, 0x00, 0x58, 0x00, 0x00, 0x00, 0x02,
    0x6E, 0x00, 0x06, 0x00, 0x00, 0x00, 0x5F, 0x74, 0x61, 0x69, 0x6C, 0x00,
    0x04, 0x70, 0x00, 0x2E, 0x00, 0x00, 0x00, 0x03, 0x30, 0x00, 0x11, 0x00,
    0x00, 0x00, 0x02, 0x6E, 0x00, 0x05, 0x00, 0x00, 0x00, 0x6E, 0x6F, 0x64,
    0x65, 0x00, 0x00, 0x03, 0x31, 0x00, 0x12, 0x00, 0x00, 0x00, 0x02, 0x6E,
    0x00, 0x06, 0x00, 0x00, 0x00, 0x63, 0x6F, 0x75, 0x6E, 0x74, 0x00, 0x00,
    0x00, 0x10, 0x6C, 0x00, 0x05, 0x00, 0x00, 0x00, 0x10, 0x63, 0x00, 0x80,
    0x00, 0x00, 0x00, 0x10, 0x66, 0x00, 0x00, 0x00, 0x00, 0x00, 0x00, 0x03,
    0x31, 0x00, 0x59, 0x00, 0x00, 0x00, 0x02, 0x6E, 0x00, 0x07, 0x00, 0x00,
    0x00, 0x5F, 0x66, 0x69, 0x65, 0x6C, 0x64, 0x00, 0x04, 0x70, 0x00, 0x2E,
    0x00, 0x00, 0x00, 0x03, 0x30, 0x00, 0x11, 0x00, 0x00, 0x00, 0x02, 0x6E,
    0x00, 0x05, 0x00, 0x00, 0x00, 0x6E, 0x6F, 0x64, 0x65, 0x00, 0x00, 0x03,
    0x31, 0x00, 0x12, 0x00, 0x00, 0x00, 0x02, 0x6E, 0x00, 0x06, 0x00, 0x00,
    0x00, 0x69, 0x6E, 0x64, 0x65, 0x78, 0x00, 0x00, 0x00, 0x10, 0x6C, 0x00,
    0x04, 0x00, 0x00, 0x00, 0x10, 0x63, 0x00, 0x99, 0x00, 0x00, 0x00, 0x10,
    0x66, 0x00, 0x00, 0x00, 0x00, 0x00, 0x00, 0x03, 0x32, 0x00, 0x49, 0x00,
    0x00, 0x00, 0x02, 0x6E, 0x00, 0x0B, 0x00, 0x00, 0x00, 0x5F, 0x63, 0x6F,
    0x70, 0x79, 0x5F, 0x6C, 0x69, 0x73, 0x74, 0x00, 0x04, 0x70, 0x00, 0x1A,
    0x00, 0x00, 0x00, 0x03, 0x30, 0x00, 0x12, 0x00, 0x00, 0x00, 0x02, 0x6E,
    0x00, 0x06, 0x00, 0x00, 0x00, 0x69, 0x74, 0x65, 0x6D, 0x73, 0x00, 0x00,
    0x00, 0x10, 0x6C, 0x00, 0x05, 0x00, 0x00, 0x00, 0x10, 0x63, 0x00, 0xA9,
    0x00, 0x00, 0x00, 0x10, 0x66, 0x00, 0x00, 0x00, 0x00, 0x00, 0x00, 0x03,
    0x33, 0x00, 0xD7, 0x00, 0x00, 0x00, 0x02, 0x6E, 0x00, 0x0B, 0x00, 0x00,
    0x00, 0x5F, 0x65, 0x6D, 0x69, 0x74, 0x5F, 0x70, 0x61, 0x63, 0x6B, 0x00,
    0x04, 0x70, 0x00, 0xA8, 0x00, 0x00, 0x00, 0x03, 0x30, 0x00, 0x12, 0x00,
    0x00, 0x00, 0x02, 0x6E, 0x00, 0x06, 0x00, 0x00, 0x00, 0x66, 0x72, 0x61,
    0x6D, 0x65, 0x00, 0x00, 0x03, 0x31, 0x00, 0x0F, 0x00, 0x00, 0x00, 0x02,
    0x6E, 0x00, 0x03, 0x00, 0x00, 0x00, 0x6F, 0x70, 0x00, 0x00, 0x03, 0x32,
    0x00, 0x15, 0x00, 0x00, 0x00, 0x02, 0x6E, 0x00, 0x02, 0x00, 0x00, 0x00,
    0x66, 0x00, 0x10, 0x64, 0x00, 0x0C, 0x00, 0x00, 0x00, 0x00, 0x03, 0x33,
    0x00, 0x16, 0x00, 0x00, 0x00, 0x02, 0x6E, 0x00, 0x03, 0x00, 0x00, 0x00,
    0x61, 0x30, 0x00, 0x10, 0x64, 0x00, 0x0C, 0x00, 0x00, 0x00, 0x00, 0x03,
    0x34, 0x00, 0x16, 0x00, 0x00, 0x00, 0x02, 0x6E, 0x00, 0x03, 0x00, 0x00,
    0x00, 0x61, 0x31, 0x00, 0x10, 0x64, 0x00, 0x0C, 0x00, 0x00, 0x00, 0x00,
    0x03, 0x35, 0x00, 0x16, 0x00, 0x00, 0x00, 0x02, 0x6E, 0x00, 0x03, 0x00,
    0x00, 0x00, 0x61, 0x32, 0x00, 0x10, 0x64, 0x00, 0x0C, 0x00, 0x00, 0x00,
    0x00, 0x03, 0x36, 0x00, 0x16, 0x00, 0x00, 0x00, 0x02, 0x6E, 0x00, 0x03,
    0x00, 0x00, 0x00, 0x77, 0x31, 0x00, 0x10, 0x64, 0x00, 0x0D, 0x00, 0x00,
    0x00, 0x00, 0x00, 0x10, 0x6C, 0x00, 0x0F, 0x00, 0x00, 0x00, 0x10, 0x63,
    0x00, 0xB5, 0x00, 0x00, 0x00, 0x10, 0x66, 0x00, 0x00, 0x00, 0x00, 0x00,
    0x00, 0x03, 0x34, 0x00, 0x9D, 0x00, 0x00, 0x00, 0x02, 0x6E, 0x00, 0x0F,
    0x00, 0x00, 0x00, 0x5F, 0x65, 0x6D, 0x69, 0x74, 0x5F, 0x70, 0x61, 0x69,
    0x72, 0x61, 0x62, 0x6C, 0x65, 0x00, 0x04, 0x70, 0x00, 0x6A, 0x00, 0x00,
    0x00, 0x03, 0x30, 0x00, 0x12, 0x00, 0x00, 0x00, 0x02, 0x6E, 0x00, 0x06,
    0x00, 0x00, 0x00, 0x66, 0x72, 0x61, 0x6D, 0x65, 0x00, 0x00, 0x03, 0x31,
    0x00, 0x0F, 0x00, 0x00, 0x00, 0x02, 0x6E, 0x00, 0x03, 0x00, 0x00, 0x00,
    0x6F, 0x70, 0x00, 0x00, 0x03, 0x32, 0x00, 0x1B, 0x00, 0x00, 0x00, 0x02,
    0x6E, 0x00, 0x08, 0x00, 0x00, 0x00, 0x70, 0x72, 0x69, 0x6D, 0x61, 0x72,
    0x79, 0x00, 0x10, 0x64, 0x00, 0x0C, 0x00, 0x00, 0x00, 0x00, 0x03, 0x33,
    0x00, 0x1D, 0x00, 0x00, 0x00, 0x02, 0x6E, 0x00, 0x0A, 0x00, 0x00, 0x00,
    0x73, 0x65, 0x63, 0x6F, 0x6E, 0x64, 0x61, 0x72, 0x79, 0x00, 0x10, 0x64,
    0x00, 0x0C, 0x00, 0x00, 0x00, 0x00, 0x00, 0x10, 0x6C, 0x00, 0x05, 0x00,
    0x00, 0x00, 0x10, 0x63, 0x00, 0xD5, 0x00, 0x00, 0x00, 0x10, 0x66, 0x00,
    0x00, 0x00, 0x00, 0x00, 0x00, 0x03, 0x35, 0x00, 0xDA, 0x00, 0x00, 0x00,
    0x02, 0x6E, 0x00, 0x11, 0x00, 0x00, 0x00, 0x63, 0x6F, 0x6D, 0x70, 0x69,
    0x6C, 0x65, 0x5F, 0x66, 0x75, 0x6E, 0x63, 0x74, 0x69, 0x6F, 0x6E, 0x00,
    0x04, 0x70, 0x00, 0xA5, 0x00, 0x00, 0x00, 0x03, 0x30, 0x00, 0x11, 0x00,
    0x00, 0x00, 0x02, 0x6E, 0x00, 0x05, 0x00, 0x00, 0x00, 0x6E, 0x6F, 0x64,
    0x65, 0x00, 0x00, 0x03, 0x31, 0x00, 0x13, 0x00, 0x00, 0x00, 0x02, 0x6E,
    0x00, 0x07, 0x00, 0x00, 0x00, 0x6D, 0x6F, 0x64, 0x75, 0x6C, 0x65, 0x00,
    0x00, 0x03, 0x32, 0x00, 0x18, 0x00, 0x00, 0x00, 0x02, 0x6E, 0x00, 0x05,
    0x00, 0x00, 0x00, 0x6E, 0x61, 0x6D, 0x65, 0x00, 0x10, 0x64, 0x00, 0x0D,
    0x00, 0x00, 0x00, 0x00, 0x03, 0x33, 0x00, 0x19, 0x00, 0x00, 0x00, 0x02,
    0x6E, 0x00, 0x06, 0x00, 0x00, 0x00, 0x66, 0x6C, 0x61, 0x67, 0x73, 0x00,
    0x10, 0x64, 0x00, 0x0C, 0x00, 0x00, 0x00, 0x00, 0x03, 0x34, 0x00, 0x1D,
    0x00, 0x00, 0x00, 0x02, 0x6E, 0x00, 0x0A, 0x00, 0x00, 0x00, 0x65, 0x6E,
    0x63, 0x6C, 0x6F, 0x73, 0x69, 0x6E, 0x67, 0x00, 0x10, 0x64, 0x00, 0x0D,
    0x00, 0x00, 0x00, 0x00, 0x03, 0x35, 0x00, 0x1C, 0x00, 0x00, 0x00, 0x02,
    0x6E, 0x00, 0x09, 0x00, 0x00, 0x00, 0x74, 0x6F, 0x6C, 0x65, 0x72, 0x61,
    0x6E, 0x74, 0x00, 0x10, 0x64, 0x00, 0x13, 0x00, 0x00, 0x00, 0x00, 0x00,
    0x10, 0x6C, 0x00, 0x10, 0x00, 0x00, 0x00, 0x10, 0x63, 0x00, 0xE7, 0x00,
    0x00, 0x00, 0x10, 0x66, 0x00, 0x00, 0x00, 0x00, 0x00, 0x00, 0x03, 0x36,
    0x00, 0x67, 0x00, 0x00, 0x00, 0x02, 0x6E, 0x00, 0x0B, 0x00, 0x00, 0x00,
    0x70, 0x61, 0x72, 0x61, 0x6D, 0x5F, 0x73, 0x70, 0x65, 0x63, 0x00, 0x04,
    0x70, 0x00, 0x38, 0x00, 0x00, 0x00, 0x03, 0x30, 0x00, 0x13, 0x00, 0x00,
    0x00, 0x02, 0x6E, 0x00, 0x07, 0x00, 0x00, 0x00, 0x70, 0x61, 0x72, 0x61,
    0x6D, 0x73, 0x00, 0x00, 0x03, 0x31, 0x00, 0x1A, 0x00, 0x00, 0x00, 0x02,
    0x6E, 0x00, 0x07, 0x00, 0x00, 0x00, 0x6D, 0x6F, 0x64, 0x75, 0x6C, 0x65,
    0x00, 0x10, 0x64, 0x00, 0x0D, 0x00, 0x00, 0x00, 0x00, 0x00, 0x10, 0x6C,
    0x00, 0x15, 0x00, 0x00, 0x00, 0x10, 0x63, 0x00, 0x2F, 0x01, 0x00, 0x00,
    0x10, 0x66, 0x00, 0x00, 0x00, 0x00, 0x00, 0x00, 0x03, 0x37, 0x00, 0x68,
    0x00, 0x00, 0x00, 0x02, 0x6E, 0x00, 0x0C, 0x00, 0x00, 0x00, 0x70, 0x61,
    0x72, 0x61, 0x6D, 0x5F, 0x6E, 0x61, 0x6D, 0x65, 0x73, 0x00, 0x04, 0x70,
    0x00, 0x38, 0x00, 0x00, 0x00, 0x03, 0x30, 0x00, 0x13, 0x00, 0x00, 0x00,
    0x02, 0x6E, 0x00, 0x07, 0x00, 0x00, 0x00, 0x70, 0x61, 0x72, 0x61, 0x6D,
    0x73, 0x00, 0x00, 0x03, 0x31, 0x00, 0x1A, 0x00, 0x00, 0x00, 0x02, 0x6E,
    0x00, 0x07, 0x00, 0x00, 0x00, 0x6D, 0x6F, 0x64, 0x75, 0x6C, 0x65, 0x00,
    0x10, 0x64, 0x00, 0x0D, 0x00, 0x00, 0x00, 0x00, 0x00, 0x10, 0x6C, 0x00,
    0x04, 0x00, 0x00, 0x00, 0x10, 0x63, 0x00, 0xE9, 0x01, 0x00, 0x00, 0x10,
    0x66, 0x00, 0x00, 0x00, 0x00, 0x00, 0x00, 0x03, 0x38, 0x00, 0x4D, 0x00,
    0x00, 0x00, 0x02, 0x6E, 0x00, 0x10, 0x00, 0x00, 0x00, 0x5F, 0x63, 0x6F,
    0x6E, 0x73, 0x74, 0x61, 0x6E, 0x74, 0x5F, 0x76, 0x61, 0x6C, 0x75, 0x65,
    0x00, 0x04, 0x70, 0x00, 0x19, 0x00, 0x00, 0x00, 0x03, 0x30, 0x00, 0x11,
    0x00, 0x00, 0x00, 0x02, 0x6E, 0x00, 0x05, 0x00, 0x00, 0x00, 0x6E, 0x6F,
    0x64, 0x65, 0x00, 0x00, 0x00, 0x10, 0x6C, 0x00, 0x05, 0x00, 0x00, 0x00,
    0x10, 0x63, 0x00, 0xF8, 0x01, 0x00, 0x00, 0x10, 0x66, 0x00, 0x00, 0x00,
    0x00, 0x00, 0x00, 0x03, 0x39, 0x00, 0x75, 0x00, 0x00, 0x00, 0x02, 0x6E,
    0x00, 0x0A, 0x00, 0x00, 0x00, 0x5F, 0x63, 0x61, 0x70, 0x74, 0x75, 0x72,
    0x65, 0x73, 0x00, 0x04, 0x70, 0x00, 0x47, 0x00, 0x00, 0x00, 0x03, 0x30,
    0x00, 0x12, 0x00, 0x00, 0x00, 0x02, 0x6E, 0x00, 0x06, 0x00, 0x00, 0x00,
    0x6E, 0x61, 0x6D, 0x65, 0x73, 0x00, 0x00, 0x03, 0x31, 0x00, 0x11, 0x00,
    0x00, 0x00, 0x02, 0x6E, 0x00, 0x05, 0x00, 0x00, 0x00, 0x62, 0x6F, 0x64,
    0x79, 0x00, 0x00, 0x03, 0x32, 0x00, 0x16, 0x00, 0x00, 0x00, 0x02, 0x6E,
    0x00, 0x0A, 0x00, 0x00, 0x00, 0x65, 0x6E, 0x63, 0x6C, 0x6F, 0x73, 0x69,
    0x6E, 0x67, 0x00, 0x00, 0x00, 0x10, 0x6C, 0x00, 0x08, 0x00, 0x00, 0x00,
    0x10, 0x63, 0x00, 0x48, 0x02, 0x00, 0x00, 0x10, 0x66, 0x00, 0x00, 0x00,
    0x00, 0x00, 0x00, 0x03, 0x31, 0x30, 0x00, 0x8A, 0x00, 0x00, 0x00, 0x02,
    0x6E, 0x00, 0x07, 0x00, 0x00, 0x00, 0x5F, 0x63, 0x65, 0x6C, 0x6C, 0x73,
    0x00, 0x04, 0x70, 0x00, 0x5F, 0x00, 0x00, 0x00, 0x03, 0x30, 0x00, 0x12,
    0x00, 0x00, 0x00, 0x02, 0x6E, 0x00, 0x06, 0x00, 0x00, 0x00, 0x6E, 0x61,
    0x6D, 0x65, 0x73, 0x00, 0x00, 0x03, 0x31, 0x00, 0x11, 0x00, 0x00, 0x00,
    0x02, 0x6E, 0x00, 0x05, 0x00, 0x00, 0x00, 0x62, 0x6F, 0x64, 0x79, 0x00,
    0x00, 0x03, 0x32, 0x00, 0x15, 0x00, 0x00, 0x00, 0x02, 0x6E, 0x00, 0x09,
    0x00, 0x00, 0x00, 0x63, 0x61, 0x70, 0x74, 0x75, 0x72, 0x65, 0x73, 0x00,
    0x00, 0x03, 0x33, 0x00, 0x16, 0x00, 0x00, 0x00, 0x02, 0x6E, 0x00, 0x0A,
    0x00, 0x00, 0x00, 0x65, 0x6E, 0x63, 0x6C, 0x6F, 0x73, 0x69, 0x6E, 0x67,
    0x00, 0x00, 0x00, 0x10, 0x6C, 0x00, 0x06, 0x00, 0x00, 0x00, 0x10, 0x63,
    0x00, 0x69, 0x02, 0x00, 0x00, 0x10, 0x66, 0x00, 0x00, 0x00, 0x00, 0x00,
    0x00, 0x03, 0x31, 0x31, 0x00, 0x8F, 0x00, 0x00, 0x00, 0x02, 0x6E, 0x00,
    0x10, 0x00, 0x00, 0x00, 0x5F, 0x61, 0x6C, 0x6C, 0x6F, 0x63, 0x61, 0x74,
    0x65, 0x5F, 0x73, 0x6C, 0x6F, 0x74, 0x73, 0x00, 0x04, 0x70, 0x00, 0x5B,
    0x00, 0x00, 0x00, 0x03, 0x30, 0x00, 0x12, 0x00, 0x00, 0x00, 0x02, 0x6E,
    0x00, 0x06, 0x00, 0x00, 0x00, 0x66, 0x72, 0x61, 0x6D, 0x65, 0x00, 0x00,
    0x03, 0x31, 0x00, 0x12, 0x00, 0x00, 0x00, 0x02, 0x6E, 0x00, 0x06, 0x00,
    0x00, 0x00, 0x6E, 0x61, 0x6D, 0x65, 0x73, 0x00, 0x00, 0x03, 0x32, 0x00,
    0x15, 0x00, 0x00, 0x00, 0x02, 0x6E, 0x00, 0x09, 0x00, 0x00, 0x00, 0x63,
    0x61, 0x70, 0x74, 0x75, 0x72, 0x65, 0x73, 0x00, 0x00, 0x03, 0x33, 0x00,
    0x11, 0x00, 0x00, 0x00, 0x02, 0x6E, 0x00, 0x05, 0x00, 0x00, 0x00, 0x62,
    0x6F, 0x64, 0x79, 0x00, 0x00, 0x00, 0x10, 0x6C, 0x00, 0x0E, 0x00, 0x00,
    0x00, 0x10, 0x63, 0x00, 0x84, 0x02, 0x00, 0x00, 0x10, 0x66, 0x00, 0x00,
    0x00, 0x00, 0x00, 0x00, 0x03, 0x31, 0x32, 0x00, 0x65, 0x00, 0x00, 0x00,
    0x02, 0x6E, 0x00, 0x0F, 0x00, 0x00, 0x00, 0x5F, 0x63, 0x65, 0x6C, 0x6C,
    0x73, 0x5F, 0x74, 0x6F, 0x5F, 0x73, 0x65, 0x65, 0x64, 0x00, 0x04, 0x70,
    0x00, 0x32, 0x00, 0x00, 0x00, 0x03, 0x30, 0x00, 0x12, 0x00, 0x00, 0x00,
    0x02, 0x6E, 0x00, 0x06, 0x00, 0x00, 0x00, 0x66, 0x72, 0x61, 0x6D, 0x65,
    0x00, 0x00, 0x03, 0x31, 0x00, 0x15, 0x00, 0x00, 0x00, 0x02, 0x6E, 0x00,
    0x09, 0x00, 0x00, 0x00, 0x63, 0x61, 0x70, 0x74, 0x75, 0x72, 0x65, 0x73,
    0x00, 0x00, 0x00, 0x10, 0x6C, 0x00, 0x06, 0x00, 0x00, 0x00, 0x10, 0x63,
    0x00, 0xE4, 0x02, 0x00, 0x00, 0x10, 0x66, 0x00, 0x00, 0x00, 0x00, 0x00,
    0x00, 0x03, 0x31, 0x33, 0x00, 0x4A, 0x00, 0x00, 0x00, 0x02, 0x6E, 0x00,
    0x0C, 0x00, 0x00, 0x00, 0x5F, 0x73, 0x6F, 0x72, 0x74, 0x5F, 0x6E, 0x61,
    0x6D, 0x65, 0x73, 0x00, 0x04, 0x70, 0x00, 0x1A, 0x00, 0x00, 0x00, 0x03,
    0x30, 0x00, 0x12, 0x00, 0x00, 0x00, 0x02, 0x6E, 0x00, 0x06, 0x00, 0x00,
    0x00, 0x6E, 0x61, 0x6D, 0x65, 0x73, 0x00, 0x00, 0x00, 0x10, 0x6C, 0x00,
    0x0B, 0x00, 0x00, 0x00, 0x10, 0x63, 0x00, 0xF6, 0x02, 0x00, 0x00, 0x10,
    0x66, 0x00, 0x00, 0x00, 0x00, 0x00, 0x00, 0x03, 0x31, 0x34, 0x00, 0x75,
    0x00, 0x00, 0x00, 0x02, 0x6E, 0x00, 0x0A, 0x00, 0x00, 0x00, 0x5F, 0x70,
    0x72, 0x6F, 0x6C, 0x6F, 0x67, 0x75, 0x65, 0x00, 0x04, 0x70, 0x00, 0x47,
    0x00, 0x00, 0x00, 0x03, 0x30, 0x00, 0x12, 0x00, 0x00, 0x00, 0x02, 0x6E,
    0x00, 0x06, 0x00, 0x00, 0x00, 0x66, 0x72, 0x61, 0x6D, 0x65, 0x00, 0x00,
    0x03, 0x31, 0x00, 0x12, 0x00, 0x00, 0x00, 0x02, 0x6E, 0x00, 0x06, 0x00,
    0x00, 0x00, 0x6E, 0x61, 0x6D, 0x65, 0x73, 0x00, 0x00, 0x03, 0x32, 0x00,
    0x15, 0x00, 0x00, 0x00, 0x02, 0x6E, 0x00, 0x09, 0x00, 0x00, 0x00, 0x63,
    0x61, 0x70, 0x74, 0x75, 0x72, 0x65, 0x73, 0x00, 0x00, 0x00, 0x10, 0x6C,
    0x00, 0x16, 0x00, 0x00, 0x00, 0x10, 0x63, 0x00, 0x31, 0x03, 0x00, 0x00,
    0x10, 0x66, 0x00, 0x00, 0x00, 0x00, 0x00, 0x00, 0x03, 0x31, 0x35, 0x00,
    0x65, 0x00, 0x00, 0x00, 0x02, 0x6E, 0x00, 0x13, 0x00, 0x00, 0x00, 0x5F,
    0x62, 0x6F, 0x64, 0x79, 0x5F, 0x61, 0x6E, 0x64, 0x5F, 0x65, 0x70, 0x69,
    0x6C, 0x6F, 0x67, 0x75, 0x65, 0x00, 0x04, 0x70, 0x00, 0x2E, 0x00, 0x00,
    0x00, 0x03, 0x30, 0x00, 0x11, 0x00, 0x00, 0x00, 0x02, 0x6E, 0x00, 0x05,
    0x00, 0x00, 0x00, 0x62, 0x6F, 0x64, 0x79, 0x00, 0x00, 0x03, 0x31, 0x00,
    0x12, 0x00, 0x00, 0x00, 0x02, 0x6E, 0x00, 0x06, 0x00, 0x00, 0x00, 0x66,
    0x72, 0x61, 0x6D, 0x65, 0x00, 0x00, 0x00, 0x10, 0x6C, 0x00, 0x09, 0x00,
    0x00, 0x00, 0x10, 0x63, 0x00, 0xD4, 0x03, 0x00, 0x00, 0x10, 0x66, 0x00,
    0x00, 0x00, 0x00, 0x00, 0x00, 0x03, 0x31, 0x36, 0x00, 0x8C, 0x00, 0x00,
    0x00, 0x02, 0x6E, 0x00, 0x0D, 0x00, 0x00, 0x00, 0x5F, 0x74, 0x72, 0x79,
    0x5F, 0x63, 0x6F, 0x6D, 0x70, 0x69, 0x6C, 0x65, 0x00, 0x04, 0x70, 0x00,
    0x5B, 0x00, 0x00, 0x00, 0x03, 0x30, 0x00, 0x12, 0x00, 0x00, 0x00, 0x02,
    0x6E, 0x00, 0x06, 0x00, 0x00, 0x00, 0x66, 0x72, 0x61, 0x6D, 0x65, 0x00,
    0x00, 0x03, 0x31, 0x00, 0x12, 0x00, 0x00, 0x00, 0x02, 0x6E, 0x00, 0x06,
    0x00, 0x00, 0x00, 0x6E, 0x61, 0x6D, 0x65, 0x73, 0x00, 0x00, 0x03, 0x32,
    0x00, 0x15, 0x00, 0x00, 0x00, 0x02, 0x6E, 0x00, 0x09, 0x00, 0x00, 0x00,
    0x63, 0x61, 0x70, 0x74, 0x75, 0x72, 0x65, 0x73, 0x00, 0x00, 0x03, 0x33,
    0x00, 0x11, 0x00, 0x00, 0x00, 0x02, 0x6E, 0x00, 0x05, 0x00, 0x00, 0x00,
    0x62, 0x6F, 0x64, 0x79, 0x00, 0x00, 0x00, 0x10, 0x6C, 0x00, 0x08, 0x00,
    0x00, 0x00, 0x10, 0x63, 0x00, 0x0F, 0x04, 0x00, 0x00, 0x10, 0x66, 0x00,
    0x00, 0x00, 0x00, 0x00, 0x00, 0x03, 0x31, 0x37, 0x00, 0x49, 0x00, 0x00,
    0x00, 0x02, 0x6E, 0x00, 0x0B, 0x00, 0x00, 0x00, 0x5F, 0x6D, 0x61, 0x6B,
    0x65, 0x5F, 0x73, 0x74, 0x75, 0x62, 0x00, 0x04, 0x70, 0x00, 0x1A, 0x00,
    0x00, 0x00, 0x03, 0x30, 0x00, 0x12, 0x00, 0x00, 0x00, 0x02, 0x6E, 0x00,
    0x06, 0x00, 0x00, 0x00, 0x66, 0x72, 0x61, 0x6D, 0x65, 0x00, 0x00, 0x00,
    0x10, 0x6C, 0x00, 0x07, 0x00, 0x00, 0x00, 0x10, 0x63, 0x00, 0x3A, 0x04,
    0x00, 0x00, 0x10, 0x66, 0x00, 0x00, 0x00, 0x00, 0x00, 0x00, 0x03, 0x31,
    0x38, 0x00, 0xA6, 0x00, 0x00, 0x00, 0x02, 0x6E, 0x00, 0x11, 0x00, 0x00,
    0x00, 0x5F, 0x63, 0x6F, 0x6D, 0x70, 0x69, 0x6C, 0x65, 0x5F, 0x6F, 0x72,
    0x5F, 0x73, 0x74, 0x75, 0x62, 0x00, 0x04, 0x70, 0x00, 0x71, 0x00, 0x00,
    0x00, 0x03, 0x30, 0x00, 0x12, 0x00, 0x00, 0x00, 0x02, 0x6E, 0x00, 0x06,
    0x00, 0x00, 0x00, 0x66, 0x72, 0x61, 0x6D, 0x65, 0x00, 0x00, 0x03, 0x31,
    0x00, 0x12, 0x00, 0x00, 0x00, 0x02, 0x6E, 0x00, 0x06, 0x00, 0x00, 0x00,
    0x6E, 0x61, 0x6D, 0x65, 0x73, 0x00, 0x00, 0x03, 0x32, 0x00, 0x15, 0x00,
    0x00, 0x00, 0x02, 0x6E, 0x00, 0x09, 0x00, 0x00, 0x00, 0x63, 0x61, 0x70,
    0x74, 0x75, 0x72, 0x65, 0x73, 0x00, 0x00, 0x03, 0x33, 0x00, 0x11, 0x00,
    0x00, 0x00, 0x02, 0x6E, 0x00, 0x05, 0x00, 0x00, 0x00, 0x62, 0x6F, 0x64,
    0x79, 0x00, 0x00, 0x03, 0x34, 0x00, 0x13, 0x00, 0x00, 0x00, 0x02, 0x6E,
    0x00, 0x07, 0x00, 0x00, 0x00, 0x6D, 0x6F, 0x64, 0x75, 0x6C, 0x65, 0x00,
    0x00, 0x00, 0x10, 0x6C, 0x00, 0x06, 0x00, 0x00, 0x00, 0x10, 0x63, 0x00,
    0x6C, 0x04, 0x00, 0x00, 0x10, 0x66, 0x00, 0x00, 0x00, 0x00, 0x00, 0x00,
    0x03, 0x31, 0x39, 0x00, 0x3C, 0x01, 0x00, 0x00, 0x02, 0x6E, 0x00, 0x11,
    0x00, 0x00, 0x00, 0x63, 0x6F, 0x6D, 0x70, 0x69, 0x6C, 0x65, 0x5F, 0x63,
    0x61, 0x6C, 0x6C, 0x61, 0x62, 0x6C, 0x65, 0x00, 0x04, 0x70, 0x00, 0x07,
    0x01, 0x00, 0x00, 0x03, 0x30, 0x00, 0x13, 0x00, 0x00, 0x00, 0x02, 0x6E,
    0x00, 0x07, 0x00, 0x00, 0x00, 0x6D, 0x6F, 0x64, 0x75, 0x6C, 0x65, 0x00,
    0x00, 0x03, 0x31, 0x00, 0x11, 0x00, 0x00, 0x00, 0x02, 0x6E, 0x00, 0x05,
    0x00, 0x00, 0x00, 0x6E, 0x61, 0x6D, 0x65, 0x00, 0x00, 0x03, 0x32, 0x00,
    0x13, 0x00, 0x00, 0x00, 0x02, 0x6E, 0x00, 0x07, 0x00, 0x00, 0x00, 0x70,
    0x61, 0x72, 0x61, 0x6D, 0x73, 0x00, 0x00, 0x03, 0x33, 0x00, 0x11, 0x00,
    0x00, 0x00, 0x02, 0x6E, 0x00, 0x05, 0x00, 0x00, 0x00, 0x62, 0x6F, 0x64,
    0x79, 0x00, 0x00, 0x03, 0x34, 0x00, 0x10, 0x00, 0x00, 0x00, 0x02, 0x6E,
    0x00, 0x04, 0x00, 0x00, 0x00, 0x70, 0x6F, 0x73, 0x00, 0x00, 0x03, 0x35,
    0x00, 0x19, 0x00, 0x00, 0x00, 0x02, 0x6E, 0x00, 0x06, 0x00, 0x00, 0x00,
    0x66, 0x6C, 0x61, 0x67, 0x73, 0x00, 0x10, 0x64, 0x00, 0x0C, 0x00, 0x00,
    0x00, 0x00, 0x03, 0x36, 0x00, 0x1D, 0x00, 0x00, 0x00, 0x02, 0x6E, 0x00,
    0x0A, 0x00, 0x00, 0x00, 0x65, 0x6E, 0x63, 0x6C, 0x6F, 0x73, 0x69, 0x6E,
    0x67, 0x00, 0x10, 0x64, 0x00, 0x0D, 0x00, 0x00, 0x00, 0x00, 0x03, 0x37,
    0x00, 0x1C, 0x00, 0x00, 0x00, 0x02, 0x6E, 0x00, 0x09, 0x00, 0x00, 0x00,
    0x64, 0x69, 0x73, 0x70, 0x61, 0x74, 0x63, 0x68, 0x00, 0x10, 0x64, 0x00,
    0x0D, 0x00, 0x00, 0x00, 0x00, 0x03, 0x38, 0x00, 0x1E, 0x00, 0x00, 0x00,
    0x02, 0x6E, 0x00, 0x0B, 0x00, 0x00, 0x00, 0x74, 0x68, 0x69, 0x73, 0x5F,
    0x63, 0x6C, 0x61, 0x73, 0x73, 0x00, 0x10, 0x64, 0x00, 0x0D, 0x00, 0x00,
    0x00, 0x00, 0x03, 0x39, 0x00, 0x1C, 0x00, 0x00, 0x00, 0x02, 0x6E, 0x00,
    0x09, 0x00, 0x00, 0x00, 0x74, 0x6F, 0x6C, 0x65, 0x72, 0x61, 0x6E, 0x74,
    0x00, 0x10, 0x64, 0x00, 0x13, 0x00, 0x00, 0x00, 0x00, 0x00, 0x10, 0x6C,
    0x00, 0x15, 0x00, 0x00, 0x00, 0x10, 0x63, 0x00, 0x8A, 0x04, 0x00, 0x00,
    0x10, 0x66, 0x00, 0x00, 0x00, 0x00, 0x00, 0x00, 0x03, 0x32, 0x30, 0x00,
    0x8D, 0x00, 0x00, 0x00, 0x02, 0x6E, 0x00, 0x11, 0x00, 0x00, 0x00, 0x5F,
    0x64, 0x65, 0x63, 0x6C, 0x61, 0x72, 0x65, 0x5F, 0x73, 0x74, 0x61, 0x74,
    0x69, 0x63, 0x73, 0x00, 0x04, 0x70, 0x00, 0x58, 0x00, 0x00, 0x00, 0x03,
    0x30, 0x00, 0x12, 0x00, 0x00, 0x00, 0x02, 0x6E, 0x00, 0x06, 0x00, 0x00,
    0x00, 0x66, 0x72, 0x61, 0x6D, 0x65, 0x00, 0x00, 0x03, 0x31, 0x00, 0x11,
    0x00, 0x00, 0x00, 0x02, 0x6E, 0x00, 0x05, 0x00, 0x00, 0x00, 0x6E, 0x61,
    0x6D, 0x65, 0x00, 0x00, 0x03, 0x32, 0x00, 0x11, 0x00, 0x00, 0x00, 0x02,
    0x6E, 0x00, 0x05, 0x00, 0x00, 0x00, 0x62, 0x6F, 0x64, 0x79, 0x00, 0x00,
    0x03, 0x33, 0x00, 0x13, 0x00, 0x00, 0x00, 0x02, 0x6E, 0x00, 0x07, 0x00,
    0x00, 0x00, 0x6D, 0x6F, 0x64, 0x75, 0x6C, 0x65, 0x00, 0x00, 0x00, 0x10,
    0x6C, 0x00, 0x0B, 0x00, 0x00, 0x00, 0x10, 0x63, 0x00, 0x52, 0x05, 0x00,
    0x00, 0x10, 0x66, 0x00, 0x00, 0x00, 0x00, 0x00, 0x00, 0x03, 0x32, 0x31,
    0x00, 0x8B, 0x00, 0x00, 0x00, 0x02, 0x6E, 0x00, 0x0D, 0x00, 0x00, 0x00,
    0x65, 0x6D, 0x69, 0x74, 0x5F, 0x63, 0x6C, 0x6F, 0x73, 0x75, 0x72, 0x65,
    0x00, 0x04, 0x70, 0x00, 0x5A, 0x00, 0x00, 0x00, 0x03, 0x30, 0x00, 0x12,
    0x00, 0x00, 0x00, 0x02, 0x6E, 0x00, 0x06, 0x00, 0x00, 0x00, 0x66, 0x72,
    0x61, 0x6D, 0x65, 0x00, 0x00, 0x03, 0x31, 0x00, 0x12, 0x00, 0x00, 0x00,
    0x02, 0x6E, 0x00, 0x06, 0x00, 0x00, 0x00, 0x69, 0x6E, 0x64, 0x65, 0x78,
    0x00, 0x00, 0x03, 0x32, 0x00, 0x15, 0x00, 0x00, 0x00, 0x02, 0x6E, 0x00,
    0x09, 0x00, 0x00, 0x00, 0x63, 0x61, 0x70, 0x74, 0x75, 0x72, 0x65, 0x73,
    0x00, 0x00, 0x03, 0x33, 0x00, 0x10, 0x00, 0x00, 0x00, 0x02, 0x6E, 0x00,
    0x04, 0x00, 0x00, 0x00, 0x64, 0x73, 0x74, 0x00, 0x00, 0x00, 0x10, 0x6C,
    0x00, 0x12, 0x00, 0x00, 0x00, 0x10, 0x63, 0x00, 0x9D, 0x05, 0x00, 0x00,
    0x10, 0x66, 0x00, 0x00, 0x00, 0x00, 0x00, 0x00, 0x03, 0x32, 0x32, 0x00,
    0xAD, 0x00, 0x00, 0x00, 0x02, 0x6E, 0x00, 0x15, 0x00, 0x00, 0x00, 0x63,
    0x6F, 0x6D, 0x70, 0x69, 0x6C, 0x65, 0x5F, 0x63, 0x6C, 0x6F, 0x73, 0x75,
    0x72, 0x65, 0x5F, 0x65, 0x78, 0x70, 0x72, 0x00, 0x04, 0x70, 0x00, 0x74,
    0x00, 0x00, 0x00, 0x03, 0x30, 0x00, 0x11, 0x00, 0x00, 0x00, 0x02, 0x6E,
    0x00, 0x05, 0x00, 0x00, 0x00, 0x6E, 0x6F, 0x64, 0x65, 0x00, 0x00, 0x03,
    0x31, 0x00, 0x12, 0x00, 0x00, 0x00, 0x02, 0x6E, 0x00, 0x06, 0x00, 0x00,
    0x00, 0x66, 0x72, 0x61, 0x6D, 0x65, 0x00, 0x00, 0x03, 0x32, 0x00, 0x10,
    0x00, 0x00, 0x00, 0x02, 0x6E, 0x00, 0x04, 0x00, 0x00, 0x00, 0x64, 0x73,
    0x74, 0x00, 0x00, 0x03, 0x33, 0x00, 0x11, 0x00, 0x00, 0x00, 0x02, 0x6E,
    0x00, 0x05, 0x00, 0x00, 0x00, 0x6E, 0x61, 0x6D, 0x65, 0x00, 0x00, 0x03,
    0x34, 0x00, 0x1C, 0x00, 0x00, 0x00, 0x02, 0x6E, 0x00, 0x09, 0x00, 0x00,
    0x00, 0x74, 0x6F, 0x6C, 0x65, 0x72, 0x61, 0x6E, 0x74, 0x00, 0x10, 0x64,
    0x00, 0x13, 0x00, 0x00, 0x00, 0x00, 0x00, 0x10, 0x6C, 0x00, 0x12, 0x00,
    0x00, 0x00, 0x10, 0x63, 0x00, 0x01, 0x06, 0x00, 0x00, 0x10, 0x66, 0x00,
    0x00, 0x00, 0x00, 0x00, 0x00, 0x03, 0x32, 0x33, 0x00, 0x9D, 0x00, 0x00,
    0x00, 0x02, 0x6E, 0x00, 0x12, 0x00, 0x00, 0x00, 0x63, 0x6F, 0x6D, 0x70,
    0x69, 0x6C, 0x65, 0x5F, 0x6E, 0x65, 0x73, 0x74, 0x65, 0x64, 0x5F, 0x66,
    0x6E, 0x00, 0x04, 0x70, 0x00, 0x67, 0x00, 0x00, 0x00, 0x03, 0x30, 0x00,
    0x11, 0x00, 0x00, 0x00, 0x02, 0x6E, 0x00, 0x05, 0x00, 0x00, 0x00, 0x6E,
    0x6F, 0x64, 0x65, 0x00, 0x00, 0x03, 0x31, 0x00, 0x12, 0x00, 0x00, 0x00,
    0x02, 0x6E, 0x00, 0x06, 0x00, 0x00, 0x00, 0x66, 0x72, 0x61, 0x6D, 0x65,
    0x00, 0x00, 0x03, 0x32, 0x00, 0x17, 0x00, 0x00, 0x00, 0x02, 0x6E, 0x00,
    0x04, 0x00, 0x00, 0x00, 0x70, 0x6F, 0x73, 0x00, 0x10, 0x64, 0x00, 0x0D,
    0x00, 0x00, 0x00, 0x00, 0x03, 0x33, 0x00, 0x1C, 0x00, 0x00, 0x00, 0x02,
    0x6E, 0x00, 0x09, 0x00, 0x00, 0x00, 0x74, 0x6F, 0x6C, 0x65, 0x72, 0x61,
    0x6E, 0x74, 0x00, 0x10, 0x64, 0x00, 0x13, 0x00, 0x00, 0x00, 0x00, 0x00,
    0x10, 0x6C, 0x00, 0x0B, 0x00, 0x00, 0x00, 0x10, 0x63, 0x00, 0x42, 0x06,
    0x00, 0x00, 0x10, 0x66, 0x00, 0x00, 0x00, 0x00, 0x00, 0x00, 0x03, 0x32,
    0x34, 0x00, 0x60, 0x00, 0x00, 0x00, 0x02, 0x6E, 0x00, 0x0E, 0x00, 0x00,
    0x00, 0x63, 0x6F, 0x6D, 0x70, 0x69, 0x6C, 0x65, 0x5F, 0x64, 0x65, 0x66,
    0x65, 0x72, 0x00, 0x04, 0x70, 0x00, 0x2E, 0x00, 0x00, 0x00, 0x03, 0x30,
    0x00, 0x11, 0x00, 0x00, 0x00, 0x02, 0x6E, 0x00, 0x05, 0x00, 0x00, 0x00,
    0x6E, 0x6F, 0x64, 0x65, 0x00, 0x00, 0x03, 0x31, 0x00, 0x12, 0x00, 0x00,
    0x00, 0x02, 0x6E, 0x00, 0x06, 0x00, 0x00, 0x00, 0x66, 0x72, 0x61, 0x6D,
    0x65, 0x00, 0x00, 0x00, 0x10, 0x6C, 0x00, 0x15, 0x00, 0x00, 0x00, 0x10,
    0x63, 0x00, 0x76, 0x06, 0x00, 0x00, 0x10, 0x66, 0x00, 0x00, 0x00, 0x00,
    0x00, 0x00, 0x00,
};

static const uint8_t functions_classes[] = {
    0x05, 0x00, 0x00, 0x00, 0x00,
};

static const uint8_t functions_messages[] = {
    0x93, 0x01, 0x00, 0x00, 0x03, 0x30, 0x00, 0x14, 0x00, 0x00, 0x00, 0x04,
    0x70, 0x00, 0x0C, 0x00, 0x00, 0x00, 0x10, 0x30, 0x00, 0x00, 0x00, 0x00,
    0x00, 0x00, 0x00, 0x03, 0x31, 0x00, 0x14, 0x00, 0x00, 0x00, 0x04, 0x70,
    0x00, 0x0C, 0x00, 0x00, 0x00, 0x10, 0x30, 0x00, 0x01, 0x00, 0x00, 0x00,
    0x00, 0x00, 0x03, 0x32, 0x00, 0x14, 0x00, 0x00, 0x00, 0x04, 0x70, 0x00,
    0x0C, 0x00, 0x00, 0x00, 0x10, 0x30, 0x00, 0x05, 0x00, 0x00, 0x00, 0x00,
    0x00, 0x03, 0x33, 0x00, 0x14, 0x00, 0x00, 0x00, 0x04, 0x70, 0x00, 0x0C,
    0x00, 0x00, 0x00, 0x10, 0x30, 0x00, 0x0E, 0x00, 0x00, 0x00, 0x00, 0x00,
    0x03, 0x34, 0x00, 0x14, 0x00, 0x00, 0x00, 0x04, 0x70, 0x00, 0x0C, 0x00,
    0x00, 0x00, 0x10, 0x30, 0x00, 0x10, 0x00, 0x00, 0x00, 0x00, 0x00, 0x03,
    0x35, 0x00, 0x14, 0x00, 0x00, 0x00, 0x04, 0x70, 0x00, 0x0C, 0x00, 0x00,
    0x00, 0x10, 0x30, 0x00, 0x11, 0x00, 0x00, 0x00, 0x00, 0x00, 0x03, 0x36,
    0x00, 0x14, 0x00, 0x00, 0x00, 0x04, 0x70, 0x00, 0x0C, 0x00, 0x00, 0x00,
    0x10, 0x30, 0x00, 0x12, 0x00, 0x00, 0x00, 0x00, 0x00, 0x03, 0x37, 0x00,
    0x14, 0x00, 0x00, 0x00, 0x04, 0x70, 0x00, 0x0C, 0x00, 0x00, 0x00, 0x10,
    0x30, 0x00, 0x13, 0x00, 0x00, 0x00, 0x00, 0x00, 0x03, 0x38, 0x00, 0x14,
    0x00, 0x00, 0x00, 0x04, 0x70, 0x00, 0x0C, 0x00, 0x00, 0x00, 0x10, 0x30,
    0x00, 0x16, 0x00, 0x00, 0x00, 0x00, 0x00, 0x03, 0x39, 0x00, 0x14, 0x00,
    0x00, 0x00, 0x04, 0x70, 0x00, 0x0C, 0x00, 0x00, 0x00, 0x10, 0x30, 0x00,
    0x17, 0x00, 0x00, 0x00, 0x00, 0x00, 0x03, 0x31, 0x30, 0x00, 0x14, 0x00,
    0x00, 0x00, 0x04, 0x70, 0x00, 0x0C, 0x00, 0x00, 0x00, 0x10, 0x30, 0x00,
    0x1C, 0x00, 0x00, 0x00, 0x00, 0x00, 0x03, 0x31, 0x31, 0x00, 0x14, 0x00,
    0x00, 0x00, 0x04, 0x70, 0x00, 0x0C, 0x00, 0x00, 0x00, 0x10, 0x30, 0x00,
    0x1E, 0x00, 0x00, 0x00, 0x00, 0x00, 0x03, 0x31, 0x32, 0x00, 0x14, 0x00,
    0x00, 0x00, 0x04, 0x70, 0x00, 0x0C, 0x00, 0x00, 0x00, 0x10, 0x30, 0x00,
    0x20, 0x00, 0x00, 0x00, 0x00, 0x00, 0x03, 0x31, 0x33, 0x00, 0x14, 0x00,
    0x00, 0x00, 0x04, 0x70, 0x00, 0x0C, 0x00, 0x00, 0x00, 0x10, 0x30, 0x00,
    0x21, 0x00, 0x00, 0x00, 0x00, 0x00, 0x03, 0x31, 0x34, 0x00, 0x14, 0x00,
    0x00, 0x00, 0x04, 0x70, 0x00, 0x0C, 0x00, 0x00, 0x00, 0x10, 0x30, 0x00,
    0x2E, 0x00, 0x00, 0x00, 0x00, 0x00, 0x03, 0x31, 0x35, 0x00, 0x14, 0x00,
    0x00, 0x00, 0x04, 0x70, 0x00, 0x0C, 0x00, 0x00, 0x00, 0x10, 0x30, 0x00,
    0x33, 0x00, 0x00, 0x00, 0x00, 0x00, 0x03, 0x31, 0x36, 0x00, 0x14, 0x00,
    0x00, 0x00, 0x04, 0x70, 0x00, 0x0C, 0x00, 0x00, 0x00, 0x10, 0x30, 0x00,
    0x35, 0x00, 0x00, 0x00, 0x00, 0x00, 0x00,
};

static const uint8_t functions_exports[] = {
    0x16, 0x02, 0x00, 0x00, 0x10, 0x73, 0x74, 0x64, 0x00, 0x00, 0x00, 0x00,
    0x00, 0x10, 0x77, 0x79, 0x72, 0x6D, 0x00, 0x01, 0x00, 0x00, 0x00, 0x10,
    0x5F, 0x74, 0x61, 0x69, 0x6C, 0x00, 0x02, 0x00, 0x00, 0x00, 0x10, 0x5F,
    0x66, 0x69, 0x65, 0x6C, 0x64, 0x00, 0x03, 0x00, 0x00, 0x00, 0x10, 0x5F,
    0x63, 0x6F, 0x70, 0x79, 0x5F, 0x6C, 0x69, 0x73, 0x74, 0x00, 0x04, 0x00,
    0x00, 0x00, 0x10, 0x5F, 0x65, 0x6D, 0x69, 0x74, 0x5F, 0x70, 0x61, 0x63,
    0x6B, 0x00, 0x05, 0x00, 0x00, 0x00, 0x10, 0x5F, 0x65, 0x6D, 0x69, 0x74,
    0x5F, 0x70, 0x61, 0x69, 0x72, 0x61, 0x62, 0x6C, 0x65, 0x00, 0x06, 0x00,
    0x00, 0x00, 0x10, 0x63, 0x6F, 0x6D, 0x70, 0x69, 0x6C, 0x65, 0x5F, 0x66,
    0x75, 0x6E, 0x63, 0x74, 0x69, 0x6F, 0x6E, 0x00, 0x07, 0x00, 0x00, 0x00,
    0x10, 0x70, 0x61, 0x72, 0x61, 0x6D, 0x5F, 0x73, 0x70, 0x65, 0x63, 0x00,
    0x08, 0x00, 0x00, 0x00, 0x10, 0x70, 0x61, 0x72, 0x61, 0x6D, 0x5F, 0x6E,
    0x61, 0x6D, 0x65, 0x73, 0x00, 0x09, 0x00, 0x00, 0x00, 0x10, 0x5F, 0x63,
    0x6F, 0x6E, 0x73, 0x74, 0x61, 0x6E, 0x74, 0x5F, 0x76, 0x61, 0x6C, 0x75,
    0x65, 0x00, 0x0A, 0x00, 0x00, 0x00, 0x10, 0x5F, 0x63, 0x61, 0x70, 0x74,
    0x75, 0x72, 0x65, 0x73, 0x00, 0x0B, 0x00, 0x00, 0x00, 0x10, 0x5F, 0x63,
    0x65, 0x6C, 0x6C, 0x73, 0x00, 0x0C, 0x00, 0x00, 0x00, 0x10, 0x5F, 0x61,
    0x6C, 0x6C, 0x6F, 0x63, 0x61, 0x74, 0x65, 0x5F, 0x73, 0x6C, 0x6F, 0x74,
    0x73, 0x00, 0x0D, 0x00, 0x00, 0x00, 0x10, 0x5F, 0x63, 0x65, 0x6C, 0x6C,
    0x73, 0x5F, 0x74, 0x6F, 0x5F, 0x73, 0x65, 0x65, 0x64, 0x00, 0x0E, 0x00,
    0x00, 0x00, 0x10, 0x5F, 0x73, 0x6F, 0x72, 0x74, 0x5F, 0x6E, 0x61, 0x6D,
    0x65, 0x73, 0x00, 0x0F, 0x00, 0x00, 0x00, 0x10, 0x5F, 0x70, 0x72, 0x6F,
    0x6C, 0x6F, 0x67, 0x75, 0x65, 0x00, 0x10, 0x00, 0x00, 0x00, 0x10, 0x5F,
    0x62, 0x6F, 0x64, 0x79, 0x5F, 0x61, 0x6E, 0x64, 0x5F, 0x65, 0x70, 0x69,
    0x6C, 0x6F, 0x67, 0x75, 0x65, 0x00, 0x11, 0x00, 0x00, 0x00, 0x10, 0x5F,
    0x74, 0x72, 0x79, 0x5F, 0x63, 0x6F, 0x6D, 0x70, 0x69, 0x6C, 0x65, 0x00,
    0x12, 0x00, 0x00, 0x00, 0x10, 0x5F, 0x6D, 0x61, 0x6B, 0x65, 0x5F, 0x73,
    0x74, 0x75, 0x62, 0x00, 0x13, 0x00, 0x00, 0x00, 0x10, 0x5F, 0x63, 0x6F,
    0x6D, 0x70, 0x69, 0x6C, 0x65, 0x5F, 0x6F, 0x72, 0x5F, 0x73, 0x74, 0x75,
    0x62, 0x00, 0x14, 0x00, 0x00, 0x00, 0x10, 0x63, 0x6F, 0x6D, 0x70, 0x69,
    0x6C, 0x65, 0x5F, 0x63, 0x61, 0x6C, 0x6C, 0x61, 0x62, 0x6C, 0x65, 0x00,
    0x15, 0x00, 0x00, 0x00, 0x10, 0x5F, 0x64, 0x65, 0x63, 0x6C, 0x61, 0x72,
    0x65, 0x5F, 0x73, 0x74, 0x61, 0x74, 0x69, 0x63, 0x73, 0x00, 0x16, 0x00,
    0x00, 0x00, 0x10, 0x65, 0x6D, 0x69, 0x74, 0x5F, 0x63, 0x6C, 0x6F, 0x73,
    0x75, 0x72, 0x65, 0x00, 0x17, 0x00, 0x00, 0x00, 0x10, 0x63, 0x6F, 0x6D,
    0x70, 0x69, 0x6C, 0x65, 0x5F, 0x63, 0x6C, 0x6F, 0x73, 0x75, 0x72, 0x65,
    0x5F, 0x65, 0x78, 0x70, 0x72, 0x00, 0x18, 0x00, 0x00, 0x00, 0x10, 0x63,
    0x6F, 0x6D, 0x70, 0x69, 0x6C, 0x65, 0x5F, 0x6E, 0x65, 0x73, 0x74, 0x65,
    0x64, 0x5F, 0x66, 0x6E, 0x00, 0x19, 0x00, 0x00, 0x00, 0x10, 0x63, 0x6F,
    0x6D, 0x70, 0x69, 0x6C, 0x65, 0x5F, 0x64, 0x65, 0x66, 0x65, 0x72, 0x00,
    0x1A, 0x00, 0x00, 0x00, 0x10, 0x46, 0x4E, 0x5F, 0x43, 0x4F, 0x52, 0x4F,
    0x55, 0x54, 0x49, 0x4E, 0x45, 0x00, 0x1B, 0x00, 0x00, 0x00, 0x10, 0x46,
    0x4E, 0x5F, 0x56, 0x41, 0x52, 0x41, 0x52, 0x47, 0x53, 0x00, 0x1C, 0x00,
    0x00, 0x00, 0x10, 0x46, 0x4E, 0x5F, 0x4B, 0x57, 0x41, 0x52, 0x47, 0x53,
    0x00, 0x1D, 0x00, 0x00, 0x00, 0x00,
};

static const uint8_t functions_free[] = {
    0xAD, 0x01, 0x00, 0x00, 0x10, 0x65, 0x72, 0x72, 0x6F, 0x72, 0x00, 0x1E,
    0x00, 0x00, 0x00, 0x10, 0x63, 0x64, 0x72, 0x00, 0x1F, 0x00, 0x00, 0x00,
    0x10, 0x63, 0x61, 0x72, 0x00, 0x20, 0x00, 0x00, 0x00, 0x10, 0x70, 0x61,
    0x63, 0x6B, 0x00, 0x21, 0x00, 0x00, 0x00, 0x10, 0x70, 0x61, 0x63, 0x6B,
    0x5F, 0x70, 0x61, 0x69, 0x72, 0x61, 0x62, 0x6C, 0x65, 0x00, 0x22, 0x00,
    0x00, 0x00, 0x10, 0x6E, 0x6F, 0x64, 0x65, 0x5F, 0x6B, 0x69, 0x6E, 0x64,
    0x00, 0x23, 0x00, 0x00, 0x00, 0x10, 0x73, 0x74, 0x72, 0x00, 0x24, 0x00,
    0x00, 0x00, 0x10, 0x62, 0x6F, 0x75, 0x6E, 0x64, 0x61, 0x72, 0x79, 0x5F,
    0x70, 0x61, 0x72, 0x61, 0x6D, 0x73, 0x00, 0x25, 0x00, 0x00, 0x00, 0x10,
    0x62, 0x6F, 0x75, 0x6E, 0x64, 0x61, 0x72, 0x79, 0x5F, 0x62, 0x6F, 0x64,
    0x79, 0x00, 0x26, 0x00, 0x00, 0x00, 0x10, 0x70, 0x61, 0x72, 0x61, 0x6D,
    0x5F, 0x70, 0x61, 0x72, 0x74, 0x73, 0x00, 0x27, 0x00, 0x00, 0x00, 0x10,
    0x6D, 0x61, 0x6B, 0x65, 0x5F, 0x66, 0x6E, 0x5F, 0x70, 0x61, 0x72, 0x61,
    0x6D, 0x00, 0x28, 0x00, 0x00, 0x00, 0x10, 0x66, 0x72, 0x65, 0x65, 0x5F,
    0x6E, 0x61, 0x6D, 0x65, 0x73, 0x00, 0x29, 0x00, 0x00, 0x00, 0x10, 0x63,
    0x65, 0x6C, 0x6C, 0x5F, 0x6E, 0x61, 0x6D, 0x65, 0x73, 0x00, 0x2A, 0x00,
    0x00, 0x00, 0x10, 0x6E, 0x6F, 0x74, 0x65, 0x5F, 0x6E, 0x61, 0x6D, 0x65,
    0x00, 0x2B, 0x00, 0x00, 0x00, 0x10, 0x6C, 0x65, 0x6E, 0x00, 0x2C, 0x00,
    0x00, 0x00, 0x10, 0x6F, 0x77, 0x6E, 0x5F, 0x64, 0x65, 0x63, 0x6C, 0x61,
    0x72, 0x65, 0x64, 0x5F, 0x6E, 0x61, 0x6D, 0x65, 0x73, 0x00, 0x2D, 0x00,
    0x00, 0x00, 0x10, 0x62, 0x6F, 0x64, 0x79, 0x5F, 0x73, 0x74, 0x61, 0x74,
    0x65, 0x6D, 0x65, 0x6E, 0x74, 0x73, 0x00, 0x2E, 0x00, 0x00, 0x00, 0x10,
    0x63, 0x6F, 0x6D, 0x70, 0x69, 0x6C, 0x65, 0x5F, 0x62, 0x6F, 0x64, 0x79,
    0x00, 0x2F, 0x00, 0x00, 0x00, 0x10, 0x46, 0x6E, 0x43, 0x6F, 0x6E, 0x74,
    0x65, 0x78, 0x74, 0x00, 0x30, 0x00, 0x00, 0x00, 0x10, 0x77, 0x61, 0x6C,
    0x6B, 0x5F, 0x62, 0x6F, 0x64, 0x79, 0x00, 0x31, 0x00, 0x00, 0x00, 0x10,
    0x4C, 0x00, 0x32, 0x00, 0x00, 0x00, 0x10, 0x73, 0x74, 0x6F, 0x72, 0x65,
    0x5F, 0x72, 0x65, 0x67, 0x00, 0x33, 0x00, 0x00, 0x00, 0x10, 0x64, 0x65,
    0x66, 0x65, 0x72, 0x5F, 0x70, 0x61, 0x72, 0x74, 0x73, 0x00, 0x34, 0x00,
    0x00, 0x00, 0x10, 0x73, 0x65, 0x74, 0x5F, 0x63, 0x6C, 0x6F, 0x73, 0x75,
    0x72, 0x65, 0x5F, 0x63, 0x6F, 0x6D, 0x70, 0x69, 0x6C, 0x65, 0x72, 0x00,
    0x35, 0x00, 0x00, 0x00, 0x10, 0x73, 0x65, 0x74, 0x5F, 0x6E, 0x65, 0x73,
    0x74, 0x65, 0x64, 0x5F, 0x66, 0x6E, 0x5F, 0x63, 0x6F, 0x6D, 0x70, 0x69,
    0x6C, 0x65, 0x72, 0x00, 0x36, 0x00, 0x00, 0x00, 0x10, 0x73, 0x65, 0x74,
    0x5F, 0x64, 0x65, 0x66, 0x65, 0x72, 0x5F, 0x63, 0x6F, 0x6D, 0x70, 0x69,
    0x6C, 0x65, 0x72, 0x00, 0x37, 0x00, 0x00, 0x00, 0x00,
};

static const uint32_t functions_code[] = {
    0x00000047,                /* 0000  import L0 <- static#0   ("std") */
    0x00000043,                /* 0001  gset g0 <- L0   (std) */
    0x00010047,                /* 0002  import L0 <- static#1   ("std::pairs") */
    0x000100B5, 0x00000000,    /* 0003  import_star static#1 except 0, 0 names   ("std::pairs") */
    0x00020047,                /* 0005  import L0 <- static#2   ("wyrm") */
    0x00010043,                /* 0006  gset g1 <- L0   (wyrm) */
    0x00030047,                /* 0007  import L0 <- static#3   ("wyrm::opcodes") */
    0x000300B5, 0x00000000,    /* 0008  import_star static#3 except 0, 0 names   ("wyrm::opcodes") */
    0x00020047,                /* 000A  import L0 <- static#2   ("wyrm") */
    0x00010043,                /* 000B  gset g1 <- L0   (wyrm) */
    0x00040047,                /* 000C  import L0 <- static#4   ("wyrm::compiler") */
    0x00050047,                /* 000D  import L0 <- static#5   ("wyrm::compiler::context") */
    0x000500B5, 0x00000000,    /* 000E  import_star static#5 except 0, 0 names   ("wyrm::compiler::context") */
    0x00020047,                /* 0010  import L0 <- static#2   ("wyrm") */
    0x00010043,                /* 0011  gset g1 <- L0   (wyrm) */
    0x00040047,                /* 0012  import L0 <- static#4   ("wyrm::compiler") */
    0x00060047,                /* 0013  import L0 <- static#6   ("wyrm::compiler::analysis") */
    0x000600B5, 0x00000000,    /* 0014  import_star static#6 except 0, 0 names   ("wyrm::compiler::analysis") */
    0x00020047,                /* 0016  import L0 <- static#2   ("wyrm") */
    0x00010043,                /* 0017  gset g1 <- L0   (wyrm) */
    0x00040047,                /* 0018  import L0 <- static#4   ("wyrm::compiler") */
    0x00070047,                /* 0019  import L0 <- static#7   ("wyrm::compiler::expressions") */
    0x000700B5, 0x00000000,    /* 001A  import_star static#7 except 0, 0 names   ("wyrm::compiler::expressions") */
    0x00020047,                /* 001C  import L0 <- static#2   ("wyrm") */
    0x00010043,                /* 001D  gset g1 <- L0   (wyrm) */
    0x00040047,                /* 001E  import L0 <- static#4   ("wyrm::compiler") */
    0x00080047,                /* 001F  import L0 <- static#8   ("wyrm::compiler::statements") */
    0x000800B5, 0x00000000,    /* 0020  import_star static#8 except 0, 0 names   ("wyrm::compiler::statements") */
    0x00000140,                /* 0022  i8 L0 <- 1 */
    0x001B0043,                /* 0023  gset g27 <- L0   (FN_COROUTINE) */
    0x00000440,                /* 0024  i8 L0 <- 4 */
    0x001C0043,                /* 0025  gset g28 <- L0   (FN_VARARGS) */
    0x00000840,                /* 0026  i8 L0 <- 8 */
    0x001D0043,                /* 0027  gset g29 <- L0   (FN_KWARGS) */
    0x000000A8, 0x00000000,    /* 0028  closure L0 <- fn#0, 0 caps */
    0x00020043,                /* 002A  gset g2 <- L0   (_tail) */
    0x000000A8, 0x00010000,    /* 002B  closure L0 <- fn#1, 0 caps */
    0x00030043,                /* 002D  gset g3 <- L0   (_field) */
    0x000000A8, 0x00020000,    /* 002E  closure L0 <- fn#2, 0 caps */
    0x00040043,                /* 0030  gset g4 <- L0   (_copy_list) */
    0x000000A8, 0x00030000,    /* 0031  closure L0 <- fn#3, 0 caps */
    0x00050043,                /* 0033  gset g5 <- L0   (_emit_pack) */
    0x000000A8, 0x00040000,    /* 0034  closure L0 <- fn#4, 0 caps */
    0x00060043,                /* 0036  gset g6 <- L0   (_emit_pairable) */
    0x000000A8, 0x00050000,    /* 0037  closure L0 <- fn#5, 0 caps */
    0x00070043,                /* 0039  gset g7 <- L0   (compile_function) */
    0x000000A8, 0x00060000,    /* 003A  closure L0 <- fn#6, 0 caps */
    0x00080043,                /* 003C  gset g8 <- L0   (param_spec) */
    0x000000A8, 0x00070000,    /* 003D  closure L0 <- fn#7, 0 caps */
    0x00090043,                /* 003F  gset g9 <- L0   (param_names) */
    0x000000A8, 0x00080000,    /* 0040  closure L0 <- fn#8, 0 caps */
    0x000A0043,                /* 0042  gset g10 <- L0   (_constant_value) */
    0x000000A8, 0x00090000,    /* 0043  closure L0 <- fn#9, 0 caps */
    0x000B0043,                /* 0045  gset g11 <- L0   (_captures) */
    0x000000A8, 0x000A0000,    /* 0046  closure L0 <- fn#10, 0 caps */
    0x000C0043,                /* 0048  gset g12 <- L0   (_cells) */
    0x000000A8, 0x000B0000,    /* 0049  closure L0 <- fn#11, 0 caps */
    0x000D0043,                /* 004B  gset g13 <- L0   (_allocate_slots) */
    0x000000A8, 0x000C0000,    /* 004C  closure L0 <- fn#12, 0 caps */
    0x000E0043,                /* 004E  gset g14 <- L0   (_cells_to_seed) */
    0x000000A8, 0x000D0000,    /* 004F  closure L0 <- fn#13, 0 caps */
    0x000F0043,                /* 0051  gset g15 <- L0   (_sort_names) */
    0x000000A8, 0x000E0000,    /* 0052  closure L0 <- fn#14, 0 caps */
    0x00100043,                /* 0054  gset g16 <- L0   (_prologue) */
    0x000000A8, 0x000F0000,    /* 0055  closure L0 <- fn#15, 0 caps */
    0x00110043,                /* 0057  gset g17 <- L0   (_body_and_epilogue) */
    0x000000A8, 0x00100000,    /* 0058  closure L0 <- fn#16, 0 caps */
    0x00120043,                /* 005A  gset g18 <- L0   (_try_compile) */
    0x000000A8, 0x00110000,    /* 005B  closure L0 <- fn#17, 0 caps */
    0x00130043,                /* 005D  gset g19 <- L0   (_make_stub) */
    0x000000A8, 0x00120000,    /* 005E  closure L0 <- fn#18, 0 caps */
    0x00140043,                /* 0060  gset g20 <- L0   (_compile_or_stub) */
    0x000000A8, 0x00130000,    /* 0061  closure L0 <- fn#19, 0 caps */
    0x00150043,                /* 0063  gset g21 <- L0   (compile_callable) */
    0x000000A8, 0x00140000,    /* 0064  closure L0 <- fn#20, 0 caps */
    0x00160043,                /* 0066  gset g22 <- L0   (_declare_statics) */
    0x000000A8, 0x00150000,    /* 0067  closure L0 <- fn#21, 0 caps */
    0x00170043,                /* 0069  gset g23 <- L0   (emit_closure) */
    0x000000A8, 0x00160000,    /* 006A  closure L0 <- fn#22, 0 caps */
    0x00180043,                /* 006C  gset g24 <- L0   (compile_closure_expr) */
    0x000000A8, 0x00170000,    /* 006D  closure L0 <- fn#23, 0 caps */
    0x00190043,                /* 006F  gset g25 <- L0   (compile_nested_fn) */
    0x000000A8, 0x00180000,    /* 0070  closure L0 <- fn#24, 0 caps */
    0x001A0043,                /* 0072  gset g26 <- L0   (compile_defer) */
    0x00350042,                /* 0073  gget L0 <- g53   (set_closure_compiler) */
    0x00180142,                /* 0074  gget L1 <- g24   (compile_closure_expr) */
    0x000001A0, 0x00010000,    /* 0075  call base=L0 argc=1 nres=1 */
    0x00360042,                /* 0077  gget L0 <- g54   (set_nested_fn_compiler) */
    0x00190142,                /* 0078  gget L1 <- g25   (compile_nested_fn) */
    0x000001A0, 0x00010000,    /* 0079  call base=L0 argc=1 nres=1 */
    0x00370042,                /* 007B  gget L0 <- g55   (set_defer_compiler) */
    0x001A0142,                /* 007C  gget L1 <- g26   (compile_defer) */
    0x000001A0, 0x00010000,    /* 007D  call base=L0 argc=1 nres=1 */
    0x00000002,                /* 007F  return count=0 */
    0x00008041,                /* 0080  move L0 <- P0 */
    0x00010040,                /* 0081  i8 L1 <- 0 */
    0x00020091, 0x00018001,    /* 0082  lt L2 <- L1 < P1 */
    0x0013024B,                /* 0084  jf L2, +19 */
    0x00090246,                /* 0085  lconst L2 <- static#9   ("pair") */
    0x00030097, 0x00000002,    /* 0086  is L3 <- L0 is L2 */
    0x0004034A,                /* 0088  not L4 <- L3 */
    0x0005044B,                /* 0089  jf L4, +5 */
    0x001E0242,                /* 008A  gget L2 <- g30   (error) */
    0x000A0346,                /* 008B  lconst L3 <- static#10   ("index out of range") */
    0x000201A0, 0x00010000,    /* 008C  call base=L2 argc=1 nres=1 */
    0x00020102,                /* 008E  return L2 count=1 */
    0x001F0242,                /* 008F  gget L2 <- g31   (cdr) */
    0x00030041,                /* 0090  move L3 <- L0 */
    0x000201A0, 0x00010000,    /* 0091  call base=L2 argc=1 nres=1 */
    0x00000241,                /* 0093  move L0 <- L2 */
    0x00020140,                /* 0094  i8 L2 <- 1 */
    0x00010085, 0x00010002,    /* 0095  add L1 <- L1 + L2 */
    0xFFEA004F,                /* 0097  jmp -22 */
    0x00000102,                /* 0098  return L0 count=1 */
    0x00020142,                /* 0099  gget L1 <- g2   (_tail) */
    0x00028041,                /* 009A  move L2 <- P0 */
    0x00038141,                /* 009B  move L3 <- P1 */
    0x000102A0, 0x00010000,    /* 009C  call base=L1 argc=2 nres=1 */
    0x00000141,                /* 009E  move L0 <- L1 */
    0x000B0146,                /* 009F  lconst L1 <- static#11   ("error") */
    0x00020097, 0x00000001,    /* 00A0  is L2 <- L0 is L1 */
    0x0001024B,                /* 00A2  jf L2, +1 */
    0x00000102,                /* 00A3  return L0 count=1 */
    0x00200142,                /* 00A4  gget L1 <- g32   (car) */
    0x00020041,                /* 00A5  move L2 <- L0 */
    0x000101A0, 0x00010000,    /* 00A6  call base=L1 argc=1 nres=1 */
    0x00010102,                /* 00A8  return L1 count=1 */
    0x00000082, 0x00020000,    /* 00A9  list L0 <- L2, 0 items */
    0x000200AE, 0x80000000,    /* 00AB  iter L2 <- P0 */
    0x000100AF, 0x00020005,    /* 00AD  itnext L1 <- L2, done +5 */
    0x00030041,                /* 00AF  move L3 <- L0 */
    0x00040141,                /* 00B0  move L4 <- L1 */
    0x000301A2, 0x00000001,    /* 00B1  msg base=L3 argc=1 msg#0 nres=1   (append) */
    0xFFF9004F,                /* 00B3  jmp -7 */
    0x00000102,                /* 00B4  return L0 count=1 */
    0x00210142,                /* 00B5  gget L1 <- g33   (pack) */
    0x00048141,                /* 00B6  move L4 <- P1 */
    0x00050181, 0x00040000,    /* 00B7  tuple L5 <- L4, 1 items */
    0x00020541,                /* 00B9  move L2 <- L5 */
    0x000E0446,                /* 00BA  lconst L4 <- static#14   ("f") */
    0x00058241,                /* 00BB  move L5 <- P2 */
    0x000F0646,                /* 00BC  lconst L6 <- static#15   ("a0") */
    0x00078341,                /* 00BD  move L7 <- P3 */
    0x00100846,                /* 00BE  lconst L8 <- static#16   ("a1") */
    0x00098441,                /* 00BF  move L9 <- P4 */
    0x00110A46,                /* 00C0  lconst L10 <- static#17   ("a2") */
    0x000B8541,                /* 00C1  move L11 <- P5 */
    0x00120C46,                /* 00C2  lconst L12 <- static#18   ("w1") */
    0x000D8641,                /* 00C3  move L13 <- P6 */
    0x000E0583, 0x00040000,    /* 00C4  dict L14 <- L4, 5 pairs */
    0x00030E41,                /* 00C6  move L3 <- L14 */
    0x000100A1, 0x00010000,    /* 00C7  call_va base=L1 nres=1 */
    0x00000141,                /* 00C9  move L0 <- L1 */
    0x000B0146,                /* 00CA  lconst L1 <- static#11   ("error") */
    0x00020097, 0x00000001,    /* 00CB  is L2 <- L0 is L1 */
    0x0001024B,                /* 00CD  jf L2, +1 */
    0x00000102,                /* 00CE  return L0 count=1 */
    0x00018041,                /* 00CF  move L1 <- P0 */
    0x00020041,                /* 00D0  move L2 <- L0 */
    0x000101A2, 0x00010001,    /* 00D1  msg base=L1 argc=1 msg#1 nres=1   (emit_words) */
    0x00010003,                /* 00D3  lnil L1 */
    0x00010102,                /* 00D4  return L1 count=1 */
    0x00220142,                /* 00D5  gget L1 <- g34   (pack_pairable) */
    0x00028141,                /* 00D6  move L2 <- P1 */
    0x00038241,                /* 00D7  move L3 <- P2 */
    0x00048341,                /* 00D8  move L4 <- P3 */
    0x000103A0, 0x00010000,    /* 00D9  call base=L1 argc=3 nres=1 */
    0x00000141,                /* 00DB  move L0 <- L1 */
    0x000B0146,                /* 00DC  lconst L1 <- static#11   ("error") */
    0x00020097, 0x00000001,    /* 00DD  is L2 <- L0 is L1 */
    0x0001024B,                /* 00DF  jf L2, +1 */
    0x00000102,                /* 00E0  return L0 count=1 */
    0x00018041,                /* 00E1  move L1 <- P0 */
    0x00020041,                /* 00E2  move L2 <- L0 */
    0x000101A2, 0x00010001,    /* 00E3  msg base=L1 argc=1 msg#1 nres=1   (emit_words) */
    0x00010003,                /* 00E5  lnil L1 */
    0x00010102,                /* 00E6  return L1 count=1 */
    0x00030542,                /* 00E7  gget L5 <- g3   (_field) */
    0x00068041,                /* 00E8  move L6 <- P0 */
    0x00070240,                /* 00E9  i8 L7 <- 2 */
    0x000502A0, 0x00010000,    /* 00EA  call base=L5 argc=2 nres=1 */
    0x00000541,                /* 00EC  move L0 <- L5 */
    0x0001004E,                /* 00ED  jnerr L0, +1 */
    0x00000003,                /* 00EE  lnil L0 */
    0x00140546,                /* 00EF  lconst L5 <- static#20   ("nil") */
    0x00060097, 0x00000005,    /* 00F0  is L6 <- L0 is L5 */
    0x0007064A,                /* 00F2  not L7 <- L6 */
    0x0005074B,                /* 00F3  jf L7, +5 */
    0x001E0542,                /* 00F4  gget L5 <- g30   (error) */
    0x00150646,                /* 00F5  lconst L6 <- static#21   ("the bytecode compiler does not support dispatch on a class target (`frame [T] name`) yet") */
    0x000501A0, 0x00010000,    /* 00F6  call base=L5 argc=1 nres=1 */
    0x00050102,                /* 00F8  return L5 count=1 */
    0x00018341,                /* 00F9  move L1 <- P3 */
    0x00230542,                /* 00FA  gget L5 <- g35   (node_kind) */
    0x00068041,                /* 00FB  move L6 <- P0 */
    0x000501A0, 0x00010000,    /* 00FC  call base=L5 argc=1 nres=1 */
    0x00020645,                /* 00FE  lsym L6 <- sym#2   ("co_def") */
    0x0007008F, 0x00050006,    /* 00FF  eq L7 <- L5 == L6 */
    0x0003074B,                /* 0101  jf L7, +3 */
    0x001B0542,                /* 0102  gget L5 <- g27   (FN_COROUTINE) */
    0x0001008C, 0x00010005,    /* 0103  bor L1 <- L1 | L5 */
    0x00028241,                /* 0105  move L2 <- P2 */
    0x00140546,                /* 0106  lconst L5 <- static#20   ("nil") */
    0x00060097, 0x00020005,    /* 0107  is L6 <- L2 is L5 */
    0x000C064B,                /* 0109  jf L6, +12 */
    0x00240542,                /* 010A  gget L5 <- g36   (str) */
    0x00030742,                /* 010B  gget L7 <- g3   (_field) */
    0x00088041,                /* 010C  move L8 <- P0 */
    0x00090140,                /* 010D  i8 L9 <- 1 */
    0x000702A0, 0x00010000,    /* 010E  call base=L7 argc=2 nres=1 */
    0x00060741,                /* 0110  move L6 <- L7 */
    0x0001064E,                /* 0111  jnerr L6, +1 */
    0x00060003,                /* 0112  lnil L6 */
    0x000501A0, 0x00010000,    /* 0113  call base=L5 argc=1 nres=1 */
    0x00020541,                /* 0115  move L2 <- L5 */
    0x00250542,                /* 0116  gget L5 <- g37   (boundary_params) */
    0x00068041,                /* 0117  move L6 <- P0 */
    0x000501A0, 0x00010000,    /* 0118  call base=L5 argc=1 nres=1 */
    0x00030541,                /* 011A  move L3 <- L5 */
    0x00260542,                /* 011B  gget L5 <- g38   (boundary_body) */
    0x00068041,                /* 011C  move L6 <- P0 */
    0x000501A0, 0x00010000,    /* 011D  call base=L5 argc=1 nres=1 */
    0x00040541,                /* 011F  move L4 <- L5 */
    0x00150542,                /* 0120  gget L5 <- g21   (compile_callable) */
    0x00068141,                /* 0121  move L6 <- P1 */
    0x00070241,                /* 0122  move L7 <- L2 */
    0x00080341,                /* 0123  move L8 <- L3 */
    0x00090441,                /* 0124  move L9 <- L4 */
    0x000A0003,                /* 0125  lnil L10 */
    0x000B0141,                /* 0126  move L11 <- L1 */
    0x000C8441,                /* 0127  move L12 <- P4 */
    0x000D0082, 0x000D0000,    /* 0128  list L13 <- L13, 0 items */
    0x000E0003,                /* 012A  lnil L14 */
    0x000F8541,                /* 012B  move L15 <- P5 */
    0x00050AA0, 0x00010000,    /* 012C  call base=L5 argc=10 nres=1 */
    0x00050102,                /* 012E  return L5 count=1 */
    0x00000082, 0x000F0000,    /* 012F  list L0 <- L15, 0 items */
    0x00010082, 0x000F0000,    /* 0131  list L1 <- L15, 0 items */
    0x00020040,                /* 0133  i8 L2 <- 0 */
    0x00030004,                /* 0134  lbool L3 <- 0 */
    0x00048041,                /* 0135  move L4 <- P0 */
    0x00090F46,                /* 0136  lconst L15 <- static#9   ("pair") */
    0x00100097, 0x0004000F,    /* 0137  is L16 <- L4 is L15 */
    0x00A9104B,                /* 0139  jf L16, +169 */
    0x00270F42,                /* 013A  gget L15 <- g39   (param_parts) */
    0x00201042,                /* 013B  gget L16 <- g32   (car) */
    0x00110441,                /* 013C  move L17 <- L4 */
    0x001001A0, 0x00010000,    /* 013D  call base=L16 argc=1 nres=1 */
    0x000F01A0, 0x00010000,    /* 013F  call base=L15 argc=1 nres=1 */
    0x00050F41,                /* 0141  move L5 <- L15 */
    0x000F0040,                /* 0142  i8 L15 <- 0 */
    0x00060098, 0x0005000F,    /* 0143  getidx L6 <- L5[L15] */
    0x00030F45,                /* 0145  lsym L15 <- sym#3   ("var_positional") */
    0x0010008F, 0x0006000F,    /* 0146  eq L16 <- L6 == L15 */
    0x0017104B,                /* 0148  jf L16, +23 */
    0x001C0F42,                /* 0149  gget L15 <- g28   (FN_VARARGS) */
    0x0002008C, 0x0002000F,    /* 014A  bor L2 <- L2 | L15 */
    0x00030104,                /* 014C  lbool L3 <- 1 */
    0x000F0140,                /* 014D  i8 L15 <- 1 */
    0x00080098, 0x0005000F,    /* 014E  getidx L8 <- L5[L15] */
    0x000F0041,                /* 0150  move L15 <- L0 */
    0x00100841,                /* 0151  move L16 <- L8 */
    0x000F01A2, 0x00000001,    /* 0152  msg base=L15 argc=1 msg#0 nres=1   (append) */
    0x000F0141,                /* 0154  move L15 <- L1 */
    0x00281042,                /* 0155  gget L16 <- g40   (make_fn_param) */
    0x00241142,                /* 0156  gget L17 <- g36   (str) */
    0x00120841,                /* 0157  move L18 <- L8 */
    0x001101A0, 0x00010000,    /* 0158  call base=L17 argc=1 nres=1 */
    0x00120003,                /* 015A  lnil L18 */
    0x001002A0, 0x00010000,    /* 015B  call base=L16 argc=2 nres=1 */
    0x000F01A2, 0x00000001,    /* 015D  msg base=L15 argc=1 msg#0 nres=1   (append) */
    0x007D004F,                /* 015F  jmp +125 */
    0x00040F45,                /* 0160  lsym L15 <- sym#4   ("var_keyword") */
    0x0010008F, 0x0006000F,    /* 0161  eq L16 <- L6 == L15 */
    0x0017104B,                /* 0163  jf L16, +23 */
    0x001D0F42,                /* 0164  gget L15 <- g29   (FN_KWARGS) */
    0x0002008C, 0x0002000F,    /* 0165  bor L2 <- L2 | L15 */
    0x00030104,                /* 0167  lbool L3 <- 1 */
    0x000F0140,                /* 0168  i8 L15 <- 1 */
    0x00090098, 0x0005000F,    /* 0169  getidx L9 <- L5[L15] */
    0x000F0041,                /* 016B  move L15 <- L0 */
    0x00100941,                /* 016C  move L16 <- L9 */
    0x000F01A2, 0x00000001,    /* 016D  msg base=L15 argc=1 msg#0 nres=1   (append) */
    0x000F0141,                /* 016F  move L15 <- L1 */
    0x00281042,                /* 0170  gget L16 <- g40   (make_fn_param) */
    0x00241142,                /* 0171  gget L17 <- g36   (str) */
    0x00120941,                /* 0172  move L18 <- L9 */
    0x001101A0, 0x00010000,    /* 0173  call base=L17 argc=1 nres=1 */
    0x00120003,                /* 0175  lnil L18 */
    0x001002A0, 0x00010000,    /* 0176  call base=L16 argc=2 nres=1 */
    0x000F01A2, 0x00000001,    /* 0178  msg base=L15 argc=1 msg#0 nres=1   (append) */
    0x0062004F,                /* 017A  jmp +98 */
    0x000F0140,                /* 017B  i8 L15 <- 1 */
    0x000A0098, 0x0005000F,    /* 017C  getidx L10 <- L5[L15] */
    0x000F034B,                /* 017E  jf L3, +15 */
    0x001E0F42,                /* 017F  gget L15 <- g30   (error) */
    0x00161046,                /* 0180  lconst L16 <- static#22   ("parameter '") */
    0x00241142,                /* 0181  gget L17 <- g36   (str) */
    0x00120A41,                /* 0182  move L18 <- L10 */
    0x001101A0, 0x00010000,    /* 0183  call base=L17 argc=1 nres=1 */
    0x00120085, 0x00100011,    /* 0185  add L18 <- L16 + L17 */
    0x00171346,                /* 0187  lconst L19 <- static#23   ("' follows a collecting parameter") */
    0x00140085, 0x00120013,    /* 0188  add L20 <- L18 + L19 */
    0x00101441,                /* 018A  move L16 <- L20 */
    0x000F01A0, 0x00010000,    /* 018B  call base=L15 argc=1 nres=1 */
    0x000F0102,                /* 018D  return L15 count=1 */
    0x000F0340,                /* 018E  i8 L15 <- 3 */
    0x000B0098, 0x0005000F,    /* 018F  getidx L11 <- L5[L15] */
    0x000C0003,                /* 0191  lnil L12 */
    0x00140F46,                /* 0192  lconst L15 <- static#20   ("nil") */
    0x00100097, 0x000B000F,    /* 0193  is L16 <- L11 is L15 */
    0x0011104A,                /* 0195  not L17 <- L16 */
    0x0037114B,                /* 0196  jf L17, +55 */
    0x000A0F42,                /* 0197  gget L15 <- g10   (_constant_value) */
    0x00100B41,                /* 0198  move L16 <- L11 */
    0x000F01A0, 0x00010000,    /* 0199  call base=L15 argc=1 nres=1 */
    0x000D0F41,                /* 019B  move L13 <- L15 */
    0x000B0F46,                /* 019C  lconst L15 <- static#11   ("error") */
    0x00100097, 0x000D000F,    /* 019D  is L16 <- L13 is L15 */
    0x000F104B,                /* 019F  jf L16, +15 */
    0x001E0F42,                /* 01A0  gget L15 <- g30   (error) */
    0x00161046,                /* 01A1  lconst L16 <- static#22   ("parameter '") */
    0x00241142,                /* 01A2  gget L17 <- g36   (str) */
    0x00120A41,                /* 01A3  move L18 <- L10 */
    0x001101A0, 0x00010000,    /* 01A4  call base=L17 argc=1 nres=1 */
    0x00120085, 0x00100011,    /* 01A6  add L18 <- L16 + L17 */
    0x00181346,                /* 01A8  lconst L19 <- static#24   ("': a default must be a constant") */
    0x00140085, 0x00120013,    /* 01A9  add L20 <- L18 + L19 */
    0x00101441,                /* 01AB  move L16 <- L20 */
    0x000F01A0, 0x00010000,    /* 01AC  call base=L15 argc=1 nres=1 */
    0x000F0102,                /* 01AE  return L15 count=1 */
    0x00140F46,                /* 01AF  lconst L15 <- static#20   ("nil") */
    0x00100097, 0x8001000F,    /* 01B0  is L16 <- P1 is L15 */
    0x000F104B,                /* 01B2  jf L16, +15 */
    0x001E0F42,                /* 01B3  gget L15 <- g30   (error) */
    0x00161046,                /* 01B4  lconst L16 <- static#22   ("parameter '") */
    0x00241142,                /* 01B5  gget L17 <- g36   (str) */
    0x00120A41,                /* 01B6  move L18 <- L10 */
    0x001101A0, 0x00010000,    /* 01B7  call base=L17 argc=1 nres=1 */
    0x00120085, 0x00100011,    /* 01B9  add L18 <- L16 + L17 */
    0x00181346,                /* 01BB  lconst L19 <- static#24   ("': a default must be a constant") */
    0x00140085, 0x00120013,    /* 01BC  add L20 <- L18 + L19 */
    0x00101441,                /* 01BE  move L16 <- L20 */
    0x000F01A0, 0x00010000,    /* 01BF  call base=L15 argc=1 nres=1 */
    0x000F0102,                /* 01C1  return L15 count=1 */
    0x000F009A, 0x80010006,    /* 01C2  getattr L15 <- P1.sym#6   ("image") */
    0x00100D41,                /* 01C4  move L16 <- L13 */
    0x000F01A2, 0x00020001,    /* 01C5  msg base=L15 argc=1 msg#2 nres=1   (add_static) */
    0x000E0F41,                /* 01C7  move L14 <- L15 */
    0x000B0F46,                /* 01C8  lconst L15 <- static#11   ("error") */
    0x00100097, 0x000E000F,    /* 01C9  is L16 <- L14 is L15 */
    0x0001104B,                /* 01CB  jf L16, +1 */
    0x000E0102,                /* 01CC  return L14 count=1 */
    0x000C0E41,                /* 01CD  move L12 <- L14 */
    0x000F0041,                /* 01CE  move L15 <- L0 */
    0x00100A41,                /* 01CF  move L16 <- L10 */
    0x000F01A2, 0x00000001,    /* 01D0  msg base=L15 argc=1 msg#0 nres=1   (append) */
    0x000F0141,                /* 01D2  move L15 <- L1 */
    0x00281042,                /* 01D3  gget L16 <- g40   (make_fn_param) */
    0x00241142,                /* 01D4  gget L17 <- g36   (str) */
    0x00120A41,                /* 01D5  move L18 <- L10 */
    0x001101A0, 0x00010000,    /* 01D6  call base=L17 argc=1 nres=1 */
    0x00120C41,                /* 01D8  move L18 <- L12 */
    0x001002A0, 0x00010000,    /* 01D9  call base=L16 argc=2 nres=1 */
    0x000F01A2, 0x00000001,    /* 01DB  msg base=L15 argc=1 msg#0 nres=1   (append) */
    0x001F0F42,                /* 01DD  gget L15 <- g31   (cdr) */
    0x00100441,                /* 01DE  move L16 <- L4 */
    0x000F01A0, 0x00010000,    /* 01DF  call base=L15 argc=1 nres=1 */
    0x00040F41,                /* 01E1  move L4 <- L15 */
    0xFF53004F,                /* 01E2  jmp -173 */
    0x000F0041,                /* 01E3  move L15 <- L0 */
    0x00100141,                /* 01E4  move L16 <- L1 */
    0x00110241,                /* 01E5  move L17 <- L2 */
    0x00120382, 0x000F0000,    /* 01E6  list L18 <- L15, 3 items */
    0x00120102,                /* 01E8  return L18 count=1 */
    0x00080142,                /* 01E9  gget L1 <- g8   (param_spec) */
    0x00028041,                /* 01EA  move L2 <- P0 */
    0x00038141,                /* 01EB  move L3 <- P1 */
    0x000102A0, 0x00010000,    /* 01EC  call base=L1 argc=2 nres=1 */
    0x00000141,                /* 01EE  move L0 <- L1 */
    0x000B0146,                /* 01EF  lconst L1 <- static#11   ("error") */
    0x00020097, 0x00000001,    /* 01F0  is L2 <- L0 is L1 */
    0x0001024B,                /* 01F2  jf L2, +1 */
    0x00000102,                /* 01F3  return L0 count=1 */
    0x00010040,                /* 01F4  i8 L1 <- 0 */
    0x00020098, 0x00000001,    /* 01F5  getidx L2 <- L0[L1] */
    0x00020102,                /* 01F7  return L2 count=1 */
    0x00190146,                /* 01F8  lconst L1 <- static#25   ("sym") */
    0x00020097, 0x80000001,    /* 01F9  is L2 <- P0 is L1 */
    0x0017024B,                /* 01FB  jf L2, +23 */
    0x00070145,                /* 01FC  lsym L1 <- sym#7   ("nil") */
    0x0002008F, 0x80000001,    /* 01FD  eq L2 <- P0 == L1 */
    0x0002024B,                /* 01FF  jf L2, +2 */
    0x00010003,                /* 0200  lnil L1 */
    0x00010102,                /* 0201  return L1 count=1 */
    0x00080145,                /* 0202  lsym L1 <- sym#8   ("true") */
    0x0002008F, 0x80000001,    /* 0203  eq L2 <- P0 == L1 */
    0x0002024B,                /* 0205  jf L2, +2 */
    0x00010104,                /* 0206  lbool L1 <- 1 */
    0x00010102,                /* 0207  return L1 count=1 */
    0x00090145,                /* 0208  lsym L1 <- sym#9   ("false") */
    0x0002008F, 0x80000001,    /* 0209  eq L2 <- P0 == L1 */
    0x0002024B,                /* 020B  jf L2, +2 */
    0x00010004,                /* 020C  lbool L1 <- 0 */
    0x00010102,                /* 020D  return L1 count=1 */
    0x001E0142,                /* 020E  gget L1 <- g30   (error) */
    0x001A0246,                /* 020F  lconst L2 <- static#26   ("not a constant") */
    0x000101A0, 0x00010000,    /* 0210  call base=L1 argc=1 nres=1 */
    0x00010102,                /* 0212  return L1 count=1 */
    0x00230142,                /* 0213  gget L1 <- g35   (node_kind) */
    0x00028041,                /* 0214  move L2 <- P0 */
    0x000101A0, 0x00010000,    /* 0215  call base=L1 argc=1 nres=1 */
    0x00000141,                /* 0217  move L0 <- L1 */
    0x00070145,                /* 0218  lsym L1 <- sym#7   ("nil") */
    0x0002008F, 0x00000001,    /* 0219  eq L2 <- L0 == L1 */
    0x0002024B,                /* 021B  jf L2, +2 */
    0x00010003,                /* 021C  lnil L1 */
    0x00010102,                /* 021D  return L1 count=1 */
    0x00080145,                /* 021E  lsym L1 <- sym#8   ("true") */
    0x0002008F, 0x00000001,    /* 021F  eq L2 <- L0 == L1 */
    0x0002024B,                /* 0221  jf L2, +2 */
    0x00010104,                /* 0222  lbool L1 <- 1 */
    0x00010102,                /* 0223  return L1 count=1 */
    0x00090145,                /* 0224  lsym L1 <- sym#9   ("false") */
    0x0002008F, 0x00000001,    /* 0225  eq L2 <- L0 == L1 */
    0x0002024B,                /* 0227  jf L2, +2 */
    0x00010004,                /* 0228  lbool L1 <- 0 */
    0x00010102,                /* 0229  return L1 count=1 */
    0x000A0245,                /* 022A  lsym L2 <- sym#10   ("str") */
    0x0001008F, 0x00000002,    /* 022B  eq L1 <- L0 == L2 */
    0x000B014C,                /* 022D  jt L1, +11 */
    0x000B0245,                /* 022E  lsym L2 <- sym#11   ("int") */
    0x0001008F, 0x00000002,    /* 022F  eq L1 <- L0 == L2 */
    0x0007014C,                /* 0231  jt L1, +7 */
    0x000C0245,                /* 0232  lsym L2 <- sym#12   ("float") */
    0x0001008F, 0x00000002,    /* 0233  eq L1 <- L0 == L2 */
    0x0003014C,                /* 0235  jt L1, +3 */
    0x000D0245,                /* 0236  lsym L2 <- sym#13   ("char") */
    0x0001008F, 0x00000002,    /* 0237  eq L1 <- L0 == L2 */
    0x0009014B,                /* 0239  jf L1, +9 */
    0x00030242,                /* 023A  gget L2 <- g3   (_field) */
    0x00038041,                /* 023B  move L3 <- P0 */
    0x00040140,                /* 023C  i8 L4 <- 1 */
    0x000202A0, 0x00010000,    /* 023D  call base=L2 argc=2 nres=1 */
    0x00010241,                /* 023F  move L1 <- L2 */
    0x0001014E,                /* 0240  jnerr L1, +1 */
    0x00010003,                /* 0241  lnil L1 */
    0x00010102,                /* 0242  return L1 count=1 */
    0x001E0142,                /* 0243  gget L1 <- g30   (error) */
    0x001A0246,                /* 0244  lconst L2 <- static#26   ("not a constant") */
    0x000101A0, 0x00010000,    /* 0245  call base=L1 argc=1 nres=1 */
    0x00010102,                /* 0247  return L1 count=1 */
    0x00140246,                /* 0248  lconst L2 <- static#20   ("nil") */
    0x00030097, 0x80020002,    /* 0249  is L3 <- P2 is L2 */
    0x0003034B,                /* 024B  jf L3, +3 */
    0x00020082, 0x00020000,    /* 024C  list L2 <- L2, 0 items */
    0x00020102,                /* 024E  return L2 count=1 */
    0x00000082, 0x00020000,    /* 024F  list L0 <- L2, 0 items */
    0x00290242,                /* 0251  gget L2 <- g41   (free_names) */
    0x00038041,                /* 0252  move L3 <- P0 */
    0x00048141,                /* 0253  move L4 <- P1 */
    0x000202A0, 0x00010000,    /* 0254  call base=L2 argc=2 nres=1 */
    0x000300AE, 0x00020000,    /* 0256  iter L3 <- L2 */
    0x000100AF, 0x0003000E,    /* 0258  itnext L1 <- L3, done +14 */
    0x00048241,                /* 025A  move L4 <- P2 */
    0x00050141,                /* 025B  move L5 <- L1 */
    0x000401A2, 0x00030001,    /* 025C  msg base=L4 argc=1 msg#3 nres=1   (lookup) */
    0x00140546,                /* 025E  lconst L5 <- static#20   ("nil") */
    0x00060097, 0x00040005,    /* 025F  is L6 <- L4 is L5 */
    0x0007064A,                /* 0261  not L7 <- L6 */
    0x0004074B,                /* 0262  jf L7, +4 */
    0x00040041,                /* 0263  move L4 <- L0 */
    0x00050141,                /* 0264  move L5 <- L1 */
    0x000401A2, 0x00000001,    /* 0265  msg base=L4 argc=1 msg#0 nres=1   (append) */
    0xFFF0004F,                /* 0267  jmp -16 */
    0x00000102,                /* 0268  return L0 count=1 */
    0x002A0242,                /* 0269  gget L2 <- g42   (cell_names) */
    0x00038041,                /* 026A  move L3 <- P0 */
    0x00048141,                /* 026B  move L4 <- P1 */
    0x000202A0, 0x00010000,    /* 026C  call base=L2 argc=2 nres=1 */
    0x00000241,                /* 026E  move L0 <- L2 */
    0x00140246,                /* 026F  lconst L2 <- static#20   ("nil") */
    0x00030097, 0x80030002,    /* 0270  is L3 <- P3 is L2 */
    0x0004034A,                /* 0272  not L4 <- L3 */
    0x000F044B,                /* 0273  jf L4, +15 */
    0x000200AE, 0x80020000,    /* 0274  iter L2 <- P2 */
    0x000100AF, 0x0002000B,    /* 0276  itnext L1 <- L2, done +11 */
    0x0003009A, 0x8003000F,    /* 0278  getattr L3 <- P3.sym#15   ("cells") */
    0x00040096, 0x00010003,    /* 027A  in L4 <- L1 in L3 */
    0x0005044B,                /* 027C  jf L4, +5 */
    0x002B0342,                /* 027D  gget L3 <- g43   (note_name) */
    0x00040041,                /* 027E  move L4 <- L0 */
    0x00050141,                /* 027F  move L5 <- L1 */
    0x000302A0, 0x00010000,    /* 0280  call base=L3 argc=2 nres=1 */
    0xFFF3004F,                /* 0282  jmp -13 */
    0x00000102,                /* 0283  return L0 count=1 */
    0x000A00AE, 0x80010000,    /* 0284  iter L10 <- P1 */
    0x000200AF, 0x000A0010,    /* 0286  itnext L2 <- L10, done +16 */
    0x000B009A, 0x8000000F,    /* 0288  getattr L11 <- P0.sym#15   ("cells") */
    0x000C0096, 0x0002000B,    /* 028A  in L12 <- L2 in L11 */
    0x000A0C4B,                /* 028C  jf L12, +10 */
    0x000B8041,                /* 028D  move L11 <- P0 */
    0x000C0241,                /* 028E  move L12 <- L2 */
    0x000B01A2, 0x00040001,    /* 028F  msg base=L11 argc=1 msg#4 nres=1   (declare_local) */
    0x00030B41,                /* 0291  move L3 <- L11 */
    0x000B0B46,                /* 0292  lconst L11 <- static#11   ("error") */
    0x000C0097, 0x0003000B,    /* 0293  is L12 <- L3 is L11 */
    0x00010C4B,                /* 0295  jf L12, +1 */
    0x00030102,                /* 0296  return L3 count=1 */
    0xFFEE004F,                /* 0297  jmp -18 */
    0x002C0A42,                /* 0298  gget L10 <- g44   (len) */
    0x000B009A, 0x8000000F,    /* 0299  getattr L11 <- P0.sym#15   ("cells") */
    0x000A01A0, 0x00010000,    /* 029B  call base=L10 argc=1 nres=1 */
    0x000B0040,                /* 029D  i8 L11 <- 0 */
    0x000C0093, 0x000A000B,    /* 029E  gt L12 <- L10 > L11 */
    0x00090C4B,                /* 02A0  jf L12, +9 */
    0x000A8041,                /* 02A1  move L10 <- P0 */
    0x000A00A2, 0x00050001,    /* 02A2  msg base=L10 argc=0 msg#5 nres=1   (reserve_zero) */
    0x00040A41,                /* 02A4  move L4 <- L10 */
    0x000B0A46,                /* 02A5  lconst L10 <- static#11   ("error") */
    0x000B0097, 0x0004000A,    /* 02A6  is L11 <- L4 is L10 */
    0x00010B4B,                /* 02A8  jf L11, +1 */
    0x00040102,                /* 02A9  return L4 count=1 */
    0x002D0A42,                /* 02AA  gget L10 <- g45   (own_declared_names) */
    0x000B8341,                /* 02AB  move L11 <- P3 */
    0x000A01A0, 0x00010000,    /* 02AC  call base=L10 argc=1 nres=1 */
    0x00000A41,                /* 02AE  move L0 <- L10 */
    0x000A00AE, 0x00000000,    /* 02AF  iter L10 <- L0 */
    0x000500AF, 0x000A000B,    /* 02B1  itnext L5 <- L10, done +11 */
    0x000B8041,                /* 02B3  move L11 <- P0 */
    0x000C0541,                /* 02B4  move L12 <- L5 */
    0x000B01A2, 0x00040001,    /* 02B5  msg base=L11 argc=1 msg#4 nres=1   (declare_local) */
    0x00060B41,                /* 02B7  move L6 <- L11 */
    0x000B0B46,                /* 02B8  lconst L11 <- static#11   ("error") */
    0x000C0097, 0x0006000B,    /* 02B9  is L12 <- L6 is L11 */
    0x00010C4B,                /* 02BB  jf L12, +1 */
    0x00060102,                /* 02BC  return L6 count=1 */
    0xFFF3004F,                /* 02BD  jmp -13 */
    0x00010082, 0x000A0000,    /* 02BE  list L1 <- L10, 0 items */
    0x000A00AE, 0x80010000,    /* 02C0  iter L10 <- P1 */
    0x000700AF, 0x000A0006,    /* 02C2  itnext L7 <- L10, done +6 */
    0x002B0B42,                /* 02C4  gget L11 <- g43   (note_name) */
    0x000C0141,                /* 02C5  move L12 <- L1 */
    0x000D0741,                /* 02C6  move L13 <- L7 */
    0x000B02A0, 0x00010000,    /* 02C7  call base=L11 argc=2 nres=1 */
    0xFFF8004F,                /* 02C9  jmp -8 */
    0x000A00AE, 0x80020000,    /* 02CA  iter L10 <- P2 */
    0x000800AF, 0x000A0006,    /* 02CC  itnext L8 <- L10, done +6 */
    0x002B0B42,                /* 02CE  gget L11 <- g43   (note_name) */
    0x000C0141,                /* 02CF  move L12 <- L1 */
    0x000D0841,                /* 02D0  move L13 <- L8 */
    0x000B02A0, 0x00010000,    /* 02D1  call base=L11 argc=2 nres=1 */
    0xFFF8004F,                /* 02D3  jmp -8 */
    0x000A00AE, 0x00000000,    /* 02D4  iter L10 <- L0 */
    0x000900AF, 0x000A0006,    /* 02D6  itnext L9 <- L10, done +6 */
    0x002B0B42,                /* 02D8  gget L11 <- g43   (note_name) */
    0x000C0141,                /* 02D9  move L12 <- L1 */
    0x000D0941,                /* 02DA  move L13 <- L9 */
    0x000B02A0, 0x00010000,    /* 02DB  call base=L11 argc=2 nres=1 */
    0xFFF8004F,                /* 02DD  jmp -8 */
    0x000A8041,                /* 02DE  move L10 <- P0 */
    0x000B8341,                /* 02DF  move L11 <- P3 */
    0x000C0141,                /* 02E0  move L12 <- L1 */
    0x000A02A2, 0x00060001,    /* 02E1  msg base=L10 argc=2 msg#6 nres=1   (allocate_block_scopes) */
    0x000A0102,                /* 02E3  return L10 count=1 */
    0x00000082, 0x00020000,    /* 02E4  list L0 <- L2, 0 items */
    0x0002009A, 0x8000000F,    /* 02E6  getattr L2 <- P0.sym#15   ("cells") */
    0x000300AE, 0x00020000,    /* 02E8  iter L3 <- L2 */
    0x000100AF, 0x00030009,    /* 02EA  itnext L1 <- L3, done +9 */
    0x00040096, 0x00018001,    /* 02EC  in L4 <- L1 in P1 */
    0x0005044A,                /* 02EE  not L5 <- L4 */
    0x0004054B,                /* 02EF  jf L5, +4 */
    0x00040041,                /* 02F0  move L4 <- L0 */
    0x00050141,                /* 02F1  move L5 <- L1 */
    0x000401A2, 0x00000001,    /* 02F2  msg base=L4 argc=1 msg#0 nres=1   (append) */
    0xFFF5004F,                /* 02F4  jmp -11 */
    0x00000102,                /* 02F5  return L0 count=1 */
    0x00000082, 0x00050000,    /* 02F6  list L0 <- L5, 0 items */
    0x000500AE, 0x80000000,    /* 02F8  iter L5 <- P0 */
    0x000100AF, 0x00050034,    /* 02FA  itnext L1 <- L5, done +52 */
    0x00240642,                /* 02FC  gget L6 <- g36   (str) */
    0x00070141,                /* 02FD  move L7 <- L1 */
    0x000601A0, 0x00010000,    /* 02FE  call base=L6 argc=1 nres=1 */
    0x00020641,                /* 0300  move L2 <- L6 */
    0x00060041,                /* 0301  move L6 <- L0 */
    0x00070141,                /* 0302  move L7 <- L1 */
    0x000601A2, 0x00000001,    /* 0303  msg base=L6 argc=1 msg#0 nres=1   (append) */
    0x002C0642,                /* 0305  gget L6 <- g44   (len) */
    0x00070041,                /* 0306  move L7 <- L0 */
    0x000601A0, 0x00010000,    /* 0307  call base=L6 argc=1 nres=1 */
    0x00070140,                /* 0309  i8 L7 <- 1 */
    0x00030086, 0x00060007,    /* 030A  sub L3 <- L6 - L7 */
    0x00070040,                /* 030C  i8 L7 <- 0 */
    0x00060093, 0x00030007,    /* 030D  gt L6 <- L3 > L7 */
    0x000B064B,                /* 030F  jf L6, +11 */
    0x00240742,                /* 0310  gget L7 <- g36   (str) */
    0x00080140,                /* 0311  i8 L8 <- 1 */
    0x00090086, 0x00030008,    /* 0312  sub L9 <- L3 - L8 */
    0x000A0098, 0x00000009,    /* 0314  getidx L10 <- L0[L9] */
    0x00080A41,                /* 0316  move L8 <- L10 */
    0x000701A0, 0x00010000,    /* 0317  call base=L7 argc=1 nres=1 */
    0x00060093, 0x00070002,    /* 0319  gt L6 <- L7 > L2 */
    0x0013064B,                /* 031B  jf L6, +19 */
    0x00060140,                /* 031C  i8 L6 <- 1 */
    0x00070086, 0x00030006,    /* 031D  sub L7 <- L3 - L6 */
    0x00040098, 0x00000007,    /* 031F  getidx L4 <- L0[L7] */
    0x00060140,                /* 0321  i8 L6 <- 1 */
    0x00070086, 0x00030006,    /* 0322  sub L7 <- L3 - L6 */
    0x00080098, 0x00000003,    /* 0324  getidx L8 <- L0[L3] */
    0x00000099, 0x00070008,    /* 0326  setidx L0[L7] <- L8 */
    0x00060441,                /* 0328  move L6 <- L4 */
    0x00000099, 0x00030006,    /* 0329  setidx L0[L3] <- L6 */
    0x00060140,                /* 032B  i8 L6 <- 1 */
    0x00030086, 0x00030006,    /* 032C  sub L3 <- L3 - L6 */
    0xFFDD004F,                /* 032E  jmp -35 */
    0xFFCA004F,                /* 032F  jmp -54 */
    0x00000102,                /* 0330  return L0 count=1 */
    0x002C0B42,                /* 0331  gget L11 <- g44   (len) */
    0x000C009A, 0x8000000F,    /* 0332  getattr L12 <- P0.sym#15   ("cells") */
    0x000B01A0, 0x00010000,    /* 0334  call base=L11 argc=1 nres=1 */
    0x000C0040,                /* 0336  i8 L12 <- 0 */
    0x000D008F, 0x000B000C,    /* 0337  eq L13 <- L11 == L12 */
    0x00020D4B,                /* 0339  jf L13, +2 */
    0x000B0003,                /* 033A  lnil L11 */
    0x000B0102,                /* 033B  return L11 count=1 */
    0x000B8041,                /* 033C  move L11 <- P0 */
    0x000B00A2, 0x00070001,    /* 033D  msg base=L11 argc=0 msg#7 nres=1   (zero) */
    0x00000B41,                /* 033F  move L0 <- L11 */
    0x000B0B46,                /* 0340  lconst L11 <- static#11   ("error") */
    0x000C0097, 0x0000000B,    /* 0341  is L12 <- L0 is L11 */
    0x00010C4B,                /* 0343  jf L12, +1 */
    0x00000102,                /* 0344  return L0 count=1 */
    0x00060B42,                /* 0345  gget L11 <- g6   (_emit_pairable) */
    0x000C8041,                /* 0346  move L12 <- P0 */
    0x00140D45,                /* 0347  lsym L13 <- sym#20   ("i8") */
    0x000E0041,                /* 0348  move L14 <- L0 */
    0x000F0040,                /* 0349  i8 L15 <- 0 */
    0x000B04A0, 0x00010000,    /* 034A  call base=L11 argc=4 nres=1 */
    0x00010B41,                /* 034C  move L1 <- L11 */
    0x000B0B46,                /* 034D  lconst L11 <- static#11   ("error") */
    0x000C0097, 0x0001000B,    /* 034E  is L12 <- L1 is L11 */
    0x00010C4B,                /* 0350  jf L12, +1 */
    0x00010102,                /* 0351  return L1 count=1 */
    0x000F0B42,                /* 0352  gget L11 <- g15   (_sort_names) */
    0x000E0C42,                /* 0353  gget L12 <- g14   (_cells_to_seed) */
    0x000D8041,                /* 0354  move L13 <- P0 */
    0x000E8241,                /* 0355  move L14 <- P2 */
    0x000C02A0, 0x00010000,    /* 0356  call base=L12 argc=2 nres=1 */
    0x000B01A0, 0x00010000,    /* 0358  call base=L11 argc=1 nres=1 */
    0x00020B41,                /* 035A  move L2 <- L11 */
    0x000B00AE, 0x00020000,    /* 035B  iter L11 <- L2 */
    0x000300AF, 0x000B0073,    /* 035D  itnext L3 <- L11, done +115 */
    0x000C8041,                /* 035F  move L12 <- P0 */
    0x000D0341,                /* 0360  move L13 <- L3 */
    0x000C01A2, 0x00030001,    /* 0361  msg base=L12 argc=1 msg#3 nres=1   (lookup) */
    0x00040C41,                /* 0363  move L4 <- L12 */
    0x00140C46,                /* 0364  lconst L12 <- static#20   ("nil") */
    0x000D0097, 0x0004000C,    /* 0365  is L13 <- L4 is L12 */
    0x00130D4B,                /* 0367  jf L13, +19 */
    0x001E0C42,                /* 0368  gget L12 <- g30   (error) */
    0x001B0D46,                /* 0369  lconst L13 <- static#27   ("internal: cell '") */
    0x00240E42,                /* 036A  gget L14 <- g36   (str) */
    0x000F0341,                /* 036B  move L15 <- L3 */
    0x000E01A0, 0x00010000,    /* 036C  call base=L14 argc=1 nres=1 */
    0x000F0085, 0x000D000E,    /* 036E  add L15 <- L13 + L14 */
    0x001C1046,                /* 0370  lconst L16 <- static#28   ("' has no register in ") */
    0x00110085, 0x000F0010,    /* 0371  add L17 <- L15 + L16 */
    0x0012009A, 0x80000015,    /* 0373  getattr L18 <- P0.sym#21   ("name") */
    0x00130085, 0x00110012,    /* 0375  add L19 <- L17 + L18 */
    0x000D1341,                /* 0377  move L13 <- L19 */
    0x000C01A0, 0x00010000,    /* 0378  call base=L12 argc=1 nres=1 */
    0x000C0102,                /* 037A  return L12 count=1 */
    0x000C8041,                /* 037B  move L12 <- P0 */
    0x000C00A2, 0x00080001,    /* 037C  msg base=L12 argc=0 msg#8 nres=1   (mark) */
    0x00050C41,                /* 037E  move L5 <- L12 */
    0x000C8041,                /* 037F  move L12 <- P0 */
    0x000C00A2, 0x00090001,    /* 0380  msg base=L12 argc=0 msg#9 nres=1   (push) */
    0x00060C41,                /* 0382  move L6 <- L12 */
    0x000B0C46,                /* 0383  lconst L12 <- static#11   ("error") */
    0x000D0097, 0x0006000C,    /* 0384  is L13 <- L6 is L12 */
    0x00010D4B,                /* 0386  jf L13, +1 */
    0x00060102,                /* 0387  return L6 count=1 */
    0x000C0096, 0x00038001,    /* 0388  in L12 <- L3 in P1 */
    0x00120C4B,                /* 038A  jf L12, +18 */
    0x00060C42,                /* 038B  gget L12 <- g6   (_emit_pairable) */
    0x000D8041,                /* 038C  move L13 <- P0 */
    0x00180E45,                /* 038D  lsym L14 <- sym#24   ("move") */
    0x000F0641,                /* 038E  move L15 <- L6 */
    0x0010009A, 0x80000019,    /* 038F  getattr L16 <- P0.sym#25   ("params") */
    0x00110098, 0x00100003,    /* 0391  getidx L17 <- L16[L3] */
    0x00101141,                /* 0393  move L16 <- L17 */
    0x000C04A0, 0x00010000,    /* 0394  call base=L12 argc=4 nres=1 */
    0x00090C41,                /* 0396  move L9 <- L12 */
    0x000B0C46,                /* 0397  lconst L12 <- static#11   ("error") */
    0x000D0097, 0x0009000C,    /* 0398  is L13 <- L9 is L12 */
    0x00010D4B,                /* 039A  jf L13, +1 */
    0x00090102,                /* 039B  return L9 count=1 */
    0x0013004F,                /* 039C  jmp +19 */
    0x00050C42,                /* 039D  gget L12 <- g5   (_emit_pack) */
    0x000F8041,                /* 039E  move L15 <- P0 */
    0x001A1045,                /* 039F  lsym L16 <- sym#26   ("lnil") */
    0x00110281, 0x000F0000,    /* 03A0  tuple L17 <- L15, 2 items */
    0x000D1141,                /* 03A2  move L13 <- L17 */
    0x000F0F46,                /* 03A3  lconst L15 <- static#15   ("a0") */
    0x00100641,                /* 03A4  move L16 <- L6 */
    0x00110183, 0x000F0000,    /* 03A5  dict L17 <- L15, 1 pairs */
    0x000E1141,                /* 03A7  move L14 <- L17 */
    0x000C00A1, 0x00010000,    /* 03A8  call_va base=L12 nres=1 */
    0x000A0C41,                /* 03AA  move L10 <- L12 */
    0x000B0C46,                /* 03AB  lconst L12 <- static#11   ("error") */
    0x000D0097, 0x000A000C,    /* 03AC  is L13 <- L10 is L12 */
    0x00010D4B,                /* 03AE  jf L13, +1 */
    0x000A0102,                /* 03AF  return L10 count=1 */
    0x00050C42,                /* 03B0  gget L12 <- g5   (_emit_pack) */
    0x000F8041,                /* 03B1  move L15 <- P0 */
    0x001B1045,                /* 03B2  lsym L16 <- sym#27   ("plist") */
    0x00110281, 0x000F0000,    /* 03B3  tuple L17 <- L15, 2 items */
    0x000D1141,                /* 03B5  move L13 <- L17 */
    0x000F0F46,                /* 03B6  lconst L15 <- static#15   ("a0") */
    0x00100441,                /* 03B7  move L16 <- L4 */
    0x00101146,                /* 03B8  lconst L17 <- static#16   ("a1") */
    0x00120641,                /* 03B9  move L18 <- L6 */
    0x000E1346,                /* 03BA  lconst L19 <- static#14   ("f") */
    0x00140140,                /* 03BB  i8 L20 <- 1 */
    0x00150383, 0x000F0000,    /* 03BC  dict L21 <- L15, 3 pairs */
    0x000E1541,                /* 03BE  move L14 <- L21 */
    0x000C00A1, 0x00010000,    /* 03BF  call_va base=L12 nres=1 */
    0x00070C41,                /* 03C1  move L7 <- L12 */
    0x000B0C46,                /* 03C2  lconst L12 <- static#11   ("error") */
    0x000D0097, 0x0007000C,    /* 03C3  is L13 <- L7 is L12 */
    0x00010D4B,                /* 03C5  jf L13, +1 */
    0x00070102,                /* 03C6  return L7 count=1 */
    0x000C8041,                /* 03C7  move L12 <- P0 */
    0x000D0541,                /* 03C8  move L13 <- L5 */
    0x000C01A2, 0x000A0001,    /* 03C9  msg base=L12 argc=1 msg#10 nres=1   (free_to) */
    0x00080C41,                /* 03CB  move L8 <- L12 */
    0x000B0C46,                /* 03CC  lconst L12 <- static#11   ("error") */
    0x000D0097, 0x0008000C,    /* 03CD  is L13 <- L8 is L12 */
    0x00010D4B,                /* 03CF  jf L13, +1 */
    0x00080102,                /* 03D0  return L8 count=1 */
    0xFF8B004F,                /* 03D1  jmp -117 */
    0x000B0003,                /* 03D2  lnil L11 */
    0x000B0102,                /* 03D3  return L11 count=1 */
    0x002E0442,                /* 03D4  gget L4 <- g46   (body_statements) */
    0x00058041,                /* 03D5  move L5 <- P0 */
    0x000401A0, 0x00010000,    /* 03D6  call base=L4 argc=1 nres=1 */
    0x00000441,                /* 03D8  move L0 <- L4 */
    0x002C0442,                /* 03D9  gget L4 <- g44   (len) */
    0x00050041,                /* 03DA  move L5 <- L0 */
    0x000401A0, 0x00010000,    /* 03DB  call base=L4 argc=1 nres=1 */
    0x00010441,                /* 03DD  move L1 <- L4 */
    0x00050040,                /* 03DE  i8 L5 <- 0 */
    0x00040093, 0x00010005,    /* 03DF  gt L4 <- L1 > L5 */
    0x000C044B,                /* 03E1  jf L4, +12 */
    0x00230542,                /* 03E2  gget L5 <- g35   (node_kind) */
    0x00060140,                /* 03E3  i8 L6 <- 1 */
    0x00070086, 0x00010006,    /* 03E4  sub L7 <- L1 - L6 */
    0x00080098, 0x00000007,    /* 03E6  getidx L8 <- L0[L7] */
    0x00060841,                /* 03E8  move L6 <- L8 */
    0x000501A0, 0x00010000,    /* 03E9  call base=L5 argc=1 nres=1 */
    0x001D0645,                /* 03EB  lsym L6 <- sym#29   ("return") */
    0x0004008F, 0x00050006,    /* 03EC  eq L4 <- L5 == L6 */
    0x0006044B,                /* 03EE  jf L4, +6 */
    0x002F0442,                /* 03EF  gget L4 <- g47   (compile_body) */
    0x00058041,                /* 03F0  move L5 <- P0 */
    0x00068141,                /* 03F1  move L6 <- P1 */
    0x000402A0, 0x00010000,    /* 03F2  call base=L4 argc=2 nres=1 */
    0x00040102,                /* 03F4  return L4 count=1 */
    0x00048141,                /* 03F5  move L4 <- P1 */
    0x000400A2, 0x00090001,    /* 03F6  msg base=L4 argc=0 msg#9 nres=1   (push) */
    0x00020441,                /* 03F8  move L2 <- L4 */
    0x000B0446,                /* 03F9  lconst L4 <- static#11   ("error") */
    0x00050097, 0x00020004,    /* 03FA  is L5 <- L2 is L4 */
    0x0001054B,                /* 03FC  jf L5, +1 */
    0x00020102,                /* 03FD  return L2 count=1 */
    0x002F0442,                /* 03FE  gget L4 <- g47   (compile_body) */
    0x00058041,                /* 03FF  move L5 <- P0 */
    0x00068141,                /* 0400  move L6 <- P1 */
    0x00070241,                /* 0401  move L7 <- L2 */
    0x000403A0, 0x00010000,    /* 0402  call base=L4 argc=3 nres=1 */
    0x00030441,                /* 0404  move L3 <- L4 */
    0x000B0446,                /* 0405  lconst L4 <- static#11   ("error") */
    0x00050097, 0x00030004,    /* 0406  is L5 <- L3 is L4 */
    0x0001054B,                /* 0408  jf L5, +1 */
    0x00030102,                /* 0409  return L3 count=1 */
    0x00048141,                /* 040A  move L4 <- P1 */
    0x00050241,                /* 040B  move L5 <- L2 */
    0x000401A2, 0x000B0001,    /* 040C  msg base=L4 argc=1 msg#11 nres=1   (emit_return) */
    0x00040102,                /* 040E  return L4 count=1 */
    0x00038341,                /* 040F  move L3 <- P3 */
    0x8000009B, 0x001F0003,    /* 0410  setattr P0.sym#31 <- L3   ("top_body") */
    0x000D0342,                /* 0412  gget L3 <- g13   (_allocate_slots) */
    0x00048041,                /* 0413  move L4 <- P0 */
    0x00058141,                /* 0414  move L5 <- P1 */
    0x00068241,                /* 0415  move L6 <- P2 */
    0x00078341,                /* 0416  move L7 <- P3 */
    0x000304A0, 0x00010000,    /* 0417  call base=L3 argc=4 nres=1 */
    0x00000341,                /* 0419  move L0 <- L3 */
    0x000B0346,                /* 041A  lconst L3 <- static#11   ("error") */
    0x00040097, 0x00000003,    /* 041B  is L4 <- L0 is L3 */
    0x0001044B,                /* 041D  jf L4, +1 */
    0x00000102,                /* 041E  return L0 count=1 */
    0x00100342,                /* 041F  gget L3 <- g16   (_prologue) */
    0x00048041,                /* 0420  move L4 <- P0 */
    0x00058141,                /* 0421  move L5 <- P1 */
    0x00068241,                /* 0422  move L6 <- P2 */
    0x000303A0, 0x00010000,    /* 0423  call base=L3 argc=3 nres=1 */
    0x00010341,                /* 0425  move L1 <- L3 */
    0x000B0346,                /* 0426  lconst L3 <- static#11   ("error") */
    0x00040097, 0x00010003,    /* 0427  is L4 <- L1 is L3 */
    0x0001044B,                /* 0429  jf L4, +1 */
    0x00010102,                /* 042A  return L1 count=1 */
    0x00110342,                /* 042B  gget L3 <- g17   (_body_and_epilogue) */
    0x00048341,                /* 042C  move L4 <- P3 */
    0x00058041,                /* 042D  move L5 <- P0 */
    0x000302A0, 0x00010000,    /* 042E  call base=L3 argc=2 nres=1 */
    0x00020341,                /* 0430  move L2 <- L3 */
    0x000B0346,                /* 0431  lconst L3 <- static#11   ("error") */
    0x00040097, 0x00020003,    /* 0432  is L4 <- L2 is L3 */
    0x0001044B,                /* 0434  jf L4, +1 */
    0x00020102,                /* 0435  return L2 count=1 */
    0x00038041,                /* 0436  move L3 <- P0 */
    0x000300A2, 0x000C0001,    /* 0437  msg base=L3 argc=0 msg#12 nres=1   (patch_labels) */
    0x00030102,                /* 0439  return L3 count=1 */
    0x0001009A, 0x80000022,    /* 043A  getattr L1 <- P0.sym#34   ("code") */
    0x00020040,                /* 043C  i8 L2 <- 0 */
    0x000101A2, 0x000D0001,    /* 043D  msg base=L1 argc=1 msg#13 nres=1   (resize) */
    0x00010083, 0x00020000,    /* 043F  dict L1 <- L2, 0 pairs */
    0x8000009B, 0x00230001,    /* 0441  setattr P0.sym#35 <- L1   ("lines") */
    0x0001009A, 0x80000024,    /* 0443  getattr L1 <- P0.sym#36   ("labels") */
    0x00020040,                /* 0445  i8 L2 <- 0 */
    0x000101A2, 0x000D0001,    /* 0446  msg base=L1 argc=1 msg#13 nres=1   (resize) */
    0x0001009A, 0x80000025,    /* 0448  getattr L1 <- P0.sym#37   ("uses") */
    0x00020040,                /* 044A  i8 L2 <- 0 */
    0x000101A2, 0x000D0001,    /* 044B  msg base=L1 argc=1 msg#13 nres=1   (resize) */
    0x0001009A, 0x80000026,    /* 044D  getattr L1 <- P0.sym#38   ("loops") */
    0x00020040,                /* 044F  i8 L2 <- 0 */
    0x000101A2, 0x000D0001,    /* 0450  msg base=L1 argc=1 msg#13 nres=1   (resize) */
    0x0001009A, 0x80000028,    /* 0452  getattr L1 <- P0.sym#40   ("nnamed") */
    0x8000009B, 0x00270001,    /* 0454  setattr P0.sym#39 <- L1   ("top") */
    0x00010003,                /* 0456  lnil L1 */
    0x8000009B, 0x00290001,    /* 0457  setattr P0.sym#41 <- L1   ("line") */
    0x00210142,                /* 0459  gget L1 <- g33   (pack) */
    0x002A0445,                /* 045A  lsym L4 <- sym#42   ("trap") */
    0x00050181, 0x00040000,    /* 045B  tuple L5 <- L4, 1 items */
    0x00020541,                /* 045D  move L2 <- L5 */
    0x000E0446,                /* 045E  lconst L4 <- static#14   ("f") */
    0x00050040,                /* 045F  i8 L5 <- 0 */
    0x00060183, 0x00040000,    /* 0460  dict L6 <- L4, 1 pairs */
    0x00030641,                /* 0462  move L3 <- L6 */
    0x000100A1, 0x00010000,    /* 0463  call_va base=L1 nres=1 */
    0x00000141,                /* 0465  move L0 <- L1 */
    0x00018041,                /* 0466  move L1 <- P0 */
    0x00020041,                /* 0467  move L2 <- L0 */
    0x000101A2, 0x00010001,    /* 0468  msg base=L1 argc=1 msg#1 nres=1   (emit_words) */
    0x00010003,                /* 046A  lnil L1 */
    0x00010102,                /* 046B  return L1 count=1 */
    0x00120142,                /* 046C  gget L1 <- g18   (_try_compile) */
    0x00028041,                /* 046D  move L2 <- P0 */
    0x00038141,                /* 046E  move L3 <- P1 */
    0x00048241,                /* 046F  move L4 <- P2 */
    0x00058341,                /* 0470  move L5 <- P3 */
    0x000104A0, 0x00010000,    /* 0471  call base=L1 argc=4 nres=1 */
    0x00000141,                /* 0473  move L0 <- L1 */
    0x000B0146,                /* 0474  lconst L1 <- static#11   ("error") */
    0x00020097, 0x00000001,    /* 0475  is L2 <- L0 is L1 */
    0x0010024B,                /* 0477  jf L2, +16 */
    0x0001009A, 0x8000002B,    /* 0478  getattr L1 <- P0.sym#43   ("tolerant") */
    0x0002014C,                /* 047A  jt L1, +2 */
    0x0001009A, 0x8004002C,    /* 047B  getattr L1 <- P4.sym#44   ("stub_unlowered") */
    0x0009014B,                /* 047D  jf L1, +9 */
    0x00130142,                /* 047E  gget L1 <- g19   (_make_stub) */
    0x00028041,                /* 047F  move L2 <- P0 */
    0x000101A0, 0x00010000,    /* 0480  call base=L1 argc=1 nres=1 */
    0x00240142,                /* 0482  gget L1 <- g36   (str) */
    0x00020041,                /* 0483  move L2 <- L0 */
    0x000101A0, 0x00010000,    /* 0484  call base=L1 argc=1 nres=1 */
    0x00010102,                /* 0486  return L1 count=1 */
    0x00000102,                /* 0487  return L0 count=1 */
    0x00010003,                /* 0488  lnil L1 */
    0x00010102,                /* 0489  return L1 count=1 */
    0x00080C42,                /* 048A  gget L12 <- g8   (param_spec) */
    0x000D8241,                /* 048B  move L13 <- P2 */
    0x000E8041,                /* 048C  move L14 <- P0 */
    0x000C02A0, 0x00010000,    /* 048D  call base=L12 argc=2 nres=1 */
    0x00000C41,                /* 048F  move L0 <- L12 */
    0x000B0C46,                /* 0490  lconst L12 <- static#11   ("error") */
    0x000D0097, 0x0000000C,    /* 0491  is L13 <- L0 is L12 */
    0x00010D4B,                /* 0493  jf L13, +1 */
    0x00000102,                /* 0494  return L0 count=1 */
    0x000C0040,                /* 0495  i8 L12 <- 0 */
    0x00010098, 0x0000000C,    /* 0496  getidx L1 <- L0[L12] */
    0x000C0140,                /* 0498  i8 L12 <- 1 */
    0x00020098, 0x0000000C,    /* 0499  getidx L2 <- L0[L12] */
    0x000C0240,                /* 049B  i8 L12 <- 2 */
    0x00030098, 0x0000000C,    /* 049C  getidx L3 <- L0[L12] */
    0x0004008C, 0x80050003,    /* 049E  bor L4 <- P5 | L3 */
    0x00058741,                /* 04A0  move L5 <- P7 */
    0x00140C46,                /* 04A1  lconst L12 <- static#20   ("nil") */
    0x000D0097, 0x0005000C,    /* 04A2  is L13 <- L5 is L12 */
    0x00020D4B,                /* 04A4  jf L13, +2 */
    0x00050082, 0x000C0000,    /* 04A5  list L5 <- L12, 0 items */
    0x002C0C42,                /* 04A7  gget L12 <- g44   (len) */
    0x000D0141,                /* 04A8  move L13 <- L1 */
    0x000C01A0, 0x00010000,    /* 04A9  call base=L12 argc=1 nres=1 */
    0x000D00C0, 0x00000080,    /* 04AB  i32 L13 <- 128 */
    0x000E0093, 0x000C000D,    /* 04AD  gt L14 <- L12 > L13 */
    0x00140E4B,                /* 04AF  jf L14, +20 */
    0x001E0C42,                /* 04B0  gget L12 <- g30   (error) */
    0x001D0D46,                /* 04B1  lconst L13 <- static#29   (" declares ") */
    0x000E0085, 0x8001000D,    /* 04B2  add L14 <- P1 + L13 */
    0x00240F42,                /* 04B4  gget L15 <- g36   (str) */
    0x002C1042,                /* 04B5  gget L16 <- g44   (len) */
    0x00110141,                /* 04B6  move L17 <- L1 */
    0x001001A0, 0x00010000,    /* 04B7  call base=L16 argc=1 nres=1 */
    0x000F01A0, 0x00010000,    /* 04B9  call base=L15 argc=1 nres=1 */
    0x00100085, 0x000E000F,    /* 04BB  add L16 <- L14 + L15 */
    0x001E1146,                /* 04BD  lconst L17 <- static#30   (" parameters, over the 128-parameter limit") */
    0x00120085, 0x00100011,    /* 04BE  add L18 <- L16 + L17 */
    0x000D1241,                /* 04C0  move L13 <- L18 */
    0x000C01A0, 0x00010000,    /* 04C1  call base=L12 argc=1 nres=1 */
    0x000C0102,                /* 04C3  return L12 count=1 */
    0x000B0C42,                /* 04C4  gget L12 <- g11   (_captures) */
    0x000D0141,                /* 04C5  move L13 <- L1 */
    0x000E8341,                /* 04C6  move L14 <- P3 */
    0x000F8641,                /* 04C7  move L15 <- P6 */
    0x000C03A0, 0x00010000,    /* 04C8  call base=L12 argc=3 nres=1 */
    0x00060C41,                /* 04CA  move L6 <- L12 */
    0x00300C42,                /* 04CB  gget L12 <- g48   (FnContext) */
    0x000D8041,                /* 04CC  move L13 <- P0 */
    0x000E8141,                /* 04CD  move L14 <- P1 */
    0x000F0141,                /* 04CE  move L15 <- L1 */
    0x00100641,                /* 04CF  move L16 <- L6 */
    0x002C1142,                /* 04D0  gget L17 <- g44   (len) */
    0x00120541,                /* 04D1  move L18 <- L5 */
    0x001101A0, 0x00010000,    /* 04D2  call base=L17 argc=1 nres=1 */
    0x00120004,                /* 04D4  lbool L18 <- 0 */
    0x00138841,                /* 04D5  move L19 <- P8 */
    0x000C07A0, 0x00010000,    /* 04D6  call base=L12 argc=7 nres=1 */
    0x00070C41,                /* 04D8  move L7 <- L12 */
    0x000C0D42,                /* 04D9  gget L13 <- g12   (_cells) */
    0x000E0141,                /* 04DA  move L14 <- L1 */
    0x000F8341,                /* 04DB  move L15 <- P3 */
    0x00100641,                /* 04DC  move L16 <- L6 */
    0x00118641,                /* 04DD  move L17 <- P6 */
    0x000D04A0, 0x00010000,    /* 04DE  call base=L13 argc=4 nres=1 */
    0x000C0D41,                /* 04E0  move L12 <- L13 */
    0x0007009B, 0x000F000C,    /* 04E1  setattr L7.sym#15 <- L12   ("cells") */
    0x001B0D42,                /* 04E3  gget L13 <- g27   (FN_COROUTINE) */
    0x000E008B, 0x0004000D,    /* 04E4  band L14 <- L4 & L13 */
    0x000F0040,                /* 04E6  i8 L15 <- 0 */
    0x000C0090, 0x000E000F,    /* 04E7  ne L12 <- L14 != L15 */
    0x0007009B, 0x002D000C,    /* 04E9  setattr L7.sym#45 <- L12   ("is_coroutine") */
    0x000C8941,                /* 04EB  move L12 <- P9 */
    0x0007009B, 0x002B000C,    /* 04EC  setattr L7.sym#43 <- L12   ("tolerant") */
    0x00160C42,                /* 04EE  gget L12 <- g22   (_declare_statics) */
    0x000D0741,                /* 04EF  move L13 <- L7 */
    0x000E8141,                /* 04F0  move L14 <- P1 */
    0x000F8341,                /* 04F1  move L15 <- P3 */
    0x00108041,                /* 04F2  move L16 <- P0 */
    0x000C04A0, 0x00010000,    /* 04F3  call base=L12 argc=4 nres=1 */
    0x00080C41,                /* 04F5  move L8 <- L12 */
    0x000B0C46,                /* 04F6  lconst L12 <- static#11   ("error") */
    0x000D0097, 0x0008000C,    /* 04F7  is L13 <- L8 is L12 */
    0x00010D4B,                /* 04F9  jf L13, +1 */
    0x00080102,                /* 04FA  return L8 count=1 */
    0x000C009A, 0x80000006,    /* 04FB  getattr L12 <- P0.sym#6   ("image") */
    0x000D8141,                /* 04FD  move L13 <- P1 */
    0x000E0241,                /* 04FE  move L14 <- L2 */
    0x000F0040,                /* 04FF  i8 L15 <- 0 */
    0x00100040,                /* 0500  i8 L16 <- 0 */
    0x00110441,                /* 0501  move L17 <- L4 */
    0x00120541,                /* 0502  move L18 <- L5 */
    0x002C1342,                /* 0503  gget L19 <- g44   (len) */
    0x00140641,                /* 0504  move L20 <- L6 */
    0x001301A0, 0x00010000,    /* 0505  call base=L19 argc=1 nres=1 */
    0x000C07A2, 0x000E0001,    /* 0507  msg base=L12 argc=7 msg#14 nres=1   (add_function) */
    0x00090C41,                /* 0509  move L9 <- L12 */
    0x000B0C46,                /* 050A  lconst L12 <- static#11   ("error") */
    0x000D0097, 0x0009000C,    /* 050B  is L13 <- L9 is L12 */
    0x00010D4B,                /* 050D  jf L13, +1 */
    0x00090102,                /* 050E  return L9 count=1 */
    0x00140C42,                /* 050F  gget L12 <- g20   (_compile_or_stub) */
    0x000D0741,                /* 0510  move L13 <- L7 */
    0x000E0141,                /* 0511  move L14 <- L1 */
    0x000F0641,                /* 0512  move L15 <- L6 */
    0x00108341,                /* 0513  move L16 <- P3 */
    0x00118041,                /* 0514  move L17 <- P0 */
    0x000C05A0, 0x00010000,    /* 0515  call base=L12 argc=5 nres=1 */
    0x000A0C41,                /* 0517  move L10 <- L12 */
    0x000B0C46,                /* 0518  lconst L12 <- static#11   ("error") */
    0x000D0097, 0x000A000C,    /* 0519  is L13 <- L10 is L12 */
    0x00010D4B,                /* 051B  jf L13, +1 */
    0x000A0102,                /* 051C  return L10 count=1 */
    0x000C009A, 0x80000006,    /* 051D  getattr L12 <- P0.sym#6   ("image") */
    0x000D009A, 0x000C002F,    /* 051F  getattr L13 <- L12.sym#47   ("functions") */
    0x000B0098, 0x000D0009,    /* 0521  getidx L11 <- L13[L9] */
    0x00140C46,                /* 0523  lconst L12 <- static#20   ("nil") */
    0x000D0097, 0x000A000C,    /* 0524  is L13 <- L10 is L12 */
    0x000E0D4A,                /* 0526  not L14 <- L13 */
    0x000D0E4B,                /* 0527  jf L14, +13 */
    0x000D009A, 0x80000006,    /* 0528  getattr L13 <- P0.sym#6   ("image") */
    0x000C009A, 0x000D0030,    /* 052A  getattr L12 <- L13.sym#48   ("unlowered") */
    0x000D8141,                /* 052C  move L13 <- P1 */
    0x000E0A41,                /* 052D  move L14 <- L10 */
    0x000F009A, 0x0007002B,    /* 052E  getattr L15 <- L7.sym#43   ("tolerant") */
    0x00100382, 0x000D0000,    /* 0530  list L16 <- L13, 3 items */
    0x000D1041,                /* 0532  move L13 <- L16 */
    0x000C01A2, 0x00000001,    /* 0533  msg base=L12 argc=1 msg#0 nres=1   (append) */
    0x001F0C46,                /* 0535  lconst L12 <- static#31   ("nlocals") */
    0x000D009A, 0x00070031,    /* 0536  getattr L13 <- L7.sym#49   ("high") */
    0x000B0099, 0x000C000D,    /* 0538  setidx L11[L12] <- L13 */
    0x00200C46,                /* 053A  lconst L12 <- static#32   ("nresults") */
    0x000D009A, 0x00070032,    /* 053B  getattr L13 <- L7.sym#50   ("max_results") */
    0x000B0099, 0x000C000D,    /* 053D  setidx L11[L12] <- L13 */
    0x00210C46,                /* 053F  lconst L12 <- static#33   ("uses") */
    0x00040E42,                /* 0540  gget L14 <- g4   (_copy_list) */
    0x000F009A, 0x00070025,    /* 0541  getattr L15 <- L7.sym#37   ("uses") */
    0x000E01A0, 0x00010000,    /* 0543  call base=L14 argc=1 nres=1 */
    0x000D0E41,                /* 0545  move L13 <- L14 */
    0x000B0099, 0x000C000D,    /* 0546  setidx L11[L12] <- L13 */
    0x000C8041,                /* 0548  move L12 <- P0 */
    0x000D0941,                /* 0549  move L13 <- L9 */
    0x000E0741,                /* 054A  move L14 <- L7 */
    0x000C02A2, 0x000F0001,    /* 054B  msg base=L12 argc=2 msg#15 nres=1   (add_pending) */
    0x000C0941,                /* 054D  move L12 <- L9 */
    0x000D0641,                /* 054E  move L13 <- L6 */
    0x000E0282, 0x000C0000,    /* 054F  list L14 <- L12, 2 items */
    0x000E0102,                /* 0551  return L14 count=1 */
    0x00310442,                /* 0552  gget L4 <- g49   (walk_body) */
    0x00058241,                /* 0553  move L5 <- P2 */
    0x000401A0, 0x00010000,    /* 0554  call base=L4 argc=1 nres=1 */
    0x000500AE, 0x00040000,    /* 0556  iter L5 <- L4 */
    0x000000AF, 0x00050041,    /* 0558  itnext L0 <- L5, done +65 */
    0x00230642,                /* 055A  gget L6 <- g35   (node_kind) */
    0x00070041,                /* 055B  move L7 <- L0 */
    0x000601A0, 0x00010000,    /* 055C  call base=L6 argc=1 nres=1 */
    0x00340745,                /* 055E  lsym L7 <- sym#52   ("static") */
    0x00080090, 0x00060007,    /* 055F  ne L8 <- L6 != L7 */
    0x0001084B,                /* 0561  jf L8, +1 */
    0xFFF5004F,                /* 0562  jmp -11 */
    0x00030642,                /* 0563  gget L6 <- g3   (_field) */
    0x00070041,                /* 0564  move L7 <- L0 */
    0x00080140,                /* 0565  i8 L8 <- 1 */
    0x000602A0, 0x00010000,    /* 0566  call base=L6 argc=2 nres=1 */
    0x00010641,                /* 0568  move L1 <- L6 */
    0x0001014E,                /* 0569  jnerr L1, +1 */
    0x00010003,                /* 056A  lnil L1 */
    0x00030642,                /* 056B  gget L6 <- g3   (_field) */
    0x00070041,                /* 056C  move L7 <- L0 */
    0x00080340,                /* 056D  i8 L8 <- 3 */
    0x000602A0, 0x00010000,    /* 056E  call base=L6 argc=2 nres=1 */
    0x00020641,                /* 0570  move L2 <- L6 */
    0x0001024E,                /* 0571  jnerr L2, +1 */
    0x00020003,                /* 0572  lnil L2 */
    0x00068341,                /* 0573  move L6 <- P3 */
    0x00220746,                /* 0574  lconst L7 <- static#34   ("::") */
    0x00080085, 0x80010007,    /* 0575  add L8 <- P1 + L7 */
    0x00240942,                /* 0577  gget L9 <- g36   (str) */
    0x000A0141,                /* 0578  move L10 <- L1 */
    0x000901A0, 0x00010000,    /* 0579  call base=L9 argc=1 nres=1 */
    0x000A0085, 0x00080009,    /* 057B  add L10 <- L8 + L9 */
    0x00070A41,                /* 057D  move L7 <- L10 */
    0x000601A2, 0x00100001,    /* 057E  msg base=L6 argc=1 msg#16 nres=1   (declare_global) */
    0x00030641,                /* 0580  move L3 <- L6 */
    0x000B0646,                /* 0581  lconst L6 <- static#11   ("error") */
    0x00070097, 0x00030006,    /* 0582  is L7 <- L3 is L6 */
    0x0001074B,                /* 0584  jf L7, +1 */
    0x00030102,                /* 0585  return L3 count=1 */
    0x0006009A, 0x80000036,    /* 0586  getattr L6 <- P0.sym#54   ("statics") */
    0x00070341,                /* 0588  move L7 <- L3 */
    0x00060099, 0x00010007,    /* 0589  setidx L6[L1] <- L7 */
    0x00140646,                /* 058B  lconst L6 <- static#20   ("nil") */
    0x00070097, 0x00020006,    /* 058C  is L7 <- L2 is L6 */
    0x0008074A,                /* 058E  not L8 <- L7 */
    0x000A084B,                /* 058F  jf L8, +10 */
    0x0006009A, 0x80030037,    /* 0590  getattr L6 <- P3.sym#55   ("pending_statics") */
    0x00070341,                /* 0592  move L7 <- L3 */
    0x00080241,                /* 0593  move L8 <- L2 */
    0x00090003,                /* 0594  lnil L9 */
    0x000A0382, 0x00070000,    /* 0595  list L10 <- L7, 3 items */
    0x00070A41,                /* 0597  move L7 <- L10 */
    0x000601A2, 0x00000001,    /* 0598  msg base=L6 argc=1 msg#0 nres=1   (append) */
    0xFFBD004F,                /* 059A  jmp -67 */
    0x00040003,                /* 059B  lnil L4 */
    0x00040102,                /* 059C  return L4 count=1 */
    0x002C0642,                /* 059D  gget L6 <- g44   (len) */
    0x00078241,                /* 059E  move L7 <- P2 */
    0x000601A0, 0x00010000,    /* 059F  call base=L6 argc=1 nres=1 */
    0x00070040,                /* 05A1  i8 L7 <- 0 */
    0x0008008F, 0x00060007,    /* 05A2  eq L8 <- L6 == L7 */
    0x0014084B,                /* 05A4  jf L8, +20 */
    0x00050642,                /* 05A5  gget L6 <- g5   (_emit_pack) */
    0x00098041,                /* 05A6  move L9 <- P0 */
    0x00380A45,                /* 05A7  lsym L10 <- sym#56   ("closure") */
    0x000B0281, 0x00090000,    /* 05A8  tuple L11 <- L9, 2 items */
    0x00070B41,                /* 05AA  move L7 <- L11 */
    0x000F0946,                /* 05AB  lconst L9 <- static#15   ("a0") */
    0x000A8341,                /* 05AC  move L10 <- P3 */
    0x00100B46,                /* 05AD  lconst L11 <- static#16   ("a1") */
    0x000C8141,                /* 05AE  move L12 <- P1 */
    0x00110D46,                /* 05AF  lconst L13 <- static#17   ("a2") */
    0x000E0040,                /* 05B0  i8 L14 <- 0 */
    0x000E0F46,                /* 05B1  lconst L15 <- static#14   ("f") */
    0x00100040,                /* 05B2  i8 L16 <- 0 */
    0x00110483, 0x00090000,    /* 05B3  dict L17 <- L9, 4 pairs */
    0x00081141,                /* 05B5  move L8 <- L17 */
    0x000600A1, 0x00010000,    /* 05B6  call_va base=L6 nres=1 */
    0x00060102,                /* 05B8  return L6 count=1 */
    0x00068041,                /* 05B9  move L6 <- P0 */
    0x000600A2, 0x00080001,    /* 05BA  msg base=L6 argc=0 msg#8 nres=1   (mark) */
    0x00000641,                /* 05BC  move L0 <- L6 */
    0x000600AE, 0x80020000,    /* 05BD  iter L6 <- P2 */
    0x000200AF, 0x0006001C,    /* 05BF  itnext L2 <- L6, done +28 */
    0x00078041,                /* 05C1  move L7 <- P0 */
    0x000700A2, 0x00090001,    /* 05C2  msg base=L7 argc=0 msg#9 nres=1   (push) */
    0x00030741,                /* 05C4  move L3 <- L7 */
    0x000B0746,                /* 05C5  lconst L7 <- static#11   ("error") */
    0x00080097, 0x00030007,    /* 05C6  is L8 <- L3 is L7 */
    0x0001084B,                /* 05C8  jf L8, +1 */
    0x00030102,                /* 05C9  return L3 count=1 */
    0x00078041,                /* 05CA  move L7 <- P0 */
    0x00080241,                /* 05CB  move L8 <- L2 */
    0x000701A2, 0x00030001,    /* 05CC  msg base=L7 argc=1 msg#3 nres=1   (lookup) */
    0x00040741,                /* 05CE  move L4 <- L7 */
    0x00060742,                /* 05CF  gget L7 <- g6   (_emit_pairable) */
    0x00088041,                /* 05D0  move L8 <- P0 */
    0x00180945,                /* 05D1  lsym L9 <- sym#24   ("move") */
    0x000A0341,                /* 05D2  move L10 <- L3 */
    0x000B0441,                /* 05D3  move L11 <- L4 */
    0x000704A0, 0x00010000,    /* 05D4  call base=L7 argc=4 nres=1 */
    0x00050741,                /* 05D6  move L5 <- L7 */
    0x000B0746,                /* 05D7  lconst L7 <- static#11   ("error") */
    0x00080097, 0x00050007,    /* 05D8  is L8 <- L5 is L7 */
    0x0001084B,                /* 05DA  jf L8, +1 */
    0x00050102,                /* 05DB  return L5 count=1 */
    0xFFE2004F,                /* 05DC  jmp -30 */
    0x00050642,                /* 05DD  gget L6 <- g5   (_emit_pack) */
    0x00098041,                /* 05DE  move L9 <- P0 */
    0x00380A45,                /* 05DF  lsym L10 <- sym#56   ("closure") */
    0x000B0281, 0x00090000,    /* 05E0  tuple L11 <- L9, 2 items */
    0x00070B41,                /* 05E2  move L7 <- L11 */
    0x000F0946,                /* 05E3  lconst L9 <- static#15   ("a0") */
    0x000A8341,                /* 05E4  move L10 <- P3 */
    0x00100B46,                /* 05E5  lconst L11 <- static#16   ("a1") */
    0x000C8141,                /* 05E6  move L12 <- P1 */
    0x00110D46,                /* 05E7  lconst L13 <- static#17   ("a2") */
    0x00320E42,                /* 05E8  gget L14 <- g50   (L) */
    0x000F0041,                /* 05E9  move L15 <- L0 */
    0x000E01A0, 0x00010000,    /* 05EA  call base=L14 argc=1 nres=1 */
    0x000E0F46,                /* 05EC  lconst L15 <- static#14   ("f") */
    0x002C1042,                /* 05ED  gget L16 <- g44   (len) */
    0x00118241,                /* 05EE  move L17 <- P2 */
    0x001001A0, 0x00010000,    /* 05EF  call base=L16 argc=1 nres=1 */
    0x00110483, 0x00090000,    /* 05F1  dict L17 <- L9, 4 pairs */
    0x00081141,                /* 05F3  move L8 <- L17 */
    0x000600A1, 0x00010000,    /* 05F4  call_va base=L6 nres=1 */
    0x00010641,                /* 05F6  move L1 <- L6 */
    0x000B0646,                /* 05F7  lconst L6 <- static#11   ("error") */
    0x00070097, 0x00010006,    /* 05F8  is L7 <- L1 is L6 */
    0x0001074B,                /* 05FA  jf L7, +1 */
    0x00010102,                /* 05FB  return L1 count=1 */
    0x00068041,                /* 05FC  move L6 <- P0 */
    0x00070041,                /* 05FD  move L7 <- L0 */
    0x000601A2, 0x000A0001,    /* 05FE  msg base=L6 argc=1 msg#10 nres=1   (free_to) */
    0x00060102,                /* 0600  return L6 count=1 */
    0x00250742,                /* 0601  gget L7 <- g37   (boundary_params) */
    0x00088041,                /* 0602  move L8 <- P0 */
    0x000701A0, 0x00010000,    /* 0603  call base=L7 argc=1 nres=1 */
    0x00000741,                /* 0605  move L0 <- L7 */
    0x00260742,                /* 0606  gget L7 <- g38   (boundary_body) */
    0x00088041,                /* 0607  move L8 <- P0 */
    0x000701A0, 0x00010000,    /* 0608  call base=L7 argc=1 nres=1 */
    0x00010741,                /* 060A  move L1 <- L7 */
    0x00020040,                /* 060B  i8 L2 <- 0 */
    0x00230742,                /* 060C  gget L7 <- g35   (node_kind) */
    0x00088041,                /* 060D  move L8 <- P0 */
    0x000701A0, 0x00010000,    /* 060E  call base=L7 argc=1 nres=1 */
    0x00390845,                /* 0610  lsym L8 <- sym#57   ("co_lambda") */
    0x0009008F, 0x00070008,    /* 0611  eq L9 <- L7 == L8 */
    0x0001094B,                /* 0613  jf L9, +1 */
    0x001B0242,                /* 0614  gget L2 <- g27   (FN_COROUTINE) */
    0x00150742,                /* 0615  gget L7 <- g21   (compile_callable) */
    0x0008009A, 0x8001003A,    /* 0616  getattr L8 <- P1.sym#58   ("module") */
    0x00240942,                /* 0618  gget L9 <- g36   (str) */
    0x000A8341,                /* 0619  move L10 <- P3 */
    0x000901A0, 0x00010000,    /* 061A  call base=L9 argc=1 nres=1 */
    0x000A0041,                /* 061C  move L10 <- L0 */
    0x000B0141,                /* 061D  move L11 <- L1 */
    0x000C0003,                /* 061E  lnil L12 */
    0x000D0241,                /* 061F  move L13 <- L2 */
    0x000E8141,                /* 0620  move L14 <- P1 */
    0x000F0082, 0x000F0000,    /* 0621  list L15 <- L15, 0 items */
    0x00100003,                /* 0623  lnil L16 */
    0x00118441,                /* 0624  move L17 <- P4 */
    0x00070AA0, 0x00010000,    /* 0625  call base=L7 argc=10 nres=1 */
    0x00030741,                /* 0627  move L3 <- L7 */
    0x000B0746,                /* 0628  lconst L7 <- static#11   ("error") */
    0x00080097, 0x00030007,    /* 0629  is L8 <- L3 is L7 */
    0x0001084B,                /* 062B  jf L8, +1 */
    0x00030102,                /* 062C  return L3 count=1 */
    0x00070040,                /* 062D  i8 L7 <- 0 */
    0x00040098, 0x00030007,    /* 062E  getidx L4 <- L3[L7] */
    0x00070140,                /* 0630  i8 L7 <- 1 */
    0x00050098, 0x00030007,    /* 0631  getidx L5 <- L3[L7] */
    0x00170742,                /* 0633  gget L7 <- g23   (emit_closure) */
    0x00088141,                /* 0634  move L8 <- P1 */
    0x00090441,                /* 0635  move L9 <- L4 */
    0x000A0541,                /* 0636  move L10 <- L5 */
    0x000B8241,                /* 0637  move L11 <- P2 */
    0x000704A0, 0x00010000,    /* 0638  call base=L7 argc=4 nres=1 */
    0x00060741,                /* 063A  move L6 <- L7 */
    0x000B0746,                /* 063B  lconst L7 <- static#11   ("error") */
    0x00080097, 0x00060007,    /* 063C  is L8 <- L6 is L7 */
    0x0001084B,                /* 063E  jf L8, +1 */
    0x00060102,                /* 063F  return L6 count=1 */
    0x00078241,                /* 0640  move L7 <- P2 */
    0x00070102,                /* 0641  return L7 count=1 */
    0x00058141,                /* 0642  move L5 <- P1 */
    0x000500A2, 0x00080001,    /* 0643  msg base=L5 argc=0 msg#8 nres=1   (mark) */
    0x00000541,                /* 0645  move L0 <- L5 */
    0x00058141,                /* 0646  move L5 <- P1 */
    0x000500A2, 0x00090001,    /* 0647  msg base=L5 argc=0 msg#9 nres=1   (push) */
    0x00010541,                /* 0649  move L1 <- L5 */
    0x000B0546,                /* 064A  lconst L5 <- static#11   ("error") */
    0x00060097, 0x00010005,    /* 064B  is L6 <- L1 is L5 */
    0x0001064B,                /* 064D  jf L6, +1 */
    0x00010102,                /* 064E  return L1 count=1 */
    0x00030542,                /* 064F  gget L5 <- g3   (_field) */
    0x00068041,                /* 0650  move L6 <- P0 */
    0x00070140,                /* 0651  i8 L7 <- 1 */
    0x000502A0, 0x00010000,    /* 0652  call base=L5 argc=2 nres=1 */
    0x00020541,                /* 0654  move L2 <- L5 */
    0x0001024E,                /* 0655  jnerr L2, +1 */
    0x00020003,                /* 0656  lnil L2 */
    0x00180542,                /* 0657  gget L5 <- g24   (compile_closure_expr) */
    0x00068041,                /* 0658  move L6 <- P0 */
    0x00078141,                /* 0659  move L7 <- P1 */
    0x00080141,                /* 065A  move L8 <- L1 */
    0x00090241,                /* 065B  move L9 <- L2 */
    0x000A8341,                /* 065C  move L10 <- P3 */
    0x000505A0, 0x00010000,    /* 065D  call base=L5 argc=5 nres=1 */
    0x00030541,                /* 065F  move L3 <- L5 */
    0x000B0546,                /* 0660  lconst L5 <- static#11   ("error") */
    0x00060097, 0x00030005,    /* 0661  is L6 <- L3 is L5 */
    0x0001064B,                /* 0663  jf L6, +1 */
    0x00030102,                /* 0664  return L3 count=1 */
    0x00330542,                /* 0665  gget L5 <- g51   (store_reg) */
    0x00060241,                /* 0666  move L6 <- L2 */
    0x00070141,                /* 0667  move L7 <- L1 */
    0x00088141,                /* 0668  move L8 <- P1 */
    0x000503A0, 0x00010000,    /* 0669  call base=L5 argc=3 nres=1 */
    0x00040541,                /* 066B  move L4 <- L5 */
    0x000B0546,                /* 066C  lconst L5 <- static#11   ("error") */
    0x00060097, 0x00040005,    /* 066D  is L6 <- L4 is L5 */
    0x0001064B,                /* 066F  jf L6, +1 */
    0x00040102,                /* 0670  return L4 count=1 */
    0x00058141,                /* 0671  move L5 <- P1 */
    0x00060041,                /* 0672  move L6 <- L0 */
    0x000501A2, 0x000A0001,    /* 0673  msg base=L5 argc=1 msg#10 nres=1   (free_to) */
    0x00050102,                /* 0675  return L5 count=1 */
    0x00340B42,                /* 0676  gget L11 <- g52   (defer_parts) */
    0x000C8041,                /* 0677  move L12 <- P0 */
    0x000B01A0, 0x00010000,    /* 0678  call base=L11 argc=1 nres=1 */
    0x00000B41,                /* 067A  move L0 <- L11 */
    0x000B0040,                /* 067B  i8 L11 <- 0 */
    0x00010098, 0x0000000B,    /* 067C  getidx L1 <- L0[L11] */
    0x000B0140,                /* 067E  i8 L11 <- 1 */
    0x00020098, 0x0000000B,    /* 067F  getidx L2 <- L0[L11] */
    0x00150B42,                /* 0681  gget L11 <- g21   (compile_callable) */
    0x000C009A, 0x8001003A,    /* 0682  getattr L12 <- P1.sym#58   ("module") */
    0x00230D46,                /* 0684  lconst L13 <- static#35   ("<defer>") */
    0x000E0082, 0x000E0000,    /* 0685  list L14 <- L14, 0 items */
    0x000F0241,                /* 0687  move L15 <- L2 */
    0x00100003,                /* 0688  lnil L16 */
    0x00110040,                /* 0689  i8 L17 <- 0 */
    0x00128141,                /* 068A  move L18 <- P1 */
    0x00130082, 0x00130000,    /* 068B  list L19 <- L19, 0 items */
    0x00140003,                /* 068D  lnil L20 */
    0x000B09A0, 0x00010000,    /* 068E  call base=L11 argc=9 nres=1 */
    0x00030B41,                /* 0690  move L3 <- L11 */
    0x000B0B46,                /* 0691  lconst L11 <- static#11   ("error") */
    0x000C0097, 0x0003000B,    /* 0692  is L12 <- L3 is L11 */
    0x00010C4B,                /* 0694  jf L12, +1 */
    0x00030102,                /* 0695  return L3 count=1 */
    0x000B0040,                /* 0696  i8 L11 <- 0 */
    0x00040098, 0x0003000B,    /* 0697  getidx L4 <- L3[L11] */
    0x000B0140,                /* 0699  i8 L11 <- 1 */
    0x00050098, 0x0003000B,    /* 069A  getidx L5 <- L3[L11] */
    0x000B8141,                /* 069C  move L11 <- P1 */
    0x000B00A2, 0x00080001,    /* 069D  msg base=L11 argc=0 msg#8 nres=1   (mark) */
    0x00060B41,                /* 069F  move L6 <- L11 */
    0x000B8141,                /* 06A0  move L11 <- P1 */
    0x000B00A2, 0x00090001,    /* 06A1  msg base=L11 argc=0 msg#9 nres=1   (push) */
    0x00070B41,                /* 06A3  move L7 <- L11 */
    0x000B0B46,                /* 06A4  lconst L11 <- static#11   ("error") */
    0x000C0097, 0x0007000B,    /* 06A5  is L12 <- L7 is L11 */
    0x00010C4B,                /* 06A7  jf L12, +1 */
    0x00070102,                /* 06A8  return L7 count=1 */
    0x00170B42,                /* 06A9  gget L11 <- g23   (emit_closure) */
    0x000C8141,                /* 06AA  move L12 <- P1 */
    0x000D0441,                /* 06AB  move L13 <- L4 */
    0x000E0541,                /* 06AC  move L14 <- L5 */
    0x000F0741,                /* 06AD  move L15 <- L7 */
    0x000B04A0, 0x00010000,    /* 06AE  call base=L11 argc=4 nres=1 */
    0x00080B41,                /* 06B0  move L8 <- L11 */
    0x000B0B46,                /* 06B1  lconst L11 <- static#11   ("error") */
    0x000C0097, 0x0008000B,    /* 06B2  is L12 <- L8 is L11 */
    0x00010C4B,                /* 06B4  jf L12, +1 */
    0x00080102,                /* 06B5  return L8 count=1 */
    0x00090040,                /* 06B6  i8 L9 <- 0 */
    0x00140B46,                /* 06B7  lconst L11 <- static#20   ("nil") */
    0x000C0097, 0x0001000B,    /* 06B8  is L12 <- L1 is L11 */
    0x000D0C4A,                /* 06BA  not L13 <- L12 */
    0x00010D4B,                /* 06BB  jf L13, +1 */
    0x00090140,                /* 06BC  i8 L9 <- 1 */
    0x00050B42,                /* 06BD  gget L11 <- g5   (_emit_pack) */
    0x000E8141,                /* 06BE  move L14 <- P1 */
    0x003B0F45,                /* 06BF  lsym L15 <- sym#59   ("defer_reg") */
    0x00100281, 0x000E0000,    /* 06C0  tuple L16 <- L14, 2 items */
    0x000C1041,                /* 06C2  move L12 <- L16 */
    0x000F0E46,                /* 06C3  lconst L14 <- static#15   ("a0") */
    0x000F0741,                /* 06C4  move L15 <- L7 */
    0x000E1046,                /* 06C5  lconst L16 <- static#14   ("f") */
    0x00110941,                /* 06C6  move L17 <- L9 */
    0x00120283, 0x000E0000,    /* 06C7  dict L18 <- L14, 2 pairs */
    0x000D1241,                /* 06C9  move L13 <- L18 */
    0x000B00A1, 0x00010000,    /* 06CA  call_va base=L11 nres=1 */
    0x000A0B41,                /* 06CC  move L10 <- L11 */
    0x000B0B46,                /* 06CD  lconst L11 <- static#11   ("error") */
    0x000C0097, 0x000A000B,    /* 06CE  is L12 <- L10 is L11 */
    0x00010C4B,                /* 06D0  jf L12, +1 */
    0x000A0102,                /* 06D1  return L10 count=1 */
    0x000B8141,                /* 06D2  move L11 <- P1 */
    0x000C0641,                /* 06D3  move L12 <- L6 */
    0x000B01A2, 0x000A0001,    /* 06D4  msg base=L11 argc=1 msg#10 nres=1   (free_to) */
    0x000B0102,                /* 06D6  return L11 count=1 */
};

const wy_module_image functions_image = {
    .name = "functions",
    .sections = {
        [WY_SEC_HEADER] = { functions_header, sizeof functions_header },
        [WY_SEC_STATICS] = { functions_statics, sizeof functions_statics },
        [WY_SEC_SYMBOLS] = { functions_symbols, sizeof functions_symbols },
        [WY_SEC_FUNCTIONS] = { functions_functions, sizeof functions_functions },
        [WY_SEC_CLASSES] = { functions_classes, sizeof functions_classes },
        [WY_SEC_MESSAGES] = { functions_messages, sizeof functions_messages },
        [WY_SEC_CODE] = { (const uint8_t*) functions_code, sizeof functions_code },
        [WY_SEC_EXPORTS] = { functions_exports, sizeof functions_exports },
        [WY_SEC_FREE] = { functions_free, sizeof functions_free },
    },
};
