/* Generated from module by wypoc's bytecode compiler. */

#include <stdint.h>
#include "wyrm/image.h"

static const uint8_t module_header[] = {
    0x28, 0x00, 0x00, 0x00, 0x02, 0x6E, 0x00, 0x07, 0x00, 0x00, 0x00, 0x6D,
    0x6F, 0x64, 0x75, 0x6C, 0x65, 0x00, 0x10, 0x76, 0x00, 0x01, 0x00, 0x00,
    0x00, 0x10, 0x67, 0x00, 0x42, 0x00, 0x00, 0x00, 0x10, 0x6C, 0x00, 0x04,
    0x00, 0x00, 0x00, 0x00,
};

static const uint8_t module_statics[] = {
    0xCB, 0x05, 0x00, 0x00, 0x02, 0x30, 0x00, 0x07, 0x00, 0x00, 0x00, 0x77,
    0x79, 0x72, 0x6D, 0x3A, 0x3A, 0x00, 0x02, 0x31, 0x00, 0x0E, 0x00, 0x00,
    0x00, 0x77, 0x79, 0x72, 0x6D, 0x3A, 0x3A, 0x6F, 0x70, 0x63, 0x6F, 0x64,
    0x65, 0x73, 0x00, 0x02, 0x32, 0x00, 0x11, 0x00, 0x00, 0x00, 0x77, 0x79,
    0x72, 0x6D, 0x3A, 0x3A, 0x63, 0x6F, 0x6D, 0x70, 0x69, 0x6C, 0x65, 0x72,
    0x3A, 0x3A, 0x00, 0x02, 0x33, 0x00, 0x18, 0x00, 0x00, 0x00, 0x77, 0x79,
    0x72, 0x6D, 0x3A, 0x3A, 0x63, 0x6F, 0x6D, 0x70, 0x69, 0x6C, 0x65, 0x72,
    0x3A, 0x3A, 0x63, 0x6F, 0x6E, 0x74, 0x65, 0x78, 0x74, 0x00, 0x02, 0x34,
    0x00, 0x19, 0x00, 0x00, 0x00, 0x77, 0x79, 0x72, 0x6D, 0x3A, 0x3A, 0x63,
    0x6F, 0x6D, 0x70, 0x69, 0x6C, 0x65, 0x72, 0x3A, 0x3A, 0x61, 0x6E, 0x61,
    0x6C, 0x79, 0x73, 0x69, 0x73, 0x00, 0x02, 0x35, 0x00, 0x1C, 0x00, 0x00,
    0x00, 0x77, 0x79, 0x72, 0x6D, 0x3A, 0x3A, 0x63, 0x6F, 0x6D, 0x70, 0x69,
    0x6C, 0x65, 0x72, 0x3A, 0x3A, 0x65, 0x78, 0x70, 0x72, 0x65, 0x73, 0x73,
    0x69, 0x6F, 0x6E, 0x73, 0x00, 0x02, 0x36, 0x00, 0x1B, 0x00, 0x00, 0x00,
    0x77, 0x79, 0x72, 0x6D, 0x3A, 0x3A, 0x63, 0x6F, 0x6D, 0x70, 0x69, 0x6C,
    0x65, 0x72, 0x3A, 0x3A, 0x73, 0x74, 0x61, 0x74, 0x65, 0x6D, 0x65, 0x6E,
    0x74, 0x73, 0x00, 0x02, 0x37, 0x00, 0x1A, 0x00, 0x00, 0x00, 0x77, 0x79,
    0x72, 0x6D, 0x3A, 0x3A, 0x63, 0x6F, 0x6D, 0x70, 0x69, 0x6C, 0x65, 0x72,
    0x3A, 0x3A, 0x66, 0x75, 0x6E, 0x63, 0x74, 0x69, 0x6F, 0x6E, 0x73, 0x00,
    0x02, 0x38, 0x00, 0x18, 0x00, 0x00, 0x00, 0x77, 0x79, 0x72, 0x6D, 0x3A,
    0x3A, 0x63, 0x6F, 0x6D, 0x70, 0x69, 0x6C, 0x65, 0x72, 0x3A, 0x3A, 0x63,
    0x6C, 0x61, 0x73, 0x73, 0x65, 0x73, 0x00, 0x02, 0x39, 0x00, 0x19, 0x00,
    0x00, 0x00, 0x77, 0x79, 0x72, 0x6D, 0x3A, 0x3A, 0x63, 0x6F, 0x6D, 0x70,
    0x69, 0x6C, 0x65, 0x72, 0x3A, 0x3A, 0x68, 0x61, 0x6E, 0x64, 0x6C, 0x65,
    0x72, 0x73, 0x00, 0x02, 0x31, 0x30, 0x00, 0x17, 0x00, 0x00, 0x00, 0x77,
    0x79, 0x72, 0x6D, 0x3A, 0x3A, 0x63, 0x6F, 0x6D, 0x70, 0x69, 0x6C, 0x65,
    0x72, 0x3A, 0x3A, 0x76, 0x65, 0x72, 0x69, 0x66, 0x79, 0x00, 0x02, 0x31,
    0x31, 0x00, 0x05, 0x00, 0x00, 0x00, 0x70, 0x61, 0x69, 0x72, 0x00, 0x02,
    0x31, 0x32, 0x00, 0x13, 0x00, 0x00, 0x00, 0x69, 0x6E, 0x64, 0x65, 0x78,
    0x20, 0x6F, 0x75, 0x74, 0x20, 0x6F, 0x66, 0x20, 0x72, 0x61, 0x6E, 0x67,
    0x65, 0x00, 0x02, 0x31, 0x33, 0x00, 0x06, 0x00, 0x00, 0x00, 0x65, 0x72,
    0x72, 0x6F, 0x72, 0x00, 0x10, 0x31, 0x34, 0x00, 0x00, 0x00, 0x00, 0x00,
    0x0A, 0x31, 0x35, 0x00, 0x02, 0x31, 0x36, 0x00, 0x02, 0x00, 0x00, 0x00,
    0x66, 0x00, 0x02, 0x31, 0x37, 0x00, 0x03, 0x00, 0x00, 0x00, 0x61, 0x30,
    0x00, 0x02, 0x31, 0x38, 0x00, 0x03, 0x00, 0x00, 0x00, 0x61, 0x31, 0x00,
    0x02, 0x31, 0x39, 0x00, 0x03, 0x00, 0x00, 0x00, 0x61, 0x32, 0x00, 0x02,
    0x32, 0x30, 0x00, 0x03, 0x00, 0x00, 0x00, 0x77, 0x31, 0x00, 0x02, 0x32,
    0x31, 0x00, 0x01, 0x00, 0x00, 0x00, 0x00, 0x02, 0x32, 0x32, 0x00, 0x03,
    0x00, 0x00, 0x00, 0x3A, 0x3A, 0x00, 0x02, 0x32, 0x33, 0x00, 0x04, 0x00,
    0x00, 0x00, 0x73, 0x79, 0x6D, 0x00, 0x02, 0x32, 0x34, 0x00, 0x2D, 0x00,
    0x00, 0x00, 0x61, 0x6E, 0x20, 0x69, 0x6D, 0x70, 0x6F, 0x72, 0x74, 0x20,
    0x70, 0x61, 0x74, 0x68, 0x20, 0x69, 0x73, 0x20, 0x61, 0x20, 0x6E, 0x61,
    0x6D, 0x65, 0x20, 0x6F, 0x72, 0x20, 0x61, 0x20, 0x71, 0x75, 0x61, 0x6C,
    0x69, 0x66, 0x69, 0x65, 0x64, 0x20, 0x6E, 0x61, 0x6D, 0x65, 0x00, 0x02,
    0x32, 0x35, 0x00, 0x04, 0x00, 0x00, 0x00, 0x6E, 0x69, 0x6C, 0x00, 0x02,
    0x32, 0x36, 0x00, 0x17, 0x00, 0x00, 0x00, 0x61, 0x6E, 0x20, 0x69, 0x6D,
    0x70, 0x6F, 0x72, 0x74, 0x20, 0x6E, 0x65, 0x65, 0x64, 0x73, 0x20, 0x61,
    0x20, 0x70, 0x61, 0x74, 0x68, 0x00, 0x02, 0x32, 0x37, 0x00, 0x36, 0x00,
    0x00, 0x00, 0x61, 0x6E, 0x20, 0x69, 0x6D, 0x70, 0x6F, 0x72, 0x74, 0x20,
    0x73, 0x70, 0x65, 0x63, 0x20, 0x69, 0x73, 0x20, 0x28, 0x61, 0x73, 0x20,
    0x6E, 0x61, 0x6D, 0x65, 0x29, 0x2C, 0x20, 0x28, 0x69, 0x74, 0x65, 0x6D,
    0x73, 0x20, 0x2E, 0x2E, 0x2E, 0x29, 0x20, 0x6F, 0x72, 0x20, 0x28, 0x61,
    0x6C, 0x6C, 0x20, 0x2E, 0x2E, 0x2E, 0x29, 0x00, 0x02, 0x32, 0x38, 0x00,
    0x05, 0x00, 0x00, 0x00, 0x6C, 0x69, 0x73, 0x74, 0x00, 0x08, 0x32, 0x39,
    0x00, 0x00, 0x02, 0x33, 0x30, 0x00, 0x0C, 0x00, 0x00, 0x00, 0x63, 0x6F,
    0x64, 0x65, 0x5F, 0x6F, 0x66, 0x66, 0x73, 0x65, 0x74, 0x00, 0x02, 0x33,
    0x31, 0x00, 0x09, 0x00, 0x00, 0x00, 0x65, 0x78, 0x70, 0x6F, 0x72, 0x74,
    0x65, 0x64, 0x00, 0x02, 0x33, 0x32, 0x00, 0x05, 0x00, 0x00, 0x00, 0x6E,
    0x61, 0x6D, 0x65, 0x00, 0x02, 0x33, 0x33, 0x00, 0x05, 0x00, 0x00, 0x00,
    0x66, 0x72, 0x65, 0x65, 0x00, 0x02, 0x33, 0x34, 0x00, 0x08, 0x00, 0x00,
    0x00, 0x76, 0x65, 0x72, 0x73, 0x69, 0x6F, 0x6E, 0x00, 0x02, 0x33, 0x35,
    0x00, 0x08, 0x00, 0x00, 0x00, 0x67, 0x6C, 0x6F, 0x62, 0x61, 0x6C, 0x73,
    0x00, 0x02, 0x33, 0x36, 0x00, 0x07, 0x00, 0x00, 0x00, 0x69, 0x6E, 0x69,
    0x74, 0x5F, 0x6C, 0x00, 0x02, 0x33, 0x37, 0x00, 0x0D, 0x00, 0x00, 0x00,
    0x69, 0x6E, 0x69, 0x74, 0x5F, 0x6E, 0x6C, 0x6F, 0x63, 0x61, 0x6C, 0x73,
    0x00, 0x02, 0x33, 0x38, 0x00, 0x0C, 0x00, 0x00, 0x00, 0x6D, 0x6F, 0x64,
    0x75, 0x6C, 0x65, 0x5F, 0x75, 0x73, 0x65, 0x73, 0x00, 0x02, 0x33, 0x39,
    0x00, 0x0A, 0x00, 0x00, 0x00, 0x75, 0x6E, 0x6C, 0x6F, 0x77, 0x65, 0x72,
    0x65, 0x64, 0x00, 0x02, 0x34, 0x30, 0x00, 0x08, 0x00, 0x00, 0x00, 0x73,
    0x74, 0x61, 0x74, 0x69, 0x63, 0x73, 0x00, 0x02, 0x34, 0x31, 0x00, 0x0E,
    0x00, 0x00, 0x00, 0x73, 0x6C, 0x6F, 0x74, 0x5F, 0x64, 0x65, 0x66, 0x61,
    0x75, 0x6C, 0x74, 0x73, 0x00, 0x02, 0x34, 0x32, 0x00, 0x08, 0x00, 0x00,
    0x00, 0x73, 0x79, 0x6D, 0x62, 0x6F, 0x6C, 0x73, 0x00, 0x02, 0x34, 0x33,
    0x00, 0x0A, 0x00, 0x00, 0x00, 0x66, 0x75, 0x6E, 0x63, 0x74, 0x69, 0x6F,
    0x6E, 0x73, 0x00, 0x02, 0x34, 0x34, 0x00, 0x08, 0x00, 0x00, 0x00, 0x63,
    0x6C, 0x61, 0x73, 0x73, 0x65, 0x73, 0x00, 0x02, 0x34, 0x35, 0x00, 0x09,
    0x00, 0x00, 0x00, 0x6D, 0x65, 0x73, 0x73, 0x61, 0x67, 0x65, 0x73, 0x00,
    0x02, 0x34, 0x36, 0x00, 0x08, 0x00, 0x00, 0x00, 0x65, 0x78, 0x70, 0x6F,
    0x72, 0x74, 0x73, 0x00, 0x02, 0x34, 0x37, 0x00, 0x05, 0x00, 0x00, 0x00,
    0x63, 0x6F, 0x64, 0x65, 0x00, 0x02, 0x34, 0x38, 0x00, 0x06, 0x00, 0x00,
    0x00, 0x74, 0x75, 0x70, 0x6C, 0x65, 0x00, 0x08, 0x34, 0x39, 0x00, 0x01,
    0x02, 0x35, 0x30, 0x00, 0x24, 0x00, 0x00, 0x00, 0x63, 0x6F, 0x6D, 0x70,
    0x69, 0x6C, 0x65, 0x5F, 0x6D, 0x6F, 0x64, 0x75, 0x6C, 0x65, 0x20, 0x6E,
    0x65, 0x65, 0x64, 0x73, 0x20, 0x61, 0x20, 0x27, 0x6D, 0x6F, 0x64, 0x75,
    0x6C, 0x65, 0x20, 0x6E, 0x6F, 0x64, 0x65, 0x00, 0x02, 0x35, 0x31, 0x00,
    0x02, 0x00, 0x00, 0x00, 0x27, 0x00, 0x02, 0x35, 0x32, 0x00, 0x4E, 0x00,
    0x00, 0x00, 0x27, 0x20, 0x68, 0x61, 0x73, 0x20, 0x64, 0x65, 0x63, 0x6F,
    0x72, 0x61, 0x74, 0x6F, 0x72, 0x73, 0x20, 0x62, 0x75, 0x74, 0x20, 0x6E,
    0x6F, 0x20, 0x65, 0x78, 0x70, 0x61, 0x6E, 0x64, 0x65, 0x72, 0x20, 0x77,
    0x61, 0x73, 0x20, 0x73, 0x75, 0x70, 0x70, 0x6C, 0x69, 0x65, 0x64, 0x20,
    0x28, 0x73, 0x65, 0x65, 0x20, 0x77, 0x79, 0x72, 0x6D, 0x3A, 0x3A, 0x63,
    0x6F, 0x6D, 0x70, 0x69, 0x6C, 0x65, 0x72, 0x3A, 0x3A, 0x65, 0x78, 0x70,
    0x61, 0x6E, 0x73, 0x69, 0x6F, 0x6E, 0x29, 0x00, 0x02, 0x35, 0x33, 0x00,
    0x09, 0x00, 0x00, 0x00, 0x5F, 0x5F, 0x72, 0x65, 0x70, 0x6C, 0x5F, 0x5F,
    0x00, 0x02, 0x35, 0x34, 0x00, 0x05, 0x00, 0x00, 0x00, 0x6C, 0x65, 0x6E,
    0x73, 0x00, 0x02, 0x35, 0x35, 0x00, 0x0C, 0x00, 0x00, 0x00, 0x69, 0x6D,
    0x61, 0x67, 0x65, 0x5F, 0x64, 0x69, 0x63, 0x74, 0x73, 0x00, 0x02, 0x35,
    0x36, 0x00, 0x0D, 0x00, 0x00, 0x00, 0x6D, 0x6F, 0x64, 0x75, 0x6C, 0x65,
    0x5F, 0x64, 0x69, 0x63, 0x74, 0x73, 0x00, 0x02, 0x35, 0x37, 0x00, 0x09,
    0x00, 0x00, 0x00, 0x77, 0x69, 0x6C, 0x64, 0x63, 0x61, 0x72, 0x64, 0x00,
    0x02, 0x35, 0x38, 0x00, 0x08, 0x00, 0x00, 0x00, 0x69, 0x6D, 0x70, 0x6F,
    0x72, 0x74, 0x73, 0x00, 0x02, 0x35, 0x39, 0x00, 0x25, 0x00, 0x00, 0x00,
    0x63, 0x6F, 0x6D, 0x70, 0x69, 0x6C, 0x65, 0x5F, 0x73, 0x6E, 0x69, 0x70,
    0x70, 0x65, 0x74, 0x20, 0x6E, 0x65, 0x65, 0x64, 0x73, 0x20, 0x61, 0x20,
    0x27, 0x6D, 0x6F, 0x64, 0x75, 0x6C, 0x65, 0x20, 0x6E, 0x6F, 0x64, 0x65,
    0x00, 0x02, 0x36, 0x30, 0x00, 0x07, 0x00, 0x00, 0x00, 0x3C, 0x72, 0x65,
    0x70, 0x6C, 0x2D, 0x00, 0x02, 0x36, 0x31, 0x00, 0x02, 0x00, 0x00, 0x00,
    0x3E, 0x00, 0x02, 0x36, 0x32, 0x00, 0x57, 0x00, 0x00, 0x00, 0x74, 0x68,
    0x69, 0x73, 0x20, 0x69, 0x6E, 0x70, 0x75, 0x74, 0x20, 0x68, 0x61, 0x73,
    0x20, 0x64, 0x65, 0x63, 0x6F, 0x72, 0x61, 0x74, 0x6F, 0x72, 0x73, 0x20,
    0x62, 0x75, 0x74, 0x20, 0x6E, 0x6F, 0x20, 0x65, 0x78, 0x70, 0x61, 0x6E,
    0x64, 0x65, 0x72, 0x20, 0x77, 0x61, 0x73, 0x20, 0x73, 0x75, 0x70, 0x70,
    0x6C, 0x69, 0x65, 0x64, 0x20, 0x28, 0x73, 0x65, 0x65, 0x20, 0x77, 0x79,
    0x72, 0x6D, 0x3A, 0x3A, 0x63, 0x6F, 0x6D, 0x70, 0x69, 0x6C, 0x65, 0x72,
    0x3A, 0x3A, 0x65, 0x78, 0x70, 0x61, 0x6E, 0x73, 0x69, 0x6F, 0x6E, 0x29,
    0x00, 0x02, 0x36, 0x33, 0x00, 0x06, 0x00, 0x00, 0x00, 0x64, 0x65, 0x6C,
    0x74, 0x61, 0x00, 0x02, 0x36, 0x34, 0x00, 0x03, 0x00, 0x00, 0x00, 0x62,
    0x63, 0x00, 0x02, 0x36, 0x35, 0x00, 0x03, 0x00, 0x00, 0x00, 0x62, 0x66,
    0x00, 0x02, 0x36, 0x36, 0x00, 0x03, 0x00, 0x00, 0x00, 0x62, 0x73, 0x00,
    0x02, 0x36, 0x37, 0x00, 0x03, 0x00, 0x00, 0x00, 0x62, 0x79, 0x00, 0x02,
    0x36, 0x38, 0x00, 0x03, 0x00, 0x00, 0x00, 0x62, 0x6B, 0x00, 0x02, 0x36,
    0x39, 0x00, 0x03, 0x00, 0x00, 0x00, 0x62, 0x6D, 0x00, 0x02, 0x37, 0x30,
    0x00, 0x03, 0x00, 0x00, 0x00, 0x62, 0x67, 0x00, 0x02, 0x37, 0x31, 0x00,
    0x02, 0x00, 0x00, 0x00, 0x69, 0x00, 0x00,
};

static const uint8_t module_symbols[] = {
    0x8B, 0x05, 0x00, 0x00, 0x02, 0x30, 0x00, 0x0B, 0x00, 0x00, 0x00, 0x65,
    0x6D, 0x69, 0x74, 0x5F, 0x77, 0x6F, 0x72, 0x64, 0x73, 0x00, 0x02, 0x31,
    0x00, 0x07, 0x00, 0x00, 0x00, 0x61, 0x70, 0x70, 0x65, 0x6E, 0x64, 0x00,
    0x02, 0x32, 0x00, 0x03, 0x00, 0x00, 0x00, 0x61, 0x73, 0x00, 0x02, 0x33,
    0x00, 0x06, 0x00, 0x00, 0x00, 0x69, 0x74, 0x65, 0x6D, 0x73, 0x00, 0x02,
    0x34, 0x00, 0x04, 0x00, 0x00, 0x00, 0x61, 0x6C, 0x6C, 0x00, 0x02, 0x35,
    0x00, 0x09, 0x00, 0x00, 0x00, 0x61, 0x6E, 0x6E, 0x6F, 0x74, 0x61, 0x74,
    0x65, 0x00, 0x02, 0x36, 0x00, 0x09, 0x00, 0x00, 0x00, 0x74, 0x65, 0x6D,
    0x70, 0x6C, 0x61, 0x74, 0x65, 0x00, 0x02, 0x37, 0x00, 0x07, 0x00, 0x00,
    0x00, 0x69, 0x6D, 0x70, 0x6F, 0x72, 0x74, 0x00, 0x02, 0x38, 0x00, 0x0E,
    0x00, 0x00, 0x00, 0x69, 0x6D, 0x70, 0x6F, 0x72, 0x74, 0x5F, 0x73, 0x74,
    0x61, 0x74, 0x69, 0x63, 0x00, 0x02, 0x39, 0x00, 0x0F, 0x00, 0x00, 0x00,
    0x64, 0x65, 0x63, 0x6C, 0x61, 0x72, 0x65, 0x5F, 0x67, 0x6C, 0x6F, 0x62,
    0x61, 0x6C, 0x00, 0x02, 0x31, 0x30, 0x00, 0x0D, 0x00, 0x00, 0x00, 0x69,
    0x6D, 0x70, 0x6F, 0x72, 0x74, 0x5F, 0x70, 0x61, 0x74, 0x68, 0x73, 0x00,
    0x02, 0x31, 0x31, 0x00, 0x0C, 0x00, 0x00, 0x00, 0x69, 0x6D, 0x70, 0x6F,
    0x72, 0x74, 0x5F, 0x69, 0x74, 0x65, 0x6D, 0x00, 0x02, 0x31, 0x32, 0x00,
    0x0A, 0x00, 0x00, 0x00, 0x63, 0x6C, 0x61, 0x73, 0x73, 0x5F, 0x64, 0x65,
    0x66, 0x00, 0x02, 0x31, 0x33, 0x00, 0x07, 0x00, 0x00, 0x00, 0x66, 0x6E,
    0x5F, 0x64, 0x65, 0x66, 0x00, 0x02, 0x31, 0x34, 0x00, 0x07, 0x00, 0x00,
    0x00, 0x63, 0x6F, 0x5F, 0x64, 0x65, 0x66, 0x00, 0x02, 0x31, 0x35, 0x00,
    0x0C, 0x00, 0x00, 0x00, 0x64, 0x65, 0x66, 0x69, 0x6E, 0x69, 0x74, 0x69,
    0x6F, 0x6E, 0x73, 0x00, 0x02, 0x31, 0x36, 0x00, 0x09, 0x00, 0x00, 0x00,
    0x69, 0x6E, 0x69, 0x74, 0x5F, 0x63, 0x74, 0x78, 0x00, 0x02, 0x31, 0x37,
    0x00, 0x05, 0x00, 0x00, 0x00, 0x6D, 0x61, 0x72, 0x6B, 0x00, 0x02, 0x31,
    0x38, 0x00, 0x05, 0x00, 0x00, 0x00, 0x70, 0x75, 0x73, 0x68, 0x00, 0x02,
    0x31, 0x39, 0x00, 0x0B, 0x00, 0x00, 0x00, 0x61, 0x64, 0x64, 0x5F, 0x73,
    0x74, 0x61, 0x74, 0x69, 0x63, 0x00, 0x02, 0x32, 0x30, 0x00, 0x06, 0x00,
    0x00, 0x00, 0x69, 0x6D, 0x61, 0x67, 0x65, 0x00, 0x02, 0x32, 0x31, 0x00,
    0x0D, 0x00, 0x00, 0x00, 0x67, 0x6C, 0x6F, 0x62, 0x61, 0x6C, 0x5F, 0x69,
    0x6E, 0x64, 0x65, 0x78, 0x00, 0x02, 0x32, 0x32, 0x00, 0x05, 0x00, 0x00,
    0x00, 0x67, 0x73, 0x65, 0x74, 0x00, 0x02, 0x32, 0x33, 0x00, 0x08, 0x00,
    0x00, 0x00, 0x66, 0x72, 0x65, 0x65, 0x5F, 0x74, 0x6F, 0x00, 0x02, 0x32,
    0x34, 0x00, 0x0B, 0x00, 0x00, 0x00, 0x61, 0x64, 0x64, 0x5F, 0x73, 0x79,
    0x6D, 0x62, 0x6F, 0x6C, 0x00, 0x02, 0x32, 0x35, 0x00, 0x05, 0x00, 0x00,
    0x00, 0x6C, 0x73, 0x79, 0x6D, 0x00, 0x02, 0x32, 0x36, 0x00, 0x0C, 0x00,
    0x00, 0x00, 0x69, 0x6D, 0x70, 0x6F, 0x72, 0x74, 0x5F, 0x73, 0x74, 0x61,
    0x72, 0x00, 0x02, 0x32, 0x37, 0x00, 0x14, 0x00, 0x00, 0x00, 0x68, 0x61,
    0x73, 0x5F, 0x77, 0x69, 0x6C, 0x64, 0x63, 0x61, 0x72, 0x64, 0x5F, 0x69,
    0x6D, 0x70, 0x6F, 0x72, 0x74, 0x00, 0x02, 0x32, 0x38, 0x00, 0x14, 0x00,
    0x00, 0x00, 0x64, 0x65, 0x63, 0x6C, 0x61, 0x72, 0x65, 0x5F, 0x66, 0x72,
    0x65, 0x65, 0x5F, 0x67, 0x6C, 0x6F, 0x62, 0x61, 0x6C, 0x00, 0x02, 0x32,
    0x39, 0x00, 0x05, 0x00, 0x00, 0x00, 0x67, 0x67, 0x65, 0x74, 0x00, 0x02,
    0x33, 0x30, 0x00, 0x08, 0x00, 0x00, 0x00, 0x63, 0x6C, 0x6F, 0x73, 0x75,
    0x72, 0x65, 0x00, 0x02, 0x33, 0x31, 0x00, 0x10, 0x00, 0x00, 0x00, 0x70,
    0x65, 0x6E, 0x64, 0x69, 0x6E, 0x67, 0x5F, 0x73, 0x74, 0x61, 0x74, 0x69,
    0x63, 0x73, 0x00, 0x02, 0x33, 0x32, 0x00, 0x05, 0x00, 0x00, 0x00, 0x63,
    0x6F, 0x64, 0x65, 0x00, 0x02, 0x33, 0x33, 0x00, 0x08, 0x00, 0x00, 0x00,
    0x70, 0x65, 0x6E, 0x64, 0x69, 0x6E, 0x67, 0x00, 0x02, 0x33, 0x34, 0x00,
    0x0A, 0x00, 0x00, 0x00, 0x66, 0x75, 0x6E, 0x63, 0x74, 0x69, 0x6F, 0x6E,
    0x73, 0x00, 0x02, 0x33, 0x35, 0x00, 0x08, 0x00, 0x00, 0x00, 0x67, 0x6C,
    0x6F, 0x62, 0x61, 0x6C, 0x73, 0x00, 0x02, 0x33, 0x36, 0x00, 0x09, 0x00,
    0x00, 0x00, 0x69, 0x6D, 0x70, 0x6F, 0x72, 0x74, 0x65, 0x64, 0x00, 0x02,
    0x33, 0x37, 0x00, 0x05, 0x00, 0x00, 0x00, 0x75, 0x73, 0x65, 0x73, 0x00,
    0x02, 0x33, 0x38, 0x00, 0x0A, 0x00, 0x00, 0x00, 0x75, 0x6E, 0x6C, 0x6F,
    0x77, 0x65, 0x72, 0x65, 0x64, 0x00, 0x02, 0x33, 0x39, 0x00, 0x0C, 0x00,
    0x00, 0x00, 0x6D, 0x6F, 0x64, 0x75, 0x6C, 0x65, 0x5F, 0x6E, 0x61, 0x6D,
    0x65, 0x00, 0x02, 0x34, 0x30, 0x00, 0x05, 0x00, 0x00, 0x00, 0x68, 0x69,
    0x67, 0x68, 0x00, 0x02, 0x34, 0x31, 0x00, 0x08, 0x00, 0x00, 0x00, 0x73,
    0x74, 0x61, 0x74, 0x69, 0x63, 0x73, 0x00, 0x02, 0x34, 0x32, 0x00, 0x08,
    0x00, 0x00, 0x00, 0x73, 0x79, 0x6D, 0x62, 0x6F, 0x6C, 0x73, 0x00, 0x02,
    0x34, 0x33, 0x00, 0x08, 0x00, 0x00, 0x00, 0x63, 0x6C, 0x61, 0x73, 0x73,
    0x65, 0x73, 0x00, 0x02, 0x34, 0x34, 0x00, 0x09, 0x00, 0x00, 0x00, 0x6D,
    0x65, 0x73, 0x73, 0x61, 0x67, 0x65, 0x73, 0x00, 0x02, 0x34, 0x35, 0x00,
    0x09, 0x00, 0x00, 0x00, 0x64, 0x65, 0x63, 0x6F, 0x72, 0x61, 0x74, 0x65,
    0x00, 0x02, 0x34, 0x36, 0x00, 0x12, 0x00, 0x00, 0x00, 0x73, 0x6C, 0x6F,
    0x74, 0x5F, 0x6F, 0x70, 0x74, 0x69, 0x6D, 0x69, 0x7A, 0x61, 0x74, 0x69,
    0x6F, 0x6E, 0x00, 0x02, 0x34, 0x37, 0x00, 0x0F, 0x00, 0x00, 0x00, 0x73,
    0x74, 0x75, 0x62, 0x5F, 0x75, 0x6E, 0x6C, 0x6F, 0x77, 0x65, 0x72, 0x65,
    0x64, 0x00, 0x02, 0x34, 0x38, 0x00, 0x07, 0x00, 0x00, 0x00, 0x6D, 0x6F,
    0x64, 0x75, 0x6C, 0x65, 0x00, 0x02, 0x34, 0x39, 0x00, 0x16, 0x00, 0x00,
    0x00, 0x61, 0x6C, 0x6C, 0x6F, 0x63, 0x61, 0x74, 0x65, 0x5F, 0x62, 0x6C,
    0x6F, 0x63, 0x6B, 0x5F, 0x73, 0x63, 0x6F, 0x70, 0x65, 0x73, 0x00, 0x02,
    0x35, 0x30, 0x00, 0x07, 0x00, 0x00, 0x00, 0x72, 0x65, 0x74, 0x75, 0x72,
    0x6E, 0x00, 0x02, 0x35, 0x31, 0x00, 0x0D, 0x00, 0x00, 0x00, 0x70, 0x61,
    0x74, 0x63, 0x68, 0x5F, 0x6C, 0x61, 0x62, 0x65, 0x6C, 0x73, 0x00, 0x02,
    0x35, 0x32, 0x00, 0x11, 0x00, 0x00, 0x00, 0x73, 0x65, 0x73, 0x73, 0x69,
    0x6F, 0x6E, 0x5F, 0x64, 0x65, 0x63, 0x6C, 0x61, 0x72, 0x65, 0x64, 0x00,
    0x02, 0x35, 0x33, 0x00, 0x07, 0x00, 0x00, 0x00, 0x69, 0x6E, 0x70, 0x75,
    0x74, 0x73, 0x00, 0x02, 0x35, 0x34, 0x00, 0x09, 0x00, 0x00, 0x00, 0x63,
    0x6F, 0x64, 0x65, 0x5F, 0x6C, 0x65, 0x6E, 0x00, 0x02, 0x35, 0x35, 0x00,
    0x0A, 0x00, 0x00, 0x00, 0x6C, 0x61, 0x73, 0x74, 0x5F, 0x73, 0x6E, 0x61,
    0x70, 0x00, 0x02, 0x35, 0x36, 0x00, 0x0A, 0x00, 0x00, 0x00, 0x6C, 0x61,
    0x73, 0x74, 0x5F, 0x75, 0x6E, 0x64, 0x6F, 0x00, 0x02, 0x35, 0x37, 0x00,
    0x0E, 0x00, 0x00, 0x00, 0x6C, 0x61, 0x73, 0x74, 0x5F, 0x63, 0x6F, 0x64,
    0x65, 0x5F, 0x6C, 0x65, 0x6E, 0x00, 0x02, 0x35, 0x38, 0x00, 0x08, 0x00,
    0x00, 0x00, 0x69, 0x6D, 0x70, 0x6F, 0x72, 0x74, 0x73, 0x00, 0x02, 0x35,
    0x39, 0x00, 0x07, 0x00, 0x00, 0x00, 0x72, 0x65, 0x73, 0x69, 0x7A, 0x65,
    0x00, 0x02, 0x36, 0x30, 0x00, 0x0F, 0x00, 0x00, 0x00, 0x73, 0x74, 0x61,
    0x74, 0x69, 0x63, 0x5F, 0x69, 0x6D, 0x70, 0x6F, 0x72, 0x74, 0x73, 0x00,
    0x02, 0x36, 0x31, 0x00, 0x0E, 0x00, 0x00, 0x00, 0x5F, 0x73, 0x74, 0x61,
    0x74, 0x69, 0x63, 0x5F, 0x69, 0x6E, 0x64, 0x65, 0x78, 0x00, 0x02, 0x36,
    0x32, 0x00, 0x0E, 0x00, 0x00, 0x00, 0x5F, 0x73, 0x79, 0x6D, 0x62, 0x6F,
    0x6C, 0x5F, 0x69, 0x6E, 0x64, 0x65, 0x78, 0x00, 0x02, 0x36, 0x33, 0x00,
    0x0F, 0x00, 0x00, 0x00, 0x5F, 0x6D, 0x65, 0x73, 0x73, 0x61, 0x67, 0x65,
    0x5F, 0x69, 0x6E, 0x64, 0x65, 0x78, 0x00, 0x02, 0x36, 0x34, 0x00, 0x0E,
    0x00, 0x00, 0x00, 0x5F, 0x67, 0x6C, 0x6F, 0x62, 0x61, 0x6C, 0x5F, 0x69,
    0x6E, 0x64, 0x65, 0x78, 0x00, 0x02, 0x36, 0x35, 0x00, 0x0C, 0x00, 0x00,
    0x00, 0x5F, 0x66, 0x72, 0x65, 0x65, 0x5F, 0x69, 0x6E, 0x64, 0x65, 0x78,
    0x00, 0x02, 0x36, 0x36, 0x00, 0x0E, 0x00, 0x00, 0x00, 0x63, 0x6C, 0x61,
    0x73, 0x73, 0x5F, 0x73, 0x74, 0x61, 0x74, 0x69, 0x63, 0x73, 0x00, 0x02,
    0x36, 0x37, 0x00, 0x0B, 0x00, 0x00, 0x00, 0x73, 0x6C, 0x6F, 0x74, 0x5F,
    0x6E, 0x61, 0x6D, 0x65, 0x73, 0x00, 0x02, 0x36, 0x38, 0x00, 0x0D, 0x00,
    0x00, 0x00, 0x73, 0x75, 0x70, 0x65, 0x72, 0x63, 0x6C, 0x61, 0x73, 0x73,
    0x65, 0x73, 0x00, 0x02, 0x36, 0x39, 0x00, 0x11, 0x00, 0x00, 0x00, 0x70,
    0x72, 0x6F, 0x6D, 0x6F, 0x74, 0x65, 0x64, 0x5F, 0x61, 0x72, 0x69, 0x74,
    0x69, 0x65, 0x73, 0x00, 0x02, 0x37, 0x30, 0x00, 0x10, 0x00, 0x00, 0x00,
    0x73, 0x65, 0x73, 0x73, 0x69, 0x6F, 0x6E, 0x5F, 0x70, 0x65, 0x6E, 0x64,
    0x69, 0x6E, 0x67, 0x00, 0x02, 0x37, 0x31, 0x00, 0x0D, 0x00, 0x00, 0x00,
    0x73, 0x65, 0x73, 0x73, 0x69, 0x6F, 0x6E, 0x5F, 0x75, 0x6E, 0x64, 0x6F,
    0x00, 0x02, 0x37, 0x32, 0x00, 0x0F, 0x00, 0x00, 0x00, 0x73, 0x65, 0x73,
    0x73, 0x69, 0x6F, 0x6E, 0x5F, 0x66, 0x69, 0x6C, 0x6C, 0x65, 0x64, 0x00,
    0x02, 0x37, 0x33, 0x00, 0x0C, 0x00, 0x00, 0x00, 0x6D, 0x6F, 0x64, 0x75,
    0x6C, 0x65, 0x5F, 0x75, 0x73, 0x65, 0x73, 0x00, 0x02, 0x37, 0x34, 0x00,
    0x0C, 0x00, 0x00, 0x00, 0x65, 0x6D, 0x69, 0x74, 0x5F, 0x72, 0x65, 0x74,
    0x75, 0x72, 0x6E, 0x00, 0x02, 0x37, 0x35, 0x00, 0x05, 0x00, 0x00, 0x00,
    0x6C, 0x6E, 0x69, 0x6C, 0x00, 0x02, 0x37, 0x36, 0x00, 0x0D, 0x00, 0x00,
    0x00, 0x61, 0x64, 0x64, 0x5F, 0x66, 0x75, 0x6E, 0x63, 0x74, 0x69, 0x6F,
    0x6E, 0x00, 0x00,
};

static const uint8_t module_functions[] = {
    0xC4, 0x0F, 0x00, 0x00, 0x03, 0x30, 0x00, 0x58, 0x00, 0x00, 0x00, 0x02,
    0x6E, 0x00, 0x06, 0x00, 0x00, 0x00, 0x5F, 0x74, 0x61, 0x69, 0x6C, 0x00,
    0x04, 0x70, 0x00, 0x2E, 0x00, 0x00, 0x00, 0x03, 0x30, 0x00, 0x11, 0x00,
    0x00, 0x00, 0x02, 0x6E, 0x00, 0x05, 0x00, 0x00, 0x00, 0x6E, 0x6F, 0x64,
    0x65, 0x00, 0x00, 0x03, 0x31, 0x00, 0x12, 0x00, 0x00, 0x00, 0x02, 0x6E,
    0x00, 0x06, 0x00, 0x00, 0x00, 0x63, 0x6F, 0x75, 0x6E, 0x74, 0x00, 0x00,
    0x00, 0x10, 0x6C, 0x00, 0x05, 0x00, 0x00, 0x00, 0x10, 0x63, 0x00, 0xC4,
    0x00, 0x00, 0x00, 0x10, 0x66, 0x00, 0x00, 0x00, 0x00, 0x00, 0x00, 0x03,
    0x31, 0x00, 0x59, 0x00, 0x00, 0x00, 0x02, 0x6E, 0x00, 0x07, 0x00, 0x00,
    0x00, 0x5F, 0x66, 0x69, 0x65, 0x6C, 0x64, 0x00, 0x04, 0x70, 0x00, 0x2E,
    0x00, 0x00, 0x00, 0x03, 0x30, 0x00, 0x11, 0x00, 0x00, 0x00, 0x02, 0x6E,
    0x00, 0x05, 0x00, 0x00, 0x00, 0x6E, 0x6F, 0x64, 0x65, 0x00, 0x00, 0x03,
    0x31, 0x00, 0x12, 0x00, 0x00, 0x00, 0x02, 0x6E, 0x00, 0x06, 0x00, 0x00,
    0x00, 0x69, 0x6E, 0x64, 0x65, 0x78, 0x00, 0x00, 0x00, 0x10, 0x6C, 0x00,
    0x04, 0x00, 0x00, 0x00, 0x10, 0x63, 0x00, 0xDD, 0x00, 0x00, 0x00, 0x10,
    0x66, 0x00, 0x00, 0x00, 0x00, 0x00, 0x00, 0x03, 0x32, 0x00, 0xD7, 0x00,
    0x00, 0x00, 0x02, 0x6E, 0x00, 0x0B, 0x00, 0x00, 0x00, 0x5F, 0x65, 0x6D,
    0x69, 0x74, 0x5F, 0x70, 0x61, 0x63, 0x6B, 0x00, 0x04, 0x70, 0x00, 0xA8,
    0x00, 0x00, 0x00, 0x03, 0x30, 0x00, 0x12, 0x00, 0x00, 0x00, 0x02, 0x6E,
    0x00, 0x06, 0x00, 0x00, 0x00, 0x66, 0x72, 0x61, 0x6D, 0x65, 0x00, 0x00,
    0x03, 0x31, 0x00, 0x0F, 0x00, 0x00, 0x00, 0x02, 0x6E, 0x00, 0x03, 0x00,
    0x00, 0x00, 0x6F, 0x70, 0x00, 0x00, 0x03, 0x32, 0x00, 0x15, 0x00, 0x00,
    0x00, 0x02, 0x6E, 0x00, 0x02, 0x00, 0x00, 0x00, 0x66, 0x00, 0x10, 0x64,
    0x00, 0x0E, 0x00, 0x00, 0x00, 0x00, 0x03, 0x33, 0x00, 0x16, 0x00, 0x00,
    0x00, 0x02, 0x6E, 0x00, 0x03, 0x00, 0x00, 0x00, 0x61, 0x30, 0x00, 0x10,
    0x64, 0x00, 0x0E, 0x00, 0x00, 0x00, 0x00, 0x03, 0x34, 0x00, 0x16, 0x00,
    0x00, 0x00, 0x02, 0x6E, 0x00, 0x03, 0x00, 0x00, 0x00, 0x61, 0x31, 0x00,
    0x10, 0x64, 0x00, 0x0E, 0x00, 0x00, 0x00, 0x00, 0x03, 0x35, 0x00, 0x16,
    0x00, 0x00, 0x00, 0x02, 0x6E, 0x00, 0x03, 0x00, 0x00, 0x00, 0x61, 0x32,
    0x00, 0x10, 0x64, 0x00, 0x0E, 0x00, 0x00, 0x00, 0x00, 0x03, 0x36, 0x00,
    0x16, 0x00, 0x00, 0x00, 0x02, 0x6E, 0x00, 0x03, 0x00, 0x00, 0x00, 0x77,
    0x31, 0x00, 0x10, 0x64, 0x00, 0x0F, 0x00, 0x00, 0x00, 0x00, 0x00, 0x10,
    0x6C, 0x00, 0x0F, 0x00, 0x00, 0x00, 0x10, 0x63, 0x00, 0xED, 0x00, 0x00,
    0x00, 0x10, 0x66, 0x00, 0x00, 0x00, 0x00, 0x00, 0x00, 0x03, 0x33, 0x00,
    0x9D, 0x00, 0x00, 0x00, 0x02, 0x6E, 0x00, 0x0F, 0x00, 0x00, 0x00, 0x5F,
    0x65, 0x6D, 0x69, 0x74, 0x5F, 0x70, 0x61, 0x69, 0x72, 0x61, 0x62, 0x6C,
    0x65, 0x00, 0x04, 0x70, 0x00, 0x6A, 0x00, 0x00, 0x00, 0x03, 0x30, 0x00,
    0x12, 0x00, 0x00, 0x00, 0x02, 0x6E, 0x00, 0x06, 0x00, 0x00, 0x00, 0x66,
    0x72, 0x61, 0x6D, 0x65, 0x00, 0x00, 0x03, 0x31, 0x00, 0x0F, 0x00, 0x00,
    0x00, 0x02, 0x6E, 0x00, 0x03, 0x00, 0x00, 0x00, 0x6F, 0x70, 0x00, 0x00,
    0x03, 0x32, 0x00, 0x1B, 0x00, 0x00, 0x00, 0x02, 0x6E, 0x00, 0x08, 0x00,
    0x00, 0x00, 0x70, 0x72, 0x69, 0x6D, 0x61, 0x72, 0x79, 0x00, 0x10, 0x64,
    0x00, 0x0E, 0x00, 0x00, 0x00, 0x00, 0x03, 0x33, 0x00, 0x1D, 0x00, 0x00,
    0x00, 0x02, 0x6E, 0x00, 0x0A, 0x00, 0x00, 0x00, 0x73, 0x65, 0x63, 0x6F,
    0x6E, 0x64, 0x61, 0x72, 0x79, 0x00, 0x10, 0x64, 0x00, 0x0E, 0x00, 0x00,
    0x00, 0x00, 0x00, 0x10, 0x6C, 0x00, 0x05, 0x00, 0x00, 0x00, 0x10, 0x63,
    0x00, 0x0D, 0x01, 0x00, 0x00, 0x10, 0x66, 0x00, 0x00, 0x00, 0x00, 0x00,
    0x00, 0x03, 0x34, 0x00, 0x49, 0x00, 0x00, 0x00, 0x02, 0x6E, 0x00, 0x0B,
    0x00, 0x00, 0x00, 0x5F, 0x6A, 0x6F, 0x69, 0x6E, 0x5F, 0x70, 0x61, 0x74,
    0x68, 0x00, 0x04, 0x70, 0x00, 0x1A, 0x00, 0x00, 0x00, 0x03, 0x30, 0x00,
    0x12, 0x00, 0x00, 0x00, 0x02, 0x6E, 0x00, 0x06, 0x00, 0x00, 0x00, 0x70,
    0x61, 0x72, 0x74, 0x73, 0x00, 0x00, 0x00, 0x10, 0x6C, 0x00, 0x05, 0x00,
    0x00, 0x00, 0x10, 0x63, 0x00, 0x1F, 0x01, 0x00, 0x00, 0x10, 0x66, 0x00,
    0x00, 0x00, 0x00, 0x00, 0x00, 0x03, 0x35, 0x00, 0x57, 0x00, 0x00, 0x00,
    0x02, 0x6E, 0x00, 0x08, 0x00, 0x00, 0x00, 0x5F, 0x70, 0x72, 0x65, 0x66,
    0x69, 0x78, 0x00, 0x04, 0x70, 0x00, 0x2B, 0x00, 0x00, 0x00, 0x03, 0x30,
    0x00, 0x12, 0x00, 0x00, 0x00, 0x02, 0x6E, 0x00, 0x06, 0x00, 0x00, 0x00,
    0x70, 0x61, 0x72, 0x74, 0x73, 0x00, 0x00, 0x03, 0x31, 0x00, 0x0E, 0x00,
    0x00, 0x00, 0x02, 0x6E, 0x00, 0x02, 0x00, 0x00, 0x00, 0x6E, 0x00, 0x00,
    0x00, 0x10, 0x6C, 0x00, 0x04, 0x00, 0x00, 0x00, 0x10, 0x63, 0x00, 0x3C,
    0x01, 0x00, 0x00, 0x10, 0x66, 0x00, 0x00, 0x00, 0x00, 0x00, 0x00, 0x03,
    0x36, 0x00, 0x4C, 0x00, 0x00, 0x00, 0x02, 0x6E, 0x00, 0x0F, 0x00, 0x00,
    0x00, 0x5F, 0x70, 0x61, 0x74, 0x68, 0x5F, 0x70, 0x61, 0x72, 0x74, 0x73,
    0x5F, 0x6F, 0x66, 0x00, 0x04, 0x70, 0x00, 0x19, 0x00, 0x00, 0x00, 0x03,
    0x30, 0x00, 0x11, 0x00, 0x00, 0x00, 0x02, 0x6E, 0x00, 0x05, 0x00, 0x00,
    0x00, 0x70, 0x61, 0x74, 0x68, 0x00, 0x00, 0x00, 0x10, 0x6C, 0x00, 0x06,
    0x00, 0x00, 0x00, 0x10, 0x63, 0x00, 0x4C, 0x01, 0x00, 0x00, 0x10, 0x66,
    0x00, 0x00, 0x00, 0x00, 0x00, 0x00, 0x03, 0x37, 0x00, 0x4B, 0x00, 0x00,
    0x00, 0x02, 0x6E, 0x00, 0x0E, 0x00, 0x00, 0x00, 0x5F, 0x69, 0x6D, 0x70,
    0x6F, 0x72, 0x74, 0x5F, 0x73, 0x68, 0x61, 0x70, 0x65, 0x00, 0x04, 0x70,
    0x00, 0x19, 0x00, 0x00, 0x00, 0x03, 0x30, 0x00, 0x11, 0x00, 0x00, 0x00,
    0x02, 0x6E, 0x00, 0x05, 0x00, 0x00, 0x00, 0x6E, 0x6F, 0x64, 0x65, 0x00,
    0x00, 0x00, 0x10, 0x6C, 0x00, 0x07, 0x00, 0x00, 0x00, 0x10, 0x63, 0x00,
    0x7F, 0x01, 0x00, 0x00, 0x10, 0x66, 0x00, 0x00, 0x00, 0x00, 0x00, 0x00,
    0x03, 0x38, 0x00, 0x64, 0x00, 0x00, 0x00, 0x02, 0x6E, 0x00, 0x13, 0x00,
    0x00, 0x00, 0x5F, 0x69, 0x6D, 0x70, 0x6F, 0x72, 0x74, 0x5F, 0x73, 0x70,
    0x65, 0x63, 0x5F, 0x73, 0x68, 0x61, 0x70, 0x65, 0x00, 0x04, 0x70, 0x00,
    0x2D, 0x00, 0x00, 0x00, 0x03, 0x30, 0x00, 0x11, 0x00, 0x00, 0x00, 0x02,
    0x6E, 0x00, 0x05, 0x00, 0x00, 0x00, 0x70, 0x61, 0x74, 0x68, 0x00, 0x00,
    0x03, 0x31, 0x00, 0x11, 0x00, 0x00, 0x00, 0x02, 0x6E, 0x00, 0x05, 0x00,
    0x00, 0x00, 0x73, 0x70, 0x65, 0x63, 0x00, 0x00, 0x00, 0x10, 0x6C, 0x00,
    0x0D, 0x00, 0x00, 0x00, 0x10, 0x63, 0x00, 0x9D, 0x01, 0x00, 0x00, 0x10,
    0x66, 0x00, 0x00, 0x00, 0x00, 0x00, 0x00, 0x03, 0x39, 0x00, 0x50, 0x00,
    0x00, 0x00, 0x02, 0x6E, 0x00, 0x13, 0x00, 0x00, 0x00, 0x5F, 0x6C, 0x6F,
    0x77, 0x65, 0x72, 0x5F, 0x61, 0x6E, 0x6E, 0x6F, 0x74, 0x61, 0x74, 0x69,
    0x6F, 0x6E, 0x73, 0x00, 0x04, 0x70, 0x00, 0x19, 0x00, 0x00, 0x00, 0x03,
    0x30, 0x00, 0x11, 0x00, 0x00, 0x00, 0x02, 0x6E, 0x00, 0x05, 0x00, 0x00,
    0x00, 0x6E, 0x6F, 0x64, 0x65, 0x00, 0x00, 0x00, 0x10, 0x6C, 0x00, 0x02,
    0x00, 0x00, 0x00, 0x10, 0x63, 0x00, 0x35, 0x02, 0x00, 0x00, 0x10, 0x66,
    0x00, 0x00, 0x00, 0x00, 0x00, 0x00, 0x03, 0x31, 0x30, 0x00, 0x4D, 0x00,
    0x00, 0x00, 0x02, 0x6E, 0x00, 0x10, 0x00, 0x00, 0x00, 0x5F, 0x68, 0x61,
    0x73, 0x5F, 0x61, 0x6E, 0x6E, 0x6F, 0x74, 0x61, 0x74, 0x69, 0x6F, 0x6E,
    0x00, 0x04, 0x70, 0x00, 0x19, 0x00, 0x00, 0x00, 0x03, 0x30, 0x00, 0x11,
    0x00, 0x00, 0x00, 0x02, 0x6E, 0x00, 0x05, 0x00, 0x00, 0x00, 0x6E, 0x6F,
    0x64, 0x65, 0x00, 0x00, 0x00, 0x10, 0x6C, 0x00, 0x05, 0x00, 0x00, 0x00,
    0x10, 0x63, 0x00, 0x42, 0x02, 0x00, 0x00, 0x10, 0x66, 0x00, 0x00, 0x00,
    0x00, 0x00, 0x00, 0x03, 0x31, 0x31, 0x00, 0x51, 0x00, 0x00, 0x00, 0x02,
    0x6E, 0x00, 0x14, 0x00, 0x00, 0x00, 0x5F, 0x6C, 0x6F, 0x77, 0x65, 0x72,
    0x5F, 0x61, 0x6E, 0x6E, 0x6F, 0x74, 0x61, 0x74, 0x69, 0x6F, 0x6E, 0x73,
    0x5F, 0x00, 0x04, 0x70, 0x00, 0x19, 0x00, 0x00, 0x00, 0x03, 0x30, 0x00,
    0x11, 0x00, 0x00, 0x00, 0x02, 0x6E, 0x00, 0x05, 0x00, 0x00, 0x00, 0x6E,
    0x6F, 0x64, 0x65, 0x00, 0x00, 0x00, 0x10, 0x6C, 0x00, 0x08, 0x00, 0x00,
    0x00, 0x10, 0x63, 0x00, 0x74, 0x02, 0x00, 0x00, 0x10, 0x66, 0x00, 0x00,
    0x00, 0x00, 0x00, 0x00, 0x03, 0x31, 0x32, 0x00, 0x69, 0x00, 0x00, 0x00,
    0x02, 0x6E, 0x00, 0x16, 0x00, 0x00, 0x00, 0x5F, 0x64, 0x65, 0x63, 0x6C,
    0x61, 0x72, 0x65, 0x5F, 0x6D, 0x6F, 0x64, 0x75, 0x6C, 0x65, 0x5F, 0x6E,
    0x61, 0x6D, 0x65, 0x73, 0x00, 0x04, 0x70, 0x00, 0x2F, 0x00, 0x00, 0x00,
    0x03, 0x30, 0x00, 0x11, 0x00, 0x00, 0x00, 0x02, 0x6E, 0x00, 0x05, 0x00,
    0x00, 0x00, 0x62, 0x6F, 0x64, 0x79, 0x00, 0x00, 0x03, 0x31, 0x00, 0x13,
    0x00, 0x00, 0x00, 0x02, 0x6E, 0x00, 0x07, 0x00, 0x00, 0x00, 0x6D, 0x6F,
    0x64, 0x75, 0x6C, 0x65, 0x00, 0x00, 0x00, 0x10, 0x6C, 0x00, 0x23, 0x00,
    0x00, 0x00, 0x10, 0x63, 0x00, 0xD9, 0x02, 0x00, 0x00, 0x10, 0x66, 0x00,
    0x00, 0x00, 0x00, 0x00, 0x00, 0x03, 0x31, 0x33, 0x00, 0x68, 0x00, 0x00,
    0x00, 0x02, 0x6E, 0x00, 0x15, 0x00, 0x00, 0x00, 0x5F, 0x63, 0x6F, 0x6C,
    0x6C, 0x65, 0x63, 0x74, 0x5F, 0x64, 0x65, 0x66, 0x69, 0x6E, 0x69, 0x74,
    0x69, 0x6F, 0x6E, 0x73, 0x00, 0x04, 0x70, 0x00, 0x2F, 0x00, 0x00, 0x00,
    0x03, 0x30, 0x00, 0x11, 0x00, 0x00, 0x00, 0x02, 0x6E, 0x00, 0x05, 0x00,
    0x00, 0x00, 0x62, 0x6F, 0x64, 0x79, 0x00, 0x00, 0x03, 0x31, 0x00, 0x13,
    0x00, 0x00, 0x00, 0x02, 0x6E, 0x00, 0x07, 0x00, 0x00, 0x00, 0x6D, 0x6F,
    0x64, 0x75, 0x6C, 0x65, 0x00, 0x00, 0x00, 0x10, 0x6C, 0x00, 0x09, 0x00,
    0x00, 0x00, 0x10, 0x63, 0x00, 0x01, 0x04, 0x00, 0x00, 0x10, 0x66, 0x00,
    0x00, 0x00, 0x00, 0x00, 0x00, 0x03, 0x31, 0x34, 0x00, 0x91, 0x00, 0x00,
    0x00, 0x02, 0x6E, 0x00, 0x0F, 0x00, 0x00, 0x00, 0x5F, 0x69, 0x6D, 0x70,
    0x6F, 0x72, 0x74, 0x5F, 0x6D, 0x6F, 0x64, 0x75, 0x6C, 0x65, 0x00, 0x04,
    0x70, 0x00, 0x5E, 0x00, 0x00, 0x00, 0x03, 0x30, 0x00, 0x12, 0x00, 0x00,
    0x00, 0x02, 0x6E, 0x00, 0x06, 0x00, 0x00, 0x00, 0x70, 0x61, 0x72, 0x74,
    0x73, 0x00, 0x00, 0x03, 0x31, 0x00, 0x12, 0x00, 0x00, 0x00, 0x02, 0x6E,
    0x00, 0x06, 0x00, 0x00, 0x00, 0x61, 0x6C, 0x69, 0x61, 0x73, 0x00, 0x00,
    0x03, 0x32, 0x00, 0x16, 0x00, 0x00, 0x00, 0x02, 0x6E, 0x00, 0x0A, 0x00,
    0x00, 0x00, 0x62, 0x69, 0x6E, 0x64, 0x5F, 0x6C, 0x65, 0x61, 0x66, 0x00,
    0x00, 0x03, 0x33, 0x00, 0x13, 0x00, 0x00, 0x00, 0x02, 0x6E, 0x00, 0x07,
    0x00, 0x00, 0x00, 0x6D, 0x6F, 0x64, 0x75, 0x6C, 0x65, 0x00, 0x00, 0x00,
    0x10, 0x6C, 0x00, 0x12, 0x00, 0x00, 0x00, 0x10, 0x63, 0x00, 0x4B, 0x04,
    0x00, 0x00, 0x10, 0x66, 0x00, 0x00, 0x00, 0x00, 0x00, 0x00, 0x03, 0x31,
    0x35, 0x00, 0x78, 0x00, 0x00, 0x00, 0x02, 0x6E, 0x00, 0x0D, 0x00, 0x00,
    0x00, 0x5F, 0x69, 0x6D, 0x70, 0x6F, 0x72, 0x74, 0x5F, 0x73, 0x74, 0x61,
    0x72, 0x00, 0x04, 0x70, 0x00, 0x47, 0x00, 0x00, 0x00, 0x03, 0x30, 0x00,
    0x12, 0x00, 0x00, 0x00, 0x02, 0x6E, 0x00, 0x06, 0x00, 0x00, 0x00, 0x70,
    0x61, 0x72, 0x74, 0x73, 0x00, 0x00, 0x03, 0x31, 0x00, 0x14, 0x00, 0x00,
    0x00, 0x02, 0x6E, 0x00, 0x08, 0x00, 0x00, 0x00, 0x65, 0x78, 0x63, 0x65,
    0x70, 0x74, 0x73, 0x00, 0x00, 0x03, 0x32, 0x00, 0x13, 0x00, 0x00, 0x00,
    0x02, 0x6E, 0x00, 0x07, 0x00, 0x00, 0x00, 0x6D, 0x6F, 0x64, 0x75, 0x6C,
    0x65, 0x00, 0x00, 0x00, 0x10, 0x6C, 0x00, 0x16, 0x00, 0x00, 0x00, 0x10,
    0x63, 0x00, 0xD9, 0x04, 0x00, 0x00, 0x10, 0x66, 0x00, 0x00, 0x00, 0x00,
    0x00, 0x00, 0x03, 0x31, 0x36, 0x00, 0x62, 0x00, 0x00, 0x00, 0x02, 0x6E,
    0x00, 0x0F, 0x00, 0x00, 0x00, 0x5F, 0x68, 0x6F, 0x69, 0x73, 0x74, 0x5F,
    0x69, 0x6D, 0x70, 0x6F, 0x72, 0x74, 0x73, 0x00, 0x04, 0x70, 0x00, 0x2F,
    0x00, 0x00, 0x00, 0x03, 0x30, 0x00, 0x11, 0x00, 0x00, 0x00, 0x02, 0x6E,
    0x00, 0x05, 0x00, 0x00, 0x00, 0x62, 0x6F, 0x64, 0x79, 0x00, 0x00, 0x03,
    0x31, 0x00, 0x13, 0x00, 0x00, 0x00, 0x02, 0x6E, 0x00, 0x07, 0x00, 0x00,
    0x00, 0x6D, 0x6F, 0x64, 0x75, 0x6C, 0x65, 0x00, 0x00, 0x00, 0x10, 0x6C,
    0x00, 0x11, 0x00, 0x00, 0x00, 0x10, 0x63, 0x00, 0x65, 0x05, 0x00, 0x00,
    0x10, 0x66, 0x00, 0x00, 0x00, 0x00, 0x00, 0x00, 0x03, 0x31, 0x37, 0x00,
    0x6B, 0x00, 0x00, 0x00, 0x02, 0x6E, 0x00, 0x15, 0x00, 0x00, 0x00, 0x5F,
    0x62, 0x69, 0x6E, 0x64, 0x5F, 0x69, 0x6D, 0x70, 0x6F, 0x72, 0x74, 0x65,
    0x64, 0x5F, 0x6E, 0x61, 0x6D, 0x65, 0x73, 0x00, 0x04, 0x70, 0x00, 0x32,
    0x00, 0x00, 0x00, 0x03, 0x30, 0x00, 0x14, 0x00, 0x00, 0x00, 0x02, 0x6E,
    0x00, 0x08, 0x00, 0x00, 0x00, 0x70, 0x65, 0x6E, 0x64, 0x69, 0x6E, 0x67,
    0x00, 0x00, 0x03, 0x31, 0x00, 0x13, 0x00, 0x00, 0x00, 0x02, 0x6E, 0x00,
    0x07, 0x00, 0x00, 0x00, 0x6D, 0x6F, 0x64, 0x75, 0x6C, 0x65, 0x00, 0x00,
    0x00, 0x10, 0x6C, 0x00, 0x12, 0x00, 0x00, 0x00, 0x10, 0x63, 0x00, 0xAF,
    0x05, 0x00, 0x00, 0x10, 0x66, 0x00, 0x00, 0x00, 0x00, 0x00, 0x00, 0x03,
    0x31, 0x38, 0x00, 0x85, 0x00, 0x00, 0x00, 0x02, 0x6E, 0x00, 0x13, 0x00,
    0x00, 0x00, 0x5F, 0x70, 0x6C, 0x61, 0x69, 0x6E, 0x5F, 0x66, 0x6E, 0x5F,
    0x74, 0x6F, 0x70, 0x6C, 0x65, 0x76, 0x65, 0x6C, 0x00, 0x04, 0x70, 0x00,
    0x4E, 0x00, 0x00, 0x00, 0x03, 0x30, 0x00, 0x11, 0x00, 0x00, 0x00, 0x02,
    0x6E, 0x00, 0x05, 0x00, 0x00, 0x00, 0x6E, 0x6F, 0x64, 0x65, 0x00, 0x00,
    0x03, 0x31, 0x00, 0x13, 0x00, 0x00, 0x00, 0x02, 0x6E, 0x00, 0x07, 0x00,
    0x00, 0x00, 0x6D, 0x6F, 0x64, 0x75, 0x6C, 0x65, 0x00, 0x00, 0x03, 0x32,
    0x00, 0x1C, 0x00, 0x00, 0x00, 0x02, 0x6E, 0x00, 0x09, 0x00, 0x00, 0x00,
    0x74, 0x6F, 0x6C, 0x65, 0x72, 0x61, 0x6E, 0x74, 0x00, 0x10, 0x64, 0x00,
    0x1D, 0x00, 0x00, 0x00, 0x00, 0x00, 0x10, 0x6C, 0x00, 0x12, 0x00, 0x00,
    0x00, 0x10, 0x63, 0x00, 0x18, 0x06, 0x00, 0x00, 0x10, 0x66, 0x00, 0x00,
    0x00, 0x00, 0x00, 0x00, 0x03, 0x31, 0x39, 0x00, 0x94, 0x00, 0x00, 0x00,
    0x02, 0x6E, 0x00, 0x0D, 0x00, 0x00, 0x00, 0x5F, 0x66, 0x6E, 0x5F, 0x74,
    0x6F, 0x70, 0x6C, 0x65, 0x76, 0x65, 0x6C, 0x00, 0x04, 0x70, 0x00, 0x63,
    0x00, 0x00, 0x00, 0x03, 0x30, 0x00, 0x11, 0x00, 0x00, 0x00, 0x02, 0x6E,
    0x00, 0x05, 0x00, 0x00, 0x00, 0x6E, 0x6F, 0x64, 0x65, 0x00, 0x00, 0x03,
    0x31, 0x00, 0x13, 0x00, 0x00, 0x00, 0x02, 0x6E, 0x00, 0x07, 0x00, 0x00,
    0x00, 0x6D, 0x6F, 0x64, 0x75, 0x6C, 0x65, 0x00, 0x00, 0x03, 0x32, 0x00,
    0x12, 0x00, 0x00, 0x00, 0x02, 0x6E, 0x00, 0x06, 0x00, 0x00, 0x00, 0x65,
    0x78, 0x74, 0x72, 0x61, 0x00, 0x00, 0x03, 0x33, 0x00, 0x1C, 0x00, 0x00,
    0x00, 0x02, 0x6E, 0x00, 0x09, 0x00, 0x00, 0x00, 0x74, 0x6F, 0x6C, 0x65,
    0x72, 0x61, 0x6E, 0x74, 0x00, 0x10, 0x64, 0x00, 0x1D, 0x00, 0x00, 0x00,
    0x00, 0x00, 0x10, 0x6C, 0x00, 0x04, 0x00, 0x00, 0x00, 0x10, 0x63, 0x00,
    0x67, 0x06, 0x00, 0x00, 0x10, 0x66, 0x00, 0x00, 0x00, 0x00, 0x00, 0x00,
    0x03, 0x32, 0x30, 0x00, 0x79, 0x00, 0x00, 0x00, 0x02, 0x6E, 0x00, 0x11,
    0x00, 0x00, 0x00, 0x5F, 0x69, 0x6D, 0x70, 0x6F, 0x72, 0x74, 0x5F, 0x74,
    0x6F, 0x70, 0x6C, 0x65, 0x76, 0x65, 0x6C, 0x00, 0x04, 0x70, 0x00, 0x44,
    0x00, 0x00, 0x00, 0x03, 0x30, 0x00, 0x11, 0x00, 0x00, 0x00, 0x02, 0x6E,
    0x00, 0x05, 0x00, 0x00, 0x00, 0x6E, 0x6F, 0x64, 0x65, 0x00, 0x00, 0x03,
    0x31, 0x00, 0x13, 0x00, 0x00, 0x00, 0x02, 0x6E, 0x00, 0x07, 0x00, 0x00,
    0x00, 0x6D, 0x6F, 0x64, 0x75, 0x6C, 0x65, 0x00, 0x00, 0x03, 0x32, 0x00,
    0x12, 0x00, 0x00, 0x00, 0x02, 0x6E, 0x00, 0x06, 0x00, 0x00, 0x00, 0x65,
    0x78, 0x74, 0x72, 0x61, 0x00, 0x00, 0x00, 0x10, 0x6C, 0x00, 0x01, 0x00,
    0x00, 0x00, 0x10, 0x63, 0x00, 0x81, 0x06, 0x00, 0x00, 0x10, 0x66, 0x00,
    0x00, 0x00, 0x00, 0x00, 0x00, 0x03, 0x32, 0x31, 0x00, 0x78, 0x00, 0x00,
    0x00, 0x02, 0x6E, 0x00, 0x10, 0x00, 0x00, 0x00, 0x5F, 0x63, 0x6C, 0x61,
    0x73, 0x73, 0x5F, 0x74, 0x6F, 0x70, 0x6C, 0x65, 0x76, 0x65, 0x6C, 0x00,
    0x04, 0x70, 0x00, 0x44, 0x00, 0x00, 0x00, 0x03, 0x30, 0x00, 0x11, 0x00,
    0x00, 0x00, 0x02, 0x6E, 0x00, 0x05, 0x00, 0x00, 0x00, 0x6E, 0x6F, 0x64,
    0x65, 0x00, 0x00, 0x03, 0x31, 0x00, 0x13, 0x00, 0x00, 0x00, 0x02, 0x6E,
    0x00, 0x07, 0x00, 0x00, 0x00, 0x6D, 0x6F, 0x64, 0x75, 0x6C, 0x65, 0x00,
    0x00, 0x03, 0x32, 0x00, 0x12, 0x00, 0x00, 0x00, 0x02, 0x6E, 0x00, 0x06,
    0x00, 0x00, 0x00, 0x65, 0x78, 0x74, 0x72, 0x61, 0x00, 0x00, 0x00, 0x10,
    0x6C, 0x00, 0x03, 0x00, 0x00, 0x00, 0x10, 0x63, 0x00, 0x83, 0x06, 0x00,
    0x00, 0x10, 0x66, 0x00, 0x00, 0x00, 0x00, 0x00, 0x00, 0x03, 0x32, 0x32,
    0x00, 0x7B, 0x00, 0x00, 0x00, 0x02, 0x6E, 0x00, 0x13, 0x00, 0x00, 0x00,
    0x5F, 0x74, 0x65, 0x6D, 0x70, 0x6C, 0x61, 0x74, 0x65, 0x5F, 0x74, 0x6F,
    0x70, 0x6C, 0x65, 0x76, 0x65, 0x6C, 0x00, 0x04, 0x70, 0x00, 0x44, 0x00,
    0x00, 0x00, 0x03, 0x30, 0x00, 0x11, 0x00, 0x00, 0x00, 0x02, 0x6E, 0x00,
    0x05, 0x00, 0x00, 0x00, 0x6E, 0x6F, 0x64, 0x65, 0x00, 0x00, 0x03, 0x31,
    0x00, 0x13, 0x00, 0x00, 0x00, 0x02, 0x6E, 0x00, 0x07, 0x00, 0x00, 0x00,
    0x6D, 0x6F, 0x64, 0x75, 0x6C, 0x65, 0x00, 0x00, 0x03, 0x32, 0x00, 0x12,
    0x00, 0x00, 0x00, 0x02, 0x6E, 0x00, 0x06, 0x00, 0x00, 0x00, 0x65, 0x78,
    0x74, 0x72, 0x61, 0x00, 0x00, 0x00, 0x10, 0x6C, 0x00, 0x07, 0x00, 0x00,
    0x00, 0x10, 0x63, 0x00, 0x89, 0x06, 0x00, 0x00, 0x10, 0x66, 0x00, 0x00,
    0x00, 0x00, 0x00, 0x00, 0x03, 0x32, 0x33, 0x00, 0x4E, 0x00, 0x00, 0x00,
    0x02, 0x6E, 0x00, 0x0F, 0x00, 0x00, 0x00, 0x5F, 0x66, 0x6C, 0x75, 0x73,
    0x68, 0x5F, 0x73, 0x74, 0x61, 0x74, 0x69, 0x63, 0x73, 0x00, 0x04, 0x70,
    0x00, 0x1B, 0x00, 0x00, 0x00, 0x03, 0x30, 0x00, 0x13, 0x00, 0x00, 0x00,
    0x02, 0x6E, 0x00, 0x07, 0x00, 0x00, 0x00, 0x6D, 0x6F, 0x64, 0x75, 0x6C,
    0x65, 0x00, 0x00, 0x00, 0x10, 0x6C, 0x00, 0x10, 0x00, 0x00, 0x00, 0x10,
    0x63, 0x00, 0xB8, 0x06, 0x00, 0x00, 0x10, 0x66, 0x00, 0x00, 0x00, 0x00,
    0x00, 0x00, 0x03, 0x32, 0x34, 0x00, 0x49, 0x00, 0x00, 0x00, 0x02, 0x6E,
    0x00, 0x0A, 0x00, 0x00, 0x00, 0x5F, 0x61, 0x73, 0x73, 0x65, 0x6D, 0x62,
    0x6C, 0x65, 0x00, 0x04, 0x70, 0x00, 0x1B, 0x00, 0x00, 0x00, 0x03, 0x30,
    0x00, 0x13, 0x00, 0x00, 0x00, 0x02, 0x6E, 0x00, 0x07, 0x00, 0x00, 0x00,
    0x6D, 0x6F, 0x64, 0x75, 0x6C, 0x65, 0x00, 0x00, 0x00, 0x10, 0x6C, 0x00,
    0x19, 0x00, 0x00, 0x00, 0x10, 0x63, 0x00, 0xFD, 0x06, 0x00, 0x00, 0x10,
    0x66, 0x00, 0x00, 0x00, 0x00, 0x00, 0x00, 0x03, 0x32, 0x35, 0x00, 0x4B,
    0x00, 0x00, 0x00, 0x02, 0x6E, 0x00, 0x0E, 0x00, 0x00, 0x00, 0x5F, 0x68,
    0x61, 0x73, 0x5F, 0x64, 0x65, 0x63, 0x6F, 0x72, 0x61, 0x74, 0x65, 0x00,
    0x04, 0x70, 0x00, 0x19, 0x00, 0x00, 0x00, 0x03, 0x30, 0x00, 0x11, 0x00,
    0x00, 0x00, 0x02, 0x6E, 0x00, 0x05, 0x00, 0x00, 0x00, 0x6E, 0x6F, 0x64,
    0x65, 0x00, 0x00, 0x00, 0x10, 0x6C, 0x00, 0x05, 0x00, 0x00, 0x00, 0x10,
    0x63, 0x00, 0xE6, 0x07, 0x00, 0x00, 0x10, 0x66, 0x00, 0x00, 0x00, 0x00,
    0x00, 0x00, 0x03, 0x32, 0x36, 0x00, 0x3A, 0x01, 0x00, 0x00, 0x02, 0x6E,
    0x00, 0x0F, 0x00, 0x00, 0x00, 0x63, 0x6F, 0x6D, 0x70, 0x69, 0x6C, 0x65,
    0x5F, 0x6D, 0x6F, 0x64, 0x75, 0x6C, 0x65, 0x00, 0x04, 0x70, 0x00, 0x07,
    0x01, 0x00, 0x00, 0x03, 0x30, 0x00, 0x19, 0x00, 0x00, 0x00, 0x02, 0x6E,
    0x00, 0x0D, 0x00, 0x00, 0x00, 0x70, 0x72, 0x6F, 0x67, 0x72, 0x61, 0x6D,
    0x5F, 0x6E, 0x6F, 0x64, 0x65, 0x00, 0x00, 0x03, 0x31, 0x00, 0x18, 0x00,
    0x00, 0x00, 0x02, 0x6E, 0x00, 0x0C, 0x00, 0x00, 0x00, 0x6D, 0x6F, 0x64,
    0x75, 0x6C, 0x65, 0x5F, 0x6E, 0x61, 0x6D, 0x65, 0x00, 0x00, 0x03, 0x32,
    0x00, 0x1F, 0x00, 0x00, 0x00, 0x02, 0x6E, 0x00, 0x0C, 0x00, 0x00, 0x00,
    0x73, 0x6F, 0x75, 0x72, 0x63, 0x65, 0x5F, 0x66, 0x69, 0x6C, 0x65, 0x00,
    0x10, 0x64, 0x00, 0x0F, 0x00, 0x00, 0x00, 0x00, 0x03, 0x33, 0x00, 0x19,
    0x00, 0x00, 0x00, 0x02, 0x6E, 0x00, 0x06, 0x00, 0x00, 0x00, 0x63, 0x68,
    0x65, 0x63, 0x6B, 0x00, 0x10, 0x64, 0x00, 0x31, 0x00, 0x00, 0x00, 0x00,
    0x03, 0x34, 0x00, 0x25, 0x00, 0x00, 0x00, 0x02, 0x6E, 0x00, 0x12, 0x00,
    0x00, 0x00, 0x73, 0x6C, 0x6F, 0x74, 0x5F, 0x6F, 0x70, 0x74, 0x69, 0x6D,
    0x69, 0x7A, 0x61, 0x74, 0x69, 0x6F, 0x6E, 0x00, 0x10, 0x64, 0x00, 0x1D,
    0x00, 0x00, 0x00, 0x00, 0x03, 0x35, 0x00, 0x1E, 0x00, 0x00, 0x00, 0x02,
    0x6E, 0x00, 0x0B, 0x00, 0x00, 0x00, 0x65, 0x6D, 0x69, 0x74, 0x5F, 0x64,
    0x65, 0x62, 0x75, 0x67, 0x00, 0x10, 0x64, 0x00, 0x1D, 0x00, 0x00, 0x00,
    0x00, 0x03, 0x36, 0x00, 0x22, 0x00, 0x00, 0x00, 0x02, 0x6E, 0x00, 0x0F,
    0x00, 0x00, 0x00, 0x73, 0x74, 0x75, 0x62, 0x5F, 0x75, 0x6E, 0x6C, 0x6F,
    0x77, 0x65, 0x72, 0x65, 0x64, 0x00, 0x10, 0x64, 0x00, 0x1D, 0x00, 0x00,
    0x00, 0x00, 0x03, 0x37, 0x00, 0x1C, 0x00, 0x00, 0x00, 0x02, 0x6E, 0x00,
    0x09, 0x00, 0x00, 0x00, 0x65, 0x78, 0x70, 0x61, 0x6E, 0x64, 0x65, 0x72,
    0x00, 0x10, 0x64, 0x00, 0x0F, 0x00, 0x00, 0x00, 0x00, 0x00, 0x10, 0x6C,
    0x00, 0x1C, 0x00, 0x00, 0x00, 0x10, 0x63, 0x00, 0x21, 0x08, 0x00, 0x00,
    0x10, 0x66, 0x00, 0x00, 0x00, 0x00, 0x00, 0x00, 0x03, 0x32, 0x37, 0x00,
    0x3E, 0x00, 0x00, 0x00, 0x02, 0x6E, 0x00, 0x06, 0x00, 0x00, 0x00, 0x69,
    0x6E, 0x69, 0x74, 0x21, 0x00, 0x04, 0x70, 0x00, 0x05, 0x00, 0x00, 0x00,
    0x00, 0x10, 0x6C, 0x00, 0x05, 0x00, 0x00, 0x00, 0x10, 0x63, 0x00, 0x1A,
    0x09, 0x00, 0x00, 0x10, 0x66, 0x00, 0x02, 0x00, 0x00, 0x00, 0x04, 0x74,
    0x00, 0x0C, 0x00, 0x00, 0x00, 0x10, 0x30, 0x00, 0x1C, 0x00, 0x00, 0x00,
    0x00, 0x00, 0x03, 0x32, 0x38, 0x00, 0x35, 0x00, 0x00, 0x00, 0x02, 0x6E,
    0x00, 0x0C, 0x00, 0x00, 0x00, 0x6E, 0x65, 0x77, 0x5F, 0x73, 0x65, 0x73,
    0x73, 0x69, 0x6F, 0x6E, 0x00, 0x04, 0x70, 0x00, 0x05, 0x00, 0x00, 0x00,
    0x00, 0x10, 0x6C, 0x00, 0x01, 0x00, 0x00, 0x00, 0x10, 0x63, 0x00, 0x3D,
    0x09, 0x00, 0x00, 0x10, 0x66, 0x00, 0x00, 0x00, 0x00, 0x00, 0x00, 0x03,
    0x32, 0x39, 0x00, 0x59, 0x00, 0x00, 0x00, 0x02, 0x6E, 0x00, 0x06, 0x00,
    0x00, 0x00, 0x5F, 0x66, 0x72, 0x6F, 0x6D, 0x00, 0x04, 0x70, 0x00, 0x2F,
    0x00, 0x00, 0x00, 0x03, 0x30, 0x00, 0x12, 0x00, 0x00, 0x00, 0x02, 0x6E,
    0x00, 0x06, 0x00, 0x00, 0x00, 0x69, 0x74, 0x65, 0x6D, 0x73, 0x00, 0x00,
    0x03, 0x31, 0x00, 0x12, 0x00, 0x00, 0x00, 0x02, 0x6E, 0x00, 0x06, 0x00,
    0x00, 0x00, 0x73, 0x74, 0x61, 0x72, 0x74, 0x00, 0x00, 0x00, 0x10, 0x6C,
    0x00, 0x05, 0x00, 0x00, 0x00, 0x10, 0x63, 0x00, 0x41, 0x09, 0x00, 0x00,
    0x10, 0x66, 0x00, 0x00, 0x00, 0x00, 0x00, 0x00, 0x03, 0x33, 0x30, 0x00,
    0x59, 0x00, 0x00, 0x00, 0x02, 0x6E, 0x00, 0x0A, 0x00, 0x00, 0x00, 0x5F,
    0x74, 0x72, 0x75, 0x6E, 0x63, 0x61, 0x74, 0x65, 0x00, 0x04, 0x70, 0x00,
    0x2B, 0x00, 0x00, 0x00, 0x03, 0x30, 0x00, 0x12, 0x00, 0x00, 0x00, 0x02,
    0x6E, 0x00, 0x06, 0x00, 0x00, 0x00, 0x69, 0x74, 0x65, 0x6D, 0x73, 0x00,
    0x00, 0x03, 0x31, 0x00, 0x0E, 0x00, 0x00, 0x00, 0x02, 0x6E, 0x00, 0x02,
    0x00, 0x00, 0x00, 0x6E, 0x00, 0x00, 0x00, 0x10, 0x6C, 0x00, 0x02, 0x00,
    0x00, 0x00, 0x10, 0x63, 0x00, 0x56, 0x09, 0x00, 0x00, 0x10, 0x66, 0x00,
    0x00, 0x00, 0x00, 0x00, 0x00, 0x03, 0x33, 0x31, 0x00, 0x52, 0x00, 0x00,
    0x00, 0x02, 0x6E, 0x00, 0x12, 0x00, 0x00, 0x00, 0x5F, 0x73, 0x65, 0x73,
    0x73, 0x69, 0x6F, 0x6E, 0x5F, 0x73, 0x6E, 0x61, 0x70, 0x73, 0x68, 0x6F,
    0x74, 0x00, 0x04, 0x70, 0x00, 0x1C, 0x00, 0x00, 0x00, 0x03, 0x30, 0x00,
    0x14, 0x00, 0x00, 0x00, 0x02, 0x6E, 0x00, 0x08, 0x00, 0x00, 0x00, 0x73,
    0x65, 0x73, 0x73, 0x69, 0x6F, 0x6E, 0x00, 0x00, 0x00, 0x10, 0x6C, 0x00,
    0x10, 0x00, 0x00, 0x00, 0x10, 0x63, 0x00, 0x5C, 0x09, 0x00, 0x00, 0x10,
    0x66, 0x00, 0x00, 0x00, 0x00, 0x00, 0x00, 0x03, 0x33, 0x32, 0x00, 0x65,
    0x00, 0x00, 0x00, 0x02, 0x6E, 0x00, 0x11, 0x00, 0x00, 0x00, 0x5F, 0x73,
    0x65, 0x73, 0x73, 0x69, 0x6F, 0x6E, 0x5F, 0x72, 0x65, 0x73, 0x74, 0x6F,
    0x72, 0x65, 0x00, 0x04, 0x70, 0x00, 0x30, 0x00, 0x00, 0x00, 0x03, 0x30,
    0x00, 0x14, 0x00, 0x00, 0x00, 0x02, 0x6E, 0x00, 0x08, 0x00, 0x00, 0x00,
    0x73, 0x65, 0x73, 0x73, 0x69, 0x6F, 0x6E, 0x00, 0x00, 0x03, 0x31, 0x00,
    0x11, 0x00, 0x00, 0x00, 0x02, 0x6E, 0x00, 0x05, 0x00, 0x00, 0x00, 0x73,
    0x6E, 0x61, 0x70, 0x00, 0x00, 0x00, 0x10, 0x6C, 0x00, 0x0C, 0x00, 0x00,
    0x00, 0x10, 0x63, 0x00, 0xEE, 0x09, 0x00, 0x00, 0x10, 0x66, 0x00, 0x00,
    0x00, 0x00, 0x00, 0x00, 0x03, 0x33, 0x33, 0x00, 0x8B, 0x00, 0x00, 0x00,
    0x02, 0x6E, 0x00, 0x10, 0x00, 0x00, 0x00, 0x63, 0x6F, 0x6D, 0x70, 0x69,
    0x6C, 0x65, 0x5F, 0x73, 0x6E, 0x69, 0x70, 0x70, 0x65, 0x74, 0x00, 0x04,
    0x70, 0x00, 0x57, 0x00, 0x00, 0x00, 0x03, 0x30, 0x00, 0x14, 0x00, 0x00,
    0x00, 0x02, 0x6E, 0x00, 0x08, 0x00, 0x00, 0x00, 0x73, 0x65, 0x73, 0x73,
    0x69, 0x6F, 0x6E, 0x00, 0x00, 0x03, 0x31, 0x00, 0x19, 0x00, 0x00, 0x00,
    0x02, 0x6E, 0x00, 0x0D, 0x00, 0x00, 0x00, 0x70, 0x72, 0x6F, 0x67, 0x72,
    0x61, 0x6D, 0x5F, 0x6E, 0x6F, 0x64, 0x65, 0x00, 0x00, 0x03, 0x32, 0x00,
    0x1C, 0x00, 0x00, 0x00, 0x02, 0x6E, 0x00, 0x09, 0x00, 0x00, 0x00, 0x65,
    0x78, 0x70, 0x61, 0x6E, 0x64, 0x65, 0x72, 0x00, 0x10, 0x64, 0x00, 0x0F,
    0x00, 0x00, 0x00, 0x00, 0x00, 0x10, 0x6C, 0x00, 0x07, 0x00, 0x00, 0x00,
    0x10, 0x63, 0x00, 0xCF, 0x0A, 0x00, 0x00, 0x10, 0x66, 0x00, 0x00, 0x00,
    0x00, 0x00, 0x00, 0x03, 0x33, 0x34, 0x00, 0x52, 0x00, 0x00, 0x00, 0x02,
    0x6E, 0x00, 0x12, 0x00, 0x00, 0x00, 0x73, 0x65, 0x73, 0x73, 0x69, 0x6F,
    0x6E, 0x5F, 0x75, 0x6E, 0x64, 0x6F, 0x5F, 0x6C, 0x61, 0x73, 0x74, 0x00,
    0x04, 0x70, 0x00, 0x1C, 0x00, 0x00, 0x00, 0x03, 0x30, 0x00, 0x14, 0x00,
    0x00, 0x00, 0x02, 0x6E, 0x00, 0x08, 0x00, 0x00, 0x00, 0x73, 0x65, 0x73,
    0x73, 0x69, 0x6F, 0x6E, 0x00, 0x00, 0x00, 0x10, 0x6C, 0x00, 0x04, 0x00,
    0x00, 0x00, 0x10, 0x63, 0x00, 0xFB, 0x0A, 0x00, 0x00, 0x10, 0x66, 0x00,
    0x00, 0x00, 0x00, 0x00, 0x00, 0x03, 0x33, 0x35, 0x00, 0x8A, 0x00, 0x00,
    0x00, 0x02, 0x6E, 0x00, 0x16, 0x00, 0x00, 0x00, 0x5F, 0x63, 0x6F, 0x6D,
    0x70, 0x69, 0x6C, 0x65, 0x5F, 0x73, 0x6E, 0x69, 0x70, 0x70, 0x65, 0x74,
    0x5F, 0x62, 0x6F, 0x64, 0x79, 0x00, 0x04, 0x70, 0x00, 0x50, 0x00, 0x00,
    0x00, 0x03, 0x30, 0x00, 0x14, 0x00, 0x00, 0x00, 0x02, 0x6E, 0x00, 0x08,
    0x00, 0x00, 0x00, 0x73, 0x65, 0x73, 0x73, 0x69, 0x6F, 0x6E, 0x00, 0x00,
    0x03, 0x31, 0x00, 0x19, 0x00, 0x00, 0x00, 0x02, 0x6E, 0x00, 0x0D, 0x00,
    0x00, 0x00, 0x70, 0x72, 0x6F, 0x67, 0x72, 0x61, 0x6D, 0x5F, 0x6E, 0x6F,
    0x64, 0x65, 0x00, 0x00, 0x03, 0x32, 0x00, 0x15, 0x00, 0x00, 0x00, 0x02,
    0x6E, 0x00, 0x09, 0x00, 0x00, 0x00, 0x65, 0x78, 0x70, 0x61, 0x6E, 0x64,
    0x65, 0x72, 0x00, 0x00, 0x00, 0x10, 0x6C, 0x00, 0x49, 0x00, 0x00, 0x00,
    0x10, 0x63, 0x00, 0x17, 0x0B, 0x00, 0x00, 0x10, 0x66, 0x00, 0x00, 0x00,
    0x00, 0x00, 0x00, 0x00,
};

static const uint8_t module_classes[] = {
    0xEE, 0x00, 0x00, 0x00, 0x03, 0x30, 0x00, 0xE6, 0x00, 0x00, 0x00, 0x02,
    0x6E, 0x00, 0x0F, 0x00, 0x00, 0x00, 0x53, 0x65, 0x73, 0x73, 0x69, 0x6F,
    0x6E, 0x43, 0x6F, 0x6E, 0x74, 0x65, 0x78, 0x74, 0x00, 0x04, 0x73, 0x6C,
    0x00, 0xAF, 0x00, 0x00, 0x00, 0x03, 0x30, 0x00, 0x13, 0x00, 0x00, 0x00,
    0x02, 0x6E, 0x00, 0x07, 0x00, 0x00, 0x00, 0x6D, 0x6F, 0x64, 0x75, 0x6C,
    0x65, 0x00, 0x00, 0x03, 0x31, 0x00, 0x13, 0x00, 0x00, 0x00, 0x02, 0x6E,
    0x00, 0x07, 0x00, 0x00, 0x00, 0x69, 0x6E, 0x70, 0x75, 0x74, 0x73, 0x00,
    0x00, 0x03, 0x32, 0x00, 0x15, 0x00, 0x00, 0x00, 0x02, 0x6E, 0x00, 0x09,
    0x00, 0x00, 0x00, 0x63, 0x6F, 0x64, 0x65, 0x5F, 0x6C, 0x65, 0x6E, 0x00,
    0x00, 0x03, 0x33, 0x00, 0x16, 0x00, 0x00, 0x00, 0x02, 0x6E, 0x00, 0x0A,
    0x00, 0x00, 0x00, 0x6C, 0x61, 0x73, 0x74, 0x5F, 0x73, 0x6E, 0x61, 0x70,
    0x00, 0x00, 0x03, 0x34, 0x00, 0x16, 0x00, 0x00, 0x00, 0x02, 0x6E, 0x00,
    0x0A, 0x00, 0x00, 0x00, 0x6C, 0x61, 0x73, 0x74, 0x5F, 0x75, 0x6E, 0x64,
    0x6F, 0x00, 0x00, 0x03, 0x35, 0x00, 0x1A, 0x00, 0x00, 0x00, 0x02, 0x6E,
    0x00, 0x0E, 0x00, 0x00, 0x00, 0x6C, 0x61, 0x73, 0x74, 0x5F, 0x63, 0x6F,
    0x64, 0x65, 0x5F, 0x6C, 0x65, 0x6E, 0x00, 0x00, 0x03, 0x36, 0x00, 0x14,
    0x00, 0x00, 0x00, 0x02, 0x6E, 0x00, 0x08, 0x00, 0x00, 0x00, 0x69, 0x6D,
    0x70, 0x6F, 0x72, 0x74, 0x73, 0x00, 0x00, 0x00, 0x10, 0x69, 0x00, 0x1B,
    0x00, 0x00, 0x00, 0x04, 0x6D, 0x00, 0x05, 0x00, 0x00, 0x00, 0x00, 0x04,
    0x73, 0x74, 0x00, 0x05, 0x00, 0x00, 0x00, 0x00, 0x00, 0x00,
};

static const uint8_t module_messages[] = {
    0x7B, 0x01, 0x00, 0x00, 0x03, 0x30, 0x00, 0x14, 0x00, 0x00, 0x00, 0x04,
    0x70, 0x00, 0x0C, 0x00, 0x00, 0x00, 0x10, 0x30, 0x00, 0x00, 0x00, 0x00,
    0x00, 0x00, 0x00, 0x03, 0x31, 0x00, 0x14, 0x00, 0x00, 0x00, 0x04, 0x70,
    0x00, 0x0C, 0x00, 0x00, 0x00, 0x10, 0x30, 0x00, 0x01, 0x00, 0x00, 0x00,
    0x00, 0x00, 0x03, 0x32, 0x00, 0x14, 0x00, 0x00, 0x00, 0x04, 0x70, 0x00,
    0x0C, 0x00, 0x00, 0x00, 0x10, 0x30, 0x00, 0x09, 0x00, 0x00, 0x00, 0x00,
    0x00, 0x03, 0x33, 0x00, 0x14, 0x00, 0x00, 0x00, 0x04, 0x70, 0x00, 0x0C,
    0x00, 0x00, 0x00, 0x10, 0x30, 0x00, 0x0B, 0x00, 0x00, 0x00, 0x00, 0x00,
    0x03, 0x34, 0x00, 0x14, 0x00, 0x00, 0x00, 0x04, 0x70, 0x00, 0x0C, 0x00,
    0x00, 0x00, 0x10, 0x30, 0x00, 0x11, 0x00, 0x00, 0x00, 0x00, 0x00, 0x03,
    0x35, 0x00, 0x14, 0x00, 0x00, 0x00, 0x04, 0x70, 0x00, 0x0C, 0x00, 0x00,
    0x00, 0x10, 0x30, 0x00, 0x12, 0x00, 0x00, 0x00, 0x00, 0x00, 0x03, 0x36,
    0x00, 0x14, 0x00, 0x00, 0x00, 0x04, 0x70, 0x00, 0x0C, 0x00, 0x00, 0x00,
    0x10, 0x30, 0x00, 0x13, 0x00, 0x00, 0x00, 0x00, 0x00, 0x03, 0x37, 0x00,
    0x14, 0x00, 0x00, 0x00, 0x04, 0x70, 0x00, 0x0C, 0x00, 0x00, 0x00, 0x10,
    0x30, 0x00, 0x15, 0x00, 0x00, 0x00, 0x00, 0x00, 0x03, 0x38, 0x00, 0x14,
    0x00, 0x00, 0x00, 0x04, 0x70, 0x00, 0x0C, 0x00, 0x00, 0x00, 0x10, 0x30,
    0x00, 0x17, 0x00, 0x00, 0x00, 0x00, 0x00, 0x03, 0x39, 0x00, 0x14, 0x00,
    0x00, 0x00, 0x04, 0x70, 0x00, 0x0C, 0x00, 0x00, 0x00, 0x10, 0x30, 0x00,
    0x18, 0x00, 0x00, 0x00, 0x00, 0x00, 0x03, 0x31, 0x30, 0x00, 0x14, 0x00,
    0x00, 0x00, 0x04, 0x70, 0x00, 0x0C, 0x00, 0x00, 0x00, 0x10, 0x30, 0x00,
    0x1C, 0x00, 0x00, 0x00, 0x00, 0x00, 0x03, 0x31, 0x31, 0x00, 0x14, 0x00,
    0x00, 0x00, 0x04, 0x70, 0x00, 0x0C, 0x00, 0x00, 0x00, 0x10, 0x30, 0x00,
    0x31, 0x00, 0x00, 0x00, 0x00, 0x00, 0x03, 0x31, 0x32, 0x00, 0x14, 0x00,
    0x00, 0x00, 0x04, 0x70, 0x00, 0x0C, 0x00, 0x00, 0x00, 0x10, 0x30, 0x00,
    0x33, 0x00, 0x00, 0x00, 0x00, 0x00, 0x03, 0x31, 0x33, 0x00, 0x14, 0x00,
    0x00, 0x00, 0x04, 0x70, 0x00, 0x0C, 0x00, 0x00, 0x00, 0x10, 0x30, 0x00,
    0x3B, 0x00, 0x00, 0x00, 0x00, 0x00, 0x03, 0x31, 0x34, 0x00, 0x14, 0x00,
    0x00, 0x00, 0x04, 0x70, 0x00, 0x0C, 0x00, 0x00, 0x00, 0x10, 0x30, 0x00,
    0x4A, 0x00, 0x00, 0x00, 0x00, 0x00, 0x03, 0x31, 0x35, 0x00, 0x14, 0x00,
    0x00, 0x00, 0x04, 0x70, 0x00, 0x0C, 0x00, 0x00, 0x00, 0x10, 0x30, 0x00,
    0x4C, 0x00, 0x00, 0x00, 0x00, 0x00, 0x00,
};

static const uint8_t module_exports[] = {
    0xDF, 0x02, 0x00, 0x00, 0x10, 0x77, 0x79, 0x72, 0x6D, 0x00, 0x00, 0x00,
    0x00, 0x00, 0x10, 0x5F, 0x74, 0x61, 0x69, 0x6C, 0x00, 0x01, 0x00, 0x00,
    0x00, 0x10, 0x5F, 0x66, 0x69, 0x65, 0x6C, 0x64, 0x00, 0x02, 0x00, 0x00,
    0x00, 0x10, 0x5F, 0x65, 0x6D, 0x69, 0x74, 0x5F, 0x70, 0x61, 0x63, 0x6B,
    0x00, 0x03, 0x00, 0x00, 0x00, 0x10, 0x5F, 0x65, 0x6D, 0x69, 0x74, 0x5F,
    0x70, 0x61, 0x69, 0x72, 0x61, 0x62, 0x6C, 0x65, 0x00, 0x04, 0x00, 0x00,
    0x00, 0x10, 0x5F, 0x6A, 0x6F, 0x69, 0x6E, 0x5F, 0x70, 0x61, 0x74, 0x68,
    0x00, 0x05, 0x00, 0x00, 0x00, 0x10, 0x5F, 0x70, 0x72, 0x65, 0x66, 0x69,
    0x78, 0x00, 0x06, 0x00, 0x00, 0x00, 0x10, 0x5F, 0x70, 0x61, 0x74, 0x68,
    0x5F, 0x70, 0x61, 0x72, 0x74, 0x73, 0x5F, 0x6F, 0x66, 0x00, 0x07, 0x00,
    0x00, 0x00, 0x10, 0x5F, 0x69, 0x6D, 0x70, 0x6F, 0x72, 0x74, 0x5F, 0x73,
    0x68, 0x61, 0x70, 0x65, 0x00, 0x08, 0x00, 0x00, 0x00, 0x10, 0x5F, 0x69,
    0x6D, 0x70, 0x6F, 0x72, 0x74, 0x5F, 0x73, 0x70, 0x65, 0x63, 0x5F, 0x73,
    0x68, 0x61, 0x70, 0x65, 0x00, 0x09, 0x00, 0x00, 0x00, 0x10, 0x5F, 0x6C,
    0x6F, 0x77, 0x65, 0x72, 0x5F, 0x61, 0x6E, 0x6E, 0x6F, 0x74, 0x61, 0x74,
    0x69, 0x6F, 0x6E, 0x73, 0x00, 0x0A, 0x00, 0x00, 0x00, 0x10, 0x5F, 0x68,
    0x61, 0x73, 0x5F, 0x61, 0x6E, 0x6E, 0x6F, 0x74, 0x61, 0x74, 0x69, 0x6F,
    0x6E, 0x00, 0x0B, 0x00, 0x00, 0x00, 0x10, 0x5F, 0x6C, 0x6F, 0x77, 0x65,
    0x72, 0x5F, 0x61, 0x6E, 0x6E, 0x6F, 0x74, 0x61, 0x74, 0x69, 0x6F, 0x6E,
    0x73, 0x5F, 0x00, 0x0C, 0x00, 0x00, 0x00, 0x10, 0x5F, 0x64, 0x65, 0x63,
    0x6C, 0x61, 0x72, 0x65, 0x5F, 0x6D, 0x6F, 0x64, 0x75, 0x6C, 0x65, 0x5F,
    0x6E, 0x61, 0x6D, 0x65, 0x73, 0x00, 0x0D, 0x00, 0x00, 0x00, 0x10, 0x5F,
    0x63, 0x6F, 0x6C, 0x6C, 0x65, 0x63, 0x74, 0x5F, 0x64, 0x65, 0x66, 0x69,
    0x6E, 0x69, 0x74, 0x69, 0x6F, 0x6E, 0x73, 0x00, 0x0E, 0x00, 0x00, 0x00,
    0x10, 0x5F, 0x69, 0x6D, 0x70, 0x6F, 0x72, 0x74, 0x5F, 0x6D, 0x6F, 0x64,
    0x75, 0x6C, 0x65, 0x00, 0x0F, 0x00, 0x00, 0x00, 0x10, 0x5F, 0x69, 0x6D,
    0x70, 0x6F, 0x72, 0x74, 0x5F, 0x73, 0x74, 0x61, 0x72, 0x00, 0x10, 0x00,
    0x00, 0x00, 0x10, 0x5F, 0x68, 0x6F, 0x69, 0x73, 0x74, 0x5F, 0x69, 0x6D,
    0x70, 0x6F, 0x72, 0x74, 0x73, 0x00, 0x11, 0x00, 0x00, 0x00, 0x10, 0x5F,
    0x62, 0x69, 0x6E, 0x64, 0x5F, 0x69, 0x6D, 0x70, 0x6F, 0x72, 0x74, 0x65,
    0x64, 0x5F, 0x6E, 0x61, 0x6D, 0x65, 0x73, 0x00, 0x12, 0x00, 0x00, 0x00,
    0x10, 0x5F, 0x70, 0x6C, 0x61, 0x69, 0x6E, 0x5F, 0x66, 0x6E, 0x5F, 0x74,
    0x6F, 0x70, 0x6C, 0x65, 0x76, 0x65, 0x6C, 0x00, 0x13, 0x00, 0x00, 0x00,
    0x10, 0x5F, 0x66, 0x6E, 0x5F, 0x74, 0x6F, 0x70, 0x6C, 0x65, 0x76, 0x65,
    0x6C, 0x00, 0x14, 0x00, 0x00, 0x00, 0x10, 0x5F, 0x69, 0x6D, 0x70, 0x6F,
    0x72, 0x74, 0x5F, 0x74, 0x6F, 0x70, 0x6C, 0x65, 0x76, 0x65, 0x6C, 0x00,
    0x15, 0x00, 0x00, 0x00, 0x10, 0x5F, 0x63, 0x6C, 0x61, 0x73, 0x73, 0x5F,
    0x74, 0x6F, 0x70, 0x6C, 0x65, 0x76, 0x65, 0x6C, 0x00, 0x16, 0x00, 0x00,
    0x00, 0x10, 0x5F, 0x74, 0x65, 0x6D, 0x70, 0x6C, 0x61, 0x74, 0x65, 0x5F,
    0x74, 0x6F, 0x70, 0x6C, 0x65, 0x76, 0x65, 0x6C, 0x00, 0x17, 0x00, 0x00,
    0x00, 0x10, 0x5F, 0x66, 0x6C, 0x75, 0x73, 0x68, 0x5F, 0x73, 0x74, 0x61,
    0x74, 0x69, 0x63, 0x73, 0x00, 0x18, 0x00, 0x00, 0x00, 0x10, 0x5F, 0x61,
    0x73, 0x73, 0x65, 0x6D, 0x62, 0x6C, 0x65, 0x00, 0x19, 0x00, 0x00, 0x00,
    0x10, 0x5F, 0x68, 0x61, 0x73, 0x5F, 0x64, 0x65, 0x63, 0x6F, 0x72, 0x61,
    0x74, 0x65, 0x00, 0x1A, 0x00, 0x00, 0x00, 0x10, 0x63, 0x6F, 0x6D, 0x70,
    0x69, 0x6C, 0x65, 0x5F, 0x6D, 0x6F, 0x64, 0x75, 0x6C, 0x65, 0x00, 0x1B,
    0x00, 0x00, 0x00, 0x10, 0x53, 0x65, 0x73, 0x73, 0x69, 0x6F, 0x6E, 0x43,
    0x6F, 0x6E, 0x74, 0x65, 0x78, 0x74, 0x00, 0x1C, 0x00, 0x00, 0x00, 0x10,
    0x6E, 0x65, 0x77, 0x5F, 0x73, 0x65, 0x73, 0x73, 0x69, 0x6F, 0x6E, 0x00,
    0x1D, 0x00, 0x00, 0x00, 0x10, 0x5F, 0x66, 0x72, 0x6F, 0x6D, 0x00, 0x1E,
    0x00, 0x00, 0x00, 0x10, 0x5F, 0x74, 0x72, 0x75, 0x6E, 0x63, 0x61, 0x74,
    0x65, 0x00, 0x1F, 0x00, 0x00, 0x00, 0x10, 0x5F, 0x73, 0x65, 0x73, 0x73,
    0x69, 0x6F, 0x6E, 0x5F, 0x73, 0x6E, 0x61, 0x70, 0x73, 0x68, 0x6F, 0x74,
    0x00, 0x20, 0x00, 0x00, 0x00, 0x10, 0x5F, 0x73, 0x65, 0x73, 0x73, 0x69,
    0x6F, 0x6E, 0x5F, 0x72, 0x65, 0x73, 0x74, 0x6F, 0x72, 0x65, 0x00, 0x21,
    0x00, 0x00, 0x00, 0x10, 0x63, 0x6F, 0x6D, 0x70, 0x69, 0x6C, 0x65, 0x5F,
    0x73, 0x6E, 0x69, 0x70, 0x70, 0x65, 0x74, 0x00, 0x22, 0x00, 0x00, 0x00,
    0x10, 0x73, 0x65, 0x73, 0x73, 0x69, 0x6F, 0x6E, 0x5F, 0x75, 0x6E, 0x64,
    0x6F, 0x5F, 0x6C, 0x61, 0x73, 0x74, 0x00, 0x23, 0x00, 0x00, 0x00, 0x10,
    0x5F, 0x63, 0x6F, 0x6D, 0x70, 0x69, 0x6C, 0x65, 0x5F, 0x73, 0x6E, 0x69,
    0x70, 0x70, 0x65, 0x74, 0x5F, 0x62, 0x6F, 0x64, 0x79, 0x00, 0x24, 0x00,
    0x00, 0x00, 0x00,
};

static const uint8_t module_free[] = {
    0xF8, 0x01, 0x00, 0x00, 0x10, 0x65, 0x72, 0x72, 0x6F, 0x72, 0x00, 0x25,
    0x00, 0x00, 0x00, 0x10, 0x63, 0x64, 0x72, 0x00, 0x26, 0x00, 0x00, 0x00,
    0x10, 0x63, 0x61, 0x72, 0x00, 0x27, 0x00, 0x00, 0x00, 0x10, 0x70, 0x61,
    0x63, 0x6B, 0x00, 0x28, 0x00, 0x00, 0x00, 0x10, 0x70, 0x61, 0x63, 0x6B,
    0x5F, 0x70, 0x61, 0x69, 0x72, 0x61, 0x62, 0x6C, 0x65, 0x00, 0x29, 0x00,
    0x00, 0x00, 0x10, 0x6C, 0x65, 0x6E, 0x00, 0x2A, 0x00, 0x00, 0x00, 0x10,
    0x73, 0x74, 0x72, 0x00, 0x2B, 0x00, 0x00, 0x00, 0x10, 0x69, 0x73, 0x5F,
    0x70, 0x61, 0x74, 0x68, 0x5F, 0x6E, 0x6F, 0x64, 0x65, 0x00, 0x2C, 0x00,
    0x00, 0x00, 0x10, 0x6E, 0x6F, 0x64, 0x65, 0x5F, 0x6B, 0x69, 0x6E, 0x64,
    0x00, 0x2D, 0x00, 0x00, 0x00, 0x10, 0x70, 0x61, 0x69, 0x72, 0x5F, 0x6C,
    0x65, 0x6E, 0x67, 0x74, 0x68, 0x00, 0x2E, 0x00, 0x00, 0x00, 0x10, 0x63,
    0x6F, 0x6E, 0x73, 0x00, 0x2F, 0x00, 0x00, 0x00, 0x10, 0x63, 0x68, 0x65,
    0x63, 0x6B, 0x5F, 0x69, 0x6D, 0x70, 0x6C, 0x69, 0x63, 0x69, 0x74, 0x5F,
    0x6E, 0x61, 0x6D, 0x65, 0x73, 0x00, 0x30, 0x00, 0x00, 0x00, 0x10, 0x6F,
    0x77, 0x6E, 0x5F, 0x64, 0x65, 0x63, 0x6C, 0x61, 0x72, 0x65, 0x64, 0x5F,
    0x6E, 0x61, 0x6D, 0x65, 0x73, 0x00, 0x31, 0x00, 0x00, 0x00, 0x10, 0x77,
    0x61, 0x6C, 0x6B, 0x5F, 0x61, 0x6C, 0x6C, 0x5F, 0x62, 0x6F, 0x64, 0x79,
    0x00, 0x32, 0x00, 0x00, 0x00, 0x10, 0x4C, 0x00, 0x33, 0x00, 0x00, 0x00,
    0x10, 0x63, 0x6F, 0x6D, 0x70, 0x69, 0x6C, 0x65, 0x5F, 0x66, 0x75, 0x6E,
    0x63, 0x74, 0x69, 0x6F, 0x6E, 0x00, 0x34, 0x00, 0x00, 0x00, 0x10, 0x63,
    0x6F, 0x6D, 0x70, 0x69, 0x6C, 0x65, 0x5F, 0x64, 0x69, 0x73, 0x70, 0x61,
    0x74, 0x63, 0x68, 0x65, 0x64, 0x5F, 0x66, 0x6E, 0x5F, 0x74, 0x6F, 0x70,
    0x6C, 0x65, 0x76, 0x65, 0x6C, 0x00, 0x35, 0x00, 0x00, 0x00, 0x10, 0x63,
    0x6F, 0x6D, 0x70, 0x69, 0x6C, 0x65, 0x5F, 0x63, 0x6C, 0x61, 0x73, 0x73,
    0x5F, 0x74, 0x6F, 0x70, 0x6C, 0x65, 0x76, 0x65, 0x6C, 0x00, 0x36, 0x00,
    0x00, 0x00, 0x10, 0x63, 0x6F, 0x6D, 0x70, 0x69, 0x6C, 0x65, 0x5F, 0x73,
    0x74, 0x61, 0x74, 0x65, 0x6D, 0x65, 0x6E, 0x74, 0x00, 0x37, 0x00, 0x00,
    0x00, 0x10, 0x72, 0x65, 0x67, 0x69, 0x73, 0x74, 0x65, 0x72, 0x5F, 0x74,
    0x6F, 0x70, 0x6C, 0x65, 0x76, 0x65, 0x6C, 0x00, 0x38, 0x00, 0x00, 0x00,
    0x10, 0x63, 0x6F, 0x6D, 0x70, 0x69, 0x6C, 0x65, 0x5F, 0x65, 0x78, 0x70,
    0x72, 0x00, 0x39, 0x00, 0x00, 0x00, 0x10, 0x4D, 0x6F, 0x64, 0x75, 0x6C,
    0x65, 0x43, 0x6F, 0x6E, 0x74, 0x65, 0x78, 0x74, 0x00, 0x3A, 0x00, 0x00,
    0x00, 0x10, 0x73, 0x75, 0x70, 0x70, 0x6F, 0x72, 0x74, 0x65, 0x64, 0x00,
    0x3B, 0x00, 0x00, 0x00, 0x10, 0x54, 0x4F, 0x50, 0x4C, 0x45, 0x56, 0x45,
    0x4C, 0x5F, 0x48, 0x41, 0x4E, 0x44, 0x4C, 0x45, 0x52, 0x53, 0x00, 0x3C,
    0x00, 0x00, 0x00, 0x10, 0x64, 0x69, 0x73, 0x70, 0x61, 0x74, 0x63, 0x68,
    0x00, 0x3D, 0x00, 0x00, 0x00, 0x10, 0x76, 0x65, 0x72, 0x69, 0x66, 0x79,
    0x00, 0x3E, 0x00, 0x00, 0x00, 0x10, 0x63, 0x6F, 0x70, 0x79, 0x00, 0x3F,
    0x00, 0x00, 0x00, 0x10, 0x46, 0x6E, 0x43, 0x6F, 0x6E, 0x74, 0x65, 0x78,
    0x74, 0x00, 0x40, 0x00, 0x00, 0x00, 0x10, 0x69, 0x73, 0x5F, 0x65, 0x78,
    0x70, 0x72, 0x65, 0x73, 0x73, 0x69, 0x6F, 0x6E, 0x5F, 0x73, 0x74, 0x61,
    0x74, 0x65, 0x6D, 0x65, 0x6E, 0x74, 0x00, 0x41, 0x00, 0x00, 0x00, 0x00,
};

static const uint32_t module_code[] = {
    0x00000047,                /* 0000  import L0 <- static#0   ("wyrm::") */
    0x00000043,                /* 0001  gset g0 <- L0   (wyrm) */
    0x00010047,                /* 0002  import L0 <- static#1   ("wyrm::opcodes") */
    0x000100B5, 0x00000000,    /* 0003  import_star static#1 except 0, 0 names   ("wyrm::opcodes") */
    0x00000047,                /* 0005  import L0 <- static#0   ("wyrm::") */
    0x00000043,                /* 0006  gset g0 <- L0   (wyrm) */
    0x00020047,                /* 0007  import L0 <- static#2   ("wyrm::compiler::") */
    0x00030047,                /* 0008  import L0 <- static#3   ("wyrm::compiler::context") */
    0x000300B5, 0x00000000,    /* 0009  import_star static#3 except 0, 0 names   ("wyrm::compiler::context") */
    0x00000047,                /* 000B  import L0 <- static#0   ("wyrm::") */
    0x00000043,                /* 000C  gset g0 <- L0   (wyrm) */
    0x00020047,                /* 000D  import L0 <- static#2   ("wyrm::compiler::") */
    0x00040047,                /* 000E  import L0 <- static#4   ("wyrm::compiler::analysis") */
    0x000400B5, 0x00000000,    /* 000F  import_star static#4 except 0, 0 names   ("wyrm::compiler::analysis") */
    0x00000047,                /* 0011  import L0 <- static#0   ("wyrm::") */
    0x00000043,                /* 0012  gset g0 <- L0   (wyrm) */
    0x00020047,                /* 0013  import L0 <- static#2   ("wyrm::compiler::") */
    0x00050047,                /* 0014  import L0 <- static#5   ("wyrm::compiler::expressions") */
    0x000500B5, 0x00000000,    /* 0015  import_star static#5 except 0, 0 names   ("wyrm::compiler::expressions") */
    0x00000047,                /* 0017  import L0 <- static#0   ("wyrm::") */
    0x00000043,                /* 0018  gset g0 <- L0   (wyrm) */
    0x00020047,                /* 0019  import L0 <- static#2   ("wyrm::compiler::") */
    0x00060047,                /* 001A  import L0 <- static#6   ("wyrm::compiler::statements") */
    0x000600B5, 0x00000000,    /* 001B  import_star static#6 except 0, 0 names   ("wyrm::compiler::statements") */
    0x00000047,                /* 001D  import L0 <- static#0   ("wyrm::") */
    0x00000043,                /* 001E  gset g0 <- L0   (wyrm) */
    0x00020047,                /* 001F  import L0 <- static#2   ("wyrm::compiler::") */
    0x00070047,                /* 0020  import L0 <- static#7   ("wyrm::compiler::functions") */
    0x000700B5, 0x00000000,    /* 0021  import_star static#7 except 0, 0 names   ("wyrm::compiler::functions") */
    0x00000047,                /* 0023  import L0 <- static#0   ("wyrm::") */
    0x00000043,                /* 0024  gset g0 <- L0   (wyrm) */
    0x00020047,                /* 0025  import L0 <- static#2   ("wyrm::compiler::") */
    0x00080047,                /* 0026  import L0 <- static#8   ("wyrm::compiler::classes") */
    0x000800B5, 0x00000000,    /* 0027  import_star static#8 except 0, 0 names   ("wyrm::compiler::classes") */
    0x00000047,                /* 0029  import L0 <- static#0   ("wyrm::") */
    0x00000043,                /* 002A  gset g0 <- L0   (wyrm) */
    0x00020047,                /* 002B  import L0 <- static#2   ("wyrm::compiler::") */
    0x00090047,                /* 002C  import L0 <- static#9   ("wyrm::compiler::handlers") */
    0x000900B5, 0x00000000,    /* 002D  import_star static#9 except 0, 0 names   ("wyrm::compiler::handlers") */
    0x00000047,                /* 002F  import L0 <- static#0   ("wyrm::") */
    0x00000043,                /* 0030  gset g0 <- L0   (wyrm) */
    0x00020047,                /* 0031  import L0 <- static#2   ("wyrm::compiler::") */
    0x000A0047,                /* 0032  import L0 <- static#10   ("wyrm::compiler::verify") */
    0x000A00B5, 0x00000000,    /* 0033  import_star static#10 except 0, 0 names   ("wyrm::compiler::verify") */
    0x000000A8, 0x00000000,    /* 0035  closure L0 <- fn#0, 0 caps */
    0x00010043,                /* 0037  gset g1 <- L0   (_tail) */
    0x000000A8, 0x00010000,    /* 0038  closure L0 <- fn#1, 0 caps */
    0x00020043,                /* 003A  gset g2 <- L0   (_field) */
    0x000000A8, 0x00020000,    /* 003B  closure L0 <- fn#2, 0 caps */
    0x00030043,                /* 003D  gset g3 <- L0   (_emit_pack) */
    0x000000A8, 0x00030000,    /* 003E  closure L0 <- fn#3, 0 caps */
    0x00040043,                /* 0040  gset g4 <- L0   (_emit_pairable) */
    0x000000A8, 0x00040000,    /* 0041  closure L0 <- fn#4, 0 caps */
    0x00050043,                /* 0043  gset g5 <- L0   (_join_path) */
    0x000000A8, 0x00050000,    /* 0044  closure L0 <- fn#5, 0 caps */
    0x00060043,                /* 0046  gset g6 <- L0   (_prefix) */
    0x000000A8, 0x00060000,    /* 0047  closure L0 <- fn#6, 0 caps */
    0x00070043,                /* 0049  gset g7 <- L0   (_path_parts_of) */
    0x000000A8, 0x00070000,    /* 004A  closure L0 <- fn#7, 0 caps */
    0x00080043,                /* 004C  gset g8 <- L0   (_import_shape) */
    0x000000A8, 0x00080000,    /* 004D  closure L0 <- fn#8, 0 caps */
    0x00090043,                /* 004F  gset g9 <- L0   (_import_spec_shape) */
    0x000000A8, 0x00090000,    /* 0050  closure L0 <- fn#9, 0 caps */
    0x000A0043,                /* 0052  gset g10 <- L0   (_lower_annotations) */
    0x000000A8, 0x000A0000,    /* 0053  closure L0 <- fn#10, 0 caps */
    0x000B0043,                /* 0055  gset g11 <- L0   (_has_annotation) */
    0x000000A8, 0x000B0000,    /* 0056  closure L0 <- fn#11, 0 caps */
    0x000C0043,                /* 0058  gset g12 <- L0   (_lower_annotations_) */
    0x000000A8, 0x000C0000,    /* 0059  closure L0 <- fn#12, 0 caps */
    0x000D0043,                /* 005B  gset g13 <- L0   (_declare_module_names) */
    0x000000A8, 0x000D0000,    /* 005C  closure L0 <- fn#13, 0 caps */
    0x000E0043,                /* 005E  gset g14 <- L0   (_collect_definitions) */
    0x000000A8, 0x000E0000,    /* 005F  closure L0 <- fn#14, 0 caps */
    0x000F0043,                /* 0061  gset g15 <- L0   (_import_module) */
    0x000000A8, 0x000F0000,    /* 0062  closure L0 <- fn#15, 0 caps */
    0x00100043,                /* 0064  gset g16 <- L0   (_import_star) */
    0x000000A8, 0x00100000,    /* 0065  closure L0 <- fn#16, 0 caps */
    0x00110043,                /* 0067  gset g17 <- L0   (_hoist_imports) */
    0x000000A8, 0x00110000,    /* 0068  closure L0 <- fn#17, 0 caps */
    0x00120043,                /* 006A  gset g18 <- L0   (_bind_imported_names) */
    0x000000A8, 0x00120000,    /* 006B  closure L0 <- fn#18, 0 caps */
    0x00130043,                /* 006D  gset g19 <- L0   (_plain_fn_toplevel) */
    0x000000A8, 0x00130000,    /* 006E  closure L0 <- fn#19, 0 caps */
    0x00140043,                /* 0070  gset g20 <- L0   (_fn_toplevel) */
    0x000000A8, 0x00140000,    /* 0071  closure L0 <- fn#20, 0 caps */
    0x00150043,                /* 0073  gset g21 <- L0   (_import_toplevel) */
    0x000000A8, 0x00150000,    /* 0074  closure L0 <- fn#21, 0 caps */
    0x00160043,                /* 0076  gset g22 <- L0   (_class_toplevel) */
    0x000000A8, 0x00160000,    /* 0077  closure L0 <- fn#22, 0 caps */
    0x00170043,                /* 0079  gset g23 <- L0   (_template_toplevel) */
    0x00380042,                /* 007A  gget L0 <- g56   (register_toplevel) */
    0x000C0145,                /* 007B  lsym L1 <- sym#12   ("class_def") */
    0x00020182, 0x00010000,    /* 007C  list L2 <- L1, 1 items */
    0x00010241,                /* 007E  move L1 <- L2 */
    0x00160242,                /* 007F  gget L2 <- g22   (_class_toplevel) */
    0x000002A0, 0x00010000,    /* 0080  call base=L0 argc=2 nres=1 */
    0x00380042,                /* 0082  gget L0 <- g56   (register_toplevel) */
    0x000D0145,                /* 0083  lsym L1 <- sym#13   ("fn_def") */
    0x000E0245,                /* 0084  lsym L2 <- sym#14   ("co_def") */
    0x00030282, 0x00010000,    /* 0085  list L3 <- L1, 2 items */
    0x00010341,                /* 0087  move L1 <- L3 */
    0x00140242,                /* 0088  gget L2 <- g20   (_fn_toplevel) */
    0x000002A0, 0x00010000,    /* 0089  call base=L0 argc=2 nres=1 */
    0x00380042,                /* 008B  gget L0 <- g56   (register_toplevel) */
    0x00070145,                /* 008C  lsym L1 <- sym#7   ("import") */
    0x00080245,                /* 008D  lsym L2 <- sym#8   ("import_static") */
    0x00030282, 0x00010000,    /* 008E  list L3 <- L1, 2 items */
    0x00010341,                /* 0090  move L1 <- L3 */
    0x00150242,                /* 0091  gget L2 <- g21   (_import_toplevel) */
    0x000002A0, 0x00010000,    /* 0092  call base=L0 argc=2 nres=1 */
    0x00380042,                /* 0094  gget L0 <- g56   (register_toplevel) */
    0x00060145,                /* 0095  lsym L1 <- sym#6   ("template") */
    0x00020182, 0x00010000,    /* 0096  list L2 <- L1, 1 items */
    0x00010241,                /* 0098  move L1 <- L2 */
    0x00170242,                /* 0099  gget L2 <- g23   (_template_toplevel) */
    0x000002A0, 0x00010000,    /* 009A  call base=L0 argc=2 nres=1 */
    0x000000A8, 0x00170000,    /* 009C  closure L0 <- fn#23, 0 caps */
    0x00180043,                /* 009E  gset g24 <- L0   (_flush_statics) */
    0x000000A8, 0x00180000,    /* 009F  closure L0 <- fn#24, 0 caps */
    0x00190043,                /* 00A1  gset g25 <- L0   (_assemble) */
    0x000000A8, 0x00190000,    /* 00A2  closure L0 <- fn#25, 0 caps */
    0x001A0043,                /* 00A4  gset g26 <- L0   (_has_decorate) */
    0x000000A8, 0x001A0000,    /* 00A5  closure L0 <- fn#26, 0 caps */
    0x001B0043,                /* 00A7  gset g27 <- L0   (compile_module) */
    0x000000A9, 0x00000000,    /* 00A8  class L0 <- class#0 */
    0x001C0043,                /* 00AA  gset g28 <- L0   (SessionContext) */
    0x000000A8, 0x001C0000,    /* 00AB  closure L0 <- fn#28, 0 caps */
    0x001D0043,                /* 00AD  gset g29 <- L0   (new_session) */
    0x000000A8, 0x001D0000,    /* 00AE  closure L0 <- fn#29, 0 caps */
    0x001E0043,                /* 00B0  gset g30 <- L0   (_from) */
    0x000000A8, 0x001E0000,    /* 00B1  closure L0 <- fn#30, 0 caps */
    0x001F0043,                /* 00B3  gset g31 <- L0   (_truncate) */
    0x000000A8, 0x001F0000,    /* 00B4  closure L0 <- fn#31, 0 caps */
    0x00200043,                /* 00B6  gset g32 <- L0   (_session_snapshot) */
    0x000000A8, 0x00200000,    /* 00B7  closure L0 <- fn#32, 0 caps */
    0x00210043,                /* 00B9  gset g33 <- L0   (_session_restore) */
    0x000000A8, 0x00210000,    /* 00BA  closure L0 <- fn#33, 0 caps */
    0x00220043,                /* 00BC  gset g34 <- L0   (compile_snippet) */
    0x000000A8, 0x00220000,    /* 00BD  closure L0 <- fn#34, 0 caps */
    0x00230043,                /* 00BF  gset g35 <- L0   (session_undo_last) */
    0x000000A8, 0x00230000,    /* 00C0  closure L0 <- fn#35, 0 caps */
    0x00240043,                /* 00C2  gset g36 <- L0   (_compile_snippet_body) */
    0x00000002,                /* 00C3  return count=0 */
    0x00008041,                /* 00C4  move L0 <- P0 */
    0x00010040,                /* 00C5  i8 L1 <- 0 */
    0x00020091, 0x00018001,    /* 00C6  lt L2 <- L1 < P1 */
    0x0013024B,                /* 00C8  jf L2, +19 */
    0x000B0246,                /* 00C9  lconst L2 <- static#11   ("pair") */
    0x00030097, 0x00000002,    /* 00CA  is L3 <- L0 is L2 */
    0x0004034A,                /* 00CC  not L4 <- L3 */
    0x0005044B,                /* 00CD  jf L4, +5 */
    0x00250242,                /* 00CE  gget L2 <- g37   (error) */
    0x000C0346,                /* 00CF  lconst L3 <- static#12   ("index out of range") */
    0x000201A0, 0x00010000,    /* 00D0  call base=L2 argc=1 nres=1 */
    0x00020102,                /* 00D2  return L2 count=1 */
    0x00260242,                /* 00D3  gget L2 <- g38   (cdr) */
    0x00030041,                /* 00D4  move L3 <- L0 */
    0x000201A0, 0x00010000,    /* 00D5  call base=L2 argc=1 nres=1 */
    0x00000241,                /* 00D7  move L0 <- L2 */
    0x00020140,                /* 00D8  i8 L2 <- 1 */
    0x00010085, 0x00010002,    /* 00D9  add L1 <- L1 + L2 */
    0xFFEA004F,                /* 00DB  jmp -22 */
    0x00000102,                /* 00DC  return L0 count=1 */
    0x00010142,                /* 00DD  gget L1 <- g1   (_tail) */
    0x00028041,                /* 00DE  move L2 <- P0 */
    0x00038141,                /* 00DF  move L3 <- P1 */
    0x000102A0, 0x00010000,    /* 00E0  call base=L1 argc=2 nres=1 */
    0x00000141,                /* 00E2  move L0 <- L1 */
    0x000D0146,                /* 00E3  lconst L1 <- static#13   ("error") */
    0x00020097, 0x00000001,    /* 00E4  is L2 <- L0 is L1 */
    0x0001024B,                /* 00E6  jf L2, +1 */
    0x00000102,                /* 00E7  return L0 count=1 */
    0x00270142,                /* 00E8  gget L1 <- g39   (car) */
    0x00020041,                /* 00E9  move L2 <- L0 */
    0x000101A0, 0x00010000,    /* 00EA  call base=L1 argc=1 nres=1 */
    0x00010102,                /* 00EC  return L1 count=1 */
    0x00280142,                /* 00ED  gget L1 <- g40   (pack) */
    0x00048141,                /* 00EE  move L4 <- P1 */
    0x00050181, 0x00040000,    /* 00EF  tuple L5 <- L4, 1 items */
    0x00020541,                /* 00F1  move L2 <- L5 */
    0x00100446,                /* 00F2  lconst L4 <- static#16   ("f") */
    0x00058241,                /* 00F3  move L5 <- P2 */
    0x00110646,                /* 00F4  lconst L6 <- static#17   ("a0") */
    0x00078341,                /* 00F5  move L7 <- P3 */
    0x00120846,                /* 00F6  lconst L8 <- static#18   ("a1") */
    0x00098441,                /* 00F7  move L9 <- P4 */
    0x00130A46,                /* 00F8  lconst L10 <- static#19   ("a2") */
    0x000B8541,                /* 00F9  move L11 <- P5 */
    0x00140C46,                /* 00FA  lconst L12 <- static#20   ("w1") */
    0x000D8641,                /* 00FB  move L13 <- P6 */
    0x000E0583, 0x00040000,    /* 00FC  dict L14 <- L4, 5 pairs */
    0x00030E41,                /* 00FE  move L3 <- L14 */
    0x000100A1, 0x00010000,    /* 00FF  call_va base=L1 nres=1 */
    0x00000141,                /* 0101  move L0 <- L1 */
    0x000D0146,                /* 0102  lconst L1 <- static#13   ("error") */
    0x00020097, 0x00000001,    /* 0103  is L2 <- L0 is L1 */
    0x0001024B,                /* 0105  jf L2, +1 */
    0x00000102,                /* 0106  return L0 count=1 */
    0x00018041,                /* 0107  move L1 <- P0 */
    0x00020041,                /* 0108  move L2 <- L0 */
    0x000101A2, 0x00000001,    /* 0109  msg base=L1 argc=1 msg#0 nres=1   (emit_words) */
    0x00010003,                /* 010B  lnil L1 */
    0x00010102,                /* 010C  return L1 count=1 */
    0x00290142,                /* 010D  gget L1 <- g41   (pack_pairable) */
    0x00028141,                /* 010E  move L2 <- P1 */
    0x00038241,                /* 010F  move L3 <- P2 */
    0x00048341,                /* 0110  move L4 <- P3 */
    0x000103A0, 0x00010000,    /* 0111  call base=L1 argc=3 nres=1 */
    0x00000141,                /* 0113  move L0 <- L1 */
    0x000D0146,                /* 0114  lconst L1 <- static#13   ("error") */
    0x00020097, 0x00000001,    /* 0115  is L2 <- L0 is L1 */
    0x0001024B,                /* 0117  jf L2, +1 */
    0x00000102,                /* 0118  return L0 count=1 */
    0x00018041,                /* 0119  move L1 <- P0 */
    0x00020041,                /* 011A  move L2 <- L0 */
    0x000101A2, 0x00000001,    /* 011B  msg base=L1 argc=1 msg#0 nres=1   (emit_words) */
    0x00010003,                /* 011D  lnil L1 */
    0x00010102,                /* 011E  return L1 count=1 */
    0x00150046,                /* 011F  lconst L0 <- static#21   ("") */
    0x00010040,                /* 0120  i8 L1 <- 0 */
    0x002A0342,                /* 0121  gget L3 <- g42   (len) */
    0x00048041,                /* 0122  move L4 <- P0 */
    0x000301A0, 0x00010000,    /* 0123  call base=L3 argc=1 nres=1 */
    0x00020341,                /* 0125  move L2 <- L3 */
    0x00030091, 0x00010002,    /* 0126  lt L3 <- L1 < L2 */
    0x0012034B,                /* 0128  jf L3, +18 */
    0x00030040,                /* 0129  i8 L3 <- 0 */
    0x00040093, 0x00010003,    /* 012A  gt L4 <- L1 > L3 */
    0x0003044B,                /* 012C  jf L4, +3 */
    0x00160346,                /* 012D  lconst L3 <- static#22   ("::") */
    0x00000085, 0x00000003,    /* 012E  add L0 <- L0 + L3 */
    0x002B0342,                /* 0130  gget L3 <- g43   (str) */
    0x00040098, 0x80000001,    /* 0131  getidx L4 <- P0[L1] */
    0x000301A0, 0x00010000,    /* 0133  call base=L3 argc=1 nres=1 */
    0x00000085, 0x00000003,    /* 0135  add L0 <- L0 + L3 */
    0x00030140,                /* 0137  i8 L3 <- 1 */
    0x00010085, 0x00010003,    /* 0138  add L1 <- L1 + L3 */
    0xFFEB004F,                /* 013A  jmp -21 */
    0x00000102,                /* 013B  return L0 count=1 */
    0x00000082, 0x00020000,    /* 013C  list L0 <- L2, 0 items */
    0x00010040,                /* 013E  i8 L1 <- 0 */
    0x00020091, 0x00018001,    /* 013F  lt L2 <- L1 < P1 */
    0x0009024B,                /* 0141  jf L2, +9 */
    0x00020041,                /* 0142  move L2 <- L0 */
    0x00030098, 0x80000001,    /* 0143  getidx L3 <- P0[L1] */
    0x000201A2, 0x00010001,    /* 0145  msg base=L2 argc=1 msg#1 nres=1   (append) */
    0x00020140,                /* 0147  i8 L2 <- 1 */
    0x00010085, 0x00010002,    /* 0148  add L1 <- L1 + L2 */
    0xFFF4004F,                /* 014A  jmp -12 */
    0x00000102,                /* 014B  return L0 count=1 */
    0x00000082, 0x00020000,    /* 014C  list L0 <- L2, 0 items */
    0x00170246,                /* 014E  lconst L2 <- static#23   ("sym") */
    0x00030097, 0x80000002,    /* 014F  is L3 <- P0 is L2 */
    0x0008034B,                /* 0151  jf L3, +8 */
    0x00020041,                /* 0152  move L2 <- L0 */
    0x002B0342,                /* 0153  gget L3 <- g43   (str) */
    0x00048041,                /* 0154  move L4 <- P0 */
    0x000301A0, 0x00010000,    /* 0155  call base=L3 argc=1 nres=1 */
    0x000201A2, 0x00010001,    /* 0157  msg base=L2 argc=1 msg#1 nres=1   (append) */
    0x00000102,                /* 0159  return L0 count=1 */
    0x002C0242,                /* 015A  gget L2 <- g44   (is_path_node) */
    0x00038041,                /* 015B  move L3 <- P0 */
    0x000201A0, 0x00010000,    /* 015C  call base=L2 argc=1 nres=1 */
    0x001B024B,                /* 015E  jf L2, +27 */
    0x00010242,                /* 015F  gget L2 <- g1   (_tail) */
    0x00038041,                /* 0160  move L3 <- P0 */
    0x00040140,                /* 0161  i8 L4 <- 1 */
    0x000202A0, 0x00010000,    /* 0162  call base=L2 argc=2 nres=1 */
    0x00010241,                /* 0164  move L1 <- L2 */
    0x000B0246,                /* 0165  lconst L2 <- static#11   ("pair") */
    0x00030097, 0x00010002,    /* 0166  is L3 <- L1 is L2 */
    0x0010034B,                /* 0168  jf L3, +16 */
    0x00020041,                /* 0169  move L2 <- L0 */
    0x002B0342,                /* 016A  gget L3 <- g43   (str) */
    0x00270442,                /* 016B  gget L4 <- g39   (car) */
    0x00050141,                /* 016C  move L5 <- L1 */
    0x000401A0, 0x00010000,    /* 016D  call base=L4 argc=1 nres=1 */
    0x000301A0, 0x00010000,    /* 016F  call base=L3 argc=1 nres=1 */
    0x000201A2, 0x00010001,    /* 0171  msg base=L2 argc=1 msg#1 nres=1   (append) */
    0x00260242,                /* 0173  gget L2 <- g38   (cdr) */
    0x00030141,                /* 0174  move L3 <- L1 */
    0x000201A0, 0x00010000,    /* 0175  call base=L2 argc=1 nres=1 */
    0x00010241,                /* 0177  move L1 <- L2 */
    0xFFEC004F,                /* 0178  jmp -20 */
    0x00000102,                /* 0179  return L0 count=1 */
    0x00250242,                /* 017A  gget L2 <- g37   (error) */
    0x00180346,                /* 017B  lconst L3 <- static#24   ("an import path is a name or a qualified name") */
    0x000201A0, 0x00010000,    /* 017C  call base=L2 argc=1 nres=1 */
    0x00020102,                /* 017E  return L2 count=1 */
    0x00020142,                /* 017F  gget L1 <- g2   (_field) */
    0x00028041,                /* 0180  move L2 <- P0 */
    0x00030140,                /* 0181  i8 L3 <- 1 */
    0x000102A0, 0x00010000,    /* 0182  call base=L1 argc=2 nres=1 */
    0x00000141,                /* 0184  move L0 <- L1 */
    0x0001004E,                /* 0185  jnerr L0, +1 */
    0x00000003,                /* 0186  lnil L0 */
    0x00190146,                /* 0187  lconst L1 <- static#25   ("nil") */
    0x00020097, 0x00000001,    /* 0188  is L2 <- L0 is L1 */
    0x0005024B,                /* 018A  jf L2, +5 */
    0x00250142,                /* 018B  gget L1 <- g37   (error) */
    0x001A0246,                /* 018C  lconst L2 <- static#26   ("an import needs a path") */
    0x000101A0, 0x00010000,    /* 018D  call base=L1 argc=1 nres=1 */
    0x00010102,                /* 018F  return L1 count=1 */
    0x00090142,                /* 0190  gget L1 <- g9   (_import_spec_shape) */
    0x00020041,                /* 0191  move L2 <- L0 */
    0x00020442,                /* 0192  gget L4 <- g2   (_field) */
    0x00058041,                /* 0193  move L5 <- P0 */
    0x00060240,                /* 0194  i8 L6 <- 2 */
    0x000402A0, 0x00010000,    /* 0195  call base=L4 argc=2 nres=1 */
    0x00030441,                /* 0197  move L3 <- L4 */
    0x0001034E,                /* 0198  jnerr L3, +1 */
    0x00030003,                /* 0199  lnil L3 */
    0x000102A0, 0x00010000,    /* 019A  call base=L1 argc=2 nres=1 */
    0x00010102,                /* 019C  return L1 count=1 */
    0x00070742,                /* 019D  gget L7 <- g7   (_path_parts_of) */
    0x00088041,                /* 019E  move L8 <- P0 */
    0x000701A0, 0x00010000,    /* 019F  call base=L7 argc=1 nres=1 */
    0x00000741,                /* 01A1  move L0 <- L7 */
    0x000D0746,                /* 01A2  lconst L7 <- static#13   ("error") */
    0x00080097, 0x00000007,    /* 01A3  is L8 <- L0 is L7 */
    0x0001084B,                /* 01A5  jf L8, +1 */
    0x00000102,                /* 01A6  return L0 count=1 */
    0x002D0742,                /* 01A7  gget L7 <- g45   (node_kind) */
    0x00088141,                /* 01A8  move L8 <- P1 */
    0x000701A0, 0x00010000,    /* 01A9  call base=L7 argc=1 nres=1 */
    0x00010741,                /* 01AB  move L1 <- L7 */
    0x00190746,                /* 01AC  lconst L7 <- static#25   ("nil") */
    0x00080097, 0x80010007,    /* 01AD  is L8 <- P1 is L7 */
    0x0008084B,                /* 01AF  jf L8, +8 */
    0x00070041,                /* 01B0  move L7 <- L0 */
    0x00080003,                /* 01B1  lnil L8 */
    0x00090003,                /* 01B2  lnil L9 */
    0x000A0004,                /* 01B3  lbool L10 <- 0 */
    0x000B0003,                /* 01B4  lnil L11 */
    0x000C0582, 0x00070000,    /* 01B5  list L12 <- L7, 5 items */
    0x000C0102,                /* 01B7  return L12 count=1 */
    0x00020745,                /* 01B8  lsym L7 <- sym#2   ("as") */
    0x0008008F, 0x00010007,    /* 01B9  eq L8 <- L1 == L7 */
    0x0012084B,                /* 01BB  jf L8, +18 */
    0x00070041,                /* 01BC  move L7 <- L0 */
    0x002B0842,                /* 01BD  gget L8 <- g43   (str) */
    0x00020A42,                /* 01BE  gget L10 <- g2   (_field) */
    0x000B8141,                /* 01BF  move L11 <- P1 */
    0x000C0140,                /* 01C0  i8 L12 <- 1 */
    0x000A02A0, 0x00010000,    /* 01C1  call base=L10 argc=2 nres=1 */
    0x00090A41,                /* 01C3  move L9 <- L10 */
    0x0001094E,                /* 01C4  jnerr L9, +1 */
    0x00090003,                /* 01C5  lnil L9 */
    0x000801A0, 0x00010000,    /* 01C6  call base=L8 argc=1 nres=1 */
    0x00090003,                /* 01C8  lnil L9 */
    0x000A0004,                /* 01C9  lbool L10 <- 0 */
    0x000B0003,                /* 01CA  lnil L11 */
    0x000C0582, 0x00070000,    /* 01CB  list L12 <- L7, 5 items */
    0x000C0102,                /* 01CD  return L12 count=1 */
    0x00030745,                /* 01CE  lsym L7 <- sym#3   ("items") */
    0x0008008F, 0x00010007,    /* 01CF  eq L8 <- L1 == L7 */
    0x004F084B,                /* 01D1  jf L8, +79 */
    0x00020082, 0x00070000,    /* 01D2  list L2 <- L7, 0 items */
    0x00260742,                /* 01D4  gget L7 <- g38   (cdr) */
    0x00088141,                /* 01D5  move L8 <- P1 */
    0x000701A0, 0x00010000,    /* 01D6  call base=L7 argc=1 nres=1 */
    0x00030741,                /* 01D8  move L3 <- L7 */
    0x000B0746,                /* 01D9  lconst L7 <- static#11   ("pair") */
    0x00080097, 0x00030007,    /* 01DA  is L8 <- L3 is L7 */
    0x003C084B,                /* 01DC  jf L8, +60 */
    0x00270742,                /* 01DD  gget L7 <- g39   (car) */
    0x00080341,                /* 01DE  move L8 <- L3 */
    0x000701A0, 0x00010000,    /* 01DF  call base=L7 argc=1 nres=1 */
    0x00040741,                /* 01E1  move L4 <- L7 */
    0x00020742,                /* 01E2  gget L7 <- g2   (_field) */
    0x00080441,                /* 01E3  move L8 <- L4 */
    0x00090140,                /* 01E4  i8 L9 <- 1 */
    0x000702A0, 0x00010000,    /* 01E5  call base=L7 argc=2 nres=1 */
    0x00050741,                /* 01E7  move L5 <- L7 */
    0x0001054E,                /* 01E8  jnerr L5, +1 */
    0x00050003,                /* 01E9  lnil L5 */
    0x00020742,                /* 01EA  gget L7 <- g2   (_field) */
    0x00080441,                /* 01EB  move L8 <- L4 */
    0x00090240,                /* 01EC  i8 L9 <- 2 */
    0x000702A0, 0x00010000,    /* 01ED  call base=L7 argc=2 nres=1 */
    0x00060741,                /* 01EF  move L6 <- L7 */
    0x0001064E,                /* 01F0  jnerr L6, +1 */
    0x00060003,                /* 01F1  lnil L6 */
    0x00190746,                /* 01F2  lconst L7 <- static#25   ("nil") */
    0x00080097, 0x00060007,    /* 01F3  is L8 <- L6 is L7 */
    0x000F084B,                /* 01F5  jf L8, +15 */
    0x00070241,                /* 01F6  move L7 <- L2 */
    0x002B0842,                /* 01F7  gget L8 <- g43   (str) */
    0x00090541,                /* 01F8  move L9 <- L5 */
    0x000801A0, 0x00010000,    /* 01F9  call base=L8 argc=1 nres=1 */
    0x002B0942,                /* 01FB  gget L9 <- g43   (str) */
    0x000A0541,                /* 01FC  move L10 <- L5 */
    0x000901A0, 0x00010000,    /* 01FD  call base=L9 argc=1 nres=1 */
    0x000A0282, 0x00080000,    /* 01FF  list L10 <- L8, 2 items */
    0x00080A41,                /* 0201  move L8 <- L10 */
    0x000701A2, 0x00010001,    /* 0202  msg base=L7 argc=1 msg#1 nres=1   (append) */
    0x000E004F,                /* 0204  jmp +14 */
    0x00070241,                /* 0205  move L7 <- L2 */
    0x002B0842,                /* 0206  gget L8 <- g43   (str) */
    0x00090541,                /* 0207  move L9 <- L5 */
    0x000801A0, 0x00010000,    /* 0208  call base=L8 argc=1 nres=1 */
    0x002B0942,                /* 020A  gget L9 <- g43   (str) */
    0x000A0641,                /* 020B  move L10 <- L6 */
    0x000901A0, 0x00010000,    /* 020C  call base=L9 argc=1 nres=1 */
    0x000A0282, 0x00080000,    /* 020E  list L10 <- L8, 2 items */
    0x00080A41,                /* 0210  move L8 <- L10 */
    0x000701A2, 0x00010001,    /* 0211  msg base=L7 argc=1 msg#1 nres=1   (append) */
    0x00260742,                /* 0213  gget L7 <- g38   (cdr) */
    0x00080341,                /* 0214  move L8 <- L3 */
    0x000701A0, 0x00010000,    /* 0215  call base=L7 argc=1 nres=1 */
    0x00030741,                /* 0217  move L3 <- L7 */
    0xFFC0004F,                /* 0218  jmp -64 */
    0x00070041,                /* 0219  move L7 <- L0 */
    0x00080003,                /* 021A  lnil L8 */
    0x00090241,                /* 021B  move L9 <- L2 */
    0x000A0004,                /* 021C  lbool L10 <- 0 */
    0x000B0003,                /* 021D  lnil L11 */
    0x000C0582, 0x00070000,    /* 021E  list L12 <- L7, 5 items */
    0x000C0102,                /* 0220  return L12 count=1 */
    0x00040745,                /* 0221  lsym L7 <- sym#4   ("all") */
    0x0008008F, 0x00010007,    /* 0222  eq L8 <- L1 == L7 */
    0x000B084B,                /* 0224  jf L8, +11 */
    0x00070041,                /* 0225  move L7 <- L0 */
    0x00080003,                /* 0226  lnil L8 */
    0x00090003,                /* 0227  lnil L9 */
    0x000A0104,                /* 0228  lbool L10 <- 1 */
    0x00260B42,                /* 0229  gget L11 <- g38   (cdr) */
    0x000C8141,                /* 022A  move L12 <- P1 */
    0x000B01A0, 0x00010000,    /* 022B  call base=L11 argc=1 nres=1 */
    0x000C0582, 0x00070000,    /* 022D  list L12 <- L7, 5 items */
    0x000C0102,                /* 022F  return L12 count=1 */
    0x00250742,                /* 0230  gget L7 <- g37   (error) */
    0x001B0846,                /* 0231  lconst L8 <- static#27   ("an import spec is (as name), (items ...) or (all ...)") */
    0x000701A0, 0x00010000,    /* 0232  call base=L7 argc=1 nres=1 */
    0x00070102,                /* 0234  return L7 count=1 */
    0x000B0042,                /* 0235  gget L0 <- g11   (_has_annotation) */
    0x00018041,                /* 0236  move L1 <- P0 */
    0x000001A0, 0x00010000,    /* 0237  call base=L0 argc=1 nres=1 */
    0x0001004A,                /* 0239  not L1 <- L0 */
    0x0002014B,                /* 023A  jf L1, +2 */
    0x00008041,                /* 023B  move L0 <- P0 */
    0x00000102,                /* 023C  return L0 count=1 */
    0x000C0042,                /* 023D  gget L0 <- g12   (_lower_annotations_) */
    0x00018041,                /* 023E  move L1 <- P0 */
    0x000001A0, 0x00010000,    /* 023F  call base=L0 argc=1 nres=1 */
    0x00000102,                /* 0241  return L0 count=1 */
    0x000B0146,                /* 0242  lconst L1 <- static#11   ("pair") */
    0x00020097, 0x80000001,    /* 0243  is L2 <- P0 is L1 */
    0x001C024B,                /* 0245  jf L2, +28 */
    0x00270142,                /* 0246  gget L1 <- g39   (car) */
    0x00028041,                /* 0247  move L2 <- P0 */
    0x000101A0, 0x00010000,    /* 0248  call base=L1 argc=1 nres=1 */
    0x00050245,                /* 024A  lsym L2 <- sym#5   ("annotate") */
    0x0003008F, 0x00010002,    /* 024B  eq L3 <- L1 == L2 */
    0x0002034B,                /* 024D  jf L3, +2 */
    0x00010104,                /* 024E  lbool L1 <- 1 */
    0x00010102,                /* 024F  return L1 count=1 */
    0x000B0242,                /* 0250  gget L2 <- g11   (_has_annotation) */
    0x00270342,                /* 0251  gget L3 <- g39   (car) */
    0x00048041,                /* 0252  move L4 <- P0 */
    0x000301A0, 0x00010000,    /* 0253  call base=L3 argc=1 nres=1 */
    0x000201A0, 0x00010000,    /* 0255  call base=L2 argc=1 nres=1 */
    0x00010241,                /* 0257  move L1 <- L2 */
    0x0008014C,                /* 0258  jt L1, +8 */
    0x000B0242,                /* 0259  gget L2 <- g11   (_has_annotation) */
    0x00260342,                /* 025A  gget L3 <- g38   (cdr) */
    0x00048041,                /* 025B  move L4 <- P0 */
    0x000301A0, 0x00010000,    /* 025C  call base=L3 argc=1 nres=1 */
    0x000201A0, 0x00010000,    /* 025E  call base=L2 argc=1 nres=1 */
    0x00010241,                /* 0260  move L1 <- L2 */
    0x00010102,                /* 0261  return L1 count=1 */
    0x001C0146,                /* 0262  lconst L1 <- static#28   ("list") */
    0x00020097, 0x80000001,    /* 0263  is L2 <- P0 is L1 */
    0x000C024B,                /* 0265  jf L2, +12 */
    0x000100AE, 0x80000000,    /* 0266  iter L1 <- P0 */
    0x000000AF, 0x00010008,    /* 0268  itnext L0 <- L1, done +8 */
    0x000B0242,                /* 026A  gget L2 <- g11   (_has_annotation) */
    0x00030041,                /* 026B  move L3 <- L0 */
    0x000201A0, 0x00010000,    /* 026C  call base=L2 argc=1 nres=1 */
    0x0002024B,                /* 026E  jf L2, +2 */
    0x00020104,                /* 026F  lbool L2 <- 1 */
    0x00020102,                /* 0270  return L2 count=1 */
    0xFFF6004F,                /* 0271  jmp -10 */
    0x00010004,                /* 0272  lbool L1 <- 0 */
    0x00010102,                /* 0273  return L1 count=1 */
    0x000B0346,                /* 0274  lconst L3 <- static#11   ("pair") */
    0x00040097, 0x80000003,    /* 0275  is L4 <- P0 is L3 */
    0x004C044B,                /* 0277  jf L4, +76 */
    0x00270442,                /* 0278  gget L4 <- g39   (car) */
    0x00058041,                /* 0279  move L5 <- P0 */
    0x000401A0, 0x00010000,    /* 027A  call base=L4 argc=1 nres=1 */
    0x00050545,                /* 027C  lsym L5 <- sym#5   ("annotate") */
    0x0003008F, 0x00040005,    /* 027D  eq L3 <- L4 == L5 */
    0x0013034B,                /* 027F  jf L3, +19 */
    0x002E0442,                /* 0280  gget L4 <- g46   (pair_length) */
    0x00058041,                /* 0281  move L5 <- P0 */
    0x000401A0, 0x00010000,    /* 0282  call base=L4 argc=1 nres=1 */
    0x00050440,                /* 0284  i8 L5 <- 4 */
    0x0003008F, 0x00040005,    /* 0285  eq L3 <- L4 == L5 */
    0x000B034B,                /* 0287  jf L3, +11 */
    0x00020542,                /* 0288  gget L5 <- g2   (_field) */
    0x00068041,                /* 0289  move L6 <- P0 */
    0x00070140,                /* 028A  i8 L7 <- 1 */
    0x000502A0, 0x00010000,    /* 028B  call base=L5 argc=2 nres=1 */
    0x00040541,                /* 028D  move L4 <- L5 */
    0x0001044E,                /* 028E  jnerr L4, +1 */
    0x00040003,                /* 028F  lnil L4 */
    0x00170546,                /* 0290  lconst L5 <- static#23   ("sym") */
    0x00030097, 0x00040005,    /* 0291  is L3 <- L4 is L5 */
    0x001E034B,                /* 0293  jf L3, +30 */
    0x000C0342,                /* 0294  gget L3 <- g12   (_lower_annotations_) */
    0x00020542,                /* 0295  gget L5 <- g2   (_field) */
    0x00068041,                /* 0296  move L6 <- P0 */
    0x00070340,                /* 0297  i8 L7 <- 3 */
    0x000502A0, 0x00010000,    /* 0298  call base=L5 argc=2 nres=1 */
    0x00040541,                /* 029A  move L4 <- L5 */
    0x0001044E,                /* 029B  jnerr L4, +1 */
    0x00040003,                /* 029C  lnil L4 */
    0x000301A0, 0x00010000,    /* 029D  call base=L3 argc=1 nres=1 */
    0x00000341,                /* 029F  move L0 <- L3 */
    0x00020442,                /* 02A0  gget L4 <- g2   (_field) */
    0x00058041,                /* 02A1  move L5 <- P0 */
    0x00060140,                /* 02A2  i8 L6 <- 1 */
    0x000402A0, 0x00010000,    /* 02A3  call base=L4 argc=2 nres=1 */
    0x00030441,                /* 02A5  move L3 <- L4 */
    0x0001034E,                /* 02A6  jnerr L3, +1 */
    0x00030003,                /* 02A7  lnil L3 */
    0x00060445,                /* 02A8  lsym L4 <- sym#6   ("template") */
    0x0005008F, 0x00030004,    /* 02A9  eq L5 <- L3 == L4 */
    0x0005054B,                /* 02AB  jf L5, +5 */
    0x00060345,                /* 02AC  lsym L3 <- sym#6   ("template") */
    0x00040041,                /* 02AD  move L4 <- L0 */
    0x00050284, 0x00030000,    /* 02AE  plist L5 <- L3, 2 items */
    0x00050102,                /* 02B0  return L5 count=1 */
    0x00000102,                /* 02B1  return L0 count=1 */
    0x002F0342,                /* 02B2  gget L3 <- g47   (cons) */
    0x000C0442,                /* 02B3  gget L4 <- g12   (_lower_annotations_) */
    0x00270542,                /* 02B4  gget L5 <- g39   (car) */
    0x00068041,                /* 02B5  move L6 <- P0 */
    0x000501A0, 0x00010000,    /* 02B6  call base=L5 argc=1 nres=1 */
    0x000401A0, 0x00010000,    /* 02B8  call base=L4 argc=1 nres=1 */
    0x000C0542,                /* 02BA  gget L5 <- g12   (_lower_annotations_) */
    0x00260642,                /* 02BB  gget L6 <- g38   (cdr) */
    0x00078041,                /* 02BC  move L7 <- P0 */
    0x000601A0, 0x00010000,    /* 02BD  call base=L6 argc=1 nres=1 */
    0x000501A0, 0x00010000,    /* 02BF  call base=L5 argc=1 nres=1 */
    0x000302A0, 0x00010000,    /* 02C1  call base=L3 argc=2 nres=1 */
    0x00030102,                /* 02C3  return L3 count=1 */
    0x001C0346,                /* 02C4  lconst L3 <- static#28   ("list") */
    0x00040097, 0x80000003,    /* 02C5  is L4 <- P0 is L3 */
    0x000F044B,                /* 02C7  jf L4, +15 */
    0x00010082, 0x00030000,    /* 02C8  list L1 <- L3, 0 items */
    0x000300AE, 0x80000000,    /* 02CA  iter L3 <- P0 */
    0x000200AF, 0x00030008,    /* 02CC  itnext L2 <- L3, done +8 */
    0x00040141,                /* 02CE  move L4 <- L1 */
    0x000C0542,                /* 02CF  gget L5 <- g12   (_lower_annotations_) */
    0x00060241,                /* 02D0  move L6 <- L2 */
    0x000501A0, 0x00010000,    /* 02D1  call base=L5 argc=1 nres=1 */
    0x000401A2, 0x00010001,    /* 02D3  msg base=L4 argc=1 msg#1 nres=1   (append) */
    0xFFF6004F,                /* 02D5  jmp -10 */
    0x00010102,                /* 02D6  return L1 count=1 */
    0x00038041,                /* 02D7  move L3 <- P0 */
    0x00030102,                /* 02D8  return L3 count=1 */
    0x00301A42,                /* 02D9  gget L26 <- g48   (check_implicit_names) */
    0x001B8041,                /* 02DA  move L27 <- P0 */
    0x001A01A0, 0x00010000,    /* 02DB  call base=L26 argc=1 nres=1 */
    0x00001A41,                /* 02DD  move L0 <- L26 */
    0x000D1A46,                /* 02DE  lconst L26 <- static#13   ("error") */
    0x001B0097, 0x0000001A,    /* 02DF  is L27 <- L0 is L26 */
    0x00011B4B,                /* 02E1  jf L27, +1 */
    0x00000102,                /* 02E2  return L0 count=1 */
    0x001A00AE, 0x80000000,    /* 02E3  iter L26 <- P0 */
    0x000100AF, 0x001A0105,    /* 02E5  itnext L1 <- L26, done +261 */
    0x002D1B42,                /* 02E7  gget L27 <- g45   (node_kind) */
    0x001C0141,                /* 02E8  move L28 <- L1 */
    0x001B01A0, 0x00010000,    /* 02E9  call base=L27 argc=1 nres=1 */
    0x00021B41,                /* 02EB  move L2 <- L27 */
    0x00071C45,                /* 02EC  lsym L28 <- sym#7   ("import") */
    0x001B008F, 0x0002001C,    /* 02ED  eq L27 <- L2 == L28 */
    0x00031B4C,                /* 02EF  jt L27, +3 */
    0x00081C45,                /* 02F0  lsym L28 <- sym#8   ("import_static") */
    0x001B008F, 0x0002001C,    /* 02F1  eq L27 <- L2 == L28 */
    0x00841B4B,                /* 02F3  jf L27, +132 */
    0x00081B42,                /* 02F4  gget L27 <- g8   (_import_shape) */
    0x001C0141,                /* 02F5  move L28 <- L1 */
    0x001B01A0, 0x00010000,    /* 02F6  call base=L27 argc=1 nres=1 */
    0x00061B41,                /* 02F8  move L6 <- L27 */
    0x000D1B46,                /* 02F9  lconst L27 <- static#13   ("error") */
    0x001C0097, 0x0006001B,    /* 02FA  is L28 <- L6 is L27 */
    0x00011C4B,                /* 02FC  jf L28, +1 */
    0x00060102,                /* 02FD  return L6 count=1 */
    0x001B0040,                /* 02FE  i8 L27 <- 0 */
    0x00070098, 0x0006001B,    /* 02FF  getidx L7 <- L6[L27] */
    0x001B8141,                /* 0301  move L27 <- P1 */
    0x001C0040,                /* 0302  i8 L28 <- 0 */
    0x001D0098, 0x0007001C,    /* 0303  getidx L29 <- L7[L28] */
    0x001C1D41,                /* 0305  move L28 <- L29 */
    0x001B01A2, 0x00020001,    /* 0306  msg base=L27 argc=1 msg#2 nres=1   (declare_global) */
    0x00081B41,                /* 0308  move L8 <- L27 */
    0x000D1B46,                /* 0309  lconst L27 <- static#13   ("error") */
    0x001C0097, 0x0008001B,    /* 030A  is L28 <- L8 is L27 */
    0x00011C4B,                /* 030C  jf L28, +1 */
    0x00080102,                /* 030D  return L8 count=1 */
    0x00090082, 0x001B0000,    /* 030E  list L9 <- L27, 0 items */
    0x001B00AE, 0x00070000,    /* 0310  iter L27 <- L7 */
    0x000A00AF, 0x001B0008,    /* 0312  itnext L10 <- L27, done +8 */
    0x001C0941,                /* 0314  move L28 <- L9 */
    0x002B1D42,                /* 0315  gget L29 <- g43   (str) */
    0x001E0A41,                /* 0316  move L30 <- L10 */
    0x001D01A0, 0x00010000,    /* 0317  call base=L29 argc=1 nres=1 */
    0x001C01A2, 0x00010001,    /* 0319  msg base=L28 argc=1 msg#1 nres=1   (append) */
    0xFFF6004F,                /* 031B  jmp -10 */
    0x001B009A, 0x8001000A,    /* 031C  getattr L27 <- P1.sym#10   ("import_paths") */
    0x002B1C42,                /* 031E  gget L28 <- g43   (str) */
    0x001D0040,                /* 031F  i8 L29 <- 0 */
    0x001E0098, 0x0007001D,    /* 0320  getidx L30 <- L7[L29] */
    0x001D1E41,                /* 0322  move L29 <- L30 */
    0x001C01A0, 0x00010000,    /* 0323  call base=L28 argc=1 nres=1 */
    0x001E0040,                /* 0325  i8 L30 <- 0 */
    0x001F0098, 0x0009001E,    /* 0326  getidx L31 <- L9[L30] */
    0x001E1F41,                /* 0328  move L30 <- L31 */
    0x001D0182, 0x001E0000,    /* 0329  list L29 <- L30, 1 items */
    0x001B0099, 0x001C001D,    /* 032B  setidx L27[L28] <- L29 */
    0x001B0340,                /* 032D  i8 L27 <- 3 */
    0x001C0098, 0x0006001B,    /* 032E  getidx L28 <- L6[L27] */
    0x001D1C4A,                /* 0330  not L29 <- L28 */
    0x00451D4B,                /* 0331  jf L29, +69 */
    0x001B0140,                /* 0332  i8 L27 <- 1 */
    0x000B0098, 0x0006001B,    /* 0333  getidx L11 <- L6[L27] */
    0x00191B46,                /* 0335  lconst L27 <- static#25   ("nil") */
    0x001C0097, 0x000B001B,    /* 0336  is L28 <- L11 is L27 */
    0x00091C4B,                /* 0338  jf L28, +9 */
    0x002A1B42,                /* 0339  gget L27 <- g42   (len) */
    0x001C0741,                /* 033A  move L28 <- L7 */
    0x001B01A0, 0x00010000,    /* 033B  call base=L27 argc=1 nres=1 */
    0x001C0140,                /* 033D  i8 L28 <- 1 */
    0x001D0086, 0x001B001C,    /* 033E  sub L29 <- L27 - L28 */
    0x000B0098, 0x0007001D,    /* 0340  getidx L11 <- L7[L29] */
    0x001B8141,                /* 0342  move L27 <- P1 */
    0x001C0B41,                /* 0343  move L28 <- L11 */
    0x001B01A2, 0x00020001,    /* 0344  msg base=L27 argc=1 msg#2 nres=1   (declare_global) */
    0x000C1B41,                /* 0346  move L12 <- L27 */
    0x000D1B46,                /* 0347  lconst L27 <- static#13   ("error") */
    0x001C0097, 0x000C001B,    /* 0348  is L28 <- L12 is L27 */
    0x00011C4B,                /* 034A  jf L28, +1 */
    0x000C0102,                /* 034B  return L12 count=1 */
    0x001B009A, 0x8001000A,    /* 034C  getattr L27 <- P1.sym#10   ("import_paths") */
    0x002B1C42,                /* 034E  gget L28 <- g43   (str) */
    0x001D0B41,                /* 034F  move L29 <- L11 */
    0x001C01A0, 0x00010000,    /* 0350  call base=L28 argc=1 nres=1 */
    0x001D0941,                /* 0352  move L29 <- L9 */
    0x001B0099, 0x001C001D,    /* 0353  setidx L27[L28] <- L29 */
    0x001B0240,                /* 0355  i8 L27 <- 2 */
    0x001C0098, 0x0006001B,    /* 0356  getidx L28 <- L6[L27] */
    0x00191D46,                /* 0358  lconst L29 <- static#25   ("nil") */
    0x001E0097, 0x001C001D,    /* 0359  is L30 <- L28 is L29 */
    0x001F1E4A,                /* 035B  not L31 <- L30 */
    0x001A1F4B,                /* 035C  jf L31, +26 */
    0x001B0240,                /* 035D  i8 L27 <- 2 */
    0x001C0098, 0x0006001B,    /* 035E  getidx L28 <- L6[L27] */
    0x001D00AE, 0x001C0000,    /* 0360  iter L29 <- L28 */
    0x000D00AF, 0x001D0013,    /* 0362  itnext L13 <- L29, done +19 */
    0x001E8141,                /* 0364  move L30 <- P1 */
    0x001F0140,                /* 0365  i8 L31 <- 1 */
    0x00200098, 0x000D001F,    /* 0366  getidx L32 <- L13[L31] */
    0x001F2041,                /* 0368  move L31 <- L32 */
    0x00200741,                /* 0369  move L32 <- L7 */
    0x00210040,                /* 036A  i8 L33 <- 0 */
    0x00220098, 0x000D0021,    /* 036B  getidx L34 <- L13[L33] */
    0x00212241,                /* 036D  move L33 <- L34 */
    0x001E03A2, 0x00030001,    /* 036E  msg base=L30 argc=3 msg#3 nres=1   (import_item) */
    0x000E1E41,                /* 0370  move L14 <- L30 */
    0x000D1E46,                /* 0371  lconst L30 <- static#13   ("error") */
    0x001F0097, 0x000E001E,    /* 0372  is L31 <- L14 is L30 */
    0x00011F4B,                /* 0374  jf L31, +1 */
    0x000E0102,                /* 0375  return L14 count=1 */
    0xFFEB004F,                /* 0376  jmp -21 */
    0x0073004F,                /* 0377  jmp +115 */
    0x000C1B45,                /* 0378  lsym L27 <- sym#12   ("class_def") */
    0x001C008F, 0x0002001B,    /* 0379  eq L28 <- L2 == L27 */
    0x00121C4B,                /* 037B  jf L28, +18 */
    0x001B8141,                /* 037C  move L27 <- P1 */
    0x00021D42,                /* 037D  gget L29 <- g2   (_field) */
    0x001E0141,                /* 037E  move L30 <- L1 */
    0x001F0140,                /* 037F  i8 L31 <- 1 */
    0x001D02A0, 0x00010000,    /* 0380  call base=L29 argc=2 nres=1 */
    0x001C1D41,                /* 0382  move L28 <- L29 */
    0x00011C4E,                /* 0383  jnerr L28, +1 */
    0x001C0003,                /* 0384  lnil L28 */
    0x001B01A2, 0x00020001,    /* 0385  msg base=L27 argc=1 msg#2 nres=1   (declare_global) */
    0x000F1B41,                /* 0387  move L15 <- L27 */
    0x000D1B46,                /* 0388  lconst L27 <- static#13   ("error") */
    0x001C0097, 0x000F001B,    /* 0389  is L28 <- L15 is L27 */
    0x00011C4B,                /* 038B  jf L28, +1 */
    0x000F0102,                /* 038C  return L15 count=1 */
    0x005D004F,                /* 038D  jmp +93 */
    0x000D1C45,                /* 038E  lsym L28 <- sym#13   ("fn_def") */
    0x001B008F, 0x0002001C,    /* 038F  eq L27 <- L2 == L28 */
    0x00031B4C,                /* 0391  jt L27, +3 */
    0x000E1C45,                /* 0392  lsym L28 <- sym#14   ("co_def") */
    0x001B008F, 0x0002001C,    /* 0393  eq L27 <- L2 == L28 */
    0x001E1B4B,                /* 0395  jf L27, +30 */
    0x00021C42,                /* 0396  gget L28 <- g2   (_field) */
    0x001D0141,                /* 0397  move L29 <- L1 */
    0x001E0240,                /* 0398  i8 L30 <- 2 */
    0x001C02A0, 0x00010000,    /* 0399  call base=L28 argc=2 nres=1 */
    0x001B1C41,                /* 039B  move L27 <- L28 */
    0x00011B4E,                /* 039C  jnerr L27, +1 */
    0x001B0003,                /* 039D  lnil L27 */
    0x00191C46,                /* 039E  lconst L28 <- static#25   ("nil") */
    0x001D0097, 0x001B001C,    /* 039F  is L29 <- L27 is L28 */
    0x00111D4B,                /* 03A1  jf L29, +17 */
    0x001B8141,                /* 03A2  move L27 <- P1 */
    0x00021D42,                /* 03A3  gget L29 <- g2   (_field) */
    0x001E0141,                /* 03A4  move L30 <- L1 */
    0x001F0140,                /* 03A5  i8 L31 <- 1 */
    0x001D02A0, 0x00010000,    /* 03A6  call base=L29 argc=2 nres=1 */
    0x001C1D41,                /* 03A8  move L28 <- L29 */
    0x00011C4E,                /* 03A9  jnerr L28, +1 */
    0x001C0003,                /* 03AA  lnil L28 */
    0x001B01A2, 0x00020001,    /* 03AB  msg base=L27 argc=1 msg#2 nres=1   (declare_global) */
    0x00101B41,                /* 03AD  move L16 <- L27 */
    0x000D1B46,                /* 03AE  lconst L27 <- static#13   ("error") */
    0x001C0097, 0x0010001B,    /* 03AF  is L28 <- L16 is L27 */
    0x00011C4B,                /* 03B1  jf L28, +1 */
    0x00100102,                /* 03B2  return L16 count=1 */
    0x0037004F,                /* 03B3  jmp +55 */
    0x00061B45,                /* 03B4  lsym L27 <- sym#6   ("template") */
    0x001C008F, 0x0002001B,    /* 03B5  eq L28 <- L2 == L27 */
    0x00331C4B,                /* 03B7  jf L28, +51 */
    0x00021B42,                /* 03B8  gget L27 <- g2   (_field) */
    0x001C0141,                /* 03B9  move L28 <- L1 */
    0x001D0140,                /* 03BA  i8 L29 <- 1 */
    0x001B02A0, 0x00010000,    /* 03BB  call base=L27 argc=2 nres=1 */
    0x00111B41,                /* 03BD  move L17 <- L27 */
    0x0001114E,                /* 03BE  jnerr L17, +1 */
    0x00110003,                /* 03BF  lnil L17 */
    0x002D1B42,                /* 03C0  gget L27 <- g45   (node_kind) */
    0x001C1141,                /* 03C1  move L28 <- L17 */
    0x001B01A0, 0x00010000,    /* 03C2  call base=L27 argc=1 nres=1 */
    0x00121B41,                /* 03C4  move L18 <- L27 */
    0x000D1C45,                /* 03C5  lsym L28 <- sym#13   ("fn_def") */
    0x001B008F, 0x0012001C,    /* 03C6  eq L27 <- L18 == L28 */
    0x00031B4C,                /* 03C8  jt L27, +3 */
    0x000E1C45,                /* 03C9  lsym L28 <- sym#14   ("co_def") */
    0x001B008F, 0x0012001C,    /* 03CA  eq L27 <- L18 == L28 */
    0x001E1B4B,                /* 03CC  jf L27, +30 */
    0x00021C42,                /* 03CD  gget L28 <- g2   (_field) */
    0x001D1141,                /* 03CE  move L29 <- L17 */
    0x001E0240,                /* 03CF  i8 L30 <- 2 */
    0x001C02A0, 0x00010000,    /* 03D0  call base=L28 argc=2 nres=1 */
    0x001B1C41,                /* 03D2  move L27 <- L28 */
    0x00011B4E,                /* 03D3  jnerr L27, +1 */
    0x001B0003,                /* 03D4  lnil L27 */
    0x00191C46,                /* 03D5  lconst L28 <- static#25   ("nil") */
    0x001D0097, 0x001B001C,    /* 03D6  is L29 <- L27 is L28 */
    0x00121D4B,                /* 03D8  jf L29, +18 */
    0x00021B42,                /* 03D9  gget L27 <- g2   (_field) */
    0x001C1141,                /* 03DA  move L28 <- L17 */
    0x001D0140,                /* 03DB  i8 L29 <- 1 */
    0x001B02A0, 0x00010000,    /* 03DC  call base=L27 argc=2 nres=1 */
    0x00131B41,                /* 03DE  move L19 <- L27 */
    0x0001134E,                /* 03DF  jnerr L19, +1 */
    0x00130003,                /* 03E0  lnil L19 */
    0x001B8141,                /* 03E1  move L27 <- P1 */
    0x001C1341,                /* 03E2  move L28 <- L19 */
    0x001B01A2, 0x00020001,    /* 03E3  msg base=L27 argc=1 msg#2 nres=1   (declare_global) */
    0x00141B41,                /* 03E5  move L20 <- L27 */
    0x000D1B46,                /* 03E6  lconst L27 <- static#13   ("error") */
    0x001C0097, 0x0014001B,    /* 03E7  is L28 <- L20 is L27 */
    0x00011C4B,                /* 03E9  jf L28, +1 */
    0x00140102,                /* 03EA  return L20 count=1 */
    0xFEF9004F,                /* 03EB  jmp -263 */
    0x00311A42,                /* 03EC  gget L26 <- g49   (own_declared_names) */
    0x001B8041,                /* 03ED  move L27 <- P0 */
    0x001A01A0, 0x00010000,    /* 03EE  call base=L26 argc=1 nres=1 */
    0x001B00AE, 0x001A0000,    /* 03F0  iter L27 <- L26 */
    0x001800AF, 0x001B000B,    /* 03F2  itnext L24 <- L27, done +11 */
    0x001C8141,                /* 03F4  move L28 <- P1 */
    0x001D1841,                /* 03F5  move L29 <- L24 */
    0x001C01A2, 0x00020001,    /* 03F6  msg base=L28 argc=1 msg#2 nres=1   (declare_global) */
    0x00191C41,                /* 03F8  move L25 <- L28 */
    0x000D1C46,                /* 03F9  lconst L28 <- static#13   ("error") */
    0x001D0097, 0x0019001C,    /* 03FA  is L29 <- L25 is L28 */
    0x00011D4B,                /* 03FC  jf L29, +1 */
    0x00190102,                /* 03FD  return L25 count=1 */
    0xFFF3004F,                /* 03FE  jmp -13 */
    0x001A0003,                /* 03FF  lnil L26 */
    0x001A0102,                /* 0400  return L26 count=1 */
    0x00320442,                /* 0401  gget L4 <- g50   (walk_all_body) */
    0x00058041,                /* 0402  move L5 <- P0 */
    0x000401A0, 0x00010000,    /* 0403  call base=L4 argc=1 nres=1 */
    0x000500AE, 0x00040000,    /* 0405  iter L5 <- L4 */
    0x000000AF, 0x00050040,    /* 0407  itnext L0 <- L5, done +64 */
    0x002D0642,                /* 0409  gget L6 <- g45   (node_kind) */
    0x00070041,                /* 040A  move L7 <- L0 */
    0x000601A0, 0x00010000,    /* 040B  call base=L6 argc=1 nres=1 */
    0x00010641,                /* 040D  move L1 <- L6 */
    0x00060645,                /* 040E  lsym L6 <- sym#6   ("template") */
    0x0007008F, 0x00010006,    /* 040F  eq L7 <- L1 == L6 */
    0x000D074B,                /* 0411  jf L7, +13 */
    0x00020642,                /* 0412  gget L6 <- g2   (_field) */
    0x00070041,                /* 0413  move L7 <- L0 */
    0x00080140,                /* 0414  i8 L8 <- 1 */
    0x000602A0, 0x00010000,    /* 0415  call base=L6 argc=2 nres=1 */
    0x00000641,                /* 0417  move L0 <- L6 */
    0x0001004E,                /* 0418  jnerr L0, +1 */
    0x00000003,                /* 0419  lnil L0 */
    0x002D0642,                /* 041A  gget L6 <- g45   (node_kind) */
    0x00070041,                /* 041B  move L7 <- L0 */
    0x000601A0, 0x00010000,    /* 041C  call base=L6 argc=1 nres=1 */
    0x00010641,                /* 041E  move L1 <- L6 */
    0x000D0745,                /* 041F  lsym L7 <- sym#13   ("fn_def") */
    0x0006008F, 0x00010007,    /* 0420  eq L6 <- L1 == L7 */
    0x0007064C,                /* 0422  jt L6, +7 */
    0x000E0745,                /* 0423  lsym L7 <- sym#14   ("co_def") */
    0x0006008F, 0x00010007,    /* 0424  eq L6 <- L1 == L7 */
    0x0003064C,                /* 0426  jt L6, +3 */
    0x000C0745,                /* 0427  lsym L7 <- sym#12   ("class_def") */
    0x0006008F, 0x00010007,    /* 0428  eq L6 <- L1 == L7 */
    0x001D064B,                /* 042A  jf L6, +29 */
    0x00020642,                /* 042B  gget L6 <- g2   (_field) */
    0x00070041,                /* 042C  move L7 <- L0 */
    0x00080140,                /* 042D  i8 L8 <- 1 */
    0x000602A0, 0x00010000,    /* 042E  call base=L6 argc=2 nres=1 */
    0x00020641,                /* 0430  move L2 <- L6 */
    0x0001024E,                /* 0431  jnerr L2, +1 */
    0x00020003,                /* 0432  lnil L2 */
    0x00190646,                /* 0433  lconst L6 <- static#25   ("nil") */
    0x00070097, 0x00020006,    /* 0434  is L7 <- L2 is L6 */
    0x0008074A,                /* 0436  not L8 <- L7 */
    0x0010084B,                /* 0437  jf L8, +16 */
    0x002B0642,                /* 0438  gget L6 <- g43   (str) */
    0x00070241,                /* 0439  move L7 <- L2 */
    0x000601A0, 0x00010000,    /* 043A  call base=L6 argc=1 nres=1 */
    0x00030641,                /* 043C  move L3 <- L6 */
    0x0006009A, 0x8001000F,    /* 043D  getattr L6 <- P1.sym#15   ("definitions") */
    0x00070096, 0x00030006,    /* 043F  in L7 <- L3 in L6 */
    0x0008074A,                /* 0441  not L8 <- L7 */
    0x0005084B,                /* 0442  jf L8, +5 */
    0x0006009A, 0x8001000F,    /* 0443  getattr L6 <- P1.sym#15   ("definitions") */
    0x00070041,                /* 0445  move L7 <- L0 */
    0x00060099, 0x00030007,    /* 0446  setidx L6[L3] <- L7 */
    0xFFBE004F,                /* 0448  jmp -66 */
    0x00040003,                /* 0449  lnil L4 */
    0x00040102,                /* 044A  return L4 count=1 */
    0x0000009A, 0x80030010,    /* 044B  getattr L0 <- P3.sym#16   ("init_ctx") */
    0x000D0041,                /* 044D  move L13 <- L0 */
    0x000D00A2, 0x00040001,    /* 044E  msg base=L13 argc=0 msg#4 nres=1   (mark) */
    0x00010D41,                /* 0450  move L1 <- L13 */
    0x000D0041,                /* 0451  move L13 <- L0 */
    0x000D00A2, 0x00050001,    /* 0452  msg base=L13 argc=0 msg#5 nres=1   (push) */
    0x00020D41,                /* 0454  move L2 <- L13 */
    0x000D0D46,                /* 0455  lconst L13 <- static#13   ("error") */
    0x000E0097, 0x0002000D,    /* 0456  is L14 <- L2 is L13 */
    0x00010E4B,                /* 0458  jf L14, +1 */
    0x00020102,                /* 0459  return L2 count=1 */
    0x00030140,                /* 045A  i8 L3 <- 1 */
    0x002A0D42,                /* 045B  gget L13 <- g42   (len) */
    0x000E8041,                /* 045C  move L14 <- P0 */
    0x000D01A0, 0x00010000,    /* 045D  call base=L13 argc=1 nres=1 */
    0x00040D41,                /* 045F  move L4 <- L13 */
    0x000D0092, 0x00030004,    /* 0460  le L13 <- L3 <= L4 */
    0x004F0D4B,                /* 0462  jf L13, +79 */
    0x00050D42,                /* 0463  gget L13 <- g5   (_join_path) */
    0x00060E42,                /* 0464  gget L14 <- g6   (_prefix) */
    0x000F8041,                /* 0465  move L15 <- P0 */
    0x00100341,                /* 0466  move L16 <- L3 */
    0x000E02A0, 0x00010000,    /* 0467  call base=L14 argc=2 nres=1 */
    0x000D01A0, 0x00010000,    /* 0469  call base=L13 argc=1 nres=1 */
    0x00050D41,                /* 046B  move L5 <- L13 */
    0x000D0091, 0x00030004,    /* 046C  lt L13 <- L3 < L4 */
    0x00030D4B,                /* 046E  jf L13, +3 */
    0x00160D46,                /* 046F  lconst L13 <- static#22   ("::") */
    0x00050085, 0x0005000D,    /* 0470  add L5 <- L5 + L13 */
    0x000D009A, 0x80030014,    /* 0472  getattr L13 <- P3.sym#20   ("image") */
    0x000E0541,                /* 0474  move L14 <- L5 */
    0x000D01A2, 0x00060001,    /* 0475  msg base=L13 argc=1 msg#6 nres=1   (add_static) */
    0x00060D41,                /* 0477  move L6 <- L13 */
    0x000D0D46,                /* 0478  lconst L13 <- static#13   ("error") */
    0x000E0097, 0x0006000D,    /* 0479  is L14 <- L6 is L13 */
    0x00010E4B,                /* 047B  jf L14, +1 */
    0x00060102,                /* 047C  return L6 count=1 */
    0x00040D42,                /* 047D  gget L13 <- g4   (_emit_pairable) */
    0x000E0041,                /* 047E  move L14 <- L0 */
    0x00070F45,                /* 047F  lsym L15 <- sym#7   ("import") */
    0x00100641,                /* 0480  move L16 <- L6 */
    0x00110241,                /* 0481  move L17 <- L2 */
    0x000D04A0, 0x00010000,    /* 0482  call base=L13 argc=4 nres=1 */
    0x00070D41,                /* 0484  move L7 <- L13 */
    0x000D0D46,                /* 0485  lconst L13 <- static#13   ("error") */
    0x000E0097, 0x0007000D,    /* 0486  is L14 <- L7 is L13 */
    0x00010E4B,                /* 0488  jf L14, +1 */
    0x00070102,                /* 0489  return L7 count=1 */
    0x000E0140,                /* 048A  i8 L14 <- 1 */
    0x000D008F, 0x0003000E,    /* 048B  eq L13 <- L3 == L14 */
    0x00050D4B,                /* 048D  jf L13, +5 */
    0x000E0140,                /* 048E  i8 L14 <- 1 */
    0x000D0093, 0x0004000E,    /* 048F  gt L13 <- L4 > L14 */
    0x00010D4C,                /* 0491  jt L13, +1 */
    0x000D824A,                /* 0492  not L13 <- P2 */
    0x001A0D4B,                /* 0493  jf L13, +26 */
    0x000D8341,                /* 0494  move L13 <- P3 */
    0x000E0040,                /* 0495  i8 L14 <- 0 */
    0x000F0098, 0x8000000E,    /* 0496  getidx L15 <- P0[L14] */
    0x000E0F41,                /* 0498  move L14 <- L15 */
    0x000D01A2, 0x00070001,    /* 0499  msg base=L13 argc=1 msg#7 nres=1   (global_index) */
    0x00080D41,                /* 049B  move L8 <- L13 */
    0x000D0D46,                /* 049C  lconst L13 <- static#13   ("error") */
    0x000E0097, 0x0008000D,    /* 049D  is L14 <- L8 is L13 */
    0x00010E4B,                /* 049F  jf L14, +1 */
    0x00080102,                /* 04A0  return L8 count=1 */
    0x00040D42,                /* 04A1  gget L13 <- g4   (_emit_pairable) */
    0x000E0041,                /* 04A2  move L14 <- L0 */
    0x00160F45,                /* 04A3  lsym L15 <- sym#22   ("gset") */
    0x00100841,                /* 04A4  move L16 <- L8 */
    0x00110241,                /* 04A5  move L17 <- L2 */
    0x000D04A0, 0x00010000,    /* 04A6  call base=L13 argc=4 nres=1 */
    0x00090D41,                /* 04A8  move L9 <- L13 */
    0x000D0D46,                /* 04A9  lconst L13 <- static#13   ("error") */
    0x000E0097, 0x0009000D,    /* 04AA  is L14 <- L9 is L13 */
    0x00010E4B,                /* 04AC  jf L14, +1 */
    0x00090102,                /* 04AD  return L9 count=1 */
    0x000D0140,                /* 04AE  i8 L13 <- 1 */
    0x00030085, 0x0003000D,    /* 04AF  add L3 <- L3 + L13 */
    0xFFAE004F,                /* 04B1  jmp -82 */
    0x0021824B,                /* 04B2  jf P2, +33 */
    0x000A8141,                /* 04B3  move L10 <- P1 */
    0x00190D46,                /* 04B4  lconst L13 <- static#25   ("nil") */
    0x000E0097, 0x000A000D,    /* 04B5  is L14 <- L10 is L13 */
    0x00050E4B,                /* 04B7  jf L14, +5 */
    0x000D0140,                /* 04B8  i8 L13 <- 1 */
    0x000E0086, 0x0004000D,    /* 04B9  sub L14 <- L4 - L13 */
    0x000A0098, 0x8000000E,    /* 04BB  getidx L10 <- P0[L14] */
    0x000D8341,                /* 04BD  move L13 <- P3 */
    0x000E0A41,                /* 04BE  move L14 <- L10 */
    0x000D01A2, 0x00070001,    /* 04BF  msg base=L13 argc=1 msg#7 nres=1   (global_index) */
    0x000B0D41,                /* 04C1  move L11 <- L13 */
    0x000D0D46,                /* 04C2  lconst L13 <- static#13   ("error") */
    0x000E0097, 0x000B000D,    /* 04C3  is L14 <- L11 is L13 */
    0x00010E4B,                /* 04C5  jf L14, +1 */
    0x000B0102,                /* 04C6  return L11 count=1 */
    0x00040D42,                /* 04C7  gget L13 <- g4   (_emit_pairable) */
    0x000E0041,                /* 04C8  move L14 <- L0 */
    0x00160F45,                /* 04C9  lsym L15 <- sym#22   ("gset") */
    0x00100B41,                /* 04CA  move L16 <- L11 */
    0x00110241,                /* 04CB  move L17 <- L2 */
    0x000D04A0, 0x00010000,    /* 04CC  call base=L13 argc=4 nres=1 */
    0x000C0D41,                /* 04CE  move L12 <- L13 */
    0x000D0D46,                /* 04CF  lconst L13 <- static#13   ("error") */
    0x000E0097, 0x000C000D,    /* 04D0  is L14 <- L12 is L13 */
    0x00010E4B,                /* 04D2  jf L14, +1 */
    0x000C0102,                /* 04D3  return L12 count=1 */
    0x000D0041,                /* 04D4  move L13 <- L0 */
    0x000E0141,                /* 04D5  move L14 <- L1 */
    0x000D01A2, 0x00080001,    /* 04D6  msg base=L13 argc=1 msg#8 nres=1   (free_to) */
    0x000D0102,                /* 04D8  return L13 count=1 */
    0x0000009A, 0x80020010,    /* 04D9  getattr L0 <- P2.sym#16   ("init_ctx") */
    0x000F0C42,                /* 04DB  gget L12 <- g15   (_import_module) */
    0x000D8041,                /* 04DC  move L13 <- P0 */
    0x000E0003,                /* 04DD  lnil L14 */
    0x000F0004,                /* 04DE  lbool L15 <- 0 */
    0x00108241,                /* 04DF  move L16 <- P2 */
    0x000C04A0, 0x00010000,    /* 04E0  call base=L12 argc=4 nres=1 */
    0x00010C41,                /* 04E2  move L1 <- L12 */
    0x000D0C46,                /* 04E3  lconst L12 <- static#13   ("error") */
    0x000D0097, 0x0001000C,    /* 04E4  is L13 <- L1 is L12 */
    0x00010D4B,                /* 04E6  jf L13, +1 */
    0x00010102,                /* 04E7  return L1 count=1 */
    0x000C009A, 0x80020014,    /* 04E8  getattr L12 <- P2.sym#20   ("image") */
    0x00050D42,                /* 04EA  gget L13 <- g5   (_join_path) */
    0x000E8041,                /* 04EB  move L14 <- P0 */
    0x000D01A0, 0x00010000,    /* 04EC  call base=L13 argc=1 nres=1 */
    0x000C01A2, 0x00060001,    /* 04EE  msg base=L12 argc=1 msg#6 nres=1   (add_static) */
    0x00020C41,                /* 04F0  move L2 <- L12 */
    0x000D0C46,                /* 04F1  lconst L12 <- static#13   ("error") */
    0x000D0097, 0x0002000C,    /* 04F2  is L13 <- L2 is L12 */
    0x00010D4B,                /* 04F4  jf L13, +1 */
    0x00020102,                /* 04F5  return L2 count=1 */
    0x000C0041,                /* 04F6  move L12 <- L0 */
    0x000C00A2, 0x00040001,    /* 04F7  msg base=L12 argc=0 msg#4 nres=1   (mark) */
    0x00030C41,                /* 04F9  move L3 <- L12 */
    0x00040082, 0x000C0000,    /* 04FA  list L4 <- L12, 0 items */
    0x00190C46,                /* 04FC  lconst L12 <- static#25   ("nil") */
    0x000D0097, 0x8001000C,    /* 04FD  is L13 <- P1 is L12 */
    0x000E0D4A,                /* 04FF  not L14 <- L13 */
    0x00150E4B,                /* 0500  jf L14, +21 */
    0x00078141,                /* 0501  move L7 <- P1 */
    0x000B0C46,                /* 0502  lconst L12 <- static#11   ("pair") */
    0x000D0097, 0x0007000C,    /* 0503  is L13 <- L7 is L12 */
    0x00100D4B,                /* 0505  jf L13, +16 */
    0x000C0441,                /* 0506  move L12 <- L4 */
    0x002B0D42,                /* 0507  gget L13 <- g43   (str) */
    0x00270E42,                /* 0508  gget L14 <- g39   (car) */
    0x000F0741,                /* 0509  move L15 <- L7 */
    0x000E01A0, 0x00010000,    /* 050A  call base=L14 argc=1 nres=1 */
    0x000D01A0, 0x00010000,    /* 050C  call base=L13 argc=1 nres=1 */
    0x000C01A2, 0x00010001,    /* 050E  msg base=L12 argc=1 msg#1 nres=1   (append) */
    0x00260C42,                /* 0510  gget L12 <- g38   (cdr) */
    0x000D0741,                /* 0511  move L13 <- L7 */
    0x000C01A0, 0x00010000,    /* 0512  call base=L12 argc=1 nres=1 */
    0x00070C41,                /* 0514  move L7 <- L12 */
    0xFFEC004F,                /* 0515  jmp -20 */
    0x000C00AE, 0x00040000,    /* 0516  iter L12 <- L4 */
    0x000800AF, 0x000C0022,    /* 0518  itnext L8 <- L12, done +34 */
    0x000D009A, 0x80020014,    /* 051A  getattr L13 <- P2.sym#20   ("image") */
    0x000E0841,                /* 051C  move L14 <- L8 */
    0x000D01A2, 0x00090001,    /* 051D  msg base=L13 argc=1 msg#9 nres=1   (add_symbol) */
    0x00090D41,                /* 051F  move L9 <- L13 */
    0x000D0D46,                /* 0520  lconst L13 <- static#13   ("error") */
    0x000E0097, 0x0009000D,    /* 0521  is L14 <- L9 is L13 */
    0x00010E4B,                /* 0523  jf L14, +1 */
    0x00090102,                /* 0524  return L9 count=1 */
    0x000D0041,                /* 0525  move L13 <- L0 */
    0x000D00A2, 0x00050001,    /* 0526  msg base=L13 argc=0 msg#5 nres=1   (push) */
    0x000A0D41,                /* 0528  move L10 <- L13 */
    0x000D0D46,                /* 0529  lconst L13 <- static#13   ("error") */
    0x000E0097, 0x000A000D,    /* 052A  is L14 <- L10 is L13 */
    0x00010E4B,                /* 052C  jf L14, +1 */
    0x000A0102,                /* 052D  return L10 count=1 */
    0x00040D42,                /* 052E  gget L13 <- g4   (_emit_pairable) */
    0x000E0041,                /* 052F  move L14 <- L0 */
    0x00190F45,                /* 0530  lsym L15 <- sym#25   ("lsym") */
    0x00100941,                /* 0531  move L16 <- L9 */
    0x00110A41,                /* 0532  move L17 <- L10 */
    0x000D04A0, 0x00010000,    /* 0533  call base=L13 argc=4 nres=1 */
    0x000B0D41,                /* 0535  move L11 <- L13 */
    0x000D0D46,                /* 0536  lconst L13 <- static#13   ("error") */
    0x000E0097, 0x000B000D,    /* 0537  is L14 <- L11 is L13 */
    0x00010E4B,                /* 0539  jf L14, +1 */
    0x000B0102,                /* 053A  return L11 count=1 */
    0xFFDC004F,                /* 053B  jmp -36 */
    0x000C0041,                /* 053C  move L12 <- L0 */
    0x000C00A2, 0x00040001,    /* 053D  msg base=L12 argc=0 msg#4 nres=1   (mark) */
    0x00050C41,                /* 053F  move L5 <- L12 */
    0x00030C42,                /* 0540  gget L12 <- g3   (_emit_pack) */
    0x000F0041,                /* 0541  move L15 <- L0 */
    0x001A1045,                /* 0542  lsym L16 <- sym#26   ("import_star") */
    0x00110281, 0x000F0000,    /* 0543  tuple L17 <- L15, 2 items */
    0x000D1141,                /* 0545  move L13 <- L17 */
    0x00100F46,                /* 0546  lconst L15 <- static#16   ("f") */
    0x002A1042,                /* 0547  gget L16 <- g42   (len) */
    0x00110441,                /* 0548  move L17 <- L4 */
    0x001001A0, 0x00010000,    /* 0549  call base=L16 argc=1 nres=1 */
    0x00111146,                /* 054B  lconst L17 <- static#17   ("a0") */
    0x00120241,                /* 054C  move L18 <- L2 */
    0x00121346,                /* 054D  lconst L19 <- static#18   ("a1") */
    0x00331442,                /* 054E  gget L20 <- g51   (L) */
    0x00150541,                /* 054F  move L21 <- L5 */
    0x001401A0, 0x00010000,    /* 0550  call base=L20 argc=1 nres=1 */
    0x00150383, 0x000F0000,    /* 0552  dict L21 <- L15, 3 pairs */
    0x000E1541,                /* 0554  move L14 <- L21 */
    0x000C00A1, 0x00010000,    /* 0555  call_va base=L12 nres=1 */
    0x00060C41,                /* 0557  move L6 <- L12 */
    0x000D0C46,                /* 0558  lconst L12 <- static#13   ("error") */
    0x000D0097, 0x0006000C,    /* 0559  is L13 <- L6 is L12 */
    0x00010D4B,                /* 055B  jf L13, +1 */
    0x00060102,                /* 055C  return L6 count=1 */
    0x000C0104,                /* 055D  lbool L12 <- 1 */
    0x8002009B, 0x001B000C,    /* 055E  setattr P2.sym#27 <- L12   ("has_wildcard_import") */
    0x000C0041,                /* 0560  move L12 <- L0 */
    0x000D0341,                /* 0561  move L13 <- L3 */
    0x000C01A2, 0x00080001,    /* 0562  msg base=L12 argc=1 msg#8 nres=1   (free_to) */
    0x000C0102,                /* 0564  return L12 count=1 */
    0x00000082, 0x000B0000,    /* 0565  list L0 <- L11, 0 items */
    0x000B00AE, 0x80000000,    /* 0567  iter L11 <- P0 */
    0x000100AF, 0x000B0043,    /* 0569  itnext L1 <- L11, done +67 */
    0x002D0C42,                /* 056B  gget L12 <- g45   (node_kind) */
    0x000D0141,                /* 056C  move L13 <- L1 */
    0x000C01A0, 0x00010000,    /* 056D  call base=L12 argc=1 nres=1 */
    0x00020C41,                /* 056F  move L2 <- L12 */
    0x00070D45,                /* 0570  lsym L13 <- sym#7   ("import") */
    0x000C0090, 0x0002000D,    /* 0571  ne L12 <- L2 != L13 */
    0x00030C4B,                /* 0573  jf L12, +3 */
    0x00080D45,                /* 0574  lsym L13 <- sym#8   ("import_static") */
    0x000C0090, 0x0002000D,    /* 0575  ne L12 <- L2 != L13 */
    0x00010C4B,                /* 0577  jf L12, +1 */
    0xFFF0004F,                /* 0578  jmp -16 */
    0x00080C42,                /* 0579  gget L12 <- g8   (_import_shape) */
    0x000D0141,                /* 057A  move L13 <- L1 */
    0x000C01A0, 0x00010000,    /* 057B  call base=L12 argc=1 nres=1 */
    0x00030C41,                /* 057D  move L3 <- L12 */
    0x000D0C46,                /* 057E  lconst L12 <- static#13   ("error") */
    0x000D0097, 0x0003000C,    /* 057F  is L13 <- L3 is L12 */
    0x00010D4B,                /* 0581  jf L13, +1 */
    0x00030102,                /* 0582  return L3 count=1 */
    0x000C0040,                /* 0583  i8 L12 <- 0 */
    0x00040098, 0x0003000C,    /* 0584  getidx L4 <- L3[L12] */
    0x000C0140,                /* 0586  i8 L12 <- 1 */
    0x00050098, 0x0003000C,    /* 0587  getidx L5 <- L3[L12] */
    0x000C0240,                /* 0589  i8 L12 <- 2 */
    0x00060098, 0x0003000C,    /* 058A  getidx L6 <- L3[L12] */
    0x000C0340,                /* 058C  i8 L12 <- 3 */
    0x00070098, 0x0003000C,    /* 058D  getidx L7 <- L3[L12] */
    0x000C0440,                /* 058F  i8 L12 <- 4 */
    0x00080098, 0x0003000C,    /* 0590  getidx L8 <- L3[L12] */
    0x000D074B,                /* 0592  jf L7, +13 */
    0x00100C42,                /* 0593  gget L12 <- g16   (_import_star) */
    0x000D0441,                /* 0594  move L13 <- L4 */
    0x000E0841,                /* 0595  move L14 <- L8 */
    0x000F8141,                /* 0596  move L15 <- P1 */
    0x000C03A0, 0x00010000,    /* 0597  call base=L12 argc=3 nres=1 */
    0x000A0C41,                /* 0599  move L10 <- L12 */
    0x000D0C46,                /* 059A  lconst L12 <- static#13   ("error") */
    0x000D0097, 0x000A000C,    /* 059B  is L13 <- L10 is L12 */
    0x00010D4B,                /* 059D  jf L13, +1 */
    0x000A0102,                /* 059E  return L10 count=1 */
    0xFFC9004F,                /* 059F  jmp -55 */
    0x000F0C42,                /* 05A0  gget L12 <- g15   (_import_module) */
    0x000D0441,                /* 05A1  move L13 <- L4 */
    0x000E0541,                /* 05A2  move L14 <- L5 */
    0x000F0104,                /* 05A3  lbool L15 <- 1 */
    0x00108141,                /* 05A4  move L16 <- P1 */
    0x000C04A0, 0x00010000,    /* 05A5  call base=L12 argc=4 nres=1 */
    0x00090C41,                /* 05A7  move L9 <- L12 */
    0x000D0C46,                /* 05A8  lconst L12 <- static#13   ("error") */
    0x000D0097, 0x0009000C,    /* 05A9  is L13 <- L9 is L12 */
    0x00010D4B,                /* 05AB  jf L13, +1 */
    0x00090102,                /* 05AC  return L9 count=1 */
    0xFFBB004F,                /* 05AD  jmp -69 */
    0x00000102,                /* 05AE  return L0 count=1 */
    0x0000009A, 0x80010010,    /* 05AF  getattr L0 <- P1.sym#16   ("init_ctx") */
    0x000C00AE, 0x80000000,    /* 05B1  iter L12 <- P0 */
    0x000100AF, 0x000C0061,    /* 05B3  itnext L1 <- L12, done +97 */
    0x000D0040,                /* 05B5  i8 L13 <- 0 */
    0x00020098, 0x0001000D,    /* 05B6  getidx L2 <- L1[L13] */
    0x00030082, 0x000D0000,    /* 05B8  list L3 <- L13, 0 items */
    0x000D00AE, 0x00020000,    /* 05BA  iter L13 <- L2 */
    0x000B00AF, 0x000D0005,    /* 05BC  itnext L11 <- L13, done +5 */
    0x000E0341,                /* 05BE  move L14 <- L3 */
    0x000F0B41,                /* 05BF  move L15 <- L11 */
    0x000E01A2, 0x00010001,    /* 05C0  msg base=L14 argc=1 msg#1 nres=1   (append) */
    0xFFF9004F,                /* 05C2  jmp -7 */
    0x000D0341,                /* 05C3  move L13 <- L3 */
    0x000E0140,                /* 05C4  i8 L14 <- 1 */
    0x000F0098, 0x0001000E,    /* 05C5  getidx L15 <- L1[L14] */
    0x000E0F41,                /* 05C7  move L14 <- L15 */
    0x000D01A2, 0x00010001,    /* 05C8  msg base=L13 argc=1 msg#1 nres=1   (append) */
    0x000D8141,                /* 05CA  move L13 <- P1 */
    0x00050E42,                /* 05CB  gget L14 <- g5   (_join_path) */
    0x000F0341,                /* 05CC  move L15 <- L3 */
    0x000E01A0, 0x00010000,    /* 05CD  call base=L14 argc=1 nres=1 */
    0x000D01A2, 0x000A0001,    /* 05CF  msg base=L13 argc=1 msg#10 nres=1   (declare_free_global) */
    0x00040D41,                /* 05D1  move L4 <- L13 */
    0x000D0D46,                /* 05D2  lconst L13 <- static#13   ("error") */
    0x000E0097, 0x0004000D,    /* 05D3  is L14 <- L4 is L13 */
    0x00010E4B,                /* 05D5  jf L14, +1 */
    0x00040102,                /* 05D6  return L4 count=1 */
    0x000D8141,                /* 05D7  move L13 <- P1 */
    0x000E0240,                /* 05D8  i8 L14 <- 2 */
    0x000F0098, 0x0001000E,    /* 05D9  getidx L15 <- L1[L14] */
    0x000E0F41,                /* 05DB  move L14 <- L15 */
    0x000D01A2, 0x00070001,    /* 05DC  msg base=L13 argc=1 msg#7 nres=1   (global_index) */
    0x00050D41,                /* 05DE  move L5 <- L13 */
    0x000D0D46,                /* 05DF  lconst L13 <- static#13   ("error") */
    0x000E0097, 0x0005000D,    /* 05E0  is L14 <- L5 is L13 */
    0x00010E4B,                /* 05E2  jf L14, +1 */
    0x00050102,                /* 05E3  return L5 count=1 */
    0x000D0041,                /* 05E4  move L13 <- L0 */
    0x000D00A2, 0x00040001,    /* 05E5  msg base=L13 argc=0 msg#4 nres=1   (mark) */
    0x00060D41,                /* 05E7  move L6 <- L13 */
    0x000D0041,                /* 05E8  move L13 <- L0 */
    0x000D00A2, 0x00050001,    /* 05E9  msg base=L13 argc=0 msg#5 nres=1   (push) */
    0x00070D41,                /* 05EB  move L7 <- L13 */
    0x000D0D46,                /* 05EC  lconst L13 <- static#13   ("error") */
    0x000E0097, 0x0007000D,    /* 05ED  is L14 <- L7 is L13 */
    0x00010E4B,                /* 05EF  jf L14, +1 */
    0x00070102,                /* 05F0  return L7 count=1 */
    0x00040D42,                /* 05F1  gget L13 <- g4   (_emit_pairable) */
    0x000E0041,                /* 05F2  move L14 <- L0 */
    0x001D0F45,                /* 05F3  lsym L15 <- sym#29   ("gget") */
    0x00100441,                /* 05F4  move L16 <- L4 */
    0x00110741,                /* 05F5  move L17 <- L7 */
    0x000D04A0, 0x00010000,    /* 05F6  call base=L13 argc=4 nres=1 */
    0x00080D41,                /* 05F8  move L8 <- L13 */
    0x000D0D46,                /* 05F9  lconst L13 <- static#13   ("error") */
    0x000E0097, 0x0008000D,    /* 05FA  is L14 <- L8 is L13 */
    0x00010E4B,                /* 05FC  jf L14, +1 */
    0x00080102,                /* 05FD  return L8 count=1 */
    0x00040D42,                /* 05FE  gget L13 <- g4   (_emit_pairable) */
    0x000E0041,                /* 05FF  move L14 <- L0 */
    0x00160F45,                /* 0600  lsym L15 <- sym#22   ("gset") */
    0x00100541,                /* 0601  move L16 <- L5 */
    0x00110741,                /* 0602  move L17 <- L7 */
    0x000D04A0, 0x00010000,    /* 0603  call base=L13 argc=4 nres=1 */
    0x00090D41,                /* 0605  move L9 <- L13 */
    0x000D0D46,                /* 0606  lconst L13 <- static#13   ("error") */
    0x000E0097, 0x0009000D,    /* 0607  is L14 <- L9 is L13 */
    0x00010E4B,                /* 0609  jf L14, +1 */
    0x00090102,                /* 060A  return L9 count=1 */
    0x000D0041,                /* 060B  move L13 <- L0 */
    0x000E0641,                /* 060C  move L14 <- L6 */
    0x000D01A2, 0x00080001,    /* 060D  msg base=L13 argc=1 msg#8 nres=1   (free_to) */
    0x000A0D41,                /* 060F  move L10 <- L13 */
    0x000D0D46,                /* 0610  lconst L13 <- static#13   ("error") */
    0x000E0097, 0x000A000D,    /* 0611  is L14 <- L10 is L13 */
    0x00010E4B,                /* 0613  jf L14, +1 */
    0x000A0102,                /* 0614  return L10 count=1 */
    0xFF9D004F,                /* 0615  jmp -99 */
    0x000C0003,                /* 0616  lnil L12 */
    0x000C0102,                /* 0617  return L12 count=1 */
    0x00340642,                /* 0618  gget L6 <- g52   (compile_function) */
    0x00078041,                /* 0619  move L7 <- P0 */
    0x00088141,                /* 061A  move L8 <- P1 */
    0x00090003,                /* 061B  lnil L9 */
    0x000A0040,                /* 061C  i8 L10 <- 0 */
    0x000B0003,                /* 061D  lnil L11 */
    0x000C8241,                /* 061E  move L12 <- P2 */
    0x000606A0, 0x00010000,    /* 061F  call base=L6 argc=6 nres=1 */
    0x00000641,                /* 0621  move L0 <- L6 */
    0x000D0646,                /* 0622  lconst L6 <- static#13   ("error") */
    0x00070097, 0x00000006,    /* 0623  is L7 <- L0 is L6 */
    0x0001074B,                /* 0625  jf L7, +1 */
    0x00000102,                /* 0626  return L0 count=1 */
    0x00060040,                /* 0627  i8 L6 <- 0 */
    0x00010098, 0x00000006,    /* 0628  getidx L1 <- L0[L6] */
    0x00068141,                /* 062A  move L6 <- P1 */
    0x00020842,                /* 062B  gget L8 <- g2   (_field) */
    0x00098041,                /* 062C  move L9 <- P0 */
    0x000A0140,                /* 062D  i8 L10 <- 1 */
    0x000802A0, 0x00010000,    /* 062E  call base=L8 argc=2 nres=1 */
    0x00070841,                /* 0630  move L7 <- L8 */
    0x0001074E,                /* 0631  jnerr L7, +1 */
    0x00070003,                /* 0632  lnil L7 */
    0x000601A2, 0x00020001,    /* 0633  msg base=L6 argc=1 msg#2 nres=1   (declare_global) */
    0x00020641,                /* 0635  move L2 <- L6 */
    0x000D0646,                /* 0636  lconst L6 <- static#13   ("error") */
    0x00070097, 0x00020006,    /* 0637  is L7 <- L2 is L6 */
    0x0001074B,                /* 0639  jf L7, +1 */
    0x00020102,                /* 063A  return L2 count=1 */
    0x0003009A, 0x80010010,    /* 063B  getattr L3 <- P1.sym#16   ("init_ctx") */
    0x00060341,                /* 063D  move L6 <- L3 */
    0x000600A2, 0x00050001,    /* 063E  msg base=L6 argc=0 msg#5 nres=1   (push) */
    0x00040641,                /* 0640  move L4 <- L6 */
    0x000D0646,                /* 0641  lconst L6 <- static#13   ("error") */
    0x00070097, 0x00040006,    /* 0642  is L7 <- L4 is L6 */
    0x0001074B,                /* 0644  jf L7, +1 */
    0x00040102,                /* 0645  return L4 count=1 */
    0x00030642,                /* 0646  gget L6 <- g3   (_emit_pack) */
    0x00090341,                /* 0647  move L9 <- L3 */
    0x001E0A45,                /* 0648  lsym L10 <- sym#30   ("closure") */
    0x000B0281, 0x00090000,    /* 0649  tuple L11 <- L9, 2 items */
    0x00070B41,                /* 064B  move L7 <- L11 */
    0x00110946,                /* 064C  lconst L9 <- static#17   ("a0") */
    0x000A0441,                /* 064D  move L10 <- L4 */
    0x00120B46,                /* 064E  lconst L11 <- static#18   ("a1") */
    0x000C0141,                /* 064F  move L12 <- L1 */
    0x00130D46,                /* 0650  lconst L13 <- static#19   ("a2") */
    0x000E0040,                /* 0651  i8 L14 <- 0 */
    0x00100F46,                /* 0652  lconst L15 <- static#16   ("f") */
    0x00100040,                /* 0653  i8 L16 <- 0 */
    0x00110483, 0x00090000,    /* 0654  dict L17 <- L9, 4 pairs */
    0x00081141,                /* 0656  move L8 <- L17 */
    0x000600A1, 0x00010000,    /* 0657  call_va base=L6 nres=1 */
    0x00050641,                /* 0659  move L5 <- L6 */
    0x000D0646,                /* 065A  lconst L6 <- static#13   ("error") */
    0x00070097, 0x00050006,    /* 065B  is L7 <- L5 is L6 */
    0x0001074B,                /* 065D  jf L7, +1 */
    0x00050102,                /* 065E  return L5 count=1 */
    0x00040642,                /* 065F  gget L6 <- g4   (_emit_pairable) */
    0x00070341,                /* 0660  move L7 <- L3 */
    0x00160845,                /* 0661  lsym L8 <- sym#22   ("gset") */
    0x00090241,                /* 0662  move L9 <- L2 */
    0x000A0441,                /* 0663  move L10 <- L4 */
    0x000604A0, 0x00010000,    /* 0664  call base=L6 argc=4 nres=1 */
    0x00060102,                /* 0666  return L6 count=1 */
    0x00020142,                /* 0667  gget L1 <- g2   (_field) */
    0x00028041,                /* 0668  move L2 <- P0 */
    0x00030240,                /* 0669  i8 L3 <- 2 */
    0x000102A0, 0x00010000,    /* 066A  call base=L1 argc=2 nres=1 */
    0x00000141,                /* 066C  move L0 <- L1 */
    0x0001004E,                /* 066D  jnerr L0, +1 */
    0x00000003,                /* 066E  lnil L0 */
    0x00190146,                /* 066F  lconst L1 <- static#25   ("nil") */
    0x00020097, 0x00000001,    /* 0670  is L2 <- L0 is L1 */
    0x0007024B,                /* 0672  jf L2, +7 */
    0x00130042,                /* 0673  gget L0 <- g19   (_plain_fn_toplevel) */
    0x00018041,                /* 0674  move L1 <- P0 */
    0x00028141,                /* 0675  move L2 <- P1 */
    0x00038341,                /* 0676  move L3 <- P3 */
    0x000003A0, 0x00010000,    /* 0677  call base=L0 argc=3 nres=1 */
    0x00000102,                /* 0679  return L0 count=1 */
    0x00350042,                /* 067A  gget L0 <- g53   (compile_dispatched_fn_toplevel) */
    0x00018041,                /* 067B  move L1 <- P0 */
    0x00028141,                /* 067C  move L2 <- P1 */
    0x00038341,                /* 067D  move L3 <- P3 */
    0x000003A0, 0x00010000,    /* 067E  call base=L0 argc=3 nres=1 */
    0x00000102,                /* 0680  return L0 count=1 */
    0x00000003,                /* 0681  lnil L0 */
    0x00000102,                /* 0682  return L0 count=1 */
    0x00360042,                /* 0683  gget L0 <- g54   (compile_class_toplevel) */
    0x00018041,                /* 0684  move L1 <- P0 */
    0x00028141,                /* 0685  move L2 <- P1 */
    0x000002A0, 0x00010000,    /* 0686  call base=L0 argc=2 nres=1 */
    0x00000102,                /* 0688  return L0 count=1 */
    0x00020242,                /* 0689  gget L2 <- g2   (_field) */
    0x00038041,                /* 068A  move L3 <- P0 */
    0x00040140,                /* 068B  i8 L4 <- 1 */
    0x000202A0, 0x00010000,    /* 068C  call base=L2 argc=2 nres=1 */
    0x00000241,                /* 068E  move L0 <- L2 */
    0x0001004E,                /* 068F  jnerr L0, +1 */
    0x00000003,                /* 0690  lnil L0 */
    0x002D0242,                /* 0691  gget L2 <- g45   (node_kind) */
    0x00030041,                /* 0692  move L3 <- L0 */
    0x000201A0, 0x00010000,    /* 0693  call base=L2 argc=1 nres=1 */
    0x00010241,                /* 0695  move L1 <- L2 */
    0x000D0345,                /* 0696  lsym L3 <- sym#13   ("fn_def") */
    0x0002008F, 0x00010003,    /* 0697  eq L2 <- L1 == L3 */
    0x0003024C,                /* 0699  jt L2, +3 */
    0x000E0345,                /* 069A  lsym L3 <- sym#14   ("co_def") */
    0x0002008F, 0x00010003,    /* 069B  eq L2 <- L1 == L3 */
    0x0008024B,                /* 069D  jf L2, +8 */
    0x00140242,                /* 069E  gget L2 <- g20   (_fn_toplevel) */
    0x00030041,                /* 069F  move L3 <- L0 */
    0x00048141,                /* 06A0  move L4 <- P1 */
    0x00058241,                /* 06A1  move L5 <- P2 */
    0x00060104,                /* 06A2  lbool L6 <- 1 */
    0x000204A0, 0x00010000,    /* 06A3  call base=L2 argc=4 nres=1 */
    0x00020102,                /* 06A5  return L2 count=1 */
    0x000C0245,                /* 06A6  lsym L2 <- sym#12   ("class_def") */
    0x0003008F, 0x00010002,    /* 06A7  eq L3 <- L1 == L2 */
    0x0007034B,                /* 06A9  jf L3, +7 */
    0x00160242,                /* 06AA  gget L2 <- g22   (_class_toplevel) */
    0x00030041,                /* 06AB  move L3 <- L0 */
    0x00048141,                /* 06AC  move L4 <- P1 */
    0x00058241,                /* 06AD  move L5 <- P2 */
    0x000203A0, 0x00010000,    /* 06AE  call base=L2 argc=3 nres=1 */
    0x00020102,                /* 06B0  return L2 count=1 */
    0x00370242,                /* 06B1  gget L2 <- g55   (compile_statement) */
    0x00030041,                /* 06B2  move L3 <- L0 */
    0x0004009A, 0x80010010,    /* 06B3  getattr L4 <- P1.sym#16   ("init_ctx") */
    0x000202A0, 0x00010000,    /* 06B5  call base=L2 argc=2 nres=1 */
    0x00020102,                /* 06B7  return L2 count=1 */
    0x0000009A, 0x80000010,    /* 06B8  getattr L0 <- P0.sym#16   ("init_ctx") */
    0x0001009A, 0x8000001F,    /* 06BA  getattr L1 <- P0.sym#31   ("pending_statics") */
    0x000A0082, 0x000B0000,    /* 06BC  list L10 <- L11, 0 items */
    0x8000009B, 0x001F000A,    /* 06BE  setattr P0.sym#31 <- L10   ("pending_statics") */
    0x000A00AE, 0x00010000,    /* 06C0  iter L10 <- L1 */
    0x000200AF, 0x000A0037,    /* 06C2  itnext L2 <- L10, done +55 */
    0x000B0040,                /* 06C4  i8 L11 <- 0 */
    0x00030098, 0x0002000B,    /* 06C5  getidx L3 <- L2[L11] */
    0x000B0140,                /* 06C7  i8 L11 <- 1 */
    0x00040098, 0x0002000B,    /* 06C8  getidx L4 <- L2[L11] */
    0x000B0041,                /* 06CA  move L11 <- L0 */
    0x000B00A2, 0x00040001,    /* 06CB  msg base=L11 argc=0 msg#4 nres=1   (mark) */
    0x00050B41,                /* 06CD  move L5 <- L11 */
    0x000B0041,                /* 06CE  move L11 <- L0 */
    0x000B00A2, 0x00050001,    /* 06CF  msg base=L11 argc=0 msg#5 nres=1   (push) */
    0x00060B41,                /* 06D1  move L6 <- L11 */
    0x000D0B46,                /* 06D2  lconst L11 <- static#13   ("error") */
    0x000C0097, 0x0006000B,    /* 06D3  is L12 <- L6 is L11 */
    0x00010C4B,                /* 06D5  jf L12, +1 */
    0x00060102,                /* 06D6  return L6 count=1 */
    0x00390B42,                /* 06D7  gget L11 <- g57   (compile_expr) */
    0x000C0441,                /* 06D8  move L12 <- L4 */
    0x000D0041,                /* 06D9  move L13 <- L0 */
    0x000E0641,                /* 06DA  move L14 <- L6 */
    0x000B03A0, 0x00010000,    /* 06DB  call base=L11 argc=3 nres=1 */
    0x00070B41,                /* 06DD  move L7 <- L11 */
    0x000D0B46,                /* 06DE  lconst L11 <- static#13   ("error") */
    0x000C0097, 0x0007000B,    /* 06DF  is L12 <- L7 is L11 */
    0x00010C4B,                /* 06E1  jf L12, +1 */
    0x00070102,                /* 06E2  return L7 count=1 */
    0x00040B42,                /* 06E3  gget L11 <- g4   (_emit_pairable) */
    0x000C0041,                /* 06E4  move L12 <- L0 */
    0x00160D45,                /* 06E5  lsym L13 <- sym#22   ("gset") */
    0x000E0341,                /* 06E6  move L14 <- L3 */
    0x000F0641,                /* 06E7  move L15 <- L6 */
    0x000B04A0, 0x00010000,    /* 06E8  call base=L11 argc=4 nres=1 */
    0x00080B41,                /* 06EA  move L8 <- L11 */
    0x000D0B46,                /* 06EB  lconst L11 <- static#13   ("error") */
    0x000C0097, 0x0008000B,    /* 06EC  is L12 <- L8 is L11 */
    0x00010C4B,                /* 06EE  jf L12, +1 */
    0x00080102,                /* 06EF  return L8 count=1 */
    0x000B0041,                /* 06F0  move L11 <- L0 */
    0x000C0541,                /* 06F1  move L12 <- L5 */
    0x000B01A2, 0x00080001,    /* 06F2  msg base=L11 argc=1 msg#8 nres=1   (free_to) */
    0x00090B41,                /* 06F4  move L9 <- L11 */
    0x000D0B46,                /* 06F5  lconst L11 <- static#13   ("error") */
    0x000C0097, 0x0009000B,    /* 06F6  is L12 <- L9 is L11 */
    0x00010C4B,                /* 06F8  jf L12, +1 */
    0x00090102,                /* 06F9  return L9 count=1 */
    0xFFC7004F,                /* 06FA  jmp -57 */
    0x000A0003,                /* 06FB  lnil L10 */
    0x000A0102,                /* 06FC  return L10 count=1 */
    0x0000009A, 0x80000014,    /* 06FD  getattr L0 <- P0.sym#20   ("image") */
    0x0001009A, 0x80000010,    /* 06FF  getattr L1 <- P0.sym#16   ("init_ctx") */
    0x00020082, 0x00110000,    /* 0701  list L2 <- L17, 0 items */
    0x0011009A, 0x00010020,    /* 0703  getattr L17 <- L1.sym#32   ("code") */
    0x001200AE, 0x00110000,    /* 0705  iter L18 <- L17 */
    0x000900AF, 0x00120005,    /* 0707  itnext L9 <- L18, done +5 */
    0x00130241,                /* 0709  move L19 <- L2 */
    0x00140941,                /* 070A  move L20 <- L9 */
    0x001301A2, 0x00010001,    /* 070B  msg base=L19 argc=1 msg#1 nres=1   (append) */
    0xFFF9004F,                /* 070D  jmp -7 */
    0x0011009A, 0x80000021,    /* 070E  getattr L17 <- P0.sym#33   ("pending") */
    0x001200AE, 0x00110000,    /* 0710  iter L18 <- L17 */
    0x000A00AF, 0x0012001E,    /* 0712  itnext L10 <- L18, done +30 */
    0x0013009A, 0x00000022,    /* 0714  getattr L19 <- L0.sym#34   ("functions") */
    0x00140040,                /* 0716  i8 L20 <- 0 */
    0x00150098, 0x000A0014,    /* 0717  getidx L21 <- L10[L20] */
    0x000B0098, 0x00130015,    /* 0719  getidx L11 <- L19[L21] */
    0x001E1346,                /* 071B  lconst L19 <- static#30   ("code_offset") */
    0x002A1542,                /* 071C  gget L21 <- g42   (len) */
    0x00160241,                /* 071D  move L22 <- L2 */
    0x001501A0, 0x00010000,    /* 071E  call base=L21 argc=1 nres=1 */
    0x00141541,                /* 0720  move L20 <- L21 */
    0x000B0099, 0x00130014,    /* 0721  setidx L11[L19] <- L20 */
    0x00130140,                /* 0723  i8 L19 <- 1 */
    0x00140098, 0x000A0013,    /* 0724  getidx L20 <- L10[L19] */
    0x0015009A, 0x00140020,    /* 0726  getattr L21 <- L20.sym#32   ("code") */
    0x001600AE, 0x00150000,    /* 0728  iter L22 <- L21 */
    0x000C00AF, 0x00160005,    /* 072A  itnext L12 <- L22, done +5 */
    0x00170241,                /* 072C  move L23 <- L2 */
    0x00180C41,                /* 072D  move L24 <- L12 */
    0x001701A2, 0x00010001,    /* 072E  msg base=L23 argc=1 msg#1 nres=1   (append) */
    0xFFF9004F,                /* 0730  jmp -7 */
    0xFFE0004F,                /* 0731  jmp -32 */
    0x00030083, 0x00110000,    /* 0732  dict L3 <- L17, 0 pairs */
    0x00040083, 0x00110000,    /* 0734  dict L4 <- L17, 0 pairs */
    0x00050040,                /* 0736  i8 L5 <- 0 */
    0x002A1142,                /* 0737  gget L17 <- g42   (len) */
    0x0012009A, 0x00000023,    /* 0738  getattr L18 <- L0.sym#35   ("globals") */
    0x001101A0, 0x00010000,    /* 073A  call base=L17 argc=1 nres=1 */
    0x00120091, 0x00050011,    /* 073C  lt L18 <- L5 < L17 */
    0x001C124B,                /* 073E  jf L18, +28 */
    0x0011009A, 0x00000023,    /* 073F  getattr L17 <- L0.sym#35   ("globals") */
    0x000D0098, 0x00110005,    /* 0741  getidx L13 <- L17[L5] */
    0x001F1146,                /* 0743  lconst L17 <- static#31   ("exported") */
    0x00120098, 0x000D0011,    /* 0744  getidx L18 <- L13[L17] */
    0x0006124B,                /* 0746  jf L18, +6 */
    0x00201146,                /* 0747  lconst L17 <- static#32   ("name") */
    0x00120098, 0x000D0011,    /* 0748  getidx L18 <- L13[L17] */
    0x00130541,                /* 074A  move L19 <- L5 */
    0x00030099, 0x00120013,    /* 074B  setidx L3[L18] <- L19 */
    0x00211146,                /* 074D  lconst L17 <- static#33   ("free") */
    0x00120098, 0x000D0011,    /* 074E  getidx L18 <- L13[L17] */
    0x0006124B,                /* 0750  jf L18, +6 */
    0x00201146,                /* 0751  lconst L17 <- static#32   ("name") */
    0x00120098, 0x000D0011,    /* 0752  getidx L18 <- L13[L17] */
    0x00130541,                /* 0754  move L19 <- L5 */
    0x00040099, 0x00120013,    /* 0755  setidx L4[L18] <- L19 */
    0x00110140,                /* 0757  i8 L17 <- 1 */
    0x00050085, 0x00050011,    /* 0758  add L5 <- L5 + L17 */
    0xFFDC004F,                /* 075A  jmp -36 */
    0x0011009A, 0x80000024,    /* 075B  getattr L17 <- P0.sym#36   ("imported") */
    0x001200AE, 0x00110000,    /* 075D  iter L18 <- L17 */
    0x000E00AF, 0x0012000B,    /* 075F  itnext L14 <- L18, done +11 */
    0x00130096, 0x000E0003,    /* 0761  in L19 <- L14 in L3 */
    0x0014134A,                /* 0763  not L20 <- L19 */
    0x0006144B,                /* 0764  jf L20, +6 */
    0x0014009A, 0x80000024,    /* 0765  getattr L20 <- P0.sym#36   ("imported") */
    0x00130098, 0x0014000E,    /* 0767  getidx L19 <- L20[L14] */
    0x00030099, 0x000E0013,    /* 0769  setidx L3[L14] <- L19 */
    0xFFF3004F,                /* 076B  jmp -13 */
    0x00060082, 0x00110000,    /* 076C  list L6 <- L17, 0 items */
    0x0011009A, 0x00010025,    /* 076E  getattr L17 <- L1.sym#37   ("uses") */
    0x001200AE, 0x00110000,    /* 0770  iter L18 <- L17 */
    0x000F00AF, 0x00120005,    /* 0772  itnext L15 <- L18, done +5 */
    0x00130641,                /* 0774  move L19 <- L6 */
    0x00140F41,                /* 0775  move L20 <- L15 */
    0x001301A2, 0x00010001,    /* 0776  msg base=L19 argc=1 msg#1 nres=1   (append) */
    0xFFF9004F,                /* 0778  jmp -7 */
    0x00070082, 0x00110000,    /* 0779  list L7 <- L17, 0 items */
    0x0011009A, 0x00000026,    /* 077B  getattr L17 <- L0.sym#38   ("unlowered") */
    0x001200AE, 0x00110000,    /* 077D  iter L18 <- L17 */
    0x001000AF, 0x00120005,    /* 077F  itnext L16 <- L18, done +5 */
    0x00130741,                /* 0781  move L19 <- L7 */
    0x00141041,                /* 0782  move L20 <- L16 */
    0x001301A2, 0x00010001,    /* 0783  msg base=L19 argc=1 msg#1 nres=1   (append) */
    0xFFF9004F,                /* 0785  jmp -7 */
    0x00080083, 0x00110000,    /* 0786  dict L8 <- L17, 0 pairs */
    0x00201146,                /* 0788  lconst L17 <- static#32   ("name") */
    0x0012009A, 0x00000027,    /* 0789  getattr L18 <- L0.sym#39   ("module_name") */
    0x00080099, 0x00110012,    /* 078B  setidx L8[L17] <- L18 */
    0x00221146,                /* 078D  lconst L17 <- static#34   ("version") */
    0x00120140,                /* 078E  i8 L18 <- 1 */
    0x00080099, 0x00110012,    /* 078F  setidx L8[L17] <- L18 */
    0x00231146,                /* 0791  lconst L17 <- static#35   ("globals") */
    0x002A1342,                /* 0792  gget L19 <- g42   (len) */
    0x0014009A, 0x00000023,    /* 0793  getattr L20 <- L0.sym#35   ("globals") */
    0x001301A0, 0x00010000,    /* 0795  call base=L19 argc=1 nres=1 */
    0x00121341,                /* 0797  move L18 <- L19 */
    0x00080099, 0x00110012,    /* 0798  setidx L8[L17] <- L18 */
    0x00241146,                /* 079A  lconst L17 <- static#36   ("init_l") */
    0x0012009A, 0x00010028,    /* 079B  getattr L18 <- L1.sym#40   ("high") */
    0x00080099, 0x00110012,    /* 079D  setidx L8[L17] <- L18 */
    0x00251146,                /* 079F  lconst L17 <- static#37   ("init_nlocals") */
    0x0012009A, 0x00010028,    /* 07A0  getattr L18 <- L1.sym#40   ("high") */
    0x00080099, 0x00110012,    /* 07A2  setidx L8[L17] <- L18 */
    0x00261146,                /* 07A4  lconst L17 <- static#38   ("module_uses") */
    0x00120641,                /* 07A5  move L18 <- L6 */
    0x00080099, 0x00110012,    /* 07A6  setidx L8[L17] <- L18 */
    0x00271146,                /* 07A8  lconst L17 <- static#39   ("unlowered") */
    0x00120741,                /* 07A9  move L18 <- L7 */
    0x00080099, 0x00110012,    /* 07AA  setidx L8[L17] <- L18 */
    0x00281146,                /* 07AC  lconst L17 <- static#40   ("statics") */
    0x0012009A, 0x00000029,    /* 07AD  getattr L18 <- L0.sym#41   ("statics") */
    0x00080099, 0x00110012,    /* 07AF  setidx L8[L17] <- L18 */
    0x00291146,                /* 07B1  lconst L17 <- static#41   ("slot_defaults") */
    0x00120003,                /* 07B2  lnil L18 */
    0x00080099, 0x00110012,    /* 07B3  setidx L8[L17] <- L18 */
    0x002A1146,                /* 07B5  lconst L17 <- static#42   ("symbols") */
    0x0012009A, 0x0000002A,    /* 07B6  getattr L18 <- L0.sym#42   ("symbols") */
    0x00080099, 0x00110012,    /* 07B8  setidx L8[L17] <- L18 */
    0x002B1146,                /* 07BA  lconst L17 <- static#43   ("functions") */
    0x0012009A, 0x00000022,    /* 07BB  getattr L18 <- L0.sym#34   ("functions") */
    0x00080099, 0x00110012,    /* 07BD  setidx L8[L17] <- L18 */
    0x002C1146,                /* 07BF  lconst L17 <- static#44   ("classes") */
    0x0012009A, 0x0000002B,    /* 07C0  getattr L18 <- L0.sym#43   ("classes") */
    0x00080099, 0x00110012,    /* 07C2  setidx L8[L17] <- L18 */
    0x002D1146,                /* 07C4  lconst L17 <- static#45   ("messages") */
    0x0012009A, 0x0000002C,    /* 07C5  getattr L18 <- L0.sym#44   ("messages") */
    0x00080099, 0x00110012,    /* 07C7  setidx L8[L17] <- L18 */
    0x002A1142,                /* 07C9  gget L17 <- g42   (len) */
    0x00120341,                /* 07CA  move L18 <- L3 */
    0x001101A0, 0x00010000,    /* 07CB  call base=L17 argc=1 nres=1 */
    0x00120040,                /* 07CD  i8 L18 <- 0 */
    0x00130093, 0x00110012,    /* 07CE  gt L19 <- L17 > L18 */
    0x0004134B,                /* 07D0  jf L19, +4 */
    0x002E1146,                /* 07D1  lconst L17 <- static#46   ("exports") */
    0x00120341,                /* 07D2  move L18 <- L3 */
    0x00080099, 0x00110012,    /* 07D3  setidx L8[L17] <- L18 */
    0x002A1142,                /* 07D5  gget L17 <- g42   (len) */
    0x00120441,                /* 07D6  move L18 <- L4 */
    0x001101A0, 0x00010000,    /* 07D7  call base=L17 argc=1 nres=1 */
    0x00120040,                /* 07D9  i8 L18 <- 0 */
    0x00130093, 0x00110012,    /* 07DA  gt L19 <- L17 > L18 */
    0x0004134B,                /* 07DC  jf L19, +4 */
    0x00211146,                /* 07DD  lconst L17 <- static#33   ("free") */
    0x00120441,                /* 07DE  move L18 <- L4 */
    0x00080099, 0x00110012,    /* 07DF  setidx L8[L17] <- L18 */
    0x002F1146,                /* 07E1  lconst L17 <- static#47   ("code") */
    0x00120241,                /* 07E2  move L18 <- L2 */
    0x00080099, 0x00110012,    /* 07E3  setidx L8[L17] <- L18 */
    0x00080102,                /* 07E5  return L8 count=1 */
    0x000B0246,                /* 07E6  lconst L2 <- static#11   ("pair") */
    0x00030097, 0x80000002,    /* 07E7  is L3 <- P0 is L2 */
    0x0021034B,                /* 07E9  jf L3, +33 */
    0x00270242,                /* 07EA  gget L2 <- g39   (car) */
    0x00038041,                /* 07EB  move L3 <- P0 */
    0x000201A0, 0x00010000,    /* 07EC  call base=L2 argc=1 nres=1 */
    0x002D0345,                /* 07EE  lsym L3 <- sym#45   ("decorate") */
    0x0004008F, 0x00020003,    /* 07EF  eq L4 <- L2 == L3 */
    0x0002044B,                /* 07F1  jf L4, +2 */
    0x00020104,                /* 07F2  lbool L2 <- 1 */
    0x00020102,                /* 07F3  return L2 count=1 */
    0x00008041,                /* 07F4  move L0 <- P0 */
    0x000B0246,                /* 07F5  lconst L2 <- static#11   ("pair") */
    0x00030097, 0x00000002,    /* 07F6  is L3 <- L0 is L2 */
    0x0010034B,                /* 07F8  jf L3, +16 */
    0x001A0242,                /* 07F9  gget L2 <- g26   (_has_decorate) */
    0x00270342,                /* 07FA  gget L3 <- g39   (car) */
    0x00040041,                /* 07FB  move L4 <- L0 */
    0x000301A0, 0x00010000,    /* 07FC  call base=L3 argc=1 nres=1 */
    0x000201A0, 0x00010000,    /* 07FE  call base=L2 argc=1 nres=1 */
    0x0002024B,                /* 0800  jf L2, +2 */
    0x00020104,                /* 0801  lbool L2 <- 1 */
    0x00020102,                /* 0802  return L2 count=1 */
    0x00260242,                /* 0803  gget L2 <- g38   (cdr) */
    0x00030041,                /* 0804  move L3 <- L0 */
    0x000201A0, 0x00010000,    /* 0805  call base=L2 argc=1 nres=1 */
    0x00000241,                /* 0807  move L0 <- L2 */
    0xFFEC004F,                /* 0808  jmp -20 */
    0x00020004,                /* 0809  lbool L2 <- 0 */
    0x00020102,                /* 080A  return L2 count=1 */
    0x001C0346,                /* 080B  lconst L3 <- static#28   ("list") */
    0x00020097, 0x80000003,    /* 080C  is L2 <- P0 is L3 */
    0x0003024C,                /* 080E  jt L2, +3 */
    0x00300346,                /* 080F  lconst L3 <- static#48   ("tuple") */
    0x00020097, 0x80000003,    /* 0810  is L2 <- P0 is L3 */
    0x000C024B,                /* 0812  jf L2, +12 */
    0x000200AE, 0x80000000,    /* 0813  iter L2 <- P0 */
    0x000100AF, 0x00020008,    /* 0815  itnext L1 <- L2, done +8 */
    0x001A0342,                /* 0817  gget L3 <- g26   (_has_decorate) */
    0x00040141,                /* 0818  move L4 <- L1 */
    0x000301A0, 0x00010000,    /* 0819  call base=L3 argc=1 nres=1 */
    0x0002034B,                /* 081B  jf L3, +2 */
    0x00030104,                /* 081C  lbool L3 <- 1 */
    0x00030102,                /* 081D  return L3 count=1 */
    0xFFF6004F,                /* 081E  jmp -10 */
    0x00020004,                /* 081F  lbool L2 <- 0 */
    0x00020102,                /* 0820  return L2 count=1 */
    0x003A1442,                /* 0821  gget L20 <- g58   (ModuleContext) */
    0x00158141,                /* 0822  move L21 <- P1 */
    0x00168241,                /* 0823  move L22 <- P2 */
    0x001402A0, 0x00010000,    /* 0824  call base=L20 argc=2 nres=1 */
    0x00001441,                /* 0826  move L0 <- L20 */
    0x00148441,                /* 0827  move L20 <- P4 */
    0x0000009B, 0x002E0014,    /* 0828  setattr L0.sym#46 <- L20   ("slot_optimization") */
    0x00148641,                /* 082A  move L20 <- P6 */
    0x0000009B, 0x002F0014,    /* 082B  setattr L0.sym#47 <- L20   ("stub_unlowered") */
    0x00261442,                /* 082D  gget L20 <- g38   (cdr) */
    0x00158041,                /* 082E  move L21 <- P0 */
    0x001401A0, 0x00010000,    /* 082F  call base=L20 argc=1 nres=1 */
    0x00011441,                /* 0831  move L1 <- L20 */
    0x002D1442,                /* 0832  gget L20 <- g45   (node_kind) */
    0x00158041,                /* 0833  move L21 <- P0 */
    0x001401A0, 0x00010000,    /* 0834  call base=L20 argc=1 nres=1 */
    0x00301545,                /* 0836  lsym L21 <- sym#48   ("module") */
    0x00160090, 0x00140015,    /* 0837  ne L22 <- L20 != L21 */
    0x0005164B,                /* 0839  jf L22, +5 */
    0x00251442,                /* 083A  gget L20 <- g37   (error) */
    0x00321546,                /* 083B  lconst L21 <- static#50   ("compile_module needs a 'module node") */
    0x001401A0, 0x00010000,    /* 083C  call base=L20 argc=1 nres=1 */
    0x00140102,                /* 083E  return L20 count=1 */
    0x001A1442,                /* 083F  gget L20 <- g26   (_has_decorate) */
    0x00150141,                /* 0840  move L21 <- L1 */
    0x001401A0, 0x00010000,    /* 0841  call base=L20 argc=1 nres=1 */
    0x001F144B,                /* 0843  jf L20, +31 */
    0x00191446,                /* 0844  lconst L20 <- static#25   ("nil") */
    0x00150097, 0x80070014,    /* 0845  is L21 <- P7 is L20 */
    0x000B154B,                /* 0847  jf L21, +11 */
    0x00251442,                /* 0848  gget L20 <- g37   (error) */
    0x00331546,                /* 0849  lconst L21 <- static#51   ("'") */
    0x00160085, 0x00158001,    /* 084A  add L22 <- L21 + P1 */
    0x00341746,                /* 084C  lconst L23 <- static#52   ("' has decorators but no expander was supplied (see wyrm::compiler::expansion)") */
    0x00180085, 0x00160017,    /* 084D  add L24 <- L22 + L23 */
    0x00151841,                /* 084F  move L21 <- L24 */
    0x001401A0, 0x00010000,    /* 0850  call base=L20 argc=1 nres=1 */
    0x00140102,                /* 0852  return L20 count=1 */
    0x00148741,                /* 0853  move L20 <- P7 */
    0x00150141,                /* 0854  move L21 <- L1 */
    0x00168141,                /* 0855  move L22 <- P1 */
    0x001402A0, 0x00010000,    /* 0856  call base=L20 argc=2 nres=1 */
    0x000C1441,                /* 0858  move L12 <- L20 */
    0x000D1446,                /* 0859  lconst L20 <- static#13   ("error") */
    0x00150097, 0x000C0014,    /* 085A  is L21 <- L12 is L20 */
    0x0001154B,                /* 085C  jf L21, +1 */
    0x000C0102,                /* 085D  return L12 count=1 */
    0x00261442,                /* 085E  gget L20 <- g38   (cdr) */
    0x00150C41,                /* 085F  move L21 <- L12 */
    0x001401A0, 0x00010000,    /* 0860  call base=L20 argc=1 nres=1 */
    0x00011441,                /* 0862  move L1 <- L20 */
    0x000A1442,                /* 0863  gget L20 <- g10   (_lower_annotations) */
    0x00150141,                /* 0864  move L21 <- L1 */
    0x001401A0, 0x00010000,    /* 0865  call base=L20 argc=1 nres=1 */
    0x00011441,                /* 0867  move L1 <- L20 */
    0x000D1442,                /* 0868  gget L20 <- g13   (_declare_module_names) */
    0x00150141,                /* 0869  move L21 <- L1 */
    0x00160041,                /* 086A  move L22 <- L0 */
    0x001402A0, 0x00010000,    /* 086B  call base=L20 argc=2 nres=1 */
    0x00021441,                /* 086D  move L2 <- L20 */
    0x000D1446,                /* 086E  lconst L20 <- static#13   ("error") */
    0x00150097, 0x00020014,    /* 086F  is L21 <- L2 is L20 */
    0x0001154B,                /* 0871  jf L21, +1 */
    0x00020102,                /* 0872  return L2 count=1 */
    0x000E1442,                /* 0873  gget L20 <- g14   (_collect_definitions) */
    0x00150141,                /* 0874  move L21 <- L1 */
    0x00160041,                /* 0875  move L22 <- L0 */
    0x001402A0, 0x00010000,    /* 0876  call base=L20 argc=2 nres=1 */
    0x00031441,                /* 0878  move L3 <- L20 */
    0x000D1446,                /* 0879  lconst L20 <- static#13   ("error") */
    0x00150097, 0x00030014,    /* 087A  is L21 <- L3 is L20 */
    0x0001154B,                /* 087C  jf L21, +1 */
    0x00030102,                /* 087D  return L3 count=1 */
    0x00111442,                /* 087E  gget L20 <- g17   (_hoist_imports) */
    0x00150141,                /* 087F  move L21 <- L1 */
    0x00160041,                /* 0880  move L22 <- L0 */
    0x001402A0, 0x00010000,    /* 0881  call base=L20 argc=2 nres=1 */
    0x00041441,                /* 0883  move L4 <- L20 */
    0x000D1446,                /* 0884  lconst L20 <- static#13   ("error") */
    0x00150097, 0x00040014,    /* 0885  is L21 <- L4 is L20 */
    0x0001154B,                /* 0887  jf L21, +1 */
    0x00040102,                /* 0888  return L4 count=1 */
    0x00121442,                /* 0889  gget L20 <- g18   (_bind_imported_names) */
    0x00150441,                /* 088A  move L21 <- L4 */
    0x00160041,                /* 088B  move L22 <- L0 */
    0x001402A0, 0x00010000,    /* 088C  call base=L20 argc=2 nres=1 */
    0x00051441,                /* 088E  move L5 <- L20 */
    0x000D1446,                /* 088F  lconst L20 <- static#13   ("error") */
    0x00150097, 0x00050014,    /* 0890  is L21 <- L5 is L20 */
    0x0001154B,                /* 0892  jf L21, +1 */
    0x00050102,                /* 0893  return L5 count=1 */
    0x0006009A, 0x00000010,    /* 0894  getattr L6 <- L0.sym#16   ("init_ctx") */
    0x00070082, 0x00140000,    /* 0896  list L7 <- L20, 0 items */
    0x0014009A, 0x00000023,    /* 0898  getattr L20 <- L0.sym#35   ("globals") */
    0x001500AE, 0x00140000,    /* 089A  iter L21 <- L20 */
    0x000D00AF, 0x00150005,    /* 089C  itnext L13 <- L21, done +5 */
    0x00160741,                /* 089E  move L22 <- L7 */
    0x00170D41,                /* 089F  move L23 <- L13 */
    0x001601A2, 0x00010001,    /* 08A0  msg base=L22 argc=1 msg#1 nres=1   (append) */
    0xFFF9004F,                /* 08A2  jmp -7 */
    0x00140641,                /* 08A3  move L20 <- L6 */
    0x00150141,                /* 08A4  move L21 <- L1 */
    0x00160741,                /* 08A5  move L22 <- L7 */
    0x001402A2, 0x000B0001,    /* 08A6  msg base=L20 argc=2 msg#11 nres=1   (allocate_block_scopes) */
    0x00081441,                /* 08A8  move L8 <- L20 */
    0x000D1446,                /* 08A9  lconst L20 <- static#13   ("error") */
    0x00150097, 0x00080014,    /* 08AA  is L21 <- L8 is L20 */
    0x0001154B,                /* 08AC  jf L21, +1 */
    0x00080102,                /* 08AD  return L8 count=1 */
    0x001400AE, 0x00010000,    /* 08AE  iter L20 <- L1 */
    0x000E00AF, 0x00140034,    /* 08B0  itnext L14 <- L20, done +52 */
    0x00150641,                /* 08B2  move L21 <- L6 */
    0x001500A2, 0x00040001,    /* 08B3  msg base=L21 argc=0 msg#4 nres=1   (mark) */
    0x000F1541,                /* 08B5  move L15 <- L21 */
    0x00100005,                /* 08B6  lunset L16 */
    0x003B1542,                /* 08B7  gget L21 <- g59   (supported) */
    0x003C1642,                /* 08B8  gget L22 <- g60   (TOPLEVEL_HANDLERS) */
    0x00170E41,                /* 08B9  move L23 <- L14 */
    0x001502A0, 0x00010000,    /* 08BA  call base=L21 argc=2 nres=1 */
    0x0009154B,                /* 08BC  jf L21, +9 */
    0x003D1542,                /* 08BD  gget L21 <- g61   (dispatch) */
    0x003C1642,                /* 08BE  gget L22 <- g60   (TOPLEVEL_HANDLERS) */
    0x00170E41,                /* 08BF  move L23 <- L14 */
    0x00180041,                /* 08C0  move L24 <- L0 */
    0x00190003,                /* 08C1  lnil L25 */
    0x001504A0, 0x00010000,    /* 08C2  call base=L21 argc=4 nres=1 */
    0x00101541,                /* 08C4  move L16 <- L21 */
    0x0006004F,                /* 08C5  jmp +6 */
    0x00371542,                /* 08C6  gget L21 <- g55   (compile_statement) */
    0x00160E41,                /* 08C7  move L22 <- L14 */
    0x00170641,                /* 08C8  move L23 <- L6 */
    0x001502A0, 0x00010000,    /* 08C9  call base=L21 argc=2 nres=1 */
    0x00101541,                /* 08CB  move L16 <- L21 */
    0x000D1546,                /* 08CC  lconst L21 <- static#13   ("error") */
    0x00160097, 0x00100015,    /* 08CD  is L22 <- L16 is L21 */
    0x0001164B,                /* 08CF  jf L22, +1 */
    0x00100102,                /* 08D0  return L16 count=1 */
    0x00181542,                /* 08D1  gget L21 <- g24   (_flush_statics) */
    0x00160041,                /* 08D2  move L22 <- L0 */
    0x001501A0, 0x00010000,    /* 08D3  call base=L21 argc=1 nres=1 */
    0x00111541,                /* 08D5  move L17 <- L21 */
    0x000D1546,                /* 08D6  lconst L21 <- static#13   ("error") */
    0x00160097, 0x00110015,    /* 08D7  is L22 <- L17 is L21 */
    0x0001164B,                /* 08D9  jf L22, +1 */
    0x00110102,                /* 08DA  return L17 count=1 */
    0x00150641,                /* 08DB  move L21 <- L6 */
    0x00160F41,                /* 08DC  move L22 <- L15 */
    0x001501A2, 0x00080001,    /* 08DD  msg base=L21 argc=1 msg#8 nres=1   (free_to) */
    0x00121541,                /* 08DF  move L18 <- L21 */
    0x000D1546,                /* 08E0  lconst L21 <- static#13   ("error") */
    0x00160097, 0x00120015,    /* 08E1  is L22 <- L18 is L21 */
    0x0001164B,                /* 08E3  jf L22, +1 */
    0x00120102,                /* 08E4  return L18 count=1 */
    0xFFCA004F,                /* 08E5  jmp -54 */
    0x00031442,                /* 08E6  gget L20 <- g3   (_emit_pack) */
    0x00170641,                /* 08E7  move L23 <- L6 */
    0x00321845,                /* 08E8  lsym L24 <- sym#50   ("return") */
    0x00190281, 0x00170000,    /* 08E9  tuple L25 <- L23, 2 items */
    0x00151941,                /* 08EB  move L21 <- L25 */
    0x00111746,                /* 08EC  lconst L23 <- static#17   ("a0") */
    0x00180040,                /* 08ED  i8 L24 <- 0 */
    0x00101946,                /* 08EE  lconst L25 <- static#16   ("f") */
    0x001A0040,                /* 08EF  i8 L26 <- 0 */
    0x001B0283, 0x00170000,    /* 08F0  dict L27 <- L23, 2 pairs */
    0x00161B41,                /* 08F2  move L22 <- L27 */
    0x001400A1, 0x00010000,    /* 08F3  call_va base=L20 nres=1 */
    0x00091441,                /* 08F5  move L9 <- L20 */
    0x000D1446,                /* 08F6  lconst L20 <- static#13   ("error") */
    0x00150097, 0x00090014,    /* 08F7  is L21 <- L9 is L20 */
    0x0001154B,                /* 08F9  jf L21, +1 */
    0x00090102,                /* 08FA  return L9 count=1 */
    0x00140641,                /* 08FB  move L20 <- L6 */
    0x001400A2, 0x000C0001,    /* 08FC  msg base=L20 argc=0 msg#12 nres=1   (patch_labels) */
    0x000A1441,                /* 08FE  move L10 <- L20 */
    0x000D1446,                /* 08FF  lconst L20 <- static#13   ("error") */
    0x00150097, 0x000A0014,    /* 0900  is L21 <- L10 is L20 */
    0x0001154B,                /* 0902  jf L21, +1 */
    0x000A0102,                /* 0903  return L10 count=1 */
    0x00191442,                /* 0904  gget L20 <- g25   (_assemble) */
    0x00150041,                /* 0905  move L21 <- L0 */
    0x001401A0, 0x00010000,    /* 0906  call base=L20 argc=1 nres=1 */
    0x000B1441,                /* 0908  move L11 <- L20 */
    0x000D1446,                /* 0909  lconst L20 <- static#13   ("error") */
    0x00150097, 0x000B0014,    /* 090A  is L21 <- L11 is L20 */
    0x0001154B,                /* 090C  jf L21, +1 */
    0x000B0102,                /* 090D  return L11 count=1 */
    0x000A834B,                /* 090E  jf P3, +10 */
    0x003E1442,                /* 090F  gget L20 <- g62   (verify) */
    0x00150B41,                /* 0910  move L21 <- L11 */
    0x001401A0, 0x00010000,    /* 0911  call base=L20 argc=1 nres=1 */
    0x00131441,                /* 0913  move L19 <- L20 */
    0x000D1446,                /* 0914  lconst L20 <- static#13   ("error") */
    0x00150097, 0x00130014,    /* 0915  is L21 <- L19 is L20 */
    0x0001154B,                /* 0917  jf L21, +1 */
    0x00130102,                /* 0918  return L19 count=1 */
    0x000B0102,                /* 0919  return L11 count=1 */
    0x003A0242,                /* 091A  gget L2 <- g58   (ModuleContext) */
    0x00350346,                /* 091B  lconst L3 <- static#53   ("__repl__") */
    0x00040003,                /* 091C  lnil L4 */
    0x000202A0, 0x00010000,    /* 091D  call base=L2 argc=2 nres=1 */
    0x00000241,                /* 091F  move L0 <- L2 */
    0x00020083, 0x00030000,    /* 0920  dict L2 <- L3, 0 pairs */
    0x0000009B, 0x00340002,    /* 0922  setattr L0.sym#52 <- L2   ("session_declared") */
    0x00020041,                /* 0924  move L2 <- L0 */
    0x8000009B, 0x00300002,    /* 0925  setattr P0.sym#48 <- L2   ("module") */
    0x00020040,                /* 0927  i8 L2 <- 0 */
    0x8000009B, 0x00350002,    /* 0928  setattr P0.sym#53 <- L2   ("inputs") */
    0x00020040,                /* 092A  i8 L2 <- 0 */
    0x8000009B, 0x00360002,    /* 092B  setattr P0.sym#54 <- L2   ("code_len") */
    0x00020003,                /* 092D  lnil L2 */
    0x8000009B, 0x00370002,    /* 092E  setattr P0.sym#55 <- L2   ("last_snap") */
    0x00020082, 0x00030000,    /* 0930  list L2 <- L3, 0 items */
    0x8000009B, 0x00380002,    /* 0932  setattr P0.sym#56 <- L2   ("last_undo") */
    0x00020040,                /* 0934  i8 L2 <- 0 */
    0x8000009B, 0x00390002,    /* 0935  setattr P0.sym#57 <- L2   ("last_code_len") */
    0x00010003,                /* 0937  lnil L1 */
    0x00020082, 0x00030000,    /* 0938  list L2 <- L3, 0 items */
    0x8000009B, 0x003A0002,    /* 093A  setattr P0.sym#58 <- L2   ("imports") */
    0x00010102,                /* 093C  return L1 count=1 */
    0x001C0042,                /* 093D  gget L0 <- g28   (SessionContext) */
    0x000000A0, 0x00010000,    /* 093E  call base=L0 argc=0 nres=1 */
    0x00000102,                /* 0940  return L0 count=1 */
    0x00000082, 0x00030000,    /* 0941  list L0 <- L3, 0 items */
    0x00018141,                /* 0943  move L1 <- P1 */
    0x002A0342,                /* 0944  gget L3 <- g42   (len) */
    0x00048041,                /* 0945  move L4 <- P0 */
    0x000301A0, 0x00010000,    /* 0946  call base=L3 argc=1 nres=1 */
    0x00020341,                /* 0948  move L2 <- L3 */
    0x00030091, 0x00010002,    /* 0949  lt L3 <- L1 < L2 */
    0x0009034B,                /* 094B  jf L3, +9 */
    0x00030041,                /* 094C  move L3 <- L0 */
    0x00040098, 0x80000001,    /* 094D  getidx L4 <- P0[L1] */
    0x000301A2, 0x00010001,    /* 094F  msg base=L3 argc=1 msg#1 nres=1   (append) */
    0x00030140,                /* 0951  i8 L3 <- 1 */
    0x00010085, 0x00010003,    /* 0952  add L1 <- L1 + L3 */
    0xFFF4004F,                /* 0954  jmp -12 */
    0x00000102,                /* 0955  return L0 count=1 */
    0x00008041,                /* 0956  move L0 <- P0 */
    0x00018141,                /* 0957  move L1 <- P1 */
    0x000001A2, 0x000D0001,    /* 0958  msg base=L0 argc=1 msg#13 nres=1   (resize) */
    0x00000003,                /* 095A  lnil L0 */
    0x00000102,                /* 095B  return L0 count=1 */
    0x0000009A, 0x80000030,    /* 095C  getattr L0 <- P0.sym#48   ("module") */
    0x0001009A, 0x00000014,    /* 095E  getattr L1 <- L0.sym#20   ("image") */
    0x00020083, 0x00030000,    /* 0960  dict L2 <- L3, 0 pairs */
    0x00360346,                /* 0962  lconst L3 <- static#54   ("lens") */
    0x002A0542,                /* 0963  gget L5 <- g42   (len) */
    0x0006009A, 0x00010029,    /* 0964  getattr L6 <- L1.sym#41   ("statics") */
    0x000501A0, 0x00010000,    /* 0966  call base=L5 argc=1 nres=1 */
    0x002A0642,                /* 0968  gget L6 <- g42   (len) */
    0x0007009A, 0x0001002A,    /* 0969  getattr L7 <- L1.sym#42   ("symbols") */
    0x000601A0, 0x00010000,    /* 096B  call base=L6 argc=1 nres=1 */
    0x002A0742,                /* 096D  gget L7 <- g42   (len) */
    0x0008009A, 0x0001002C,    /* 096E  getattr L8 <- L1.sym#44   ("messages") */
    0x000701A0, 0x00010000,    /* 0970  call base=L7 argc=1 nres=1 */
    0x002A0842,                /* 0972  gget L8 <- g42   (len) */
    0x0009009A, 0x00010023,    /* 0973  getattr L9 <- L1.sym#35   ("globals") */
    0x000801A0, 0x00010000,    /* 0975  call base=L8 argc=1 nres=1 */
    0x002A0942,                /* 0977  gget L9 <- g42   (len) */
    0x000A009A, 0x00010022,    /* 0978  getattr L10 <- L1.sym#34   ("functions") */
    0x000901A0, 0x00010000,    /* 097A  call base=L9 argc=1 nres=1 */
    0x002A0A42,                /* 097C  gget L10 <- g42   (len) */
    0x000B009A, 0x0001002B,    /* 097D  getattr L11 <- L1.sym#43   ("classes") */
    0x000A01A0, 0x00010000,    /* 097F  call base=L10 argc=1 nres=1 */
    0x002A0B42,                /* 0981  gget L11 <- g42   (len) */
    0x000C009A, 0x0000003C,    /* 0982  getattr L12 <- L0.sym#60   ("static_imports") */
    0x000B01A0, 0x00010000,    /* 0984  call base=L11 argc=1 nres=1 */
    0x00040782, 0x00050000,    /* 0986  list L4 <- L5, 7 items */
    0x00020099, 0x00030004,    /* 0988  setidx L2[L3] <- L4 */
    0x00370346,                /* 098A  lconst L3 <- static#55   ("image_dicts") */
    0x003F0542,                /* 098B  gget L5 <- g63   (copy) */
    0x0006009A, 0x0001003D,    /* 098C  getattr L6 <- L1.sym#61   ("_static_index") */
    0x000501A0, 0x00010000,    /* 098E  call base=L5 argc=1 nres=1 */
    0x003F0642,                /* 0990  gget L6 <- g63   (copy) */
    0x0007009A, 0x0001003E,    /* 0991  getattr L7 <- L1.sym#62   ("_symbol_index") */
    0x000601A0, 0x00010000,    /* 0993  call base=L6 argc=1 nres=1 */
    0x003F0742,                /* 0995  gget L7 <- g63   (copy) */
    0x0008009A, 0x0001003F,    /* 0996  getattr L8 <- L1.sym#63   ("_message_index") */
    0x000701A0, 0x00010000,    /* 0998  call base=L7 argc=1 nres=1 */
    0x003F0842,                /* 099A  gget L8 <- g63   (copy) */
    0x0009009A, 0x00010040,    /* 099B  getattr L9 <- L1.sym#64   ("_global_index") */
    0x000801A0, 0x00010000,    /* 099D  call base=L8 argc=1 nres=1 */
    0x003F0942,                /* 099F  gget L9 <- g63   (copy) */
    0x000A009A, 0x00010041,    /* 09A0  getattr L10 <- L1.sym#65   ("_free_index") */
    0x000901A0, 0x00010000,    /* 09A2  call base=L9 argc=1 nres=1 */
    0x00040582, 0x00050000,    /* 09A4  list L4 <- L5, 5 items */
    0x00020099, 0x00030004,    /* 09A6  setidx L2[L3] <- L4 */
    0x00380346,                /* 09A8  lconst L3 <- static#56   ("module_dicts") */
    0x003F0542,                /* 09A9  gget L5 <- g63   (copy) */
    0x0006009A, 0x00000023,    /* 09AA  getattr L6 <- L0.sym#35   ("globals") */
    0x000501A0, 0x00010000,    /* 09AC  call base=L5 argc=1 nres=1 */
    0x003F0642,                /* 09AE  gget L6 <- g63   (copy) */
    0x0007009A, 0x0000002B,    /* 09AF  getattr L7 <- L0.sym#43   ("classes") */
    0x000601A0, 0x00010000,    /* 09B1  call base=L6 argc=1 nres=1 */
    0x003F0742,                /* 09B3  gget L7 <- g63   (copy) */
    0x0008009A, 0x00000042,    /* 09B4  getattr L8 <- L0.sym#66   ("class_statics") */
    0x000701A0, 0x00010000,    /* 09B6  call base=L7 argc=1 nres=1 */
    0x003F0842,                /* 09B8  gget L8 <- g63   (copy) */
    0x0009009A, 0x00000043,    /* 09B9  getattr L9 <- L0.sym#67   ("slot_names") */
    0x000801A0, 0x00010000,    /* 09BB  call base=L8 argc=1 nres=1 */
    0x003F0942,                /* 09BD  gget L9 <- g63   (copy) */
    0x000A009A, 0x00000044,    /* 09BE  getattr L10 <- L0.sym#68   ("superclasses") */
    0x000901A0, 0x00010000,    /* 09C0  call base=L9 argc=1 nres=1 */
    0x003F0A42,                /* 09C2  gget L10 <- g63   (copy) */
    0x000B009A, 0x0000000F,    /* 09C3  getattr L11 <- L0.sym#15   ("definitions") */
    0x000A01A0, 0x00010000,    /* 09C5  call base=L10 argc=1 nres=1 */
    0x003F0B42,                /* 09C7  gget L11 <- g63   (copy) */
    0x000C009A, 0x00000045,    /* 09C8  getattr L12 <- L0.sym#69   ("promoted_arities") */
    0x000B01A0, 0x00010000,    /* 09CA  call base=L11 argc=1 nres=1 */
    0x003F0C42,                /* 09CC  gget L12 <- g63   (copy) */
    0x000D009A, 0x00000046,    /* 09CD  getattr L13 <- L0.sym#70   ("session_pending") */
    0x000C01A0, 0x00010000,    /* 09CF  call base=L12 argc=1 nres=1 */
    0x003F0D42,                /* 09D1  gget L13 <- g63   (copy) */
    0x000E009A, 0x00000024,    /* 09D2  getattr L14 <- L0.sym#36   ("imported") */
    0x000D01A0, 0x00010000,    /* 09D4  call base=L13 argc=1 nres=1 */
    0x003F0E42,                /* 09D6  gget L14 <- g63   (copy) */
    0x000F009A, 0x0000000A,    /* 09D7  getattr L15 <- L0.sym#10   ("import_paths") */
    0x000E01A0, 0x00010000,    /* 09D9  call base=L14 argc=1 nres=1 */
    0x00040A82, 0x00050000,    /* 09DB  list L4 <- L5, 10 items */
    0x00020099, 0x00030004,    /* 09DD  setidx L2[L3] <- L4 */
    0x00390346,                /* 09DF  lconst L3 <- static#57   ("wildcard") */
    0x0004009A, 0x0000001B,    /* 09E0  getattr L4 <- L0.sym#27   ("has_wildcard_import") */
    0x00020099, 0x00030004,    /* 09E2  setidx L2[L3] <- L4 */
    0x003A0346,                /* 09E4  lconst L3 <- static#58   ("imports") */
    0x002A0542,                /* 09E5  gget L5 <- g42   (len) */
    0x0006009A, 0x8000003A,    /* 09E6  getattr L6 <- P0.sym#58   ("imports") */
    0x000501A0, 0x00010000,    /* 09E8  call base=L5 argc=1 nres=1 */
    0x00040541,                /* 09EA  move L4 <- L5 */
    0x00020099, 0x00030004,    /* 09EB  setidx L2[L3] <- L4 */
    0x00020102,                /* 09ED  return L2 count=1 */
    0x0000009A, 0x80000030,    /* 09EE  getattr L0 <- P0.sym#48   ("module") */
    0x0001009A, 0x00000014,    /* 09F0  getattr L1 <- L0.sym#20   ("image") */
    0x0002009A, 0x00000047,    /* 09F2  getattr L2 <- L0.sym#71   ("session_undo") */
    0x002A0842,                /* 09F4  gget L8 <- g42   (len) */
    0x00090241,                /* 09F5  move L9 <- L2 */
    0x000801A0, 0x00010000,    /* 09F6  call base=L8 argc=1 nres=1 */
    0x00090140,                /* 09F8  i8 L9 <- 1 */
    0x00030086, 0x00080009,    /* 09F9  sub L3 <- L8 - L9 */
    0x00080040,                /* 09FB  i8 L8 <- 0 */
    0x00090094, 0x00030008,    /* 09FC  ge L9 <- L3 >= L8 */
    0x001D094B,                /* 09FE  jf L9, +29 */
    0x0008009A, 0x00010023,    /* 09FF  getattr L8 <- L1.sym#35   ("globals") */
    0x00090098, 0x00020003,    /* 0A01  getidx L9 <- L2[L3] */
    0x000A0040,                /* 0A03  i8 L10 <- 0 */
    0x000B0098, 0x0009000A,    /* 0A04  getidx L11 <- L9[L10] */
    0x00070098, 0x0008000B,    /* 0A06  getidx L7 <- L8[L11] */
    0x001F0846,                /* 0A08  lconst L8 <- static#31   ("exported") */
    0x000A0098, 0x00020003,    /* 0A09  getidx L10 <- L2[L3] */
    0x000B0140,                /* 0A0B  i8 L11 <- 1 */
    0x00090098, 0x000A000B,    /* 0A0C  getidx L9 <- L10[L11] */
    0x00070099, 0x00080009,    /* 0A0E  setidx L7[L8] <- L9 */
    0x00210846,                /* 0A10  lconst L8 <- static#33   ("free") */
    0x000A0098, 0x00020003,    /* 0A11  getidx L10 <- L2[L3] */
    0x000B0240,                /* 0A13  i8 L11 <- 2 */
    0x00090098, 0x000A000B,    /* 0A14  getidx L9 <- L10[L11] */
    0x00070099, 0x00080009,    /* 0A16  setidx L7[L8] <- L9 */
    0x00080140,                /* 0A18  i8 L8 <- 1 */
    0x00030086, 0x00030008,    /* 0A19  sub L3 <- L3 - L8 */
    0xFFDF004F,                /* 0A1B  jmp -33 */
    0x00360846,                /* 0A1C  lconst L8 <- static#54   ("lens") */
    0x00040098, 0x80010008,    /* 0A1D  getidx L4 <- P1[L8] */
    0x001F0842,                /* 0A1F  gget L8 <- g31   (_truncate) */
    0x0009009A, 0x00010029,    /* 0A20  getattr L9 <- L1.sym#41   ("statics") */
    0x000A0040,                /* 0A22  i8 L10 <- 0 */
    0x000B0098, 0x0004000A,    /* 0A23  getidx L11 <- L4[L10] */
    0x000A0B41,                /* 0A25  move L10 <- L11 */
    0x000802A0, 0x00010000,    /* 0A26  call base=L8 argc=2 nres=1 */
    0x001F0842,                /* 0A28  gget L8 <- g31   (_truncate) */
    0x0009009A, 0x0001002A,    /* 0A29  getattr L9 <- L1.sym#42   ("symbols") */
    0x000A0140,                /* 0A2B  i8 L10 <- 1 */
    0x000B0098, 0x0004000A,    /* 0A2C  getidx L11 <- L4[L10] */
    0x000A0B41,                /* 0A2E  move L10 <- L11 */
    0x000802A0, 0x00010000,    /* 0A2F  call base=L8 argc=2 nres=1 */
    0x001F0842,                /* 0A31  gget L8 <- g31   (_truncate) */
    0x0009009A, 0x0001002C,    /* 0A32  getattr L9 <- L1.sym#44   ("messages") */
    0x000A0240,                /* 0A34  i8 L10 <- 2 */
    0x000B0098, 0x0004000A,    /* 0A35  getidx L11 <- L4[L10] */
    0x000A0B41,                /* 0A37  move L10 <- L11 */
    0x000802A0, 0x00010000,    /* 0A38  call base=L8 argc=2 nres=1 */
    0x001F0842,                /* 0A3A  gget L8 <- g31   (_truncate) */
    0x0009009A, 0x00010023,    /* 0A3B  getattr L9 <- L1.sym#35   ("globals") */
    0x000A0340,                /* 0A3D  i8 L10 <- 3 */
    0x000B0098, 0x0004000A,    /* 0A3E  getidx L11 <- L4[L10] */
    0x000A0B41,                /* 0A40  move L10 <- L11 */
    0x000802A0, 0x00010000,    /* 0A41  call base=L8 argc=2 nres=1 */
    0x001F0842,                /* 0A43  gget L8 <- g31   (_truncate) */
    0x0009009A, 0x00010022,    /* 0A44  getattr L9 <- L1.sym#34   ("functions") */
    0x000A0440,                /* 0A46  i8 L10 <- 4 */
    0x000B0098, 0x0004000A,    /* 0A47  getidx L11 <- L4[L10] */
    0x000A0B41,                /* 0A49  move L10 <- L11 */
    0x000802A0, 0x00010000,    /* 0A4A  call base=L8 argc=2 nres=1 */
    0x001F0842,                /* 0A4C  gget L8 <- g31   (_truncate) */
    0x0009009A, 0x0001002B,    /* 0A4D  getattr L9 <- L1.sym#43   ("classes") */
    0x000A0540,                /* 0A4F  i8 L10 <- 5 */
    0x000B0098, 0x0004000A,    /* 0A50  getidx L11 <- L4[L10] */
    0x000A0B41,                /* 0A52  move L10 <- L11 */
    0x000802A0, 0x00010000,    /* 0A53  call base=L8 argc=2 nres=1 */
    0x001F0842,                /* 0A55  gget L8 <- g31   (_truncate) */
    0x0009009A, 0x0000003C,    /* 0A56  getattr L9 <- L0.sym#60   ("static_imports") */
    0x000A0640,                /* 0A58  i8 L10 <- 6 */
    0x000B0098, 0x0004000A,    /* 0A59  getidx L11 <- L4[L10] */
    0x000A0B41,                /* 0A5B  move L10 <- L11 */
    0x000802A0, 0x00010000,    /* 0A5C  call base=L8 argc=2 nres=1 */
    0x001F0842,                /* 0A5E  gget L8 <- g31   (_truncate) */
    0x0009009A, 0x8000003A,    /* 0A5F  getattr L9 <- P0.sym#58   ("imports") */
    0x003A0A46,                /* 0A61  lconst L10 <- static#58   ("imports") */
    0x000B0098, 0x8001000A,    /* 0A62  getidx L11 <- P1[L10] */
    0x000A0B41,                /* 0A64  move L10 <- L11 */
    0x000802A0, 0x00010000,    /* 0A65  call base=L8 argc=2 nres=1 */
    0x00370846,                /* 0A67  lconst L8 <- static#55   ("image_dicts") */
    0x00050098, 0x80010008,    /* 0A68  getidx L5 <- P1[L8] */
    0x00090040,                /* 0A6A  i8 L9 <- 0 */
    0x00080098, 0x00050009,    /* 0A6B  getidx L8 <- L5[L9] */
    0x0001009B, 0x003D0008,    /* 0A6D  setattr L1.sym#61 <- L8   ("_static_index") */
    0x00090140,                /* 0A6F  i8 L9 <- 1 */
    0x00080098, 0x00050009,    /* 0A70  getidx L8 <- L5[L9] */
    0x0001009B, 0x003E0008,    /* 0A72  setattr L1.sym#62 <- L8   ("_symbol_index") */
    0x00090240,                /* 0A74  i8 L9 <- 2 */
    0x00080098, 0x00050009,    /* 0A75  getidx L8 <- L5[L9] */
    0x0001009B, 0x003F0008,    /* 0A77  setattr L1.sym#63 <- L8   ("_message_index") */
    0x00090340,                /* 0A79  i8 L9 <- 3 */
    0x00080098, 0x00050009,    /* 0A7A  getidx L8 <- L5[L9] */
    0x0001009B, 0x00400008,    /* 0A7C  setattr L1.sym#64 <- L8   ("_global_index") */
    0x00090440,                /* 0A7E  i8 L9 <- 4 */
    0x00080098, 0x00050009,    /* 0A7F  getidx L8 <- L5[L9] */
    0x0001009B, 0x00410008,    /* 0A81  setattr L1.sym#65 <- L8   ("_free_index") */
    0x00380846,                /* 0A83  lconst L8 <- static#56   ("module_dicts") */
    0x00060098, 0x80010008,    /* 0A84  getidx L6 <- P1[L8] */
    0x00090040,                /* 0A86  i8 L9 <- 0 */
    0x00080098, 0x00060009,    /* 0A87  getidx L8 <- L6[L9] */
    0x0000009B, 0x00230008,    /* 0A89  setattr L0.sym#35 <- L8   ("globals") */
    0x00090140,                /* 0A8B  i8 L9 <- 1 */
    0x00080098, 0x00060009,    /* 0A8C  getidx L8 <- L6[L9] */
    0x0000009B, 0x002B0008,    /* 0A8E  setattr L0.sym#43 <- L8   ("classes") */
    0x00090240,                /* 0A90  i8 L9 <- 2 */
    0x00080098, 0x00060009,    /* 0A91  getidx L8 <- L6[L9] */
    0x0000009B, 0x00420008,    /* 0A93  setattr L0.sym#66 <- L8   ("class_statics") */
    0x00090340,                /* 0A95  i8 L9 <- 3 */
    0x00080098, 0x00060009,    /* 0A96  getidx L8 <- L6[L9] */
    0x0000009B, 0x00430008,    /* 0A98  setattr L0.sym#67 <- L8   ("slot_names") */
    0x00090440,                /* 0A9A  i8 L9 <- 4 */
    0x00080098, 0x00060009,    /* 0A9B  getidx L8 <- L6[L9] */
    0x0000009B, 0x00440008,    /* 0A9D  setattr L0.sym#68 <- L8   ("superclasses") */
    0x00090540,                /* 0A9F  i8 L9 <- 5 */
    0x00080098, 0x00060009,    /* 0AA0  getidx L8 <- L6[L9] */
    0x0000009B, 0x000F0008,    /* 0AA2  setattr L0.sym#15 <- L8   ("definitions") */
    0x00090640,                /* 0AA4  i8 L9 <- 6 */
    0x00080098, 0x00060009,    /* 0AA5  getidx L8 <- L6[L9] */
    0x0000009B, 0x00450008,    /* 0AA7  setattr L0.sym#69 <- L8   ("promoted_arities") */
    0x00090740,                /* 0AA9  i8 L9 <- 7 */
    0x00080098, 0x00060009,    /* 0AAA  getidx L8 <- L6[L9] */
    0x0000009B, 0x00460008,    /* 0AAC  setattr L0.sym#70 <- L8   ("session_pending") */
    0x00090840,                /* 0AAE  i8 L9 <- 8 */
    0x00080098, 0x00060009,    /* 0AAF  getidx L8 <- L6[L9] */
    0x0000009B, 0x00240008,    /* 0AB1  setattr L0.sym#36 <- L8   ("imported") */
    0x00090940,                /* 0AB3  i8 L9 <- 9 */
    0x00080098, 0x00060009,    /* 0AB4  getidx L8 <- L6[L9] */
    0x0000009B, 0x000A0008,    /* 0AB6  setattr L0.sym#10 <- L8   ("import_paths") */
    0x00390946,                /* 0AB8  lconst L9 <- static#57   ("wildcard") */
    0x00080098, 0x80010009,    /* 0AB9  getidx L8 <- P1[L9] */
    0x0000009B, 0x001B0008,    /* 0ABB  setattr L0.sym#27 <- L8   ("has_wildcard_import") */
    0x00080082, 0x00090000,    /* 0ABD  list L8 <- L9, 0 items */
    0x0000009B, 0x00470008,    /* 0ABF  setattr L0.sym#71 <- L8   ("session_undo") */
    0x00080082, 0x00090000,    /* 0AC1  list L8 <- L9, 0 items */
    0x0000009B, 0x00480008,    /* 0AC3  setattr L0.sym#72 <- L8   ("session_filled") */
    0x00080082, 0x00090000,    /* 0AC5  list L8 <- L9, 0 items */
    0x0000009B, 0x00210008,    /* 0AC7  setattr L0.sym#33 <- L8   ("pending") */
    0x00080082, 0x00090000,    /* 0AC9  list L8 <- L9, 0 items */
    0x0000009B, 0x001F0008,    /* 0ACB  setattr L0.sym#31 <- L8   ("pending_statics") */
    0x00080003,                /* 0ACD  lnil L8 */
    0x00080102,                /* 0ACE  return L8 count=1 */
    0x002D0342,                /* 0ACF  gget L3 <- g45   (node_kind) */
    0x00048141,                /* 0AD0  move L4 <- P1 */
    0x000301A0, 0x00010000,    /* 0AD1  call base=L3 argc=1 nres=1 */
    0x00300445,                /* 0AD3  lsym L4 <- sym#48   ("module") */
    0x00050090, 0x00030004,    /* 0AD4  ne L5 <- L3 != L4 */
    0x0005054B,                /* 0AD6  jf L5, +5 */
    0x00250342,                /* 0AD7  gget L3 <- g37   (error) */
    0x003B0446,                /* 0AD8  lconst L4 <- static#59   ("compile_snippet needs a 'module node") */
    0x000301A0, 0x00010000,    /* 0AD9  call base=L3 argc=1 nres=1 */
    0x00030102,                /* 0ADB  return L3 count=1 */
    0x00200342,                /* 0ADC  gget L3 <- g32   (_session_snapshot) */
    0x00048041,                /* 0ADD  move L4 <- P0 */
    0x000301A0, 0x00010000,    /* 0ADE  call base=L3 argc=1 nres=1 */
    0x00000341,                /* 0AE0  move L0 <- L3 */
    0x0001009A, 0x80000036,    /* 0AE1  getattr L1 <- P0.sym#54   ("code_len") */
    0x00240342,                /* 0AE3  gget L3 <- g36   (_compile_snippet_body) */
    0x00048041,                /* 0AE4  move L4 <- P0 */
    0x00058141,                /* 0AE5  move L5 <- P1 */
    0x00068241,                /* 0AE6  move L6 <- P2 */
    0x000303A0, 0x00010000,    /* 0AE7  call base=L3 argc=3 nres=1 */
    0x00020341,                /* 0AE9  move L2 <- L3 */
    0x000D0346,                /* 0AEA  lconst L3 <- static#13   ("error") */
    0x00040097, 0x00020003,    /* 0AEB  is L4 <- L2 is L3 */
    0x0006044B,                /* 0AED  jf L4, +6 */
    0x00210342,                /* 0AEE  gget L3 <- g33   (_session_restore) */
    0x00048041,                /* 0AEF  move L4 <- P0 */
    0x00050041,                /* 0AF0  move L5 <- L0 */
    0x000302A0, 0x00010000,    /* 0AF1  call base=L3 argc=2 nres=1 */
    0x00020102,                /* 0AF3  return L2 count=1 */
    0x00030041,                /* 0AF4  move L3 <- L0 */
    0x8000009B, 0x00370003,    /* 0AF5  setattr P0.sym#55 <- L3   ("last_snap") */
    0x00030141,                /* 0AF7  move L3 <- L1 */
    0x8000009B, 0x00390003,    /* 0AF8  setattr P0.sym#57 <- L3   ("last_code_len") */
    0x00020102,                /* 0AFA  return L2 count=1 */
    0x0000009A, 0x80000037,    /* 0AFB  getattr L0 <- P0.sym#55   ("last_snap") */
    0x00190146,                /* 0AFD  lconst L1 <- static#25   ("nil") */
    0x00020097, 0x00000001,    /* 0AFE  is L2 <- L0 is L1 */
    0x0002024B,                /* 0B00  jf L2, +2 */
    0x00010003,                /* 0B01  lnil L1 */
    0x00010102,                /* 0B02  return L1 count=1 */
    0x0001009A, 0x80000030,    /* 0B03  getattr L1 <- P0.sym#48   ("module") */
    0x0002009A, 0x80000038,    /* 0B05  getattr L2 <- P0.sym#56   ("last_undo") */
    0x0001009B, 0x00470002,    /* 0B07  setattr L1.sym#71 <- L2   ("session_undo") */
    0x00210142,                /* 0B09  gget L1 <- g33   (_session_restore) */
    0x00028041,                /* 0B0A  move L2 <- P0 */
    0x00030041,                /* 0B0B  move L3 <- L0 */
    0x000102A0, 0x00010000,    /* 0B0C  call base=L1 argc=2 nres=1 */
    0x0001009A, 0x80000039,    /* 0B0E  getattr L1 <- P0.sym#57   ("last_code_len") */
    0x8000009B, 0x00360001,    /* 0B10  setattr P0.sym#54 <- L1   ("code_len") */
    0x00010003,                /* 0B12  lnil L1 */
    0x8000009B, 0x00370001,    /* 0B13  setattr P0.sym#55 <- L1   ("last_snap") */
    0x00010003,                /* 0B15  lnil L1 */
    0x00010102,                /* 0B16  return L1 count=1 */
    0x0000009A, 0x80000030,    /* 0B17  getattr L0 <- P0.sym#48   ("module") */
    0x0001009A, 0x00000014,    /* 0B19  getattr L1 <- L0.sym#20   ("image") */
    0x0038009A, 0x80000035,    /* 0B1B  getattr L56 <- P0.sym#53   ("inputs") */
    0x00390140,                /* 0B1D  i8 L57 <- 1 */
    0x00370085, 0x00380039,    /* 0B1E  add L55 <- L56 + L57 */
    0x8000009B, 0x00350037,    /* 0B20  setattr P0.sym#53 <- L55   ("inputs") */
    0x003C3746,                /* 0B22  lconst L55 <- static#60   ("<repl-") */
    0x002B3842,                /* 0B23  gget L56 <- g43   (str) */
    0x0039009A, 0x80000035,    /* 0B24  getattr L57 <- P0.sym#53   ("inputs") */
    0x003801A0, 0x00010000,    /* 0B26  call base=L56 argc=1 nres=1 */
    0x00390085, 0x00370038,    /* 0B28  add L57 <- L55 + L56 */
    0x003D3A46,                /* 0B2A  lconst L58 <- static#61   (">") */
    0x00020085, 0x0039003A,    /* 0B2B  add L2 <- L57 + L58 */
    0x00370083, 0x00380000,    /* 0B2D  dict L55 <- L56, 0 pairs */
    0x0000009B, 0x00340037,    /* 0B2F  setattr L0.sym#52 <- L55   ("session_declared") */
    0x00370082, 0x00380000,    /* 0B31  list L55 <- L56, 0 items */
    0x0000009B, 0x00470037,    /* 0B33  setattr L0.sym#71 <- L55   ("session_undo") */
    0x00370082, 0x00380000,    /* 0B35  list L55 <- L56, 0 items */
    0x0000009B, 0x00480037,    /* 0B37  setattr L0.sym#72 <- L55   ("session_filled") */
    0x00370082, 0x00380000,    /* 0B39  list L55 <- L56, 0 items */
    0x0000009B, 0x00210037,    /* 0B3B  setattr L0.sym#33 <- L55   ("pending") */
    0x00370082, 0x00380000,    /* 0B3D  list L55 <- L56, 0 items */
    0x0000009B, 0x001F0037,    /* 0B3F  setattr L0.sym#31 <- L55   ("pending_statics") */
    0x00370082, 0x00380000,    /* 0B41  list L55 <- L56, 0 items */
    0x0001009B, 0x00490037,    /* 0B43  setattr L1.sym#73 <- L55   ("module_uses") */
    0x00370082, 0x00380000,    /* 0B45  list L55 <- L56, 0 items */
    0x0001009B, 0x00260037,    /* 0B47  setattr L1.sym#38 <- L55   ("unlowered") */
    0x00403842,                /* 0B49  gget L56 <- g64   (FnContext) */
    0x00390041,                /* 0B4A  move L57 <- L0 */
    0x003A0241,                /* 0B4B  move L58 <- L2 */
    0x003B0003,                /* 0B4C  lnil L59 */
    0x003C0003,                /* 0B4D  lnil L60 */
    0x003D0040,                /* 0B4E  i8 L61 <- 0 */
    0x003E0104,                /* 0B4F  lbool L62 <- 1 */
    0x003F0003,                /* 0B50  lnil L63 */
    0x003807A0, 0x00010000,    /* 0B51  call base=L56 argc=7 nres=1 */
    0x00373841,                /* 0B53  move L55 <- L56 */
    0x0000009B, 0x00100037,    /* 0B54  setattr L0.sym#16 <- L55   ("init_ctx") */
    0x002A3742,                /* 0B56  gget L55 <- g42   (len) */
    0x0038009A, 0x00010029,    /* 0B57  getattr L56 <- L1.sym#41   ("statics") */
    0x003701A0, 0x00010000,    /* 0B59  call base=L55 argc=1 nres=1 */
    0x00033741,                /* 0B5B  move L3 <- L55 */
    0x002A3742,                /* 0B5C  gget L55 <- g42   (len) */
    0x0038009A, 0x0001002A,    /* 0B5D  getattr L56 <- L1.sym#42   ("symbols") */
    0x003701A0, 0x00010000,    /* 0B5F  call base=L55 argc=1 nres=1 */
    0x00043741,                /* 0B61  move L4 <- L55 */
    0x002A3742,                /* 0B62  gget L55 <- g42   (len) */
    0x0038009A, 0x0001002C,    /* 0B63  getattr L56 <- L1.sym#44   ("messages") */
    0x003701A0, 0x00010000,    /* 0B65  call base=L55 argc=1 nres=1 */
    0x00053741,                /* 0B67  move L5 <- L55 */
    0x002A3742,                /* 0B68  gget L55 <- g42   (len) */
    0x0038009A, 0x00010023,    /* 0B69  getattr L56 <- L1.sym#35   ("globals") */
    0x003701A0, 0x00010000,    /* 0B6B  call base=L55 argc=1 nres=1 */
    0x00063741,                /* 0B6D  move L6 <- L55 */
    0x002A3742,                /* 0B6E  gget L55 <- g42   (len) */
    0x0038009A, 0x00010022,    /* 0B6F  getattr L56 <- L1.sym#34   ("functions") */
    0x003701A0, 0x00010000,    /* 0B71  call base=L55 argc=1 nres=1 */
    0x00073741,                /* 0B73  move L7 <- L55 */
    0x002A3742,                /* 0B74  gget L55 <- g42   (len) */
    0x0038009A, 0x0001002B,    /* 0B75  getattr L56 <- L1.sym#43   ("classes") */
    0x003701A0, 0x00010000,    /* 0B77  call base=L55 argc=1 nres=1 */
    0x00083741,                /* 0B79  move L8 <- L55 */
    0x00263742,                /* 0B7A  gget L55 <- g38   (cdr) */
    0x00388141,                /* 0B7B  move L56 <- P1 */
    0x003701A0, 0x00010000,    /* 0B7C  call base=L55 argc=1 nres=1 */
    0x00093741,                /* 0B7E  move L9 <- L55 */
    0x001A3742,                /* 0B7F  gget L55 <- g26   (_has_decorate) */
    0x00380941,                /* 0B80  move L56 <- L9 */
    0x003701A0, 0x00010000,    /* 0B81  call base=L55 argc=1 nres=1 */
    0x0043374B,                /* 0B83  jf L55, +67 */
    0x00193746,                /* 0B84  lconst L55 <- static#25   ("nil") */
    0x00380097, 0x80020037,    /* 0B85  is L56 <- P2 is L55 */
    0x0005384B,                /* 0B87  jf L56, +5 */
    0x00253742,                /* 0B88  gget L55 <- g37   (error) */
    0x003E3846,                /* 0B89  lconst L56 <- static#62   ("this input has decorators but no expander was supplied (see wyrm::compiler::expansion)") */
    0x003701A0, 0x00010000,    /* 0B8A  call base=L55 argc=1 nres=1 */
    0x00370102,                /* 0B8C  return L55 count=1 */
    0x001E009A, 0x8000003A,    /* 0B8D  getattr L30 <- P0.sym#58   ("imports") */
    0x001F0941,                /* 0B8F  move L31 <- L9 */
    0x002A3742,                /* 0B90  gget L55 <- g42   (len) */
    0x00381E41,                /* 0B91  move L56 <- L30 */
    0x003701A0, 0x00010000,    /* 0B92  call base=L55 argc=1 nres=1 */
    0x00380140,                /* 0B94  i8 L56 <- 1 */
    0x00200086, 0x00370038,    /* 0B95  sub L32 <- L55 - L56 */
    0x00370040,                /* 0B97  i8 L55 <- 0 */
    0x00380094, 0x00200037,    /* 0B98  ge L56 <- L32 >= L55 */
    0x000B384B,                /* 0B9A  jf L56, +11 */
    0x002F3742,                /* 0B9B  gget L55 <- g47   (cons) */
    0x00380098, 0x001E0020,    /* 0B9C  getidx L56 <- L30[L32] */
    0x00391F41,                /* 0B9E  move L57 <- L31 */
    0x003702A0, 0x00010000,    /* 0B9F  call base=L55 argc=2 nres=1 */
    0x001F3741,                /* 0BA1  move L31 <- L55 */
    0x00370140,                /* 0BA2  i8 L55 <- 1 */
    0x00200086, 0x00200037,    /* 0BA3  sub L32 <- L32 - L55 */
    0xFFF1004F,                /* 0BA5  jmp -15 */
    0x00378241,                /* 0BA6  move L55 <- P2 */
    0x00381F41,                /* 0BA7  move L56 <- L31 */
    0x00390241,                /* 0BA8  move L57 <- L2 */
    0x003702A0, 0x00010000,    /* 0BA9  call base=L55 argc=2 nres=1 */
    0x00213741,                /* 0BAB  move L33 <- L55 */
    0x000D3746,                /* 0BAC  lconst L55 <- static#13   ("error") */
    0x00380097, 0x00210037,    /* 0BAD  is L56 <- L33 is L55 */
    0x0001384B,                /* 0BAF  jf L56, +1 */
    0x00210102,                /* 0BB0  return L33 count=1 */
    0x00263742,                /* 0BB1  gget L55 <- g38   (cdr) */
    0x00382141,                /* 0BB2  move L56 <- L33 */
    0x003701A0, 0x00010000,    /* 0BB3  call base=L55 argc=1 nres=1 */
    0x00093741,                /* 0BB5  move L9 <- L55 */
    0x00220040,                /* 0BB6  i8 L34 <- 0 */
    0x002A3742,                /* 0BB7  gget L55 <- g42   (len) */
    0x00381E41,                /* 0BB8  move L56 <- L30 */
    0x003701A0, 0x00010000,    /* 0BB9  call base=L55 argc=1 nres=1 */
    0x00380091, 0x00220037,    /* 0BBB  lt L56 <- L34 < L55 */
    0x0009384B,                /* 0BBD  jf L56, +9 */
    0x00263742,                /* 0BBE  gget L55 <- g38   (cdr) */
    0x00380941,                /* 0BBF  move L56 <- L9 */
    0x003701A0, 0x00010000,    /* 0BC0  call base=L55 argc=1 nres=1 */
    0x00093741,                /* 0BC2  move L9 <- L55 */
    0x00370140,                /* 0BC3  i8 L55 <- 1 */
    0x00220085, 0x00220037,    /* 0BC4  add L34 <- L34 + L55 */
    0xFFF0004F,                /* 0BC6  jmp -16 */
    0x000A3742,                /* 0BC7  gget L55 <- g10   (_lower_annotations) */
    0x00380941,                /* 0BC8  move L56 <- L9 */
    0x003701A0, 0x00010000,    /* 0BC9  call base=L55 argc=1 nres=1 */
    0x00093741,                /* 0BCB  move L9 <- L55 */
    0x000A0941,                /* 0BCC  move L10 <- L9 */
    0x000B3746,                /* 0BCD  lconst L55 <- static#11   ("pair") */
    0x00380097, 0x000A0037,    /* 0BCE  is L56 <- L10 is L55 */
    0x0024384B,                /* 0BD0  jf L56, +36 */
    0x002D3842,                /* 0BD1  gget L56 <- g45   (node_kind) */
    0x00273942,                /* 0BD2  gget L57 <- g39   (car) */
    0x003A0A41,                /* 0BD3  move L58 <- L10 */
    0x003901A0, 0x00010000,    /* 0BD4  call base=L57 argc=1 nres=1 */
    0x003801A0, 0x00010000,    /* 0BD6  call base=L56 argc=1 nres=1 */
    0x00073945,                /* 0BD8  lsym L57 <- sym#7   ("import") */
    0x0037008F, 0x00380039,    /* 0BD9  eq L55 <- L56 == L57 */
    0x000A374C,                /* 0BDB  jt L55, +10 */
    0x002D3842,                /* 0BDC  gget L56 <- g45   (node_kind) */
    0x00273942,                /* 0BDD  gget L57 <- g39   (car) */
    0x003A0A41,                /* 0BDE  move L58 <- L10 */
    0x003901A0, 0x00010000,    /* 0BDF  call base=L57 argc=1 nres=1 */
    0x003801A0, 0x00010000,    /* 0BE1  call base=L56 argc=1 nres=1 */
    0x00083945,                /* 0BE3  lsym L57 <- sym#8   ("import_static") */
    0x0037008F, 0x00380039,    /* 0BE4  eq L55 <- L56 == L57 */
    0x0008374B,                /* 0BE6  jf L55, +8 */
    0x0037009A, 0x8000003A,    /* 0BE7  getattr L55 <- P0.sym#58   ("imports") */
    0x00273842,                /* 0BE9  gget L56 <- g39   (car) */
    0x00390A41,                /* 0BEA  move L57 <- L10 */
    0x003801A0, 0x00010000,    /* 0BEB  call base=L56 argc=1 nres=1 */
    0x003701A2, 0x00010001,    /* 0BED  msg base=L55 argc=1 msg#1 nres=1   (append) */
    0x00263742,                /* 0BEF  gget L55 <- g38   (cdr) */
    0x00380A41,                /* 0BF0  move L56 <- L10 */
    0x003701A0, 0x00010000,    /* 0BF1  call base=L55 argc=1 nres=1 */
    0x000A3741,                /* 0BF3  move L10 <- L55 */
    0xFFD8004F,                /* 0BF4  jmp -40 */
    0x000D3742,                /* 0BF5  gget L55 <- g13   (_declare_module_names) */
    0x00380941,                /* 0BF6  move L56 <- L9 */
    0x00390041,                /* 0BF7  move L57 <- L0 */
    0x003702A0, 0x00010000,    /* 0BF8  call base=L55 argc=2 nres=1 */
    0x000B3741,                /* 0BFA  move L11 <- L55 */
    0x000D3746,                /* 0BFB  lconst L55 <- static#13   ("error") */
    0x00380097, 0x000B0037,    /* 0BFC  is L56 <- L11 is L55 */
    0x0001384B,                /* 0BFE  jf L56, +1 */
    0x000B0102,                /* 0BFF  return L11 count=1 */
    0x000E3742,                /* 0C00  gget L55 <- g14   (_collect_definitions) */
    0x00380941,                /* 0C01  move L56 <- L9 */
    0x00390041,                /* 0C02  move L57 <- L0 */
    0x003702A0, 0x00010000,    /* 0C03  call base=L55 argc=2 nres=1 */
    0x000C3741,                /* 0C05  move L12 <- L55 */
    0x000D3746,                /* 0C06  lconst L55 <- static#13   ("error") */
    0x00380097, 0x000C0037,    /* 0C07  is L56 <- L12 is L55 */
    0x0001384B,                /* 0C09  jf L56, +1 */
    0x000C0102,                /* 0C0A  return L12 count=1 */
    0x00113742,                /* 0C0B  gget L55 <- g17   (_hoist_imports) */
    0x00380941,                /* 0C0C  move L56 <- L9 */
    0x00390041,                /* 0C0D  move L57 <- L0 */
    0x003702A0, 0x00010000,    /* 0C0E  call base=L55 argc=2 nres=1 */
    0x000D3741,                /* 0C10  move L13 <- L55 */
    0x000D3746,                /* 0C11  lconst L55 <- static#13   ("error") */
    0x00380097, 0x000D0037,    /* 0C12  is L56 <- L13 is L55 */
    0x0001384B,                /* 0C14  jf L56, +1 */
    0x000D0102,                /* 0C15  return L13 count=1 */
    0x00123742,                /* 0C16  gget L55 <- g18   (_bind_imported_names) */
    0x00380D41,                /* 0C17  move L56 <- L13 */
    0x00390041,                /* 0C18  move L57 <- L0 */
    0x003702A0, 0x00010000,    /* 0C19  call base=L55 argc=2 nres=1 */
    0x000E3741,                /* 0C1B  move L14 <- L55 */
    0x000D3746,                /* 0C1C  lconst L55 <- static#13   ("error") */
    0x00380097, 0x000E0037,    /* 0C1D  is L56 <- L14 is L55 */
    0x0001384B,                /* 0C1F  jf L56, +1 */
    0x000E0102,                /* 0C20  return L14 count=1 */
    0x000F009A, 0x00000010,    /* 0C21  getattr L15 <- L0.sym#16   ("init_ctx") */
    0x00100082, 0x00370000,    /* 0C23  list L16 <- L55, 0 items */
    0x0037009A, 0x00000023,    /* 0C25  getattr L55 <- L0.sym#35   ("globals") */
    0x003800AE, 0x00370000,    /* 0C27  iter L56 <- L55 */
    0x002300AF, 0x00380005,    /* 0C29  itnext L35 <- L56, done +5 */
    0x00391041,                /* 0C2B  move L57 <- L16 */
    0x003A2341,                /* 0C2C  move L58 <- L35 */
    0x003901A2, 0x00010001,    /* 0C2D  msg base=L57 argc=1 msg#1 nres=1   (append) */
    0xFFF9004F,                /* 0C2F  jmp -7 */
    0x00370F41,                /* 0C30  move L55 <- L15 */
    0x00380941,                /* 0C31  move L56 <- L9 */
    0x00391041,                /* 0C32  move L57 <- L16 */
    0x003702A2, 0x000B0001,    /* 0C33  msg base=L55 argc=2 msg#11 nres=1   (allocate_block_scopes) */
    0x00113741,                /* 0C35  move L17 <- L55 */
    0x000D3746,                /* 0C36  lconst L55 <- static#13   ("error") */
    0x00380097, 0x00110037,    /* 0C37  is L56 <- L17 is L55 */
    0x0001384B,                /* 0C39  jf L56, +1 */
    0x00110102,                /* 0C3A  return L17 count=1 */
    0x00120082, 0x00370000,    /* 0C3B  list L18 <- L55, 0 items */
    0x003700AE, 0x00090000,    /* 0C3D  iter L55 <- L9 */
    0x002400AF, 0x00370005,    /* 0C3F  itnext L36 <- L55, done +5 */
    0x00381241,                /* 0C41  move L56 <- L18 */
    0x00392441,                /* 0C42  move L57 <- L36 */
    0x003801A2, 0x00010001,    /* 0C43  msg base=L56 argc=1 msg#1 nres=1   (append) */
    0xFFF9004F,                /* 0C45  jmp -7 */
    0x002A3742,                /* 0C46  gget L55 <- g42   (len) */
    0x00381241,                /* 0C47  move L56 <- L18 */
    0x003701A0, 0x00010000,    /* 0C48  call base=L55 argc=1 nres=1 */
    0x00380140,                /* 0C4A  i8 L56 <- 1 */
    0x00130086, 0x00370038,    /* 0C4B  sub L19 <- L55 - L56 */
    0x00140004,                /* 0C4D  lbool L20 <- 0 */
    0x00150040,                /* 0C4E  i8 L21 <- 0 */
    0x003700AE, 0x00120000,    /* 0C4F  iter L55 <- L18 */
    0x002500AF, 0x0037006D,    /* 0C51  itnext L37 <- L55, done +109 */
    0x00380F41,                /* 0C53  move L56 <- L15 */
    0x003800A2, 0x00040001,    /* 0C54  msg base=L56 argc=0 msg#4 nres=1   (mark) */
    0x00263841,                /* 0C56  move L38 <- L56 */
    0x00270005,                /* 0C57  lunset L39 */
    0x0038008F, 0x00150013,    /* 0C58  eq L56 <- L21 == L19 */
    0x000C384B,                /* 0C5A  jf L56, +12 */
    0x00413942,                /* 0C5B  gget L57 <- g65   (is_expression_statement) */
    0x003A2541,                /* 0C5C  move L58 <- L37 */
    0x003901A0, 0x00010000,    /* 0C5D  call base=L57 argc=1 nres=1 */
    0x00383941,                /* 0C5F  move L56 <- L57 */
    0x0006384B,                /* 0C60  jf L56, +6 */
    0x003B3942,                /* 0C61  gget L57 <- g59   (supported) */
    0x003C3A42,                /* 0C62  gget L58 <- g60   (TOPLEVEL_HANDLERS) */
    0x003B2541,                /* 0C63  move L59 <- L37 */
    0x003902A0, 0x00010000,    /* 0C64  call base=L57 argc=2 nres=1 */
    0x0038394A,                /* 0C66  not L56 <- L57 */
    0x0026384B,                /* 0C67  jf L56, +38 */
    0x002A2541,                /* 0C68  move L42 <- L37 */
    0x00393842,                /* 0C69  gget L56 <- g57   (compile_expr) */
    0x00392A41,                /* 0C6A  move L57 <- L42 */
    0x003A0F41,                /* 0C6B  move L58 <- L15 */
    0x003B0003,                /* 0C6C  lnil L59 */
    0x003803A0, 0x00010000,    /* 0C6D  call base=L56 argc=3 nres=1 */
    0x002B3841,                /* 0C6F  move L43 <- L56 */
    0x000D3846,                /* 0C70  lconst L56 <- static#13   ("error") */
    0x00390097, 0x002B0038,    /* 0C71  is L57 <- L43 is L56 */
    0x0001394B,                /* 0C73  jf L57, +1 */
    0x002B0102,                /* 0C74  return L43 count=1 */
    0x00183842,                /* 0C75  gget L56 <- g24   (_flush_statics) */
    0x00390041,                /* 0C76  move L57 <- L0 */
    0x003801A0, 0x00010000,    /* 0C77  call base=L56 argc=1 nres=1 */
    0x002C3841,                /* 0C79  move L44 <- L56 */
    0x000D3846,                /* 0C7A  lconst L56 <- static#13   ("error") */
    0x00390097, 0x002C0038,    /* 0C7B  is L57 <- L44 is L56 */
    0x0001394B,                /* 0C7D  jf L57, +1 */
    0x002C0102,                /* 0C7E  return L44 count=1 */
    0x00380F41,                /* 0C7F  move L56 <- L15 */
    0x00392B41,                /* 0C80  move L57 <- L43 */
    0x003801A2, 0x000E0001,    /* 0C81  msg base=L56 argc=1 msg#14 nres=1   (emit_return) */
    0x002D3841,                /* 0C83  move L45 <- L56 */
    0x000D3846,                /* 0C84  lconst L56 <- static#13   ("error") */
    0x00390097, 0x002D0038,    /* 0C85  is L57 <- L45 is L56 */
    0x0001394B,                /* 0C87  jf L57, +1 */
    0x002D0102,                /* 0C88  return L45 count=1 */
    0x00140104,                /* 0C89  lbool L20 <- 1 */
    0x00380140,                /* 0C8A  i8 L56 <- 1 */
    0x00150085, 0x00150038,    /* 0C8B  add L21 <- L21 + L56 */
    0xFFC3004F,                /* 0C8D  jmp -61 */
    0x003B3842,                /* 0C8E  gget L56 <- g59   (supported) */
    0x003C3942,                /* 0C8F  gget L57 <- g60   (TOPLEVEL_HANDLERS) */
    0x003A2541,                /* 0C90  move L58 <- L37 */
    0x003802A0, 0x00010000,    /* 0C91  call base=L56 argc=2 nres=1 */
    0x0009384B,                /* 0C93  jf L56, +9 */
    0x003D3842,                /* 0C94  gget L56 <- g61   (dispatch) */
    0x003C3942,                /* 0C95  gget L57 <- g60   (TOPLEVEL_HANDLERS) */
    0x003A2541,                /* 0C96  move L58 <- L37 */
    0x003B0041,                /* 0C97  move L59 <- L0 */
    0x003C0003,                /* 0C98  lnil L60 */
    0x003804A0, 0x00010000,    /* 0C99  call base=L56 argc=4 nres=1 */
    0x00273841,                /* 0C9B  move L39 <- L56 */
    0x0006004F,                /* 0C9C  jmp +6 */
    0x00373842,                /* 0C9D  gget L56 <- g55   (compile_statement) */
    0x00392541,                /* 0C9E  move L57 <- L37 */
    0x003A0F41,                /* 0C9F  move L58 <- L15 */
    0x003802A0, 0x00010000,    /* 0CA0  call base=L56 argc=2 nres=1 */
    0x00273841,                /* 0CA2  move L39 <- L56 */
    0x000D3846,                /* 0CA3  lconst L56 <- static#13   ("error") */
    0x00390097, 0x00270038,    /* 0CA4  is L57 <- L39 is L56 */
    0x0001394B,                /* 0CA6  jf L57, +1 */
    0x00270102,                /* 0CA7  return L39 count=1 */
    0x00183842,                /* 0CA8  gget L56 <- g24   (_flush_statics) */
    0x00390041,                /* 0CA9  move L57 <- L0 */
    0x003801A0, 0x00010000,    /* 0CAA  call base=L56 argc=1 nres=1 */
    0x00283841,                /* 0CAC  move L40 <- L56 */
    0x000D3846,                /* 0CAD  lconst L56 <- static#13   ("error") */
    0x00390097, 0x00280038,    /* 0CAE  is L57 <- L40 is L56 */
    0x0001394B,                /* 0CB0  jf L57, +1 */
    0x00280102,                /* 0CB1  return L40 count=1 */
    0x00380F41,                /* 0CB2  move L56 <- L15 */
    0x00392641,                /* 0CB3  move L57 <- L38 */
    0x003801A2, 0x00080001,    /* 0CB4  msg base=L56 argc=1 msg#8 nres=1   (free_to) */
    0x00293841,                /* 0CB6  move L41 <- L56 */
    0x000D3846,                /* 0CB7  lconst L56 <- static#13   ("error") */
    0x00390097, 0x00290038,    /* 0CB8  is L57 <- L41 is L56 */
    0x0001394B,                /* 0CBA  jf L57, +1 */
    0x00290102,                /* 0CBB  return L41 count=1 */
    0x00380140,                /* 0CBC  i8 L56 <- 1 */
    0x00150085, 0x00150038,    /* 0CBD  add L21 <- L21 + L56 */
    0xFF91004F,                /* 0CBF  jmp -111 */
    0x0037144A,                /* 0CC0  not L55 <- L20 */
    0x0026374B,                /* 0CC1  jf L55, +38 */
    0x00370F41,                /* 0CC2  move L55 <- L15 */
    0x003700A2, 0x00050001,    /* 0CC3  msg base=L55 argc=0 msg#5 nres=1   (push) */
    0x002E3741,                /* 0CC5  move L46 <- L55 */
    0x000D3746,                /* 0CC6  lconst L55 <- static#13   ("error") */
    0x00380097, 0x002E0037,    /* 0CC7  is L56 <- L46 is L55 */
    0x0001384B,                /* 0CC9  jf L56, +1 */
    0x002E0102,                /* 0CCA  return L46 count=1 */
    0x00033742,                /* 0CCB  gget L55 <- g3   (_emit_pack) */
    0x003A0F41,                /* 0CCC  move L58 <- L15 */
    0x004B3B45,                /* 0CCD  lsym L59 <- sym#75   ("lnil") */
    0x003C0281, 0x003A0000,    /* 0CCE  tuple L60 <- L58, 2 items */
    0x00383C41,                /* 0CD0  move L56 <- L60 */
    0x00113A46,                /* 0CD1  lconst L58 <- static#17   ("a0") */
    0x003B2E41,                /* 0CD2  move L59 <- L46 */
    0x003C0183, 0x003A0000,    /* 0CD3  dict L60 <- L58, 1 pairs */
    0x00393C41,                /* 0CD5  move L57 <- L60 */
    0x003700A1, 0x00010000,    /* 0CD6  call_va base=L55 nres=1 */
    0x002F3741,                /* 0CD8  move L47 <- L55 */
    0x000D3746,                /* 0CD9  lconst L55 <- static#13   ("error") */
    0x00380097, 0x002F0037,    /* 0CDA  is L56 <- L47 is L55 */
    0x0001384B,                /* 0CDC  jf L56, +1 */
    0x002F0102,                /* 0CDD  return L47 count=1 */
    0x00370F41,                /* 0CDE  move L55 <- L15 */
    0x00382E41,                /* 0CDF  move L56 <- L46 */
    0x003701A2, 0x000E0001,    /* 0CE0  msg base=L55 argc=1 msg#14 nres=1   (emit_return) */
    0x00303741,                /* 0CE2  move L48 <- L55 */
    0x000D3746,                /* 0CE3  lconst L55 <- static#13   ("error") */
    0x00380097, 0x00300037,    /* 0CE4  is L56 <- L48 is L55 */
    0x0001384B,                /* 0CE6  jf L56, +1 */
    0x00300102,                /* 0CE7  return L48 count=1 */
    0x00370F41,                /* 0CE8  move L55 <- L15 */
    0x003700A2, 0x000C0001,    /* 0CE9  msg base=L55 argc=0 msg#12 nres=1   (patch_labels) */
    0x00163741,                /* 0CEB  move L22 <- L55 */
    0x000D3746,                /* 0CEC  lconst L55 <- static#13   ("error") */
    0x00380097, 0x00160037,    /* 0CED  is L56 <- L22 is L55 */
    0x0001384B,                /* 0CEF  jf L56, +1 */
    0x00160102,                /* 0CF0  return L22 count=1 */
    0x00370141,                /* 0CF1  move L55 <- L1 */
    0x00380241,                /* 0CF2  move L56 <- L2 */
    0x00390003,                /* 0CF3  lnil L57 */
    0x003A009A, 0x000F0028,    /* 0CF4  getattr L58 <- L15.sym#40   ("high") */
    0x003B0040,                /* 0CF6  i8 L59 <- 0 */
    0x003C0040,                /* 0CF7  i8 L60 <- 0 */
    0x003D0003,                /* 0CF8  lnil L61 */
    0x003E0040,                /* 0CF9  i8 L62 <- 0 */
    0x003F0140,                /* 0CFA  i8 L63 <- 1 */
    0x00400003,                /* 0CFB  lnil L64 */
    0x003709A2, 0x000F0001,    /* 0CFC  msg base=L55 argc=9 msg#15 nres=1   (add_function) */
    0x00173741,                /* 0CFE  move L23 <- L55 */
    0x000D3746,                /* 0CFF  lconst L55 <- static#13   ("error") */
    0x00380097, 0x00170037,    /* 0D00  is L56 <- L23 is L55 */
    0x0001384B,                /* 0D02  jf L56, +1 */
    0x00170102,                /* 0D03  return L23 count=1 */
    0x0018009A, 0x80000036,    /* 0D04  getattr L24 <- P0.sym#54   ("code_len") */
    0x00190082, 0x00370000,    /* 0D06  list L25 <- L55, 0 items */
    0x0037009A, 0x000F0020,    /* 0D08  getattr L55 <- L15.sym#32   ("code") */
    0x003800AE, 0x00370000,    /* 0D0A  iter L56 <- L55 */
    0x003100AF, 0x00380005,    /* 0D0C  itnext L49 <- L56, done +5 */
    0x00391941,                /* 0D0E  move L57 <- L25 */
    0x003A3141,                /* 0D0F  move L58 <- L49 */
    0x003901A2, 0x00010001,    /* 0D10  msg base=L57 argc=1 msg#1 nres=1   (append) */
    0xFFF9004F,                /* 0D12  jmp -7 */
    0x0037009A, 0x00010022,    /* 0D13  getattr L55 <- L1.sym#34   ("functions") */
    0x00380098, 0x00370017,    /* 0D15  getidx L56 <- L55[L23] */
    0x001E3946,                /* 0D17  lconst L57 <- static#30   ("code_offset") */
    0x003A1841,                /* 0D18  move L58 <- L24 */
    0x00380099, 0x0039003A,    /* 0D19  setidx L56[L57] <- L58 */
    0x0037009A, 0x00000021,    /* 0D1B  getattr L55 <- L0.sym#33   ("pending") */
    0x003800AE, 0x00370000,    /* 0D1D  iter L56 <- L55 */
    0x003200AF, 0x0038001F,    /* 0D1F  itnext L50 <- L56, done +31 */
    0x0039009A, 0x00010022,    /* 0D21  getattr L57 <- L1.sym#34   ("functions") */
    0x003A0040,                /* 0D23  i8 L58 <- 0 */
    0x003B0098, 0x0032003A,    /* 0D24  getidx L59 <- L50[L58] */
    0x00330098, 0x0039003B,    /* 0D26  getidx L51 <- L57[L59] */
    0x001E3946,                /* 0D28  lconst L57 <- static#30   ("code_offset") */
    0x002A3B42,                /* 0D29  gget L59 <- g42   (len) */
    0x003C1941,                /* 0D2A  move L60 <- L25 */
    0x003B01A0, 0x00010000,    /* 0D2B  call base=L59 argc=1 nres=1 */
    0x003A0085, 0x0018003B,    /* 0D2D  add L58 <- L24 + L59 */
    0x00330099, 0x0039003A,    /* 0D2F  setidx L51[L57] <- L58 */
    0x00390140,                /* 0D31  i8 L57 <- 1 */
    0x003A0098, 0x00320039,    /* 0D32  getidx L58 <- L50[L57] */
    0x003B009A, 0x003A0020,    /* 0D34  getattr L59 <- L58.sym#32   ("code") */
    0x003C00AE, 0x003B0000,    /* 0D36  iter L60 <- L59 */
    0x003400AF, 0x003C0005,    /* 0D38  itnext L52 <- L60, done +5 */
    0x003D1941,                /* 0D3A  move L61 <- L25 */
    0x003E3441,                /* 0D3B  move L62 <- L52 */
    0x003D01A2, 0x00010001,    /* 0D3C  msg base=L61 argc=1 msg#1 nres=1   (append) */
    0xFFF9004F,                /* 0D3E  jmp -7 */
    0xFFDF004F,                /* 0D3F  jmp -33 */
    0x001A0083, 0x00370000,    /* 0D40  dict L26 <- L55, 0 pairs */
    0x001B0083, 0x00370000,    /* 0D42  dict L27 <- L55, 0 pairs */
    0x001C0641,                /* 0D44  move L28 <- L6 */
    0x002A3742,                /* 0D45  gget L55 <- g42   (len) */
    0x0038009A, 0x00010023,    /* 0D46  getattr L56 <- L1.sym#35   ("globals") */
    0x003701A0, 0x00010000,    /* 0D48  call base=L55 argc=1 nres=1 */
    0x00380091, 0x001C0037,    /* 0D4A  lt L56 <- L28 < L55 */
    0x001C384B,                /* 0D4C  jf L56, +28 */
    0x0037009A, 0x00010023,    /* 0D4D  getattr L55 <- L1.sym#35   ("globals") */
    0x00350098, 0x0037001C,    /* 0D4F  getidx L53 <- L55[L28] */
    0x001F3746,                /* 0D51  lconst L55 <- static#31   ("exported") */
    0x00380098, 0x00350037,    /* 0D52  getidx L56 <- L53[L55] */
    0x0006384B,                /* 0D54  jf L56, +6 */
    0x00203746,                /* 0D55  lconst L55 <- static#32   ("name") */
    0x00380098, 0x00350037,    /* 0D56  getidx L56 <- L53[L55] */
    0x00391C41,                /* 0D58  move L57 <- L28 */
    0x001A0099, 0x00380039,    /* 0D59  setidx L26[L56] <- L57 */
    0x00213746,                /* 0D5B  lconst L55 <- static#33   ("free") */
    0x00380098, 0x00350037,    /* 0D5C  getidx L56 <- L53[L55] */
    0x0006384B,                /* 0D5E  jf L56, +6 */
    0x00203746,                /* 0D5F  lconst L55 <- static#32   ("name") */
    0x00380098, 0x00350037,    /* 0D60  getidx L56 <- L53[L55] */
    0x00391C41,                /* 0D62  move L57 <- L28 */
    0x001B0099, 0x00380039,    /* 0D63  setidx L27[L56] <- L57 */
    0x00370140,                /* 0D65  i8 L55 <- 1 */
    0x001C0085, 0x001C0037,    /* 0D66  add L28 <- L28 + L55 */
    0xFFDC004F,                /* 0D68  jmp -36 */
    0x0037009A, 0x00000048,    /* 0D69  getattr L55 <- L0.sym#72   ("session_filled") */
    0x003800AE, 0x00370000,    /* 0D6B  iter L56 <- L55 */
    0x003600AF, 0x00380009,    /* 0D6D  itnext L54 <- L56, done +9 */
    0x00390040,                /* 0D6F  i8 L57 <- 0 */
    0x003A0098, 0x00360039,    /* 0D70  getidx L58 <- L54[L57] */
    0x003C0140,                /* 0D72  i8 L60 <- 1 */
    0x003B0098, 0x0036003C,    /* 0D73  getidx L59 <- L54[L60] */
    0x001A0099, 0x003A003B,    /* 0D75  setidx L26[L58] <- L59 */
    0xFFF5004F,                /* 0D77  jmp -11 */
    0x001D0083, 0x00370000,    /* 0D78  dict L29 <- L55, 0 pairs */
    0x00203746,                /* 0D7A  lconst L55 <- static#32   ("name") */
    0x00353846,                /* 0D7B  lconst L56 <- static#53   ("__repl__") */
    0x001D0099, 0x00370038,    /* 0D7C  setidx L29[L55] <- L56 */
    0x00223746,                /* 0D7E  lconst L55 <- static#34   ("version") */
    0x00380140,                /* 0D7F  i8 L56 <- 1 */
    0x001D0099, 0x00370038,    /* 0D80  setidx L29[L55] <- L56 */
    0x00233746,                /* 0D82  lconst L55 <- static#35   ("globals") */
    0x002A3942,                /* 0D83  gget L57 <- g42   (len) */
    0x003A009A, 0x00010023,    /* 0D84  getattr L58 <- L1.sym#35   ("globals") */
    0x003901A0, 0x00010000,    /* 0D86  call base=L57 argc=1 nres=1 */
    0x00383941,                /* 0D88  move L56 <- L57 */
    0x001D0099, 0x00370038,    /* 0D89  setidx L29[L55] <- L56 */
    0x00243746,                /* 0D8B  lconst L55 <- static#36   ("init_l") */
    0x0038009A, 0x000F0028,    /* 0D8C  getattr L56 <- L15.sym#40   ("high") */
    0x001D0099, 0x00370038,    /* 0D8E  setidx L29[L55] <- L56 */
    0x00253746,                /* 0D90  lconst L55 <- static#37   ("init_nlocals") */
    0x0038009A, 0x000F0028,    /* 0D91  getattr L56 <- L15.sym#40   ("high") */
    0x001D0099, 0x00370038,    /* 0D93  setidx L29[L55] <- L56 */
    0x00263746,                /* 0D95  lconst L55 <- static#38   ("module_uses") */
    0x00380082, 0x00390000,    /* 0D96  list L56 <- L57, 0 items */
    0x001D0099, 0x00370038,    /* 0D98  setidx L29[L55] <- L56 */
    0x00273746,                /* 0D9A  lconst L55 <- static#39   ("unlowered") */
    0x001E3942,                /* 0D9B  gget L57 <- g30   (_from) */
    0x003A009A, 0x00010026,    /* 0D9C  getattr L58 <- L1.sym#38   ("unlowered") */
    0x003B0040,                /* 0D9E  i8 L59 <- 0 */
    0x003902A0, 0x00010000,    /* 0D9F  call base=L57 argc=2 nres=1 */
    0x00383941,                /* 0DA1  move L56 <- L57 */
    0x001D0099, 0x00370038,    /* 0DA2  setidx L29[L55] <- L56 */
    0x00283746,                /* 0DA4  lconst L55 <- static#40   ("statics") */
    0x001E3942,                /* 0DA5  gget L57 <- g30   (_from) */
    0x003A009A, 0x00010029,    /* 0DA6  getattr L58 <- L1.sym#41   ("statics") */
    0x003B0341,                /* 0DA8  move L59 <- L3 */
    0x003902A0, 0x00010000,    /* 0DA9  call base=L57 argc=2 nres=1 */
    0x00383941,                /* 0DAB  move L56 <- L57 */
    0x001D0099, 0x00370038,    /* 0DAC  setidx L29[L55] <- L56 */
    0x00293746,                /* 0DAE  lconst L55 <- static#41   ("slot_defaults") */
    0x00380003,                /* 0DAF  lnil L56 */
    0x001D0099, 0x00370038,    /* 0DB0  setidx L29[L55] <- L56 */
    0x002A3746,                /* 0DB2  lconst L55 <- static#42   ("symbols") */
    0x001E3942,                /* 0DB3  gget L57 <- g30   (_from) */
    0x003A009A, 0x0001002A,    /* 0DB4  getattr L58 <- L1.sym#42   ("symbols") */
    0x003B0441,                /* 0DB6  move L59 <- L4 */
    0x003902A0, 0x00010000,    /* 0DB7  call base=L57 argc=2 nres=1 */
    0x00383941,                /* 0DB9  move L56 <- L57 */
    0x001D0099, 0x00370038,    /* 0DBA  setidx L29[L55] <- L56 */
    0x002B3746,                /* 0DBC  lconst L55 <- static#43   ("functions") */
    0x001E3942,                /* 0DBD  gget L57 <- g30   (_from) */
    0x003A009A, 0x00010022,    /* 0DBE  getattr L58 <- L1.sym#34   ("functions") */
    0x003B0741,                /* 0DC0  move L59 <- L7 */
    0x003902A0, 0x00010000,    /* 0DC1  call base=L57 argc=2 nres=1 */
    0x00383941,                /* 0DC3  move L56 <- L57 */
    0x001D0099, 0x00370038,    /* 0DC4  setidx L29[L55] <- L56 */
    0x002C3746,                /* 0DC6  lconst L55 <- static#44   ("classes") */
    0x001E3942,                /* 0DC7  gget L57 <- g30   (_from) */
    0x003A009A, 0x0001002B,    /* 0DC8  getattr L58 <- L1.sym#43   ("classes") */
    0x003B0841,                /* 0DCA  move L59 <- L8 */
    0x003902A0, 0x00010000,    /* 0DCB  call base=L57 argc=2 nres=1 */
    0x00383941,                /* 0DCD  move L56 <- L57 */
    0x001D0099, 0x00370038,    /* 0DCE  setidx L29[L55] <- L56 */
    0x002D3746,                /* 0DD0  lconst L55 <- static#45   ("messages") */
    0x001E3942,                /* 0DD1  gget L57 <- g30   (_from) */
    0x003A009A, 0x0001002C,    /* 0DD2  getattr L58 <- L1.sym#44   ("messages") */
    0x003B0541,                /* 0DD4  move L59 <- L5 */
    0x003902A0, 0x00010000,    /* 0DD5  call base=L57 argc=2 nres=1 */
    0x00383941,                /* 0DD7  move L56 <- L57 */
    0x001D0099, 0x00370038,    /* 0DD8  setidx L29[L55] <- L56 */
    0x002A3742,                /* 0DDA  gget L55 <- g42   (len) */
    0x00381A41,                /* 0DDB  move L56 <- L26 */
    0x003701A0, 0x00010000,    /* 0DDC  call base=L55 argc=1 nres=1 */
    0x00380040,                /* 0DDE  i8 L56 <- 0 */
    0x00390093, 0x00370038,    /* 0DDF  gt L57 <- L55 > L56 */
    0x0004394B,                /* 0DE1  jf L57, +4 */
    0x002E3746,                /* 0DE2  lconst L55 <- static#46   ("exports") */
    0x00381A41,                /* 0DE3  move L56 <- L26 */
    0x001D0099, 0x00370038,    /* 0DE4  setidx L29[L55] <- L56 */
    0x002A3742,                /* 0DE6  gget L55 <- g42   (len) */
    0x00381B41,                /* 0DE7  move L56 <- L27 */
    0x003701A0, 0x00010000,    /* 0DE8  call base=L55 argc=1 nres=1 */
    0x00380040,                /* 0DEA  i8 L56 <- 0 */
    0x00390093, 0x00370038,    /* 0DEB  gt L57 <- L55 > L56 */
    0x0004394B,                /* 0DED  jf L57, +4 */
    0x00213746,                /* 0DEE  lconst L55 <- static#33   ("free") */
    0x00381B41,                /* 0DEF  move L56 <- L27 */
    0x001D0099, 0x00370038,    /* 0DF0  setidx L29[L55] <- L56 */
    0x002F3746,                /* 0DF2  lconst L55 <- static#47   ("code") */
    0x00381941,                /* 0DF3  move L56 <- L25 */
    0x001D0099, 0x00370038,    /* 0DF4  setidx L29[L55] <- L56 */
    0x003F3746,                /* 0DF6  lconst L55 <- static#63   ("delta") */
    0x00403946,                /* 0DF7  lconst L57 <- static#64   ("bc") */
    0x003A1841,                /* 0DF8  move L58 <- L24 */
    0x00413B46,                /* 0DF9  lconst L59 <- static#65   ("bf") */
    0x003C0741,                /* 0DFA  move L60 <- L7 */
    0x00423D46,                /* 0DFB  lconst L61 <- static#66   ("bs") */
    0x003E0341,                /* 0DFC  move L62 <- L3 */
    0x00433F46,                /* 0DFD  lconst L63 <- static#67   ("by") */
    0x00400441,                /* 0DFE  move L64 <- L4 */
    0x00444146,                /* 0DFF  lconst L65 <- static#68   ("bk") */
    0x00420841,                /* 0E00  move L66 <- L8 */
    0x00454346,                /* 0E01  lconst L67 <- static#69   ("bm") */
    0x00440541,                /* 0E02  move L68 <- L5 */
    0x00464546,                /* 0E03  lconst L69 <- static#70   ("bg") */
    0x00460641,                /* 0E04  move L70 <- L6 */
    0x00474746,                /* 0E05  lconst L71 <- static#71   ("i") */
    0x00481741,                /* 0E06  move L72 <- L23 */
    0x00380883, 0x00390000,    /* 0E07  dict L56 <- L57, 8 pairs */
    0x001D0099, 0x00370038,    /* 0E09  setidx L29[L55] <- L56 */
    0x002A3842,                /* 0E0B  gget L56 <- g42   (len) */
    0x00391941,                /* 0E0C  move L57 <- L25 */
    0x003801A0, 0x00010000,    /* 0E0D  call base=L56 argc=1 nres=1 */
    0x00370085, 0x00180038,    /* 0E0F  add L55 <- L24 + L56 */
    0x8000009B, 0x00360037,    /* 0E11  setattr P0.sym#54 <- L55   ("code_len") */
    0x0037009A, 0x00000047,    /* 0E13  getattr L55 <- L0.sym#71   ("session_undo") */
    0x8000009B, 0x00380037,    /* 0E15  setattr P0.sym#56 <- L55   ("last_undo") */
    0x00370082, 0x00380000,    /* 0E17  list L55 <- L56, 0 items */
    0x0000009B, 0x00470037,    /* 0E19  setattr L0.sym#71 <- L55   ("session_undo") */
    0x001D0102,                /* 0E1B  return L29 count=1 */
};

const wy_module_image module_image = {
    .name = "module",
    .sections = {
        [WY_SEC_HEADER] = { module_header, sizeof module_header },
        [WY_SEC_STATICS] = { module_statics, sizeof module_statics },
        [WY_SEC_SYMBOLS] = { module_symbols, sizeof module_symbols },
        [WY_SEC_FUNCTIONS] = { module_functions, sizeof module_functions },
        [WY_SEC_CLASSES] = { module_classes, sizeof module_classes },
        [WY_SEC_MESSAGES] = { module_messages, sizeof module_messages },
        [WY_SEC_CODE] = { (const uint8_t*) module_code, sizeof module_code },
        [WY_SEC_EXPORTS] = { module_exports, sizeof module_exports },
        [WY_SEC_FREE] = { module_free, sizeof module_free },
    },
};
