/* Generated from statements by wypoc's bytecode compiler. */

#include <stdint.h>
#include "wyrm/image.h"

static const uint8_t statements_header[] = {
    0x2C, 0x00, 0x00, 0x00, 0x02, 0x6E, 0x00, 0x0B, 0x00, 0x00, 0x00, 0x73,
    0x74, 0x61, 0x74, 0x65, 0x6D, 0x65, 0x6E, 0x74, 0x73, 0x00, 0x10, 0x76,
    0x00, 0x01, 0x00, 0x00, 0x00, 0x10, 0x67, 0x00, 0x49, 0x00, 0x00, 0x00,
    0x10, 0x6C, 0x00, 0x04, 0x00, 0x00, 0x00, 0x00,
};

static const uint8_t statements_statics[] = {
    0x6F, 0x04, 0x00, 0x00, 0x02, 0x30, 0x00, 0x04, 0x00, 0x00, 0x00, 0x73,
    0x74, 0x64, 0x00, 0x02, 0x31, 0x00, 0x0B, 0x00, 0x00, 0x00, 0x73, 0x74,
    0x64, 0x3A, 0x3A, 0x70, 0x61, 0x69, 0x72, 0x73, 0x00, 0x02, 0x32, 0x00,
    0x05, 0x00, 0x00, 0x00, 0x77, 0x79, 0x72, 0x6D, 0x00, 0x02, 0x33, 0x00,
    0x0E, 0x00, 0x00, 0x00, 0x77, 0x79, 0x72, 0x6D, 0x3A, 0x3A, 0x6F, 0x70,
    0x63, 0x6F, 0x64, 0x65, 0x73, 0x00, 0x02, 0x34, 0x00, 0x0F, 0x00, 0x00,
    0x00, 0x77, 0x79, 0x72, 0x6D, 0x3A, 0x3A, 0x63, 0x6F, 0x6D, 0x70, 0x69,
    0x6C, 0x65, 0x72, 0x00, 0x02, 0x35, 0x00, 0x18, 0x00, 0x00, 0x00, 0x77,
    0x79, 0x72, 0x6D, 0x3A, 0x3A, 0x63, 0x6F, 0x6D, 0x70, 0x69, 0x6C, 0x65,
    0x72, 0x3A, 0x3A, 0x63, 0x6F, 0x6E, 0x74, 0x65, 0x78, 0x74, 0x00, 0x02,
    0x36, 0x00, 0x19, 0x00, 0x00, 0x00, 0x77, 0x79, 0x72, 0x6D, 0x3A, 0x3A,
    0x63, 0x6F, 0x6D, 0x70, 0x69, 0x6C, 0x65, 0x72, 0x3A, 0x3A, 0x61, 0x6E,
    0x61, 0x6C, 0x79, 0x73, 0x69, 0x73, 0x00, 0x02, 0x37, 0x00, 0x1C, 0x00,
    0x00, 0x00, 0x77, 0x79, 0x72, 0x6D, 0x3A, 0x3A, 0x63, 0x6F, 0x6D, 0x70,
    0x69, 0x6C, 0x65, 0x72, 0x3A, 0x3A, 0x65, 0x78, 0x70, 0x72, 0x65, 0x73,
    0x73, 0x69, 0x6F, 0x6E, 0x73, 0x00, 0x02, 0x38, 0x00, 0x19, 0x00, 0x00,
    0x00, 0x77, 0x79, 0x72, 0x6D, 0x3A, 0x3A, 0x63, 0x6F, 0x6D, 0x70, 0x69,
    0x6C, 0x65, 0x72, 0x3A, 0x3A, 0x68, 0x61, 0x6E, 0x64, 0x6C, 0x65, 0x72,
    0x73, 0x00, 0x02, 0x39, 0x00, 0x05, 0x00, 0x00, 0x00, 0x70, 0x61, 0x69,
    0x72, 0x00, 0x02, 0x31, 0x30, 0x00, 0x13, 0x00, 0x00, 0x00, 0x69, 0x6E,
    0x64, 0x65, 0x78, 0x20, 0x6F, 0x75, 0x74, 0x20, 0x6F, 0x66, 0x20, 0x72,
    0x61, 0x6E, 0x67, 0x65, 0x00, 0x02, 0x31, 0x31, 0x00, 0x06, 0x00, 0x00,
    0x00, 0x65, 0x72, 0x72, 0x6F, 0x72, 0x00, 0x10, 0x31, 0x32, 0x00, 0x00,
    0x00, 0x00, 0x00, 0x0A, 0x31, 0x33, 0x00, 0x02, 0x31, 0x34, 0x00, 0x02,
    0x00, 0x00, 0x00, 0x66, 0x00, 0x02, 0x31, 0x35, 0x00, 0x03, 0x00, 0x00,
    0x00, 0x61, 0x30, 0x00, 0x02, 0x31, 0x36, 0x00, 0x03, 0x00, 0x00, 0x00,
    0x61, 0x31, 0x00, 0x02, 0x31, 0x37, 0x00, 0x03, 0x00, 0x00, 0x00, 0x61,
    0x32, 0x00, 0x02, 0x31, 0x38, 0x00, 0x03, 0x00, 0x00, 0x00, 0x77, 0x31,
    0x00, 0x02, 0x31, 0x39, 0x00, 0x04, 0x00, 0x00, 0x00, 0x6E, 0x69, 0x6C,
    0x00, 0x02, 0x32, 0x30, 0x00, 0x04, 0x00, 0x00, 0x00, 0x73, 0x79, 0x6D,
    0x00, 0x02, 0x32, 0x31, 0x00, 0x28, 0x00, 0x00, 0x00, 0x74, 0x68, 0x65,
    0x20, 0x62, 0x79, 0x74, 0x65, 0x63, 0x6F, 0x64, 0x65, 0x20, 0x63, 0x6F,
    0x6D, 0x70, 0x69, 0x6C, 0x65, 0x72, 0x20, 0x64, 0x6F, 0x65, 0x73, 0x20,
    0x6E, 0x6F, 0x74, 0x20, 0x73, 0x75, 0x70, 0x70, 0x6F, 0x72, 0x74, 0x20,
    0x00, 0x02, 0x32, 0x32, 0x00, 0x0F, 0x00, 0x00, 0x00, 0x20, 0x61, 0x73,
    0x20, 0x61, 0x20, 0x76, 0x61, 0x72, 0x20, 0x6E, 0x61, 0x6D, 0x65, 0x00,
    0x02, 0x32, 0x33, 0x00, 0x19, 0x00, 0x00, 0x00, 0x20, 0x61, 0x73, 0x20,
    0x61, 0x6E, 0x20, 0x61, 0x73, 0x73, 0x69, 0x67, 0x6E, 0x6D, 0x65, 0x6E,
    0x74, 0x20, 0x74, 0x61, 0x72, 0x67, 0x65, 0x74, 0x00, 0x02, 0x32, 0x34,
    0x00, 0x1F, 0x00, 0x00, 0x00, 0x61, 0x73, 0x73, 0x69, 0x67, 0x6E, 0x6D,
    0x65, 0x6E, 0x74, 0x20, 0x74, 0x61, 0x72, 0x67, 0x65, 0x74, 0x20, 0x68,
    0x61, 0x73, 0x20, 0x6E, 0x6F, 0x20, 0x69, 0x6E, 0x64, 0x65, 0x78, 0x00,
    0x02, 0x32, 0x35, 0x00, 0x04, 0x00, 0x00, 0x00, 0x72, 0x65, 0x67, 0x00,
    0x02, 0x32, 0x36, 0x00, 0x05, 0x00, 0x00, 0x00, 0x73, 0x6C, 0x6F, 0x74,
    0x00, 0x02, 0x32, 0x37, 0x00, 0x07, 0x00, 0x00, 0x00, 0x67, 0x6C, 0x6F,
    0x62, 0x61, 0x6C, 0x00, 0x02, 0x32, 0x38, 0x00, 0x13, 0x00, 0x00, 0x00,
    0x63, 0x61, 0x6E, 0x6E, 0x6F, 0x74, 0x20, 0x61, 0x73, 0x73, 0x69, 0x67,
    0x6E, 0x20, 0x74, 0x6F, 0x20, 0x27, 0x00, 0x02, 0x32, 0x39, 0x00, 0x25,
    0x00, 0x00, 0x00, 0x27, 0x3A, 0x20, 0x69, 0x74, 0x20, 0x69, 0x73, 0x20,
    0x6E, 0x6F, 0x74, 0x20, 0x64, 0x65, 0x63, 0x6C, 0x61, 0x72, 0x65, 0x64,
    0x20, 0x69, 0x6E, 0x20, 0x74, 0x68, 0x69, 0x73, 0x20, 0x6D, 0x6F, 0x64,
    0x75, 0x6C, 0x65, 0x00, 0x02, 0x33, 0x30, 0x00, 0x10, 0x00, 0x00, 0x00,
    0x20, 0x74, 0x61, 0x72, 0x67, 0x65, 0x74, 0x28, 0x73, 0x29, 0x20, 0x62,
    0x75, 0x74, 0x20, 0x00, 0x02, 0x33, 0x31, 0x00, 0x0A, 0x00, 0x00, 0x00,
    0x20, 0x76, 0x61, 0x6C, 0x75, 0x65, 0x28, 0x73, 0x29, 0x00, 0x02, 0x33,
    0x32, 0x00, 0x2A, 0x00, 0x00, 0x00, 0x20, 0x72, 0x65, 0x74, 0x75, 0x72,
    0x6E, 0x20, 0x76, 0x61, 0x6C, 0x75, 0x65, 0x73, 0x2C, 0x20, 0x6F, 0x76,
    0x65, 0x72, 0x20, 0x74, 0x68, 0x65, 0x20, 0x31, 0x32, 0x38, 0x2D, 0x72,
    0x65, 0x73, 0x75, 0x6C, 0x74, 0x20, 0x6C, 0x69, 0x6D, 0x69, 0x74, 0x00,
    0x02, 0x33, 0x33, 0x00, 0x17, 0x00, 0x00, 0x00, 0x60, 0x62, 0x72, 0x65,
    0x61, 0x6B, 0x60, 0x20, 0x6F, 0x75, 0x74, 0x73, 0x69, 0x64, 0x65, 0x20,
    0x61, 0x20, 0x6C, 0x6F, 0x6F, 0x70, 0x00, 0x02, 0x33, 0x34, 0x00, 0x1A,
    0x00, 0x00, 0x00, 0x60, 0x63, 0x6F, 0x6E, 0x74, 0x69, 0x6E, 0x75, 0x65,
    0x60, 0x20, 0x6F, 0x75, 0x74, 0x73, 0x69, 0x64, 0x65, 0x20, 0x61, 0x20,
    0x6C, 0x6F, 0x6F, 0x70, 0x00, 0x02, 0x33, 0x35, 0x00, 0x3C, 0x00, 0x00,
    0x00, 0x60, 0x73, 0x74, 0x61, 0x74, 0x69, 0x63, 0x60, 0x20, 0x69, 0x73,
    0x20, 0x6F, 0x6E, 0x6C, 0x79, 0x20, 0x6D, 0x65, 0x61, 0x6E, 0x69, 0x6E,
    0x67, 0x66, 0x75, 0x6C, 0x20, 0x69, 0x6E, 0x73, 0x69, 0x64, 0x65, 0x20,
    0x61, 0x20, 0x66, 0x75, 0x6E, 0x63, 0x74, 0x69, 0x6F, 0x6E, 0x20, 0x6F,
    0x72, 0x20, 0x63, 0x6C, 0x61, 0x73, 0x73, 0x20, 0x62, 0x6F, 0x64, 0x79,
    0x00, 0x02, 0x33, 0x36, 0x00, 0x9C, 0x00, 0x00, 0x00, 0x6E, 0x65, 0x73,
    0x74, 0x65, 0x64, 0x20, 0x60, 0x66, 0x6E, 0x60, 0x2F, 0x60, 0x63, 0x6F,
    0x60, 0x20, 0x64, 0x65, 0x66, 0x69, 0x6E, 0x69, 0x74, 0x69, 0x6F, 0x6E,
    0x73, 0x20, 0x6E, 0x65, 0x65, 0x64, 0x20, 0x66, 0x75, 0x6E, 0x63, 0x74,
    0x69, 0x6F, 0x6E, 0x73, 0x2E, 0x77, 0x79, 0x27, 0x73, 0x20, 0x63, 0x6F,
    0x6D, 0x70, 0x69, 0x6C, 0x65, 0x5F, 0x6E, 0x65, 0x73, 0x74, 0x65, 0x64,
    0x5F, 0x66, 0x6E, 0x20, 0x28, 0x4D, 0x34, 0x29, 0x3B, 0x20, 0x69, 0x6D,
    0x70, 0x6F, 0x72, 0x74, 0x20, 0x77, 0x79, 0x72, 0x6D, 0x3A, 0x3A, 0x63,
    0x6F, 0x6D, 0x70, 0x69, 0x6C, 0x65, 0x72, 0x3A, 0x3A, 0x66, 0x75, 0x6E,
    0x63, 0x74, 0x69, 0x6F, 0x6E, 0x73, 0x20, 0x62, 0x65, 0x66, 0x6F, 0x72,
    0x65, 0x20, 0x63, 0x6F, 0x6D, 0x70, 0x69, 0x6C, 0x69, 0x6E, 0x67, 0x20,
    0x61, 0x20, 0x6D, 0x6F, 0x64, 0x75, 0x6C, 0x65, 0x20, 0x77, 0x69, 0x74,
    0x68, 0x20, 0x6E, 0x65, 0x73, 0x74, 0x65, 0x64, 0x20, 0x64, 0x65, 0x66,
    0x69, 0x6E, 0x69, 0x74, 0x69, 0x6F, 0x6E, 0x73, 0x00, 0x02, 0x33, 0x37,
    0x00, 0x79, 0x00, 0x00, 0x00, 0x60, 0x64, 0x65, 0x66, 0x65, 0x72, 0x60,
    0x20, 0x6E, 0x65, 0x65, 0x64, 0x73, 0x20, 0x66, 0x75, 0x6E, 0x63, 0x74,
    0x69, 0x6F, 0x6E, 0x73, 0x2E, 0x77, 0x79, 0x27, 0x73, 0x20, 0x63, 0x6F,
    0x6D, 0x70, 0x69, 0x6C, 0x65, 0x5F, 0x64, 0x65, 0x66, 0x65, 0x72, 0x20,
    0x28, 0x4D, 0x34, 0x29, 0x3B, 0x20, 0x69, 0x6D, 0x70, 0x6F, 0x72, 0x74,
    0x20, 0x77, 0x79, 0x72, 0x6D, 0x3A, 0x3A, 0x63, 0x6F, 0x6D, 0x70, 0x69,
    0x6C, 0x65, 0x72, 0x3A, 0x3A, 0x66, 0x75, 0x6E, 0x63, 0x74, 0x69, 0x6F,
    0x6E, 0x73, 0x20, 0x62, 0x65, 0x66, 0x6F, 0x72, 0x65, 0x20, 0x63, 0x6F,
    0x6D, 0x70, 0x69, 0x6C, 0x69, 0x6E, 0x67, 0x20, 0x61, 0x20, 0x6D, 0x6F,
    0x64, 0x75, 0x6C, 0x65, 0x20, 0x77, 0x69, 0x74, 0x68, 0x20, 0x60, 0x64,
    0x65, 0x66, 0x65, 0x72, 0x60, 0x00, 0x00,
};

static const uint8_t statements_symbols[] = {
    0xF9, 0x03, 0x00, 0x00, 0x02, 0x30, 0x00, 0x07, 0x00, 0x00, 0x00, 0x61,
    0x70, 0x70, 0x65, 0x6E, 0x64, 0x00, 0x02, 0x31, 0x00, 0x0B, 0x00, 0x00,
    0x00, 0x65, 0x6D, 0x69, 0x74, 0x5F, 0x77, 0x6F, 0x72, 0x64, 0x73, 0x00,
    0x02, 0x32, 0x00, 0x0A, 0x00, 0x00, 0x00, 0x65, 0x78, 0x70, 0x72, 0x5F,
    0x73, 0x74, 0x6D, 0x74, 0x00, 0x02, 0x33, 0x00, 0x03, 0x00, 0x00, 0x00,
    0x69, 0x66, 0x00, 0x02, 0x34, 0x00, 0x06, 0x00, 0x00, 0x00, 0x79, 0x69,
    0x65, 0x6C, 0x64, 0x00, 0x02, 0x35, 0x00, 0x07, 0x00, 0x00, 0x00, 0x72,
    0x65, 0x74, 0x75, 0x72, 0x6E, 0x00, 0x02, 0x36, 0x00, 0x06, 0x00, 0x00,
    0x00, 0x62, 0x72, 0x65, 0x61, 0x6B, 0x00, 0x02, 0x37, 0x00, 0x09, 0x00,
    0x00, 0x00, 0x63, 0x6F, 0x6E, 0x74, 0x69, 0x6E, 0x75, 0x65, 0x00, 0x02,
    0x38, 0x00, 0x0B, 0x00, 0x00, 0x00, 0x70, 0x75, 0x73, 0x68, 0x5F, 0x62,
    0x6C, 0x6F, 0x63, 0x6B, 0x00, 0x02, 0x39, 0x00, 0x05, 0x00, 0x00, 0x00,
    0x6D, 0x61, 0x72, 0x6B, 0x00, 0x02, 0x31, 0x30, 0x00, 0x05, 0x00, 0x00,
    0x00, 0x6C, 0x6E, 0x69, 0x6C, 0x00, 0x02, 0x31, 0x31, 0x00, 0x08, 0x00,
    0x00, 0x00, 0x66, 0x72, 0x65, 0x65, 0x5F, 0x74, 0x6F, 0x00, 0x02, 0x31,
    0x32, 0x00, 0x0A, 0x00, 0x00, 0x00, 0x70, 0x6F, 0x70, 0x5F, 0x62, 0x6C,
    0x6F, 0x63, 0x6B, 0x00, 0x02, 0x31, 0x33, 0x00, 0x05, 0x00, 0x00, 0x00,
    0x61, 0x74, 0x74, 0x72, 0x00, 0x02, 0x31, 0x34, 0x00, 0x06, 0x00, 0x00,
    0x00, 0x69, 0x6E, 0x64, 0x65, 0x78, 0x00, 0x02, 0x31, 0x35, 0x00, 0x07,
    0x00, 0x00, 0x00, 0x74, 0x61, 0x72, 0x67, 0x65, 0x74, 0x00, 0x02, 0x31,
    0x36, 0x00, 0x05, 0x00, 0x00, 0x00, 0x70, 0x75, 0x73, 0x68, 0x00, 0x02,
    0x31, 0x37, 0x00, 0x08, 0x00, 0x00, 0x00, 0x73, 0x65, 0x74, 0x73, 0x6C,
    0x6F, 0x74, 0x00, 0x02, 0x31, 0x38, 0x00, 0x08, 0x00, 0x00, 0x00, 0x73,
    0x65, 0x74, 0x61, 0x74, 0x74, 0x72, 0x00, 0x02, 0x31, 0x39, 0x00, 0x07,
    0x00, 0x00, 0x00, 0x73, 0x65, 0x74, 0x69, 0x64, 0x78, 0x00, 0x02, 0x32,
    0x30, 0x00, 0x05, 0x00, 0x00, 0x00, 0x74, 0x68, 0x69, 0x73, 0x00, 0x02,
    0x32, 0x31, 0x00, 0x0B, 0x00, 0x00, 0x00, 0x74, 0x68, 0x69, 0x73, 0x5F,
    0x63, 0x6C, 0x61, 0x73, 0x73, 0x00, 0x02, 0x32, 0x32, 0x00, 0x07, 0x00,
    0x00, 0x00, 0x6D, 0x6F, 0x64, 0x75, 0x6C, 0x65, 0x00, 0x02, 0x32, 0x33,
    0x00, 0x12, 0x00, 0x00, 0x00, 0x73, 0x6C, 0x6F, 0x74, 0x5F, 0x6F, 0x70,
    0x74, 0x69, 0x6D, 0x69, 0x7A, 0x61, 0x74, 0x69, 0x6F, 0x6E, 0x00, 0x02,
    0x32, 0x34, 0x00, 0x0B, 0x00, 0x00, 0x00, 0x73, 0x6C, 0x6F, 0x74, 0x5F,
    0x69, 0x6E, 0x64, 0x65, 0x78, 0x00, 0x02, 0x32, 0x35, 0x00, 0x0B, 0x00,
    0x00, 0x00, 0x61, 0x64, 0x64, 0x5F, 0x73, 0x79, 0x6D, 0x62, 0x6F, 0x6C,
    0x00, 0x02, 0x32, 0x36, 0x00, 0x06, 0x00, 0x00, 0x00, 0x69, 0x6D, 0x61,
    0x67, 0x65, 0x00, 0x02, 0x32, 0x37, 0x00, 0x07, 0x00, 0x00, 0x00, 0x67,
    0x65, 0x74, 0x69, 0x64, 0x78, 0x00, 0x02, 0x32, 0x38, 0x00, 0x06, 0x00,
    0x00, 0x00, 0x63, 0x65, 0x6C, 0x6C, 0x73, 0x00, 0x02, 0x32, 0x39, 0x00,
    0x09, 0x00, 0x00, 0x00, 0x74, 0x68, 0x69, 0x73, 0x5F, 0x72, 0x65, 0x67,
    0x00, 0x02, 0x33, 0x30, 0x00, 0x05, 0x00, 0x00, 0x00, 0x67, 0x73, 0x65,
    0x74, 0x00, 0x02, 0x33, 0x31, 0x00, 0x05, 0x00, 0x00, 0x00, 0x7A, 0x65,
    0x72, 0x6F, 0x00, 0x02, 0x33, 0x32, 0x00, 0x05, 0x00, 0x00, 0x00, 0x6D,
    0x6F, 0x76, 0x65, 0x00, 0x02, 0x33, 0x33, 0x00, 0x08, 0x00, 0x00, 0x00,
    0x73, 0x74, 0x6F, 0x72, 0x61, 0x67, 0x65, 0x00, 0x02, 0x33, 0x34, 0x00,
    0x05, 0x00, 0x00, 0x00, 0x63, 0x61, 0x6C, 0x6C, 0x00, 0x02, 0x33, 0x35,
    0x00, 0x06, 0x00, 0x00, 0x00, 0x74, 0x75, 0x70, 0x6C, 0x65, 0x00, 0x02,
    0x33, 0x36, 0x00, 0x07, 0x00, 0x00, 0x00, 0x75, 0x6E, 0x70, 0x61, 0x63,
    0x6B, 0x00, 0x02, 0x33, 0x37, 0x00, 0x07, 0x00, 0x00, 0x00, 0x6C, 0x75,
    0x6E, 0x73, 0x65, 0x74, 0x00, 0x02, 0x33, 0x38, 0x00, 0x0A, 0x00, 0x00,
    0x00, 0x6E, 0x65, 0x77, 0x5F, 0x6C, 0x61, 0x62, 0x65, 0x6C, 0x00, 0x02,
    0x33, 0x39, 0x00, 0x0A, 0x00, 0x00, 0x00, 0x65, 0x6D, 0x69, 0x74, 0x5F,
    0x6A, 0x75, 0x6D, 0x70, 0x00, 0x02, 0x34, 0x30, 0x00, 0x06, 0x00, 0x00,
    0x00, 0x6A, 0x6E, 0x65, 0x72, 0x72, 0x00, 0x02, 0x34, 0x31, 0x00, 0x05,
    0x00, 0x00, 0x00, 0x67, 0x67, 0x65, 0x74, 0x00, 0x02, 0x34, 0x32, 0x00,
    0x0B, 0x00, 0x00, 0x00, 0x6D, 0x61, 0x72, 0x6B, 0x5F, 0x6C, 0x61, 0x62,
    0x65, 0x6C, 0x00, 0x02, 0x34, 0x33, 0x00, 0x0C, 0x00, 0x00, 0x00, 0x65,
    0x6D, 0x69, 0x74, 0x5F, 0x72, 0x65, 0x74, 0x75, 0x72, 0x6E, 0x00, 0x02,
    0x34, 0x34, 0x00, 0x0C, 0x00, 0x00, 0x00, 0x6D, 0x61, 0x78, 0x5F, 0x72,
    0x65, 0x73, 0x75, 0x6C, 0x74, 0x73, 0x00, 0x02, 0x34, 0x35, 0x00, 0x03,
    0x00, 0x00, 0x00, 0x6A, 0x66, 0x00, 0x02, 0x34, 0x36, 0x00, 0x04, 0x00,
    0x00, 0x00, 0x6A, 0x6D, 0x70, 0x00, 0x02, 0x34, 0x37, 0x00, 0x06, 0x00,
    0x00, 0x00, 0x6C, 0x6F, 0x6F, 0x70, 0x73, 0x00, 0x02, 0x34, 0x38, 0x00,
    0x07, 0x00, 0x00, 0x00, 0x72, 0x65, 0x73, 0x69, 0x7A, 0x65, 0x00, 0x02,
    0x34, 0x39, 0x00, 0x05, 0x00, 0x00, 0x00, 0x69, 0x74, 0x65, 0x72, 0x00,
    0x02, 0x35, 0x30, 0x00, 0x07, 0x00, 0x00, 0x00, 0x69, 0x74, 0x6E, 0x65,
    0x78, 0x74, 0x00, 0x02, 0x35, 0x31, 0x00, 0x0B, 0x00, 0x00, 0x00, 0x70,
    0x61, 0x74, 0x63, 0x68, 0x5F, 0x73, 0x69, 0x74, 0x65, 0x00, 0x02, 0x35,
    0x32, 0x00, 0x08, 0x00, 0x00, 0x00, 0x73, 0x74, 0x61, 0x74, 0x69, 0x63,
    0x73, 0x00, 0x02, 0x35, 0x33, 0x00, 0x07, 0x00, 0x00, 0x00, 0x66, 0x6E,
    0x5F, 0x64, 0x65, 0x66, 0x00, 0x02, 0x35, 0x34, 0x00, 0x07, 0x00, 0x00,
    0x00, 0x63, 0x6F, 0x5F, 0x64, 0x65, 0x66, 0x00, 0x02, 0x35, 0x35, 0x00,
    0x07, 0x00, 0x00, 0x00, 0x64, 0x65, 0x66, 0x69, 0x6E, 0x65, 0x00, 0x02,
    0x35, 0x36, 0x00, 0x0E, 0x00, 0x00, 0x00, 0x64, 0x65, 0x66, 0x69, 0x6E,
    0x65, 0x5F, 0x76, 0x61, 0x6C, 0x75, 0x65, 0x73, 0x00, 0x02, 0x35, 0x37,
    0x00, 0x04, 0x00, 0x00, 0x00, 0x73, 0x65, 0x74, 0x00, 0x02, 0x35, 0x38,
    0x00, 0x07, 0x00, 0x00, 0x00, 0x69, 0x66, 0x5F, 0x73, 0x65, 0x74, 0x00,
    0x02, 0x35, 0x39, 0x00, 0x0B, 0x00, 0x00, 0x00, 0x73, 0x65, 0x74, 0x5F,
    0x76, 0x61, 0x6C, 0x75, 0x65, 0x73, 0x00, 0x02, 0x36, 0x30, 0x00, 0x05,
    0x00, 0x00, 0x00, 0x70, 0x61, 0x73, 0x73, 0x00, 0x02, 0x36, 0x31, 0x00,
    0x06, 0x00, 0x00, 0x00, 0x77, 0x68, 0x69, 0x6C, 0x65, 0x00, 0x02, 0x36,
    0x32, 0x00, 0x04, 0x00, 0x00, 0x00, 0x66, 0x6F, 0x72, 0x00, 0x02, 0x36,
    0x33, 0x00, 0x07, 0x00, 0x00, 0x00, 0x73, 0x74, 0x61, 0x74, 0x69, 0x63,
    0x00, 0x02, 0x36, 0x34, 0x00, 0x06, 0x00, 0x00, 0x00, 0x64, 0x65, 0x66,
    0x65, 0x72, 0x00, 0x02, 0x36, 0x35, 0x00, 0x09, 0x00, 0x00, 0x00, 0x74,
    0x65, 0x6D, 0x70, 0x6C, 0x61, 0x74, 0x65, 0x00, 0x00,
};

static const uint8_t statements_functions[] = {
    0x4D, 0x15, 0x00, 0x00, 0x03, 0x30, 0x00, 0x58, 0x00, 0x00, 0x00, 0x02,
    0x6E, 0x00, 0x06, 0x00, 0x00, 0x00, 0x5F, 0x74, 0x61, 0x69, 0x6C, 0x00,
    0x04, 0x70, 0x00, 0x2E, 0x00, 0x00, 0x00, 0x03, 0x30, 0x00, 0x11, 0x00,
    0x00, 0x00, 0x02, 0x6E, 0x00, 0x05, 0x00, 0x00, 0x00, 0x6E, 0x6F, 0x64,
    0x65, 0x00, 0x00, 0x03, 0x31, 0x00, 0x12, 0x00, 0x00, 0x00, 0x02, 0x6E,
    0x00, 0x06, 0x00, 0x00, 0x00, 0x63, 0x6F, 0x75, 0x6E, 0x74, 0x00, 0x00,
    0x00, 0x10, 0x6C, 0x00, 0x05, 0x00, 0x00, 0x00, 0x10, 0x63, 0x00, 0x5A,
    0x01, 0x00, 0x00, 0x10, 0x66, 0x00, 0x00, 0x00, 0x00, 0x00, 0x00, 0x03,
    0x31, 0x00, 0x59, 0x00, 0x00, 0x00, 0x02, 0x6E, 0x00, 0x07, 0x00, 0x00,
    0x00, 0x5F, 0x66, 0x69, 0x65, 0x6C, 0x64, 0x00, 0x04, 0x70, 0x00, 0x2E,
    0x00, 0x00, 0x00, 0x03, 0x30, 0x00, 0x11, 0x00, 0x00, 0x00, 0x02, 0x6E,
    0x00, 0x05, 0x00, 0x00, 0x00, 0x6E, 0x6F, 0x64, 0x65, 0x00, 0x00, 0x03,
    0x31, 0x00, 0x12, 0x00, 0x00, 0x00, 0x02, 0x6E, 0x00, 0x06, 0x00, 0x00,
    0x00, 0x69, 0x6E, 0x64, 0x65, 0x78, 0x00, 0x00, 0x00, 0x10, 0x6C, 0x00,
    0x04, 0x00, 0x00, 0x00, 0x10, 0x63, 0x00, 0x73, 0x01, 0x00, 0x00, 0x10,
    0x66, 0x00, 0x00, 0x00, 0x00, 0x00, 0x00, 0x03, 0x32, 0x00, 0x47, 0x00,
    0x00, 0x00, 0x02, 0x6E, 0x00, 0x0A, 0x00, 0x00, 0x00, 0x5F, 0x70, 0x61,
    0x69, 0x72, 0x6C, 0x69, 0x73, 0x74, 0x00, 0x04, 0x70, 0x00, 0x19, 0x00,
    0x00, 0x00, 0x03, 0x30, 0x00, 0x11, 0x00, 0x00, 0x00, 0x02, 0x6E, 0x00,
    0x05, 0x00, 0x00, 0x00, 0x6E, 0x6F, 0x64, 0x65, 0x00, 0x00, 0x00, 0x10,
    0x6C, 0x00, 0x05, 0x00, 0x00, 0x00, 0x10, 0x63, 0x00, 0x83, 0x01, 0x00,
    0x00, 0x10, 0x66, 0x00, 0x00, 0x00, 0x00, 0x00, 0x00, 0x03, 0x33, 0x00,
    0xD7, 0x00, 0x00, 0x00, 0x02, 0x6E, 0x00, 0x0B, 0x00, 0x00, 0x00, 0x5F,
    0x65, 0x6D, 0x69, 0x74, 0x5F, 0x70, 0x61, 0x63, 0x6B, 0x00, 0x04, 0x70,
    0x00, 0xA8, 0x00, 0x00, 0x00, 0x03, 0x30, 0x00, 0x12, 0x00, 0x00, 0x00,
    0x02, 0x6E, 0x00, 0x06, 0x00, 0x00, 0x00, 0x66, 0x72, 0x61, 0x6D, 0x65,
    0x00, 0x00, 0x03, 0x31, 0x00, 0x0F, 0x00, 0x00, 0x00, 0x02, 0x6E, 0x00,
    0x03, 0x00, 0x00, 0x00, 0x6F, 0x70, 0x00, 0x00, 0x03, 0x32, 0x00, 0x15,
    0x00, 0x00, 0x00, 0x02, 0x6E, 0x00, 0x02, 0x00, 0x00, 0x00, 0x66, 0x00,
    0x10, 0x64, 0x00, 0x0C, 0x00, 0x00, 0x00, 0x00, 0x03, 0x33, 0x00, 0x16,
    0x00, 0x00, 0x00, 0x02, 0x6E, 0x00, 0x03, 0x00, 0x00, 0x00, 0x61, 0x30,
    0x00, 0x10, 0x64, 0x00, 0x0C, 0x00, 0x00, 0x00, 0x00, 0x03, 0x34, 0x00,
    0x16, 0x00, 0x00, 0x00, 0x02, 0x6E, 0x00, 0x03, 0x00, 0x00, 0x00, 0x61,
    0x31, 0x00, 0x10, 0x64, 0x00, 0x0C, 0x00, 0x00, 0x00, 0x00, 0x03, 0x35,
    0x00, 0x16, 0x00, 0x00, 0x00, 0x02, 0x6E, 0x00, 0x03, 0x00, 0x00, 0x00,
    0x61, 0x32, 0x00, 0x10, 0x64, 0x00, 0x0C, 0x00, 0x00, 0x00, 0x00, 0x03,
    0x36, 0x00, 0x16, 0x00, 0x00, 0x00, 0x02, 0x6E, 0x00, 0x03, 0x00, 0x00,
    0x00, 0x77, 0x31, 0x00, 0x10, 0x64, 0x00, 0x0D, 0x00, 0x00, 0x00, 0x00,
    0x00, 0x10, 0x6C, 0x00, 0x0F, 0x00, 0x00, 0x00, 0x10, 0x63, 0x00, 0x98,
    0x01, 0x00, 0x00, 0x10, 0x66, 0x00, 0x00, 0x00, 0x00, 0x00, 0x00, 0x03,
    0x34, 0x00, 0x9D, 0x00, 0x00, 0x00, 0x02, 0x6E, 0x00, 0x0F, 0x00, 0x00,
    0x00, 0x5F, 0x65, 0x6D, 0x69, 0x74, 0x5F, 0x70, 0x61, 0x69, 0x72, 0x61,
    0x62, 0x6C, 0x65, 0x00, 0x04, 0x70, 0x00, 0x6A, 0x00, 0x00, 0x00, 0x03,
    0x30, 0x00, 0x12, 0x00, 0x00, 0x00, 0x02, 0x6E, 0x00, 0x06, 0x00, 0x00,
    0x00, 0x66, 0x72, 0x61, 0x6D, 0x65, 0x00, 0x00, 0x03, 0x31, 0x00, 0x0F,
    0x00, 0x00, 0x00, 0x02, 0x6E, 0x00, 0x03, 0x00, 0x00, 0x00, 0x6F, 0x70,
    0x00, 0x00, 0x03, 0x32, 0x00, 0x1B, 0x00, 0x00, 0x00, 0x02, 0x6E, 0x00,
    0x08, 0x00, 0x00, 0x00, 0x70, 0x72, 0x69, 0x6D, 0x61, 0x72, 0x79, 0x00,
    0x10, 0x64, 0x00, 0x0C, 0x00, 0x00, 0x00, 0x00, 0x03, 0x33, 0x00, 0x1D,
    0x00, 0x00, 0x00, 0x02, 0x6E, 0x00, 0x0A, 0x00, 0x00, 0x00, 0x73, 0x65,
    0x63, 0x6F, 0x6E, 0x64, 0x61, 0x72, 0x79, 0x00, 0x10, 0x64, 0x00, 0x0C,
    0x00, 0x00, 0x00, 0x00, 0x00, 0x10, 0x6C, 0x00, 0x05, 0x00, 0x00, 0x00,
    0x10, 0x63, 0x00, 0xB8, 0x01, 0x00, 0x00, 0x10, 0x66, 0x00, 0x00, 0x00,
    0x00, 0x00, 0x00, 0x03, 0x35, 0x00, 0x81, 0x00, 0x00, 0x00, 0x02, 0x6E,
    0x00, 0x12, 0x00, 0x00, 0x00, 0x63, 0x6F, 0x6D, 0x70, 0x69, 0x6C, 0x65,
    0x5F, 0x73, 0x74, 0x61, 0x74, 0x65, 0x6D, 0x65, 0x6E, 0x74, 0x00, 0x04,
    0x70, 0x00, 0x4B, 0x00, 0x00, 0x00, 0x03, 0x30, 0x00, 0x11, 0x00, 0x00,
    0x00, 0x02, 0x6E, 0x00, 0x05, 0x00, 0x00, 0x00, 0x6E, 0x6F, 0x64, 0x65,
    0x00, 0x00, 0x03, 0x31, 0x00, 0x12, 0x00, 0x00, 0x00, 0x02, 0x6E, 0x00,
    0x06, 0x00, 0x00, 0x00, 0x66, 0x72, 0x61, 0x6D, 0x65, 0x00, 0x00, 0x03,
    0x32, 0x00, 0x1A, 0x00, 0x00, 0x00, 0x02, 0x6E, 0x00, 0x07, 0x00, 0x00,
    0x00, 0x72, 0x65, 0x73, 0x75, 0x6C, 0x74, 0x00, 0x10, 0x64, 0x00, 0x0D,
    0x00, 0x00, 0x00, 0x00, 0x00, 0x10, 0x6C, 0x00, 0x05, 0x00, 0x00, 0x00,
    0x10, 0x63, 0x00, 0xCA, 0x01, 0x00, 0x00, 0x10, 0x66, 0x00, 0x00, 0x00,
    0x00, 0x00, 0x00, 0x03, 0x36, 0x00, 0x7C, 0x00, 0x00, 0x00, 0x02, 0x6E,
    0x00, 0x0D, 0x00, 0x00, 0x00, 0x63, 0x6F, 0x6D, 0x70, 0x69, 0x6C, 0x65,
    0x5F, 0x62, 0x6F, 0x64, 0x79, 0x00, 0x04, 0x70, 0x00, 0x4B, 0x00, 0x00,
    0x00, 0x03, 0x30, 0x00, 0x11, 0x00, 0x00, 0x00, 0x02, 0x6E, 0x00, 0x05,
    0x00, 0x00, 0x00, 0x62, 0x6F, 0x64, 0x79, 0x00, 0x00, 0x03, 0x31, 0x00,
    0x12, 0x00, 0x00, 0x00, 0x02, 0x6E, 0x00, 0x06, 0x00, 0x00, 0x00, 0x66,
    0x72, 0x61, 0x6D, 0x65, 0x00, 0x00, 0x03, 0x32, 0x00, 0x1A, 0x00, 0x00,
    0x00, 0x02, 0x6E, 0x00, 0x07, 0x00, 0x00, 0x00, 0x72, 0x65, 0x73, 0x75,
    0x6C, 0x74, 0x00, 0x10, 0x64, 0x00, 0x0D, 0x00, 0x00, 0x00, 0x00, 0x00,
    0x10, 0x6C, 0x00, 0x15, 0x00, 0x00, 0x00, 0x10, 0x63, 0x00, 0xD2, 0x01,
    0x00, 0x00, 0x10, 0x66, 0x00, 0x00, 0x00, 0x00, 0x00, 0x00, 0x03, 0x37,
    0x00, 0x4B, 0x00, 0x00, 0x00, 0x02, 0x6E, 0x00, 0x0C, 0x00, 0x00, 0x00,
    0x74, 0x61, 0x72, 0x67, 0x65, 0x74, 0x5F, 0x6E, 0x61, 0x6D, 0x65, 0x00,
    0x04, 0x70, 0x00, 0x1B, 0x00, 0x00, 0x00, 0x03, 0x30, 0x00, 0x13, 0x00,
    0x00, 0x00, 0x02, 0x6E, 0x00, 0x07, 0x00, 0x00, 0x00, 0x74, 0x61, 0x72,
    0x67, 0x65, 0x74, 0x00, 0x00, 0x00, 0x10, 0x6C, 0x00, 0x06, 0x00, 0x00,
    0x00, 0x10, 0x63, 0x00, 0x5D, 0x02, 0x00, 0x00, 0x10, 0x66, 0x00, 0x00,
    0x00, 0x00, 0x00, 0x00, 0x03, 0x38, 0x00, 0x7B, 0x00, 0x00, 0x00, 0x02,
    0x6E, 0x00, 0x0D, 0x00, 0x00, 0x00, 0x73, 0x74, 0x6F, 0x72, 0x65, 0x5F,
    0x74, 0x61, 0x72, 0x67, 0x65, 0x74, 0x00, 0x04, 0x70, 0x00, 0x4A, 0x00,
    0x00, 0x00, 0x03, 0x30, 0x00, 0x13, 0x00, 0x00, 0x00, 0x02, 0x6E, 0x00,
    0x07, 0x00, 0x00, 0x00, 0x74, 0x61, 0x72, 0x67, 0x65, 0x74, 0x00, 0x00,
    0x03, 0x31, 0x00, 0x17, 0x00, 0x00, 0x00, 0x02, 0x6E, 0x00, 0x0B, 0x00,
    0x00, 0x00, 0x76, 0x61, 0x6C, 0x75, 0x65, 0x5F, 0x6E, 0x6F, 0x64, 0x65,
    0x00, 0x00, 0x03, 0x32, 0x00, 0x12, 0x00, 0x00, 0x00, 0x02, 0x6E, 0x00,
    0x06, 0x00, 0x00, 0x00, 0x66, 0x72, 0x61, 0x6D, 0x65, 0x00, 0x00, 0x00,
    0x10, 0x6C, 0x00, 0x07, 0x00, 0x00, 0x00, 0x10, 0x63, 0x00, 0x72, 0x02,
    0x00, 0x00, 0x10, 0x66, 0x00, 0x00, 0x00, 0x00, 0x00, 0x00, 0x03, 0x39,
    0x00, 0x78, 0x00, 0x00, 0x00, 0x02, 0x6E, 0x00, 0x11, 0x00, 0x00, 0x00,
    0x73, 0x74, 0x6F, 0x72, 0x65, 0x5F, 0x74, 0x61, 0x72, 0x67, 0x65, 0x74,
    0x5F, 0x72, 0x65, 0x67, 0x00, 0x04, 0x70, 0x00, 0x43, 0x00, 0x00, 0x00,
    0x03, 0x30, 0x00, 0x13, 0x00, 0x00, 0x00, 0x02, 0x6E, 0x00, 0x07, 0x00,
    0x00, 0x00, 0x74, 0x61, 0x72, 0x67, 0x65, 0x74, 0x00, 0x00, 0x03, 0x31,
    0x00, 0x10, 0x00, 0x00, 0x00, 0x02, 0x6E, 0x00, 0x04, 0x00, 0x00, 0x00,
    0x72, 0x65, 0x67, 0x00, 0x00, 0x03, 0x32, 0x00, 0x12, 0x00, 0x00, 0x00,
    0x02, 0x6E, 0x00, 0x06, 0x00, 0x00, 0x00, 0x66, 0x72, 0x61, 0x6D, 0x65,
    0x00, 0x00, 0x00, 0x10, 0x6C, 0x00, 0x08, 0x00, 0x00, 0x00, 0x10, 0x63,
    0x00, 0xA4, 0x02, 0x00, 0x00, 0x10, 0x66, 0x00, 0x00, 0x00, 0x00, 0x00,
    0x00, 0x03, 0x31, 0x30, 0x00, 0x7D, 0x00, 0x00, 0x00, 0x02, 0x6E, 0x00,
    0x0F, 0x00, 0x00, 0x00, 0x5F, 0x73, 0x74, 0x6F, 0x72, 0x65, 0x5F, 0x74,
    0x68, 0x72, 0x6F, 0x75, 0x67, 0x68, 0x00, 0x04, 0x70, 0x00, 0x4A, 0x00,
    0x00, 0x00, 0x03, 0x30, 0x00, 0x13, 0x00, 0x00, 0x00, 0x02, 0x6E, 0x00,
    0x07, 0x00, 0x00, 0x00, 0x74, 0x61, 0x72, 0x67, 0x65, 0x74, 0x00, 0x00,
    0x03, 0x31, 0x00, 0x17, 0x00, 0x00, 0x00, 0x02, 0x6E, 0x00, 0x0B, 0x00,
    0x00, 0x00, 0x76, 0x61, 0x6C, 0x75, 0x65, 0x5F, 0x6E, 0x6F, 0x64, 0x65,
    0x00, 0x00, 0x03, 0x32, 0x00, 0x12, 0x00, 0x00, 0x00, 0x02, 0x6E, 0x00,
    0x06, 0x00, 0x00, 0x00, 0x66, 0x72, 0x61, 0x6D, 0x65, 0x00, 0x00, 0x00,
    0x10, 0x6C, 0x00, 0x0C, 0x00, 0x00, 0x00, 0x10, 0x63, 0x00, 0xD0, 0x02,
    0x00, 0x00, 0x10, 0x66, 0x00, 0x00, 0x00, 0x00, 0x00, 0x00, 0x03, 0x31,
    0x31, 0x00, 0xB2, 0x00, 0x00, 0x00, 0x02, 0x6E, 0x00, 0x0C, 0x00, 0x00,
    0x00, 0x5F, 0x65, 0x6D, 0x69, 0x74, 0x5F, 0x73, 0x74, 0x6F, 0x72, 0x65,
    0x00, 0x04, 0x70, 0x00, 0x82, 0x00, 0x00, 0x00, 0x03, 0x30, 0x00, 0x12,
    0x00, 0x00, 0x00, 0x02, 0x6E, 0x00, 0x06, 0x00, 0x00, 0x00, 0x66, 0x72,
    0x61, 0x6D, 0x65, 0x00, 0x00, 0x03, 0x31, 0x00, 0x10, 0x00, 0x00, 0x00,
    0x02, 0x6E, 0x00, 0x04, 0x00, 0x00, 0x00, 0x6F, 0x62, 0x6A, 0x00, 0x00,
    0x03, 0x32, 0x00, 0x13, 0x00, 0x00, 0x00, 0x02, 0x6E, 0x00, 0x07, 0x00,
    0x00, 0x00, 0x73, 0x79, 0x6D, 0x62, 0x6F, 0x6C, 0x00, 0x00, 0x03, 0x33,
    0x00, 0x12, 0x00, 0x00, 0x00, 0x02, 0x6E, 0x00, 0x06, 0x00, 0x00, 0x00,
    0x69, 0x6E, 0x64, 0x65, 0x78, 0x00, 0x00, 0x03, 0x34, 0x00, 0x14, 0x00,
    0x00, 0x00, 0x02, 0x6E, 0x00, 0x08, 0x00, 0x00, 0x00, 0x73, 0x6C, 0x6F,
    0x74, 0x72, 0x65, 0x67, 0x00, 0x00, 0x03, 0x35, 0x00, 0x10, 0x00, 0x00,
    0x00, 0x02, 0x6E, 0x00, 0x04, 0x00, 0x00, 0x00, 0x72, 0x65, 0x67, 0x00,
    0x00, 0x00, 0x10, 0x6C, 0x00, 0x0A, 0x00, 0x00, 0x00, 0x10, 0x63, 0x00,
    0x14, 0x03, 0x00, 0x00, 0x10, 0x66, 0x00, 0x00, 0x00, 0x00, 0x00, 0x00,
    0x03, 0x31, 0x32, 0x00, 0x61, 0x00, 0x00, 0x00, 0x02, 0x6E, 0x00, 0x0D,
    0x00, 0x00, 0x00, 0x5F, 0x74, 0x61, 0x72, 0x67, 0x65, 0x74, 0x5F, 0x62,
    0x61, 0x73, 0x65, 0x00, 0x04, 0x70, 0x00, 0x30, 0x00, 0x00, 0x00, 0x03,
    0x30, 0x00, 0x13, 0x00, 0x00, 0x00, 0x02, 0x6E, 0x00, 0x07, 0x00, 0x00,
    0x00, 0x74, 0x61, 0x72, 0x67, 0x65, 0x74, 0x00, 0x00, 0x03, 0x31, 0x00,
    0x12, 0x00, 0x00, 0x00, 0x02, 0x6E, 0x00, 0x06, 0x00, 0x00, 0x00, 0x66,
    0x72, 0x61, 0x6D, 0x65, 0x00, 0x00, 0x00, 0x10, 0x6C, 0x00, 0x1E, 0x00,
    0x00, 0x00, 0x10, 0x63, 0x00, 0x54, 0x03, 0x00, 0x00, 0x10, 0x66, 0x00,
    0x00, 0x00, 0x00, 0x00, 0x00, 0x03, 0x31, 0x33, 0x00, 0x77, 0x00, 0x00,
    0x00, 0x02, 0x6E, 0x00, 0x0B, 0x00, 0x00, 0x00, 0x73, 0x74, 0x6F, 0x72,
    0x65, 0x5F, 0x65, 0x78, 0x70, 0x72, 0x00, 0x04, 0x70, 0x00, 0x48, 0x00,
    0x00, 0x00, 0x03, 0x30, 0x00, 0x11, 0x00, 0x00, 0x00, 0x02, 0x6E, 0x00,
    0x05, 0x00, 0x00, 0x00, 0x6E, 0x61, 0x6D, 0x65, 0x00, 0x00, 0x03, 0x31,
    0x00, 0x17, 0x00, 0x00, 0x00, 0x02, 0x6E, 0x00, 0x0B, 0x00, 0x00, 0x00,
    0x76, 0x61, 0x6C, 0x75, 0x65, 0x5F, 0x6E, 0x6F, 0x64, 0x65, 0x00, 0x00,
    0x03, 0x32, 0x00, 0x12, 0x00, 0x00, 0x00, 0x02, 0x6E, 0x00, 0x06, 0x00,
    0x00, 0x00, 0x66, 0x72, 0x61, 0x6D, 0x65, 0x00, 0x00, 0x00, 0x10, 0x6C,
    0x00, 0x0C, 0x00, 0x00, 0x00, 0x10, 0x63, 0x00, 0x7A, 0x04, 0x00, 0x00,
    0x10, 0x66, 0x00, 0x00, 0x00, 0x00, 0x00, 0x00, 0x03, 0x31, 0x34, 0x00,
    0x6F, 0x00, 0x00, 0x00, 0x02, 0x6E, 0x00, 0x0A, 0x00, 0x00, 0x00, 0x73,
    0x74, 0x6F, 0x72, 0x65, 0x5F, 0x72, 0x65, 0x67, 0x00, 0x04, 0x70, 0x00,
    0x41, 0x00, 0x00, 0x00, 0x03, 0x30, 0x00, 0x11, 0x00, 0x00, 0x00, 0x02,
    0x6E, 0x00, 0x05, 0x00, 0x00, 0x00, 0x6E, 0x61, 0x6D, 0x65, 0x00, 0x00,
    0x03, 0x31, 0x00, 0x10, 0x00, 0x00, 0x00, 0x02, 0x6E, 0x00, 0x04, 0x00,
    0x00, 0x00, 0x72, 0x65, 0x67, 0x00, 0x00, 0x03, 0x32, 0x00, 0x12, 0x00,
    0x00, 0x00, 0x02, 0x6E, 0x00, 0x06, 0x00, 0x00, 0x00, 0x66, 0x72, 0x61,
    0x6D, 0x65, 0x00, 0x00, 0x00, 0x10, 0x6C, 0x00, 0x0E, 0x00, 0x00, 0x00,
    0x10, 0x63, 0x00, 0xCD, 0x04, 0x00, 0x00, 0x10, 0x66, 0x00, 0x00, 0x00,
    0x00, 0x00, 0x00, 0x03, 0x31, 0x35, 0x00, 0x5B, 0x00, 0x00, 0x00, 0x02,
    0x6E, 0x00, 0x09, 0x00, 0x00, 0x00, 0x5F, 0x73, 0x74, 0x6F, 0x72, 0x61,
    0x67, 0x65, 0x00, 0x04, 0x70, 0x00, 0x2E, 0x00, 0x00, 0x00, 0x03, 0x30,
    0x00, 0x11, 0x00, 0x00, 0x00, 0x02, 0x6E, 0x00, 0x05, 0x00, 0x00, 0x00,
    0x6E, 0x61, 0x6D, 0x65, 0x00, 0x00, 0x03, 0x31, 0x00, 0x12, 0x00, 0x00,
    0x00, 0x02, 0x6E, 0x00, 0x06, 0x00, 0x00, 0x00, 0x66, 0x72, 0x61, 0x6D,
    0x65, 0x00, 0x00, 0x00, 0x10, 0x6C, 0x00, 0x07, 0x00, 0x00, 0x00, 0x10,
    0x63, 0x00, 0x2E, 0x05, 0x00, 0x00, 0x10, 0x66, 0x00, 0x00, 0x00, 0x00,
    0x00, 0x00, 0x03, 0x31, 0x36, 0x00, 0x63, 0x00, 0x00, 0x00, 0x02, 0x6E,
    0x00, 0x10, 0x00, 0x00, 0x00, 0x5F, 0x76, 0x61, 0x72, 0x5F, 0x64, 0x65,
    0x63, 0x6C, 0x5F, 0x75, 0x6E, 0x73, 0x65, 0x74, 0x00, 0x04, 0x70, 0x00,
    0x2F, 0x00, 0x00, 0x00, 0x03, 0x30, 0x00, 0x12, 0x00, 0x00, 0x00, 0x02,
    0x6E, 0x00, 0x06, 0x00, 0x00, 0x00, 0x6E, 0x61, 0x6D, 0x65, 0x73, 0x00,
    0x00, 0x03, 0x31, 0x00, 0x12, 0x00, 0x00, 0x00, 0x02, 0x6E, 0x00, 0x06,
    0x00, 0x00, 0x00, 0x66, 0x72, 0x61, 0x6D, 0x65, 0x00, 0x00, 0x00, 0x10,
    0x6C, 0x00, 0x06, 0x00, 0x00, 0x00, 0x10, 0x63, 0x00, 0x47, 0x05, 0x00,
    0x00, 0x10, 0x66, 0x00, 0x00, 0x00, 0x00, 0x00, 0x00, 0x03, 0x31, 0x37,
    0x00, 0x70, 0x00, 0x00, 0x00, 0x02, 0x6E, 0x00, 0x08, 0x00, 0x00, 0x00,
    0x5F, 0x64, 0x65, 0x66, 0x69, 0x6E, 0x65, 0x00, 0x04, 0x70, 0x00, 0x44,
    0x00, 0x00, 0x00, 0x03, 0x30, 0x00, 0x11, 0x00, 0x00, 0x00, 0x02, 0x6E,
    0x00, 0x05, 0x00, 0x00, 0x00, 0x6E, 0x6F, 0x64, 0x65, 0x00, 0x00, 0x03,
    0x31, 0x00, 0x12, 0x00, 0x00, 0x00, 0x02, 0x6E, 0x00, 0x06, 0x00, 0x00,
    0x00, 0x66, 0x72, 0x61, 0x6D, 0x65, 0x00, 0x00, 0x03, 0x32, 0x00, 0x13,
    0x00, 0x00, 0x00, 0x02, 0x6E, 0x00, 0x07, 0x00, 0x00, 0x00, 0x72, 0x65,
    0x73, 0x75, 0x6C, 0x74, 0x00, 0x00, 0x00, 0x10, 0x6C, 0x00, 0x06, 0x00,
    0x00, 0x00, 0x10, 0x63, 0x00, 0x62, 0x05, 0x00, 0x00, 0x10, 0x66, 0x00,
    0x00, 0x00, 0x00, 0x00, 0x00, 0x03, 0x31, 0x38, 0x00, 0x77, 0x00, 0x00,
    0x00, 0x02, 0x6E, 0x00, 0x0F, 0x00, 0x00, 0x00, 0x5F, 0x64, 0x65, 0x66,
    0x69, 0x6E, 0x65, 0x5F, 0x76, 0x61, 0x6C, 0x75, 0x65, 0x73, 0x00, 0x04,
    0x70, 0x00, 0x44, 0x00, 0x00, 0x00, 0x03, 0x30, 0x00, 0x11, 0x00, 0x00,
    0x00, 0x02, 0x6E, 0x00, 0x05, 0x00, 0x00, 0x00, 0x6E, 0x6F, 0x64, 0x65,
    0x00, 0x00, 0x03, 0x31, 0x00, 0x12, 0x00, 0x00, 0x00, 0x02, 0x6E, 0x00,
    0x06, 0x00, 0x00, 0x00, 0x66, 0x72, 0x61, 0x6D, 0x65, 0x00, 0x00, 0x03,
    0x32, 0x00, 0x13, 0x00, 0x00, 0x00, 0x02, 0x6E, 0x00, 0x07, 0x00, 0x00,
    0x00, 0x72, 0x65, 0x73, 0x75, 0x6C, 0x74, 0x00, 0x00, 0x00, 0x10, 0x6C,
    0x00, 0x09, 0x00, 0x00, 0x00, 0x10, 0x63, 0x00, 0x89, 0x05, 0x00, 0x00,
    0x10, 0x66, 0x00, 0x00, 0x00, 0x00, 0x00, 0x00, 0x03, 0x31, 0x39, 0x00,
    0x72, 0x00, 0x00, 0x00, 0x02, 0x6E, 0x00, 0x0A, 0x00, 0x00, 0x00, 0x5F,
    0x73, 0x65, 0x74, 0x5F, 0x73, 0x74, 0x6D, 0x74, 0x00, 0x04, 0x70, 0x00,
    0x44, 0x00, 0x00, 0x00, 0x03, 0x30, 0x00, 0x11, 0x00, 0x00, 0x00, 0x02,
    0x6E, 0x00, 0x05, 0x00, 0x00, 0x00, 0x6E, 0x6F, 0x64, 0x65, 0x00, 0x00,
    0x03, 0x31, 0x00, 0x12, 0x00, 0x00, 0x00, 0x02, 0x6E, 0x00, 0x06, 0x00,
    0x00, 0x00, 0x66, 0x72, 0x61, 0x6D, 0x65, 0x00, 0x00, 0x03, 0x32, 0x00,
    0x13, 0x00, 0x00, 0x00, 0x02, 0x6E, 0x00, 0x07, 0x00, 0x00, 0x00, 0x72,
    0x65, 0x73, 0x75, 0x6C, 0x74, 0x00, 0x00, 0x00, 0x10, 0x6C, 0x00, 0x06,
    0x00, 0x00, 0x00, 0x10, 0x63, 0x00, 0xC6, 0x05, 0x00, 0x00, 0x10, 0x66,
    0x00, 0x00, 0x00, 0x00, 0x00, 0x00, 0x03, 0x32, 0x30, 0x00, 0x75, 0x00,
    0x00, 0x00, 0x02, 0x6E, 0x00, 0x0D, 0x00, 0x00, 0x00, 0x5F, 0x69, 0x66,
    0x5F, 0x73, 0x65, 0x74, 0x5F, 0x73, 0x74, 0x6D, 0x74, 0x00, 0x04, 0x70,
    0x00, 0x44, 0x00, 0x00, 0x00, 0x03, 0x30, 0x00, 0x11, 0x00, 0x00, 0x00,
    0x02, 0x6E, 0x00, 0x05, 0x00, 0x00, 0x00, 0x6E, 0x6F, 0x64, 0x65, 0x00,
    0x00, 0x03, 0x31, 0x00, 0x12, 0x00, 0x00, 0x00, 0x02, 0x6E, 0x00, 0x06,
    0x00, 0x00, 0x00, 0x66, 0x72, 0x61, 0x6D, 0x65, 0x00, 0x00, 0x03, 0x32,
    0x00, 0x13, 0x00, 0x00, 0x00, 0x02, 0x6E, 0x00, 0x07, 0x00, 0x00, 0x00,
    0x72, 0x65, 0x73, 0x75, 0x6C, 0x74, 0x00, 0x00, 0x00, 0x10, 0x6C, 0x00,
    0x07, 0x00, 0x00, 0x00, 0x10, 0x63, 0x00, 0xE3, 0x05, 0x00, 0x00, 0x10,
    0x66, 0x00, 0x00, 0x00, 0x00, 0x00, 0x00, 0x03, 0x32, 0x31, 0x00, 0x79,
    0x00, 0x00, 0x00, 0x02, 0x6E, 0x00, 0x11, 0x00, 0x00, 0x00, 0x5F, 0x73,
    0x65, 0x74, 0x5F, 0x76, 0x61, 0x6C, 0x75, 0x65, 0x73, 0x5F, 0x73, 0x74,
    0x6D, 0x74, 0x00, 0x04, 0x70, 0x00, 0x44, 0x00, 0x00, 0x00, 0x03, 0x30,
    0x00, 0x11, 0x00, 0x00, 0x00, 0x02, 0x6E, 0x00, 0x05, 0x00, 0x00, 0x00,
    0x6E, 0x6F, 0x64, 0x65, 0x00, 0x00, 0x03, 0x31, 0x00, 0x12, 0x00, 0x00,
    0x00, 0x02, 0x6E, 0x00, 0x06, 0x00, 0x00, 0x00, 0x66, 0x72, 0x61, 0x6D,
    0x65, 0x00, 0x00, 0x03, 0x32, 0x00, 0x13, 0x00, 0x00, 0x00, 0x02, 0x6E,
    0x00, 0x07, 0x00, 0x00, 0x00, 0x72, 0x65, 0x73, 0x75, 0x6C, 0x74, 0x00,
    0x00, 0x00, 0x10, 0x6C, 0x00, 0x07, 0x00, 0x00, 0x00, 0x10, 0x63, 0x00,
    0x04, 0x06, 0x00, 0x00, 0x10, 0x66, 0x00, 0x00, 0x00, 0x00, 0x00, 0x00,
    0x03, 0x32, 0x32, 0x00, 0x73, 0x00, 0x00, 0x00, 0x02, 0x6E, 0x00, 0x08,
    0x00, 0x00, 0x00, 0x5F, 0x61, 0x73, 0x73, 0x69, 0x67, 0x6E, 0x00, 0x04,
    0x70, 0x00, 0x47, 0x00, 0x00, 0x00, 0x03, 0x30, 0x00, 0x14, 0x00, 0x00,
    0x00, 0x02, 0x6E, 0x00, 0x08, 0x00, 0x00, 0x00, 0x74, 0x61, 0x72, 0x67,
    0x65, 0x74, 0x73, 0x00, 0x00, 0x03, 0x31, 0x00, 0x13, 0x00, 0x00, 0x00,
    0x02, 0x6E, 0x00, 0x07, 0x00, 0x00, 0x00, 0x76, 0x61, 0x6C, 0x75, 0x65,
    0x73, 0x00, 0x00, 0x03, 0x32, 0x00, 0x12, 0x00, 0x00, 0x00, 0x02, 0x6E,
    0x00, 0x06, 0x00, 0x00, 0x00, 0x66, 0x72, 0x61, 0x6D, 0x65, 0x00, 0x00,
    0x00, 0x10, 0x6C, 0x00, 0x0A, 0x00, 0x00, 0x00, 0x10, 0x63, 0x00, 0x23,
    0x06, 0x00, 0x00, 0x10, 0x66, 0x00, 0x00, 0x00, 0x00, 0x00, 0x00, 0x03,
    0x32, 0x33, 0x00, 0x7C, 0x00, 0x00, 0x00, 0x02, 0x6E, 0x00, 0x11, 0x00,
    0x00, 0x00, 0x5F, 0x61, 0x73, 0x73, 0x69, 0x67, 0x6E, 0x5F, 0x70, 0x61,
    0x69, 0x72, 0x77, 0x69, 0x73, 0x65, 0x00, 0x04, 0x70, 0x00, 0x47, 0x00,
    0x00, 0x00, 0x03, 0x30, 0x00, 0x14, 0x00, 0x00, 0x00, 0x02, 0x6E, 0x00,
    0x08, 0x00, 0x00, 0x00, 0x74, 0x61, 0x72, 0x67, 0x65, 0x74, 0x73, 0x00,
    0x00, 0x03, 0x31, 0x00, 0x13, 0x00, 0x00, 0x00, 0x02, 0x6E, 0x00, 0x07,
    0x00, 0x00, 0x00, 0x76, 0x61, 0x6C, 0x75, 0x65, 0x73, 0x00, 0x00, 0x03,
    0x32, 0x00, 0x12, 0x00, 0x00, 0x00, 0x02, 0x6E, 0x00, 0x06, 0x00, 0x00,
    0x00, 0x66, 0x72, 0x61, 0x6D, 0x65, 0x00, 0x00, 0x00, 0x10, 0x6C, 0x00,
    0x0D, 0x00, 0x00, 0x00, 0x10, 0x63, 0x00, 0x97, 0x06, 0x00, 0x00, 0x10,
    0x66, 0x00, 0x00, 0x00, 0x00, 0x00, 0x00, 0x03, 0x32, 0x34, 0x00, 0x80,
    0x00, 0x00, 0x00, 0x02, 0x6E, 0x00, 0x12, 0x00, 0x00, 0x00, 0x5F, 0x61,
    0x73, 0x73, 0x69, 0x67, 0x6E, 0x5F, 0x66, 0x72, 0x6F, 0x6D, 0x5F, 0x63,
    0x61, 0x6C, 0x6C, 0x00, 0x04, 0x70, 0x00, 0x4A, 0x00, 0x00, 0x00, 0x03,
    0x30, 0x00, 0x14, 0x00, 0x00, 0x00, 0x02, 0x6E, 0x00, 0x08, 0x00, 0x00,
    0x00, 0x74, 0x61, 0x72, 0x67, 0x65, 0x74, 0x73, 0x00, 0x00, 0x03, 0x31,
    0x00, 0x16, 0x00, 0x00, 0x00, 0x02, 0x6E, 0x00, 0x0A, 0x00, 0x00, 0x00,
    0x63, 0x61, 0x6C, 0x6C, 0x5F, 0x6E, 0x6F, 0x64, 0x65, 0x00, 0x00, 0x03,
    0x32, 0x00, 0x12, 0x00, 0x00, 0x00, 0x02, 0x6E, 0x00, 0x06, 0x00, 0x00,
    0x00, 0x66, 0x72, 0x61, 0x6D, 0x65, 0x00, 0x00, 0x00, 0x10, 0x6C, 0x00,
    0x0A, 0x00, 0x00, 0x00, 0x10, 0x63, 0x00, 0xF0, 0x06, 0x00, 0x00, 0x10,
    0x66, 0x00, 0x00, 0x00, 0x00, 0x00, 0x00, 0x03, 0x32, 0x35, 0x00, 0x84,
    0x00, 0x00, 0x00, 0x02, 0x6E, 0x00, 0x15, 0x00, 0x00, 0x00, 0x5F, 0x61,
    0x73, 0x73, 0x69, 0x67, 0x6E, 0x5F, 0x62, 0x79, 0x5F, 0x75, 0x6E, 0x70,
    0x61, 0x63, 0x6B, 0x69, 0x6E, 0x67, 0x00, 0x04, 0x70, 0x00, 0x4B, 0x00,
    0x00, 0x00, 0x03, 0x30, 0x00, 0x14, 0x00, 0x00, 0x00, 0x02, 0x6E, 0x00,
    0x08, 0x00, 0x00, 0x00, 0x74, 0x61, 0x72, 0x67, 0x65, 0x74, 0x73, 0x00,
    0x00, 0x03, 0x31, 0x00, 0x17, 0x00, 0x00, 0x00, 0x02, 0x6E, 0x00, 0x0B,
    0x00, 0x00, 0x00, 0x76, 0x61, 0x6C, 0x75, 0x65, 0x5F, 0x6E, 0x6F, 0x64,
    0x65, 0x00, 0x00, 0x03, 0x32, 0x00, 0x12, 0x00, 0x00, 0x00, 0x02, 0x6E,
    0x00, 0x06, 0x00, 0x00, 0x00, 0x66, 0x72, 0x61, 0x6D, 0x65, 0x00, 0x00,
    0x00, 0x10, 0x6C, 0x00, 0x12, 0x00, 0x00, 0x00, 0x10, 0x63, 0x00, 0x26,
    0x07, 0x00, 0x00, 0x10, 0x66, 0x00, 0x00, 0x00, 0x00, 0x00, 0x00, 0x03,
    0x32, 0x36, 0x00, 0x5F, 0x00, 0x00, 0x00, 0x02, 0x6E, 0x00, 0x0D, 0x00,
    0x00, 0x00, 0x5F, 0x73, 0x74, 0x6F, 0x72, 0x65, 0x5F, 0x75, 0x6E, 0x73,
    0x65, 0x74, 0x00, 0x04, 0x70, 0x00, 0x2E, 0x00, 0x00, 0x00, 0x03, 0x30,
    0x00, 0x11, 0x00, 0x00, 0x00, 0x02, 0x6E, 0x00, 0x05, 0x00, 0x00, 0x00,
    0x6E, 0x61, 0x6D, 0x65, 0x00, 0x00, 0x03, 0x31, 0x00, 0x12, 0x00, 0x00,
    0x00, 0x02, 0x6E, 0x00, 0x06, 0x00, 0x00, 0x00, 0x66, 0x72, 0x61, 0x6D,
    0x65, 0x00, 0x00, 0x00, 0x10, 0x6C, 0x00, 0x0D, 0x00, 0x00, 0x00, 0x10,
    0x63, 0x00, 0x88, 0x07, 0x00, 0x00, 0x10, 0x66, 0x00, 0x00, 0x00, 0x00,
    0x00, 0x00, 0x03, 0x32, 0x37, 0x00, 0x7A, 0x00, 0x00, 0x00, 0x02, 0x6E,
    0x00, 0x0E, 0x00, 0x00, 0x00, 0x5F, 0x73, 0x65, 0x74, 0x5F, 0x69, 0x66,
    0x5F, 0x75, 0x6E, 0x73, 0x65, 0x74, 0x00, 0x04, 0x70, 0x00, 0x48, 0x00,
    0x00, 0x00, 0x03, 0x30, 0x00, 0x11, 0x00, 0x00, 0x00, 0x02, 0x6E, 0x00,
    0x05, 0x00, 0x00, 0x00, 0x6E, 0x61, 0x6D, 0x65, 0x00, 0x00, 0x03, 0x31,
    0x00, 0x17, 0x00, 0x00, 0x00, 0x02, 0x6E, 0x00, 0x0B, 0x00, 0x00, 0x00,
    0x76, 0x61, 0x6C, 0x75, 0x65, 0x5F, 0x6E, 0x6F, 0x64, 0x65, 0x00, 0x00,
    0x03, 0x32, 0x00, 0x12, 0x00, 0x00, 0x00, 0x02, 0x6E, 0x00, 0x06, 0x00,
    0x00, 0x00, 0x66, 0x72, 0x61, 0x6D, 0x65, 0x00, 0x00, 0x00, 0x10, 0x6C,
    0x00, 0x29, 0x00, 0x00, 0x00, 0x10, 0x63, 0x00, 0xE2, 0x07, 0x00, 0x00,
    0x10, 0x66, 0x00, 0x00, 0x00, 0x00, 0x00, 0x00, 0x03, 0x32, 0x38, 0x00,
    0x6E, 0x00, 0x00, 0x00, 0x02, 0x6E, 0x00, 0x06, 0x00, 0x00, 0x00, 0x5F,
    0x70, 0x61, 0x73, 0x73, 0x00, 0x04, 0x70, 0x00, 0x44, 0x00, 0x00, 0x00,
    0x03, 0x30, 0x00, 0x11, 0x00, 0x00, 0x00, 0x02, 0x6E, 0x00, 0x05, 0x00,
    0x00, 0x00, 0x6E, 0x6F, 0x64, 0x65, 0x00, 0x00, 0x03, 0x31, 0x00, 0x12,
    0x00, 0x00, 0x00, 0x02, 0x6E, 0x00, 0x06, 0x00, 0x00, 0x00, 0x66, 0x72,
    0x61, 0x6D, 0x65, 0x00, 0x00, 0x03, 0x32, 0x00, 0x13, 0x00, 0x00, 0x00,
    0x02, 0x6E, 0x00, 0x07, 0x00, 0x00, 0x00, 0x72, 0x65, 0x73, 0x75, 0x6C,
    0x74, 0x00, 0x00, 0x00, 0x10, 0x6C, 0x00, 0x01, 0x00, 0x00, 0x00, 0x10,
    0x63, 0x00, 0xE1, 0x08, 0x00, 0x00, 0x10, 0x66, 0x00, 0x00, 0x00, 0x00,
    0x00, 0x00, 0x03, 0x32, 0x39, 0x00, 0x73, 0x00, 0x00, 0x00, 0x02, 0x6E,
    0x00, 0x0B, 0x00, 0x00, 0x00, 0x5F, 0x65, 0x78, 0x70, 0x72, 0x5F, 0x73,
    0x74, 0x6D, 0x74, 0x00, 0x04, 0x70, 0x00, 0x44, 0x00, 0x00, 0x00, 0x03,
    0x30, 0x00, 0x11, 0x00, 0x00, 0x00, 0x02, 0x6E, 0x00, 0x05, 0x00, 0x00,
    0x00, 0x6E, 0x6F, 0x64, 0x65, 0x00, 0x00, 0x03, 0x31, 0x00, 0x12, 0x00,
    0x00, 0x00, 0x02, 0x6E, 0x00, 0x06, 0x00, 0x00, 0x00, 0x66, 0x72, 0x61,
    0x6D, 0x65, 0x00, 0x00, 0x03, 0x32, 0x00, 0x13, 0x00, 0x00, 0x00, 0x02,
    0x6E, 0x00, 0x07, 0x00, 0x00, 0x00, 0x72, 0x65, 0x73, 0x75, 0x6C, 0x74,
    0x00, 0x00, 0x00, 0x10, 0x6C, 0x00, 0x05, 0x00, 0x00, 0x00, 0x10, 0x63,
    0x00, 0xE3, 0x08, 0x00, 0x00, 0x10, 0x66, 0x00, 0x00, 0x00, 0x00, 0x00,
    0x00, 0x03, 0x33, 0x30, 0x00, 0x70, 0x00, 0x00, 0x00, 0x02, 0x6E, 0x00,
    0x08, 0x00, 0x00, 0x00, 0x5F, 0x72, 0x65, 0x74, 0x75, 0x72, 0x6E, 0x00,
    0x04, 0x70, 0x00, 0x44, 0x00, 0x00, 0x00, 0x03, 0x30, 0x00, 0x11, 0x00,
    0x00, 0x00, 0x02, 0x6E, 0x00, 0x05, 0x00, 0x00, 0x00, 0x6E, 0x6F, 0x64,
    0x65, 0x00, 0x00, 0x03, 0x31, 0x00, 0x12, 0x00, 0x00, 0x00, 0x02, 0x6E,
    0x00, 0x06, 0x00, 0x00, 0x00, 0x66, 0x72, 0x61, 0x6D, 0x65, 0x00, 0x00,
    0x03, 0x32, 0x00, 0x13, 0x00, 0x00, 0x00, 0x02, 0x6E, 0x00, 0x07, 0x00,
    0x00, 0x00, 0x72, 0x65, 0x73, 0x75, 0x6C, 0x74, 0x00, 0x00, 0x00, 0x10,
    0x6C, 0x00, 0x0F, 0x00, 0x00, 0x00, 0x10, 0x63, 0x00, 0xF2, 0x08, 0x00,
    0x00, 0x10, 0x66, 0x00, 0x00, 0x00, 0x00, 0x00, 0x00, 0x03, 0x33, 0x31,
    0x00, 0x72, 0x00, 0x00, 0x00, 0x02, 0x6E, 0x00, 0x0A, 0x00, 0x00, 0x00,
    0x5F, 0x69, 0x66, 0x5F, 0x6C, 0x6F, 0x77, 0x65, 0x72, 0x00, 0x04, 0x70,
    0x00, 0x44, 0x00, 0x00, 0x00, 0x03, 0x30, 0x00, 0x11, 0x00, 0x00, 0x00,
    0x02, 0x6E, 0x00, 0x05, 0x00, 0x00, 0x00, 0x6E, 0x6F, 0x64, 0x65, 0x00,
    0x00, 0x03, 0x31, 0x00, 0x12, 0x00, 0x00, 0x00, 0x02, 0x6E, 0x00, 0x06,
    0x00, 0x00, 0x00, 0x66, 0x72, 0x61, 0x6D, 0x65, 0x00, 0x00, 0x03, 0x32,
    0x00, 0x13, 0x00, 0x00, 0x00, 0x02, 0x6E, 0x00, 0x07, 0x00, 0x00, 0x00,
    0x72, 0x65, 0x73, 0x75, 0x6C, 0x74, 0x00, 0x00, 0x00, 0x10, 0x6C, 0x00,
    0x1B, 0x00, 0x00, 0x00, 0x10, 0x63, 0x00, 0x7F, 0x09, 0x00, 0x00, 0x10,
    0x66, 0x00, 0x00, 0x00, 0x00, 0x00, 0x00, 0x03, 0x33, 0x32, 0x00, 0x71,
    0x00, 0x00, 0x00, 0x02, 0x6E, 0x00, 0x09, 0x00, 0x00, 0x00, 0x5F, 0x69,
    0x66, 0x5F, 0x73, 0x74, 0x6D, 0x74, 0x00, 0x04, 0x70, 0x00, 0x44, 0x00,
    0x00, 0x00, 0x03, 0x30, 0x00, 0x11, 0x00, 0x00, 0x00, 0x02, 0x6E, 0x00,
    0x05, 0x00, 0x00, 0x00, 0x6E, 0x6F, 0x64, 0x65, 0x00, 0x00, 0x03, 0x31,
    0x00, 0x12, 0x00, 0x00, 0x00, 0x02, 0x6E, 0x00, 0x06, 0x00, 0x00, 0x00,
    0x66, 0x72, 0x61, 0x6D, 0x65, 0x00, 0x00, 0x03, 0x32, 0x00, 0x13, 0x00,
    0x00, 0x00, 0x02, 0x6E, 0x00, 0x07, 0x00, 0x00, 0x00, 0x72, 0x65, 0x73,
    0x75, 0x6C, 0x74, 0x00, 0x00, 0x00, 0x10, 0x6C, 0x00, 0x04, 0x00, 0x00,
    0x00, 0x10, 0x63, 0x00, 0x6B, 0x0A, 0x00, 0x00, 0x10, 0x66, 0x00, 0x00,
    0x00, 0x00, 0x00, 0x00, 0x03, 0x33, 0x33, 0x00, 0x6E, 0x00, 0x00, 0x00,
    0x02, 0x6E, 0x00, 0x09, 0x00, 0x00, 0x00, 0x5F, 0x69, 0x66, 0x5F, 0x65,
    0x78, 0x70, 0x72, 0x00, 0x04, 0x70, 0x00, 0x41, 0x00, 0x00, 0x00, 0x03,
    0x30, 0x00, 0x11, 0x00, 0x00, 0x00, 0x02, 0x6E, 0x00, 0x05, 0x00, 0x00,
    0x00, 0x6E, 0x6F, 0x64, 0x65, 0x00, 0x00, 0x03, 0x31, 0x00, 0x12, 0x00,
    0x00, 0x00, 0x02, 0x6E, 0x00, 0x06, 0x00, 0x00, 0x00, 0x66, 0x72, 0x61,
    0x6D, 0x65, 0x00, 0x00, 0x03, 0x32, 0x00, 0x10, 0x00, 0x00, 0x00, 0x02,
    0x6E, 0x00, 0x04, 0x00, 0x00, 0x00, 0x64, 0x73, 0x74, 0x00, 0x00, 0x00,
    0x10, 0x6C, 0x00, 0x07, 0x00, 0x00, 0x00, 0x10, 0x63, 0x00, 0x72, 0x0A,
    0x00, 0x00, 0x10, 0x66, 0x00, 0x00, 0x00, 0x00, 0x00, 0x00, 0x03, 0x33,
    0x34, 0x00, 0x6F, 0x00, 0x00, 0x00, 0x02, 0x6E, 0x00, 0x07, 0x00, 0x00,
    0x00, 0x5F, 0x77, 0x68, 0x69, 0x6C, 0x65, 0x00, 0x04, 0x70, 0x00, 0x44,
    0x00, 0x00, 0x00, 0x03, 0x30, 0x00, 0x11, 0x00, 0x00, 0x00, 0x02, 0x6E,
    0x00, 0x05, 0x00, 0x00, 0x00, 0x6E, 0x6F, 0x64, 0x65, 0x00, 0x00, 0x03,
    0x31, 0x00, 0x12, 0x00, 0x00, 0x00, 0x02, 0x6E, 0x00, 0x06, 0x00, 0x00,
    0x00, 0x66, 0x72, 0x61, 0x6D, 0x65, 0x00, 0x00, 0x03, 0x32, 0x00, 0x13,
    0x00, 0x00, 0x00, 0x02, 0x6E, 0x00, 0x07, 0x00, 0x00, 0x00, 0x72, 0x65,
    0x73, 0x75, 0x6C, 0x74, 0x00, 0x00, 0x00, 0x10, 0x6C, 0x00, 0x0F, 0x00,
    0x00, 0x00, 0x10, 0x63, 0x00, 0x8E, 0x0A, 0x00, 0x00, 0x10, 0x66, 0x00,
    0x00, 0x00, 0x00, 0x00, 0x00, 0x03, 0x33, 0x35, 0x00, 0x6D, 0x00, 0x00,
    0x00, 0x02, 0x6E, 0x00, 0x05, 0x00, 0x00, 0x00, 0x5F, 0x66, 0x6F, 0x72,
    0x00, 0x04, 0x70, 0x00, 0x44, 0x00, 0x00, 0x00, 0x03, 0x30, 0x00, 0x11,
    0x00, 0x00, 0x00, 0x02, 0x6E, 0x00, 0x05, 0x00, 0x00, 0x00, 0x6E, 0x6F,
    0x64, 0x65, 0x00, 0x00, 0x03, 0x31, 0x00, 0x12, 0x00, 0x00, 0x00, 0x02,
    0x6E, 0x00, 0x06, 0x00, 0x00, 0x00, 0x66, 0x72, 0x61, 0x6D, 0x65, 0x00,
    0x00, 0x03, 0x32, 0x00, 0x13, 0x00, 0x00, 0x00, 0x02, 0x6E, 0x00, 0x07,
    0x00, 0x00, 0x00, 0x72, 0x65, 0x73, 0x75, 0x6C, 0x74, 0x00, 0x00, 0x00,
    0x10, 0x6C, 0x00, 0x05, 0x00, 0x00, 0x00, 0x10, 0x63, 0x00, 0x08, 0x0B,
    0x00, 0x00, 0x10, 0x66, 0x00, 0x00, 0x00, 0x00, 0x00, 0x00, 0x03, 0x33,
    0x36, 0x00, 0x5F, 0x00, 0x00, 0x00, 0x02, 0x6E, 0x00, 0x0D, 0x00, 0x00,
    0x00, 0x5F, 0x63, 0x6F, 0x6D, 0x70, 0x69, 0x6C, 0x65, 0x5F, 0x66, 0x6F,
    0x72, 0x00, 0x04, 0x70, 0x00, 0x2E, 0x00, 0x00, 0x00, 0x03, 0x30, 0x00,
    0x11, 0x00, 0x00, 0x00, 0x02, 0x6E, 0x00, 0x05, 0x00, 0x00, 0x00, 0x6E,
    0x6F, 0x64, 0x65, 0x00, 0x00, 0x03, 0x31, 0x00, 0x12, 0x00, 0x00, 0x00,
    0x02, 0x6E, 0x00, 0x06, 0x00, 0x00, 0x00, 0x66, 0x72, 0x61, 0x6D, 0x65,
    0x00, 0x00, 0x00, 0x10, 0x6C, 0x00, 0x23, 0x00, 0x00, 0x00, 0x10, 0x63,
    0x00, 0x18, 0x0B, 0x00, 0x00, 0x10, 0x66, 0x00, 0x00, 0x00, 0x00, 0x00,
    0x00, 0x03, 0x33, 0x37, 0x00, 0x6F, 0x00, 0x00, 0x00, 0x02, 0x6E, 0x00,
    0x07, 0x00, 0x00, 0x00, 0x5F, 0x62, 0x72, 0x65, 0x61, 0x6B, 0x00, 0x04,
    0x70, 0x00, 0x44, 0x00, 0x00, 0x00, 0x03, 0x30, 0x00, 0x11, 0x00, 0x00,
    0x00, 0x02, 0x6E, 0x00, 0x05, 0x00, 0x00, 0x00, 0x6E, 0x6F, 0x64, 0x65,
    0x00, 0x00, 0x03, 0x31, 0x00, 0x12, 0x00, 0x00, 0x00, 0x02, 0x6E, 0x00,
    0x06, 0x00, 0x00, 0x00, 0x66, 0x72, 0x61, 0x6D, 0x65, 0x00, 0x00, 0x03,
    0x32, 0x00, 0x13, 0x00, 0x00, 0x00, 0x02, 0x6E, 0x00, 0x07, 0x00, 0x00,
    0x00, 0x72, 0x65, 0x73, 0x75, 0x6C, 0x74, 0x00, 0x00, 0x00, 0x10, 0x6C,
    0x00, 0x05, 0x00, 0x00, 0x00, 0x10, 0x63, 0x00, 0x2E, 0x0C, 0x00, 0x00,
    0x10, 0x66, 0x00, 0x00, 0x00, 0x00, 0x00, 0x00, 0x03, 0x33, 0x38, 0x00,
    0x72, 0x00, 0x00, 0x00, 0x02, 0x6E, 0x00, 0x0A, 0x00, 0x00, 0x00, 0x5F,
    0x63, 0x6F, 0x6E, 0x74, 0x69, 0x6E, 0x75, 0x65, 0x00, 0x04, 0x70, 0x00,
    0x44, 0x00, 0x00, 0x00, 0x03, 0x30, 0x00, 0x11, 0x00, 0x00, 0x00, 0x02,
    0x6E, 0x00, 0x05, 0x00, 0x00, 0x00, 0x6E, 0x6F, 0x64, 0x65, 0x00, 0x00,
    0x03, 0x31, 0x00, 0x12, 0x00, 0x00, 0x00, 0x02, 0x6E, 0x00, 0x06, 0x00,
    0x00, 0x00, 0x66, 0x72, 0x61, 0x6D, 0x65, 0x00, 0x00, 0x03, 0x32, 0x00,
    0x13, 0x00, 0x00, 0x00, 0x02, 0x6E, 0x00, 0x07, 0x00, 0x00, 0x00, 0x72,
    0x65, 0x73, 0x75, 0x6C, 0x74, 0x00, 0x00, 0x00, 0x10, 0x6C, 0x00, 0x05,
    0x00, 0x00, 0x00, 0x10, 0x63, 0x00, 0x51, 0x0C, 0x00, 0x00, 0x10, 0x66,
    0x00, 0x00, 0x00, 0x00, 0x00, 0x00, 0x03, 0x33, 0x39, 0x00, 0x74, 0x00,
    0x00, 0x00, 0x02, 0x6E, 0x00, 0x0C, 0x00, 0x00, 0x00, 0x5F, 0x79, 0x69,
    0x65, 0x6C, 0x64, 0x5F, 0x73, 0x74, 0x6D, 0x74, 0x00, 0x04, 0x70, 0x00,
    0x44, 0x00, 0x00, 0x00, 0x03, 0x30, 0x00, 0x11, 0x00, 0x00, 0x00, 0x02,
    0x6E, 0x00, 0x05, 0x00, 0x00, 0x00, 0x6E, 0x6F, 0x64, 0x65, 0x00, 0x00,
    0x03, 0x31, 0x00, 0x12, 0x00, 0x00, 0x00, 0x02, 0x6E, 0x00, 0x06, 0x00,
    0x00, 0x00, 0x66, 0x72, 0x61, 0x6D, 0x65, 0x00, 0x00, 0x03, 0x32, 0x00,
    0x13, 0x00, 0x00, 0x00, 0x02, 0x6E, 0x00, 0x07, 0x00, 0x00, 0x00, 0x72,
    0x65, 0x73, 0x75, 0x6C, 0x74, 0x00, 0x00, 0x00, 0x10, 0x6C, 0x00, 0x04,
    0x00, 0x00, 0x00, 0x10, 0x63, 0x00, 0x74, 0x0C, 0x00, 0x00, 0x10, 0x66,
    0x00, 0x00, 0x00, 0x00, 0x00, 0x00, 0x03, 0x34, 0x30, 0x00, 0x75, 0x00,
    0x00, 0x00, 0x02, 0x6E, 0x00, 0x0D, 0x00, 0x00, 0x00, 0x5F, 0x73, 0x74,
    0x61, 0x74, 0x69, 0x63, 0x5F, 0x64, 0x65, 0x63, 0x6C, 0x00, 0x04, 0x70,
    0x00, 0x44, 0x00, 0x00, 0x00, 0x03, 0x30, 0x00, 0x11, 0x00, 0x00, 0x00,
    0x02, 0x6E, 0x00, 0x05, 0x00, 0x00, 0x00, 0x6E, 0x6F, 0x64, 0x65, 0x00,
    0x00, 0x03, 0x31, 0x00, 0x12, 0x00, 0x00, 0x00, 0x02, 0x6E, 0x00, 0x06,
    0x00, 0x00, 0x00, 0x66, 0x72, 0x61, 0x6D, 0x65, 0x00, 0x00, 0x03, 0x32,
    0x00, 0x13, 0x00, 0x00, 0x00, 0x02, 0x6E, 0x00, 0x07, 0x00, 0x00, 0x00,
    0x72, 0x65, 0x73, 0x75, 0x6C, 0x74, 0x00, 0x00, 0x00, 0x10, 0x6C, 0x00,
    0x04, 0x00, 0x00, 0x00, 0x10, 0x63, 0x00, 0x7B, 0x0C, 0x00, 0x00, 0x10,
    0x66, 0x00, 0x00, 0x00, 0x00, 0x00, 0x00, 0x03, 0x34, 0x31, 0x00, 0x58,
    0x00, 0x00, 0x00, 0x02, 0x6E, 0x00, 0x17, 0x00, 0x00, 0x00, 0x73, 0x65,
    0x74, 0x5F, 0x6E, 0x65, 0x73, 0x74, 0x65, 0x64, 0x5F, 0x66, 0x6E, 0x5F,
    0x63, 0x6F, 0x6D, 0x70, 0x69, 0x6C, 0x65, 0x72, 0x00, 0x04, 0x70, 0x00,
    0x1D, 0x00, 0x00, 0x00, 0x03, 0x30, 0x00, 0x15, 0x00, 0x00, 0x00, 0x02,
    0x6E, 0x00, 0x09, 0x00, 0x00, 0x00, 0x63, 0x6F, 0x6D, 0x70, 0x69, 0x6C,
    0x65, 0x72, 0x00, 0x00, 0x00, 0x10, 0x6C, 0x00, 0x01, 0x00, 0x00, 0x00,
    0x10, 0x63, 0x00, 0x90, 0x0C, 0x00, 0x00, 0x10, 0x66, 0x00, 0x00, 0x00,
    0x00, 0x00, 0x00, 0x03, 0x34, 0x32, 0x00, 0x54, 0x00, 0x00, 0x00, 0x02,
    0x6E, 0x00, 0x13, 0x00, 0x00, 0x00, 0x73, 0x65, 0x74, 0x5F, 0x64, 0x65,
    0x66, 0x65, 0x72, 0x5F, 0x63, 0x6F, 0x6D, 0x70, 0x69, 0x6C, 0x65, 0x72,
    0x00, 0x04, 0x70, 0x00, 0x1D, 0x00, 0x00, 0x00, 0x03, 0x30, 0x00, 0x15,
    0x00, 0x00, 0x00, 0x02, 0x6E, 0x00, 0x09, 0x00, 0x00, 0x00, 0x63, 0x6F,
    0x6D, 0x70, 0x69, 0x6C, 0x65, 0x72, 0x00, 0x00, 0x00, 0x10, 0x6C, 0x00,
    0x01, 0x00, 0x00, 0x00, 0x10, 0x63, 0x00, 0x94, 0x0C, 0x00, 0x00, 0x10,
    0x66, 0x00, 0x00, 0x00, 0x00, 0x00, 0x00, 0x03, 0x34, 0x33, 0x00, 0x73,
    0x00, 0x00, 0x00, 0x02, 0x6E, 0x00, 0x0B, 0x00, 0x00, 0x00, 0x5F, 0x6E,
    0x65, 0x73, 0x74, 0x65, 0x64, 0x5F, 0x66, 0x6E, 0x00, 0x04, 0x70, 0x00,
    0x44, 0x00, 0x00, 0x00, 0x03, 0x30, 0x00, 0x11, 0x00, 0x00, 0x00, 0x02,
    0x6E, 0x00, 0x05, 0x00, 0x00, 0x00, 0x6E, 0x6F, 0x64, 0x65, 0x00, 0x00,
    0x03, 0x31, 0x00, 0x12, 0x00, 0x00, 0x00, 0x02, 0x6E, 0x00, 0x06, 0x00,
    0x00, 0x00, 0x66, 0x72, 0x61, 0x6D, 0x65, 0x00, 0x00, 0x03, 0x32, 0x00,
    0x13, 0x00, 0x00, 0x00, 0x02, 0x6E, 0x00, 0x07, 0x00, 0x00, 0x00, 0x72,
    0x65, 0x73, 0x75, 0x6C, 0x74, 0x00, 0x00, 0x00, 0x10, 0x6C, 0x00, 0x04,
    0x00, 0x00, 0x00, 0x10, 0x63, 0x00, 0x98, 0x0C, 0x00, 0x00, 0x10, 0x66,
    0x00, 0x00, 0x00, 0x00, 0x00, 0x00, 0x03, 0x34, 0x34, 0x00, 0x6F, 0x00,
    0x00, 0x00, 0x02, 0x6E, 0x00, 0x07, 0x00, 0x00, 0x00, 0x5F, 0x64, 0x65,
    0x66, 0x65, 0x72, 0x00, 0x04, 0x70, 0x00, 0x44, 0x00, 0x00, 0x00, 0x03,
    0x30, 0x00, 0x11, 0x00, 0x00, 0x00, 0x02, 0x6E, 0x00, 0x05, 0x00, 0x00,
    0x00, 0x6E, 0x6F, 0x64, 0x65, 0x00, 0x00, 0x03, 0x31, 0x00, 0x12, 0x00,
    0x00, 0x00, 0x02, 0x6E, 0x00, 0x06, 0x00, 0x00, 0x00, 0x66, 0x72, 0x61,
    0x6D, 0x65, 0x00, 0x00, 0x03, 0x32, 0x00, 0x13, 0x00, 0x00, 0x00, 0x02,
    0x6E, 0x00, 0x07, 0x00, 0x00, 0x00, 0x72, 0x65, 0x73, 0x75, 0x6C, 0x74,
    0x00, 0x00, 0x00, 0x10, 0x6C, 0x00, 0x03, 0x00, 0x00, 0x00, 0x10, 0x63,
    0x00, 0xA9, 0x0C, 0x00, 0x00, 0x10, 0x66, 0x00, 0x00, 0x00, 0x00, 0x00,
    0x00, 0x03, 0x34, 0x35, 0x00, 0x77, 0x00, 0x00, 0x00, 0x02, 0x6E, 0x00,
    0x0F, 0x00, 0x00, 0x00, 0x5F, 0x74, 0x65, 0x6D, 0x70, 0x6C, 0x61, 0x74,
    0x65, 0x5F, 0x73, 0x74, 0x6D, 0x74, 0x00, 0x04, 0x70, 0x00, 0x44, 0x00,
    0x00, 0x00, 0x03, 0x30, 0x00, 0x11, 0x00, 0x00, 0x00, 0x02, 0x6E, 0x00,
    0x05, 0x00, 0x00, 0x00, 0x6E, 0x6F, 0x64, 0x65, 0x00, 0x00, 0x03, 0x31,
    0x00, 0x12, 0x00, 0x00, 0x00, 0x02, 0x6E, 0x00, 0x06, 0x00, 0x00, 0x00,
    0x66, 0x72, 0x61, 0x6D, 0x65, 0x00, 0x00, 0x03, 0x32, 0x00, 0x13, 0x00,
    0x00, 0x00, 0x02, 0x6E, 0x00, 0x07, 0x00, 0x00, 0x00, 0x72, 0x65, 0x73,
    0x75, 0x6C, 0x74, 0x00, 0x00, 0x00, 0x10, 0x6C, 0x00, 0x07, 0x00, 0x00,
    0x00, 0x10, 0x63, 0x00, 0xB9, 0x0C, 0x00, 0x00, 0x10, 0x66, 0x00, 0x00,
    0x00, 0x00, 0x00, 0x00, 0x00,
};

static const uint8_t statements_classes[] = {
    0x05, 0x00, 0x00, 0x00, 0x00,
};

static const uint8_t statements_messages[] = {
    0x93, 0x01, 0x00, 0x00, 0x03, 0x30, 0x00, 0x14, 0x00, 0x00, 0x00, 0x04,
    0x70, 0x00, 0x0C, 0x00, 0x00, 0x00, 0x10, 0x30, 0x00, 0x00, 0x00, 0x00,
    0x00, 0x00, 0x00, 0x03, 0x31, 0x00, 0x14, 0x00, 0x00, 0x00, 0x04, 0x70,
    0x00, 0x0C, 0x00, 0x00, 0x00, 0x10, 0x30, 0x00, 0x01, 0x00, 0x00, 0x00,
    0x00, 0x00, 0x03, 0x32, 0x00, 0x14, 0x00, 0x00, 0x00, 0x04, 0x70, 0x00,
    0x0C, 0x00, 0x00, 0x00, 0x10, 0x30, 0x00, 0x08, 0x00, 0x00, 0x00, 0x00,
    0x00, 0x03, 0x33, 0x00, 0x14, 0x00, 0x00, 0x00, 0x04, 0x70, 0x00, 0x0C,
    0x00, 0x00, 0x00, 0x10, 0x30, 0x00, 0x09, 0x00, 0x00, 0x00, 0x00, 0x00,
    0x03, 0x34, 0x00, 0x14, 0x00, 0x00, 0x00, 0x04, 0x70, 0x00, 0x0C, 0x00,
    0x00, 0x00, 0x10, 0x30, 0x00, 0x0B, 0x00, 0x00, 0x00, 0x00, 0x00, 0x03,
    0x35, 0x00, 0x14, 0x00, 0x00, 0x00, 0x04, 0x70, 0x00, 0x0C, 0x00, 0x00,
    0x00, 0x10, 0x30, 0x00, 0x0C, 0x00, 0x00, 0x00, 0x00, 0x00, 0x03, 0x36,
    0x00, 0x14, 0x00, 0x00, 0x00, 0x04, 0x70, 0x00, 0x0C, 0x00, 0x00, 0x00,
    0x10, 0x30, 0x00, 0x10, 0x00, 0x00, 0x00, 0x00, 0x00, 0x03, 0x37, 0x00,
    0x14, 0x00, 0x00, 0x00, 0x04, 0x70, 0x00, 0x0C, 0x00, 0x00, 0x00, 0x10,
    0x30, 0x00, 0x18, 0x00, 0x00, 0x00, 0x00, 0x00, 0x03, 0x38, 0x00, 0x14,
    0x00, 0x00, 0x00, 0x04, 0x70, 0x00, 0x0C, 0x00, 0x00, 0x00, 0x10, 0x30,
    0x00, 0x19, 0x00, 0x00, 0x00, 0x00, 0x00, 0x03, 0x39, 0x00, 0x14, 0x00,
    0x00, 0x00, 0x04, 0x70, 0x00, 0x0C, 0x00, 0x00, 0x00, 0x10, 0x30, 0x00,
    0x1F, 0x00, 0x00, 0x00, 0x00, 0x00, 0x03, 0x31, 0x30, 0x00, 0x14, 0x00,
    0x00, 0x00, 0x04, 0x70, 0x00, 0x0C, 0x00, 0x00, 0x00, 0x10, 0x30, 0x00,
    0x21, 0x00, 0x00, 0x00, 0x00, 0x00, 0x03, 0x31, 0x31, 0x00, 0x14, 0x00,
    0x00, 0x00, 0x04, 0x70, 0x00, 0x0C, 0x00, 0x00, 0x00, 0x10, 0x30, 0x00,
    0x26, 0x00, 0x00, 0x00, 0x00, 0x00, 0x03, 0x31, 0x32, 0x00, 0x14, 0x00,
    0x00, 0x00, 0x04, 0x70, 0x00, 0x0C, 0x00, 0x00, 0x00, 0x10, 0x30, 0x00,
    0x27, 0x00, 0x00, 0x00, 0x00, 0x00, 0x03, 0x31, 0x33, 0x00, 0x14, 0x00,
    0x00, 0x00, 0x04, 0x70, 0x00, 0x0C, 0x00, 0x00, 0x00, 0x10, 0x30, 0x00,
    0x2A, 0x00, 0x00, 0x00, 0x00, 0x00, 0x03, 0x31, 0x34, 0x00, 0x14, 0x00,
    0x00, 0x00, 0x04, 0x70, 0x00, 0x0C, 0x00, 0x00, 0x00, 0x10, 0x30, 0x00,
    0x2B, 0x00, 0x00, 0x00, 0x00, 0x00, 0x03, 0x31, 0x35, 0x00, 0x14, 0x00,
    0x00, 0x00, 0x04, 0x70, 0x00, 0x0C, 0x00, 0x00, 0x00, 0x10, 0x30, 0x00,
    0x30, 0x00, 0x00, 0x00, 0x00, 0x00, 0x03, 0x31, 0x36, 0x00, 0x14, 0x00,
    0x00, 0x00, 0x04, 0x70, 0x00, 0x0C, 0x00, 0x00, 0x00, 0x10, 0x30, 0x00,
    0x33, 0x00, 0x00, 0x00, 0x00, 0x00, 0x00,
};

static const uint8_t statements_exports[] = {
    0x82, 0x03, 0x00, 0x00, 0x10, 0x73, 0x74, 0x64, 0x00, 0x00, 0x00, 0x00,
    0x00, 0x10, 0x77, 0x79, 0x72, 0x6D, 0x00, 0x01, 0x00, 0x00, 0x00, 0x10,
    0x5F, 0x74, 0x61, 0x69, 0x6C, 0x00, 0x02, 0x00, 0x00, 0x00, 0x10, 0x5F,
    0x66, 0x69, 0x65, 0x6C, 0x64, 0x00, 0x03, 0x00, 0x00, 0x00, 0x10, 0x5F,
    0x70, 0x61, 0x69, 0x72, 0x6C, 0x69, 0x73, 0x74, 0x00, 0x04, 0x00, 0x00,
    0x00, 0x10, 0x5F, 0x65, 0x6D, 0x69, 0x74, 0x5F, 0x70, 0x61, 0x63, 0x6B,
    0x00, 0x05, 0x00, 0x00, 0x00, 0x10, 0x5F, 0x65, 0x6D, 0x69, 0x74, 0x5F,
    0x70, 0x61, 0x69, 0x72, 0x61, 0x62, 0x6C, 0x65, 0x00, 0x06, 0x00, 0x00,
    0x00, 0x10, 0x63, 0x6F, 0x6D, 0x70, 0x69, 0x6C, 0x65, 0x5F, 0x73, 0x74,
    0x61, 0x74, 0x65, 0x6D, 0x65, 0x6E, 0x74, 0x00, 0x07, 0x00, 0x00, 0x00,
    0x10, 0x63, 0x6F, 0x6D, 0x70, 0x69, 0x6C, 0x65, 0x5F, 0x62, 0x6F, 0x64,
    0x79, 0x00, 0x08, 0x00, 0x00, 0x00, 0x10, 0x74, 0x61, 0x72, 0x67, 0x65,
    0x74, 0x5F, 0x6E, 0x61, 0x6D, 0x65, 0x00, 0x09, 0x00, 0x00, 0x00, 0x10,
    0x73, 0x74, 0x6F, 0x72, 0x65, 0x5F, 0x74, 0x61, 0x72, 0x67, 0x65, 0x74,
    0x00, 0x0A, 0x00, 0x00, 0x00, 0x10, 0x73, 0x74, 0x6F, 0x72, 0x65, 0x5F,
    0x74, 0x61, 0x72, 0x67, 0x65, 0x74, 0x5F, 0x72, 0x65, 0x67, 0x00, 0x0B,
    0x00, 0x00, 0x00, 0x10, 0x5F, 0x73, 0x74, 0x6F, 0x72, 0x65, 0x5F, 0x74,
    0x68, 0x72, 0x6F, 0x75, 0x67, 0x68, 0x00, 0x0C, 0x00, 0x00, 0x00, 0x10,
    0x5F, 0x65, 0x6D, 0x69, 0x74, 0x5F, 0x73, 0x74, 0x6F, 0x72, 0x65, 0x00,
    0x0D, 0x00, 0x00, 0x00, 0x10, 0x5F, 0x74, 0x61, 0x72, 0x67, 0x65, 0x74,
    0x5F, 0x62, 0x61, 0x73, 0x65, 0x00, 0x0E, 0x00, 0x00, 0x00, 0x10, 0x73,
    0x74, 0x6F, 0x72, 0x65, 0x5F, 0x65, 0x78, 0x70, 0x72, 0x00, 0x0F, 0x00,
    0x00, 0x00, 0x10, 0x73, 0x74, 0x6F, 0x72, 0x65, 0x5F, 0x72, 0x65, 0x67,
    0x00, 0x10, 0x00, 0x00, 0x00, 0x10, 0x5F, 0x73, 0x74, 0x6F, 0x72, 0x61,
    0x67, 0x65, 0x00, 0x11, 0x00, 0x00, 0x00, 0x10, 0x5F, 0x76, 0x61, 0x72,
    0x5F, 0x64, 0x65, 0x63, 0x6C, 0x5F, 0x75, 0x6E, 0x73, 0x65, 0x74, 0x00,
    0x12, 0x00, 0x00, 0x00, 0x10, 0x5F, 0x64, 0x65, 0x66, 0x69, 0x6E, 0x65,
    0x00, 0x13, 0x00, 0x00, 0x00, 0x10, 0x5F, 0x64, 0x65, 0x66, 0x69, 0x6E,
    0x65, 0x5F, 0x76, 0x61, 0x6C, 0x75, 0x65, 0x73, 0x00, 0x14, 0x00, 0x00,
    0x00, 0x10, 0x5F, 0x73, 0x65, 0x74, 0x5F, 0x73, 0x74, 0x6D, 0x74, 0x00,
    0x15, 0x00, 0x00, 0x00, 0x10, 0x5F, 0x69, 0x66, 0x5F, 0x73, 0x65, 0x74,
    0x5F, 0x73, 0x74, 0x6D, 0x74, 0x00, 0x16, 0x00, 0x00, 0x00, 0x10, 0x5F,
    0x73, 0x65, 0x74, 0x5F, 0x76, 0x61, 0x6C, 0x75, 0x65, 0x73, 0x5F, 0x73,
    0x74, 0x6D, 0x74, 0x00, 0x17, 0x00, 0x00, 0x00, 0x10, 0x5F, 0x61, 0x73,
    0x73, 0x69, 0x67, 0x6E, 0x00, 0x18, 0x00, 0x00, 0x00, 0x10, 0x5F, 0x61,
    0x73, 0x73, 0x69, 0x67, 0x6E, 0x5F, 0x70, 0x61, 0x69, 0x72, 0x77, 0x69,
    0x73, 0x65, 0x00, 0x19, 0x00, 0x00, 0x00, 0x10, 0x5F, 0x61, 0x73, 0x73,
    0x69, 0x67, 0x6E, 0x5F, 0x66, 0x72, 0x6F, 0x6D, 0x5F, 0x63, 0x61, 0x6C,
    0x6C, 0x00, 0x1A, 0x00, 0x00, 0x00, 0x10, 0x5F, 0x61, 0x73, 0x73, 0x69,
    0x67, 0x6E, 0x5F, 0x62, 0x79, 0x5F, 0x75, 0x6E, 0x70, 0x61, 0x63, 0x6B,
    0x69, 0x6E, 0x67, 0x00, 0x1B, 0x00, 0x00, 0x00, 0x10, 0x5F, 0x73, 0x74,
    0x6F, 0x72, 0x65, 0x5F, 0x75, 0x6E, 0x73, 0x65, 0x74, 0x00, 0x1C, 0x00,
    0x00, 0x00, 0x10, 0x5F, 0x73, 0x65, 0x74, 0x5F, 0x69, 0x66, 0x5F, 0x75,
    0x6E, 0x73, 0x65, 0x74, 0x00, 0x1D, 0x00, 0x00, 0x00, 0x10, 0x5F, 0x70,
    0x61, 0x73, 0x73, 0x00, 0x1E, 0x00, 0x00, 0x00, 0x10, 0x5F, 0x65, 0x78,
    0x70, 0x72, 0x5F, 0x73, 0x74, 0x6D, 0x74, 0x00, 0x1F, 0x00, 0x00, 0x00,
    0x10, 0x5F, 0x72, 0x65, 0x74, 0x75, 0x72, 0x6E, 0x00, 0x20, 0x00, 0x00,
    0x00, 0x10, 0x5F, 0x69, 0x66, 0x5F, 0x6C, 0x6F, 0x77, 0x65, 0x72, 0x00,
    0x21, 0x00, 0x00, 0x00, 0x10, 0x5F, 0x69, 0x66, 0x5F, 0x73, 0x74, 0x6D,
    0x74, 0x00, 0x22, 0x00, 0x00, 0x00, 0x10, 0x5F, 0x69, 0x66, 0x5F, 0x65,
    0x78, 0x70, 0x72, 0x00, 0x23, 0x00, 0x00, 0x00, 0x10, 0x5F, 0x77, 0x68,
    0x69, 0x6C, 0x65, 0x00, 0x24, 0x00, 0x00, 0x00, 0x10, 0x5F, 0x66, 0x6F,
    0x72, 0x00, 0x25, 0x00, 0x00, 0x00, 0x10, 0x5F, 0x63, 0x6F, 0x6D, 0x70,
    0x69, 0x6C, 0x65, 0x5F, 0x66, 0x6F, 0x72, 0x00, 0x26, 0x00, 0x00, 0x00,
    0x10, 0x5F, 0x62, 0x72, 0x65, 0x61, 0x6B, 0x00, 0x27, 0x00, 0x00, 0x00,
    0x10, 0x5F, 0x63, 0x6F, 0x6E, 0x74, 0x69, 0x6E, 0x75, 0x65, 0x00, 0x28,
    0x00, 0x00, 0x00, 0x10, 0x5F, 0x79, 0x69, 0x65, 0x6C, 0x64, 0x5F, 0x73,
    0x74, 0x6D, 0x74, 0x00, 0x29, 0x00, 0x00, 0x00, 0x10, 0x5F, 0x73, 0x74,
    0x61, 0x74, 0x69, 0x63, 0x5F, 0x64, 0x65, 0x63, 0x6C, 0x00, 0x2A, 0x00,
    0x00, 0x00, 0x10, 0x73, 0x65, 0x74, 0x5F, 0x6E, 0x65, 0x73, 0x74, 0x65,
    0x64, 0x5F, 0x66, 0x6E, 0x5F, 0x63, 0x6F, 0x6D, 0x70, 0x69, 0x6C, 0x65,
    0x72, 0x00, 0x2B, 0x00, 0x00, 0x00, 0x10, 0x73, 0x65, 0x74, 0x5F, 0x64,
    0x65, 0x66, 0x65, 0x72, 0x5F, 0x63, 0x6F, 0x6D, 0x70, 0x69, 0x6C, 0x65,
    0x72, 0x00, 0x2C, 0x00, 0x00, 0x00, 0x10, 0x5F, 0x6E, 0x65, 0x73, 0x74,
    0x65, 0x64, 0x5F, 0x66, 0x6E, 0x00, 0x2D, 0x00, 0x00, 0x00, 0x10, 0x5F,
    0x64, 0x65, 0x66, 0x65, 0x72, 0x00, 0x2E, 0x00, 0x00, 0x00, 0x10, 0x5F,
    0x74, 0x65, 0x6D, 0x70, 0x6C, 0x61, 0x74, 0x65, 0x5F, 0x73, 0x74, 0x6D,
    0x74, 0x00, 0x2F, 0x00, 0x00, 0x00, 0x10, 0x56, 0x41, 0x4C, 0x55, 0x45,
    0x5F, 0x50, 0x52, 0x4F, 0x44, 0x55, 0x43, 0x49, 0x4E, 0x47, 0x00, 0x30,
    0x00, 0x00, 0x00, 0x10, 0x4E, 0x4F, 0x5F, 0x46, 0x41, 0x4C, 0x4C, 0x54,
    0x48, 0x52, 0x4F, 0x55, 0x47, 0x48, 0x00, 0x31, 0x00, 0x00, 0x00, 0x10,
    0x5F, 0x6E, 0x65, 0x73, 0x74, 0x65, 0x64, 0x5F, 0x66, 0x6E, 0x5F, 0x63,
    0x6F, 0x6D, 0x70, 0x69, 0x6C, 0x65, 0x72, 0x00, 0x32, 0x00, 0x00, 0x00,
    0x10, 0x5F, 0x64, 0x65, 0x66, 0x65, 0x72, 0x5F, 0x63, 0x6F, 0x6D, 0x70,
    0x69, 0x6C, 0x65, 0x72, 0x00, 0x33, 0x00, 0x00, 0x00, 0x00,
};

static const uint8_t statements_free[] = {
    0x58, 0x01, 0x00, 0x00, 0x10, 0x65, 0x72, 0x72, 0x6F, 0x72, 0x00, 0x34,
    0x00, 0x00, 0x00, 0x10, 0x63, 0x64, 0x72, 0x00, 0x35, 0x00, 0x00, 0x00,
    0x10, 0x63, 0x61, 0x72, 0x00, 0x36, 0x00, 0x00, 0x00, 0x10, 0x70, 0x61,
    0x63, 0x6B, 0x00, 0x37, 0x00, 0x00, 0x00, 0x10, 0x70, 0x61, 0x63, 0x6B,
    0x5F, 0x70, 0x61, 0x69, 0x72, 0x61, 0x62, 0x6C, 0x65, 0x00, 0x38, 0x00,
    0x00, 0x00, 0x10, 0x64, 0x69, 0x73, 0x70, 0x61, 0x74, 0x63, 0x68, 0x00,
    0x39, 0x00, 0x00, 0x00, 0x10, 0x53, 0x54, 0x41, 0x54, 0x45, 0x4D, 0x45,
    0x4E, 0x54, 0x5F, 0x48, 0x41, 0x4E, 0x44, 0x4C, 0x45, 0x52, 0x53, 0x00,
    0x3A, 0x00, 0x00, 0x00, 0x10, 0x62, 0x6F, 0x64, 0x79, 0x5F, 0x73, 0x74,
    0x61, 0x74, 0x65, 0x6D, 0x65, 0x6E, 0x74, 0x73, 0x00, 0x3B, 0x00, 0x00,
    0x00, 0x10, 0x6C, 0x65, 0x6E, 0x00, 0x3C, 0x00, 0x00, 0x00, 0x10, 0x6E,
    0x6F, 0x64, 0x65, 0x5F, 0x6B, 0x69, 0x6E, 0x64, 0x00, 0x3D, 0x00, 0x00,
    0x00, 0x10, 0x63, 0x6F, 0x6E, 0x73, 0x74, 0x72, 0x75, 0x63, 0x74, 0x5F,
    0x6E, 0x61, 0x6D, 0x65, 0x00, 0x3E, 0x00, 0x00, 0x00, 0x10, 0x63, 0x6F,
    0x6D, 0x70, 0x69, 0x6C, 0x65, 0x5F, 0x65, 0x78, 0x70, 0x72, 0x00, 0x3F,
    0x00, 0x00, 0x00, 0x10, 0x73, 0x74, 0x72, 0x00, 0x40, 0x00, 0x00, 0x00,
    0x10, 0x63, 0x6F, 0x6D, 0x70, 0x69, 0x6C, 0x65, 0x5F, 0x63, 0x61, 0x6C,
    0x6C, 0x00, 0x41, 0x00, 0x00, 0x00, 0x10, 0x4C, 0x00, 0x42, 0x00, 0x00,
    0x00, 0x10, 0x63, 0x6F, 0x6D, 0x70, 0x69, 0x6C, 0x65, 0x5F, 0x69, 0x6E,
    0x74, 0x6F, 0x5F, 0x77, 0x69, 0x6E, 0x64, 0x6F, 0x77, 0x00, 0x43, 0x00,
    0x00, 0x00, 0x10, 0x63, 0x61, 0x64, 0x72, 0x00, 0x44, 0x00, 0x00, 0x00,
    0x10, 0x63, 0x6F, 0x6D, 0x70, 0x69, 0x6C, 0x65, 0x5F, 0x79, 0x69, 0x65,
    0x6C, 0x64, 0x00, 0x45, 0x00, 0x00, 0x00, 0x10, 0x72, 0x65, 0x67, 0x69,
    0x73, 0x74, 0x65, 0x72, 0x5F, 0x73, 0x74, 0x61, 0x74, 0x65, 0x6D, 0x65,
    0x6E, 0x74, 0x00, 0x46, 0x00, 0x00, 0x00, 0x10, 0x72, 0x65, 0x67, 0x69,
    0x73, 0x74, 0x65, 0x72, 0x5F, 0x65, 0x78, 0x70, 0x72, 0x65, 0x73, 0x73,
    0x69, 0x6F, 0x6E, 0x00, 0x47, 0x00, 0x00, 0x00, 0x10, 0x73, 0x65, 0x74,
    0x5F, 0x62, 0x6F, 0x64, 0x79, 0x5F, 0x63, 0x6F, 0x6D, 0x70, 0x69, 0x6C,
    0x65, 0x72, 0x00, 0x48, 0x00, 0x00, 0x00, 0x00,
};

static const uint32_t statements_code[] = {
    0x00000047,                /* 0000  import L0 <- static#0   ("std") */
    0x00000043,                /* 0001  gset g0 <- L0   (std) */
    0x00010047,                /* 0002  import L0 <- static#1   ("std::pairs") */
    0x000100B5, 0x00000000,    /* 0003  import_star static#1 except 0, 0 names   ("std::pairs") */
    0x00020047,                /* 0005  import L0 <- static#2   ("wyrm") */
    0x00010043,                /* 0006  gset g1 <- L0   (wyrm) */
    0x00030047,                /* 0007  import L0 <- static#3   ("wyrm::opcodes") */
    0x000300B5, 0x00000000,    /* 0008  import_star static#3 except 0, 0 names   ("wyrm::opcodes") */
    0x00020047,                /* 000A  import L0 <- static#2   ("wyrm") */
    0x00010043,                /* 000B  gset g1 <- L0   (wyrm) */
    0x00040047,                /* 000C  import L0 <- static#4   ("wyrm::compiler") */
    0x00050047,                /* 000D  import L0 <- static#5   ("wyrm::compiler::context") */
    0x000500B5, 0x00000000,    /* 000E  import_star static#5 except 0, 0 names   ("wyrm::compiler::context") */
    0x00020047,                /* 0010  import L0 <- static#2   ("wyrm") */
    0x00010043,                /* 0011  gset g1 <- L0   (wyrm) */
    0x00040047,                /* 0012  import L0 <- static#4   ("wyrm::compiler") */
    0x00060047,                /* 0013  import L0 <- static#6   ("wyrm::compiler::analysis") */
    0x000600B5, 0x00000000,    /* 0014  import_star static#6 except 0, 0 names   ("wyrm::compiler::analysis") */
    0x00020047,                /* 0016  import L0 <- static#2   ("wyrm") */
    0x00010043,                /* 0017  gset g1 <- L0   (wyrm) */
    0x00040047,                /* 0018  import L0 <- static#4   ("wyrm::compiler") */
    0x00070047,                /* 0019  import L0 <- static#7   ("wyrm::compiler::expressions") */
    0x000700B5, 0x00000000,    /* 001A  import_star static#7 except 0, 0 names   ("wyrm::compiler::expressions") */
    0x00020047,                /* 001C  import L0 <- static#2   ("wyrm") */
    0x00010043,                /* 001D  gset g1 <- L0   (wyrm) */
    0x00040047,                /* 001E  import L0 <- static#4   ("wyrm::compiler") */
    0x00080047,                /* 001F  import L0 <- static#8   ("wyrm::compiler::handlers") */
    0x000800B5, 0x00000000,    /* 0020  import_star static#8 except 0, 0 names   ("wyrm::compiler::handlers") */
    0x000000A8, 0x00000000,    /* 0022  closure L0 <- fn#0, 0 caps */
    0x00020043,                /* 0024  gset g2 <- L0   (_tail) */
    0x000000A8, 0x00010000,    /* 0025  closure L0 <- fn#1, 0 caps */
    0x00030043,                /* 0027  gset g3 <- L0   (_field) */
    0x000000A8, 0x00020000,    /* 0028  closure L0 <- fn#2, 0 caps */
    0x00040043,                /* 002A  gset g4 <- L0   (_pairlist) */
    0x000000A8, 0x00030000,    /* 002B  closure L0 <- fn#3, 0 caps */
    0x00050043,                /* 002D  gset g5 <- L0   (_emit_pack) */
    0x000000A8, 0x00040000,    /* 002E  closure L0 <- fn#4, 0 caps */
    0x00060043,                /* 0030  gset g6 <- L0   (_emit_pairable) */
    0x00020145,                /* 0031  lsym L1 <- sym#2   ("expr_stmt") */
    0x00030245,                /* 0032  lsym L2 <- sym#3   ("if") */
    0x00040345,                /* 0033  lsym L3 <- sym#4   ("yield") */
    0x00000382, 0x00010000,    /* 0034  list L0 <- L1, 3 items */
    0x00300043,                /* 0036  gset g48 <- L0   (VALUE_PRODUCING) */
    0x00050145,                /* 0037  lsym L1 <- sym#5   ("return") */
    0x00060245,                /* 0038  lsym L2 <- sym#6   ("break") */
    0x00070345,                /* 0039  lsym L3 <- sym#7   ("continue") */
    0x00000382, 0x00010000,    /* 003A  list L0 <- L1, 3 items */
    0x00310043,                /* 003C  gset g49 <- L0   (NO_FALLTHROUGH) */
    0x000000A8, 0x00050000,    /* 003D  closure L0 <- fn#5, 0 caps */
    0x00070043,                /* 003F  gset g7 <- L0   (compile_statement) */
    0x000000A8, 0x00060000,    /* 0040  closure L0 <- fn#6, 0 caps */
    0x00080043,                /* 0042  gset g8 <- L0   (compile_body) */
    0x000000A8, 0x00070000,    /* 0043  closure L0 <- fn#7, 0 caps */
    0x00090043,                /* 0045  gset g9 <- L0   (target_name) */
    0x000000A8, 0x00080000,    /* 0046  closure L0 <- fn#8, 0 caps */
    0x000A0043,                /* 0048  gset g10 <- L0   (store_target) */
    0x000000A8, 0x00090000,    /* 0049  closure L0 <- fn#9, 0 caps */
    0x000B0043,                /* 004B  gset g11 <- L0   (store_target_reg) */
    0x000000A8, 0x000A0000,    /* 004C  closure L0 <- fn#10, 0 caps */
    0x000C0043,                /* 004E  gset g12 <- L0   (_store_through) */
    0x000000A8, 0x000B0000,    /* 004F  closure L0 <- fn#11, 0 caps */
    0x000D0043,                /* 0051  gset g13 <- L0   (_emit_store) */
    0x000000A8, 0x000C0000,    /* 0052  closure L0 <- fn#12, 0 caps */
    0x000E0043,                /* 0054  gset g14 <- L0   (_target_base) */
    0x000000A8, 0x000D0000,    /* 0055  closure L0 <- fn#13, 0 caps */
    0x000F0043,                /* 0057  gset g15 <- L0   (store_expr) */
    0x000000A8, 0x000E0000,    /* 0058  closure L0 <- fn#14, 0 caps */
    0x00100043,                /* 005A  gset g16 <- L0   (store_reg) */
    0x000000A8, 0x000F0000,    /* 005B  closure L0 <- fn#15, 0 caps */
    0x00110043,                /* 005D  gset g17 <- L0   (_storage) */
    0x000000A8, 0x00100000,    /* 005E  closure L0 <- fn#16, 0 caps */
    0x00120043,                /* 0060  gset g18 <- L0   (_var_decl_unset) */
    0x000000A8, 0x00110000,    /* 0061  closure L0 <- fn#17, 0 caps */
    0x00130043,                /* 0063  gset g19 <- L0   (_define) */
    0x000000A8, 0x00120000,    /* 0064  closure L0 <- fn#18, 0 caps */
    0x00140043,                /* 0066  gset g20 <- L0   (_define_values) */
    0x000000A8, 0x00130000,    /* 0067  closure L0 <- fn#19, 0 caps */
    0x00150043,                /* 0069  gset g21 <- L0   (_set_stmt) */
    0x000000A8, 0x00140000,    /* 006A  closure L0 <- fn#20, 0 caps */
    0x00160043,                /* 006C  gset g22 <- L0   (_if_set_stmt) */
    0x000000A8, 0x00150000,    /* 006D  closure L0 <- fn#21, 0 caps */
    0x00170043,                /* 006F  gset g23 <- L0   (_set_values_stmt) */
    0x000000A8, 0x00160000,    /* 0070  closure L0 <- fn#22, 0 caps */
    0x00180043,                /* 0072  gset g24 <- L0   (_assign) */
    0x000000A8, 0x00170000,    /* 0073  closure L0 <- fn#23, 0 caps */
    0x00190043,                /* 0075  gset g25 <- L0   (_assign_pairwise) */
    0x000000A8, 0x00180000,    /* 0076  closure L0 <- fn#24, 0 caps */
    0x001A0043,                /* 0078  gset g26 <- L0   (_assign_from_call) */
    0x000000A8, 0x00190000,    /* 0079  closure L0 <- fn#25, 0 caps */
    0x001B0043,                /* 007B  gset g27 <- L0   (_assign_by_unpacking) */
    0x000000A8, 0x001A0000,    /* 007C  closure L0 <- fn#26, 0 caps */
    0x001C0043,                /* 007E  gset g28 <- L0   (_store_unset) */
    0x000000A8, 0x001B0000,    /* 007F  closure L0 <- fn#27, 0 caps */
    0x001D0043,                /* 0081  gset g29 <- L0   (_set_if_unset) */
    0x000000A8, 0x001C0000,    /* 0082  closure L0 <- fn#28, 0 caps */
    0x001E0043,                /* 0084  gset g30 <- L0   (_pass) */
    0x000000A8, 0x001D0000,    /* 0085  closure L0 <- fn#29, 0 caps */
    0x001F0043,                /* 0087  gset g31 <- L0   (_expr_stmt) */
    0x000000A8, 0x001E0000,    /* 0088  closure L0 <- fn#30, 0 caps */
    0x00200043,                /* 008A  gset g32 <- L0   (_return) */
    0x000000A8, 0x001F0000,    /* 008B  closure L0 <- fn#31, 0 caps */
    0x00210043,                /* 008D  gset g33 <- L0   (_if_lower) */
    0x000000A8, 0x00200000,    /* 008E  closure L0 <- fn#32, 0 caps */
    0x00220043,                /* 0090  gset g34 <- L0   (_if_stmt) */
    0x000000A8, 0x00210000,    /* 0091  closure L0 <- fn#33, 0 caps */
    0x00230043,                /* 0093  gset g35 <- L0   (_if_expr) */
    0x000000A8, 0x00220000,    /* 0094  closure L0 <- fn#34, 0 caps */
    0x00240043,                /* 0096  gset g36 <- L0   (_while) */
    0x000000A8, 0x00230000,    /* 0097  closure L0 <- fn#35, 0 caps */
    0x00250043,                /* 0099  gset g37 <- L0   (_for) */
    0x000000A8, 0x00240000,    /* 009A  closure L0 <- fn#36, 0 caps */
    0x00260043,                /* 009C  gset g38 <- L0   (_compile_for) */
    0x000000A8, 0x00250000,    /* 009D  closure L0 <- fn#37, 0 caps */
    0x00270043,                /* 009F  gset g39 <- L0   (_break) */
    0x000000A8, 0x00260000,    /* 00A0  closure L0 <- fn#38, 0 caps */
    0x00280043,                /* 00A2  gset g40 <- L0   (_continue) */
    0x000000A8, 0x00270000,    /* 00A3  closure L0 <- fn#39, 0 caps */
    0x00290043,                /* 00A5  gset g41 <- L0   (_yield_stmt) */
    0x000000A8, 0x00280000,    /* 00A6  closure L0 <- fn#40, 0 caps */
    0x002A0043,                /* 00A8  gset g42 <- L0   (_static_decl) */
    0x00000003,                /* 00A9  lnil L0 */
    0x00320043,                /* 00AA  gset g50 <- L0   (_nested_fn_compiler) */
    0x00000003,                /* 00AB  lnil L0 */
    0x00330043,                /* 00AC  gset g51 <- L0   (_defer_compiler) */
    0x000000A8, 0x00290000,    /* 00AD  closure L0 <- fn#41, 0 caps */
    0x002B0043,                /* 00AF  gset g43 <- L0   (set_nested_fn_compiler) */
    0x000000A8, 0x002A0000,    /* 00B0  closure L0 <- fn#42, 0 caps */
    0x002C0043,                /* 00B2  gset g44 <- L0   (set_defer_compiler) */
    0x000000A8, 0x002B0000,    /* 00B3  closure L0 <- fn#43, 0 caps */
    0x002D0043,                /* 00B5  gset g45 <- L0   (_nested_fn) */
    0x000000A8, 0x002C0000,    /* 00B6  closure L0 <- fn#44, 0 caps */
    0x002E0043,                /* 00B8  gset g46 <- L0   (_defer) */
    0x000000A8, 0x002D0000,    /* 00B9  closure L0 <- fn#45, 0 caps */
    0x002F0043,                /* 00BB  gset g47 <- L0   (_template_stmt) */
    0x00460042,                /* 00BC  gget L0 <- g70   (register_statement) */
    0x00370145,                /* 00BD  lsym L1 <- sym#55   ("define") */
    0x00020182, 0x00010000,    /* 00BE  list L2 <- L1, 1 items */
    0x00010241,                /* 00C0  move L1 <- L2 */
    0x00130242,                /* 00C1  gget L2 <- g19   (_define) */
    0x000002A0, 0x00010000,    /* 00C2  call base=L0 argc=2 nres=1 */
    0x00460042,                /* 00C4  gget L0 <- g70   (register_statement) */
    0x00380145,                /* 00C5  lsym L1 <- sym#56   ("define_values") */
    0x00020182, 0x00010000,    /* 00C6  list L2 <- L1, 1 items */
    0x00010241,                /* 00C8  move L1 <- L2 */
    0x00140242,                /* 00C9  gget L2 <- g20   (_define_values) */
    0x000002A0, 0x00010000,    /* 00CA  call base=L0 argc=2 nres=1 */
    0x00460042,                /* 00CC  gget L0 <- g70   (register_statement) */
    0x00390145,                /* 00CD  lsym L1 <- sym#57   ("set") */
    0x00020182, 0x00010000,    /* 00CE  list L2 <- L1, 1 items */
    0x00010241,                /* 00D0  move L1 <- L2 */
    0x00150242,                /* 00D1  gget L2 <- g21   (_set_stmt) */
    0x000002A0, 0x00010000,    /* 00D2  call base=L0 argc=2 nres=1 */
    0x00460042,                /* 00D4  gget L0 <- g70   (register_statement) */
    0x003A0145,                /* 00D5  lsym L1 <- sym#58   ("if_set") */
    0x00020182, 0x00010000,    /* 00D6  list L2 <- L1, 1 items */
    0x00010241,                /* 00D8  move L1 <- L2 */
    0x00160242,                /* 00D9  gget L2 <- g22   (_if_set_stmt) */
    0x000002A0, 0x00010000,    /* 00DA  call base=L0 argc=2 nres=1 */
    0x00460042,                /* 00DC  gget L0 <- g70   (register_statement) */
    0x003B0145,                /* 00DD  lsym L1 <- sym#59   ("set_values") */
    0x00020182, 0x00010000,    /* 00DE  list L2 <- L1, 1 items */
    0x00010241,                /* 00E0  move L1 <- L2 */
    0x00170242,                /* 00E1  gget L2 <- g23   (_set_values_stmt) */
    0x000002A0, 0x00010000,    /* 00E2  call base=L0 argc=2 nres=1 */
    0x00460042,                /* 00E4  gget L0 <- g70   (register_statement) */
    0x003C0145,                /* 00E5  lsym L1 <- sym#60   ("pass") */
    0x00020182, 0x00010000,    /* 00E6  list L2 <- L1, 1 items */
    0x00010241,                /* 00E8  move L1 <- L2 */
    0x001E0242,                /* 00E9  gget L2 <- g30   (_pass) */
    0x000002A0, 0x00010000,    /* 00EA  call base=L0 argc=2 nres=1 */
    0x00460042,                /* 00EC  gget L0 <- g70   (register_statement) */
    0x00020145,                /* 00ED  lsym L1 <- sym#2   ("expr_stmt") */
    0x00020182, 0x00010000,    /* 00EE  list L2 <- L1, 1 items */
    0x00010241,                /* 00F0  move L1 <- L2 */
    0x001F0242,                /* 00F1  gget L2 <- g31   (_expr_stmt) */
    0x000002A0, 0x00010000,    /* 00F2  call base=L0 argc=2 nres=1 */
    0x00460042,                /* 00F4  gget L0 <- g70   (register_statement) */
    0x00050145,                /* 00F5  lsym L1 <- sym#5   ("return") */
    0x00020182, 0x00010000,    /* 00F6  list L2 <- L1, 1 items */
    0x00010241,                /* 00F8  move L1 <- L2 */
    0x00200242,                /* 00F9  gget L2 <- g32   (_return) */
    0x000002A0, 0x00010000,    /* 00FA  call base=L0 argc=2 nres=1 */
    0x00460042,                /* 00FC  gget L0 <- g70   (register_statement) */
    0x00030145,                /* 00FD  lsym L1 <- sym#3   ("if") */
    0x00020182, 0x00010000,    /* 00FE  list L2 <- L1, 1 items */
    0x00010241,                /* 0100  move L1 <- L2 */
    0x00220242,                /* 0101  gget L2 <- g34   (_if_stmt) */
    0x000002A0, 0x00010000,    /* 0102  call base=L0 argc=2 nres=1 */
    0x00460042,                /* 0104  gget L0 <- g70   (register_statement) */
    0x003D0145,                /* 0105  lsym L1 <- sym#61   ("while") */
    0x00020182, 0x00010000,    /* 0106  list L2 <- L1, 1 items */
    0x00010241,                /* 0108  move L1 <- L2 */
    0x00240242,                /* 0109  gget L2 <- g36   (_while) */
    0x000002A0, 0x00010000,    /* 010A  call base=L0 argc=2 nres=1 */
    0x00460042,                /* 010C  gget L0 <- g70   (register_statement) */
    0x003E0145,                /* 010D  lsym L1 <- sym#62   ("for") */
    0x00020182, 0x00010000,    /* 010E  list L2 <- L1, 1 items */
    0x00010241,                /* 0110  move L1 <- L2 */
    0x00250242,                /* 0111  gget L2 <- g37   (_for) */
    0x000002A0, 0x00010000,    /* 0112  call base=L0 argc=2 nres=1 */
    0x00460042,                /* 0114  gget L0 <- g70   (register_statement) */
    0x00060145,                /* 0115  lsym L1 <- sym#6   ("break") */
    0x00020182, 0x00010000,    /* 0116  list L2 <- L1, 1 items */
    0x00010241,                /* 0118  move L1 <- L2 */
    0x00270242,                /* 0119  gget L2 <- g39   (_break) */
    0x000002A0, 0x00010000,    /* 011A  call base=L0 argc=2 nres=1 */
    0x00460042,                /* 011C  gget L0 <- g70   (register_statement) */
    0x00070145,                /* 011D  lsym L1 <- sym#7   ("continue") */
    0x00020182, 0x00010000,    /* 011E  list L2 <- L1, 1 items */
    0x00010241,                /* 0120  move L1 <- L2 */
    0x00280242,                /* 0121  gget L2 <- g40   (_continue) */
    0x000002A0, 0x00010000,    /* 0122  call base=L0 argc=2 nres=1 */
    0x00460042,                /* 0124  gget L0 <- g70   (register_statement) */
    0x00040145,                /* 0125  lsym L1 <- sym#4   ("yield") */
    0x00020182, 0x00010000,    /* 0126  list L2 <- L1, 1 items */
    0x00010241,                /* 0128  move L1 <- L2 */
    0x00290242,                /* 0129  gget L2 <- g41   (_yield_stmt) */
    0x000002A0, 0x00010000,    /* 012A  call base=L0 argc=2 nres=1 */
    0x00460042,                /* 012C  gget L0 <- g70   (register_statement) */
    0x003F0145,                /* 012D  lsym L1 <- sym#63   ("static") */
    0x00020182, 0x00010000,    /* 012E  list L2 <- L1, 1 items */
    0x00010241,                /* 0130  move L1 <- L2 */
    0x002A0242,                /* 0131  gget L2 <- g42   (_static_decl) */
    0x000002A0, 0x00010000,    /* 0132  call base=L0 argc=2 nres=1 */
    0x00460042,                /* 0134  gget L0 <- g70   (register_statement) */
    0x00350145,                /* 0135  lsym L1 <- sym#53   ("fn_def") */
    0x00360245,                /* 0136  lsym L2 <- sym#54   ("co_def") */
    0x00030282, 0x00010000,    /* 0137  list L3 <- L1, 2 items */
    0x00010341,                /* 0139  move L1 <- L3 */
    0x002D0242,                /* 013A  gget L2 <- g45   (_nested_fn) */
    0x000002A0, 0x00010000,    /* 013B  call base=L0 argc=2 nres=1 */
    0x00460042,                /* 013D  gget L0 <- g70   (register_statement) */
    0x00400145,                /* 013E  lsym L1 <- sym#64   ("defer") */
    0x00020182, 0x00010000,    /* 013F  list L2 <- L1, 1 items */
    0x00010241,                /* 0141  move L1 <- L2 */
    0x002E0242,                /* 0142  gget L2 <- g46   (_defer) */
    0x000002A0, 0x00010000,    /* 0143  call base=L0 argc=2 nres=1 */
    0x00460042,                /* 0145  gget L0 <- g70   (register_statement) */
    0x00410145,                /* 0146  lsym L1 <- sym#65   ("template") */
    0x00020182, 0x00010000,    /* 0147  list L2 <- L1, 1 items */
    0x00010241,                /* 0149  move L1 <- L2 */
    0x002F0242,                /* 014A  gget L2 <- g47   (_template_stmt) */
    0x000002A0, 0x00010000,    /* 014B  call base=L0 argc=2 nres=1 */
    0x00470042,                /* 014D  gget L0 <- g71   (register_expression) */
    0x00030145,                /* 014E  lsym L1 <- sym#3   ("if") */
    0x00020182, 0x00010000,    /* 014F  list L2 <- L1, 1 items */
    0x00010241,                /* 0151  move L1 <- L2 */
    0x00230242,                /* 0152  gget L2 <- g35   (_if_expr) */
    0x000002A0, 0x00010000,    /* 0153  call base=L0 argc=2 nres=1 */
    0x00480042,                /* 0155  gget L0 <- g72   (set_body_compiler) */
    0x00080142,                /* 0156  gget L1 <- g8   (compile_body) */
    0x000001A0, 0x00010000,    /* 0157  call base=L0 argc=1 nres=1 */
    0x00000002,                /* 0159  return count=0 */
    0x00008041,                /* 015A  move L0 <- P0 */
    0x00010040,                /* 015B  i8 L1 <- 0 */
    0x00020091, 0x00018001,    /* 015C  lt L2 <- L1 < P1 */
    0x0013024B,                /* 015E  jf L2, +19 */
    0x00090246,                /* 015F  lconst L2 <- static#9   ("pair") */
    0x00030097, 0x00000002,    /* 0160  is L3 <- L0 is L2 */
    0x0004034A,                /* 0162  not L4 <- L3 */
    0x0005044B,                /* 0163  jf L4, +5 */
    0x00340242,                /* 0164  gget L2 <- g52   (error) */
    0x000A0346,                /* 0165  lconst L3 <- static#10   ("index out of range") */
    0x000201A0, 0x00010000,    /* 0166  call base=L2 argc=1 nres=1 */
    0x00020102,                /* 0168  return L2 count=1 */
    0x00350242,                /* 0169  gget L2 <- g53   (cdr) */
    0x00030041,                /* 016A  move L3 <- L0 */
    0x000201A0, 0x00010000,    /* 016B  call base=L2 argc=1 nres=1 */
    0x00000241,                /* 016D  move L0 <- L2 */
    0x00020140,                /* 016E  i8 L2 <- 1 */
    0x00010085, 0x00010002,    /* 016F  add L1 <- L1 + L2 */
    0xFFEA004F,                /* 0171  jmp -22 */
    0x00000102,                /* 0172  return L0 count=1 */
    0x00020142,                /* 0173  gget L1 <- g2   (_tail) */
    0x00028041,                /* 0174  move L2 <- P0 */
    0x00038141,                /* 0175  move L3 <- P1 */
    0x000102A0, 0x00010000,    /* 0176  call base=L1 argc=2 nres=1 */
    0x00000141,                /* 0178  move L0 <- L1 */
    0x000B0146,                /* 0179  lconst L1 <- static#11   ("error") */
    0x00020097, 0x00000001,    /* 017A  is L2 <- L0 is L1 */
    0x0001024B,                /* 017C  jf L2, +1 */
    0x00000102,                /* 017D  return L0 count=1 */
    0x00360142,                /* 017E  gget L1 <- g54   (car) */
    0x00020041,                /* 017F  move L2 <- L0 */
    0x000101A0, 0x00010000,    /* 0180  call base=L1 argc=1 nres=1 */
    0x00010102,                /* 0182  return L1 count=1 */
    0x00000082, 0x00020000,    /* 0183  list L0 <- L2, 0 items */
    0x00018041,                /* 0185  move L1 <- P0 */
    0x00090246,                /* 0186  lconst L2 <- static#9   ("pair") */
    0x00030097, 0x00010002,    /* 0187  is L3 <- L1 is L2 */
    0x000D034B,                /* 0189  jf L3, +13 */
    0x00020041,                /* 018A  move L2 <- L0 */
    0x00360342,                /* 018B  gget L3 <- g54   (car) */
    0x00040141,                /* 018C  move L4 <- L1 */
    0x000301A0, 0x00010000,    /* 018D  call base=L3 argc=1 nres=1 */
    0x000201A2, 0x00000001,    /* 018F  msg base=L2 argc=1 msg#0 nres=1   (append) */
    0x00350242,                /* 0191  gget L2 <- g53   (cdr) */
    0x00030141,                /* 0192  move L3 <- L1 */
    0x000201A0, 0x00010000,    /* 0193  call base=L2 argc=1 nres=1 */
    0x00010241,                /* 0195  move L1 <- L2 */
    0xFFEF004F,                /* 0196  jmp -17 */
    0x00000102,                /* 0197  return L0 count=1 */
    0x00370142,                /* 0198  gget L1 <- g55   (pack) */
    0x00048141,                /* 0199  move L4 <- P1 */
    0x00050181, 0x00040000,    /* 019A  tuple L5 <- L4, 1 items */
    0x00020541,                /* 019C  move L2 <- L5 */
    0x000E0446,                /* 019D  lconst L4 <- static#14   ("f") */
    0x00058241,                /* 019E  move L5 <- P2 */
    0x000F0646,                /* 019F  lconst L6 <- static#15   ("a0") */
    0x00078341,                /* 01A0  move L7 <- P3 */
    0x00100846,                /* 01A1  lconst L8 <- static#16   ("a1") */
    0x00098441,                /* 01A2  move L9 <- P4 */
    0x00110A46,                /* 01A3  lconst L10 <- static#17   ("a2") */
    0x000B8541,                /* 01A4  move L11 <- P5 */
    0x00120C46,                /* 01A5  lconst L12 <- static#18   ("w1") */
    0x000D8641,                /* 01A6  move L13 <- P6 */
    0x000E0583, 0x00040000,    /* 01A7  dict L14 <- L4, 5 pairs */
    0x00030E41,                /* 01A9  move L3 <- L14 */
    0x000100A1, 0x00010000,    /* 01AA  call_va base=L1 nres=1 */
    0x00000141,                /* 01AC  move L0 <- L1 */
    0x000B0146,                /* 01AD  lconst L1 <- static#11   ("error") */
    0x00020097, 0x00000001,    /* 01AE  is L2 <- L0 is L1 */
    0x0001024B,                /* 01B0  jf L2, +1 */
    0x00000102,                /* 01B1  return L0 count=1 */
    0x00018041,                /* 01B2  move L1 <- P0 */
    0x00020041,                /* 01B3  move L2 <- L0 */
    0x000101A2, 0x00010001,    /* 01B4  msg base=L1 argc=1 msg#1 nres=1   (emit_words) */
    0x00010003,                /* 01B6  lnil L1 */
    0x00010102,                /* 01B7  return L1 count=1 */
    0x00380142,                /* 01B8  gget L1 <- g56   (pack_pairable) */
    0x00028141,                /* 01B9  move L2 <- P1 */
    0x00038241,                /* 01BA  move L3 <- P2 */
    0x00048341,                /* 01BB  move L4 <- P3 */
    0x000103A0, 0x00010000,    /* 01BC  call base=L1 argc=3 nres=1 */
    0x00000141,                /* 01BE  move L0 <- L1 */
    0x000B0146,                /* 01BF  lconst L1 <- static#11   ("error") */
    0x00020097, 0x00000001,    /* 01C0  is L2 <- L0 is L1 */
    0x0001024B,                /* 01C2  jf L2, +1 */
    0x00000102,                /* 01C3  return L0 count=1 */
    0x00018041,                /* 01C4  move L1 <- P0 */
    0x00020041,                /* 01C5  move L2 <- L0 */
    0x000101A2, 0x00010001,    /* 01C6  msg base=L1 argc=1 msg#1 nres=1   (emit_words) */
    0x00010003,                /* 01C8  lnil L1 */
    0x00010102,                /* 01C9  return L1 count=1 */
    0x00390042,                /* 01CA  gget L0 <- g57   (dispatch) */
    0x003A0142,                /* 01CB  gget L1 <- g58   (STATEMENT_HANDLERS) */
    0x00028041,                /* 01CC  move L2 <- P0 */
    0x00038141,                /* 01CD  move L3 <- P1 */
    0x00048241,                /* 01CE  move L4 <- P2 */
    0x000004A0, 0x00010000,    /* 01CF  call base=L0 argc=4 nres=1 */
    0x00000102,                /* 01D1  return L0 count=1 */
    0x000F8141,                /* 01D2  move L15 <- P1 */
    0x00108041,                /* 01D3  move L16 <- P0 */
    0x000F01A2, 0x00020001,    /* 01D4  msg base=L15 argc=1 msg#2 nres=1   (push_block) */
    0x00000F41,                /* 01D6  move L0 <- L15 */
    0x003B0F42,                /* 01D7  gget L15 <- g59   (body_statements) */
    0x00108041,                /* 01D8  move L16 <- P0 */
    0x000F01A0, 0x00010000,    /* 01D9  call base=L15 argc=1 nres=1 */
    0x00010F41,                /* 01DB  move L1 <- L15 */
    0x003C0F42,                /* 01DC  gget L15 <- g60   (len) */
    0x00100141,                /* 01DD  move L16 <- L1 */
    0x000F01A0, 0x00010000,    /* 01DE  call base=L15 argc=1 nres=1 */
    0x00020F41,                /* 01E0  move L2 <- L15 */
    0x00030040,                /* 01E1  i8 L3 <- 0 */
    0x00040003,                /* 01E2  lnil L4 */
    0x000F0091, 0x00030002,    /* 01E3  lt L15 <- L3 < L2 */
    0x00030F4B,                /* 01E5  jf L15, +3 */
    0x00131046,                /* 01E6  lconst L16 <- static#19   ("nil") */
    0x000F0097, 0x00040010,    /* 01E7  is L15 <- L4 is L16 */
    0x00670F4B,                /* 01E9  jf L15, +103 */
    0x00050098, 0x00010003,    /* 01EA  getidx L5 <- L1[L3] */
    0x000F0140,                /* 01EC  i8 L15 <- 1 */
    0x00100086, 0x0002000F,    /* 01ED  sub L16 <- L2 - L15 */
    0x0006008F, 0x00030010,    /* 01EF  eq L6 <- L3 == L16 */
    0x00070641,                /* 01F1  move L7 <- L6 */
    0x0004074B,                /* 01F2  jf L7, +4 */
    0x00130F46,                /* 01F3  lconst L15 <- static#19   ("nil") */
    0x00100097, 0x8002000F,    /* 01F4  is L16 <- P2 is L15 */
    0x0007104A,                /* 01F6  not L7 <- L16 */
    0x000F8141,                /* 01F7  move L15 <- P1 */
    0x000F00A2, 0x00030001,    /* 01F8  msg base=L15 argc=0 msg#3 nres=1   (mark) */
    0x00080F41,                /* 01FA  move L8 <- L15 */
    0x003D0F42,                /* 01FB  gget L15 <- g61   (node_kind) */
    0x00100541,                /* 01FC  move L16 <- L5 */
    0x000F01A0, 0x00010000,    /* 01FD  call base=L15 argc=1 nres=1 */
    0x00090F41,                /* 01FF  move L9 <- L15 */
    0x000F0741,                /* 0200  move L15 <- L7 */
    0x00040F4B,                /* 0201  jf L15, +4 */
    0x00301042,                /* 0202  gget L16 <- g48   (VALUE_PRODUCING) */
    0x00110096, 0x00090010,    /* 0203  in L17 <- L9 in L16 */
    0x000F114A,                /* 0205  not L15 <- L17 */
    0x00290F4B,                /* 0206  jf L15, +41 */
    0x00310F42,                /* 0207  gget L15 <- g49   (NO_FALLTHROUGH) */
    0x00100096, 0x0009000F,    /* 0208  in L16 <- L9 in L15 */
    0x0011104A,                /* 020A  not L17 <- L16 */
    0x0013114B,                /* 020B  jf L17, +19 */
    0x00050F42,                /* 020C  gget L15 <- g5   (_emit_pack) */
    0x00128141,                /* 020D  move L18 <- P1 */
    0x000A1345,                /* 020E  lsym L19 <- sym#10   ("lnil") */
    0x00140281, 0x00120000,    /* 020F  tuple L20 <- L18, 2 items */
    0x00101441,                /* 0211  move L16 <- L20 */
    0x000F1246,                /* 0212  lconst L18 <- static#15   ("a0") */
    0x00138241,                /* 0213  move L19 <- P2 */
    0x00140183, 0x00120000,    /* 0214  dict L20 <- L18, 1 pairs */
    0x00111441,                /* 0216  move L17 <- L20 */
    0x000F00A1, 0x00010000,    /* 0217  call_va base=L15 nres=1 */
    0x000A0F41,                /* 0219  move L10 <- L15 */
    0x000B0F46,                /* 021A  lconst L15 <- static#11   ("error") */
    0x00100097, 0x000A000F,    /* 021B  is L16 <- L10 is L15 */
    0x0001104B,                /* 021D  jf L16, +1 */
    0x00040A41,                /* 021E  move L4 <- L10 */
    0x00130F46,                /* 021F  lconst L15 <- static#19   ("nil") */
    0x00100097, 0x0004000F,    /* 0220  is L16 <- L4 is L15 */
    0x000C104B,                /* 0222  jf L16, +12 */
    0x00070F42,                /* 0223  gget L15 <- g7   (compile_statement) */
    0x00100541,                /* 0224  move L16 <- L5 */
    0x00118141,                /* 0225  move L17 <- P1 */
    0x00120003,                /* 0226  lnil L18 */
    0x000F03A0, 0x00010000,    /* 0227  call base=L15 argc=3 nres=1 */
    0x000B0F41,                /* 0229  move L11 <- L15 */
    0x000B0F46,                /* 022A  lconst L15 <- static#11   ("error") */
    0x00100097, 0x000B000F,    /* 022B  is L16 <- L11 is L15 */
    0x0001104B,                /* 022D  jf L16, +1 */
    0x00040B41,                /* 022E  move L4 <- L11 */
    0x000F004F,                /* 022F  jmp +15 */
    0x000C0003,                /* 0230  lnil L12 */
    0x0001074B,                /* 0231  jf L7, +1 */
    0x000C8241,                /* 0232  move L12 <- P2 */
    0x00070F42,                /* 0233  gget L15 <- g7   (compile_statement) */
    0x00100541,                /* 0234  move L16 <- L5 */
    0x00118141,                /* 0235  move L17 <- P1 */
    0x00120C41,                /* 0236  move L18 <- L12 */
    0x000F03A0, 0x00010000,    /* 0237  call base=L15 argc=3 nres=1 */
    0x000D0F41,                /* 0239  move L13 <- L15 */
    0x000B0F46,                /* 023A  lconst L15 <- static#11   ("error") */
    0x00100097, 0x000D000F,    /* 023B  is L16 <- L13 is L15 */
    0x0001104B,                /* 023D  jf L16, +1 */
    0x00040D41,                /* 023E  move L4 <- L13 */
    0x00130F46,                /* 023F  lconst L15 <- static#19   ("nil") */
    0x00100097, 0x0004000F,    /* 0240  is L16 <- L4 is L15 */
    0x000A104B,                /* 0242  jf L16, +10 */
    0x000F8141,                /* 0243  move L15 <- P1 */
    0x00100841,                /* 0244  move L16 <- L8 */
    0x000F01A2, 0x00040001,    /* 0245  msg base=L15 argc=1 msg#4 nres=1   (free_to) */
    0x000E0F41,                /* 0247  move L14 <- L15 */
    0x000B0F46,                /* 0248  lconst L15 <- static#11   ("error") */
    0x00100097, 0x000E000F,    /* 0249  is L16 <- L14 is L15 */
    0x0001104B,                /* 024B  jf L16, +1 */
    0x00040E41,                /* 024C  move L4 <- L14 */
    0x000F0140,                /* 024D  i8 L15 <- 1 */
    0x00030085, 0x0003000F,    /* 024E  add L3 <- L3 + L15 */
    0xFF92004F,                /* 0250  jmp -110 */
    0x0003004B,                /* 0251  jf L0, +3 */
    0x000F8141,                /* 0252  move L15 <- P1 */
    0x000F00A2, 0x00050001,    /* 0253  msg base=L15 argc=0 msg#5 nres=1   (pop_block) */
    0x00130F46,                /* 0255  lconst L15 <- static#19   ("nil") */
    0x00100097, 0x0004000F,    /* 0256  is L16 <- L4 is L15 */
    0x0011104A,                /* 0258  not L17 <- L16 */
    0x0001114B,                /* 0259  jf L17, +1 */
    0x00040102,                /* 025A  return L4 count=1 */
    0x000F0003,                /* 025B  lnil L15 */
    0x000F0102,                /* 025C  return L15 count=1 */
    0x00140046,                /* 025D  lconst L0 <- static#20   ("sym") */
    0x00010097, 0x80000000,    /* 025E  is L1 <- P0 is L0 */
    0x0002014B,                /* 0260  jf L1, +2 */
    0x00008041,                /* 0261  move L0 <- P0 */
    0x00000102,                /* 0262  return L0 count=1 */
    0x00340042,                /* 0263  gget L0 <- g52   (error) */
    0x00150146,                /* 0264  lconst L1 <- static#21   ("the bytecode compiler does not support ") */
    0x003E0242,                /* 0265  gget L2 <- g62   (construct_name) */
    0x00038041,                /* 0266  move L3 <- P0 */
    0x000201A0, 0x00010000,    /* 0267  call base=L2 argc=1 nres=1 */
    0x00030085, 0x00010002,    /* 0269  add L3 <- L1 + L2 */
    0x00160446,                /* 026B  lconst L4 <- static#22   (" as a var name") */
    0x00050085, 0x00030004,    /* 026C  add L5 <- L3 + L4 */
    0x00010541,                /* 026E  move L1 <- L5 */
    0x000001A0, 0x00010000,    /* 026F  call base=L0 argc=1 nres=1 */
    0x00000102,                /* 0271  return L0 count=1 */
    0x00140146,                /* 0272  lconst L1 <- static#20   ("sym") */
    0x00020097, 0x80000001,    /* 0273  is L2 <- P0 is L1 */
    0x0007024B,                /* 0275  jf L2, +7 */
    0x000F0142,                /* 0276  gget L1 <- g15   (store_expr) */
    0x00028041,                /* 0277  move L2 <- P0 */
    0x00038141,                /* 0278  move L3 <- P1 */
    0x00048241,                /* 0279  move L4 <- P2 */
    0x000103A0, 0x00010000,    /* 027A  call base=L1 argc=3 nres=1 */
    0x00010102,                /* 027C  return L1 count=1 */
    0x003D0142,                /* 027D  gget L1 <- g61   (node_kind) */
    0x00028041,                /* 027E  move L2 <- P0 */
    0x000101A0, 0x00010000,    /* 027F  call base=L1 argc=1 nres=1 */
    0x00000141,                /* 0281  move L0 <- L1 */
    0x000D0245,                /* 0282  lsym L2 <- sym#13   ("attr") */
    0x0001008F, 0x00000002,    /* 0283  eq L1 <- L0 == L2 */
    0x0007014C,                /* 0285  jt L1, +7 */
    0x000E0245,                /* 0286  lsym L2 <- sym#14   ("index") */
    0x0001008F, 0x00000002,    /* 0287  eq L1 <- L0 == L2 */
    0x0003014C,                /* 0289  jt L1, +3 */
    0x000F0245,                /* 028A  lsym L2 <- sym#15   ("target") */
    0x0001008F, 0x00000002,    /* 028B  eq L1 <- L0 == L2 */
    0x0007014B,                /* 028D  jf L1, +7 */
    0x000C0142,                /* 028E  gget L1 <- g12   (_store_through) */
    0x00028041,                /* 028F  move L2 <- P0 */
    0x00038141,                /* 0290  move L3 <- P1 */
    0x00048241,                /* 0291  move L4 <- P2 */
    0x000103A0, 0x00010000,    /* 0292  call base=L1 argc=3 nres=1 */
    0x00010102,                /* 0294  return L1 count=1 */
    0x00340142,                /* 0295  gget L1 <- g52   (error) */
    0x00150246,                /* 0296  lconst L2 <- static#21   ("the bytecode compiler does not support ") */
    0x003E0342,                /* 0297  gget L3 <- g62   (construct_name) */
    0x00048041,                /* 0298  move L4 <- P0 */
    0x000301A0, 0x00010000,    /* 0299  call base=L3 argc=1 nres=1 */
    0x00040085, 0x00020003,    /* 029B  add L4 <- L2 + L3 */
    0x00170546,                /* 029D  lconst L5 <- static#23   (" as an assignment target") */
    0x00060085, 0x00040005,    /* 029E  add L6 <- L4 + L5 */
    0x00020641,                /* 02A0  move L2 <- L6 */
    0x000101A0, 0x00010000,    /* 02A1  call base=L1 argc=1 nres=1 */
    0x00010102,                /* 02A3  return L1 count=1 */
    0x00140146,                /* 02A4  lconst L1 <- static#20   ("sym") */
    0x00020097, 0x80000001,    /* 02A5  is L2 <- P0 is L1 */
    0x0007024B,                /* 02A7  jf L2, +7 */
    0x00100142,                /* 02A8  gget L1 <- g16   (store_reg) */
    0x00028041,                /* 02A9  move L2 <- P0 */
    0x00038141,                /* 02AA  move L3 <- P1 */
    0x00048241,                /* 02AB  move L4 <- P2 */
    0x000103A0, 0x00010000,    /* 02AC  call base=L1 argc=3 nres=1 */
    0x00010102,                /* 02AE  return L1 count=1 */
    0x000E0142,                /* 02AF  gget L1 <- g14   (_target_base) */
    0x00028041,                /* 02B0  move L2 <- P0 */
    0x00038241,                /* 02B1  move L3 <- P2 */
    0x000102A0, 0x00010000,    /* 02B2  call base=L1 argc=2 nres=1 */
    0x00000141,                /* 02B4  move L0 <- L1 */
    0x000B0146,                /* 02B5  lconst L1 <- static#11   ("error") */
    0x00020097, 0x00000001,    /* 02B6  is L2 <- L0 is L1 */
    0x0001024B,                /* 02B8  jf L2, +1 */
    0x00000102,                /* 02B9  return L0 count=1 */
    0x000D0142,                /* 02BA  gget L1 <- g13   (_emit_store) */
    0x00028241,                /* 02BB  move L2 <- P2 */
    0x00030040,                /* 02BC  i8 L3 <- 0 */
    0x00040098, 0x00000003,    /* 02BD  getidx L4 <- L0[L3] */
    0x00030441,                /* 02BF  move L3 <- L4 */
    0x00040140,                /* 02C0  i8 L4 <- 1 */
    0x00050098, 0x00000004,    /* 02C1  getidx L5 <- L0[L4] */
    0x00040541,                /* 02C3  move L4 <- L5 */
    0x00050240,                /* 02C4  i8 L5 <- 2 */
    0x00060098, 0x00000005,    /* 02C5  getidx L6 <- L0[L5] */
    0x00050641,                /* 02C7  move L5 <- L6 */
    0x00060340,                /* 02C8  i8 L6 <- 3 */
    0x00070098, 0x00000006,    /* 02C9  getidx L7 <- L0[L6] */
    0x00060741,                /* 02CB  move L6 <- L7 */
    0x00078141,                /* 02CC  move L7 <- P1 */
    0x000106A0, 0x00010000,    /* 02CD  call base=L1 argc=6 nres=1 */
    0x00010102,                /* 02CF  return L1 count=1 */
    0x000E0542,                /* 02D0  gget L5 <- g14   (_target_base) */
    0x00068041,                /* 02D1  move L6 <- P0 */
    0x00078241,                /* 02D2  move L7 <- P2 */
    0x000502A0, 0x00010000,    /* 02D3  call base=L5 argc=2 nres=1 */
    0x00000541,                /* 02D5  move L0 <- L5 */
    0x000B0546,                /* 02D6  lconst L5 <- static#11   ("error") */
    0x00060097, 0x00000005,    /* 02D7  is L6 <- L0 is L5 */
    0x0001064B,                /* 02D9  jf L6, +1 */
    0x00000102,                /* 02DA  return L0 count=1 */
    0x00058241,                /* 02DB  move L5 <- P2 */
    0x000500A2, 0x00030001,    /* 02DC  msg base=L5 argc=0 msg#3 nres=1   (mark) */
    0x00010541,                /* 02DE  move L1 <- L5 */
    0x00058241,                /* 02DF  move L5 <- P2 */
    0x000500A2, 0x00060001,    /* 02E0  msg base=L5 argc=0 msg#6 nres=1   (push) */
    0x00020541,                /* 02E2  move L2 <- L5 */
    0x000B0546,                /* 02E3  lconst L5 <- static#11   ("error") */
    0x00060097, 0x00020005,    /* 02E4  is L6 <- L2 is L5 */
    0x0001064B,                /* 02E6  jf L6, +1 */
    0x00020102,                /* 02E7  return L2 count=1 */
    0x003F0542,                /* 02E8  gget L5 <- g63   (compile_expr) */
    0x00068141,                /* 02E9  move L6 <- P1 */
    0x00078241,                /* 02EA  move L7 <- P2 */
    0x00080241,                /* 02EB  move L8 <- L2 */
    0x000503A0, 0x00010000,    /* 02EC  call base=L5 argc=3 nres=1 */
    0x00030541,                /* 02EE  move L3 <- L5 */
    0x000B0546,                /* 02EF  lconst L5 <- static#11   ("error") */
    0x00060097, 0x00030005,    /* 02F0  is L6 <- L3 is L5 */
    0x0001064B,                /* 02F2  jf L6, +1 */
    0x00030102,                /* 02F3  return L3 count=1 */
    0x000D0542,                /* 02F4  gget L5 <- g13   (_emit_store) */
    0x00068241,                /* 02F5  move L6 <- P2 */
    0x00070040,                /* 02F6  i8 L7 <- 0 */
    0x00080098, 0x00000007,    /* 02F7  getidx L8 <- L0[L7] */
    0x00070841,                /* 02F9  move L7 <- L8 */
    0x00080140,                /* 02FA  i8 L8 <- 1 */
    0x00090098, 0x00000008,    /* 02FB  getidx L9 <- L0[L8] */
    0x00080941,                /* 02FD  move L8 <- L9 */
    0x00090240,                /* 02FE  i8 L9 <- 2 */
    0x000A0098, 0x00000009,    /* 02FF  getidx L10 <- L0[L9] */
    0x00090A41,                /* 0301  move L9 <- L10 */
    0x000A0340,                /* 0302  i8 L10 <- 3 */
    0x000B0098, 0x0000000A,    /* 0303  getidx L11 <- L0[L10] */
    0x000A0B41,                /* 0305  move L10 <- L11 */
    0x000B0241,                /* 0306  move L11 <- L2 */
    0x000506A0, 0x00010000,    /* 0307  call base=L5 argc=6 nres=1 */
    0x00040541,                /* 0309  move L4 <- L5 */
    0x000B0546,                /* 030A  lconst L5 <- static#11   ("error") */
    0x00060097, 0x00040005,    /* 030B  is L6 <- L4 is L5 */
    0x0001064B,                /* 030D  jf L6, +1 */
    0x00040102,                /* 030E  return L4 count=1 */
    0x00058241,                /* 030F  move L5 <- P2 */
    0x00060141,                /* 0310  move L6 <- L1 */
    0x000501A2, 0x00040001,    /* 0311  msg base=L5 argc=1 msg#4 nres=1   (free_to) */
    0x00050102,                /* 0313  return L5 count=1 */
    0x00130046,                /* 0314  lconst L0 <- static#19   ("nil") */
    0x00010097, 0x80040000,    /* 0315  is L1 <- P4 is L0 */
    0x0002014A,                /* 0317  not L2 <- L1 */
    0x0012024B,                /* 0318  jf L2, +18 */
    0x00050042,                /* 0319  gget L0 <- g5   (_emit_pack) */
    0x00038041,                /* 031A  move L3 <- P0 */
    0x00110445,                /* 031B  lsym L4 <- sym#17   ("setslot") */
    0x00050281, 0x00030000,    /* 031C  tuple L5 <- L3, 2 items */
    0x00010541,                /* 031E  move L1 <- L5 */
    0x000F0346,                /* 031F  lconst L3 <- static#15   ("a0") */
    0x00048141,                /* 0320  move L4 <- P1 */
    0x00100546,                /* 0321  lconst L5 <- static#16   ("a1") */
    0x00068441,                /* 0322  move L6 <- P4 */
    0x00110746,                /* 0323  lconst L7 <- static#17   ("a2") */
    0x00088541,                /* 0324  move L8 <- P5 */
    0x00090383, 0x00030000,    /* 0325  dict L9 <- L3, 3 pairs */
    0x00020941,                /* 0327  move L2 <- L9 */
    0x000000A1, 0x00010000,    /* 0328  call_va base=L0 nres=1 */
    0x00000102,                /* 032A  return L0 count=1 */
    0x00130046,                /* 032B  lconst L0 <- static#19   ("nil") */
    0x00010097, 0x80020000,    /* 032C  is L1 <- P2 is L0 */
    0x0002014A,                /* 032E  not L2 <- L1 */
    0x0012024B,                /* 032F  jf L2, +18 */
    0x00050042,                /* 0330  gget L0 <- g5   (_emit_pack) */
    0x00038041,                /* 0331  move L3 <- P0 */
    0x00120445,                /* 0332  lsym L4 <- sym#18   ("setattr") */
    0x00050281, 0x00030000,    /* 0333  tuple L5 <- L3, 2 items */
    0x00010541,                /* 0335  move L1 <- L5 */
    0x000F0346,                /* 0336  lconst L3 <- static#15   ("a0") */
    0x00048141,                /* 0337  move L4 <- P1 */
    0x00100546,                /* 0338  lconst L5 <- static#16   ("a1") */
    0x00068241,                /* 0339  move L6 <- P2 */
    0x00110746,                /* 033A  lconst L7 <- static#17   ("a2") */
    0x00088541,                /* 033B  move L8 <- P5 */
    0x00090383, 0x00030000,    /* 033C  dict L9 <- L3, 3 pairs */
    0x00020941,                /* 033E  move L2 <- L9 */
    0x000000A1, 0x00010000,    /* 033F  call_va base=L0 nres=1 */
    0x00000102,                /* 0341  return L0 count=1 */
    0x00050042,                /* 0342  gget L0 <- g5   (_emit_pack) */
    0x00038041,                /* 0343  move L3 <- P0 */
    0x00130445,                /* 0344  lsym L4 <- sym#19   ("setidx") */
    0x00050281, 0x00030000,    /* 0345  tuple L5 <- L3, 2 items */
    0x00010541,                /* 0347  move L1 <- L5 */
    0x000F0346,                /* 0348  lconst L3 <- static#15   ("a0") */
    0x00048141,                /* 0349  move L4 <- P1 */
    0x00100546,                /* 034A  lconst L5 <- static#16   ("a1") */
    0x00068341,                /* 034B  move L6 <- P3 */
    0x00110746,                /* 034C  lconst L7 <- static#17   ("a2") */
    0x00088541,                /* 034D  move L8 <- P5 */
    0x00090383, 0x00030000,    /* 034E  dict L9 <- L3, 3 pairs */
    0x00020941,                /* 0350  move L2 <- L9 */
    0x000000A1, 0x00010000,    /* 0351  call_va base=L0 nres=1 */
    0x00000102,                /* 0353  return L0 count=1 */
    0x003D1442,                /* 0354  gget L20 <- g61   (node_kind) */
    0x00158041,                /* 0355  move L21 <- P0 */
    0x001401A0, 0x00010000,    /* 0356  call base=L20 argc=1 nres=1 */
    0x00001441,                /* 0358  move L0 <- L20 */
    0x000D1445,                /* 0359  lsym L20 <- sym#13   ("attr") */
    0x0015008F, 0x00000014,    /* 035A  eq L21 <- L0 == L20 */
    0x0058154B,                /* 035C  jf L21, +88 */
    0x00031442,                /* 035D  gget L20 <- g3   (_field) */
    0x00158041,                /* 035E  move L21 <- P0 */
    0x00160140,                /* 035F  i8 L22 <- 1 */
    0x001402A0, 0x00010000,    /* 0360  call base=L20 argc=2 nres=1 */
    0x00011441,                /* 0362  move L1 <- L20 */
    0x0001014E,                /* 0363  jnerr L1, +1 */
    0x00010003,                /* 0364  lnil L1 */
    0x00031442,                /* 0365  gget L20 <- g3   (_field) */
    0x00158041,                /* 0366  move L21 <- P0 */
    0x00160240,                /* 0367  i8 L22 <- 2 */
    0x001402A0, 0x00010000,    /* 0368  call base=L20 argc=2 nres=1 */
    0x00021441,                /* 036A  move L2 <- L20 */
    0x0001024E,                /* 036B  jnerr L2, +1 */
    0x00020003,                /* 036C  lnil L2 */
    0x00141445,                /* 036D  lsym L20 <- sym#20   ("this") */
    0x0003008F, 0x00010014,    /* 036E  eq L3 <- L1 == L20 */
    0x003F1442,                /* 0370  gget L20 <- g63   (compile_expr) */
    0x00150141,                /* 0371  move L21 <- L1 */
    0x00168141,                /* 0372  move L22 <- P1 */
    0x00170003,                /* 0373  lnil L23 */
    0x001403A0, 0x00010000,    /* 0374  call base=L20 argc=3 nres=1 */
    0x00041441,                /* 0376  move L4 <- L20 */
    0x000B1446,                /* 0377  lconst L20 <- static#11   ("error") */
    0x00150097, 0x00040014,    /* 0378  is L21 <- L4 is L20 */
    0x0001154B,                /* 037A  jf L21, +1 */
    0x00040102,                /* 037B  return L4 count=1 */
    0x00140341,                /* 037C  move L20 <- L3 */
    0x000B144B,                /* 037D  jf L20, +11 */
    0x0015009A, 0x80010015,    /* 037E  getattr L21 <- P1.sym#21   ("this_class") */
    0x00131646,                /* 0380  lconst L22 <- static#19   ("nil") */
    0x00170097, 0x00150016,    /* 0381  is L23 <- L21 is L22 */
    0x0014174A,                /* 0383  not L20 <- L23 */
    0x0004144B,                /* 0384  jf L20, +4 */
    0x0015009A, 0x80010016,    /* 0385  getattr L21 <- P1.sym#22   ("module") */
    0x0014009A, 0x00150017,    /* 0387  getattr L20 <- L21.sym#23   ("slot_optimization") */
    0x0014144B,                /* 0389  jf L20, +20 */
    0x0014009A, 0x80010016,    /* 038A  getattr L20 <- P1.sym#22   ("module") */
    0x0015009A, 0x80010015,    /* 038C  getattr L21 <- P1.sym#21   ("this_class") */
    0x00160241,                /* 038E  move L22 <- L2 */
    0x001402A2, 0x00070001,    /* 038F  msg base=L20 argc=2 msg#7 nres=1   (slot_index) */
    0x00061441,                /* 0391  move L6 <- L20 */
    0x00131446,                /* 0392  lconst L20 <- static#19   ("nil") */
    0x00150097, 0x00060014,    /* 0393  is L21 <- L6 is L20 */
    0x0016154A,                /* 0395  not L22 <- L21 */
    0x0007164B,                /* 0396  jf L22, +7 */
    0x00140441,                /* 0397  move L20 <- L4 */
    0x00150003,                /* 0398  lnil L21 */
    0x00160003,                /* 0399  lnil L22 */
    0x00170641,                /* 039A  move L23 <- L6 */
    0x00180482, 0x00140000,    /* 039B  list L24 <- L20, 4 items */
    0x00180102,                /* 039D  return L24 count=1 */
    0x0015009A, 0x80010016,    /* 039E  getattr L21 <- P1.sym#22   ("module") */
    0x0014009A, 0x0015001A,    /* 03A0  getattr L20 <- L21.sym#26   ("image") */
    0x00401542,                /* 03A2  gget L21 <- g64   (str) */
    0x00160241,                /* 03A3  move L22 <- L2 */
    0x001501A0, 0x00010000,    /* 03A4  call base=L21 argc=1 nres=1 */
    0x001401A2, 0x00080001,    /* 03A6  msg base=L20 argc=1 msg#8 nres=1   (add_symbol) */
    0x00051441,                /* 03A8  move L5 <- L20 */
    0x000B1446,                /* 03A9  lconst L20 <- static#11   ("error") */
    0x00150097, 0x00050014,    /* 03AA  is L21 <- L5 is L20 */
    0x0001154B,                /* 03AC  jf L21, +1 */
    0x00050102,                /* 03AD  return L5 count=1 */
    0x00140441,                /* 03AE  move L20 <- L4 */
    0x00150541,                /* 03AF  move L21 <- L5 */
    0x00160003,                /* 03B0  lnil L22 */
    0x00170003,                /* 03B1  lnil L23 */
    0x00180482, 0x00140000,    /* 03B2  list L24 <- L20, 4 items */
    0x00180102,                /* 03B4  return L24 count=1 */
    0x000E1445,                /* 03B5  lsym L20 <- sym#14   ("index") */
    0x0015008F, 0x00000014,    /* 03B6  eq L21 <- L0 == L20 */
    0x002F154B,                /* 03B8  jf L21, +47 */
    0x00031442,                /* 03B9  gget L20 <- g3   (_field) */
    0x00158041,                /* 03BA  move L21 <- P0 */
    0x00160140,                /* 03BB  i8 L22 <- 1 */
    0x001402A0, 0x00010000,    /* 03BC  call base=L20 argc=2 nres=1 */
    0x00071441,                /* 03BE  move L7 <- L20 */
    0x0001074E,                /* 03BF  jnerr L7, +1 */
    0x00070003,                /* 03C0  lnil L7 */
    0x00031442,                /* 03C1  gget L20 <- g3   (_field) */
    0x00158041,                /* 03C2  move L21 <- P0 */
    0x00160240,                /* 03C3  i8 L22 <- 2 */
    0x001402A0, 0x00010000,    /* 03C4  call base=L20 argc=2 nres=1 */
    0x00081441,                /* 03C6  move L8 <- L20 */
    0x0001084E,                /* 03C7  jnerr L8, +1 */
    0x00080003,                /* 03C8  lnil L8 */
    0x003F1442,                /* 03C9  gget L20 <- g63   (compile_expr) */
    0x00150741,                /* 03CA  move L21 <- L7 */
    0x00168141,                /* 03CB  move L22 <- P1 */
    0x00170003,                /* 03CC  lnil L23 */
    0x001403A0, 0x00010000,    /* 03CD  call base=L20 argc=3 nres=1 */
    0x00091441,                /* 03CF  move L9 <- L20 */
    0x000B1446,                /* 03D0  lconst L20 <- static#11   ("error") */
    0x00150097, 0x00090014,    /* 03D1  is L21 <- L9 is L20 */
    0x0001154B,                /* 03D3  jf L21, +1 */
    0x00090102,                /* 03D4  return L9 count=1 */
    0x003F1442,                /* 03D5  gget L20 <- g63   (compile_expr) */
    0x00150841,                /* 03D6  move L21 <- L8 */
    0x00168141,                /* 03D7  move L22 <- P1 */
    0x00170003,                /* 03D8  lnil L23 */
    0x001403A0, 0x00010000,    /* 03D9  call base=L20 argc=3 nres=1 */
    0x000A1441,                /* 03DB  move L10 <- L20 */
    0x000B1446,                /* 03DC  lconst L20 <- static#11   ("error") */
    0x00150097, 0x000A0014,    /* 03DD  is L21 <- L10 is L20 */
    0x0001154B,                /* 03DF  jf L21, +1 */
    0x000A0102,                /* 03E0  return L10 count=1 */
    0x00140941,                /* 03E1  move L20 <- L9 */
    0x00150003,                /* 03E2  lnil L21 */
    0x00160A41,                /* 03E3  move L22 <- L10 */
    0x00170003,                /* 03E4  lnil L23 */
    0x00180482, 0x00140000,    /* 03E5  list L24 <- L20, 4 items */
    0x00180102,                /* 03E7  return L24 count=1 */
    0x000F1445,                /* 03E8  lsym L20 <- sym#15   ("target") */
    0x0015008F, 0x00000014,    /* 03E9  eq L21 <- L0 == L20 */
    0x007F154B,                /* 03EB  jf L21, +127 */
    0x00031442,                /* 03EC  gget L20 <- g3   (_field) */
    0x00158041,                /* 03ED  move L21 <- P0 */
    0x00160140,                /* 03EE  i8 L22 <- 1 */
    0x001402A0, 0x00010000,    /* 03EF  call base=L20 argc=2 nres=1 */
    0x000B1441,                /* 03F1  move L11 <- L20 */
    0x00010B4E,                /* 03F2  jnerr L11, +1 */
    0x000B0003,                /* 03F3  lnil L11 */
    0x00041442,                /* 03F4  gget L20 <- g4   (_pairlist) */
    0x00031642,                /* 03F5  gget L22 <- g3   (_field) */
    0x00178041,                /* 03F6  move L23 <- P0 */
    0x00180240,                /* 03F7  i8 L24 <- 2 */
    0x001602A0, 0x00010000,    /* 03F8  call base=L22 argc=2 nres=1 */
    0x00151641,                /* 03FA  move L21 <- L22 */
    0x0001154E,                /* 03FB  jnerr L21, +1 */
    0x00150003,                /* 03FC  lnil L21 */
    0x001401A0, 0x00010000,    /* 03FD  call base=L20 argc=1 nres=1 */
    0x000C1441,                /* 03FF  move L12 <- L20 */
    0x003F1442,                /* 0400  gget L20 <- g63   (compile_expr) */
    0x00150B41,                /* 0401  move L21 <- L11 */
    0x00168141,                /* 0402  move L22 <- P1 */
    0x00170003,                /* 0403  lnil L23 */
    0x001403A0, 0x00010000,    /* 0404  call base=L20 argc=3 nres=1 */
    0x000D1441,                /* 0406  move L13 <- L20 */
    0x000B1446,                /* 0407  lconst L20 <- static#11   ("error") */
    0x00150097, 0x000D0014,    /* 0408  is L21 <- L13 is L20 */
    0x0001154B,                /* 040A  jf L21, +1 */
    0x000D0102,                /* 040B  return L13 count=1 */
    0x003C1442,                /* 040C  gget L20 <- g60   (len) */
    0x00150C41,                /* 040D  move L21 <- L12 */
    0x001401A0, 0x00010000,    /* 040E  call base=L20 argc=1 nres=1 */
    0x000E1441,                /* 0410  move L14 <- L20 */
    0x00140040,                /* 0411  i8 L20 <- 0 */
    0x0015008F, 0x000E0014,    /* 0412  eq L21 <- L14 == L20 */
    0x0005154B,                /* 0414  jf L21, +5 */
    0x00341442,                /* 0415  gget L20 <- g52   (error) */
    0x00181546,                /* 0416  lconst L21 <- static#24   ("assignment target has no index") */
    0x001401A0, 0x00010000,    /* 0417  call base=L20 argc=1 nres=1 */
    0x00140102,                /* 0419  return L20 count=1 */
    0x000F0040,                /* 041A  i8 L15 <- 0 */
    0x00140140,                /* 041B  i8 L20 <- 1 */
    0x00150086, 0x000E0014,    /* 041C  sub L21 <- L14 - L20 */
    0x00160091, 0x000F0015,    /* 041E  lt L22 <- L15 < L21 */
    0x0032164B,                /* 0420  jf L22, +50 */
    0x003F1442,                /* 0421  gget L20 <- g63   (compile_expr) */
    0x00150098, 0x000C000F,    /* 0422  getidx L21 <- L12[L15] */
    0x00168141,                /* 0424  move L22 <- P1 */
    0x00170003,                /* 0425  lnil L23 */
    0x001403A0, 0x00010000,    /* 0426  call base=L20 argc=3 nres=1 */
    0x00111441,                /* 0428  move L17 <- L20 */
    0x000B1446,                /* 0429  lconst L20 <- static#11   ("error") */
    0x00150097, 0x00110014,    /* 042A  is L21 <- L17 is L20 */
    0x0001154B,                /* 042C  jf L21, +1 */
    0x00110102,                /* 042D  return L17 count=1 */
    0x00148141,                /* 042E  move L20 <- P1 */
    0x001400A2, 0x00060001,    /* 042F  msg base=L20 argc=0 msg#6 nres=1   (push) */
    0x00121441,                /* 0431  move L18 <- L20 */
    0x000B1446,                /* 0432  lconst L20 <- static#11   ("error") */
    0x00150097, 0x00120014,    /* 0433  is L21 <- L18 is L20 */
    0x0001154B,                /* 0435  jf L21, +1 */
    0x00120102,                /* 0436  return L18 count=1 */
    0x00051442,                /* 0437  gget L20 <- g5   (_emit_pack) */
    0x00178141,                /* 0438  move L23 <- P1 */
    0x001B1845,                /* 0439  lsym L24 <- sym#27   ("getidx") */
    0x00190281, 0x00170000,    /* 043A  tuple L25 <- L23, 2 items */
    0x00151941,                /* 043C  move L21 <- L25 */
    0x000F1746,                /* 043D  lconst L23 <- static#15   ("a0") */
    0x00181241,                /* 043E  move L24 <- L18 */
    0x00101946,                /* 043F  lconst L25 <- static#16   ("a1") */
    0x001A0D41,                /* 0440  move L26 <- L13 */
    0x00111B46,                /* 0441  lconst L27 <- static#17   ("a2") */
    0x001C1141,                /* 0442  move L28 <- L17 */
    0x001D0383, 0x00170000,    /* 0443  dict L29 <- L23, 3 pairs */
    0x00161D41,                /* 0445  move L22 <- L29 */
    0x001400A1, 0x00010000,    /* 0446  call_va base=L20 nres=1 */
    0x00131441,                /* 0448  move L19 <- L20 */
    0x000B1446,                /* 0449  lconst L20 <- static#11   ("error") */
    0x00150097, 0x00130014,    /* 044A  is L21 <- L19 is L20 */
    0x0001154B,                /* 044C  jf L21, +1 */
    0x00130102,                /* 044D  return L19 count=1 */
    0x000D1241,                /* 044E  move L13 <- L18 */
    0x00140140,                /* 044F  i8 L20 <- 1 */
    0x000F0085, 0x000F0014,    /* 0450  add L15 <- L15 + L20 */
    0xFFC8004F,                /* 0452  jmp -56 */
    0x003F1442,                /* 0453  gget L20 <- g63   (compile_expr) */
    0x00150140,                /* 0454  i8 L21 <- 1 */
    0x00160086, 0x000E0015,    /* 0455  sub L22 <- L14 - L21 */
    0x00170098, 0x000C0016,    /* 0457  getidx L23 <- L12[L22] */
    0x00151741,                /* 0459  move L21 <- L23 */
    0x00168141,                /* 045A  move L22 <- P1 */
    0x00170003,                /* 045B  lnil L23 */
    0x001403A0, 0x00010000,    /* 045C  call base=L20 argc=3 nres=1 */
    0x00101441,                /* 045E  move L16 <- L20 */
    0x000B1446,                /* 045F  lconst L20 <- static#11   ("error") */
    0x00150097, 0x00100014,    /* 0460  is L21 <- L16 is L20 */
    0x0001154B,                /* 0462  jf L21, +1 */
    0x00100102,                /* 0463  return L16 count=1 */
    0x00140D41,                /* 0464  move L20 <- L13 */
    0x00150003,                /* 0465  lnil L21 */
    0x00161041,                /* 0466  move L22 <- L16 */
    0x00170003,                /* 0467  lnil L23 */
    0x00180482, 0x00140000,    /* 0468  list L24 <- L20, 4 items */
    0x00180102,                /* 046A  return L24 count=1 */
    0x00341442,                /* 046B  gget L20 <- g52   (error) */
    0x00151546,                /* 046C  lconst L21 <- static#21   ("the bytecode compiler does not support ") */
    0x003E1642,                /* 046D  gget L22 <- g62   (construct_name) */
    0x00178041,                /* 046E  move L23 <- P0 */
    0x001601A0, 0x00010000,    /* 046F  call base=L22 argc=1 nres=1 */
    0x00170085, 0x00150016,    /* 0471  add L23 <- L21 + L22 */
    0x00171846,                /* 0473  lconst L24 <- static#23   (" as an assignment target") */
    0x00190085, 0x00170018,    /* 0474  add L25 <- L23 + L24 */
    0x00151941,                /* 0476  move L21 <- L25 */
    0x001401A0, 0x00010000,    /* 0477  call base=L20 argc=1 nres=1 */
    0x00140102,                /* 0479  return L20 count=1 */
    0x00110842,                /* 047A  gget L8 <- g17   (_storage) */
    0x00098041,                /* 047B  move L9 <- P0 */
    0x000A8241,                /* 047C  move L10 <- P2 */
    0x000802A0, 0x00010000,    /* 047D  call base=L8 argc=2 nres=1 */
    0x00000841,                /* 047F  move L0 <- L8 */
    0x000B0846,                /* 0480  lconst L8 <- static#11   ("error") */
    0x00090097, 0x00000008,    /* 0481  is L9 <- L0 is L8 */
    0x0001094B,                /* 0483  jf L9, +1 */
    0x00000102,                /* 0484  return L0 count=1 */
    0x00080040,                /* 0485  i8 L8 <- 0 */
    0x00010098, 0x00000008,    /* 0486  getidx L1 <- L0[L8] */
    0x00080140,                /* 0488  i8 L8 <- 1 */
    0x00020098, 0x00000008,    /* 0489  getidx L2 <- L0[L8] */
    0x00190946,                /* 048B  lconst L9 <- static#25   ("reg") */
    0x0008008F, 0x00010009,    /* 048C  eq L8 <- L1 == L9 */
    0x0005084B,                /* 048E  jf L8, +5 */
    0x0009009A, 0x8002001C,    /* 048F  getattr L9 <- P2.sym#28   ("cells") */
    0x000A0096, 0x80000009,    /* 0491  in L10 <- P0 in L9 */
    0x00080A4A,                /* 0493  not L8 <- L10 */
    0x000E084B,                /* 0494  jf L8, +14 */
    0x003F0842,                /* 0495  gget L8 <- g63   (compile_expr) */
    0x00098141,                /* 0496  move L9 <- P1 */
    0x000A8241,                /* 0497  move L10 <- P2 */
    0x000B0241,                /* 0498  move L11 <- L2 */
    0x000803A0, 0x00010000,    /* 0499  call base=L8 argc=3 nres=1 */
    0x00070841,                /* 049B  move L7 <- L8 */
    0x000B0846,                /* 049C  lconst L8 <- static#11   ("error") */
    0x00090097, 0x00070008,    /* 049D  is L9 <- L7 is L8 */
    0x0001094B,                /* 049F  jf L9, +1 */
    0x00070102,                /* 04A0  return L7 count=1 */
    0x00080003,                /* 04A1  lnil L8 */
    0x00080102,                /* 04A2  return L8 count=1 */
    0x00088241,                /* 04A3  move L8 <- P2 */
    0x000800A2, 0x00030001,    /* 04A4  msg base=L8 argc=0 msg#3 nres=1   (mark) */
    0x00030841,                /* 04A6  move L3 <- L8 */
    0x00088241,                /* 04A7  move L8 <- P2 */
    0x000800A2, 0x00060001,    /* 04A8  msg base=L8 argc=0 msg#6 nres=1   (push) */
    0x00040841,                /* 04AA  move L4 <- L8 */
    0x000B0846,                /* 04AB  lconst L8 <- static#11   ("error") */
    0x00090097, 0x00040008,    /* 04AC  is L9 <- L4 is L8 */
    0x0001094B,                /* 04AE  jf L9, +1 */
    0x00040102,                /* 04AF  return L4 count=1 */
    0x003F0842,                /* 04B0  gget L8 <- g63   (compile_expr) */
    0x00098141,                /* 04B1  move L9 <- P1 */
    0x000A8241,                /* 04B2  move L10 <- P2 */
    0x000B0441,                /* 04B3  move L11 <- L4 */
    0x000803A0, 0x00010000,    /* 04B4  call base=L8 argc=3 nres=1 */
    0x00050841,                /* 04B6  move L5 <- L8 */
    0x000B0846,                /* 04B7  lconst L8 <- static#11   ("error") */
    0x00090097, 0x00050008,    /* 04B8  is L9 <- L5 is L8 */
    0x0001094B,                /* 04BA  jf L9, +1 */
    0x00050102,                /* 04BB  return L5 count=1 */
    0x00100842,                /* 04BC  gget L8 <- g16   (store_reg) */
    0x00098041,                /* 04BD  move L9 <- P0 */
    0x000A0441,                /* 04BE  move L10 <- L4 */
    0x000B8241,                /* 04BF  move L11 <- P2 */
    0x000803A0, 0x00010000,    /* 04C0  call base=L8 argc=3 nres=1 */
    0x00060841,                /* 04C2  move L6 <- L8 */
    0x000B0846,                /* 04C3  lconst L8 <- static#11   ("error") */
    0x00090097, 0x00060008,    /* 04C4  is L9 <- L6 is L8 */
    0x0001094B,                /* 04C6  jf L9, +1 */
    0x00060102,                /* 04C7  return L6 count=1 */
    0x00088241,                /* 04C8  move L8 <- P2 */
    0x00090341,                /* 04C9  move L9 <- L3 */
    0x000801A2, 0x00040001,    /* 04CA  msg base=L8 argc=1 msg#4 nres=1   (free_to) */
    0x00080102,                /* 04CC  return L8 count=1 */
    0x00110442,                /* 04CD  gget L4 <- g17   (_storage) */
    0x00058041,                /* 04CE  move L5 <- P0 */
    0x00068241,                /* 04CF  move L6 <- P2 */
    0x000402A0, 0x00010000,    /* 04D0  call base=L4 argc=2 nres=1 */
    0x00000441,                /* 04D2  move L0 <- L4 */
    0x000B0446,                /* 04D3  lconst L4 <- static#11   ("error") */
    0x00050097, 0x00000004,    /* 04D4  is L5 <- L0 is L4 */
    0x0001054B,                /* 04D6  jf L5, +1 */
    0x00000102,                /* 04D7  return L0 count=1 */
    0x00040040,                /* 04D8  i8 L4 <- 0 */
    0x00010098, 0x00000004,    /* 04D9  getidx L1 <- L0[L4] */
    0x00040140,                /* 04DB  i8 L4 <- 1 */
    0x00020098, 0x00000004,    /* 04DC  getidx L2 <- L0[L4] */
    0x001A0446,                /* 04DE  lconst L4 <- static#26   ("slot") */
    0x0005008F, 0x00010004,    /* 04DF  eq L5 <- L1 == L4 */
    0x0013054B,                /* 04E1  jf L5, +19 */
    0x00050442,                /* 04E2  gget L4 <- g5   (_emit_pack) */
    0x00078241,                /* 04E3  move L7 <- P2 */
    0x00120845,                /* 04E4  lsym L8 <- sym#18   ("setattr") */
    0x00090281, 0x00070000,    /* 04E5  tuple L9 <- L7, 2 items */
    0x00050941,                /* 04E7  move L5 <- L9 */
    0x000F0746,                /* 04E8  lconst L7 <- static#15   ("a0") */
    0x0008009A, 0x8002001D,    /* 04E9  getattr L8 <- P2.sym#29   ("this_reg") */
    0x00100946,                /* 04EB  lconst L9 <- static#16   ("a1") */
    0x000A0241,                /* 04EC  move L10 <- L2 */
    0x00110B46,                /* 04ED  lconst L11 <- static#17   ("a2") */
    0x000C8141,                /* 04EE  move L12 <- P1 */
    0x000D0383, 0x00070000,    /* 04EF  dict L13 <- L7, 3 pairs */
    0x00060D41,                /* 04F1  move L6 <- L13 */
    0x000400A1, 0x00010000,    /* 04F2  call_va base=L4 nres=1 */
    0x00040102,                /* 04F4  return L4 count=1 */
    0x001B0446,                /* 04F5  lconst L4 <- static#27   ("global") */
    0x0005008F, 0x00010004,    /* 04F6  eq L5 <- L1 == L4 */
    0x0008054B,                /* 04F8  jf L5, +8 */
    0x00060442,                /* 04F9  gget L4 <- g6   (_emit_pairable) */
    0x00058241,                /* 04FA  move L5 <- P2 */
    0x001E0645,                /* 04FB  lsym L6 <- sym#30   ("gset") */
    0x00070241,                /* 04FC  move L7 <- L2 */
    0x00088141,                /* 04FD  move L8 <- P1 */
    0x000404A0, 0x00010000,    /* 04FE  call base=L4 argc=4 nres=1 */
    0x00040102,                /* 0500  return L4 count=1 */
    0x0004009A, 0x8002001C,    /* 0501  getattr L4 <- P2.sym#28   ("cells") */
    0x00050096, 0x80000004,    /* 0503  in L5 <- P0 in L4 */
    0x001B054B,                /* 0505  jf L5, +27 */
    0x00048241,                /* 0506  move L4 <- P2 */
    0x000400A2, 0x00090001,    /* 0507  msg base=L4 argc=0 msg#9 nres=1   (zero) */
    0x00030441,                /* 0509  move L3 <- L4 */
    0x000B0446,                /* 050A  lconst L4 <- static#11   ("error") */
    0x00050097, 0x00030004,    /* 050B  is L5 <- L3 is L4 */
    0x0001054B,                /* 050D  jf L5, +1 */
    0x00030102,                /* 050E  return L3 count=1 */
    0x00050442,                /* 050F  gget L4 <- g5   (_emit_pack) */
    0x00078241,                /* 0510  move L7 <- P2 */
    0x00130845,                /* 0511  lsym L8 <- sym#19   ("setidx") */
    0x00090281, 0x00070000,    /* 0512  tuple L9 <- L7, 2 items */
    0x00050941,                /* 0514  move L5 <- L9 */
    0x000F0746,                /* 0515  lconst L7 <- static#15   ("a0") */
    0x00080241,                /* 0516  move L8 <- L2 */
    0x00100946,                /* 0517  lconst L9 <- static#16   ("a1") */
    0x000A0341,                /* 0518  move L10 <- L3 */
    0x00110B46,                /* 0519  lconst L11 <- static#17   ("a2") */
    0x000C8141,                /* 051A  move L12 <- P1 */
    0x000D0383, 0x00070000,    /* 051B  dict L13 <- L7, 3 pairs */
    0x00060D41,                /* 051D  move L6 <- L13 */
    0x000400A1, 0x00010000,    /* 051E  call_va base=L4 nres=1 */
    0x00040102,                /* 0520  return L4 count=1 */
    0x00040090, 0x00028001,    /* 0521  ne L4 <- L2 != P1 */
    0x0008044B,                /* 0523  jf L4, +8 */
    0x00060442,                /* 0524  gget L4 <- g6   (_emit_pairable) */
    0x00058241,                /* 0525  move L5 <- P2 */
    0x00200645,                /* 0526  lsym L6 <- sym#32   ("move") */
    0x00070241,                /* 0527  move L7 <- L2 */
    0x00088141,                /* 0528  move L8 <- P1 */
    0x000404A0, 0x00010000,    /* 0529  call base=L4 argc=4 nres=1 */
    0x00040102,                /* 052B  return L4 count=1 */
    0x00040003,                /* 052C  lnil L4 */
    0x00040102,                /* 052D  return L4 count=1 */
    0x00018141,                /* 052E  move L1 <- P1 */
    0x00028041,                /* 052F  move L2 <- P0 */
    0x000101A2, 0x000A0001,    /* 0530  msg base=L1 argc=1 msg#10 nres=1   (storage) */
    0x00000141,                /* 0532  move L0 <- L1 */
    0x00130146,                /* 0533  lconst L1 <- static#19   ("nil") */
    0x00020097, 0x00000001,    /* 0534  is L2 <- L0 is L1 */
    0x000F024B,                /* 0536  jf L2, +15 */
    0x00340142,                /* 0537  gget L1 <- g52   (error) */
    0x001C0246,                /* 0538  lconst L2 <- static#28   ("cannot assign to '") */
    0x00400342,                /* 0539  gget L3 <- g64   (str) */
    0x00048041,                /* 053A  move L4 <- P0 */
    0x000301A0, 0x00010000,    /* 053B  call base=L3 argc=1 nres=1 */
    0x00040085, 0x00020003,    /* 053D  add L4 <- L2 + L3 */
    0x001D0546,                /* 053F  lconst L5 <- static#29   ("': it is not declared in this module") */
    0x00060085, 0x00040005,    /* 0540  add L6 <- L4 + L5 */
    0x00020641,                /* 0542  move L2 <- L6 */
    0x000101A0, 0x00010000,    /* 0543  call base=L1 argc=1 nres=1 */
    0x00010102,                /* 0545  return L1 count=1 */
    0x00000102,                /* 0546  return L0 count=1 */
    0x00000040,                /* 0547  i8 L0 <- 0 */
    0x003C0342,                /* 0548  gget L3 <- g60   (len) */
    0x00048041,                /* 0549  move L4 <- P0 */
    0x000301A0, 0x00010000,    /* 054A  call base=L3 argc=1 nres=1 */
    0x00010341,                /* 054C  move L1 <- L3 */
    0x00030091, 0x00000001,    /* 054D  lt L3 <- L0 < L1 */
    0x0010034B,                /* 054F  jf L3, +16 */
    0x001C0342,                /* 0550  gget L3 <- g28   (_store_unset) */
    0x00040098, 0x80000000,    /* 0551  getidx L4 <- P0[L0] */
    0x00058141,                /* 0553  move L5 <- P1 */
    0x000302A0, 0x00010000,    /* 0554  call base=L3 argc=2 nres=1 */
    0x00020341,                /* 0556  move L2 <- L3 */
    0x000B0346,                /* 0557  lconst L3 <- static#11   ("error") */
    0x00040097, 0x00020003,    /* 0558  is L4 <- L2 is L3 */
    0x0001044B,                /* 055A  jf L4, +1 */
    0x00020102,                /* 055B  return L2 count=1 */
    0x00030140,                /* 055C  i8 L3 <- 1 */
    0x00000085, 0x00000003,    /* 055D  add L0 <- L0 + L3 */
    0xFFED004F,                /* 055F  jmp -19 */
    0x00030003,                /* 0560  lnil L3 */
    0x00030102,                /* 0561  return L3 count=1 */
    0x00030242,                /* 0562  gget L2 <- g3   (_field) */
    0x00038041,                /* 0563  move L3 <- P0 */
    0x00040140,                /* 0564  i8 L4 <- 1 */
    0x000202A0, 0x00010000,    /* 0565  call base=L2 argc=2 nres=1 */
    0x00000241,                /* 0567  move L0 <- L2 */
    0x0001004E,                /* 0568  jnerr L0, +1 */
    0x00000003,                /* 0569  lnil L0 */
    0x00030242,                /* 056A  gget L2 <- g3   (_field) */
    0x00038041,                /* 056B  move L3 <- P0 */
    0x00040340,                /* 056C  i8 L4 <- 3 */
    0x000202A0, 0x00010000,    /* 056D  call base=L2 argc=2 nres=1 */
    0x00010241,                /* 056F  move L1 <- L2 */
    0x0001014E,                /* 0570  jnerr L1, +1 */
    0x00010003,                /* 0571  lnil L1 */
    0x00130246,                /* 0572  lconst L2 <- static#19   ("nil") */
    0x00030097, 0x00010002,    /* 0573  is L3 <- L1 is L2 */
    0x0006034B,                /* 0575  jf L3, +6 */
    0x001C0242,                /* 0576  gget L2 <- g28   (_store_unset) */
    0x00030041,                /* 0577  move L3 <- L0 */
    0x00048141,                /* 0578  move L4 <- P1 */
    0x000202A0, 0x00010000,    /* 0579  call base=L2 argc=2 nres=1 */
    0x00020102,                /* 057B  return L2 count=1 */
    0x00180242,                /* 057C  gget L2 <- g24   (_assign) */
    0x00030041,                /* 057D  move L3 <- L0 */
    0x00040182, 0x00030000,    /* 057E  list L4 <- L3, 1 items */
    0x00030441,                /* 0580  move L3 <- L4 */
    0x00040141,                /* 0581  move L4 <- L1 */
    0x00050182, 0x00040000,    /* 0582  list L5 <- L4, 1 items */
    0x00040541,                /* 0584  move L4 <- L5 */
    0x00058141,                /* 0585  move L5 <- P1 */
    0x000203A0, 0x00010000,    /* 0586  call base=L2 argc=3 nres=1 */
    0x00020102,                /* 0588  return L2 count=1 */
    0x00030542,                /* 0589  gget L5 <- g3   (_field) */
    0x00068041,                /* 058A  move L6 <- P0 */
    0x00070140,                /* 058B  i8 L7 <- 1 */
    0x000502A0, 0x00010000,    /* 058C  call base=L5 argc=2 nres=1 */
    0x00000541,                /* 058E  move L0 <- L5 */
    0x0001004E,                /* 058F  jnerr L0, +1 */
    0x00000003,                /* 0590  lnil L0 */
    0x00030542,                /* 0591  gget L5 <- g3   (_field) */
    0x00068041,                /* 0592  move L6 <- P0 */
    0x00070240,                /* 0593  i8 L7 <- 2 */
    0x000502A0, 0x00010000,    /* 0594  call base=L5 argc=2 nres=1 */
    0x00010541,                /* 0596  move L1 <- L5 */
    0x0001014E,                /* 0597  jnerr L1, +1 */
    0x00010003,                /* 0598  lnil L1 */
    0x00020082, 0x00050000,    /* 0599  list L2 <- L5, 0 items */
    0x00030041,                /* 059B  move L3 <- L0 */
    0x00090546,                /* 059C  lconst L5 <- static#9   ("pair") */
    0x00060097, 0x00030005,    /* 059D  is L6 <- L3 is L5 */
    0x0012064B,                /* 059F  jf L6, +18 */
    0x00360542,                /* 05A0  gget L5 <- g54   (car) */
    0x00060341,                /* 05A1  move L6 <- L3 */
    0x000501A0, 0x00010000,    /* 05A2  call base=L5 argc=1 nres=1 */
    0x00040541,                /* 05A4  move L4 <- L5 */
    0x00050241,                /* 05A5  move L5 <- L2 */
    0x00360642,                /* 05A6  gget L6 <- g54   (car) */
    0x00070441,                /* 05A7  move L7 <- L4 */
    0x000601A0, 0x00010000,    /* 05A8  call base=L6 argc=1 nres=1 */
    0x000501A2, 0x00000001,    /* 05AA  msg base=L5 argc=1 msg#0 nres=1   (append) */
    0x00350542,                /* 05AC  gget L5 <- g53   (cdr) */
    0x00060341,                /* 05AD  move L6 <- L3 */
    0x000501A0, 0x00010000,    /* 05AE  call base=L5 argc=1 nres=1 */
    0x00030541,                /* 05B0  move L3 <- L5 */
    0xFFEA004F,                /* 05B1  jmp -22 */
    0x00130546,                /* 05B2  lconst L5 <- static#19   ("nil") */
    0x00060097, 0x00010005,    /* 05B3  is L6 <- L1 is L5 */
    0x0006064B,                /* 05B5  jf L6, +6 */
    0x00120542,                /* 05B6  gget L5 <- g18   (_var_decl_unset) */
    0x00060241,                /* 05B7  move L6 <- L2 */
    0x00078141,                /* 05B8  move L7 <- P1 */
    0x000502A0, 0x00010000,    /* 05B9  call base=L5 argc=2 nres=1 */
    0x00050102,                /* 05BB  return L5 count=1 */
    0x00180542,                /* 05BC  gget L5 <- g24   (_assign) */
    0x00060241,                /* 05BD  move L6 <- L2 */
    0x00070141,                /* 05BE  move L7 <- L1 */
    0x00080182, 0x00070000,    /* 05BF  list L8 <- L7, 1 items */
    0x00070841,                /* 05C1  move L7 <- L8 */
    0x00088141,                /* 05C2  move L8 <- P1 */
    0x000503A0, 0x00010000,    /* 05C3  call base=L5 argc=3 nres=1 */
    0x00050102,                /* 05C5  return L5 count=1 */
    0x00030242,                /* 05C6  gget L2 <- g3   (_field) */
    0x00038041,                /* 05C7  move L3 <- P0 */
    0x00040140,                /* 05C8  i8 L4 <- 1 */
    0x000202A0, 0x00010000,    /* 05C9  call base=L2 argc=2 nres=1 */
    0x00000241,                /* 05CB  move L0 <- L2 */
    0x0001004E,                /* 05CC  jnerr L0, +1 */
    0x00000003,                /* 05CD  lnil L0 */
    0x00030242,                /* 05CE  gget L2 <- g3   (_field) */
    0x00038041,                /* 05CF  move L3 <- P0 */
    0x00040240,                /* 05D0  i8 L4 <- 2 */
    0x000202A0, 0x00010000,    /* 05D1  call base=L2 argc=2 nres=1 */
    0x00010241,                /* 05D3  move L1 <- L2 */
    0x0001014E,                /* 05D4  jnerr L1, +1 */
    0x00010003,                /* 05D5  lnil L1 */
    0x00180242,                /* 05D6  gget L2 <- g24   (_assign) */
    0x00030041,                /* 05D7  move L3 <- L0 */
    0x00040182, 0x00030000,    /* 05D8  list L4 <- L3, 1 items */
    0x00030441,                /* 05DA  move L3 <- L4 */
    0x00040141,                /* 05DB  move L4 <- L1 */
    0x00050182, 0x00040000,    /* 05DC  list L5 <- L4, 1 items */
    0x00040541,                /* 05DE  move L4 <- L5 */
    0x00058141,                /* 05DF  move L5 <- P1 */
    0x000203A0, 0x00010000,    /* 05E0  call base=L2 argc=3 nres=1 */
    0x00020102,                /* 05E2  return L2 count=1 */
    0x00030342,                /* 05E3  gget L3 <- g3   (_field) */
    0x00048041,                /* 05E4  move L4 <- P0 */
    0x00050140,                /* 05E5  i8 L5 <- 1 */
    0x000302A0, 0x00010000,    /* 05E6  call base=L3 argc=2 nres=1 */
    0x00000341,                /* 05E8  move L0 <- L3 */
    0x0001004E,                /* 05E9  jnerr L0, +1 */
    0x00000003,                /* 05EA  lnil L0 */
    0x00030342,                /* 05EB  gget L3 <- g3   (_field) */
    0x00048041,                /* 05EC  move L4 <- P0 */
    0x00050240,                /* 05ED  i8 L5 <- 2 */
    0x000302A0, 0x00010000,    /* 05EE  call base=L3 argc=2 nres=1 */
    0x00010341,                /* 05F0  move L1 <- L3 */
    0x0001014E,                /* 05F1  jnerr L1, +1 */
    0x00010003,                /* 05F2  lnil L1 */
    0x00090342,                /* 05F3  gget L3 <- g9   (target_name) */
    0x00040041,                /* 05F4  move L4 <- L0 */
    0x000301A0, 0x00010000,    /* 05F5  call base=L3 argc=1 nres=1 */
    0x00020341,                /* 05F7  move L2 <- L3 */
    0x000B0346,                /* 05F8  lconst L3 <- static#11   ("error") */
    0x00040097, 0x00020003,    /* 05F9  is L4 <- L2 is L3 */
    0x0001044B,                /* 05FB  jf L4, +1 */
    0x00020102,                /* 05FC  return L2 count=1 */
    0x001D0342,                /* 05FD  gget L3 <- g29   (_set_if_unset) */
    0x00040241,                /* 05FE  move L4 <- L2 */
    0x00050141,                /* 05FF  move L5 <- L1 */
    0x00068141,                /* 0600  move L6 <- P1 */
    0x000303A0, 0x00010000,    /* 0601  call base=L3 argc=3 nres=1 */
    0x00030102,                /* 0603  return L3 count=1 */
    0x00030342,                /* 0604  gget L3 <- g3   (_field) */
    0x00048041,                /* 0605  move L4 <- P0 */
    0x00050140,                /* 0606  i8 L5 <- 1 */
    0x000302A0, 0x00010000,    /* 0607  call base=L3 argc=2 nres=1 */
    0x00000341,                /* 0609  move L0 <- L3 */
    0x0001004E,                /* 060A  jnerr L0, +1 */
    0x00000003,                /* 060B  lnil L0 */
    0x00030342,                /* 060C  gget L3 <- g3   (_field) */
    0x00048041,                /* 060D  move L4 <- P0 */
    0x00050240,                /* 060E  i8 L5 <- 2 */
    0x000302A0, 0x00010000,    /* 060F  call base=L3 argc=2 nres=1 */
    0x00010341,                /* 0611  move L1 <- L3 */
    0x0001014E,                /* 0612  jnerr L1, +1 */
    0x00010003,                /* 0613  lnil L1 */
    0x00040342,                /* 0614  gget L3 <- g4   (_pairlist) */
    0x00040041,                /* 0615  move L4 <- L0 */
    0x000301A0, 0x00010000,    /* 0616  call base=L3 argc=1 nres=1 */
    0x00020341,                /* 0618  move L2 <- L3 */
    0x00180342,                /* 0619  gget L3 <- g24   (_assign) */
    0x00040241,                /* 061A  move L4 <- L2 */
    0x00050141,                /* 061B  move L5 <- L1 */
    0x00060182, 0x00050000,    /* 061C  list L6 <- L5, 1 items */
    0x00050641,                /* 061E  move L5 <- L6 */
    0x00068141,                /* 061F  move L6 <- P1 */
    0x000303A0, 0x00010000,    /* 0620  call base=L3 argc=3 nres=1 */
    0x00030102,                /* 0622  return L3 count=1 */
    0x003C0242,                /* 0623  gget L2 <- g60   (len) */
    0x00038141,                /* 0624  move L3 <- P1 */
    0x000201A0, 0x00010000,    /* 0625  call base=L2 argc=1 nres=1 */
    0x003C0342,                /* 0627  gget L3 <- g60   (len) */
    0x00048041,                /* 0628  move L4 <- P0 */
    0x000301A0, 0x00010000,    /* 0629  call base=L3 argc=1 nres=1 */
    0x0004008F, 0x00020003,    /* 062B  eq L4 <- L2 == L3 */
    0x0007044B,                /* 062D  jf L4, +7 */
    0x00190242,                /* 062E  gget L2 <- g25   (_assign_pairwise) */
    0x00038041,                /* 062F  move L3 <- P0 */
    0x00048141,                /* 0630  move L4 <- P1 */
    0x00058241,                /* 0631  move L5 <- P2 */
    0x000203A0, 0x00010000,    /* 0632  call base=L2 argc=3 nres=1 */
    0x00020102,                /* 0634  return L2 count=1 */
    0x003C0242,                /* 0635  gget L2 <- g60   (len) */
    0x00038141,                /* 0636  move L3 <- P1 */
    0x000201A0, 0x00010000,    /* 0637  call base=L2 argc=1 nres=1 */
    0x00030140,                /* 0639  i8 L3 <- 1 */
    0x00040090, 0x00020003,    /* 063A  ne L4 <- L2 != L3 */
    0x001B044B,                /* 063C  jf L4, +27 */
    0x00340242,                /* 063D  gget L2 <- g52   (error) */
    0x00400342,                /* 063E  gget L3 <- g64   (str) */
    0x003C0442,                /* 063F  gget L4 <- g60   (len) */
    0x00058041,                /* 0640  move L5 <- P0 */
    0x000401A0, 0x00010000,    /* 0641  call base=L4 argc=1 nres=1 */
    0x000301A0, 0x00010000,    /* 0643  call base=L3 argc=1 nres=1 */
    0x001E0446,                /* 0645  lconst L4 <- static#30   (" target(s) but ") */
    0x00050085, 0x00030004,    /* 0646  add L5 <- L3 + L4 */
    0x00400642,                /* 0648  gget L6 <- g64   (str) */
    0x003C0742,                /* 0649  gget L7 <- g60   (len) */
    0x00088141,                /* 064A  move L8 <- P1 */
    0x000701A0, 0x00010000,    /* 064B  call base=L7 argc=1 nres=1 */
    0x000601A0, 0x00010000,    /* 064D  call base=L6 argc=1 nres=1 */
    0x00070085, 0x00050006,    /* 064F  add L7 <- L5 + L6 */
    0x001F0846,                /* 0651  lconst L8 <- static#31   (" value(s)") */
    0x00090085, 0x00070008,    /* 0652  add L9 <- L7 + L8 */
    0x00030941,                /* 0654  move L3 <- L9 */
    0x000201A0, 0x00010000,    /* 0655  call base=L2 argc=1 nres=1 */
    0x00020102,                /* 0657  return L2 count=1 */
    0x00020040,                /* 0658  i8 L2 <- 0 */
    0x00000098, 0x80010002,    /* 0659  getidx L0 <- P1[L2] */
    0x003D0242,                /* 065B  gget L2 <- g61   (node_kind) */
    0x00030041,                /* 065C  move L3 <- L0 */
    0x000201A0, 0x00010000,    /* 065D  call base=L2 argc=1 nres=1 */
    0x00220345,                /* 065F  lsym L3 <- sym#34   ("call") */
    0x0004008F, 0x00020003,    /* 0660  eq L4 <- L2 == L3 */
    0x0007044B,                /* 0662  jf L4, +7 */
    0x001A0242,                /* 0663  gget L2 <- g26   (_assign_from_call) */
    0x00038041,                /* 0664  move L3 <- P0 */
    0x00040041,                /* 0665  move L4 <- L0 */
    0x00058241,                /* 0666  move L5 <- P2 */
    0x000203A0, 0x00010000,    /* 0667  call base=L2 argc=3 nres=1 */
    0x00020102,                /* 0669  return L2 count=1 */
    0x003D0242,                /* 066A  gget L2 <- g61   (node_kind) */
    0x00030041,                /* 066B  move L3 <- L0 */
    0x000201A0, 0x00010000,    /* 066C  call base=L2 argc=1 nres=1 */
    0x00230345,                /* 066E  lsym L3 <- sym#35   ("tuple") */
    0x0004008F, 0x00020003,    /* 066F  eq L4 <- L2 == L3 */
    0x001E044B,                /* 0671  jf L4, +30 */
    0x00040242,                /* 0672  gget L2 <- g4   (_pairlist) */
    0x00020442,                /* 0673  gget L4 <- g2   (_tail) */
    0x00050041,                /* 0674  move L5 <- L0 */
    0x00060140,                /* 0675  i8 L6 <- 1 */
    0x000402A0, 0x00010000,    /* 0676  call base=L4 argc=2 nres=1 */
    0x00030441,                /* 0678  move L3 <- L4 */
    0x0001034E,                /* 0679  jnerr L3, +1 */
    0x00030003,                /* 067A  lnil L3 */
    0x000201A0, 0x00010000,    /* 067B  call base=L2 argc=1 nres=1 */
    0x00010241,                /* 067D  move L1 <- L2 */
    0x003C0242,                /* 067E  gget L2 <- g60   (len) */
    0x00030141,                /* 067F  move L3 <- L1 */
    0x000201A0, 0x00010000,    /* 0680  call base=L2 argc=1 nres=1 */
    0x003C0342,                /* 0682  gget L3 <- g60   (len) */
    0x00048041,                /* 0683  move L4 <- P0 */
    0x000301A0, 0x00010000,    /* 0684  call base=L3 argc=1 nres=1 */
    0x0004008F, 0x00020003,    /* 0686  eq L4 <- L2 == L3 */
    0x0007044B,                /* 0688  jf L4, +7 */
    0x00190242,                /* 0689  gget L2 <- g25   (_assign_pairwise) */
    0x00038041,                /* 068A  move L3 <- P0 */
    0x00040141,                /* 068B  move L4 <- L1 */
    0x00058241,                /* 068C  move L5 <- P2 */
    0x000203A0, 0x00010000,    /* 068D  call base=L2 argc=3 nres=1 */
    0x00020102,                /* 068F  return L2 count=1 */
    0x001B0242,                /* 0690  gget L2 <- g27   (_assign_by_unpacking) */
    0x00038041,                /* 0691  move L3 <- P0 */
    0x00040041,                /* 0692  move L4 <- L0 */
    0x00058241,                /* 0693  move L5 <- P2 */
    0x000203A0, 0x00010000,    /* 0694  call base=L2 argc=3 nres=1 */
    0x00020102,                /* 0696  return L2 count=1 */
    0x003C0842,                /* 0697  gget L8 <- g60   (len) */
    0x00098041,                /* 0698  move L9 <- P0 */
    0x000801A0, 0x00010000,    /* 0699  call base=L8 argc=1 nres=1 */
    0x00090140,                /* 069B  i8 L9 <- 1 */
    0x000A008F, 0x00080009,    /* 069C  eq L10 <- L8 == L9 */
    0x000D0A4B,                /* 069E  jf L10, +13 */
    0x000A0842,                /* 069F  gget L8 <- g10   (store_target) */
    0x00090040,                /* 06A0  i8 L9 <- 0 */
    0x000A0098, 0x80000009,    /* 06A1  getidx L10 <- P0[L9] */
    0x00090A41,                /* 06A3  move L9 <- L10 */
    0x000A0040,                /* 06A4  i8 L10 <- 0 */
    0x000B0098, 0x8001000A,    /* 06A5  getidx L11 <- P1[L10] */
    0x000A0B41,                /* 06A7  move L10 <- L11 */
    0x000B8241,                /* 06A8  move L11 <- P2 */
    0x000803A0, 0x00010000,    /* 06A9  call base=L8 argc=3 nres=1 */
    0x00080102,                /* 06AB  return L8 count=1 */
    0x00088241,                /* 06AC  move L8 <- P2 */
    0x000800A2, 0x00030001,    /* 06AD  msg base=L8 argc=0 msg#3 nres=1   (mark) */
    0x00000841,                /* 06AF  move L0 <- L8 */
    0x00010082, 0x00080000,    /* 06B0  list L1 <- L8, 0 items */
    0x000800AE, 0x80010000,    /* 06B2  iter L8 <- P1 */
    0x000400AF, 0x0008001A,    /* 06B4  itnext L4 <- L8, done +26 */
    0x00098241,                /* 06B6  move L9 <- P2 */
    0x000900A2, 0x00060001,    /* 06B7  msg base=L9 argc=0 msg#6 nres=1   (push) */
    0x00050941,                /* 06B9  move L5 <- L9 */
    0x000B0946,                /* 06BA  lconst L9 <- static#11   ("error") */
    0x000A0097, 0x00050009,    /* 06BB  is L10 <- L5 is L9 */
    0x00010A4B,                /* 06BD  jf L10, +1 */
    0x00050102,                /* 06BE  return L5 count=1 */
    0x003F0942,                /* 06BF  gget L9 <- g63   (compile_expr) */
    0x000A0441,                /* 06C0  move L10 <- L4 */
    0x000B8241,                /* 06C1  move L11 <- P2 */
    0x000C0541,                /* 06C2  move L12 <- L5 */
    0x000903A0, 0x00010000,    /* 06C3  call base=L9 argc=3 nres=1 */
    0x00060941,                /* 06C5  move L6 <- L9 */
    0x000B0946,                /* 06C6  lconst L9 <- static#11   ("error") */
    0x000A0097, 0x00060009,    /* 06C7  is L10 <- L6 is L9 */
    0x00010A4B,                /* 06C9  jf L10, +1 */
    0x00060102,                /* 06CA  return L6 count=1 */
    0x00090141,                /* 06CB  move L9 <- L1 */
    0x000A0541,                /* 06CC  move L10 <- L5 */
    0x000901A2, 0x00000001,    /* 06CD  msg base=L9 argc=1 msg#0 nres=1   (append) */
    0xFFE4004F,                /* 06CF  jmp -28 */
    0x00020040,                /* 06D0  i8 L2 <- 0 */
    0x003C0842,                /* 06D1  gget L8 <- g60   (len) */
    0x00098041,                /* 06D2  move L9 <- P0 */
    0x000801A0, 0x00010000,    /* 06D3  call base=L8 argc=1 nres=1 */
    0x00030841,                /* 06D5  move L3 <- L8 */
    0x00080091, 0x00020003,    /* 06D6  lt L8 <- L2 < L3 */
    0x0012084B,                /* 06D8  jf L8, +18 */
    0x000B0842,                /* 06D9  gget L8 <- g11   (store_target_reg) */
    0x00090098, 0x80000002,    /* 06DA  getidx L9 <- P0[L2] */
    0x000A0098, 0x00010002,    /* 06DC  getidx L10 <- L1[L2] */
    0x000B8241,                /* 06DE  move L11 <- P2 */
    0x000803A0, 0x00010000,    /* 06DF  call base=L8 argc=3 nres=1 */
    0x00070841,                /* 06E1  move L7 <- L8 */
    0x000B0846,                /* 06E2  lconst L8 <- static#11   ("error") */
    0x00090097, 0x00070008,    /* 06E3  is L9 <- L7 is L8 */
    0x0001094B,                /* 06E5  jf L9, +1 */
    0x00070102,                /* 06E6  return L7 count=1 */
    0x00080140,                /* 06E7  i8 L8 <- 1 */
    0x00020085, 0x00020008,    /* 06E8  add L2 <- L2 + L8 */
    0xFFEB004F,                /* 06EA  jmp -21 */
    0x00088241,                /* 06EB  move L8 <- P2 */
    0x00090041,                /* 06EC  move L9 <- L0 */
    0x000801A2, 0x00040001,    /* 06ED  msg base=L8 argc=1 msg#4 nres=1   (free_to) */
    0x00080102,                /* 06EF  return L8 count=1 */
    0x00058241,                /* 06F0  move L5 <- P2 */
    0x000500A2, 0x00030001,    /* 06F1  msg base=L5 argc=0 msg#3 nres=1   (mark) */
    0x00000541,                /* 06F3  move L0 <- L5 */
    0x00410542,                /* 06F4  gget L5 <- g65   (compile_call) */
    0x00068141,                /* 06F5  move L6 <- P1 */
    0x00078241,                /* 06F6  move L7 <- P2 */
    0x003C0842,                /* 06F7  gget L8 <- g60   (len) */
    0x00098041,                /* 06F8  move L9 <- P0 */
    0x000801A0, 0x00010000,    /* 06F9  call base=L8 argc=1 nres=1 */
    0x000503A0, 0x00010000,    /* 06FB  call base=L5 argc=3 nres=1 */
    0x00010541,                /* 06FD  move L1 <- L5 */
    0x000B0546,                /* 06FE  lconst L5 <- static#11   ("error") */
    0x00060097, 0x00010005,    /* 06FF  is L6 <- L1 is L5 */
    0x0001064B,                /* 0701  jf L6, +1 */
    0x00010102,                /* 0702  return L1 count=1 */
    0x00020040,                /* 0703  i8 L2 <- 0 */
    0x003C0542,                /* 0704  gget L5 <- g60   (len) */
    0x00068041,                /* 0705  move L6 <- P0 */
    0x000501A0, 0x00010000,    /* 0706  call base=L5 argc=1 nres=1 */
    0x00030541,                /* 0708  move L3 <- L5 */
    0x00050091, 0x00020003,    /* 0709  lt L5 <- L2 < L3 */
    0x0015054B,                /* 070B  jf L5, +21 */
    0x000B0542,                /* 070C  gget L5 <- g11   (store_target_reg) */
    0x00060098, 0x80000002,    /* 070D  getidx L6 <- P0[L2] */
    0x00420742,                /* 070F  gget L7 <- g66   (L) */
    0x00080085, 0x00000002,    /* 0710  add L8 <- L0 + L2 */
    0x000701A0, 0x00010000,    /* 0712  call base=L7 argc=1 nres=1 */
    0x00088241,                /* 0714  move L8 <- P2 */
    0x000503A0, 0x00010000,    /* 0715  call base=L5 argc=3 nres=1 */
    0x00040541,                /* 0717  move L4 <- L5 */
    0x000B0546,                /* 0718  lconst L5 <- static#11   ("error") */
    0x00060097, 0x00040005,    /* 0719  is L6 <- L4 is L5 */
    0x0001064B,                /* 071B  jf L6, +1 */
    0x00040102,                /* 071C  return L4 count=1 */
    0x00050140,                /* 071D  i8 L5 <- 1 */
    0x00020085, 0x00020005,    /* 071E  add L2 <- L2 + L5 */
    0xFFE8004F,                /* 0720  jmp -24 */
    0x00058241,                /* 0721  move L5 <- P2 */
    0x00060041,                /* 0722  move L6 <- L0 */
    0x000501A2, 0x00040001,    /* 0723  msg base=L5 argc=1 msg#4 nres=1   (free_to) */
    0x00050102,                /* 0725  return L5 count=1 */
    0x00088241,                /* 0726  move L8 <- P2 */
    0x000800A2, 0x00030001,    /* 0727  msg base=L8 argc=0 msg#3 nres=1   (mark) */
    0x00000841,                /* 0729  move L0 <- L8 */
    0x003F0842,                /* 072A  gget L8 <- g63   (compile_expr) */
    0x00098141,                /* 072B  move L9 <- P1 */
    0x000A8241,                /* 072C  move L10 <- P2 */
    0x000B0003,                /* 072D  lnil L11 */
    0x000803A0, 0x00010000,    /* 072E  call base=L8 argc=3 nres=1 */
    0x00010841,                /* 0730  move L1 <- L8 */
    0x000B0846,                /* 0731  lconst L8 <- static#11   ("error") */
    0x00090097, 0x00010008,    /* 0732  is L9 <- L1 is L8 */
    0x0001094B,                /* 0734  jf L9, +1 */
    0x00010102,                /* 0735  return L1 count=1 */
    0x00088241,                /* 0736  move L8 <- P2 */
    0x000800A2, 0x00030001,    /* 0737  msg base=L8 argc=0 msg#3 nres=1   (mark) */
    0x00020841,                /* 0739  move L2 <- L8 */
    0x003C0842,                /* 073A  gget L8 <- g60   (len) */
    0x00098041,                /* 073B  move L9 <- P0 */
    0x000801A0, 0x00010000,    /* 073C  call base=L8 argc=1 nres=1 */
    0x00030841,                /* 073E  move L3 <- L8 */
    0x00040040,                /* 073F  i8 L4 <- 0 */
    0x00080091, 0x00040003,    /* 0740  lt L8 <- L4 < L3 */
    0x000D084B,                /* 0742  jf L8, +13 */
    0x00088241,                /* 0743  move L8 <- P2 */
    0x000800A2, 0x00060001,    /* 0744  msg base=L8 argc=0 msg#6 nres=1   (push) */
    0x00060841,                /* 0746  move L6 <- L8 */
    0x000B0846,                /* 0747  lconst L8 <- static#11   ("error") */
    0x00090097, 0x00060008,    /* 0748  is L9 <- L6 is L8 */
    0x0001094B,                /* 074A  jf L9, +1 */
    0x00060102,                /* 074B  return L6 count=1 */
    0x00080140,                /* 074C  i8 L8 <- 1 */
    0x00040085, 0x00040008,    /* 074D  add L4 <- L4 + L8 */
    0xFFF0004F,                /* 074F  jmp -16 */
    0x00050842,                /* 0750  gget L8 <- g5   (_emit_pack) */
    0x000B8241,                /* 0751  move L11 <- P2 */
    0x00240C45,                /* 0752  lsym L12 <- sym#36   ("unpack") */
    0x000D0281, 0x000B0000,    /* 0753  tuple L13 <- L11, 2 items */
    0x00090D41,                /* 0755  move L9 <- L13 */
    0x000F0B46,                /* 0756  lconst L11 <- static#15   ("a0") */
    0x00420C42,                /* 0757  gget L12 <- g66   (L) */
    0x000D0241,                /* 0758  move L13 <- L2 */
    0x000C01A0, 0x00010000,    /* 0759  call base=L12 argc=1 nres=1 */
    0x00100D46,                /* 075B  lconst L13 <- static#16   ("a1") */
    0x000E0141,                /* 075C  move L14 <- L1 */
    0x000E0F46,                /* 075D  lconst L15 <- static#14   ("f") */
    0x00100341,                /* 075E  move L16 <- L3 */
    0x00110383, 0x000B0000,    /* 075F  dict L17 <- L11, 3 pairs */
    0x000A1141,                /* 0761  move L10 <- L17 */
    0x000800A1, 0x00010000,    /* 0762  call_va base=L8 nres=1 */
    0x00050841,                /* 0764  move L5 <- L8 */
    0x000B0846,                /* 0765  lconst L8 <- static#11   ("error") */
    0x00090097, 0x00050008,    /* 0766  is L9 <- L5 is L8 */
    0x0001094B,                /* 0768  jf L9, +1 */
    0x00050102,                /* 0769  return L5 count=1 */
    0x00040040,                /* 076A  i8 L4 <- 0 */
    0x00080091, 0x00040003,    /* 076B  lt L8 <- L4 < L3 */
    0x0015084B,                /* 076D  jf L8, +21 */
    0x000B0842,                /* 076E  gget L8 <- g11   (store_target_reg) */
    0x00090098, 0x80000004,    /* 076F  getidx L9 <- P0[L4] */
    0x00420A42,                /* 0771  gget L10 <- g66   (L) */
    0x000B0085, 0x00020004,    /* 0772  add L11 <- L2 + L4 */
    0x000A01A0, 0x00010000,    /* 0774  call base=L10 argc=1 nres=1 */
    0x000B8241,                /* 0776  move L11 <- P2 */
    0x000803A0, 0x00010000,    /* 0777  call base=L8 argc=3 nres=1 */
    0x00070841,                /* 0779  move L7 <- L8 */
    0x000B0846,                /* 077A  lconst L8 <- static#11   ("error") */
    0x00090097, 0x00070008,    /* 077B  is L9 <- L7 is L8 */
    0x0001094B,                /* 077D  jf L9, +1 */
    0x00070102,                /* 077E  return L7 count=1 */
    0x00080140,                /* 077F  i8 L8 <- 1 */
    0x00040085, 0x00040008,    /* 0780  add L4 <- L4 + L8 */
    0xFFE8004F,                /* 0782  jmp -24 */
    0x00088241,                /* 0783  move L8 <- P2 */
    0x00090041,                /* 0784  move L9 <- L0 */
    0x000801A2, 0x00040001,    /* 0785  msg base=L8 argc=1 msg#4 nres=1   (free_to) */
    0x00080102,                /* 0787  return L8 count=1 */
    0x00110742,                /* 0788  gget L7 <- g17   (_storage) */
    0x00088041,                /* 0789  move L8 <- P0 */
    0x00098141,                /* 078A  move L9 <- P1 */
    0x000702A0, 0x00010000,    /* 078B  call base=L7 argc=2 nres=1 */
    0x00000741,                /* 078D  move L0 <- L7 */
    0x000B0746,                /* 078E  lconst L7 <- static#11   ("error") */
    0x00080097, 0x00000007,    /* 078F  is L8 <- L0 is L7 */
    0x0001084B,                /* 0791  jf L8, +1 */
    0x00000102,                /* 0792  return L0 count=1 */
    0x00070040,                /* 0793  i8 L7 <- 0 */
    0x00010098, 0x00000007,    /* 0794  getidx L1 <- L0[L7] */
    0x00070140,                /* 0796  i8 L7 <- 1 */
    0x00020098, 0x00000007,    /* 0797  getidx L2 <- L0[L7] */
    0x00190846,                /* 0799  lconst L8 <- static#25   ("reg") */
    0x0007008F, 0x00010008,    /* 079A  eq L7 <- L1 == L8 */
    0x0005074B,                /* 079C  jf L7, +5 */
    0x0008009A, 0x8001001C,    /* 079D  getattr L8 <- P1.sym#28   ("cells") */
    0x00090096, 0x80000008,    /* 079F  in L9 <- P0 in L8 */
    0x0007094A,                /* 07A1  not L7 <- L9 */
    0x000E074B,                /* 07A2  jf L7, +14 */
    0x00050742,                /* 07A3  gget L7 <- g5   (_emit_pack) */
    0x000A8141,                /* 07A4  move L10 <- P1 */
    0x00250B45,                /* 07A5  lsym L11 <- sym#37   ("lunset") */
    0x000C0281, 0x000A0000,    /* 07A6  tuple L12 <- L10, 2 items */
    0x00080C41,                /* 07A8  move L8 <- L12 */
    0x000F0A46,                /* 07A9  lconst L10 <- static#15   ("a0") */
    0x000B0241,                /* 07AA  move L11 <- L2 */
    0x000C0183, 0x000A0000,    /* 07AB  dict L12 <- L10, 1 pairs */
    0x00090C41,                /* 07AD  move L9 <- L12 */
    0x000700A1, 0x00010000,    /* 07AE  call_va base=L7 nres=1 */
    0x00070102,                /* 07B0  return L7 count=1 */
    0x00078141,                /* 07B1  move L7 <- P1 */
    0x000700A2, 0x00030001,    /* 07B2  msg base=L7 argc=0 msg#3 nres=1   (mark) */
    0x00030741,                /* 07B4  move L3 <- L7 */
    0x00078141,                /* 07B5  move L7 <- P1 */
    0x000700A2, 0x00060001,    /* 07B6  msg base=L7 argc=0 msg#6 nres=1   (push) */
    0x00040741,                /* 07B8  move L4 <- L7 */
    0x000B0746,                /* 07B9  lconst L7 <- static#11   ("error") */
    0x00080097, 0x00040007,    /* 07BA  is L8 <- L4 is L7 */
    0x0001084B,                /* 07BC  jf L8, +1 */
    0x00040102,                /* 07BD  return L4 count=1 */
    0x00050742,                /* 07BE  gget L7 <- g5   (_emit_pack) */
    0x000A8141,                /* 07BF  move L10 <- P1 */
    0x00250B45,                /* 07C0  lsym L11 <- sym#37   ("lunset") */
    0x000C0281, 0x000A0000,    /* 07C1  tuple L12 <- L10, 2 items */
    0x00080C41,                /* 07C3  move L8 <- L12 */
    0x000F0A46,                /* 07C4  lconst L10 <- static#15   ("a0") */
    0x000B0441,                /* 07C5  move L11 <- L4 */
    0x000C0183, 0x000A0000,    /* 07C6  dict L12 <- L10, 1 pairs */
    0x00090C41,                /* 07C8  move L9 <- L12 */
    0x000700A1, 0x00010000,    /* 07C9  call_va base=L7 nres=1 */
    0x00050741,                /* 07CB  move L5 <- L7 */
    0x000B0746,                /* 07CC  lconst L7 <- static#11   ("error") */
    0x00080097, 0x00050007,    /* 07CD  is L8 <- L5 is L7 */
    0x0001084B,                /* 07CF  jf L8, +1 */
    0x00050102,                /* 07D0  return L5 count=1 */
    0x00100742,                /* 07D1  gget L7 <- g16   (store_reg) */
    0x00088041,                /* 07D2  move L8 <- P0 */
    0x00090441,                /* 07D3  move L9 <- L4 */
    0x000A8141,                /* 07D4  move L10 <- P1 */
    0x000703A0, 0x00010000,    /* 07D5  call base=L7 argc=3 nres=1 */
    0x00060741,                /* 07D7  move L6 <- L7 */
    0x000B0746,                /* 07D8  lconst L7 <- static#11   ("error") */
    0x00080097, 0x00060007,    /* 07D9  is L8 <- L6 is L7 */
    0x0001084B,                /* 07DB  jf L8, +1 */
    0x00060102,                /* 07DC  return L6 count=1 */
    0x00078141,                /* 07DD  move L7 <- P1 */
    0x00080341,                /* 07DE  move L8 <- L3 */
    0x000701A2, 0x00040001,    /* 07DF  msg base=L7 argc=1 msg#4 nres=1   (free_to) */
    0x00070102,                /* 07E1  return L7 count=1 */
    0x00111F42,                /* 07E2  gget L31 <- g17   (_storage) */
    0x00208041,                /* 07E3  move L32 <- P0 */
    0x00218241,                /* 07E4  move L33 <- P2 */
    0x001F02A0, 0x00010000,    /* 07E5  call base=L31 argc=2 nres=1 */
    0x00001F41,                /* 07E7  move L0 <- L31 */
    0x000B1F46,                /* 07E8  lconst L31 <- static#11   ("error") */
    0x00200097, 0x0000001F,    /* 07E9  is L32 <- L0 is L31 */
    0x0001204B,                /* 07EB  jf L32, +1 */
    0x00000102,                /* 07EC  return L0 count=1 */
    0x001F0040,                /* 07ED  i8 L31 <- 0 */
    0x00010098, 0x0000001F,    /* 07EE  getidx L1 <- L0[L31] */
    0x001F0140,                /* 07F0  i8 L31 <- 1 */
    0x00020098, 0x0000001F,    /* 07F1  getidx L2 <- L0[L31] */
    0x001F8241,                /* 07F3  move L31 <- P2 */
    0x001F00A2, 0x000B0001,    /* 07F4  msg base=L31 argc=0 msg#11 nres=1   (new_label) */
    0x00031F41,                /* 07F6  move L3 <- L31 */
    0x00192046,                /* 07F7  lconst L32 <- static#25   ("reg") */
    0x001F008F, 0x00010020,    /* 07F8  eq L31 <- L1 == L32 */
    0x00051F4B,                /* 07FA  jf L31, +5 */
    0x0020009A, 0x8002001C,    /* 07FB  getattr L32 <- P2.sym#28   ("cells") */
    0x00210096, 0x80000020,    /* 07FD  in L33 <- P0 in L32 */
    0x001F214A,                /* 07FF  not L31 <- L33 */
    0x00271F4B,                /* 0800  jf L31, +39 */
    0x001F8241,                /* 0801  move L31 <- P2 */
    0x00282045,                /* 0802  lsym L32 <- sym#40   ("jnerr") */
    0x00210341,                /* 0803  move L33 <- L3 */
    0x00220241,                /* 0804  move L34 <- L2 */
    0x001F03A2, 0x000C0001,    /* 0805  msg base=L31 argc=3 msg#12 nres=1   (emit_jump) */
    0x000C1F41,                /* 0807  move L12 <- L31 */
    0x000B1F46,                /* 0808  lconst L31 <- static#11   ("error") */
    0x00200097, 0x000C001F,    /* 0809  is L32 <- L12 is L31 */
    0x0001204B,                /* 080B  jf L32, +1 */
    0x000C0102,                /* 080C  return L12 count=1 */
    0x001F8241,                /* 080D  move L31 <- P2 */
    0x001F00A2, 0x00030001,    /* 080E  msg base=L31 argc=0 msg#3 nres=1   (mark) */
    0x000D1F41,                /* 0810  move L13 <- L31 */
    0x003F1F42,                /* 0811  gget L31 <- g63   (compile_expr) */
    0x00208141,                /* 0812  move L32 <- P1 */
    0x00218241,                /* 0813  move L33 <- P2 */
    0x00220241,                /* 0814  move L34 <- L2 */
    0x001F03A0, 0x00010000,    /* 0815  call base=L31 argc=3 nres=1 */
    0x000E1F41,                /* 0817  move L14 <- L31 */
    0x000B1F46,                /* 0818  lconst L31 <- static#11   ("error") */
    0x00200097, 0x000E001F,    /* 0819  is L32 <- L14 is L31 */
    0x0001204B,                /* 081B  jf L32, +1 */
    0x000E0102,                /* 081C  return L14 count=1 */
    0x001F8241,                /* 081D  move L31 <- P2 */
    0x00200D41,                /* 081E  move L32 <- L13 */
    0x001F01A2, 0x00040001,    /* 081F  msg base=L31 argc=1 msg#4 nres=1   (free_to) */
    0x000F1F41,                /* 0821  move L15 <- L31 */
    0x000B1F46,                /* 0822  lconst L31 <- static#11   ("error") */
    0x00200097, 0x000F001F,    /* 0823  is L32 <- L15 is L31 */
    0x0001204B,                /* 0825  jf L32, +1 */
    0x000F0102,                /* 0826  return L15 count=1 */
    0x00B4004F,                /* 0827  jmp +180 */
    0x00191F46,                /* 0828  lconst L31 <- static#25   ("reg") */
    0x0020008F, 0x0001001F,    /* 0829  eq L32 <- L1 == L31 */
    0x0067204B,                /* 082B  jf L32, +103 */
    0x001F8241,                /* 082C  move L31 <- P2 */
    0x001F00A2, 0x00030001,    /* 082D  msg base=L31 argc=0 msg#3 nres=1   (mark) */
    0x00101F41,                /* 082F  move L16 <- L31 */
    0x001F8241,                /* 0830  move L31 <- P2 */
    0x001F00A2, 0x00060001,    /* 0831  msg base=L31 argc=0 msg#6 nres=1   (push) */
    0x00111F41,                /* 0833  move L17 <- L31 */
    0x000B1F46,                /* 0834  lconst L31 <- static#11   ("error") */
    0x00200097, 0x0011001F,    /* 0835  is L32 <- L17 is L31 */
    0x0001204B,                /* 0837  jf L32, +1 */
    0x00110102,                /* 0838  return L17 count=1 */
    0x001F8241,                /* 0839  move L31 <- P2 */
    0x001F00A2, 0x00090001,    /* 083A  msg base=L31 argc=0 msg#9 nres=1   (zero) */
    0x00121F41,                /* 083C  move L18 <- L31 */
    0x000B1F46,                /* 083D  lconst L31 <- static#11   ("error") */
    0x00200097, 0x0012001F,    /* 083E  is L32 <- L18 is L31 */
    0x0001204B,                /* 0840  jf L32, +1 */
    0x00120102,                /* 0841  return L18 count=1 */
    0x00051F42,                /* 0842  gget L31 <- g5   (_emit_pack) */
    0x00228241,                /* 0843  move L34 <- P2 */
    0x001B2345,                /* 0844  lsym L35 <- sym#27   ("getidx") */
    0x00240281, 0x00220000,    /* 0845  tuple L36 <- L34, 2 items */
    0x00202441,                /* 0847  move L32 <- L36 */
    0x000F2246,                /* 0848  lconst L34 <- static#15   ("a0") */
    0x00231141,                /* 0849  move L35 <- L17 */
    0x00102446,                /* 084A  lconst L36 <- static#16   ("a1") */
    0x00250241,                /* 084B  move L37 <- L2 */
    0x00112646,                /* 084C  lconst L38 <- static#17   ("a2") */
    0x00271241,                /* 084D  move L39 <- L18 */
    0x00280383, 0x00220000,    /* 084E  dict L40 <- L34, 3 pairs */
    0x00212841,                /* 0850  move L33 <- L40 */
    0x001F00A1, 0x00010000,    /* 0851  call_va base=L31 nres=1 */
    0x00131F41,                /* 0853  move L19 <- L31 */
    0x000B1F46,                /* 0854  lconst L31 <- static#11   ("error") */
    0x00200097, 0x0013001F,    /* 0855  is L32 <- L19 is L31 */
    0x0001204B,                /* 0857  jf L32, +1 */
    0x00130102,                /* 0858  return L19 count=1 */
    0x001F8241,                /* 0859  move L31 <- P2 */
    0x00282045,                /* 085A  lsym L32 <- sym#40   ("jnerr") */
    0x00210341,                /* 085B  move L33 <- L3 */
    0x00221141,                /* 085C  move L34 <- L17 */
    0x001F03A2, 0x000C0001,    /* 085D  msg base=L31 argc=3 msg#12 nres=1   (emit_jump) */
    0x00141F41,                /* 085F  move L20 <- L31 */
    0x000B1F46,                /* 0860  lconst L31 <- static#11   ("error") */
    0x00200097, 0x0014001F,    /* 0861  is L32 <- L20 is L31 */
    0x0001204B,                /* 0863  jf L32, +1 */
    0x00140102,                /* 0864  return L20 count=1 */
    0x003F1F42,                /* 0865  gget L31 <- g63   (compile_expr) */
    0x00208141,                /* 0866  move L32 <- P1 */
    0x00218241,                /* 0867  move L33 <- P2 */
    0x00221141,                /* 0868  move L34 <- L17 */
    0x001F03A0, 0x00010000,    /* 0869  call base=L31 argc=3 nres=1 */
    0x00151F41,                /* 086B  move L21 <- L31 */
    0x000B1F46,                /* 086C  lconst L31 <- static#11   ("error") */
    0x00200097, 0x0015001F,    /* 086D  is L32 <- L21 is L31 */
    0x0001204B,                /* 086F  jf L32, +1 */
    0x00150102,                /* 0870  return L21 count=1 */
    0x00051F42,                /* 0871  gget L31 <- g5   (_emit_pack) */
    0x00228241,                /* 0872  move L34 <- P2 */
    0x00132345,                /* 0873  lsym L35 <- sym#19   ("setidx") */
    0x00240281, 0x00220000,    /* 0874  tuple L36 <- L34, 2 items */
    0x00202441,                /* 0876  move L32 <- L36 */
    0x000F2246,                /* 0877  lconst L34 <- static#15   ("a0") */
    0x00230241,                /* 0878  move L35 <- L2 */
    0x00102446,                /* 0879  lconst L36 <- static#16   ("a1") */
    0x00251241,                /* 087A  move L37 <- L18 */
    0x00112646,                /* 087B  lconst L38 <- static#17   ("a2") */
    0x00271141,                /* 087C  move L39 <- L17 */
    0x00280383, 0x00220000,    /* 087D  dict L40 <- L34, 3 pairs */
    0x00212841,                /* 087F  move L33 <- L40 */
    0x001F00A1, 0x00010000,    /* 0880  call_va base=L31 nres=1 */
    0x00161F41,                /* 0882  move L22 <- L31 */
    0x000B1F46,                /* 0883  lconst L31 <- static#11   ("error") */
    0x00200097, 0x0016001F,    /* 0884  is L32 <- L22 is L31 */
    0x0001204B,                /* 0886  jf L32, +1 */
    0x00160102,                /* 0887  return L22 count=1 */
    0x001F8241,                /* 0888  move L31 <- P2 */
    0x00201041,                /* 0889  move L32 <- L16 */
    0x001F01A2, 0x00040001,    /* 088A  msg base=L31 argc=1 msg#4 nres=1   (free_to) */
    0x00171F41,                /* 088C  move L23 <- L31 */
    0x000B1F46,                /* 088D  lconst L31 <- static#11   ("error") */
    0x00200097, 0x0017001F,    /* 088E  is L32 <- L23 is L31 */
    0x0001204B,                /* 0890  jf L32, +1 */
    0x00170102,                /* 0891  return L23 count=1 */
    0x0049004F,                /* 0892  jmp +73 */
    0x001F8241,                /* 0893  move L31 <- P2 */
    0x001F00A2, 0x00030001,    /* 0894  msg base=L31 argc=0 msg#3 nres=1   (mark) */
    0x00181F41,                /* 0896  move L24 <- L31 */
    0x001F8241,                /* 0897  move L31 <- P2 */
    0x001F00A2, 0x00060001,    /* 0898  msg base=L31 argc=0 msg#6 nres=1   (push) */
    0x00191F41,                /* 089A  move L25 <- L31 */
    0x000B1F46,                /* 089B  lconst L31 <- static#11   ("error") */
    0x00200097, 0x0019001F,    /* 089C  is L32 <- L25 is L31 */
    0x0001204B,                /* 089E  jf L32, +1 */
    0x00190102,                /* 089F  return L25 count=1 */
    0x00061F42,                /* 08A0  gget L31 <- g6   (_emit_pairable) */
    0x00208241,                /* 08A1  move L32 <- P2 */
    0x00292145,                /* 08A2  lsym L33 <- sym#41   ("gget") */
    0x00220241,                /* 08A3  move L34 <- L2 */
    0x00231941,                /* 08A4  move L35 <- L25 */
    0x001F04A0, 0x00010000,    /* 08A5  call base=L31 argc=4 nres=1 */
    0x001A1F41,                /* 08A7  move L26 <- L31 */
    0x000B1F46,                /* 08A8  lconst L31 <- static#11   ("error") */
    0x00200097, 0x001A001F,    /* 08A9  is L32 <- L26 is L31 */
    0x0001204B,                /* 08AB  jf L32, +1 */
    0x001A0102,                /* 08AC  return L26 count=1 */
    0x001F8241,                /* 08AD  move L31 <- P2 */
    0x00282045,                /* 08AE  lsym L32 <- sym#40   ("jnerr") */
    0x00210341,                /* 08AF  move L33 <- L3 */
    0x00221941,                /* 08B0  move L34 <- L25 */
    0x001F03A2, 0x000C0001,    /* 08B1  msg base=L31 argc=3 msg#12 nres=1   (emit_jump) */
    0x001B1F41,                /* 08B3  move L27 <- L31 */
    0x000B1F46,                /* 08B4  lconst L31 <- static#11   ("error") */
    0x00200097, 0x001B001F,    /* 08B5  is L32 <- L27 is L31 */
    0x0001204B,                /* 08B7  jf L32, +1 */
    0x001B0102,                /* 08B8  return L27 count=1 */
    0x003F1F42,                /* 08B9  gget L31 <- g63   (compile_expr) */
    0x00208141,                /* 08BA  move L32 <- P1 */
    0x00218241,                /* 08BB  move L33 <- P2 */
    0x00221941,                /* 08BC  move L34 <- L25 */
    0x001F03A0, 0x00010000,    /* 08BD  call base=L31 argc=3 nres=1 */
    0x001C1F41,                /* 08BF  move L28 <- L31 */
    0x000B1F46,                /* 08C0  lconst L31 <- static#11   ("error") */
    0x00200097, 0x001C001F,    /* 08C1  is L32 <- L28 is L31 */
    0x0001204B,                /* 08C3  jf L32, +1 */
    0x001C0102,                /* 08C4  return L28 count=1 */
    0x00061F42,                /* 08C5  gget L31 <- g6   (_emit_pairable) */
    0x00208241,                /* 08C6  move L32 <- P2 */
    0x001E2145,                /* 08C7  lsym L33 <- sym#30   ("gset") */
    0x00220241,                /* 08C8  move L34 <- L2 */
    0x00231941,                /* 08C9  move L35 <- L25 */
    0x001F04A0, 0x00010000,    /* 08CA  call base=L31 argc=4 nres=1 */
    0x001D1F41,                /* 08CC  move L29 <- L31 */
    0x000B1F46,                /* 08CD  lconst L31 <- static#11   ("error") */
    0x00200097, 0x001D001F,    /* 08CE  is L32 <- L29 is L31 */
    0x0001204B,                /* 08D0  jf L32, +1 */
    0x001D0102,                /* 08D1  return L29 count=1 */
    0x001F8241,                /* 08D2  move L31 <- P2 */
    0x00201841,                /* 08D3  move L32 <- L24 */
    0x001F01A2, 0x00040001,    /* 08D4  msg base=L31 argc=1 msg#4 nres=1   (free_to) */
    0x001E1F41,                /* 08D6  move L30 <- L31 */
    0x000B1F46,                /* 08D7  lconst L31 <- static#11   ("error") */
    0x00200097, 0x001E001F,    /* 08D8  is L32 <- L30 is L31 */
    0x0001204B,                /* 08DA  jf L32, +1 */
    0x001E0102,                /* 08DB  return L30 count=1 */
    0x001F8241,                /* 08DC  move L31 <- P2 */
    0x00200341,                /* 08DD  move L32 <- L3 */
    0x001F01A2, 0x000D0001,    /* 08DE  msg base=L31 argc=1 msg#13 nres=1   (mark_label) */
    0x001F0102,                /* 08E0  return L31 count=1 */
    0x00000003,                /* 08E1  lnil L0 */
    0x00000102,                /* 08E2  return L0 count=1 */
    0x00030142,                /* 08E3  gget L1 <- g3   (_field) */
    0x00028041,                /* 08E4  move L2 <- P0 */
    0x00030140,                /* 08E5  i8 L3 <- 1 */
    0x000102A0, 0x00010000,    /* 08E6  call base=L1 argc=2 nres=1 */
    0x00000141,                /* 08E8  move L0 <- L1 */
    0x0001004E,                /* 08E9  jnerr L0, +1 */
    0x00000003,                /* 08EA  lnil L0 */
    0x003F0142,                /* 08EB  gget L1 <- g63   (compile_expr) */
    0x00020041,                /* 08EC  move L2 <- L0 */
    0x00038141,                /* 08ED  move L3 <- P1 */
    0x00048241,                /* 08EE  move L4 <- P2 */
    0x000103A0, 0x00010000,    /* 08EF  call base=L1 argc=3 nres=1 */
    0x00010102,                /* 08F1  return L1 count=1 */
    0x00030942,                /* 08F2  gget L9 <- g3   (_field) */
    0x000A8041,                /* 08F3  move L10 <- P0 */
    0x000B0140,                /* 08F4  i8 L11 <- 1 */
    0x000902A0, 0x00010000,    /* 08F5  call base=L9 argc=2 nres=1 */
    0x00000941,                /* 08F7  move L0 <- L9 */
    0x0001004E,                /* 08F8  jnerr L0, +1 */
    0x00000003,                /* 08F9  lnil L0 */
    0x00130946,                /* 08FA  lconst L9 <- static#19   ("nil") */
    0x000A0097, 0x00000009,    /* 08FB  is L10 <- L0 is L9 */
    0x00210A4B,                /* 08FD  jf L10, +33 */
    0x00098141,                /* 08FE  move L9 <- P1 */
    0x000900A2, 0x00060001,    /* 08FF  msg base=L9 argc=0 msg#6 nres=1   (push) */
    0x00020941,                /* 0901  move L2 <- L9 */
    0x000B0946,                /* 0902  lconst L9 <- static#11   ("error") */
    0x000A0097, 0x00020009,    /* 0903  is L10 <- L2 is L9 */
    0x00010A4B,                /* 0905  jf L10, +1 */
    0x00020102,                /* 0906  return L2 count=1 */
    0x00050942,                /* 0907  gget L9 <- g5   (_emit_pack) */
    0x000C8141,                /* 0908  move L12 <- P1 */
    0x000A0D45,                /* 0909  lsym L13 <- sym#10   ("lnil") */
    0x000E0281, 0x000C0000,    /* 090A  tuple L14 <- L12, 2 items */
    0x000A0E41,                /* 090C  move L10 <- L14 */
    0x000F0C46,                /* 090D  lconst L12 <- static#15   ("a0") */
    0x000D0241,                /* 090E  move L13 <- L2 */
    0x000E0183, 0x000C0000,    /* 090F  dict L14 <- L12, 1 pairs */
    0x000B0E41,                /* 0911  move L11 <- L14 */
    0x000900A1, 0x00010000,    /* 0912  call_va base=L9 nres=1 */
    0x00030941,                /* 0914  move L3 <- L9 */
    0x000B0946,                /* 0915  lconst L9 <- static#11   ("error") */
    0x000A0097, 0x00030009,    /* 0916  is L10 <- L3 is L9 */
    0x00010A4B,                /* 0918  jf L10, +1 */
    0x00030102,                /* 0919  return L3 count=1 */
    0x00098141,                /* 091A  move L9 <- P1 */
    0x000A0241,                /* 091B  move L10 <- L2 */
    0x000901A2, 0x000E0001,    /* 091C  msg base=L9 argc=1 msg#14 nres=1   (emit_return) */
    0x00090102,                /* 091E  return L9 count=1 */
    0x003D0942,                /* 091F  gget L9 <- g61   (node_kind) */
    0x000A0041,                /* 0920  move L10 <- L0 */
    0x000901A0, 0x00010000,    /* 0921  call base=L9 argc=1 nres=1 */
    0x00230A45,                /* 0923  lsym L10 <- sym#35   ("tuple") */
    0x000B008F, 0x0009000A,    /* 0924  eq L11 <- L9 == L10 */
    0x00470B4B,                /* 0926  jf L11, +71 */
    0x00098141,                /* 0927  move L9 <- P1 */
    0x000900A2, 0x00030001,    /* 0928  msg base=L9 argc=0 msg#3 nres=1   (mark) */
    0x00040941,                /* 092A  move L4 <- L9 */
    0x00040942,                /* 092B  gget L9 <- g4   (_pairlist) */
    0x00020B42,                /* 092C  gget L11 <- g2   (_tail) */
    0x000C0041,                /* 092D  move L12 <- L0 */
    0x000D0140,                /* 092E  i8 L13 <- 1 */
    0x000B02A0, 0x00010000,    /* 092F  call base=L11 argc=2 nres=1 */
    0x000A0B41,                /* 0931  move L10 <- L11 */
    0x00010A4E,                /* 0932  jnerr L10, +1 */
    0x000A0003,                /* 0933  lnil L10 */
    0x000901A0, 0x00010000,    /* 0934  call base=L9 argc=1 nres=1 */
    0x00050941,                /* 0936  move L5 <- L9 */
    0x000900AE, 0x00050000,    /* 0937  iter L9 <- L5 */
    0x000700AF, 0x0009000C,    /* 0939  itnext L7 <- L9, done +12 */
    0x00430A42,                /* 093B  gget L10 <- g67   (compile_into_window) */
    0x000B0741,                /* 093C  move L11 <- L7 */
    0x000C8141,                /* 093D  move L12 <- P1 */
    0x000A02A0, 0x00010000,    /* 093E  call base=L10 argc=2 nres=1 */
    0x00080A41,                /* 0940  move L8 <- L10 */
    0x000B0A46,                /* 0941  lconst L10 <- static#11   ("error") */
    0x000B0097, 0x0008000A,    /* 0942  is L11 <- L8 is L10 */
    0x00010B4B,                /* 0944  jf L11, +1 */
    0x00080102,                /* 0945  return L8 count=1 */
    0xFFF2004F,                /* 0946  jmp -14 */
    0x003C0942,                /* 0947  gget L9 <- g60   (len) */
    0x000A0541,                /* 0948  move L10 <- L5 */
    0x000901A0, 0x00010000,    /* 0949  call base=L9 argc=1 nres=1 */
    0x00060941,                /* 094B  move L6 <- L9 */
    0x000900C0, 0x00000080,    /* 094C  i32 L9 <- 128 */
    0x000A0093, 0x00060009,    /* 094E  gt L10 <- L6 > L9 */
    0x000C0A4B,                /* 0950  jf L10, +12 */
    0x00340942,                /* 0951  gget L9 <- g52   (error) */
    0x00400A42,                /* 0952  gget L10 <- g64   (str) */
    0x000B0641,                /* 0953  move L11 <- L6 */
    0x000A01A0, 0x00010000,    /* 0954  call base=L10 argc=1 nres=1 */
    0x00200B46,                /* 0956  lconst L11 <- static#32   (" return values, over the 128-result limit") */
    0x000C0085, 0x000A000B,    /* 0957  add L12 <- L10 + L11 */
    0x000A0C41,                /* 0959  move L10 <- L12 */
    0x000901A0, 0x00010000,    /* 095A  call base=L9 argc=1 nres=1 */
    0x00090102,                /* 095C  return L9 count=1 */
    0x0009009A, 0x8001002C,    /* 095D  getattr L9 <- P1.sym#44   ("max_results") */
    0x000A0093, 0x00060009,    /* 095F  gt L10 <- L6 > L9 */
    0x00030A4B,                /* 0961  jf L10, +3 */
    0x00090641,                /* 0962  move L9 <- L6 */
    0x8001009B, 0x002C0009,    /* 0963  setattr P1.sym#44 <- L9   ("max_results") */
    0x00098141,                /* 0965  move L9 <- P1 */
    0x00420A42,                /* 0966  gget L10 <- g66   (L) */
    0x000B0441,                /* 0967  move L11 <- L4 */
    0x000A01A0, 0x00010000,    /* 0968  call base=L10 argc=1 nres=1 */
    0x000B0641,                /* 096A  move L11 <- L6 */
    0x000902A2, 0x000E0001,    /* 096B  msg base=L9 argc=2 msg#14 nres=1   (emit_return) */
    0x00090102,                /* 096D  return L9 count=1 */
    0x003F0942,                /* 096E  gget L9 <- g63   (compile_expr) */
    0x000A0041,                /* 096F  move L10 <- L0 */
    0x000B8141,                /* 0970  move L11 <- P1 */
    0x000C0003,                /* 0971  lnil L12 */
    0x000903A0, 0x00010000,    /* 0972  call base=L9 argc=3 nres=1 */
    0x00010941,                /* 0974  move L1 <- L9 */
    0x000B0946,                /* 0975  lconst L9 <- static#11   ("error") */
    0x000A0097, 0x00010009,    /* 0976  is L10 <- L1 is L9 */
    0x00010A4B,                /* 0978  jf L10, +1 */
    0x00010102,                /* 0979  return L1 count=1 */
    0x00098141,                /* 097A  move L9 <- P1 */
    0x000A0141,                /* 097B  move L10 <- L1 */
    0x000901A2, 0x000E0001,    /* 097C  msg base=L9 argc=1 msg#14 nres=1   (emit_return) */
    0x00090102,                /* 097E  return L9 count=1 */
    0x00031542,                /* 097F  gget L21 <- g3   (_field) */
    0x00168041,                /* 0980  move L22 <- P0 */
    0x00170140,                /* 0981  i8 L23 <- 1 */
    0x001502A0, 0x00010000,    /* 0982  call base=L21 argc=2 nres=1 */
    0x00001541,                /* 0984  move L0 <- L21 */
    0x0001004E,                /* 0985  jnerr L0, +1 */
    0x00000003,                /* 0986  lnil L0 */
    0x00031542,                /* 0987  gget L21 <- g3   (_field) */
    0x00168041,                /* 0988  move L22 <- P0 */
    0x00170240,                /* 0989  i8 L23 <- 2 */
    0x001502A0, 0x00010000,    /* 098A  call base=L21 argc=2 nres=1 */
    0x00011541,                /* 098C  move L1 <- L21 */
    0x0001014E,                /* 098D  jnerr L1, +1 */
    0x00010003,                /* 098E  lnil L1 */
    0x00031542,                /* 098F  gget L21 <- g3   (_field) */
    0x00168041,                /* 0990  move L22 <- P0 */
    0x00170340,                /* 0991  i8 L23 <- 3 */
    0x001502A0, 0x00010000,    /* 0992  call base=L21 argc=2 nres=1 */
    0x00021541,                /* 0994  move L2 <- L21 */
    0x0001024E,                /* 0995  jnerr L2, +1 */
    0x00020003,                /* 0996  lnil L2 */
    0x00031542,                /* 0997  gget L21 <- g3   (_field) */
    0x00168041,                /* 0998  move L22 <- P0 */
    0x00170440,                /* 0999  i8 L23 <- 4 */
    0x001502A0, 0x00010000,    /* 099A  call base=L21 argc=2 nres=1 */
    0x00031541,                /* 099C  move L3 <- L21 */
    0x0001034E,                /* 099D  jnerr L3, +1 */
    0x00030003,                /* 099E  lnil L3 */
    0x00150041,                /* 099F  move L21 <- L0 */
    0x00160141,                /* 09A0  move L22 <- L1 */
    0x00170282, 0x00150000,    /* 09A1  list L23 <- L21, 2 items */
    0x00151741,                /* 09A3  move L21 <- L23 */
    0x00040182, 0x00150000,    /* 09A4  list L4 <- L21, 1 items */
    0x00050241,                /* 09A6  move L5 <- L2 */
    0x00091546,                /* 09A7  lconst L21 <- static#9   ("pair") */
    0x00160097, 0x00050015,    /* 09A8  is L22 <- L5 is L21 */
    0x001C164B,                /* 09AA  jf L22, +28 */
    0x00361542,                /* 09AB  gget L21 <- g54   (car) */
    0x00160541,                /* 09AC  move L22 <- L5 */
    0x001501A0, 0x00010000,    /* 09AD  call base=L21 argc=1 nres=1 */
    0x00091541,                /* 09AF  move L9 <- L21 */
    0x00150441,                /* 09B0  move L21 <- L4 */
    0x00361642,                /* 09B1  gget L22 <- g54   (car) */
    0x00170941,                /* 09B2  move L23 <- L9 */
    0x001601A0, 0x00010000,    /* 09B3  call base=L22 argc=1 nres=1 */
    0x00441842,                /* 09B5  gget L24 <- g68   (cadr) */
    0x00190941,                /* 09B6  move L25 <- L9 */
    0x001801A0, 0x00010000,    /* 09B7  call base=L24 argc=1 nres=1 */
    0x00171841,                /* 09B9  move L23 <- L24 */
    0x0001174E,                /* 09BA  jnerr L23, +1 */
    0x00170003,                /* 09BB  lnil L23 */
    0x00180282, 0x00160000,    /* 09BC  list L24 <- L22, 2 items */
    0x00161841,                /* 09BE  move L22 <- L24 */
    0x001501A2, 0x00000001,    /* 09BF  msg base=L21 argc=1 msg#0 nres=1   (append) */
    0x00351542,                /* 09C1  gget L21 <- g53   (cdr) */
    0x00160541,                /* 09C2  move L22 <- L5 */
    0x001501A0, 0x00010000,    /* 09C3  call base=L21 argc=1 nres=1 */
    0x00051541,                /* 09C5  move L5 <- L21 */
    0xFFE0004F,                /* 09C6  jmp -32 */
    0x00158141,                /* 09C7  move L21 <- P1 */
    0x001500A2, 0x000B0001,    /* 09C8  msg base=L21 argc=0 msg#11 nres=1   (new_label) */
    0x00061541,                /* 09CA  move L6 <- L21 */
    0x00131646,                /* 09CB  lconst L22 <- static#19   ("nil") */
    0x00170097, 0x80020016,    /* 09CC  is L23 <- P2 is L22 */
    0x0015174A,                /* 09CE  not L21 <- L23 */
    0x0003154B,                /* 09CF  jf L21, +3 */
    0x00131646,                /* 09D0  lconst L22 <- static#19   ("nil") */
    0x00150097, 0x00030016,    /* 09D1  is L21 <- L3 is L22 */
    0x0013154B,                /* 09D3  jf L21, +19 */
    0x00051542,                /* 09D4  gget L21 <- g5   (_emit_pack) */
    0x00188141,                /* 09D5  move L24 <- P1 */
    0x000A1945,                /* 09D6  lsym L25 <- sym#10   ("lnil") */
    0x001A0281, 0x00180000,    /* 09D7  tuple L26 <- L24, 2 items */
    0x00161A41,                /* 09D9  move L22 <- L26 */
    0x000F1846,                /* 09DA  lconst L24 <- static#15   ("a0") */
    0x00198241,                /* 09DB  move L25 <- P2 */
    0x001A0183, 0x00180000,    /* 09DC  dict L26 <- L24, 1 pairs */
    0x00171A41,                /* 09DE  move L23 <- L26 */
    0x001500A1, 0x00010000,    /* 09DF  call_va base=L21 nres=1 */
    0x000A1541,                /* 09E1  move L10 <- L21 */
    0x000B1546,                /* 09E2  lconst L21 <- static#11   ("error") */
    0x00160097, 0x000A0015,    /* 09E3  is L22 <- L10 is L21 */
    0x0001164B,                /* 09E5  jf L22, +1 */
    0x000A0102,                /* 09E6  return L10 count=1 */
    0x003C1542,                /* 09E7  gget L21 <- g60   (len) */
    0x00160441,                /* 09E8  move L22 <- L4 */
    0x001501A0, 0x00010000,    /* 09E9  call base=L21 argc=1 nres=1 */
    0x00071541,                /* 09EB  move L7 <- L21 */
    0x00080040,                /* 09EC  i8 L8 <- 0 */
    0x00150091, 0x00080007,    /* 09ED  lt L21 <- L8 < L7 */
    0x0065154B,                /* 09EF  jf L21, +101 */
    0x00150140,                /* 09F0  i8 L21 <- 1 */
    0x00160086, 0x00070015,    /* 09F1  sub L22 <- L7 - L21 */
    0x000B008F, 0x00080016,    /* 09F3  eq L11 <- L8 == L22 */
    0x00158141,                /* 09F5  move L21 <- P1 */
    0x001500A2, 0x000B0001,    /* 09F6  msg base=L21 argc=0 msg#11 nres=1   (new_label) */
    0x000C1541,                /* 09F8  move L12 <- L21 */
    0x00158141,                /* 09F9  move L21 <- P1 */
    0x001500A2, 0x00030001,    /* 09FA  msg base=L21 argc=0 msg#3 nres=1   (mark) */
    0x000D1541,                /* 09FC  move L13 <- L21 */
    0x003F1542,                /* 09FD  gget L21 <- g63   (compile_expr) */
    0x00160098, 0x00040008,    /* 09FE  getidx L22 <- L4[L8] */
    0x00170040,                /* 0A00  i8 L23 <- 0 */
    0x00180098, 0x00160017,    /* 0A01  getidx L24 <- L22[L23] */
    0x00161841,                /* 0A03  move L22 <- L24 */
    0x00178141,                /* 0A04  move L23 <- P1 */
    0x00180003,                /* 0A05  lnil L24 */
    0x001503A0, 0x00010000,    /* 0A06  call base=L21 argc=3 nres=1 */
    0x000E1541,                /* 0A08  move L14 <- L21 */
    0x000B1546,                /* 0A09  lconst L21 <- static#11   ("error") */
    0x00160097, 0x000E0015,    /* 0A0A  is L22 <- L14 is L21 */
    0x0001164B,                /* 0A0C  jf L22, +1 */
    0x000E0102,                /* 0A0D  return L14 count=1 */
    0x00158141,                /* 0A0E  move L21 <- P1 */
    0x002D1645,                /* 0A0F  lsym L22 <- sym#45   ("jf") */
    0x00170C41,                /* 0A10  move L23 <- L12 */
    0x00180E41,                /* 0A11  move L24 <- L14 */
    0x001503A2, 0x000C0001,    /* 0A12  msg base=L21 argc=3 msg#12 nres=1   (emit_jump) */
    0x000F1541,                /* 0A14  move L15 <- L21 */
    0x000B1546,                /* 0A15  lconst L21 <- static#11   ("error") */
    0x00160097, 0x000F0015,    /* 0A16  is L22 <- L15 is L21 */
    0x0001164B,                /* 0A18  jf L22, +1 */
    0x000F0102,                /* 0A19  return L15 count=1 */
    0x00158141,                /* 0A1A  move L21 <- P1 */
    0x00160D41,                /* 0A1B  move L22 <- L13 */
    0x001501A2, 0x00040001,    /* 0A1C  msg base=L21 argc=1 msg#4 nres=1   (free_to) */
    0x00101541,                /* 0A1E  move L16 <- L21 */
    0x000B1546,                /* 0A1F  lconst L21 <- static#11   ("error") */
    0x00160097, 0x00100015,    /* 0A20  is L22 <- L16 is L21 */
    0x0001164B,                /* 0A22  jf L22, +1 */
    0x00100102,                /* 0A23  return L16 count=1 */
    0x00081542,                /* 0A24  gget L21 <- g8   (compile_body) */
    0x00160098, 0x00040008,    /* 0A25  getidx L22 <- L4[L8] */
    0x00170140,                /* 0A27  i8 L23 <- 1 */
    0x00180098, 0x00160017,    /* 0A28  getidx L24 <- L22[L23] */
    0x00161841,                /* 0A2A  move L22 <- L24 */
    0x00178141,                /* 0A2B  move L23 <- P1 */
    0x00188241,                /* 0A2C  move L24 <- P2 */
    0x001503A0, 0x00010000,    /* 0A2D  call base=L21 argc=3 nres=1 */
    0x00111541,                /* 0A2F  move L17 <- L21 */
    0x000B1546,                /* 0A30  lconst L21 <- static#11   ("error") */
    0x00160097, 0x00110015,    /* 0A31  is L22 <- L17 is L21 */
    0x0001164B,                /* 0A33  jf L22, +1 */
    0x00110102,                /* 0A34  return L17 count=1 */
    0x00150B4A,                /* 0A35  not L21 <- L11 */
    0x0004154C,                /* 0A36  jt L21, +4 */
    0x00131646,                /* 0A37  lconst L22 <- static#19   ("nil") */
    0x00170097, 0x00030016,    /* 0A38  is L23 <- L3 is L22 */
    0x0015174A,                /* 0A3A  not L21 <- L23 */
    0x000B154B,                /* 0A3B  jf L21, +11 */
    0x00158141,                /* 0A3C  move L21 <- P1 */
    0x002E1645,                /* 0A3D  lsym L22 <- sym#46   ("jmp") */
    0x00170641,                /* 0A3E  move L23 <- L6 */
    0x001502A2, 0x000C0001,    /* 0A3F  msg base=L21 argc=2 msg#12 nres=1   (emit_jump) */
    0x00131541,                /* 0A41  move L19 <- L21 */
    0x000B1546,                /* 0A42  lconst L21 <- static#11   ("error") */
    0x00160097, 0x00130015,    /* 0A43  is L22 <- L19 is L21 */
    0x0001164B,                /* 0A45  jf L22, +1 */
    0x00130102,                /* 0A46  return L19 count=1 */
    0x00158141,                /* 0A47  move L21 <- P1 */
    0x00160C41,                /* 0A48  move L22 <- L12 */
    0x001501A2, 0x000D0001,    /* 0A49  msg base=L21 argc=1 msg#13 nres=1   (mark_label) */
    0x00121541,                /* 0A4B  move L18 <- L21 */
    0x000B1546,                /* 0A4C  lconst L21 <- static#11   ("error") */
    0x00160097, 0x00120015,    /* 0A4D  is L22 <- L18 is L21 */
    0x0001164B,                /* 0A4F  jf L22, +1 */
    0x00120102,                /* 0A50  return L18 count=1 */
    0x00150140,                /* 0A51  i8 L21 <- 1 */
    0x00080085, 0x00080015,    /* 0A52  add L8 <- L8 + L21 */
    0xFF98004F,                /* 0A54  jmp -104 */
    0x00131546,                /* 0A55  lconst L21 <- static#19   ("nil") */
    0x00160097, 0x00030015,    /* 0A56  is L22 <- L3 is L21 */
    0x0017164A,                /* 0A58  not L23 <- L22 */
    0x000C174B,                /* 0A59  jf L23, +12 */
    0x00081542,                /* 0A5A  gget L21 <- g8   (compile_body) */
    0x00160341,                /* 0A5B  move L22 <- L3 */
    0x00178141,                /* 0A5C  move L23 <- P1 */
    0x00188241,                /* 0A5D  move L24 <- P2 */
    0x001503A0, 0x00010000,    /* 0A5E  call base=L21 argc=3 nres=1 */
    0x00141541,                /* 0A60  move L20 <- L21 */
    0x000B1546,                /* 0A61  lconst L21 <- static#11   ("error") */
    0x00160097, 0x00140015,    /* 0A62  is L22 <- L20 is L21 */
    0x0001164B,                /* 0A64  jf L22, +1 */
    0x00140102,                /* 0A65  return L20 count=1 */
    0x00158141,                /* 0A66  move L21 <- P1 */
    0x00160641,                /* 0A67  move L22 <- L6 */
    0x001501A2, 0x000D0001,    /* 0A68  msg base=L21 argc=1 msg#13 nres=1   (mark_label) */
    0x00150102,                /* 0A6A  return L21 count=1 */
    0x00210042,                /* 0A6B  gget L0 <- g33   (_if_lower) */
    0x00018041,                /* 0A6C  move L1 <- P0 */
    0x00028141,                /* 0A6D  move L2 <- P1 */
    0x00038241,                /* 0A6E  move L3 <- P2 */
    0x000003A0, 0x00010000,    /* 0A6F  call base=L0 argc=3 nres=1 */
    0x00000102,                /* 0A71  return L0 count=1 */
    0x00008241,                /* 0A72  move L0 <- P2 */
    0x00130346,                /* 0A73  lconst L3 <- static#19   ("nil") */
    0x00040097, 0x00000003,    /* 0A74  is L4 <- L0 is L3 */
    0x000A044B,                /* 0A76  jf L4, +10 */
    0x00038141,                /* 0A77  move L3 <- P1 */
    0x000300A2, 0x00060001,    /* 0A78  msg base=L3 argc=0 msg#6 nres=1   (push) */
    0x00020341,                /* 0A7A  move L2 <- L3 */
    0x000B0346,                /* 0A7B  lconst L3 <- static#11   ("error") */
    0x00040097, 0x00020003,    /* 0A7C  is L4 <- L2 is L3 */
    0x0001044B,                /* 0A7E  jf L4, +1 */
    0x00020102,                /* 0A7F  return L2 count=1 */
    0x00000241,                /* 0A80  move L0 <- L2 */
    0x00210342,                /* 0A81  gget L3 <- g33   (_if_lower) */
    0x00048041,                /* 0A82  move L4 <- P0 */
    0x00058141,                /* 0A83  move L5 <- P1 */
    0x00060041,                /* 0A84  move L6 <- L0 */
    0x000303A0, 0x00010000,    /* 0A85  call base=L3 argc=3 nres=1 */
    0x00010341,                /* 0A87  move L1 <- L3 */
    0x000B0346,                /* 0A88  lconst L3 <- static#11   ("error") */
    0x00040097, 0x00010003,    /* 0A89  is L4 <- L1 is L3 */
    0x0001044B,                /* 0A8B  jf L4, +1 */
    0x00010102,                /* 0A8C  return L1 count=1 */
    0x00000102,                /* 0A8D  return L0 count=1 */
    0x00030B42,                /* 0A8E  gget L11 <- g3   (_field) */
    0x000C8041,                /* 0A8F  move L12 <- P0 */
    0x000D0140,                /* 0A90  i8 L13 <- 1 */
    0x000B02A0, 0x00010000,    /* 0A91  call base=L11 argc=2 nres=1 */
    0x00000B41,                /* 0A93  move L0 <- L11 */
    0x0001004E,                /* 0A94  jnerr L0, +1 */
    0x00000003,                /* 0A95  lnil L0 */
    0x00030B42,                /* 0A96  gget L11 <- g3   (_field) */
    0x000C8041,                /* 0A97  move L12 <- P0 */
    0x000D0240,                /* 0A98  i8 L13 <- 2 */
    0x000B02A0, 0x00010000,    /* 0A99  call base=L11 argc=2 nres=1 */
    0x00010B41,                /* 0A9B  move L1 <- L11 */
    0x0001014E,                /* 0A9C  jnerr L1, +1 */
    0x00010003,                /* 0A9D  lnil L1 */
    0x000B8141,                /* 0A9E  move L11 <- P1 */
    0x000B00A2, 0x000B0001,    /* 0A9F  msg base=L11 argc=0 msg#11 nres=1   (new_label) */
    0x00020B41,                /* 0AA1  move L2 <- L11 */
    0x000B8141,                /* 0AA2  move L11 <- P1 */
    0x000B00A2, 0x000B0001,    /* 0AA3  msg base=L11 argc=0 msg#11 nres=1   (new_label) */
    0x00030B41,                /* 0AA5  move L3 <- L11 */
    0x000B8141,                /* 0AA6  move L11 <- P1 */
    0x000C0241,                /* 0AA7  move L12 <- L2 */
    0x000B01A2, 0x000D0001,    /* 0AA8  msg base=L11 argc=1 msg#13 nres=1   (mark_label) */
    0x00040B41,                /* 0AAA  move L4 <- L11 */
    0x000B0B46,                /* 0AAB  lconst L11 <- static#11   ("error") */
    0x000C0097, 0x0004000B,    /* 0AAC  is L12 <- L4 is L11 */
    0x00010C4B,                /* 0AAE  jf L12, +1 */
    0x00040102,                /* 0AAF  return L4 count=1 */
    0x000B8141,                /* 0AB0  move L11 <- P1 */
    0x000B00A2, 0x00030001,    /* 0AB1  msg base=L11 argc=0 msg#3 nres=1   (mark) */
    0x00050B41,                /* 0AB3  move L5 <- L11 */
    0x003F0B42,                /* 0AB4  gget L11 <- g63   (compile_expr) */
    0x000C0041,                /* 0AB5  move L12 <- L0 */
    0x000D8141,                /* 0AB6  move L13 <- P1 */
    0x000E0003,                /* 0AB7  lnil L14 */
    0x000B03A0, 0x00010000,    /* 0AB8  call base=L11 argc=3 nres=1 */
    0x00060B41,                /* 0ABA  move L6 <- L11 */
    0x000B0B46,                /* 0ABB  lconst L11 <- static#11   ("error") */
    0x000C0097, 0x0006000B,    /* 0ABC  is L12 <- L6 is L11 */
    0x00010C4B,                /* 0ABE  jf L12, +1 */
    0x00060102,                /* 0ABF  return L6 count=1 */
    0x000B8141,                /* 0AC0  move L11 <- P1 */
    0x002D0C45,                /* 0AC1  lsym L12 <- sym#45   ("jf") */
    0x000D0341,                /* 0AC2  move L13 <- L3 */
    0x000E0641,                /* 0AC3  move L14 <- L6 */
    0x000B03A2, 0x000C0001,    /* 0AC4  msg base=L11 argc=3 msg#12 nres=1   (emit_jump) */
    0x00070B41,                /* 0AC6  move L7 <- L11 */
    0x000B0B46,                /* 0AC7  lconst L11 <- static#11   ("error") */
    0x000C0097, 0x0007000B,    /* 0AC8  is L12 <- L7 is L11 */
    0x00010C4B,                /* 0ACA  jf L12, +1 */
    0x00070102,                /* 0ACB  return L7 count=1 */
    0x000B8141,                /* 0ACC  move L11 <- P1 */
    0x000C0541,                /* 0ACD  move L12 <- L5 */
    0x000B01A2, 0x00040001,    /* 0ACE  msg base=L11 argc=1 msg#4 nres=1   (free_to) */
    0x00080B41,                /* 0AD0  move L8 <- L11 */
    0x000B0B46,                /* 0AD1  lconst L11 <- static#11   ("error") */
    0x000C0097, 0x0008000B,    /* 0AD2  is L12 <- L8 is L11 */
    0x00010C4B,                /* 0AD4  jf L12, +1 */
    0x00080102,                /* 0AD5  return L8 count=1 */
    0x000B009A, 0x8001002F,    /* 0AD6  getattr L11 <- P1.sym#47   ("loops") */
    0x000C0241,                /* 0AD8  move L12 <- L2 */
    0x000D0341,                /* 0AD9  move L13 <- L3 */
    0x000E0282, 0x000C0000,    /* 0ADA  list L14 <- L12, 2 items */
    0x000C0E41,                /* 0ADC  move L12 <- L14 */
    0x000B01A2, 0x00000001,    /* 0ADD  msg base=L11 argc=1 msg#0 nres=1   (append) */
    0x00080B42,                /* 0ADF  gget L11 <- g8   (compile_body) */
    0x000C0141,                /* 0AE0  move L12 <- L1 */
    0x000D8141,                /* 0AE1  move L13 <- P1 */
    0x000E0003,                /* 0AE2  lnil L14 */
    0x000B03A0, 0x00010000,    /* 0AE3  call base=L11 argc=3 nres=1 */
    0x00090B41,                /* 0AE5  move L9 <- L11 */
    0x000B009A, 0x8001002F,    /* 0AE6  getattr L11 <- P1.sym#47   ("loops") */
    0x003C0C42,                /* 0AE8  gget L12 <- g60   (len) */
    0x000D009A, 0x8001002F,    /* 0AE9  getattr L13 <- P1.sym#47   ("loops") */
    0x000C01A0, 0x00010000,    /* 0AEB  call base=L12 argc=1 nres=1 */
    0x000D0140,                /* 0AED  i8 L13 <- 1 */
    0x000E0086, 0x000C000D,    /* 0AEE  sub L14 <- L12 - L13 */
    0x000C0E41,                /* 0AF0  move L12 <- L14 */
    0x000B01A2, 0x000F0001,    /* 0AF1  msg base=L11 argc=1 msg#15 nres=1   (resize) */
    0x000B0B46,                /* 0AF3  lconst L11 <- static#11   ("error") */
    0x000C0097, 0x0009000B,    /* 0AF4  is L12 <- L9 is L11 */
    0x00010C4B,                /* 0AF6  jf L12, +1 */
    0x00090102,                /* 0AF7  return L9 count=1 */
    0x000B8141,                /* 0AF8  move L11 <- P1 */
    0x002E0C45,                /* 0AF9  lsym L12 <- sym#46   ("jmp") */
    0x000D0241,                /* 0AFA  move L13 <- L2 */
    0x000B02A2, 0x000C0001,    /* 0AFB  msg base=L11 argc=2 msg#12 nres=1   (emit_jump) */
    0x000A0B41,                /* 0AFD  move L10 <- L11 */
    0x000B0B46,                /* 0AFE  lconst L11 <- static#11   ("error") */
    0x000C0097, 0x000A000B,    /* 0AFF  is L12 <- L10 is L11 */
    0x00010C4B,                /* 0B01  jf L12, +1 */
    0x000A0102,                /* 0B02  return L10 count=1 */
    0x000B8141,                /* 0B03  move L11 <- P1 */
    0x000C0341,                /* 0B04  move L12 <- L3 */
    0x000B01A2, 0x000D0001,    /* 0B05  msg base=L11 argc=1 msg#13 nres=1   (mark_label) */
    0x000B0102,                /* 0B07  return L11 count=1 */
    0x00028141,                /* 0B08  move L2 <- P1 */
    0x00038041,                /* 0B09  move L3 <- P0 */
    0x000201A2, 0x00020001,    /* 0B0A  msg base=L2 argc=1 msg#2 nres=1   (push_block) */
    0x00000241,                /* 0B0C  move L0 <- L2 */
    0x00260242,                /* 0B0D  gget L2 <- g38   (_compile_for) */
    0x00038041,                /* 0B0E  move L3 <- P0 */
    0x00048141,                /* 0B0F  move L4 <- P1 */
    0x000202A0, 0x00010000,    /* 0B10  call base=L2 argc=2 nres=1 */
    0x00010241,                /* 0B12  move L1 <- L2 */
    0x0003004B,                /* 0B13  jf L0, +3 */
    0x00028141,                /* 0B14  move L2 <- P1 */
    0x000200A2, 0x00050001,    /* 0B15  msg base=L2 argc=0 msg#5 nres=1   (pop_block) */
    0x00010102,                /* 0B17  return L1 count=1 */
    0x00031942,                /* 0B18  gget L25 <- g3   (_field) */
    0x001A8041,                /* 0B19  move L26 <- P0 */
    0x001B0140,                /* 0B1A  i8 L27 <- 1 */
    0x001902A0, 0x00010000,    /* 0B1B  call base=L25 argc=2 nres=1 */
    0x00001941,                /* 0B1D  move L0 <- L25 */
    0x0001004E,                /* 0B1E  jnerr L0, +1 */
    0x00000003,                /* 0B1F  lnil L0 */
    0x00031942,                /* 0B20  gget L25 <- g3   (_field) */
    0x001A8041,                /* 0B21  move L26 <- P0 */
    0x001B0240,                /* 0B22  i8 L27 <- 2 */
    0x001902A0, 0x00010000,    /* 0B23  call base=L25 argc=2 nres=1 */
    0x00011941,                /* 0B25  move L1 <- L25 */
    0x0001014E,                /* 0B26  jnerr L1, +1 */
    0x00010003,                /* 0B27  lnil L1 */
    0x00031942,                /* 0B28  gget L25 <- g3   (_field) */
    0x001A8041,                /* 0B29  move L26 <- P0 */
    0x001B0340,                /* 0B2A  i8 L27 <- 3 */
    0x001902A0, 0x00010000,    /* 0B2B  call base=L25 argc=2 nres=1 */
    0x00021941,                /* 0B2D  move L2 <- L25 */
    0x0001024E,                /* 0B2E  jnerr L2, +1 */
    0x00020003,                /* 0B2F  lnil L2 */
    0x00031942,                /* 0B30  gget L25 <- g3   (_field) */
    0x001A8041,                /* 0B31  move L26 <- P0 */
    0x001B0440,                /* 0B32  i8 L27 <- 4 */
    0x001902A0, 0x00010000,    /* 0B33  call base=L25 argc=2 nres=1 */
    0x00031941,                /* 0B35  move L3 <- L25 */
    0x0001034E,                /* 0B36  jnerr L3, +1 */
    0x00030003,                /* 0B37  lnil L3 */
    0x00198141,                /* 0B38  move L25 <- P1 */
    0x001900A2, 0x00030001,    /* 0B39  msg base=L25 argc=0 msg#3 nres=1   (mark) */
    0x00041941,                /* 0B3B  move L4 <- L25 */
    0x003F1942,                /* 0B3C  gget L25 <- g63   (compile_expr) */
    0x001A0141,                /* 0B3D  move L26 <- L1 */
    0x001B8141,                /* 0B3E  move L27 <- P1 */
    0x001C0003,                /* 0B3F  lnil L28 */
    0x001903A0, 0x00010000,    /* 0B40  call base=L25 argc=3 nres=1 */
    0x00051941,                /* 0B42  move L5 <- L25 */
    0x000B1946,                /* 0B43  lconst L25 <- static#11   ("error") */
    0x001A0097, 0x00050019,    /* 0B44  is L26 <- L5 is L25 */
    0x00011A4B,                /* 0B46  jf L26, +1 */
    0x00050102,                /* 0B47  return L5 count=1 */
    0x00198141,                /* 0B48  move L25 <- P1 */
    0x001900A2, 0x00060001,    /* 0B49  msg base=L25 argc=0 msg#6 nres=1   (push) */
    0x00061941,                /* 0B4B  move L6 <- L25 */
    0x000B1946,                /* 0B4C  lconst L25 <- static#11   ("error") */
    0x001A0097, 0x00060019,    /* 0B4D  is L26 <- L6 is L25 */
    0x00011A4B,                /* 0B4F  jf L26, +1 */
    0x00060102,                /* 0B50  return L6 count=1 */
    0x00051942,                /* 0B51  gget L25 <- g5   (_emit_pack) */
    0x001C8141,                /* 0B52  move L28 <- P1 */
    0x00311D45,                /* 0B53  lsym L29 <- sym#49   ("iter") */
    0x001E0281, 0x001C0000,    /* 0B54  tuple L30 <- L28, 2 items */
    0x001A1E41,                /* 0B56  move L26 <- L30 */
    0x000F1C46,                /* 0B57  lconst L28 <- static#15   ("a0") */
    0x001D0641,                /* 0B58  move L29 <- L6 */
    0x00101E46,                /* 0B59  lconst L30 <- static#16   ("a1") */
    0x001F0541,                /* 0B5A  move L31 <- L5 */
    0x00200283, 0x001C0000,    /* 0B5B  dict L32 <- L28, 2 pairs */
    0x001B2041,                /* 0B5D  move L27 <- L32 */
    0x001900A1, 0x00010000,    /* 0B5E  call_va base=L25 nres=1 */
    0x00071941,                /* 0B60  move L7 <- L25 */
    0x000B1946,                /* 0B61  lconst L25 <- static#11   ("error") */
    0x001A0097, 0x00070019,    /* 0B62  is L26 <- L7 is L25 */
    0x00011A4B,                /* 0B64  jf L26, +1 */
    0x00070102,                /* 0B65  return L7 count=1 */
    0x00111942,                /* 0B66  gget L25 <- g17   (_storage) */
    0x001A0041,                /* 0B67  move L26 <- L0 */
    0x001B8141,                /* 0B68  move L27 <- P1 */
    0x001902A0, 0x00010000,    /* 0B69  call base=L25 argc=2 nres=1 */
    0x00081941,                /* 0B6B  move L8 <- L25 */
    0x000B1946,                /* 0B6C  lconst L25 <- static#11   ("error") */
    0x001A0097, 0x00080019,    /* 0B6D  is L26 <- L8 is L25 */
    0x00011A4B,                /* 0B6F  jf L26, +1 */
    0x00080102,                /* 0B70  return L8 count=1 */
    0x00190040,                /* 0B71  i8 L25 <- 0 */
    0x00090098, 0x00080019,    /* 0B72  getidx L9 <- L8[L25] */
    0x00190140,                /* 0B74  i8 L25 <- 1 */
    0x000A0098, 0x00080019,    /* 0B75  getidx L10 <- L8[L25] */
    0x000B0005,                /* 0B77  lunset L11 */
    0x00191946,                /* 0B78  lconst L25 <- static#25   ("reg") */
    0x001A008F, 0x00090019,    /* 0B79  eq L26 <- L9 == L25 */
    0x00021A4B,                /* 0B7B  jf L26, +2 */
    0x000B0A41,                /* 0B7C  move L11 <- L10 */
    0x000A004F,                /* 0B7D  jmp +10 */
    0x00198141,                /* 0B7E  move L25 <- P1 */
    0x001900A2, 0x00060001,    /* 0B7F  msg base=L25 argc=0 msg#6 nres=1   (push) */
    0x00161941,                /* 0B81  move L22 <- L25 */
    0x000B1946,                /* 0B82  lconst L25 <- static#11   ("error") */
    0x001A0097, 0x00160019,    /* 0B83  is L26 <- L22 is L25 */
    0x00011A4B,                /* 0B85  jf L26, +1 */
    0x00160102,                /* 0B86  return L22 count=1 */
    0x000B1641,                /* 0B87  move L11 <- L22 */
    0x00198141,                /* 0B88  move L25 <- P1 */
    0x001900A2, 0x000B0001,    /* 0B89  msg base=L25 argc=0 msg#11 nres=1   (new_label) */
    0x000C1941,                /* 0B8B  move L12 <- L25 */
    0x00198141,                /* 0B8C  move L25 <- P1 */
    0x001900A2, 0x000B0001,    /* 0B8D  msg base=L25 argc=0 msg#11 nres=1   (new_label) */
    0x000D1941,                /* 0B8F  move L13 <- L25 */
    0x00198141,                /* 0B90  move L25 <- P1 */
    0x001900A2, 0x000B0001,    /* 0B91  msg base=L25 argc=0 msg#11 nres=1   (new_label) */
    0x000E1941,                /* 0B93  move L14 <- L25 */
    0x00198141,                /* 0B94  move L25 <- P1 */
    0x001A0C41,                /* 0B95  move L26 <- L12 */
    0x001901A2, 0x000D0001,    /* 0B96  msg base=L25 argc=1 msg#13 nres=1   (mark_label) */
    0x000F1941,                /* 0B98  move L15 <- L25 */
    0x000B1946,                /* 0B99  lconst L25 <- static#11   ("error") */
    0x001A0097, 0x000F0019,    /* 0B9A  is L26 <- L15 is L25 */
    0x00011A4B,                /* 0B9C  jf L26, +1 */
    0x000F0102,                /* 0B9D  return L15 count=1 */
    0x00371942,                /* 0B9E  gget L25 <- g55   (pack) */
    0x00321C45,                /* 0B9F  lsym L28 <- sym#50   ("itnext") */
    0x001D0181, 0x001C0000,    /* 0BA0  tuple L29 <- L28, 1 items */
    0x001A1D41,                /* 0BA2  move L26 <- L29 */
    0x000F1C46,                /* 0BA3  lconst L28 <- static#15   ("a0") */
    0x001D0B41,                /* 0BA4  move L29 <- L11 */
    0x00101E46,                /* 0BA5  lconst L30 <- static#16   ("a1") */
    0x001F0641,                /* 0BA6  move L31 <- L6 */
    0x00112046,                /* 0BA7  lconst L32 <- static#17   ("a2") */
    0x00210040,                /* 0BA8  i8 L33 <- 0 */
    0x00220383, 0x001C0000,    /* 0BA9  dict L34 <- L28, 3 pairs */
    0x001B2241,                /* 0BAB  move L27 <- L34 */
    0x001900A1, 0x00010000,    /* 0BAC  call_va base=L25 nres=1 */
    0x00101941,                /* 0BAE  move L16 <- L25 */
    0x000B1946,                /* 0BAF  lconst L25 <- static#11   ("error") */
    0x001A0097, 0x00100019,    /* 0BB0  is L26 <- L16 is L25 */
    0x00011A4B,                /* 0BB2  jf L26, +1 */
    0x00100102,                /* 0BB3  return L16 count=1 */
    0x00198141,                /* 0BB4  move L25 <- P1 */
    0x001A1041,                /* 0BB5  move L26 <- L16 */
    0x001901A2, 0x00010001,    /* 0BB6  msg base=L25 argc=1 msg#1 nres=1   (emit_words) */
    0x00111941,                /* 0BB8  move L17 <- L25 */
    0x00198141,                /* 0BB9  move L25 <- P1 */
    0x001A0D41,                /* 0BBA  move L26 <- L13 */
    0x001B0240,                /* 0BBB  i8 L27 <- 2 */
    0x001C0085, 0x0011001B,    /* 0BBC  add L28 <- L17 + L27 */
    0x001B1C41,                /* 0BBE  move L27 <- L28 */
    0x001C0140,                /* 0BBF  i8 L28 <- 1 */
    0x001D0085, 0x0011001C,    /* 0BC0  add L29 <- L17 + L28 */
    0x001C1D41,                /* 0BC2  move L28 <- L29 */
    0x00111D46,                /* 0BC3  lconst L29 <- static#17   ("a2") */
    0x001904A2, 0x00100001,    /* 0BC4  msg base=L25 argc=4 msg#16 nres=1   (patch_site) */
    0x001B1946,                /* 0BC6  lconst L25 <- static#27   ("global") */
    0x001A008F, 0x00090019,    /* 0BC7  eq L26 <- L9 == L25 */
    0x000D1A4B,                /* 0BC9  jf L26, +13 */
    0x00061942,                /* 0BCA  gget L25 <- g6   (_emit_pairable) */
    0x001A8141,                /* 0BCB  move L26 <- P1 */
    0x001E1B45,                /* 0BCC  lsym L27 <- sym#30   ("gset") */
    0x001C0A41,                /* 0BCD  move L28 <- L10 */
    0x001D0B41,                /* 0BCE  move L29 <- L11 */
    0x001904A0, 0x00010000,    /* 0BCF  call base=L25 argc=4 nres=1 */
    0x00171941,                /* 0BD1  move L23 <- L25 */
    0x000B1946,                /* 0BD2  lconst L25 <- static#11   ("error") */
    0x001A0097, 0x00170019,    /* 0BD3  is L26 <- L23 is L25 */
    0x00011A4B,                /* 0BD5  jf L26, +1 */
    0x00170102,                /* 0BD6  return L23 count=1 */
    0x0019009A, 0x8001002F,    /* 0BD7  getattr L25 <- P1.sym#47   ("loops") */
    0x001A0C41,                /* 0BD9  move L26 <- L12 */
    0x001B0E41,                /* 0BDA  move L27 <- L14 */
    0x001C0282, 0x001A0000,    /* 0BDB  list L28 <- L26, 2 items */
    0x001A1C41,                /* 0BDD  move L26 <- L28 */
    0x001901A2, 0x00000001,    /* 0BDE  msg base=L25 argc=1 msg#0 nres=1   (append) */
    0x00081942,                /* 0BE0  gget L25 <- g8   (compile_body) */
    0x001A0241,                /* 0BE1  move L26 <- L2 */
    0x001B8141,                /* 0BE2  move L27 <- P1 */
    0x001C0003,                /* 0BE3  lnil L28 */
    0x001903A0, 0x00010000,    /* 0BE4  call base=L25 argc=3 nres=1 */
    0x00121941,                /* 0BE6  move L18 <- L25 */
    0x0019009A, 0x8001002F,    /* 0BE7  getattr L25 <- P1.sym#47   ("loops") */
    0x003C1A42,                /* 0BE9  gget L26 <- g60   (len) */
    0x001B009A, 0x8001002F,    /* 0BEA  getattr L27 <- P1.sym#47   ("loops") */
    0x001A01A0, 0x00010000,    /* 0BEC  call base=L26 argc=1 nres=1 */
    0x001B0140,                /* 0BEE  i8 L27 <- 1 */
    0x001C0086, 0x001A001B,    /* 0BEF  sub L28 <- L26 - L27 */
    0x001A1C41,                /* 0BF1  move L26 <- L28 */
    0x001901A2, 0x000F0001,    /* 0BF2  msg base=L25 argc=1 msg#15 nres=1   (resize) */
    0x000B1946,                /* 0BF4  lconst L25 <- static#11   ("error") */
    0x001A0097, 0x00120019,    /* 0BF5  is L26 <- L18 is L25 */
    0x00011A4B,                /* 0BF7  jf L26, +1 */
    0x00120102,                /* 0BF8  return L18 count=1 */
    0x00198141,                /* 0BF9  move L25 <- P1 */
    0x002E1A45,                /* 0BFA  lsym L26 <- sym#46   ("jmp") */
    0x001B0C41,                /* 0BFB  move L27 <- L12 */
    0x001902A2, 0x000C0001,    /* 0BFC  msg base=L25 argc=2 msg#12 nres=1   (emit_jump) */
    0x00131941,                /* 0BFE  move L19 <- L25 */
    0x000B1946,                /* 0BFF  lconst L25 <- static#11   ("error") */
    0x001A0097, 0x00130019,    /* 0C00  is L26 <- L19 is L25 */
    0x00011A4B,                /* 0C02  jf L26, +1 */
    0x00130102,                /* 0C03  return L19 count=1 */
    0x00198141,                /* 0C04  move L25 <- P1 */
    0x001A0D41,                /* 0C05  move L26 <- L13 */
    0x001901A2, 0x000D0001,    /* 0C06  msg base=L25 argc=1 msg#13 nres=1   (mark_label) */
    0x00141941,                /* 0C08  move L20 <- L25 */
    0x000B1946,                /* 0C09  lconst L25 <- static#11   ("error") */
    0x001A0097, 0x00140019,    /* 0C0A  is L26 <- L20 is L25 */
    0x00011A4B,                /* 0C0C  jf L26, +1 */
    0x00140102,                /* 0C0D  return L20 count=1 */
    0x00131946,                /* 0C0E  lconst L25 <- static#19   ("nil") */
    0x001A0097, 0x00030019,    /* 0C0F  is L26 <- L3 is L25 */
    0x001B1A4A,                /* 0C11  not L27 <- L26 */
    0x000C1B4B,                /* 0C12  jf L27, +12 */
    0x00081942,                /* 0C13  gget L25 <- g8   (compile_body) */
    0x001A0341,                /* 0C14  move L26 <- L3 */
    0x001B8141,                /* 0C15  move L27 <- P1 */
    0x001C0003,                /* 0C16  lnil L28 */
    0x001903A0, 0x00010000,    /* 0C17  call base=L25 argc=3 nres=1 */
    0x00181941,                /* 0C19  move L24 <- L25 */
    0x000B1946,                /* 0C1A  lconst L25 <- static#11   ("error") */
    0x001A0097, 0x00180019,    /* 0C1B  is L26 <- L24 is L25 */
    0x00011A4B,                /* 0C1D  jf L26, +1 */
    0x00180102,                /* 0C1E  return L24 count=1 */
    0x00198141,                /* 0C1F  move L25 <- P1 */
    0x001A0E41,                /* 0C20  move L26 <- L14 */
    0x001901A2, 0x000D0001,    /* 0C21  msg base=L25 argc=1 msg#13 nres=1   (mark_label) */
    0x00151941,                /* 0C23  move L21 <- L25 */
    0x000B1946,                /* 0C24  lconst L25 <- static#11   ("error") */
    0x001A0097, 0x00150019,    /* 0C25  is L26 <- L21 is L25 */
    0x00011A4B,                /* 0C27  jf L26, +1 */
    0x00150102,                /* 0C28  return L21 count=1 */
    0x00198141,                /* 0C29  move L25 <- P1 */
    0x001A0441,                /* 0C2A  move L26 <- L4 */
    0x001901A2, 0x00040001,    /* 0C2B  msg base=L25 argc=1 msg#4 nres=1   (free_to) */
    0x00190102,                /* 0C2D  return L25 count=1 */
    0x003C0142,                /* 0C2E  gget L1 <- g60   (len) */
    0x0002009A, 0x8001002F,    /* 0C2F  getattr L2 <- P1.sym#47   ("loops") */
    0x000101A0, 0x00010000,    /* 0C31  call base=L1 argc=1 nres=1 */
    0x00020040,                /* 0C33  i8 L2 <- 0 */
    0x0003008F, 0x00010002,    /* 0C34  eq L3 <- L1 == L2 */
    0x0005034B,                /* 0C36  jf L3, +5 */
    0x00340142,                /* 0C37  gget L1 <- g52   (error) */
    0x00210246,                /* 0C38  lconst L2 <- static#33   ("`break` outside a loop") */
    0x000101A0, 0x00010000,    /* 0C39  call base=L1 argc=1 nres=1 */
    0x00010102,                /* 0C3B  return L1 count=1 */
    0x0001009A, 0x8001002F,    /* 0C3C  getattr L1 <- P1.sym#47   ("loops") */
    0x003C0242,                /* 0C3E  gget L2 <- g60   (len) */
    0x0003009A, 0x8001002F,    /* 0C3F  getattr L3 <- P1.sym#47   ("loops") */
    0x000201A0, 0x00010000,    /* 0C41  call base=L2 argc=1 nres=1 */
    0x00030140,                /* 0C43  i8 L3 <- 1 */
    0x00040086, 0x00020003,    /* 0C44  sub L4 <- L2 - L3 */
    0x00000098, 0x00010004,    /* 0C46  getidx L0 <- L1[L4] */
    0x00018141,                /* 0C48  move L1 <- P1 */
    0x002E0245,                /* 0C49  lsym L2 <- sym#46   ("jmp") */
    0x00030140,                /* 0C4A  i8 L3 <- 1 */
    0x00040098, 0x00000003,    /* 0C4B  getidx L4 <- L0[L3] */
    0x00030441,                /* 0C4D  move L3 <- L4 */
    0x000102A2, 0x000C0001,    /* 0C4E  msg base=L1 argc=2 msg#12 nres=1   (emit_jump) */
    0x00010102,                /* 0C50  return L1 count=1 */
    0x003C0142,                /* 0C51  gget L1 <- g60   (len) */
    0x0002009A, 0x8001002F,    /* 0C52  getattr L2 <- P1.sym#47   ("loops") */
    0x000101A0, 0x00010000,    /* 0C54  call base=L1 argc=1 nres=1 */
    0x00020040,                /* 0C56  i8 L2 <- 0 */
    0x0003008F, 0x00010002,    /* 0C57  eq L3 <- L1 == L2 */
    0x0005034B,                /* 0C59  jf L3, +5 */
    0x00340142,                /* 0C5A  gget L1 <- g52   (error) */
    0x00220246,                /* 0C5B  lconst L2 <- static#34   ("`continue` outside a loop") */
    0x000101A0, 0x00010000,    /* 0C5C  call base=L1 argc=1 nres=1 */
    0x00010102,                /* 0C5E  return L1 count=1 */
    0x0001009A, 0x8001002F,    /* 0C5F  getattr L1 <- P1.sym#47   ("loops") */
    0x003C0242,                /* 0C61  gget L2 <- g60   (len) */
    0x0003009A, 0x8001002F,    /* 0C62  getattr L3 <- P1.sym#47   ("loops") */
    0x000201A0, 0x00010000,    /* 0C64  call base=L2 argc=1 nres=1 */
    0x00030140,                /* 0C66  i8 L3 <- 1 */
    0x00040086, 0x00020003,    /* 0C67  sub L4 <- L2 - L3 */
    0x00000098, 0x00010004,    /* 0C69  getidx L0 <- L1[L4] */
    0x00018141,                /* 0C6B  move L1 <- P1 */
    0x002E0245,                /* 0C6C  lsym L2 <- sym#46   ("jmp") */
    0x00030040,                /* 0C6D  i8 L3 <- 0 */
    0x00040098, 0x00000003,    /* 0C6E  getidx L4 <- L0[L3] */
    0x00030441,                /* 0C70  move L3 <- L4 */
    0x000102A2, 0x000C0001,    /* 0C71  msg base=L1 argc=2 msg#12 nres=1   (emit_jump) */
    0x00010102,                /* 0C73  return L1 count=1 */
    0x00450042,                /* 0C74  gget L0 <- g69   (compile_yield) */
    0x00018041,                /* 0C75  move L1 <- P0 */
    0x00028141,                /* 0C76  move L2 <- P1 */
    0x00038241,                /* 0C77  move L3 <- P2 */
    0x000003A0, 0x00010000,    /* 0C78  call base=L0 argc=3 nres=1 */
    0x00000102,                /* 0C7A  return L0 count=1 */
    0x00030142,                /* 0C7B  gget L1 <- g3   (_field) */
    0x00028041,                /* 0C7C  move L2 <- P0 */
    0x00030140,                /* 0C7D  i8 L3 <- 1 */
    0x000102A0, 0x00010000,    /* 0C7E  call base=L1 argc=2 nres=1 */
    0x00000141,                /* 0C80  move L0 <- L1 */
    0x0001004E,                /* 0C81  jnerr L0, +1 */
    0x00000003,                /* 0C82  lnil L0 */
    0x0001009A, 0x80010034,    /* 0C83  getattr L1 <- P1.sym#52   ("statics") */
    0x00020096, 0x00000001,    /* 0C85  in L2 <- L0 in L1 */
    0x0003024A,                /* 0C87  not L3 <- L2 */
    0x0005034B,                /* 0C88  jf L3, +5 */
    0x00340142,                /* 0C89  gget L1 <- g52   (error) */
    0x00230246,                /* 0C8A  lconst L2 <- static#35   ("`static` is only meaningful inside a function or class body") */
    0x000101A0, 0x00010000,    /* 0C8B  call base=L1 argc=1 nres=1 */
    0x00010102,                /* 0C8D  return L1 count=1 */
    0x00010003,                /* 0C8E  lnil L1 */
    0x00010102,                /* 0C8F  return L1 count=1 */
    0x00008041,                /* 0C90  move L0 <- P0 */
    0x00320043,                /* 0C91  gset g50 <- L0   (_nested_fn_compiler) */
    0x00000003,                /* 0C92  lnil L0 */
    0x00000102,                /* 0C93  return L0 count=1 */
    0x00008041,                /* 0C94  move L0 <- P0 */
    0x00330043,                /* 0C95  gset g51 <- L0   (_defer_compiler) */
    0x00000003,                /* 0C96  lnil L0 */
    0x00000102,                /* 0C97  return L0 count=1 */
    0x00320042,                /* 0C98  gget L0 <- g50   (_nested_fn_compiler) */
    0x00130146,                /* 0C99  lconst L1 <- static#19   ("nil") */
    0x00020097, 0x00000001,    /* 0C9A  is L2 <- L0 is L1 */
    0x0005024B,                /* 0C9C  jf L2, +5 */
    0x00340042,                /* 0C9D  gget L0 <- g52   (error) */
    0x00240146,                /* 0C9E  lconst L1 <- static#36   ("nested `fn`/`co` definitions need functions.wy's compile_nested_fn (M4); import wyrm::compiler::functions before compiling a module with nested definitions") */
    0x000001A0, 0x00010000,    /* 0C9F  call base=L0 argc=1 nres=1 */
    0x00000102,                /* 0CA1  return L0 count=1 */
    0x00320042,                /* 0CA2  gget L0 <- g50   (_nested_fn_compiler) */
    0x00018041,                /* 0CA3  move L1 <- P0 */
    0x00028141,                /* 0CA4  move L2 <- P1 */
    0x00030003,                /* 0CA5  lnil L3 */
    0x000003A0, 0x00010000,    /* 0CA6  call base=L0 argc=3 nres=1 */
    0x00000102,                /* 0CA8  return L0 count=1 */
    0x00330042,                /* 0CA9  gget L0 <- g51   (_defer_compiler) */
    0x00130146,                /* 0CAA  lconst L1 <- static#19   ("nil") */
    0x00020097, 0x00000001,    /* 0CAB  is L2 <- L0 is L1 */
    0x0005024B,                /* 0CAD  jf L2, +5 */
    0x00340042,                /* 0CAE  gget L0 <- g52   (error) */
    0x00250146,                /* 0CAF  lconst L1 <- static#37   ("`defer` needs functions.wy's compile_defer (M4); import wyrm::compiler::functions before compiling a module with `defer`") */
    0x000001A0, 0x00010000,    /* 0CB0  call base=L0 argc=1 nres=1 */
    0x00000102,                /* 0CB2  return L0 count=1 */
    0x00330042,                /* 0CB3  gget L0 <- g51   (_defer_compiler) */
    0x00018041,                /* 0CB4  move L1 <- P0 */
    0x00028141,                /* 0CB5  move L2 <- P1 */
    0x000002A0, 0x00010000,    /* 0CB6  call base=L0 argc=2 nres=1 */
    0x00000102,                /* 0CB8  return L0 count=1 */
    0x00030242,                /* 0CB9  gget L2 <- g3   (_field) */
    0x00038041,                /* 0CBA  move L3 <- P0 */
    0x00040140,                /* 0CBB  i8 L4 <- 1 */
    0x000202A0, 0x00010000,    /* 0CBC  call base=L2 argc=2 nres=1 */
    0x00000241,                /* 0CBE  move L0 <- L2 */
    0x0001004E,                /* 0CBF  jnerr L0, +1 */
    0x00000003,                /* 0CC0  lnil L0 */
    0x003D0242,                /* 0CC1  gget L2 <- g61   (node_kind) */
    0x00030041,                /* 0CC2  move L3 <- L0 */
    0x000201A0, 0x00010000,    /* 0CC3  call base=L2 argc=1 nres=1 */
    0x00010241,                /* 0CC5  move L1 <- L2 */
    0x00350345,                /* 0CC6  lsym L3 <- sym#53   ("fn_def") */
    0x0002008F, 0x00010003,    /* 0CC7  eq L2 <- L1 == L3 */
    0x0003024C,                /* 0CC9  jt L2, +3 */
    0x00360345,                /* 0CCA  lsym L3 <- sym#54   ("co_def") */
    0x0002008F, 0x00010003,    /* 0CCB  eq L2 <- L1 == L3 */
    0x0012024B,                /* 0CCD  jf L2, +18 */
    0x00320242,                /* 0CCE  gget L2 <- g50   (_nested_fn_compiler) */
    0x00130346,                /* 0CCF  lconst L3 <- static#19   ("nil") */
    0x00040097, 0x00020003,    /* 0CD0  is L4 <- L2 is L3 */
    0x0005044B,                /* 0CD2  jf L4, +5 */
    0x00340242,                /* 0CD3  gget L2 <- g52   (error) */
    0x00240346,                /* 0CD4  lconst L3 <- static#36   ("nested `fn`/`co` definitions need functions.wy's compile_nested_fn (M4); import wyrm::compiler::functions before compiling a module with nested definitions") */
    0x000201A0, 0x00010000,    /* 0CD5  call base=L2 argc=1 nres=1 */
    0x00020102,                /* 0CD7  return L2 count=1 */
    0x00320242,                /* 0CD8  gget L2 <- g50   (_nested_fn_compiler) */
    0x00030041,                /* 0CD9  move L3 <- L0 */
    0x00048141,                /* 0CDA  move L4 <- P1 */
    0x00050003,                /* 0CDB  lnil L5 */
    0x00060104,                /* 0CDC  lbool L6 <- 1 */
    0x000204A0, 0x00010000,    /* 0CDD  call base=L2 argc=4 nres=1 */
    0x00020102,                /* 0CDF  return L2 count=1 */
    0x00070242,                /* 0CE0  gget L2 <- g7   (compile_statement) */
    0x00030041,                /* 0CE1  move L3 <- L0 */
    0x00048141,                /* 0CE2  move L4 <- P1 */
    0x00058241,                /* 0CE3  move L5 <- P2 */
    0x000203A0, 0x00010000,    /* 0CE4  call base=L2 argc=3 nres=1 */
    0x00020102,                /* 0CE6  return L2 count=1 */
};

const wy_module_image statements_image = {
    .name = "statements",
    .sections = {
        [WY_SEC_HEADER] = { statements_header, sizeof statements_header },
        [WY_SEC_STATICS] = { statements_statics, sizeof statements_statics },
        [WY_SEC_SYMBOLS] = { statements_symbols, sizeof statements_symbols },
        [WY_SEC_FUNCTIONS] = { statements_functions, sizeof statements_functions },
        [WY_SEC_CLASSES] = { statements_classes, sizeof statements_classes },
        [WY_SEC_MESSAGES] = { statements_messages, sizeof statements_messages },
        [WY_SEC_CODE] = { (const uint8_t*) statements_code, sizeof statements_code },
        [WY_SEC_EXPORTS] = { statements_exports, sizeof statements_exports },
        [WY_SEC_FREE] = { statements_free, sizeof statements_free },
    },
};
