/* Generated from verify by wypoc's bytecode compiler. */

#include <stdint.h>
#include "wyrm/image.h"

static const uint8_t verify_header[] = {
    0x28, 0x00, 0x00, 0x00, 0x02, 0x6E, 0x00, 0x07, 0x00, 0x00, 0x00, 0x76,
    0x65, 0x72, 0x69, 0x66, 0x79, 0x00, 0x10, 0x76, 0x00, 0x01, 0x00, 0x00,
    0x00, 0x10, 0x67, 0x00, 0x36, 0x00, 0x00, 0x00, 0x10, 0x6C, 0x00, 0x01,
    0x00, 0x00, 0x00, 0x00,
};

static const uint8_t verify_statics[] = {
    0x92, 0x06, 0x00, 0x00, 0x02, 0x30, 0x00, 0x07, 0x00, 0x00, 0x00, 0x77,
    0x79, 0x72, 0x6D, 0x3A, 0x3A, 0x00, 0x02, 0x31, 0x00, 0x0E, 0x00, 0x00,
    0x00, 0x77, 0x79, 0x72, 0x6D, 0x3A, 0x3A, 0x6F, 0x70, 0x63, 0x6F, 0x64,
    0x65, 0x73, 0x00, 0x02, 0x32, 0x00, 0x06, 0x00, 0x00, 0x00, 0x65, 0x72,
    0x72, 0x6F, 0x72, 0x00, 0x02, 0x33, 0x00, 0x0A, 0x00, 0x00, 0x00, 0x66,
    0x75, 0x6E, 0x63, 0x74, 0x69, 0x6F, 0x6E, 0x73, 0x00, 0x02, 0x34, 0x00,
    0x0C, 0x00, 0x00, 0x00, 0x63, 0x6F, 0x64, 0x65, 0x5F, 0x6F, 0x66, 0x66,
    0x73, 0x65, 0x74, 0x00, 0x02, 0x35, 0x00, 0x05, 0x00, 0x00, 0x00, 0x63,
    0x6F, 0x64, 0x65, 0x00, 0x02, 0x36, 0x00, 0x05, 0x00, 0x00, 0x00, 0x6E,
    0x61, 0x6D, 0x65, 0x00, 0x02, 0x37, 0x00, 0x07, 0x00, 0x00, 0x00, 0x3C,
    0x69, 0x6E, 0x69, 0x74, 0x3E, 0x00, 0x02, 0x38, 0x00, 0x06, 0x00, 0x00,
    0x00, 0x73, 0x74, 0x61, 0x72, 0x74, 0x00, 0x02, 0x39, 0x00, 0x04, 0x00,
    0x00, 0x00, 0x65, 0x6E, 0x64, 0x00, 0x02, 0x31, 0x30, 0x00, 0x08, 0x00,
    0x00, 0x00, 0x6E, 0x6C, 0x6F, 0x63, 0x61, 0x6C, 0x73, 0x00, 0x02, 0x31,
    0x31, 0x00, 0x0D, 0x00, 0x00, 0x00, 0x69, 0x6E, 0x69, 0x74, 0x5F, 0x6E,
    0x6C, 0x6F, 0x63, 0x61, 0x6C, 0x73, 0x00, 0x02, 0x31, 0x32, 0x00, 0x07,
    0x00, 0x00, 0x00, 0x70, 0x66, 0x72, 0x61, 0x6D, 0x65, 0x00, 0x02, 0x31,
    0x33, 0x00, 0x05, 0x00, 0x00, 0x00, 0x75, 0x73, 0x65, 0x73, 0x00, 0x02,
    0x31, 0x34, 0x00, 0x0C, 0x00, 0x00, 0x00, 0x6D, 0x6F, 0x64, 0x75, 0x6C,
    0x65, 0x5F, 0x75, 0x73, 0x65, 0x73, 0x00, 0x02, 0x31, 0x35, 0x00, 0x0A,
    0x00, 0x00, 0x00, 0x6E, 0x63, 0x61, 0x70, 0x74, 0x75, 0x72, 0x65, 0x73,
    0x00, 0x02, 0x31, 0x36, 0x00, 0x04, 0x00, 0x00, 0x00, 0x6E, 0x69, 0x6C,
    0x00, 0x02, 0x31, 0x37, 0x00, 0x09, 0x00, 0x00, 0x00, 0x64, 0x69, 0x73,
    0x70, 0x61, 0x74, 0x63, 0x68, 0x00, 0x02, 0x31, 0x38, 0x00, 0x07, 0x00,
    0x00, 0x00, 0x70, 0x61, 0x72, 0x61, 0x6D, 0x73, 0x00, 0x02, 0x31, 0x39,
    0x00, 0x09, 0x00, 0x00, 0x00, 0x76, 0x65, 0x72, 0x69, 0x66, 0x79, 0x3A,
    0x20, 0x00, 0x02, 0x32, 0x30, 0x00, 0x0A, 0x00, 0x00, 0x00, 0x20, 0x61,
    0x74, 0x20, 0x77, 0x6F, 0x72, 0x64, 0x20, 0x00, 0x02, 0x32, 0x31, 0x00,
    0x03, 0x00, 0x00, 0x00, 0x3A, 0x20, 0x00, 0x02, 0x32, 0x32, 0x00, 0x07,
    0x00, 0x00, 0x00, 0x6E, 0x77, 0x6F, 0x72, 0x64, 0x73, 0x00, 0x02, 0x32,
    0x33, 0x00, 0x2A, 0x00, 0x00, 0x00, 0x69, 0x6E, 0x73, 0x74, 0x72, 0x75,
    0x63, 0x74, 0x69, 0x6F, 0x6E, 0x20, 0x72, 0x75, 0x6E, 0x73, 0x20, 0x70,
    0x61, 0x73, 0x74, 0x20, 0x74, 0x68, 0x65, 0x20, 0x65, 0x6E, 0x64, 0x20,
    0x6F, 0x66, 0x20, 0x74, 0x68, 0x65, 0x20, 0x62, 0x6F, 0x64, 0x79, 0x00,
    0x02, 0x32, 0x34, 0x00, 0x06, 0x00, 0x00, 0x00, 0x65, 0x6E, 0x74, 0x72,
    0x79, 0x00, 0x02, 0x32, 0x35, 0x00, 0x08, 0x00, 0x00, 0x00, 0x69, 0x73,
    0x5F, 0x77, 0x69, 0x64, 0x65, 0x00, 0x02, 0x32, 0x36, 0x00, 0x07, 0x00,
    0x00, 0x00, 0x66, 0x69, 0x65, 0x6C, 0x64, 0x73, 0x00, 0x02, 0x32, 0x37,
    0x00, 0x09, 0x00, 0x00, 0x00, 0x6F, 0x70, 0x65, 0x72, 0x61, 0x6E, 0x64,
    0x73, 0x00, 0x02, 0x32, 0x38, 0x00, 0x0E, 0x00, 0x00, 0x00, 0x77, 0x69,
    0x64, 0x65, 0x5F, 0x6F, 0x70, 0x65, 0x72, 0x61, 0x6E, 0x64, 0x73, 0x00,
    0x02, 0x32, 0x39, 0x00, 0x04, 0x00, 0x00, 0x00, 0x72, 0x65, 0x67, 0x00,
    0x02, 0x33, 0x30, 0x00, 0x05, 0x00, 0x00, 0x00, 0x72, 0x65, 0x67, 0x38,
    0x00, 0x02, 0x33, 0x31, 0x00, 0x04, 0x00, 0x00, 0x00, 0x72, 0x65, 0x6C,
    0x00, 0x02, 0x33, 0x32, 0x00, 0x08, 0x00, 0x00, 0x00, 0x6D, 0x65, 0x73,
    0x73, 0x61, 0x67, 0x65, 0x00, 0x02, 0x33, 0x33, 0x00, 0x09, 0x00, 0x00,
    0x00, 0x6D, 0x65, 0x73, 0x73, 0x61, 0x67, 0x65, 0x73, 0x00, 0x02, 0x33,
    0x34, 0x00, 0x07, 0x00, 0x00, 0x00, 0x73, 0x74, 0x61, 0x74, 0x69, 0x63,
    0x00, 0x02, 0x33, 0x35, 0x00, 0x08, 0x00, 0x00, 0x00, 0x73, 0x74, 0x61,
    0x74, 0x69, 0x63, 0x73, 0x00, 0x02, 0x33, 0x36, 0x00, 0x07, 0x00, 0x00,
    0x00, 0x73, 0x79, 0x6D, 0x62, 0x6F, 0x6C, 0x00, 0x02, 0x33, 0x37, 0x00,
    0x08, 0x00, 0x00, 0x00, 0x73, 0x79, 0x6D, 0x62, 0x6F, 0x6C, 0x73, 0x00,
    0x02, 0x33, 0x38, 0x00, 0x07, 0x00, 0x00, 0x00, 0x67, 0x6C, 0x6F, 0x62,
    0x61, 0x6C, 0x00, 0x02, 0x33, 0x39, 0x00, 0x08, 0x00, 0x00, 0x00, 0x67,
    0x6C, 0x6F, 0x62, 0x61, 0x6C, 0x73, 0x00, 0x02, 0x34, 0x30, 0x00, 0x02,
    0x00, 0x00, 0x00, 0x20, 0x00, 0x02, 0x34, 0x31, 0x00, 0x0B, 0x00, 0x00,
    0x00, 0x20, 0x69, 0x73, 0x20, 0x69, 0x6E, 0x64, 0x65, 0x78, 0x20, 0x00,
    0x02, 0x34, 0x32, 0x00, 0x16, 0x00, 0x00, 0x00, 0x2C, 0x20, 0x62, 0x75,
    0x74, 0x20, 0x74, 0x68, 0x65, 0x72, 0x65, 0x20, 0x61, 0x72, 0x65, 0x20,
    0x6F, 0x6E, 0x6C, 0x79, 0x20, 0x00, 0x02, 0x34, 0x33, 0x00, 0x10, 0x00,
    0x00, 0x00, 0x20, 0x67, 0x6C, 0x6F, 0x62, 0x61, 0x6C, 0x20, 0x73, 0x6C,
    0x6F, 0x74, 0x28, 0x73, 0x29, 0x00, 0x02, 0x34, 0x34, 0x00, 0x09, 0x00,
    0x00, 0x00, 0x66, 0x75, 0x6E, 0x63, 0x74, 0x69, 0x6F, 0x6E, 0x00, 0x02,
    0x34, 0x35, 0x00, 0x06, 0x00, 0x00, 0x00, 0x63, 0x6C, 0x61, 0x73, 0x73,
    0x00, 0x02, 0x34, 0x36, 0x00, 0x08, 0x00, 0x00, 0x00, 0x63, 0x6C, 0x61,
    0x73, 0x73, 0x65, 0x73, 0x00, 0x02, 0x34, 0x37, 0x00, 0x06, 0x00, 0x00,
    0x00, 0x20, 0x69, 0x73, 0x20, 0x50, 0x00, 0x02, 0x34, 0x38, 0x00, 0x19,
    0x00, 0x00, 0x00, 0x2C, 0x20, 0x62, 0x75, 0x74, 0x20, 0x74, 0x68, 0x65,
    0x20, 0x50, 0x20, 0x66, 0x72, 0x61, 0x6D, 0x65, 0x20, 0x68, 0x6F, 0x6C,
    0x64, 0x73, 0x20, 0x00, 0x02, 0x34, 0x39, 0x00, 0x09, 0x00, 0x00, 0x00,
    0x20, 0x73, 0x6C, 0x6F, 0x74, 0x28, 0x73, 0x29, 0x00, 0x02, 0x35, 0x30,
    0x00, 0x06, 0x00, 0x00, 0x00, 0x20, 0x69, 0x73, 0x20, 0x4C, 0x00, 0x02,
    0x35, 0x31, 0x00, 0x17, 0x00, 0x00, 0x00, 0x2C, 0x20, 0x62, 0x75, 0x74,
    0x20, 0x74, 0x68, 0x65, 0x20, 0x66, 0x72, 0x61, 0x6D, 0x65, 0x20, 0x68,
    0x6F, 0x6C, 0x64, 0x73, 0x20, 0x00, 0x02, 0x35, 0x32, 0x00, 0x12, 0x00,
    0x00, 0x00, 0x20, 0x77, 0x69, 0x6E, 0x64, 0x6F, 0x77, 0x20, 0x62, 0x61,
    0x73, 0x65, 0x20, 0x69, 0x73, 0x20, 0x50, 0x00, 0x02, 0x35, 0x33, 0x00,
    0x1E, 0x00, 0x00, 0x00, 0x3B, 0x20, 0x77, 0x69, 0x6E, 0x64, 0x6F, 0x77,
    0x73, 0x20, 0x6C, 0x69, 0x76, 0x65, 0x20, 0x69, 0x6E, 0x20, 0x74, 0x68,
    0x65, 0x20, 0x4C, 0x20, 0x66, 0x72, 0x61, 0x6D, 0x65, 0x00, 0x02, 0x35,
    0x34, 0x00, 0x0A, 0x00, 0x00, 0x00, 0x20, 0x77, 0x69, 0x6E, 0x64, 0x6F,
    0x77, 0x20, 0x4C, 0x00, 0x02, 0x35, 0x35, 0x00, 0x04, 0x00, 0x00, 0x00,
    0x2E, 0x2E, 0x4C, 0x00, 0x02, 0x35, 0x36, 0x00, 0x10, 0x00, 0x00, 0x00,
    0x20, 0x72, 0x75, 0x6E, 0x73, 0x20, 0x70, 0x61, 0x73, 0x74, 0x20, 0x74,
    0x68, 0x65, 0x20, 0x00, 0x02, 0x35, 0x37, 0x00, 0x0C, 0x00, 0x00, 0x00,
    0x2D, 0x73, 0x6C, 0x6F, 0x74, 0x20, 0x66, 0x72, 0x61, 0x6D, 0x65, 0x00,
    0x02, 0x35, 0x38, 0x00, 0x03, 0x00, 0x00, 0x00, 0x77, 0x31, 0x00, 0x02,
    0x35, 0x39, 0x00, 0x10, 0x00, 0x00, 0x00, 0x20, 0x6A, 0x75, 0x6D, 0x70,
    0x73, 0x20, 0x74, 0x6F, 0x20, 0x77, 0x6F, 0x72, 0x64, 0x20, 0x00, 0x02,
    0x36, 0x30, 0x00, 0x15, 0x00, 0x00, 0x00, 0x2C, 0x20, 0x6F, 0x75, 0x74,
    0x73, 0x69, 0x64, 0x65, 0x20, 0x74, 0x68, 0x65, 0x20, 0x62, 0x6F, 0x64,
    0x79, 0x20, 0x5B, 0x00, 0x02, 0x36, 0x31, 0x00, 0x03, 0x00, 0x00, 0x00,
    0x2C, 0x20, 0x00, 0x02, 0x36, 0x32, 0x00, 0x02, 0x00, 0x00, 0x00, 0x29,
    0x00, 0x02, 0x36, 0x33, 0x00, 0x27, 0x00, 0x00, 0x00, 0x2C, 0x20, 0x77,
    0x68, 0x69, 0x63, 0x68, 0x20, 0x69, 0x73, 0x20, 0x6E, 0x6F, 0x74, 0x20,
    0x61, 0x6E, 0x20, 0x69, 0x6E, 0x73, 0x74, 0x72, 0x75, 0x63, 0x74, 0x69,
    0x6F, 0x6E, 0x20, 0x62, 0x6F, 0x75, 0x6E, 0x64, 0x61, 0x72, 0x79, 0x00,
    0x02, 0x36, 0x34, 0x00, 0x16, 0x00, 0x00, 0x00, 0x2C, 0x20, 0x62, 0x75,
    0x74, 0x20, 0x74, 0x68, 0x61, 0x74, 0x20, 0x74, 0x61, 0x62, 0x6C, 0x65,
    0x20, 0x68, 0x61, 0x73, 0x20, 0x00, 0x02, 0x36, 0x35, 0x00, 0x0B, 0x00,
    0x00, 0x00, 0x20, 0x65, 0x6E, 0x74, 0x72, 0x28, 0x69, 0x65, 0x73, 0x29,
    0x00, 0x02, 0x36, 0x36, 0x00, 0x0C, 0x00, 0x00, 0x00, 0x72, 0x65, 0x66,
    0x65, 0x72, 0x65, 0x6E, 0x63, 0x65, 0x73, 0x20, 0x00, 0x02, 0x36, 0x37,
    0x00, 0x2F, 0x00, 0x00, 0x00, 0x20, 0x77, 0x69, 0x74, 0x68, 0x6F, 0x75,
    0x74, 0x20, 0x6C, 0x69, 0x73, 0x74, 0x69, 0x6E, 0x67, 0x20, 0x69, 0x74,
    0x20, 0x69, 0x6E, 0x20, 0x69, 0x74, 0x73, 0x20, 0x72, 0x65, 0x66, 0x65,
    0x72, 0x65, 0x6E, 0x63, 0x65, 0x64, 0x2D, 0x6E, 0x61, 0x6D, 0x65, 0x20,
    0x73, 0x65, 0x74, 0x00, 0x02, 0x36, 0x38, 0x00, 0x07, 0x00, 0x00, 0x00,
    0x6C, 0x69, 0x73, 0x74, 0x73, 0x20, 0x00, 0x02, 0x36, 0x39, 0x00, 0x2F,
    0x00, 0x00, 0x00, 0x20, 0x69, 0x6E, 0x20, 0x69, 0x74, 0x73, 0x20, 0x72,
    0x65, 0x66, 0x65, 0x72, 0x65, 0x6E, 0x63, 0x65, 0x64, 0x2D, 0x6E, 0x61,
    0x6D, 0x65, 0x20, 0x73, 0x65, 0x74, 0x20, 0x62, 0x75, 0x74, 0x20, 0x6E,
    0x65, 0x76, 0x65, 0x72, 0x20, 0x72, 0x65, 0x61, 0x64, 0x73, 0x20, 0x69,
    0x74, 0x00, 0x02, 0x37, 0x30, 0x00, 0x05, 0x00, 0x00, 0x00, 0x6D, 0x73,
    0x67, 0x23, 0x00, 0x02, 0x37, 0x31, 0x00, 0x03, 0x00, 0x00, 0x00, 0x20,
    0x28, 0x00, 0x02, 0x37, 0x32, 0x00, 0x06, 0x00, 0x00, 0x00, 0x5F, 0x70,
    0x61, 0x74, 0x68, 0x00, 0x02, 0x37, 0x33, 0x00, 0x01, 0x00, 0x00, 0x00,
    0x00, 0x02, 0x37, 0x34, 0x00, 0x03, 0x00, 0x00, 0x00, 0x3A, 0x3A, 0x00,
    0x02, 0x37, 0x35, 0x00, 0x02, 0x00, 0x00, 0x00, 0x66, 0x00, 0x02, 0x37,
    0x36, 0x00, 0x07, 0x00, 0x00, 0x00, 0x72, 0x65, 0x74, 0x75, 0x72, 0x6E,
    0x00, 0x02, 0x37, 0x37, 0x00, 0x06, 0x00, 0x00, 0x00, 0x79, 0x69, 0x65,
    0x6C, 0x64, 0x00, 0x02, 0x37, 0x38, 0x00, 0x05, 0x00, 0x00, 0x00, 0x62,
    0x61, 0x73, 0x65, 0x00, 0x02, 0x37, 0x39, 0x00, 0x06, 0x00, 0x00, 0x00,
    0x74, 0x75, 0x70, 0x6C, 0x65, 0x00, 0x02, 0x38, 0x30, 0x00, 0x05, 0x00,
    0x00, 0x00, 0x6C, 0x69, 0x73, 0x74, 0x00, 0x02, 0x38, 0x31, 0x00, 0x06,
    0x00, 0x00, 0x00, 0x70, 0x6C, 0x69, 0x73, 0x74, 0x00, 0x02, 0x38, 0x32,
    0x00, 0x05, 0x00, 0x00, 0x00, 0x64, 0x69, 0x63, 0x74, 0x00, 0x02, 0x38,
    0x33, 0x00, 0x08, 0x00, 0x00, 0x00, 0x63, 0x6C, 0x6F, 0x73, 0x75, 0x72,
    0x65, 0x00, 0x02, 0x38, 0x34, 0x00, 0x05, 0x00, 0x00, 0x00, 0x63, 0x61,
    0x70, 0x73, 0x00, 0x02, 0x38, 0x35, 0x00, 0x07, 0x00, 0x00, 0x00, 0x75,
    0x6E, 0x70, 0x61, 0x63, 0x6B, 0x00, 0x02, 0x38, 0x36, 0x00, 0x04, 0x00,
    0x00, 0x00, 0x64, 0x73, 0x74, 0x00, 0x02, 0x38, 0x37, 0x00, 0x03, 0x00,
    0x00, 0x00, 0x61, 0x30, 0x00, 0x02, 0x38, 0x38, 0x00, 0x03, 0x00, 0x00,
    0x00, 0x61, 0x31, 0x00, 0x02, 0x38, 0x39, 0x00, 0x03, 0x00, 0x00, 0x00,
    0x61, 0x32, 0x00, 0x02, 0x39, 0x30, 0x00, 0x05, 0x00, 0x00, 0x00, 0x63,
    0x61, 0x6C, 0x6C, 0x00, 0x02, 0x39, 0x31, 0x00, 0x06, 0x00, 0x00, 0x00,
    0x73, 0x75, 0x70, 0x65, 0x72, 0x00, 0x02, 0x39, 0x32, 0x00, 0x08, 0x00,
    0x00, 0x00, 0x63, 0x61, 0x6C, 0x6C, 0x5F, 0x76, 0x61, 0x00, 0x02, 0x39,
    0x33, 0x00, 0x04, 0x00, 0x00, 0x00, 0x6D, 0x73, 0x67, 0x00, 0x02, 0x39,
    0x34, 0x00, 0x07, 0x00, 0x00, 0x00, 0x6D, 0x73, 0x67, 0x5F, 0x76, 0x61,
    0x00, 0x00,
};

static const uint8_t verify_symbols[] = {
    0x13, 0x00, 0x00, 0x00, 0x02, 0x30, 0x00, 0x07, 0x00, 0x00, 0x00, 0x61,
    0x70, 0x70, 0x65, 0x6E, 0x64, 0x00, 0x00,
};

static const uint8_t verify_functions[] = {
    0xDF, 0x06, 0x00, 0x00, 0x03, 0x30, 0x00, 0x45, 0x00, 0x00, 0x00, 0x02,
    0x6E, 0x00, 0x07, 0x00, 0x00, 0x00, 0x76, 0x65, 0x72, 0x69, 0x66, 0x79,
    0x00, 0x04, 0x70, 0x00, 0x1A, 0x00, 0x00, 0x00, 0x03, 0x30, 0x00, 0x12,
    0x00, 0x00, 0x00, 0x02, 0x6E, 0x00, 0x06, 0x00, 0x00, 0x00, 0x69, 0x6D,
    0x61, 0x67, 0x65, 0x00, 0x00, 0x00, 0x10, 0x6C, 0x00, 0x07, 0x00, 0x00,
    0x00, 0x10, 0x63, 0x00, 0x33, 0x00, 0x00, 0x00, 0x10, 0x66, 0x00, 0x00,
    0x00, 0x00, 0x00, 0x00, 0x03, 0x31, 0x00, 0x47, 0x00, 0x00, 0x00, 0x02,
    0x6E, 0x00, 0x09, 0x00, 0x00, 0x00, 0x5F, 0x72, 0x65, 0x67, 0x69, 0x6F,
    0x6E, 0x73, 0x00, 0x04, 0x70, 0x00, 0x1A, 0x00, 0x00, 0x00, 0x03, 0x30,
    0x00, 0x12, 0x00, 0x00, 0x00, 0x02, 0x6E, 0x00, 0x06, 0x00, 0x00, 0x00,
    0x69, 0x6D, 0x61, 0x67, 0x65, 0x00, 0x00, 0x00, 0x10, 0x6C, 0x00, 0x1F,
    0x00, 0x00, 0x00, 0x10, 0x63, 0x00, 0x4F, 0x00, 0x00, 0x00, 0x10, 0x66,
    0x00, 0x00, 0x00, 0x00, 0x00, 0x00, 0x03, 0x32, 0x00, 0x63, 0x00, 0x00,
    0x00, 0x02, 0x6E, 0x00, 0x0F, 0x00, 0x00, 0x00, 0x5F, 0x76, 0x65, 0x72,
    0x69, 0x66, 0x79, 0x5F, 0x72, 0x65, 0x67, 0x69, 0x6F, 0x6E, 0x00, 0x04,
    0x70, 0x00, 0x30, 0x00, 0x00, 0x00, 0x03, 0x30, 0x00, 0x12, 0x00, 0x00,
    0x00, 0x02, 0x6E, 0x00, 0x06, 0x00, 0x00, 0x00, 0x69, 0x6D, 0x61, 0x67,
    0x65, 0x00, 0x00, 0x03, 0x31, 0x00, 0x13, 0x00, 0x00, 0x00, 0x02, 0x6E,
    0x00, 0x07, 0x00, 0x00, 0x00, 0x72, 0x65, 0x67, 0x69, 0x6F, 0x6E, 0x00,
    0x00, 0x00, 0x10, 0x6C, 0x00, 0x37, 0x00, 0x00, 0x00, 0x10, 0x63, 0x00,
    0x2B, 0x01, 0x00, 0x00, 0x10, 0x66, 0x00, 0x00, 0x00, 0x00, 0x00, 0x00,
    0x03, 0x33, 0x00, 0xA2, 0x00, 0x00, 0x00, 0x02, 0x6E, 0x00, 0x10, 0x00,
    0x00, 0x00, 0x5F, 0x63, 0x68, 0x65, 0x63, 0x6B, 0x5F, 0x72, 0x65, 0x67,
    0x69, 0x73, 0x74, 0x65, 0x72, 0x00, 0x04, 0x70, 0x00, 0x6E, 0x00, 0x00,
    0x00, 0x03, 0x30, 0x00, 0x13, 0x00, 0x00, 0x00, 0x02, 0x6E, 0x00, 0x07,
    0x00, 0x00, 0x00, 0x72, 0x65, 0x67, 0x69, 0x6F, 0x6E, 0x00, 0x00, 0x03,
    0x31, 0x00, 0x13, 0x00, 0x00, 0x00, 0x02, 0x6E, 0x00, 0x07, 0x00, 0x00,
    0x00, 0x6F, 0x66, 0x66, 0x73, 0x65, 0x74, 0x00, 0x00, 0x03, 0x32, 0x00,
    0x12, 0x00, 0x00, 0x00, 0x02, 0x6E, 0x00, 0x06, 0x00, 0x00, 0x00, 0x65,
    0x6E, 0x74, 0x72, 0x79, 0x00, 0x00, 0x03, 0x33, 0x00, 0x12, 0x00, 0x00,
    0x00, 0x02, 0x6E, 0x00, 0x06, 0x00, 0x00, 0x00, 0x6C, 0x61, 0x62, 0x65,
    0x6C, 0x00, 0x00, 0x03, 0x34, 0x00, 0x10, 0x00, 0x00, 0x00, 0x02, 0x6E,
    0x00, 0x04, 0x00, 0x00, 0x00, 0x72, 0x65, 0x67, 0x00, 0x00, 0x00, 0x10,
    0x6C, 0x00, 0x13, 0x00, 0x00, 0x00, 0x10, 0x63, 0x00, 0xDE, 0x02, 0x00,
    0x00, 0x10, 0x66, 0x00, 0x00, 0x00, 0x00, 0x00, 0x00, 0x03, 0x34, 0x00,
    0xA1, 0x00, 0x00, 0x00, 0x02, 0x6E, 0x00, 0x0E, 0x00, 0x00, 0x00, 0x5F,
    0x63, 0x68, 0x65, 0x63, 0x6B, 0x5F, 0x77, 0x69, 0x6E, 0x64, 0x6F, 0x77,
    0x00, 0x04, 0x70, 0x00, 0x6F, 0x00, 0x00, 0x00, 0x03, 0x30, 0x00, 0x13,
    0x00, 0x00, 0x00, 0x02, 0x6E, 0x00, 0x07, 0x00, 0x00, 0x00, 0x72, 0x65,
    0x67, 0x69, 0x6F, 0x6E, 0x00, 0x00, 0x03, 0x31, 0x00, 0x13, 0x00, 0x00,
    0x00, 0x02, 0x6E, 0x00, 0x07, 0x00, 0x00, 0x00, 0x6F, 0x66, 0x66, 0x73,
    0x65, 0x74, 0x00, 0x00, 0x03, 0x32, 0x00, 0x12, 0x00, 0x00, 0x00, 0x02,
    0x6E, 0x00, 0x06, 0x00, 0x00, 0x00, 0x65, 0x6E, 0x74, 0x72, 0x79, 0x00,
    0x00, 0x03, 0x33, 0x00, 0x11, 0x00, 0x00, 0x00, 0x02, 0x6E, 0x00, 0x05,
    0x00, 0x00, 0x00, 0x62, 0x61, 0x73, 0x65, 0x00, 0x00, 0x03, 0x34, 0x00,
    0x12, 0x00, 0x00, 0x00, 0x02, 0x6E, 0x00, 0x06, 0x00, 0x00, 0x00, 0x63,
    0x6F, 0x75, 0x6E, 0x74, 0x00, 0x00, 0x00, 0x10, 0x6C, 0x00, 0x12, 0x00,
    0x00, 0x00, 0x10, 0x63, 0x00, 0x55, 0x03, 0x00, 0x00, 0x10, 0x66, 0x00,
    0x00, 0x00, 0x00, 0x00, 0x00, 0x03, 0x35, 0x00, 0xCE, 0x00, 0x00, 0x00,
    0x02, 0x6E, 0x00, 0x0C, 0x00, 0x00, 0x00, 0x5F, 0x63, 0x68, 0x65, 0x63,
    0x6B, 0x5F, 0x6A, 0x75, 0x6D, 0x70, 0x00, 0x04, 0x70, 0x00, 0x9E, 0x00,
    0x00, 0x00, 0x03, 0x30, 0x00, 0x13, 0x00, 0x00, 0x00, 0x02, 0x6E, 0x00,
    0x07, 0x00, 0x00, 0x00, 0x72, 0x65, 0x67, 0x69, 0x6F, 0x6E, 0x00, 0x00,
    0x03, 0x31, 0x00, 0x13, 0x00, 0x00, 0x00, 0x02, 0x6E, 0x00, 0x07, 0x00,
    0x00, 0x00, 0x6F, 0x66, 0x66, 0x73, 0x65, 0x74, 0x00, 0x00, 0x03, 0x32,
    0x00, 0x12, 0x00, 0x00, 0x00, 0x02, 0x6E, 0x00, 0x06, 0x00, 0x00, 0x00,
    0x65, 0x6E, 0x74, 0x72, 0x79, 0x00, 0x00, 0x03, 0x33, 0x00, 0x10, 0x00,
    0x00, 0x00, 0x02, 0x6E, 0x00, 0x04, 0x00, 0x00, 0x00, 0x72, 0x61, 0x77,
    0x00, 0x00, 0x03, 0x34, 0x00, 0x13, 0x00, 0x00, 0x00, 0x02, 0x6E, 0x00,
    0x07, 0x00, 0x00, 0x00, 0x6E, 0x77, 0x6F, 0x72, 0x64, 0x73, 0x00, 0x00,
    0x03, 0x35, 0x00, 0x17, 0x00, 0x00, 0x00, 0x02, 0x6E, 0x00, 0x0B, 0x00,
    0x00, 0x00, 0x62, 0x6F, 0x75, 0x6E, 0x64, 0x61, 0x72, 0x69, 0x65, 0x73,
    0x00, 0x00, 0x03, 0x36, 0x00, 0x12, 0x00, 0x00, 0x00, 0x02, 0x6E, 0x00,
    0x06, 0x00, 0x00, 0x00, 0x6F, 0x73, 0x6C, 0x6F, 0x74, 0x00, 0x00, 0x00,
    0x10, 0x6C, 0x00, 0x15, 0x00, 0x00, 0x00, 0x10, 0x63, 0x00, 0xB5, 0x03,
    0x00, 0x00, 0x10, 0x66, 0x00, 0x00, 0x00, 0x00, 0x00, 0x00, 0x03, 0x36,
    0x00, 0xB4, 0x00, 0x00, 0x00, 0x02, 0x6E, 0x00, 0x0D, 0x00, 0x00, 0x00,
    0x5F, 0x63, 0x68, 0x65, 0x63, 0x6B, 0x5F, 0x69, 0x6E, 0x64, 0x65, 0x78,
    0x00, 0x04, 0x70, 0x00, 0x83, 0x00, 0x00, 0x00, 0x03, 0x30, 0x00, 0x13,
    0x00, 0x00, 0x00, 0x02, 0x6E, 0x00, 0x07, 0x00, 0x00, 0x00, 0x72, 0x65,
    0x67, 0x69, 0x6F, 0x6E, 0x00, 0x00, 0x03, 0x31, 0x00, 0x13, 0x00, 0x00,
    0x00, 0x02, 0x6E, 0x00, 0x07, 0x00, 0x00, 0x00, 0x6F, 0x66, 0x66, 0x73,
    0x65, 0x74, 0x00, 0x00, 0x03, 0x32, 0x00, 0x12, 0x00, 0x00, 0x00, 0x02,
    0x6E, 0x00, 0x06, 0x00, 0x00, 0x00, 0x65, 0x6E, 0x74, 0x72, 0x79, 0x00,
    0x00, 0x03, 0x33, 0x00, 0x12, 0x00, 0x00, 0x00, 0x02, 0x6E, 0x00, 0x06,
    0x00, 0x00, 0x00, 0x6C, 0x61, 0x62, 0x65, 0x6C, 0x00, 0x00, 0x03, 0x34,
    0x00, 0x10, 0x00, 0x00, 0x00, 0x02, 0x6E, 0x00, 0x04, 0x00, 0x00, 0x00,
    0x72, 0x61, 0x77, 0x00, 0x00, 0x03, 0x35, 0x00, 0x12, 0x00, 0x00, 0x00,
    0x02, 0x6E, 0x00, 0x06, 0x00, 0x00, 0x00, 0x74, 0x61, 0x62, 0x6C, 0x65,
    0x00, 0x00, 0x00, 0x10, 0x6C, 0x00, 0x13, 0x00, 0x00, 0x00, 0x10, 0x63,
    0x00, 0x23, 0x04, 0x00, 0x00, 0x10, 0x66, 0x00, 0x00, 0x00, 0x00, 0x00,
    0x00, 0x03, 0x37, 0x00, 0x7A, 0x00, 0x00, 0x00, 0x02, 0x6E, 0x00, 0x0C,
    0x00, 0x00, 0x00, 0x5F, 0x63, 0x68, 0x65, 0x63, 0x6B, 0x5F, 0x75, 0x73,
    0x65, 0x73, 0x00, 0x04, 0x70, 0x00, 0x4A, 0x00, 0x00, 0x00, 0x03, 0x30,
    0x00, 0x12, 0x00, 0x00, 0x00, 0x02, 0x6E, 0x00, 0x06, 0x00, 0x00, 0x00,
    0x69, 0x6D, 0x61, 0x67, 0x65, 0x00, 0x00, 0x03, 0x31, 0x00, 0x13, 0x00,
    0x00, 0x00, 0x02, 0x6E, 0x00, 0x07, 0x00, 0x00, 0x00, 0x72, 0x65, 0x67,
    0x69, 0x6F, 0x6E, 0x00, 0x00, 0x03, 0x32, 0x00, 0x17, 0x00, 0x00, 0x00,
    0x02, 0x6E, 0x00, 0x0B, 0x00, 0x00, 0x00, 0x72, 0x65, 0x66, 0x65, 0x72,
    0x65, 0x6E, 0x63, 0x65, 0x64, 0x00, 0x00, 0x00, 0x10, 0x6C, 0x00, 0x0D,
    0x00, 0x00, 0x00, 0x10, 0x63, 0x00, 0x5F, 0x04, 0x00, 0x00, 0x10, 0x66,
    0x00, 0x00, 0x00, 0x00, 0x00, 0x00, 0x03, 0x38, 0x00, 0x61, 0x00, 0x00,
    0x00, 0x02, 0x6E, 0x00, 0x0E, 0x00, 0x00, 0x00, 0x5F, 0x6D, 0x65, 0x73,
    0x73, 0x61, 0x67, 0x65, 0x5F, 0x6E, 0x61, 0x6D, 0x65, 0x00, 0x04, 0x70,
    0x00, 0x2F, 0x00, 0x00, 0x00, 0x03, 0x30, 0x00, 0x12, 0x00, 0x00, 0x00,
    0x02, 0x6E, 0x00, 0x06, 0x00, 0x00, 0x00, 0x69, 0x6D, 0x61, 0x67, 0x65,
    0x00, 0x00, 0x03, 0x31, 0x00, 0x12, 0x00, 0x00, 0x00, 0x02, 0x6E, 0x00,
    0x06, 0x00, 0x00, 0x00, 0x69, 0x6E, 0x64, 0x65, 0x78, 0x00, 0x00, 0x00,
    0x10, 0x6C, 0x00, 0x0A, 0x00, 0x00, 0x00, 0x10, 0x63, 0x00, 0xA3, 0x04,
    0x00, 0x00, 0x10, 0x66, 0x00, 0x00, 0x00, 0x00, 0x00, 0x00, 0x03, 0x39,
    0x00, 0x49, 0x00, 0x00, 0x00, 0x02, 0x6E, 0x00, 0x0B, 0x00, 0x00, 0x00,
    0x5F, 0x6A, 0x6F, 0x69, 0x6E, 0x5F, 0x70, 0x61, 0x74, 0x68, 0x00, 0x04,
    0x70, 0x00, 0x1A, 0x00, 0x00, 0x00, 0x03, 0x30, 0x00, 0x12, 0x00, 0x00,
    0x00, 0x02, 0x6E, 0x00, 0x06, 0x00, 0x00, 0x00, 0x70, 0x61, 0x72, 0x74,
    0x73, 0x00, 0x00, 0x00, 0x10, 0x6C, 0x00, 0x05, 0x00, 0x00, 0x00, 0x10,
    0x63, 0x00, 0xDA, 0x04, 0x00, 0x00, 0x10, 0x66, 0x00, 0x00, 0x00, 0x00,
    0x00, 0x00, 0x03, 0x31, 0x30, 0x00, 0x72, 0x00, 0x00, 0x00, 0x02, 0x6E,
    0x00, 0x06, 0x00, 0x00, 0x00, 0x5F, 0x66, 0x61, 0x69, 0x6C, 0x00, 0x04,
    0x70, 0x00, 0x48, 0x00, 0x00, 0x00, 0x03, 0x30, 0x00, 0x13, 0x00, 0x00,
    0x00, 0x02, 0x6E, 0x00, 0x07, 0x00, 0x00, 0x00, 0x72, 0x65, 0x67, 0x69,
    0x6F, 0x6E, 0x00, 0x00, 0x03, 0x31, 0x00, 0x13, 0x00, 0x00, 0x00, 0x02,
    0x6E, 0x00, 0x07, 0x00, 0x00, 0x00, 0x6F, 0x66, 0x66, 0x73, 0x65, 0x74,
    0x00, 0x00, 0x03, 0x32, 0x00, 0x14, 0x00, 0x00, 0x00, 0x02, 0x6E, 0x00,
    0x08, 0x00, 0x00, 0x00, 0x6D, 0x65, 0x73, 0x73, 0x61, 0x67, 0x65, 0x00,
    0x00, 0x00, 0x10, 0x6C, 0x00, 0x0C, 0x00, 0x00, 0x00, 0x10, 0x63, 0x00,
    0xF7, 0x04, 0x00, 0x00, 0x10, 0x66, 0x00, 0x00, 0x00, 0x00, 0x00, 0x00,
    0x03, 0x31, 0x31, 0x00, 0x65, 0x00, 0x00, 0x00, 0x02, 0x6E, 0x00, 0x11,
    0x00, 0x00, 0x00, 0x5F, 0x75, 0x6E, 0x72, 0x65, 0x61, 0x64, 0x5F, 0x6F,
    0x70, 0x65, 0x72, 0x61, 0x6E, 0x64, 0x73, 0x00, 0x04, 0x70, 0x00, 0x30,
    0x00, 0x00, 0x00, 0x03, 0x30, 0x00, 0x12, 0x00, 0x00, 0x00, 0x02, 0x6E,
    0x00, 0x06, 0x00, 0x00, 0x00, 0x65, 0x6E, 0x74, 0x72, 0x79, 0x00, 0x00,
    0x03, 0x31, 0x00, 0x13, 0x00, 0x00, 0x00, 0x02, 0x6E, 0x00, 0x07, 0x00,
    0x00, 0x00, 0x66, 0x69, 0x65, 0x6C, 0x64, 0x73, 0x00, 0x00, 0x00, 0x10,
    0x6C, 0x00, 0x05, 0x00, 0x00, 0x00, 0x10, 0x63, 0x00, 0x10, 0x05, 0x00,
    0x00, 0x10, 0x66, 0x00, 0x00, 0x00, 0x00, 0x00, 0x00, 0x03, 0x31, 0x32,
    0x00, 0x5D, 0x00, 0x00, 0x00, 0x02, 0x6E, 0x00, 0x09, 0x00, 0x00, 0x00,
    0x5F, 0x77, 0x69, 0x6E, 0x64, 0x6F, 0x77, 0x73, 0x00, 0x04, 0x70, 0x00,
    0x30, 0x00, 0x00, 0x00, 0x03, 0x30, 0x00, 0x12, 0x00, 0x00, 0x00, 0x02,
    0x6E, 0x00, 0x06, 0x00, 0x00, 0x00, 0x65, 0x6E, 0x74, 0x72, 0x79, 0x00,
    0x00, 0x03, 0x31, 0x00, 0x13, 0x00, 0x00, 0x00, 0x02, 0x6E, 0x00, 0x07,
    0x00, 0x00, 0x00, 0x66, 0x69, 0x65, 0x6C, 0x64, 0x73, 0x00, 0x00, 0x00,
    0x10, 0x6C, 0x00, 0x09, 0x00, 0x00, 0x00, 0x10, 0x63, 0x00, 0x50, 0x05,
    0x00, 0x00, 0x10, 0x66, 0x00, 0x00, 0x00, 0x00, 0x00, 0x00, 0x03, 0x31,
    0x33, 0x00, 0x44, 0x00, 0x00, 0x00, 0x02, 0x6E, 0x00, 0x06, 0x00, 0x00,
    0x00, 0x5F, 0x6D, 0x61, 0x78, 0x31, 0x00, 0x04, 0x70, 0x00, 0x1A, 0x00,
    0x00, 0x00, 0x03, 0x30, 0x00, 0x12, 0x00, 0x00, 0x00, 0x02, 0x6E, 0x00,
    0x06, 0x00, 0x00, 0x00, 0x76, 0x61, 0x6C, 0x75, 0x65, 0x00, 0x00, 0x00,
    0x10, 0x6C, 0x00, 0x02, 0x00, 0x00, 0x00, 0x10, 0x63, 0x00, 0x33, 0x06,
    0x00, 0x00, 0x10, 0x66, 0x00, 0x00, 0x00, 0x00, 0x00, 0x00, 0x03, 0x31,
    0x34, 0x00, 0x58, 0x00, 0x00, 0x00, 0x02, 0x6E, 0x00, 0x08, 0x00, 0x00,
    0x00, 0x5F, 0x73, 0x69, 0x67, 0x6E, 0x65, 0x64, 0x00, 0x04, 0x70, 0x00,
    0x2C, 0x00, 0x00, 0x00, 0x03, 0x30, 0x00, 0x10, 0x00, 0x00, 0x00, 0x02,
    0x6E, 0x00, 0x04, 0x00, 0x00, 0x00, 0x72, 0x61, 0x77, 0x00, 0x00, 0x03,
    0x31, 0x00, 0x11, 0x00, 0x00, 0x00, 0x02, 0x6E, 0x00, 0x05, 0x00, 0x00,
    0x00, 0x62, 0x69, 0x74, 0x73, 0x00, 0x00, 0x00, 0x10, 0x6C, 0x00, 0x07,
    0x00, 0x00, 0x00, 0x10, 0x63, 0x00, 0x3B, 0x06, 0x00, 0x00, 0x10, 0x66,
    0x00, 0x00, 0x00, 0x00, 0x00, 0x00, 0x00,
};

static const uint8_t verify_classes[] = {
    0x05, 0x00, 0x00, 0x00, 0x00,
};

static const uint8_t verify_messages[] = {
    0x1C, 0x00, 0x00, 0x00, 0x03, 0x30, 0x00, 0x14, 0x00, 0x00, 0x00, 0x04,
    0x70, 0x00, 0x0C, 0x00, 0x00, 0x00, 0x10, 0x30, 0x00, 0x00, 0x00, 0x00,
    0x00, 0x00, 0x00, 0x00,
};

static const uint8_t verify_exports[] = {
    0xF2, 0x02, 0x00, 0x00, 0x10, 0x77, 0x79, 0x72, 0x6D, 0x00, 0x00, 0x00,
    0x00, 0x00, 0x10, 0x76, 0x65, 0x72, 0x69, 0x66, 0x79, 0x00, 0x01, 0x00,
    0x00, 0x00, 0x10, 0x5F, 0x72, 0x65, 0x67, 0x69, 0x6F, 0x6E, 0x73, 0x00,
    0x02, 0x00, 0x00, 0x00, 0x10, 0x5F, 0x76, 0x65, 0x72, 0x69, 0x66, 0x79,
    0x5F, 0x72, 0x65, 0x67, 0x69, 0x6F, 0x6E, 0x00, 0x03, 0x00, 0x00, 0x00,
    0x10, 0x5F, 0x63, 0x68, 0x65, 0x63, 0x6B, 0x5F, 0x72, 0x65, 0x67, 0x69,
    0x73, 0x74, 0x65, 0x72, 0x00, 0x04, 0x00, 0x00, 0x00, 0x10, 0x5F, 0x63,
    0x68, 0x65, 0x63, 0x6B, 0x5F, 0x77, 0x69, 0x6E, 0x64, 0x6F, 0x77, 0x00,
    0x05, 0x00, 0x00, 0x00, 0x10, 0x5F, 0x63, 0x68, 0x65, 0x63, 0x6B, 0x5F,
    0x6A, 0x75, 0x6D, 0x70, 0x00, 0x06, 0x00, 0x00, 0x00, 0x10, 0x5F, 0x63,
    0x68, 0x65, 0x63, 0x6B, 0x5F, 0x69, 0x6E, 0x64, 0x65, 0x78, 0x00, 0x07,
    0x00, 0x00, 0x00, 0x10, 0x5F, 0x63, 0x68, 0x65, 0x63, 0x6B, 0x5F, 0x75,
    0x73, 0x65, 0x73, 0x00, 0x08, 0x00, 0x00, 0x00, 0x10, 0x5F, 0x6D, 0x65,
    0x73, 0x73, 0x61, 0x67, 0x65, 0x5F, 0x6E, 0x61, 0x6D, 0x65, 0x00, 0x09,
    0x00, 0x00, 0x00, 0x10, 0x5F, 0x6A, 0x6F, 0x69, 0x6E, 0x5F, 0x70, 0x61,
    0x74, 0x68, 0x00, 0x0A, 0x00, 0x00, 0x00, 0x10, 0x5F, 0x66, 0x61, 0x69,
    0x6C, 0x00, 0x0B, 0x00, 0x00, 0x00, 0x10, 0x5F, 0x75, 0x6E, 0x72, 0x65,
    0x61, 0x64, 0x5F, 0x6F, 0x70, 0x65, 0x72, 0x61, 0x6E, 0x64, 0x73, 0x00,
    0x0C, 0x00, 0x00, 0x00, 0x10, 0x5F, 0x77, 0x69, 0x6E, 0x64, 0x6F, 0x77,
    0x73, 0x00, 0x0D, 0x00, 0x00, 0x00, 0x10, 0x5F, 0x6D, 0x61, 0x78, 0x31,
    0x00, 0x0E, 0x00, 0x00, 0x00, 0x10, 0x5F, 0x73, 0x69, 0x67, 0x6E, 0x65,
    0x64, 0x00, 0x0F, 0x00, 0x00, 0x00, 0x10, 0x42, 0x59, 0x5F, 0x4E, 0x41,
    0x4D, 0x45, 0x00, 0x10, 0x00, 0x00, 0x00, 0x10, 0x42, 0x59, 0x5F, 0x56,
    0x41, 0x4C, 0x55, 0x45, 0x00, 0x11, 0x00, 0x00, 0x00, 0x10, 0x43, 0x4F,
    0x52, 0x45, 0x00, 0x12, 0x00, 0x00, 0x00, 0x10, 0x44, 0x49, 0x47, 0x49,
    0x54, 0x53, 0x00, 0x13, 0x00, 0x00, 0x00, 0x10, 0x4C, 0x00, 0x14, 0x00,
    0x00, 0x00, 0x10, 0x4C, 0x4F, 0x4E, 0x47, 0x00, 0x15, 0x00, 0x00, 0x00,
    0x10, 0x4C, 0x4F, 0x4E, 0x47, 0x5F, 0x53, 0x54, 0x41, 0x52, 0x54, 0x00,
    0x16, 0x00, 0x00, 0x00, 0x10, 0x4F, 0x50, 0x53, 0x00, 0x17, 0x00, 0x00,
    0x00, 0x10, 0x50, 0x00, 0x18, 0x00, 0x00, 0x00, 0x10, 0x50, 0x41, 0x49,
    0x52, 0x41, 0x42, 0x4C, 0x45, 0x00, 0x19, 0x00, 0x00, 0x00, 0x10, 0x50,
    0x5F, 0x42, 0x49, 0x54, 0x00, 0x1A, 0x00, 0x00, 0x00, 0x10, 0x5F, 0x49,
    0x4E, 0x44, 0x49, 0x43, 0x45, 0x53, 0x00, 0x1B, 0x00, 0x00, 0x00, 0x10,
    0x5F, 0x62, 0x75, 0x69, 0x6C, 0x64, 0x5F, 0x69, 0x6E, 0x64, 0x65, 0x78,
    0x00, 0x1C, 0x00, 0x00, 0x00, 0x10, 0x5F, 0x63, 0x68, 0x61, 0x72, 0x5F,
    0x66, 0x72, 0x6F, 0x6D, 0x5F, 0x63, 0x70, 0x00, 0x1D, 0x00, 0x00, 0x00,
    0x10, 0x5F, 0x63, 0x68, 0x65, 0x63, 0x6B, 0x5F, 0x66, 0x69, 0x65, 0x6C,
    0x64, 0x00, 0x1E, 0x00, 0x00, 0x00, 0x10, 0x5F, 0x64, 0x65, 0x63, 0x6F,
    0x64, 0x65, 0x5F, 0x6F, 0x70, 0x65, 0x72, 0x61, 0x6E, 0x64, 0x00, 0x1F,
    0x00, 0x00, 0x00, 0x10, 0x5F, 0x66, 0x33, 0x32, 0x5F, 0x74, 0x65, 0x78,
    0x74, 0x00, 0x20, 0x00, 0x00, 0x00, 0x10, 0x5F, 0x66, 0x6D, 0x74, 0x5F,
    0x72, 0x65, 0x74, 0x75, 0x72, 0x6E, 0x00, 0x21, 0x00, 0x00, 0x00, 0x10,
    0x5F, 0x68, 0x65, 0x78, 0x32, 0x00, 0x22, 0x00, 0x00, 0x00, 0x10, 0x5F,
    0x68, 0x65, 0x78, 0x5F, 0x64, 0x69, 0x67, 0x69, 0x74, 0x73, 0x00, 0x23,
    0x00, 0x00, 0x00, 0x10, 0x5F, 0x70, 0x6C, 0x75, 0x73, 0x5F, 0x73, 0x69,
    0x67, 0x6E, 0x65, 0x64, 0x00, 0x24, 0x00, 0x00, 0x00, 0x10, 0x5F, 0x72,
    0x65, 0x6E, 0x64, 0x65, 0x72, 0x5F, 0x66, 0x6D, 0x74, 0x00, 0x25, 0x00,
    0x00, 0x00, 0x10, 0x5F, 0x76, 0x61, 0x6C, 0x75, 0x65, 0x5F, 0x66, 0x6F,
    0x72, 0x5F, 0x6E, 0x61, 0x6D, 0x65, 0x00, 0x26, 0x00, 0x00, 0x00, 0x10,
    0x64, 0x69, 0x73, 0x61, 0x73, 0x73, 0x65, 0x6D, 0x62, 0x6C, 0x65, 0x00,
    0x27, 0x00, 0x00, 0x00, 0x10, 0x64, 0x69, 0x73, 0x61, 0x73, 0x73, 0x65,
    0x6D, 0x62, 0x6C, 0x65, 0x5F, 0x6F, 0x6E, 0x65, 0x00, 0x28, 0x00, 0x00,
    0x00, 0x10, 0x66, 0x69, 0x74, 0x73, 0x5F, 0x69, 0x31, 0x36, 0x00, 0x29,
    0x00, 0x00, 0x00, 0x10, 0x66, 0x69, 0x74, 0x73, 0x5F, 0x69, 0x38, 0x00,
    0x2A, 0x00, 0x00, 0x00, 0x10, 0x66, 0x72, 0x6F, 0x6D, 0x5F, 0x72, 0x65,
    0x67, 0x38, 0x00, 0x2B, 0x00, 0x00, 0x00, 0x10, 0x69, 0x73, 0x5F, 0x70,
    0x00, 0x2C, 0x00, 0x00, 0x00, 0x10, 0x6C, 0x6F, 0x6F, 0x6B, 0x75, 0x70,
    0x00, 0x2D, 0x00, 0x00, 0x00, 0x10, 0x70, 0x61, 0x63, 0x6B, 0x00, 0x2E,
    0x00, 0x00, 0x00, 0x10, 0x72, 0x65, 0x67, 0x5F, 0x69, 0x6E, 0x64, 0x65,
    0x78, 0x00, 0x2F, 0x00, 0x00, 0x00, 0x10, 0x72, 0x65, 0x67, 0x5F, 0x6E,
    0x61, 0x6D, 0x65, 0x00, 0x30, 0x00, 0x00, 0x00, 0x10, 0x74, 0x6F, 0x5F,
    0x72, 0x65, 0x67, 0x38, 0x00, 0x31, 0x00, 0x00, 0x00, 0x10, 0x75, 0x6E,
    0x70, 0x61, 0x63, 0x6B, 0x00, 0x32, 0x00, 0x00, 0x00, 0x00,
};

static const uint8_t verify_free[] = {
    0x11, 0x02, 0x00, 0x00, 0x10, 0x42, 0x59, 0x5F, 0x4E, 0x41, 0x4D, 0x45,
    0x00, 0x10, 0x00, 0x00, 0x00, 0x10, 0x42, 0x59, 0x5F, 0x56, 0x41, 0x4C,
    0x55, 0x45, 0x00, 0x11, 0x00, 0x00, 0x00, 0x10, 0x43, 0x4F, 0x52, 0x45,
    0x00, 0x12, 0x00, 0x00, 0x00, 0x10, 0x44, 0x49, 0x47, 0x49, 0x54, 0x53,
    0x00, 0x13, 0x00, 0x00, 0x00, 0x10, 0x4C, 0x00, 0x14, 0x00, 0x00, 0x00,
    0x10, 0x4C, 0x4F, 0x4E, 0x47, 0x00, 0x15, 0x00, 0x00, 0x00, 0x10, 0x4C,
    0x4F, 0x4E, 0x47, 0x5F, 0x53, 0x54, 0x41, 0x52, 0x54, 0x00, 0x16, 0x00,
    0x00, 0x00, 0x10, 0x4F, 0x50, 0x53, 0x00, 0x17, 0x00, 0x00, 0x00, 0x10,
    0x50, 0x00, 0x18, 0x00, 0x00, 0x00, 0x10, 0x50, 0x41, 0x49, 0x52, 0x41,
    0x42, 0x4C, 0x45, 0x00, 0x19, 0x00, 0x00, 0x00, 0x10, 0x50, 0x5F, 0x42,
    0x49, 0x54, 0x00, 0x1A, 0x00, 0x00, 0x00, 0x10, 0x5F, 0x49, 0x4E, 0x44,
    0x49, 0x43, 0x45, 0x53, 0x00, 0x1B, 0x00, 0x00, 0x00, 0x10, 0x5F, 0x62,
    0x75, 0x69, 0x6C, 0x64, 0x5F, 0x69, 0x6E, 0x64, 0x65, 0x78, 0x00, 0x1C,
    0x00, 0x00, 0x00, 0x10, 0x5F, 0x63, 0x68, 0x61, 0x72, 0x5F, 0x66, 0x72,
    0x6F, 0x6D, 0x5F, 0x63, 0x70, 0x00, 0x1D, 0x00, 0x00, 0x00, 0x10, 0x5F,
    0x63, 0x68, 0x65, 0x63, 0x6B, 0x5F, 0x66, 0x69, 0x65, 0x6C, 0x64, 0x00,
    0x1E, 0x00, 0x00, 0x00, 0x10, 0x5F, 0x64, 0x65, 0x63, 0x6F, 0x64, 0x65,
    0x5F, 0x6F, 0x70, 0x65, 0x72, 0x61, 0x6E, 0x64, 0x00, 0x1F, 0x00, 0x00,
    0x00, 0x10, 0x5F, 0x66, 0x33, 0x32, 0x5F, 0x74, 0x65, 0x78, 0x74, 0x00,
    0x20, 0x00, 0x00, 0x00, 0x10, 0x5F, 0x66, 0x6D, 0x74, 0x5F, 0x72, 0x65,
    0x74, 0x75, 0x72, 0x6E, 0x00, 0x21, 0x00, 0x00, 0x00, 0x10, 0x5F, 0x68,
    0x65, 0x78, 0x32, 0x00, 0x22, 0x00, 0x00, 0x00, 0x10, 0x5F, 0x68, 0x65,
    0x78, 0x5F, 0x64, 0x69, 0x67, 0x69, 0x74, 0x73, 0x00, 0x23, 0x00, 0x00,
    0x00, 0x10, 0x5F, 0x70, 0x6C, 0x75, 0x73, 0x5F, 0x73, 0x69, 0x67, 0x6E,
    0x65, 0x64, 0x00, 0x24, 0x00, 0x00, 0x00, 0x10, 0x5F, 0x72, 0x65, 0x6E,
    0x64, 0x65, 0x72, 0x5F, 0x66, 0x6D, 0x74, 0x00, 0x25, 0x00, 0x00, 0x00,
    0x10, 0x5F, 0x76, 0x61, 0x6C, 0x75, 0x65, 0x5F, 0x66, 0x6F, 0x72, 0x5F,
    0x6E, 0x61, 0x6D, 0x65, 0x00, 0x26, 0x00, 0x00, 0x00, 0x10, 0x64, 0x69,
    0x73, 0x61, 0x73, 0x73, 0x65, 0x6D, 0x62, 0x6C, 0x65, 0x00, 0x27, 0x00,
    0x00, 0x00, 0x10, 0x64, 0x69, 0x73, 0x61, 0x73, 0x73, 0x65, 0x6D, 0x62,
    0x6C, 0x65, 0x5F, 0x6F, 0x6E, 0x65, 0x00, 0x28, 0x00, 0x00, 0x00, 0x10,
    0x66, 0x69, 0x74, 0x73, 0x5F, 0x69, 0x31, 0x36, 0x00, 0x29, 0x00, 0x00,
    0x00, 0x10, 0x66, 0x69, 0x74, 0x73, 0x5F, 0x69, 0x38, 0x00, 0x2A, 0x00,
    0x00, 0x00, 0x10, 0x66, 0x72, 0x6F, 0x6D, 0x5F, 0x72, 0x65, 0x67, 0x38,
    0x00, 0x2B, 0x00, 0x00, 0x00, 0x10, 0x69, 0x73, 0x5F, 0x70, 0x00, 0x2C,
    0x00, 0x00, 0x00, 0x10, 0x6C, 0x6F, 0x6F, 0x6B, 0x75, 0x70, 0x00, 0x2D,
    0x00, 0x00, 0x00, 0x10, 0x70, 0x61, 0x63, 0x6B, 0x00, 0x2E, 0x00, 0x00,
    0x00, 0x10, 0x72, 0x65, 0x67, 0x5F, 0x69, 0x6E, 0x64, 0x65, 0x78, 0x00,
    0x2F, 0x00, 0x00, 0x00, 0x10, 0x72, 0x65, 0x67, 0x5F, 0x6E, 0x61, 0x6D,
    0x65, 0x00, 0x30, 0x00, 0x00, 0x00, 0x10, 0x74, 0x6F, 0x5F, 0x72, 0x65,
    0x67, 0x38, 0x00, 0x31, 0x00, 0x00, 0x00, 0x10, 0x75, 0x6E, 0x70, 0x61,
    0x63, 0x6B, 0x00, 0x32, 0x00, 0x00, 0x00, 0x10, 0x6C, 0x65, 0x6E, 0x00,
    0x33, 0x00, 0x00, 0x00, 0x10, 0x65, 0x72, 0x72, 0x6F, 0x72, 0x00, 0x34,
    0x00, 0x00, 0x00, 0x10, 0x73, 0x74, 0x72, 0x00, 0x35, 0x00, 0x00, 0x00,
    0x00,
};

static const uint32_t verify_code[] = {
    0x00000047,                /* 0000  import L0 <- static#0   ("wyrm::") */
    0x00000043,                /* 0001  gset g0 <- L0   (wyrm) */
    0x00010047,                /* 0002  import L0 <- static#1   ("wyrm::opcodes") */
    0x000100B5, 0x00000000,    /* 0003  import_star static#1 except 0, 0 names   ("wyrm::opcodes") */
    0x000000A8, 0x00000000,    /* 0005  closure L0 <- fn#0, 0 caps */
    0x00010043,                /* 0007  gset g1 <- L0   (verify) */
    0x000000A8, 0x00010000,    /* 0008  closure L0 <- fn#1, 0 caps */
    0x00020043,                /* 000A  gset g2 <- L0   (_regions) */
    0x000000A8, 0x00020000,    /* 000B  closure L0 <- fn#2, 0 caps */
    0x00030043,                /* 000D  gset g3 <- L0   (_verify_region) */
    0x000000A8, 0x00030000,    /* 000E  closure L0 <- fn#3, 0 caps */
    0x00040043,                /* 0010  gset g4 <- L0   (_check_register) */
    0x000000A8, 0x00040000,    /* 0011  closure L0 <- fn#4, 0 caps */
    0x00050043,                /* 0013  gset g5 <- L0   (_check_window) */
    0x000000A8, 0x00050000,    /* 0014  closure L0 <- fn#5, 0 caps */
    0x00060043,                /* 0016  gset g6 <- L0   (_check_jump) */
    0x000000A8, 0x00060000,    /* 0017  closure L0 <- fn#6, 0 caps */
    0x00070043,                /* 0019  gset g7 <- L0   (_check_index) */
    0x000000A8, 0x00070000,    /* 001A  closure L0 <- fn#7, 0 caps */
    0x00080043,                /* 001C  gset g8 <- L0   (_check_uses) */
    0x000000A8, 0x00080000,    /* 001D  closure L0 <- fn#8, 0 caps */
    0x00090043,                /* 001F  gset g9 <- L0   (_message_name) */
    0x000000A8, 0x00090000,    /* 0020  closure L0 <- fn#9, 0 caps */
    0x000A0043,                /* 0022  gset g10 <- L0   (_join_path) */
    0x000000A8, 0x000A0000,    /* 0023  closure L0 <- fn#10, 0 caps */
    0x000B0043,                /* 0025  gset g11 <- L0   (_fail) */
    0x000000A8, 0x000B0000,    /* 0026  closure L0 <- fn#11, 0 caps */
    0x000C0043,                /* 0028  gset g12 <- L0   (_unread_operands) */
    0x000000A8, 0x000C0000,    /* 0029  closure L0 <- fn#12, 0 caps */
    0x000D0043,                /* 002B  gset g13 <- L0   (_windows) */
    0x000000A8, 0x000D0000,    /* 002C  closure L0 <- fn#13, 0 caps */
    0x000E0043,                /* 002E  gset g14 <- L0   (_max1) */
    0x000000A8, 0x000E0000,    /* 002F  closure L0 <- fn#14, 0 caps */
    0x000F0043,                /* 0031  gset g15 <- L0   (_signed) */
    0x00000002,                /* 0032  return count=0 */
    0x00020342,                /* 0033  gget L3 <- g2   (_regions) */
    0x00048041,                /* 0034  move L4 <- P0 */
    0x000301A0, 0x00010000,    /* 0035  call base=L3 argc=1 nres=1 */
    0x00000341,                /* 0037  move L0 <- L3 */
    0x00020346,                /* 0038  lconst L3 <- static#2   ("error") */
    0x00040097, 0x00000003,    /* 0039  is L4 <- L0 is L3 */
    0x0001044B,                /* 003B  jf L4, +1 */
    0x00000102,                /* 003C  return L0 count=1 */
    0x000300AE, 0x00000000,    /* 003D  iter L3 <- L0 */
    0x000100AF, 0x0003000C,    /* 003F  itnext L1 <- L3, done +12 */
    0x00030442,                /* 0041  gget L4 <- g3   (_verify_region) */
    0x00058041,                /* 0042  move L5 <- P0 */
    0x00060141,                /* 0043  move L6 <- L1 */
    0x000402A0, 0x00010000,    /* 0044  call base=L4 argc=2 nres=1 */
    0x00020441,                /* 0046  move L2 <- L4 */
    0x00020446,                /* 0047  lconst L4 <- static#2   ("error") */
    0x00050097, 0x00020004,    /* 0048  is L5 <- L2 is L4 */
    0x0001054B,                /* 004A  jf L5, +1 */
    0x00020102,                /* 004B  return L2 count=1 */
    0xFFF2004F,                /* 004C  jmp -14 */
    0x00030003,                /* 004D  lnil L3 */
    0x00030102,                /* 004E  return L3 count=1 */
    0x00000082, 0x00110000,    /* 004F  list L0 <- L17, 0 items */
    0x00010082, 0x00110000,    /* 0051  list L1 <- L17, 0 items */
    0x00031146,                /* 0053  lconst L17 <- static#3   ("functions") */
    0x00120098, 0x80000011,    /* 0054  getidx L18 <- P0[L17] */
    0x001300AE, 0x00120000,    /* 0056  iter L19 <- L18 */
    0x000700AF, 0x0013000C,    /* 0058  itnext L7 <- L19, done +12 */
    0x00140041,                /* 005A  move L20 <- L0 */
    0x00041546,                /* 005B  lconst L21 <- static#4   ("code_offset") */
    0x00160098, 0x00070015,    /* 005C  getidx L22 <- L7[L21] */
    0x00151641,                /* 005E  move L21 <- L22 */
    0x001401A2, 0x00000001,    /* 005F  msg base=L20 argc=1 msg#0 nres=1   (append) */
    0x00140141,                /* 0061  move L20 <- L1 */
    0x00150741,                /* 0062  move L21 <- L7 */
    0x001401A2, 0x00000001,    /* 0063  msg base=L20 argc=1 msg#0 nres=1   (append) */
    0xFFF2004F,                /* 0065  jmp -14 */
    0x00020140,                /* 0066  i8 L2 <- 1 */
    0x00331142,                /* 0067  gget L17 <- g51   (len) */
    0x00120041,                /* 0068  move L18 <- L0 */
    0x001101A0, 0x00010000,    /* 0069  call base=L17 argc=1 nres=1 */
    0x00120091, 0x00020011,    /* 006B  lt L18 <- L2 < L17 */
    0x0033124B,                /* 006D  jf L18, +51 */
    0x00080098, 0x00000002,    /* 006E  getidx L8 <- L0[L2] */
    0x00090098, 0x00010002,    /* 0070  getidx L9 <- L1[L2] */
    0x00110140,                /* 0072  i8 L17 <- 1 */
    0x000A0086, 0x00020011,    /* 0073  sub L10 <- L2 - L17 */
    0x00110040,                /* 0075  i8 L17 <- 0 */
    0x00120094, 0x000A0011,    /* 0076  ge L18 <- L10 >= L17 */
    0x0018124B,                /* 0078  jf L18, +24 */
    0x00110098, 0x0000000A,    /* 0079  getidx L17 <- L0[L10] */
    0x00120092, 0x00110008,    /* 007B  le L18 <- L17 <= L8 */
    0x0001124B,                /* 007D  jf L18, +1 */
    0x0012004F,                /* 007E  jmp +18 */
    0x00110140,                /* 007F  i8 L17 <- 1 */
    0x00120085, 0x000A0011,    /* 0080  add L18 <- L10 + L17 */
    0x00130098, 0x0000000A,    /* 0082  getidx L19 <- L0[L10] */
    0x00000099, 0x00120013,    /* 0084  setidx L0[L18] <- L19 */
    0x00110140,                /* 0086  i8 L17 <- 1 */
    0x00120085, 0x000A0011,    /* 0087  add L18 <- L10 + L17 */
    0x00130098, 0x0001000A,    /* 0089  getidx L19 <- L1[L10] */
    0x00010099, 0x00120013,    /* 008B  setidx L1[L18] <- L19 */
    0x00110140,                /* 008D  i8 L17 <- 1 */
    0x000A0086, 0x000A0011,    /* 008E  sub L10 <- L10 - L17 */
    0xFFE4004F,                /* 0090  jmp -28 */
    0x00110140,                /* 0091  i8 L17 <- 1 */
    0x00120085, 0x000A0011,    /* 0092  add L18 <- L10 + L17 */
    0x00130841,                /* 0094  move L19 <- L8 */
    0x00000099, 0x00120013,    /* 0095  setidx L0[L18] <- L19 */
    0x00110140,                /* 0097  i8 L17 <- 1 */
    0x00120085, 0x000A0011,    /* 0098  add L18 <- L10 + L17 */
    0x00130941,                /* 009A  move L19 <- L9 */
    0x00010099, 0x00120013,    /* 009B  setidx L1[L18] <- L19 */
    0x00110140,                /* 009D  i8 L17 <- 1 */
    0x00020085, 0x00020011,    /* 009E  add L2 <- L2 + L17 */
    0xFFC6004F,                /* 00A0  jmp -58 */
    0x00331142,                /* 00A1  gget L17 <- g51   (len) */
    0x00051246,                /* 00A2  lconst L18 <- static#5   ("code") */
    0x00130098, 0x80000012,    /* 00A3  getidx L19 <- P0[L18] */
    0x00121341,                /* 00A5  move L18 <- L19 */
    0x001101A0, 0x00010000,    /* 00A6  call base=L17 argc=1 nres=1 */
    0x00031141,                /* 00A8  move L3 <- L17 */
    0x00040082, 0x00110000,    /* 00A9  list L4 <- L17, 0 items */
    0x00050341,                /* 00AB  move L5 <- L3 */
    0x00331142,                /* 00AC  gget L17 <- g51   (len) */
    0x00120041,                /* 00AD  move L18 <- L0 */
    0x001101A0, 0x00010000,    /* 00AE  call base=L17 argc=1 nres=1 */
    0x00120040,                /* 00B0  i8 L18 <- 0 */
    0x00130093, 0x00110012,    /* 00B1  gt L19 <- L17 > L18 */
    0x0003134B,                /* 00B3  jf L19, +3 */
    0x00110040,                /* 00B4  i8 L17 <- 0 */
    0x00050098, 0x00000011,    /* 00B5  getidx L5 <- L0[L17] */
    0x00110441,                /* 00B7  move L17 <- L4 */
    0x00061246,                /* 00B8  lconst L18 <- static#6   ("name") */
    0x00071346,                /* 00B9  lconst L19 <- static#7   ("<init>") */
    0x00081446,                /* 00BA  lconst L20 <- static#8   ("start") */
    0x00150040,                /* 00BB  i8 L21 <- 0 */
    0x00091646,                /* 00BC  lconst L22 <- static#9   ("end") */
    0x00170541,                /* 00BD  move L23 <- L5 */
    0x000A1846,                /* 00BE  lconst L24 <- static#10   ("nlocals") */
    0x000B1946,                /* 00BF  lconst L25 <- static#11   ("init_nlocals") */
    0x001A0098, 0x80000019,    /* 00C0  getidx L26 <- P0[L25] */
    0x00191A41,                /* 00C2  move L25 <- L26 */
    0x000C1A46,                /* 00C3  lconst L26 <- static#12   ("pframe") */
    0x001B0040,                /* 00C4  i8 L27 <- 0 */
    0x000D1C46,                /* 00C5  lconst L28 <- static#13   ("uses") */
    0x000E1D46,                /* 00C6  lconst L29 <- static#14   ("module_uses") */
    0x001E0098, 0x8000001D,    /* 00C7  getidx L30 <- P0[L29] */
    0x001D1E41,                /* 00C9  move L29 <- L30 */
    0x001E0683, 0x00120000,    /* 00CA  dict L30 <- L18, 6 pairs */
    0x00121E41,                /* 00CC  move L18 <- L30 */
    0x001101A2, 0x00000001,    /* 00CD  msg base=L17 argc=1 msg#0 nres=1   (append) */
    0x00060040,                /* 00CF  i8 L6 <- 0 */
    0x00331142,                /* 00D0  gget L17 <- g51   (len) */
    0x00120041,                /* 00D1  move L18 <- L0 */
    0x001101A0, 0x00010000,    /* 00D2  call base=L17 argc=1 nres=1 */
    0x00120091, 0x00060011,    /* 00D4  lt L18 <- L6 < L17 */
    0x0053124B,                /* 00D6  jf L18, +83 */
    0x000B0098, 0x00010006,    /* 00D7  getidx L11 <- L1[L6] */
    0x000C0341,                /* 00D9  move L12 <- L3 */
    0x00110140,                /* 00DA  i8 L17 <- 1 */
    0x00120085, 0x00060011,    /* 00DB  add L18 <- L6 + L17 */
    0x00331342,                /* 00DD  gget L19 <- g51   (len) */
    0x00140041,                /* 00DE  move L20 <- L0 */
    0x001301A0, 0x00010000,    /* 00DF  call base=L19 argc=1 nres=1 */
    0x00140091, 0x00120013,    /* 00E1  lt L20 <- L18 < L19 */
    0x0005144B,                /* 00E3  jf L20, +5 */
    0x00110140,                /* 00E4  i8 L17 <- 1 */
    0x00120085, 0x00060011,    /* 00E5  add L18 <- L6 + L17 */
    0x000C0098, 0x00000012,    /* 00E7  getidx L12 <- L0[L18] */
    0x000F1146,                /* 00E9  lconst L17 <- static#15   ("ncaptures") */
    0x000D0098, 0x000B0011,    /* 00EA  getidx L13 <- L11[L17] */
    0x00101146,                /* 00EC  lconst L17 <- static#16   ("nil") */
    0x00120097, 0x000D0011,    /* 00ED  is L18 <- L13 is L17 */
    0x0001124B,                /* 00EF  jf L18, +1 */
    0x000D0040,                /* 00F0  i8 L13 <- 0 */
    0x00111146,                /* 00F1  lconst L17 <- static#17   ("dispatch") */
    0x000E0098, 0x000B0011,    /* 00F2  getidx L14 <- L11[L17] */
    0x000F0040,                /* 00F4  i8 L15 <- 0 */
    0x00101146,                /* 00F5  lconst L17 <- static#16   ("nil") */
    0x00120097, 0x000E0011,    /* 00F6  is L18 <- L14 is L17 */
    0x0013124A,                /* 00F8  not L19 <- L18 */
    0x0005134B,                /* 00F9  jf L19, +5 */
    0x00331142,                /* 00FA  gget L17 <- g51   (len) */
    0x00120E41,                /* 00FB  move L18 <- L14 */
    0x001101A0, 0x00010000,    /* 00FC  call base=L17 argc=1 nres=1 */
    0x000F1141,                /* 00FE  move L15 <- L17 */
    0x00331142,                /* 00FF  gget L17 <- g51   (len) */
    0x00121246,                /* 0100  lconst L18 <- static#18   ("params") */
    0x00130098, 0x000B0012,    /* 0101  getidx L19 <- L11[L18] */
    0x00121341,                /* 0103  move L18 <- L19 */
    0x001101A0, 0x00010000,    /* 0104  call base=L17 argc=1 nres=1 */
    0x00120085, 0x0011000D,    /* 0106  add L18 <- L17 + L13 */
    0x00100085, 0x0012000F,    /* 0108  add L16 <- L18 + L15 */
    0x00110441,                /* 010A  move L17 <- L4 */
    0x00061246,                /* 010B  lconst L18 <- static#6   ("name") */
    0x00061346,                /* 010C  lconst L19 <- static#6   ("name") */
    0x00140098, 0x000B0013,    /* 010D  getidx L20 <- L11[L19] */
    0x00131441,                /* 010F  move L19 <- L20 */
    0x00081446,                /* 0110  lconst L20 <- static#8   ("start") */
    0x00150098, 0x00000006,    /* 0111  getidx L21 <- L0[L6] */
    0x00091646,                /* 0113  lconst L22 <- static#9   ("end") */
    0x00170C41,                /* 0114  move L23 <- L12 */
    0x000A1846,                /* 0115  lconst L24 <- static#10   ("nlocals") */
    0x000A1946,                /* 0116  lconst L25 <- static#10   ("nlocals") */
    0x001A0098, 0x000B0019,    /* 0117  getidx L26 <- L11[L25] */
    0x00191A41,                /* 0119  move L25 <- L26 */
    0x000C1A46,                /* 011A  lconst L26 <- static#12   ("pframe") */
    0x001B1041,                /* 011B  move L27 <- L16 */
    0x000D1C46,                /* 011C  lconst L28 <- static#13   ("uses") */
    0x000D1D46,                /* 011D  lconst L29 <- static#13   ("uses") */
    0x001E0098, 0x000B001D,    /* 011E  getidx L30 <- L11[L29] */
    0x001D1E41,                /* 0120  move L29 <- L30 */
    0x001E0683, 0x00120000,    /* 0121  dict L30 <- L18, 6 pairs */
    0x00121E41,                /* 0123  move L18 <- L30 */
    0x001101A2, 0x00000001,    /* 0124  msg base=L17 argc=1 msg#0 nres=1   (append) */
    0x00110140,                /* 0126  i8 L17 <- 1 */
    0x00060085, 0x00060011,    /* 0127  add L6 <- L6 + L17 */
    0xFFA6004F,                /* 0129  jmp -90 */
    0x00040102,                /* 012A  return L4 count=1 */
    0x00000082, 0x00230000,    /* 012B  list L0 <- L35, 0 items */
    0x00010082, 0x00230000,    /* 012D  list L1 <- L35, 0 items */
    0x00082346,                /* 012F  lconst L35 <- static#8   ("start") */
    0x00020098, 0x80010023,    /* 0130  getidx L2 <- P1[L35] */
    0x00092346,                /* 0132  lconst L35 <- static#9   ("end") */
    0x00240098, 0x80010023,    /* 0133  getidx L36 <- P1[L35] */
    0x00250091, 0x00020024,    /* 0135  lt L37 <- L2 < L36 */
    0x0057254B,                /* 0137  jf L37, +87 */
    0x00322342,                /* 0138  gget L35 <- g50   (unpack) */
    0x00052446,                /* 0139  lconst L36 <- static#5   ("code") */
    0x00250098, 0x80000024,    /* 013A  getidx L37 <- P0[L36] */
    0x00242541,                /* 013C  move L36 <- L37 */
    0x00250241,                /* 013D  move L37 <- L2 */
    0x002302A0, 0x00010000,    /* 013E  call base=L35 argc=2 nres=1 */
    0x00042341,                /* 0140  move L4 <- L35 */
    0x00022346,                /* 0141  lconst L35 <- static#2   ("error") */
    0x00240097, 0x00040023,    /* 0142  is L36 <- L4 is L35 */
    0x001D244B,                /* 0144  jf L36, +29 */
    0x00342342,                /* 0145  gget L35 <- g52   (error) */
    0x00132446,                /* 0146  lconst L36 <- static#19   ("verify: ") */
    0x00062546,                /* 0147  lconst L37 <- static#6   ("name") */
    0x00260098, 0x80010025,    /* 0148  getidx L38 <- P1[L37] */
    0x00270085, 0x00240026,    /* 014A  add L39 <- L36 + L38 */
    0x00142846,                /* 014C  lconst L40 <- static#20   (" at word ") */
    0x00290085, 0x00270028,    /* 014D  add L41 <- L39 + L40 */
    0x00352A42,                /* 014F  gget L42 <- g53   (str) */
    0x002B0241,                /* 0150  move L43 <- L2 */
    0x002A01A0, 0x00010000,    /* 0151  call base=L42 argc=1 nres=1 */
    0x002B0085, 0x0029002A,    /* 0153  add L43 <- L41 + L42 */
    0x00152C46,                /* 0155  lconst L44 <- static#21   (": ") */
    0x002D0085, 0x002B002C,    /* 0156  add L45 <- L43 + L44 */
    0x00352E42,                /* 0158  gget L46 <- g53   (str) */
    0x002F0441,                /* 0159  move L47 <- L4 */
    0x002E01A0, 0x00010000,    /* 015A  call base=L46 argc=1 nres=1 */
    0x002F0085, 0x002D002E,    /* 015C  add L47 <- L45 + L46 */
    0x00242F41,                /* 015E  move L36 <- L47 */
    0x002301A0, 0x00010000,    /* 015F  call base=L35 argc=1 nres=1 */
    0x00230102,                /* 0161  return L35 count=1 */
    0x00162346,                /* 0162  lconst L35 <- static#22   ("nwords") */
    0x00050098, 0x00040023,    /* 0163  getidx L5 <- L4[L35] */
    0x00230085, 0x00020005,    /* 0165  add L35 <- L2 + L5 */
    0x00092446,                /* 0167  lconst L36 <- static#9   ("end") */
    0x00250098, 0x80010024,    /* 0168  getidx L37 <- P1[L36] */
    0x00260093, 0x00230025,    /* 016A  gt L38 <- L35 > L37 */
    0x0007264B,                /* 016C  jf L38, +7 */
    0x000B2342,                /* 016D  gget L35 <- g11   (_fail) */
    0x00248141,                /* 016E  move L36 <- P1 */
    0x00250241,                /* 016F  move L37 <- L2 */
    0x00172646,                /* 0170  lconst L38 <- static#23   ("instruction runs past the end of the body") */
    0x002303A0, 0x00010000,    /* 0171  call base=L35 argc=3 nres=1 */
    0x00230102,                /* 0173  return L35 count=1 */
    0x00230041,                /* 0174  move L35 <- L0 */
    0x00240241,                /* 0175  move L36 <- L2 */
    0x002301A2, 0x00000001,    /* 0176  msg base=L35 argc=1 msg#0 nres=1   (append) */
    0x00230141,                /* 0178  move L35 <- L1 */
    0x00240241,                /* 0179  move L36 <- L2 */
    0x00182546,                /* 017A  lconst L37 <- static#24   ("entry") */
    0x00260098, 0x00040025,    /* 017B  getidx L38 <- L4[L37] */
    0x00252641,                /* 017D  move L37 <- L38 */
    0x00192646,                /* 017E  lconst L38 <- static#25   ("is_wide") */
    0x00270098, 0x00040026,    /* 017F  getidx L39 <- L4[L38] */
    0x00262741,                /* 0181  move L38 <- L39 */
    0x001A2746,                /* 0182  lconst L39 <- static#26   ("fields") */
    0x00280098, 0x00040027,    /* 0183  getidx L40 <- L4[L39] */
    0x00272841,                /* 0185  move L39 <- L40 */
    0x00280541,                /* 0186  move L40 <- L5 */
    0x00290582, 0x00240000,    /* 0187  list L41 <- L36, 5 items */
    0x00242941,                /* 0189  move L36 <- L41 */
    0x002301A2, 0x00000001,    /* 018A  msg base=L35 argc=1 msg#0 nres=1   (append) */
    0x00020085, 0x00020005,    /* 018C  add L2 <- L2 + L5 */
    0xFFA3004F,                /* 018E  jmp -93 */
    0x00230041,                /* 018F  move L35 <- L0 */
    0x00092446,                /* 0190  lconst L36 <- static#9   ("end") */
    0x00250098, 0x80010024,    /* 0191  getidx L37 <- P1[L36] */
    0x00242541,                /* 0193  move L36 <- L37 */
    0x002301A2, 0x00000001,    /* 0194  msg base=L35 argc=1 msg#0 nres=1   (append) */
    0x00030082, 0x00230000,    /* 0196  list L3 <- L35, 0 items */
    0x002300AE, 0x00010000,    /* 0198  iter L35 <- L1 */
    0x000600AF, 0x0023013B,    /* 019A  itnext L6 <- L35, done +315 */
    0x00240040,                /* 019C  i8 L36 <- 0 */
    0x00070098, 0x00060024,    /* 019D  getidx L7 <- L6[L36] */
    0x00240140,                /* 019F  i8 L36 <- 1 */
    0x00080098, 0x00060024,    /* 01A0  getidx L8 <- L6[L36] */
    0x00240240,                /* 01A2  i8 L36 <- 2 */
    0x00090098, 0x00060024,    /* 01A3  getidx L9 <- L6[L36] */
    0x00240340,                /* 01A5  i8 L36 <- 3 */
    0x000A0098, 0x00060024,    /* 01A6  getidx L10 <- L6[L36] */
    0x00240440,                /* 01A8  i8 L36 <- 4 */
    0x000B0098, 0x00060024,    /* 01A9  getidx L11 <- L6[L36] */
    0x001B2446,                /* 01AB  lconst L36 <- static#27   ("operands") */
    0x000C0098, 0x00080024,    /* 01AC  getidx L12 <- L8[L36] */
    0x0003094B,                /* 01AE  jf L9, +3 */
    0x001C2446,                /* 01AF  lconst L36 <- static#28   ("wide_operands") */
    0x000C0098, 0x00080024,    /* 01B0  getidx L12 <- L8[L36] */
    0x000C2442,                /* 01B2  gget L36 <- g12   (_unread_operands) */
    0x00250841,                /* 01B3  move L37 <- L8 */
    0x00260A41,                /* 01B4  move L38 <- L10 */
    0x002402A0, 0x00010000,    /* 01B5  call base=L36 argc=2 nres=1 */
    0x000D2441,                /* 01B7  move L13 <- L36 */
    0x002400AE, 0x000C0000,    /* 01B8  iter L36 <- L12 */
    0x000F00AF, 0x002400FB,    /* 01BA  itnext L15 <- L36, done +251 */
    0x00250096, 0x000F000D,    /* 01BC  in L37 <- L15 in L13 */
    0x0001254B,                /* 01BE  jf L37, +1 */
    0xFFFA004F,                /* 01BF  jmp -6 */
    0x00250098, 0x000C000F,    /* 01C0  getidx L37 <- L12[L15] */
    0x00260040,                /* 01C2  i8 L38 <- 0 */
    0x00100098, 0x00250026,    /* 01C3  getidx L16 <- L37[L38] */
    0x00250098, 0x000C000F,    /* 01C5  getidx L37 <- L12[L15] */
    0x00260140,                /* 01C7  i8 L38 <- 1 */
    0x00110098, 0x00250026,    /* 01C8  getidx L17 <- L37[L38] */
    0x00120098, 0x000A0010,    /* 01CA  getidx L18 <- L10[L16] */
    0x001D2646,                /* 01CC  lconst L38 <- static#29   ("reg") */
    0x0025008F, 0x00110026,    /* 01CD  eq L37 <- L17 == L38 */
    0x0003254C,                /* 01CF  jt L37, +3 */
    0x001E2646,                /* 01D0  lconst L38 <- static#30   ("reg8") */
    0x0025008F, 0x00110026,    /* 01D1  eq L37 <- L17 == L38 */
    0x0019254B,                /* 01D3  jf L37, +25 */
    0x00191241,                /* 01D4  move L25 <- L18 */
    0x001E2546,                /* 01D5  lconst L37 <- static#30   ("reg8") */
    0x0026008F, 0x00110025,    /* 01D6  eq L38 <- L17 == L37 */
    0x0005264B,                /* 01D8  jf L38, +5 */
    0x002B2542,                /* 01D9  gget L37 <- g43   (from_reg8) */
    0x00261241,                /* 01DA  move L38 <- L18 */
    0x002501A0, 0x00010000,    /* 01DB  call base=L37 argc=1 nres=1 */
    0x00192541,                /* 01DD  move L25 <- L37 */
    0x00042542,                /* 01DE  gget L37 <- g4   (_check_register) */
    0x00268141,                /* 01DF  move L38 <- P1 */
    0x00270741,                /* 01E0  move L39 <- L7 */
    0x00280841,                /* 01E1  move L40 <- L8 */
    0x00290F41,                /* 01E2  move L41 <- L15 */
    0x002A1941,                /* 01E3  move L42 <- L25 */
    0x002505A0, 0x00010000,    /* 01E4  call base=L37 argc=5 nres=1 */
    0x001A2541,                /* 01E6  move L26 <- L37 */
    0x00022546,                /* 01E7  lconst L37 <- static#2   ("error") */
    0x00260097, 0x001A0025,    /* 01E8  is L38 <- L26 is L37 */
    0x0001264B,                /* 01EA  jf L38, +1 */
    0x001A0102,                /* 01EB  return L26 count=1 */
    0x00C9004F,                /* 01EC  jmp +201 */
    0x001F2546,                /* 01ED  lconst L37 <- static#31   ("rel") */
    0x0026008F, 0x00110025,    /* 01EE  eq L38 <- L17 == L37 */
    0x0011264B,                /* 01F0  jf L38, +17 */
    0x00062542,                /* 01F1  gget L37 <- g6   (_check_jump) */
    0x00268141,                /* 01F2  move L38 <- P1 */
    0x00270741,                /* 01F3  move L39 <- L7 */
    0x00280841,                /* 01F4  move L40 <- L8 */
    0x00291241,                /* 01F5  move L41 <- L18 */
    0x002A0B41,                /* 01F6  move L42 <- L11 */
    0x002B0041,                /* 01F7  move L43 <- L0 */
    0x002C1041,                /* 01F8  move L44 <- L16 */
    0x002507A0, 0x00010000,    /* 01F9  call base=L37 argc=7 nres=1 */
    0x001B2541,                /* 01FB  move L27 <- L37 */
    0x00022546,                /* 01FC  lconst L37 <- static#2   ("error") */
    0x00260097, 0x001B0025,    /* 01FD  is L38 <- L27 is L37 */
    0x0001264B,                /* 01FF  jf L38, +1 */
    0x001B0102,                /* 0200  return L27 count=1 */
    0x00B4004F,                /* 0201  jmp +180 */
    0x00202546,                /* 0202  lconst L37 <- static#32   ("message") */
    0x0026008F, 0x00110025,    /* 0203  eq L38 <- L17 == L37 */
    0x001B264B,                /* 0205  jf L38, +27 */
    0x00072542,                /* 0206  gget L37 <- g7   (_check_index) */
    0x00268141,                /* 0207  move L38 <- P1 */
    0x00270741,                /* 0208  move L39 <- L7 */
    0x00280841,                /* 0209  move L40 <- L8 */
    0x00290F41,                /* 020A  move L41 <- L15 */
    0x002A1241,                /* 020B  move L42 <- L18 */
    0x00212B46,                /* 020C  lconst L43 <- static#33   ("messages") */
    0x002C0098, 0x8000002B,    /* 020D  getidx L44 <- P0[L43] */
    0x002B2C41,                /* 020F  move L43 <- L44 */
    0x002506A0, 0x00010000,    /* 0210  call base=L37 argc=6 nres=1 */
    0x001C2541,                /* 0212  move L28 <- L37 */
    0x00022546,                /* 0213  lconst L37 <- static#2   ("error") */
    0x00260097, 0x001C0025,    /* 0214  is L38 <- L28 is L37 */
    0x0001264B,                /* 0216  jf L38, +1 */
    0x001C0102,                /* 0217  return L28 count=1 */
    0x00250096, 0x00120003,    /* 0218  in L37 <- L18 in L3 */
    0x0026254A,                /* 021A  not L38 <- L37 */
    0x0004264B,                /* 021B  jf L38, +4 */
    0x00250341,                /* 021C  move L37 <- L3 */
    0x00261241,                /* 021D  move L38 <- L18 */
    0x002501A2, 0x00000001,    /* 021E  msg base=L37 argc=1 msg#0 nres=1   (append) */
    0x0095004F,                /* 0220  jmp +149 */
    0x00222546,                /* 0221  lconst L37 <- static#34   ("static") */
    0x0026008F, 0x00110025,    /* 0222  eq L38 <- L17 == L37 */
    0x0013264B,                /* 0224  jf L38, +19 */
    0x00072542,                /* 0225  gget L37 <- g7   (_check_index) */
    0x00268141,                /* 0226  move L38 <- P1 */
    0x00270741,                /* 0227  move L39 <- L7 */
    0x00280841,                /* 0228  move L40 <- L8 */
    0x00290F41,                /* 0229  move L41 <- L15 */
    0x002A1241,                /* 022A  move L42 <- L18 */
    0x00232B46,                /* 022B  lconst L43 <- static#35   ("statics") */
    0x002C0098, 0x8000002B,    /* 022C  getidx L44 <- P0[L43] */
    0x002B2C41,                /* 022E  move L43 <- L44 */
    0x002506A0, 0x00010000,    /* 022F  call base=L37 argc=6 nres=1 */
    0x001D2541,                /* 0231  move L29 <- L37 */
    0x00022546,                /* 0232  lconst L37 <- static#2   ("error") */
    0x00260097, 0x001D0025,    /* 0233  is L38 <- L29 is L37 */
    0x0001264B,                /* 0235  jf L38, +1 */
    0x001D0102,                /* 0236  return L29 count=1 */
    0x007E004F,                /* 0237  jmp +126 */
    0x00242546,                /* 0238  lconst L37 <- static#36   ("symbol") */
    0x0026008F, 0x00110025,    /* 0239  eq L38 <- L17 == L37 */
    0x0013264B,                /* 023B  jf L38, +19 */
    0x00072542,                /* 023C  gget L37 <- g7   (_check_index) */
    0x00268141,                /* 023D  move L38 <- P1 */
    0x00270741,                /* 023E  move L39 <- L7 */
    0x00280841,                /* 023F  move L40 <- L8 */
    0x00290F41,                /* 0240  move L41 <- L15 */
    0x002A1241,                /* 0241  move L42 <- L18 */
    0x00252B46,                /* 0242  lconst L43 <- static#37   ("symbols") */
    0x002C0098, 0x8000002B,    /* 0243  getidx L44 <- P0[L43] */
    0x002B2C41,                /* 0245  move L43 <- L44 */
    0x002506A0, 0x00010000,    /* 0246  call base=L37 argc=6 nres=1 */
    0x001E2541,                /* 0248  move L30 <- L37 */
    0x00022546,                /* 0249  lconst L37 <- static#2   ("error") */
    0x00260097, 0x001E0025,    /* 024A  is L38 <- L30 is L37 */
    0x0001264B,                /* 024C  jf L38, +1 */
    0x001E0102,                /* 024D  return L30 count=1 */
    0x0067004F,                /* 024E  jmp +103 */
    0x00262546,                /* 024F  lconst L37 <- static#38   ("global") */
    0x0026008F, 0x00110025,    /* 0250  eq L38 <- L17 == L37 */
    0x0036264B,                /* 0252  jf L38, +54 */
    0x00272546,                /* 0253  lconst L37 <- static#39   ("globals") */
    0x00260098, 0x80000025,    /* 0254  getidx L38 <- P0[L37] */
    0x00270094, 0x00120026,    /* 0256  ge L39 <- L18 >= L38 */
    0x002F274B,                /* 0258  jf L39, +47 */
    0x000B2542,                /* 0259  gget L37 <- g11   (_fail) */
    0x00268141,                /* 025A  move L38 <- P1 */
    0x00270741,                /* 025B  move L39 <- L7 */
    0x00352842,                /* 025C  gget L40 <- g53   (str) */
    0x00062946,                /* 025D  lconst L41 <- static#6   ("name") */
    0x002A0098, 0x00080029,    /* 025E  getidx L42 <- L8[L41] */
    0x00292A41,                /* 0260  move L41 <- L42 */
    0x002801A0, 0x00010000,    /* 0261  call base=L40 argc=1 nres=1 */
    0x00282946,                /* 0263  lconst L41 <- static#40   (" ") */
    0x002A0085, 0x00280029,    /* 0264  add L42 <- L40 + L41 */
    0x00352B42,                /* 0266  gget L43 <- g53   (str) */
    0x002C0F41,                /* 0267  move L44 <- L15 */
    0x002B01A0, 0x00010000,    /* 0268  call base=L43 argc=1 nres=1 */
    0x002C0085, 0x002A002B,    /* 026A  add L44 <- L42 + L43 */
    0x00292D46,                /* 026C  lconst L45 <- static#41   (" is index ") */
    0x002E0085, 0x002C002D,    /* 026D  add L46 <- L44 + L45 */
    0x00352F42,                /* 026F  gget L47 <- g53   (str) */
    0x00301241,                /* 0270  move L48 <- L18 */
    0x002F01A0, 0x00010000,    /* 0271  call base=L47 argc=1 nres=1 */
    0x00300085, 0x002E002F,    /* 0273  add L48 <- L46 + L47 */
    0x002A3146,                /* 0275  lconst L49 <- static#42   (", but there are only ") */
    0x00320085, 0x00300031,    /* 0276  add L50 <- L48 + L49 */
    0x00353342,                /* 0278  gget L51 <- g53   (str) */
    0x00273446,                /* 0279  lconst L52 <- static#39   ("globals") */
    0x00350098, 0x80000034,    /* 027A  getidx L53 <- P0[L52] */
    0x00343541,                /* 027C  move L52 <- L53 */
    0x003301A0, 0x00010000,    /* 027D  call base=L51 argc=1 nres=1 */
    0x00340085, 0x00320033,    /* 027F  add L52 <- L50 + L51 */
    0x002B3546,                /* 0281  lconst L53 <- static#43   (" global slot(s)") */
    0x00360085, 0x00340035,    /* 0282  add L54 <- L52 + L53 */
    0x00283641,                /* 0284  move L40 <- L54 */
    0x002503A0, 0x00010000,    /* 0285  call base=L37 argc=3 nres=1 */
    0x00250102,                /* 0287  return L37 count=1 */
    0x002D004F,                /* 0288  jmp +45 */
    0x002C2546,                /* 0289  lconst L37 <- static#44   ("function") */
    0x0026008F, 0x00110025,    /* 028A  eq L38 <- L17 == L37 */
    0x0013264B,                /* 028C  jf L38, +19 */
    0x00072542,                /* 028D  gget L37 <- g7   (_check_index) */
    0x00268141,                /* 028E  move L38 <- P1 */
    0x00270741,                /* 028F  move L39 <- L7 */
    0x00280841,                /* 0290  move L40 <- L8 */
    0x00290F41,                /* 0291  move L41 <- L15 */
    0x002A1241,                /* 0292  move L42 <- L18 */
    0x00032B46,                /* 0293  lconst L43 <- static#3   ("functions") */
    0x002C0098, 0x8000002B,    /* 0294  getidx L44 <- P0[L43] */
    0x002B2C41,                /* 0296  move L43 <- L44 */
    0x002506A0, 0x00010000,    /* 0297  call base=L37 argc=6 nres=1 */
    0x001F2541,                /* 0299  move L31 <- L37 */
    0x00022546,                /* 029A  lconst L37 <- static#2   ("error") */
    0x00260097, 0x001F0025,    /* 029B  is L38 <- L31 is L37 */
    0x0001264B,                /* 029D  jf L38, +1 */
    0x001F0102,                /* 029E  return L31 count=1 */
    0x0016004F,                /* 029F  jmp +22 */
    0x002D2546,                /* 02A0  lconst L37 <- static#45   ("class") */
    0x0026008F, 0x00110025,    /* 02A1  eq L38 <- L17 == L37 */
    0x0012264B,                /* 02A3  jf L38, +18 */
    0x00072542,                /* 02A4  gget L37 <- g7   (_check_index) */
    0x00268141,                /* 02A5  move L38 <- P1 */
    0x00270741,                /* 02A6  move L39 <- L7 */
    0x00280841,                /* 02A7  move L40 <- L8 */
    0x00290F41,                /* 02A8  move L41 <- L15 */
    0x002A1241,                /* 02A9  move L42 <- L18 */
    0x002E2B46,                /* 02AA  lconst L43 <- static#46   ("classes") */
    0x002C0098, 0x8000002B,    /* 02AB  getidx L44 <- P0[L43] */
    0x002B2C41,                /* 02AD  move L43 <- L44 */
    0x002506A0, 0x00010000,    /* 02AE  call base=L37 argc=6 nres=1 */
    0x00202541,                /* 02B0  move L32 <- L37 */
    0x00022546,                /* 02B1  lconst L37 <- static#2   ("error") */
    0x00260097, 0x00200025,    /* 02B2  is L38 <- L32 is L37 */
    0x0001264B,                /* 02B4  jf L38, +1 */
    0x00200102,                /* 02B5  return L32 count=1 */
    0xFF03004F,                /* 02B6  jmp -253 */
    0x000D2442,                /* 02B7  gget L36 <- g13   (_windows) */
    0x00250841,                /* 02B8  move L37 <- L8 */
    0x00260A41,                /* 02B9  move L38 <- L10 */
    0x002402A0, 0x00010000,    /* 02BA  call base=L36 argc=2 nres=1 */
    0x000E2441,                /* 02BC  move L14 <- L36 */
    0x002400AE, 0x000E0000,    /* 02BD  iter L36 <- L14 */
    0x002100AF, 0x00240015,    /* 02BF  itnext L33 <- L36, done +21 */
    0x00052542,                /* 02C1  gget L37 <- g5   (_check_window) */
    0x00268141,                /* 02C2  move L38 <- P1 */
    0x00270741,                /* 02C3  move L39 <- L7 */
    0x00280841,                /* 02C4  move L40 <- L8 */
    0x00290040,                /* 02C5  i8 L41 <- 0 */
    0x002A0098, 0x00210029,    /* 02C6  getidx L42 <- L33[L41] */
    0x00292A41,                /* 02C8  move L41 <- L42 */
    0x002A0140,                /* 02C9  i8 L42 <- 1 */
    0x002B0098, 0x0021002A,    /* 02CA  getidx L43 <- L33[L42] */
    0x002A2B41,                /* 02CC  move L42 <- L43 */
    0x002505A0, 0x00010000,    /* 02CD  call base=L37 argc=5 nres=1 */
    0x00222541,                /* 02CF  move L34 <- L37 */
    0x00022546,                /* 02D0  lconst L37 <- static#2   ("error") */
    0x00260097, 0x00220025,    /* 02D1  is L38 <- L34 is L37 */
    0x0001264B,                /* 02D3  jf L38, +1 */
    0x00220102,                /* 02D4  return L34 count=1 */
    0xFFE9004F,                /* 02D5  jmp -23 */
    0xFEC3004F,                /* 02D6  jmp -317 */
    0x00082342,                /* 02D7  gget L35 <- g8   (_check_uses) */
    0x00248041,                /* 02D8  move L36 <- P0 */
    0x00258141,                /* 02D9  move L37 <- P1 */
    0x00260341,                /* 02DA  move L38 <- L3 */
    0x002303A0, 0x00010000,    /* 02DB  call base=L35 argc=3 nres=1 */
    0x00230102,                /* 02DD  return L35 count=1 */
    0x002F0142,                /* 02DE  gget L1 <- g47   (reg_index) */
    0x00028441,                /* 02DF  move L2 <- P4 */
    0x000101A0, 0x00010000,    /* 02E0  call base=L1 argc=1 nres=1 */
    0x00000141,                /* 02E2  move L0 <- L1 */
    0x002C0142,                /* 02E3  gget L1 <- g44   (is_p) */
    0x00028441,                /* 02E4  move L2 <- P4 */
    0x000101A0, 0x00010000,    /* 02E5  call base=L1 argc=1 nres=1 */
    0x0036014B,                /* 02E7  jf L1, +54 */
    0x000C0146,                /* 02E8  lconst L1 <- static#12   ("pframe") */
    0x00020098, 0x80000001,    /* 02E9  getidx L2 <- P0[L1] */
    0x00030094, 0x00000002,    /* 02EB  ge L3 <- L0 >= L2 */
    0x002F034B,                /* 02ED  jf L3, +47 */
    0x000B0142,                /* 02EE  gget L1 <- g11   (_fail) */
    0x00028041,                /* 02EF  move L2 <- P0 */
    0x00038141,                /* 02F0  move L3 <- P1 */
    0x00350442,                /* 02F1  gget L4 <- g53   (str) */
    0x00060546,                /* 02F2  lconst L5 <- static#6   ("name") */
    0x00060098, 0x80020005,    /* 02F3  getidx L6 <- P2[L5] */
    0x00050641,                /* 02F5  move L5 <- L6 */
    0x000401A0, 0x00010000,    /* 02F6  call base=L4 argc=1 nres=1 */
    0x00280546,                /* 02F8  lconst L5 <- static#40   (" ") */
    0x00060085, 0x00040005,    /* 02F9  add L6 <- L4 + L5 */
    0x00350742,                /* 02FB  gget L7 <- g53   (str) */
    0x00088341,                /* 02FC  move L8 <- P3 */
    0x000701A0, 0x00010000,    /* 02FD  call base=L7 argc=1 nres=1 */
    0x00080085, 0x00060007,    /* 02FF  add L8 <- L6 + L7 */
    0x002F0946,                /* 0301  lconst L9 <- static#47   (" is P") */
    0x000A0085, 0x00080009,    /* 0302  add L10 <- L8 + L9 */
    0x00350B42,                /* 0304  gget L11 <- g53   (str) */
    0x000C0041,                /* 0305  move L12 <- L0 */
    0x000B01A0, 0x00010000,    /* 0306  call base=L11 argc=1 nres=1 */
    0x000C0085, 0x000A000B,    /* 0308  add L12 <- L10 + L11 */
    0x00300D46,                /* 030A  lconst L13 <- static#48   (", but the P frame holds ") */
    0x000E0085, 0x000C000D,    /* 030B  add L14 <- L12 + L13 */
    0x00350F42,                /* 030D  gget L15 <- g53   (str) */
    0x000C1046,                /* 030E  lconst L16 <- static#12   ("pframe") */
    0x00110098, 0x80000010,    /* 030F  getidx L17 <- P0[L16] */
    0x00101141,                /* 0311  move L16 <- L17 */
    0x000F01A0, 0x00010000,    /* 0312  call base=L15 argc=1 nres=1 */
    0x00100085, 0x000E000F,    /* 0314  add L16 <- L14 + L15 */
    0x00311146,                /* 0316  lconst L17 <- static#49   (" slot(s)") */
    0x00120085, 0x00100011,    /* 0317  add L18 <- L16 + L17 */
    0x00041241,                /* 0319  move L4 <- L18 */
    0x000103A0, 0x00010000,    /* 031A  call base=L1 argc=3 nres=1 */
    0x00010102,                /* 031C  return L1 count=1 */
    0x0035004F,                /* 031D  jmp +53 */
    0x000A0146,                /* 031E  lconst L1 <- static#10   ("nlocals") */
    0x00020098, 0x80000001,    /* 031F  getidx L2 <- P0[L1] */
    0x00030094, 0x00000002,    /* 0321  ge L3 <- L0 >= L2 */
    0x002F034B,                /* 0323  jf L3, +47 */
    0x000B0142,                /* 0324  gget L1 <- g11   (_fail) */
    0x00028041,                /* 0325  move L2 <- P0 */
    0x00038141,                /* 0326  move L3 <- P1 */
    0x00350442,                /* 0327  gget L4 <- g53   (str) */
    0x00060546,                /* 0328  lconst L5 <- static#6   ("name") */
    0x00060098, 0x80020005,    /* 0329  getidx L6 <- P2[L5] */
    0x00050641,                /* 032B  move L5 <- L6 */
    0x000401A0, 0x00010000,    /* 032C  call base=L4 argc=1 nres=1 */
    0x00280546,                /* 032E  lconst L5 <- static#40   (" ") */
    0x00060085, 0x00040005,    /* 032F  add L6 <- L4 + L5 */
    0x00350742,                /* 0331  gget L7 <- g53   (str) */
    0x00088341,                /* 0332  move L8 <- P3 */
    0x000701A0, 0x00010000,    /* 0333  call base=L7 argc=1 nres=1 */
    0x00080085, 0x00060007,    /* 0335  add L8 <- L6 + L7 */
    0x00320946,                /* 0337  lconst L9 <- static#50   (" is L") */
    0x000A0085, 0x00080009,    /* 0338  add L10 <- L8 + L9 */
    0x00350B42,                /* 033A  gget L11 <- g53   (str) */
    0x000C0041,                /* 033B  move L12 <- L0 */
    0x000B01A0, 0x00010000,    /* 033C  call base=L11 argc=1 nres=1 */
    0x000C0085, 0x000A000B,    /* 033E  add L12 <- L10 + L11 */
    0x00330D46,                /* 0340  lconst L13 <- static#51   (", but the frame holds ") */
    0x000E0085, 0x000C000D,    /* 0341  add L14 <- L12 + L13 */
    0x00350F42,                /* 0343  gget L15 <- g53   (str) */
    0x000A1046,                /* 0344  lconst L16 <- static#10   ("nlocals") */
    0x00110098, 0x80000010,    /* 0345  getidx L17 <- P0[L16] */
    0x00101141,                /* 0347  move L16 <- L17 */
    0x000F01A0, 0x00010000,    /* 0348  call base=L15 argc=1 nres=1 */
    0x00100085, 0x000E000F,    /* 034A  add L16 <- L14 + L15 */
    0x00311146,                /* 034C  lconst L17 <- static#49   (" slot(s)") */
    0x00120085, 0x00100011,    /* 034D  add L18 <- L16 + L17 */
    0x00041241,                /* 034F  move L4 <- L18 */
    0x000103A0, 0x00010000,    /* 0350  call base=L1 argc=3 nres=1 */
    0x00010102,                /* 0352  return L1 count=1 */
    0x00010003,                /* 0353  lnil L1 */
    0x00010102,                /* 0354  return L1 count=1 */
    0x002C0042,                /* 0355  gget L0 <- g44   (is_p) */
    0x00018341,                /* 0356  move L1 <- P3 */
    0x000001A0, 0x00010000,    /* 0357  call base=L0 argc=1 nres=1 */
    0x001D004B,                /* 0359  jf L0, +29 */
    0x000B0042,                /* 035A  gget L0 <- g11   (_fail) */
    0x00018041,                /* 035B  move L1 <- P0 */
    0x00028141,                /* 035C  move L2 <- P1 */
    0x00350342,                /* 035D  gget L3 <- g53   (str) */
    0x00060446,                /* 035E  lconst L4 <- static#6   ("name") */
    0x00050098, 0x80020004,    /* 035F  getidx L5 <- P2[L4] */
    0x00040541,                /* 0361  move L4 <- L5 */
    0x000301A0, 0x00010000,    /* 0362  call base=L3 argc=1 nres=1 */
    0x00340446,                /* 0364  lconst L4 <- static#52   (" window base is P") */
    0x00050085, 0x00030004,    /* 0365  add L5 <- L3 + L4 */
    0x00350642,                /* 0367  gget L6 <- g53   (str) */
    0x002F0742,                /* 0368  gget L7 <- g47   (reg_index) */
    0x00088341,                /* 0369  move L8 <- P3 */
    0x000701A0, 0x00010000,    /* 036A  call base=L7 argc=1 nres=1 */
    0x000601A0, 0x00010000,    /* 036C  call base=L6 argc=1 nres=1 */
    0x00070085, 0x00050006,    /* 036E  add L7 <- L5 + L6 */
    0x00350846,                /* 0370  lconst L8 <- static#53   ("; windows live in the L frame") */
    0x00090085, 0x00070008,    /* 0371  add L9 <- L7 + L8 */
    0x00030941,                /* 0373  move L3 <- L9 */
    0x000003A0, 0x00010000,    /* 0374  call base=L0 argc=3 nres=1 */
    0x00000102,                /* 0376  return L0 count=1 */
    0x00000085, 0x80038004,    /* 0377  add L0 <- P3 + P4 */
    0x000A0146,                /* 0379  lconst L1 <- static#10   ("nlocals") */
    0x00020098, 0x80000001,    /* 037A  getidx L2 <- P0[L1] */
    0x00030093, 0x00000002,    /* 037C  gt L3 <- L0 > L2 */
    0x0034034B,                /* 037E  jf L3, +52 */
    0x000B0042,                /* 037F  gget L0 <- g11   (_fail) */
    0x00018041,                /* 0380  move L1 <- P0 */
    0x00028141,                /* 0381  move L2 <- P1 */
    0x00350342,                /* 0382  gget L3 <- g53   (str) */
    0x00060446,                /* 0383  lconst L4 <- static#6   ("name") */
    0x00050098, 0x80020004,    /* 0384  getidx L5 <- P2[L4] */
    0x00040541,                /* 0386  move L4 <- L5 */
    0x000301A0, 0x00010000,    /* 0387  call base=L3 argc=1 nres=1 */
    0x00360446,                /* 0389  lconst L4 <- static#54   (" window L") */
    0x00050085, 0x00030004,    /* 038A  add L5 <- L3 + L4 */
    0x00350642,                /* 038C  gget L6 <- g53   (str) */
    0x00078341,                /* 038D  move L7 <- P3 */
    0x000601A0, 0x00010000,    /* 038E  call base=L6 argc=1 nres=1 */
    0x00070085, 0x00050006,    /* 0390  add L7 <- L5 + L6 */
    0x00370846,                /* 0392  lconst L8 <- static#55   ("..L") */
    0x00090085, 0x00070008,    /* 0393  add L9 <- L7 + L8 */
    0x00350A42,                /* 0395  gget L10 <- g53   (str) */
    0x000B0085, 0x80038004,    /* 0396  add L11 <- P3 + P4 */
    0x000C0140,                /* 0398  i8 L12 <- 1 */
    0x000D0086, 0x000B000C,    /* 0399  sub L13 <- L11 - L12 */
    0x000B0D41,                /* 039B  move L11 <- L13 */
    0x000A01A0, 0x00010000,    /* 039C  call base=L10 argc=1 nres=1 */
    0x000B0085, 0x0009000A,    /* 039E  add L11 <- L9 + L10 */
    0x00380C46,                /* 03A0  lconst L12 <- static#56   (" runs past the ") */
    0x000D0085, 0x000B000C,    /* 03A1  add L13 <- L11 + L12 */
    0x00350E42,                /* 03A3  gget L14 <- g53   (str) */
    0x000A0F46,                /* 03A4  lconst L15 <- static#10   ("nlocals") */
    0x00100098, 0x8000000F,    /* 03A5  getidx L16 <- P0[L15] */
    0x000F1041,                /* 03A7  move L15 <- L16 */
    0x000E01A0, 0x00010000,    /* 03A8  call base=L14 argc=1 nres=1 */
    0x000F0085, 0x000D000E,    /* 03AA  add L15 <- L13 + L14 */
    0x00391046,                /* 03AC  lconst L16 <- static#57   ("-slot frame") */
    0x00110085, 0x000F0010,    /* 03AD  add L17 <- L15 + L16 */
    0x00031141,                /* 03AF  move L3 <- L17 */
    0x000003A0, 0x00010000,    /* 03B0  call base=L0 argc=3 nres=1 */
    0x00000102,                /* 03B2  return L0 count=1 */
    0x00000003,                /* 03B3  lnil L0 */
    0x00000102,                /* 03B4  return L0 count=1 */
    0x00001040,                /* 03B5  i8 L0 <- 16 */
    0x003A0346,                /* 03B6  lconst L3 <- static#58   ("w1") */
    0x0004008F, 0x80060003,    /* 03B7  eq L4 <- P6 == L3 */
    0x0001044B,                /* 03B9  jf L4, +1 */
    0x00002040,                /* 03BA  i8 L0 <- 32 */
    0x000F0342,                /* 03BB  gget L3 <- g15   (_signed) */
    0x00048341,                /* 03BC  move L4 <- P3 */
    0x00050041,                /* 03BD  move L5 <- L0 */
    0x000302A0, 0x00010000,    /* 03BE  call base=L3 argc=2 nres=1 */
    0x00010341,                /* 03C0  move L1 <- L3 */
    0x00030085, 0x80018004,    /* 03C1  add L3 <- P1 + P4 */
    0x00020085, 0x00030001,    /* 03C3  add L2 <- L3 + L1 */
    0x00080446,                /* 03C5  lconst L4 <- static#8   ("start") */
    0x00050098, 0x80000004,    /* 03C6  getidx L5 <- P0[L4] */
    0x00030091, 0x00020005,    /* 03C8  lt L3 <- L2 < L5 */
    0x0005034C,                /* 03CA  jt L3, +5 */
    0x00090446,                /* 03CB  lconst L4 <- static#9   ("end") */
    0x00050098, 0x80000004,    /* 03CC  getidx L5 <- P0[L4] */
    0x00030093, 0x00020005,    /* 03CE  gt L3 <- L2 > L5 */
    0x0032034B,                /* 03D0  jf L3, +50 */
    0x000B0342,                /* 03D1  gget L3 <- g11   (_fail) */
    0x00048041,                /* 03D2  move L4 <- P0 */
    0x00058141,                /* 03D3  move L5 <- P1 */
    0x00350642,                /* 03D4  gget L6 <- g53   (str) */
    0x00060746,                /* 03D5  lconst L7 <- static#6   ("name") */
    0x00080098, 0x80020007,    /* 03D6  getidx L8 <- P2[L7] */
    0x00070841,                /* 03D8  move L7 <- L8 */
    0x000601A0, 0x00010000,    /* 03D9  call base=L6 argc=1 nres=1 */
    0x003B0746,                /* 03DB  lconst L7 <- static#59   (" jumps to word ") */
    0x00080085, 0x00060007,    /* 03DC  add L8 <- L6 + L7 */
    0x00350942,                /* 03DE  gget L9 <- g53   (str) */
    0x000A0241,                /* 03DF  move L10 <- L2 */
    0x000901A0, 0x00010000,    /* 03E0  call base=L9 argc=1 nres=1 */
    0x000A0085, 0x00080009,    /* 03E2  add L10 <- L8 + L9 */
    0x003C0B46,                /* 03E4  lconst L11 <- static#60   (", outside the body [") */
    0x000C0085, 0x000A000B,    /* 03E5  add L12 <- L10 + L11 */
    0x00350D42,                /* 03E7  gget L13 <- g53   (str) */
    0x00080E46,                /* 03E8  lconst L14 <- static#8   ("start") */
    0x000F0098, 0x8000000E,    /* 03E9  getidx L15 <- P0[L14] */
    0x000E0F41,                /* 03EB  move L14 <- L15 */
    0x000D01A0, 0x00010000,    /* 03EC  call base=L13 argc=1 nres=1 */
    0x000E0085, 0x000C000D,    /* 03EE  add L14 <- L12 + L13 */
    0x003D0F46,                /* 03F0  lconst L15 <- static#61   (", ") */
    0x00100085, 0x000E000F,    /* 03F1  add L16 <- L14 + L15 */
    0x00351142,                /* 03F3  gget L17 <- g53   (str) */
    0x00091246,                /* 03F4  lconst L18 <- static#9   ("end") */
    0x00130098, 0x80000012,    /* 03F5  getidx L19 <- P0[L18] */
    0x00121341,                /* 03F7  move L18 <- L19 */
    0x001101A0, 0x00010000,    /* 03F8  call base=L17 argc=1 nres=1 */
    0x00120085, 0x00100011,    /* 03FA  add L18 <- L16 + L17 */
    0x003E1346,                /* 03FC  lconst L19 <- static#62   (")") */
    0x00140085, 0x00120013,    /* 03FD  add L20 <- L18 + L19 */
    0x00061441,                /* 03FF  move L6 <- L20 */
    0x000303A0, 0x00010000,    /* 0400  call base=L3 argc=3 nres=1 */
    0x00030102,                /* 0402  return L3 count=1 */
    0x00030096, 0x00028005,    /* 0403  in L3 <- L2 in P5 */
    0x0004034A,                /* 0405  not L4 <- L3 */
    0x001A044B,                /* 0406  jf L4, +26 */
    0x000B0342,                /* 0407  gget L3 <- g11   (_fail) */
    0x00048041,                /* 0408  move L4 <- P0 */
    0x00058141,                /* 0409  move L5 <- P1 */
    0x00350642,                /* 040A  gget L6 <- g53   (str) */
    0x00060746,                /* 040B  lconst L7 <- static#6   ("name") */
    0x00080098, 0x80020007,    /* 040C  getidx L8 <- P2[L7] */
    0x00070841,                /* 040E  move L7 <- L8 */
    0x000601A0, 0x00010000,    /* 040F  call base=L6 argc=1 nres=1 */
    0x003B0746,                /* 0411  lconst L7 <- static#59   (" jumps to word ") */
    0x00080085, 0x00060007,    /* 0412  add L8 <- L6 + L7 */
    0x00350942,                /* 0414  gget L9 <- g53   (str) */
    0x000A0241,                /* 0415  move L10 <- L2 */
    0x000901A0, 0x00010000,    /* 0416  call base=L9 argc=1 nres=1 */
    0x000A0085, 0x00080009,    /* 0418  add L10 <- L8 + L9 */
    0x003F0B46,                /* 041A  lconst L11 <- static#63   (", which is not an instruction boundary") */
    0x000C0085, 0x000A000B,    /* 041B  add L12 <- L10 + L11 */
    0x00060C41,                /* 041D  move L6 <- L12 */
    0x000303A0, 0x00010000,    /* 041E  call base=L3 argc=3 nres=1 */
    0x00030102,                /* 0420  return L3 count=1 */
    0x00030003,                /* 0421  lnil L3 */
    0x00030102,                /* 0422  return L3 count=1 */
    0x00000040,                /* 0423  i8 L0 <- 0 */
    0x00100146,                /* 0424  lconst L1 <- static#16   ("nil") */
    0x00020097, 0x80050001,    /* 0425  is L2 <- P5 is L1 */
    0x0003024A,                /* 0427  not L3 <- L2 */
    0x0005034B,                /* 0428  jf L3, +5 */
    0x00330142,                /* 0429  gget L1 <- g51   (len) */
    0x00028541,                /* 042A  move L2 <- P5 */
    0x000101A0, 0x00010000,    /* 042B  call base=L1 argc=1 nres=1 */
    0x00000141,                /* 042D  move L0 <- L1 */
    0x00010094, 0x80040000,    /* 042E  ge L1 <- P4 >= L0 */
    0x002C014B,                /* 0430  jf L1, +44 */
    0x000B0142,                /* 0431  gget L1 <- g11   (_fail) */
    0x00028041,                /* 0432  move L2 <- P0 */
    0x00038141,                /* 0433  move L3 <- P1 */
    0x00350442,                /* 0434  gget L4 <- g53   (str) */
    0x00060546,                /* 0435  lconst L5 <- static#6   ("name") */
    0x00060098, 0x80020005,    /* 0436  getidx L6 <- P2[L5] */
    0x00050641,                /* 0438  move L5 <- L6 */
    0x000401A0, 0x00010000,    /* 0439  call base=L4 argc=1 nres=1 */
    0x00280546,                /* 043B  lconst L5 <- static#40   (" ") */
    0x00060085, 0x00040005,    /* 043C  add L6 <- L4 + L5 */
    0x00350742,                /* 043E  gget L7 <- g53   (str) */
    0x00088341,                /* 043F  move L8 <- P3 */
    0x000701A0, 0x00010000,    /* 0440  call base=L7 argc=1 nres=1 */
    0x00080085, 0x00060007,    /* 0442  add L8 <- L6 + L7 */
    0x00290946,                /* 0444  lconst L9 <- static#41   (" is index ") */
    0x000A0085, 0x00080009,    /* 0445  add L10 <- L8 + L9 */
    0x00350B42,                /* 0447  gget L11 <- g53   (str) */
    0x000C8441,                /* 0448  move L12 <- P4 */
    0x000B01A0, 0x00010000,    /* 0449  call base=L11 argc=1 nres=1 */
    0x000C0085, 0x000A000B,    /* 044B  add L12 <- L10 + L11 */
    0x00400D46,                /* 044D  lconst L13 <- static#64   (", but that table has ") */
    0x000E0085, 0x000C000D,    /* 044E  add L14 <- L12 + L13 */
    0x00350F42,                /* 0450  gget L15 <- g53   (str) */
    0x00100041,                /* 0451  move L16 <- L0 */
    0x000F01A0, 0x00010000,    /* 0452  call base=L15 argc=1 nres=1 */
    0x00100085, 0x000E000F,    /* 0454  add L16 <- L14 + L15 */
    0x00411146,                /* 0456  lconst L17 <- static#65   (" entr(ies)") */
    0x00120085, 0x00100011,    /* 0457  add L18 <- L16 + L17 */
    0x00041241,                /* 0459  move L4 <- L18 */
    0x000103A0, 0x00010000,    /* 045A  call base=L1 argc=3 nres=1 */
    0x00010102,                /* 045C  return L1 count=1 */
    0x00010003,                /* 045D  lnil L1 */
    0x00010102,                /* 045E  return L1 count=1 */
    0x000200AE, 0x80020000,    /* 045F  iter L2 <- P2 */
    0x000000AF, 0x0002001D,    /* 0461  itnext L0 <- L2, done +29 */
    0x000D0346,                /* 0463  lconst L3 <- static#13   ("uses") */
    0x00040098, 0x80010003,    /* 0464  getidx L4 <- P1[L3] */
    0x00050096, 0x00000004,    /* 0466  in L5 <- L0 in L4 */
    0x0006054A,                /* 0468  not L6 <- L5 */
    0x0015064B,                /* 0469  jf L6, +21 */
    0x000B0342,                /* 046A  gget L3 <- g11   (_fail) */
    0x00048141,                /* 046B  move L4 <- P1 */
    0x00080546,                /* 046C  lconst L5 <- static#8   ("start") */
    0x00060098, 0x80010005,    /* 046D  getidx L6 <- P1[L5] */
    0x00050641,                /* 046F  move L5 <- L6 */
    0x00420646,                /* 0470  lconst L6 <- static#66   ("references ") */
    0x00090742,                /* 0471  gget L7 <- g9   (_message_name) */
    0x00088041,                /* 0472  move L8 <- P0 */
    0x00090041,                /* 0473  move L9 <- L0 */
    0x000702A0, 0x00010000,    /* 0474  call base=L7 argc=2 nres=1 */
    0x00080085, 0x00060007,    /* 0476  add L8 <- L6 + L7 */
    0x00430946,                /* 0478  lconst L9 <- static#67   (" without listing it in its referenced-name set") */
    0x000A0085, 0x00080009,    /* 0479  add L10 <- L8 + L9 */
    0x00060A41,                /* 047B  move L6 <- L10 */
    0x000303A0, 0x00010000,    /* 047C  call base=L3 argc=3 nres=1 */
    0x00030102,                /* 047E  return L3 count=1 */
    0xFFE1004F,                /* 047F  jmp -31 */
    0x000D0246,                /* 0480  lconst L2 <- static#13   ("uses") */
    0x00030098, 0x80010002,    /* 0481  getidx L3 <- P1[L2] */
    0x000400AE, 0x00030000,    /* 0483  iter L4 <- L3 */
    0x000100AF, 0x0004001A,    /* 0485  itnext L1 <- L4, done +26 */
    0x00050096, 0x00018002,    /* 0487  in L5 <- L1 in P2 */
    0x0006054A,                /* 0489  not L6 <- L5 */
    0x0015064B,                /* 048A  jf L6, +21 */
    0x000B0542,                /* 048B  gget L5 <- g11   (_fail) */
    0x00068141,                /* 048C  move L6 <- P1 */
    0x00080746,                /* 048D  lconst L7 <- static#8   ("start") */
    0x00080098, 0x80010007,    /* 048E  getidx L8 <- P1[L7] */
    0x00070841,                /* 0490  move L7 <- L8 */
    0x00440846,                /* 0491  lconst L8 <- static#68   ("lists ") */
    0x00090942,                /* 0492  gget L9 <- g9   (_message_name) */
    0x000A8041,                /* 0493  move L10 <- P0 */
    0x000B0141,                /* 0494  move L11 <- L1 */
    0x000902A0, 0x00010000,    /* 0495  call base=L9 argc=2 nres=1 */
    0x000A0085, 0x00080009,    /* 0497  add L10 <- L8 + L9 */
    0x00450B46,                /* 0499  lconst L11 <- static#69   (" in its referenced-name set but never reads it") */
    0x000C0085, 0x000A000B,    /* 049A  add L12 <- L10 + L11 */
    0x00080C41,                /* 049C  move L8 <- L12 */
    0x000503A0, 0x00010000,    /* 049D  call base=L5 argc=3 nres=1 */
    0x00050102,                /* 049F  return L5 count=1 */
    0xFFE4004F,                /* 04A0  jmp -28 */
    0x00020003,                /* 04A1  lnil L2 */
    0x00020102,                /* 04A2  return L2 count=1 */
    0x00210146,                /* 04A3  lconst L1 <- static#33   ("messages") */
    0x00000098, 0x80000001,    /* 04A4  getidx L0 <- P0[L1] */
    0x00100146,                /* 04A6  lconst L1 <- static#16   ("nil") */
    0x00020097, 0x00000001,    /* 04A7  is L2 <- L0 is L1 */
    0x0008024B,                /* 04A9  jf L2, +8 */
    0x00460146,                /* 04AA  lconst L1 <- static#70   ("msg#") */
    0x00350242,                /* 04AB  gget L2 <- g53   (str) */
    0x00038141,                /* 04AC  move L3 <- P1 */
    0x000201A0, 0x00010000,    /* 04AD  call base=L2 argc=1 nres=1 */
    0x00030085, 0x00010002,    /* 04AF  add L3 <- L1 + L2 */
    0x00030102,                /* 04B1  return L3 count=1 */
    0x00330142,                /* 04B2  gget L1 <- g51   (len) */
    0x00020041,                /* 04B3  move L2 <- L0 */
    0x000101A0, 0x00010000,    /* 04B4  call base=L1 argc=1 nres=1 */
    0x00020094, 0x80010001,    /* 04B6  ge L2 <- P1 >= L1 */
    0x0008024B,                /* 04B8  jf L2, +8 */
    0x00460146,                /* 04B9  lconst L1 <- static#70   ("msg#") */
    0x00350242,                /* 04BA  gget L2 <- g53   (str) */
    0x00038141,                /* 04BB  move L3 <- P1 */
    0x000201A0, 0x00010000,    /* 04BC  call base=L2 argc=1 nres=1 */
    0x00030085, 0x00010002,    /* 04BE  add L3 <- L1 + L2 */
    0x00030102,                /* 04C0  return L3 count=1 */
    0x00460146,                /* 04C1  lconst L1 <- static#70   ("msg#") */
    0x00350242,                /* 04C2  gget L2 <- g53   (str) */
    0x00038141,                /* 04C3  move L3 <- P1 */
    0x000201A0, 0x00010000,    /* 04C4  call base=L2 argc=1 nres=1 */
    0x00030085, 0x00010002,    /* 04C6  add L3 <- L1 + L2 */
    0x00470446,                /* 04C8  lconst L4 <- static#71   (" (") */
    0x00050085, 0x00030004,    /* 04C9  add L5 <- L3 + L4 */
    0x000A0642,                /* 04CB  gget L6 <- g10   (_join_path) */
    0x00070098, 0x00008001,    /* 04CC  getidx L7 <- L0[P1] */
    0x00480846,                /* 04CE  lconst L8 <- static#72   ("_path") */
    0x00090098, 0x00070008,    /* 04CF  getidx L9 <- L7[L8] */
    0x00070941,                /* 04D1  move L7 <- L9 */
    0x000601A0, 0x00010000,    /* 04D2  call base=L6 argc=1 nres=1 */
    0x00070085, 0x00050006,    /* 04D4  add L7 <- L5 + L6 */
    0x003E0846,                /* 04D6  lconst L8 <- static#62   (")") */
    0x00090085, 0x00070008,    /* 04D7  add L9 <- L7 + L8 */
    0x00090102,                /* 04D9  return L9 count=1 */
    0x00490046,                /* 04DA  lconst L0 <- static#73   ("") */
    0x00010040,                /* 04DB  i8 L1 <- 0 */
    0x00330342,                /* 04DC  gget L3 <- g51   (len) */
    0x00048041,                /* 04DD  move L4 <- P0 */
    0x000301A0, 0x00010000,    /* 04DE  call base=L3 argc=1 nres=1 */
    0x00020341,                /* 04E0  move L2 <- L3 */
    0x00030091, 0x00010002,    /* 04E1  lt L3 <- L1 < L2 */
    0x0012034B,                /* 04E3  jf L3, +18 */
    0x00030040,                /* 04E4  i8 L3 <- 0 */
    0x00040093, 0x00010003,    /* 04E5  gt L4 <- L1 > L3 */
    0x0003044B,                /* 04E7  jf L4, +3 */
    0x004A0346,                /* 04E8  lconst L3 <- static#74   ("::") */
    0x00000085, 0x00000003,    /* 04E9  add L0 <- L0 + L3 */
    0x00350342,                /* 04EB  gget L3 <- g53   (str) */
    0x00040098, 0x80000001,    /* 04EC  getidx L4 <- P0[L1] */
    0x000301A0, 0x00010000,    /* 04EE  call base=L3 argc=1 nres=1 */
    0x00000085, 0x00000003,    /* 04F0  add L0 <- L0 + L3 */
    0x00030140,                /* 04F2  i8 L3 <- 1 */
    0x00010085, 0x00010003,    /* 04F3  add L1 <- L1 + L3 */
    0xFFEB004F,                /* 04F5  jmp -21 */
    0x00000102,                /* 04F6  return L0 count=1 */
    0x00340042,                /* 04F7  gget L0 <- g52   (error) */
    0x00130146,                /* 04F8  lconst L1 <- static#19   ("verify: ") */
    0x00060246,                /* 04F9  lconst L2 <- static#6   ("name") */
    0x00030098, 0x80000002,    /* 04FA  getidx L3 <- P0[L2] */
    0x00040085, 0x00010003,    /* 04FC  add L4 <- L1 + L3 */
    0x00140546,                /* 04FE  lconst L5 <- static#20   (" at word ") */
    0x00060085, 0x00040005,    /* 04FF  add L6 <- L4 + L5 */
    0x00350742,                /* 0501  gget L7 <- g53   (str) */
    0x00088141,                /* 0502  move L8 <- P1 */
    0x000701A0, 0x00010000,    /* 0503  call base=L7 argc=1 nres=1 */
    0x00080085, 0x00060007,    /* 0505  add L8 <- L6 + L7 */
    0x00150946,                /* 0507  lconst L9 <- static#21   (": ") */
    0x000A0085, 0x00080009,    /* 0508  add L10 <- L8 + L9 */
    0x000B0085, 0x000A8002,    /* 050A  add L11 <- L10 + P2 */
    0x00010B41,                /* 050C  move L1 <- L11 */
    0x000001A0, 0x00010000,    /* 050D  call base=L0 argc=1 nres=1 */
    0x00000102,                /* 050F  return L0 count=1 */
    0x004B0146,                /* 0510  lconst L1 <- static#75   ("f") */
    0x00020098, 0x80010001,    /* 0511  getidx L2 <- P1[L1] */
    0x00030040,                /* 0513  i8 L3 <- 0 */
    0x00040090, 0x00020003,    /* 0514  ne L4 <- L2 != L3 */
    0x0003044B,                /* 0516  jf L4, +3 */
    0x00010082, 0x00010000,    /* 0517  list L1 <- L1, 0 items */
    0x00010102,                /* 0519  return L1 count=1 */
    0x00060146,                /* 051A  lconst L1 <- static#6   ("name") */
    0x00000098, 0x80000001,    /* 051B  getidx L0 <- P0[L1] */
    0x004C0246,                /* 051D  lconst L2 <- static#76   ("return") */
    0x0001008F, 0x00000002,    /* 051E  eq L1 <- L0 == L2 */
    0x0003014C,                /* 0520  jt L1, +3 */
    0x004D0246,                /* 0521  lconst L2 <- static#77   ("yield") */
    0x0001008F, 0x00000002,    /* 0522  eq L1 <- L0 == L2 */
    0x0004014B,                /* 0524  jf L1, +4 */
    0x004E0146,                /* 0525  lconst L1 <- static#78   ("base") */
    0x00020182, 0x00010000,    /* 0526  list L2 <- L1, 1 items */
    0x00020102,                /* 0528  return L2 count=1 */
    0x004F0246,                /* 0529  lconst L2 <- static#79   ("tuple") */
    0x0001008F, 0x00000002,    /* 052A  eq L1 <- L0 == L2 */
    0x000B014C,                /* 052C  jt L1, +11 */
    0x00500246,                /* 052D  lconst L2 <- static#80   ("list") */
    0x0001008F, 0x00000002,    /* 052E  eq L1 <- L0 == L2 */
    0x0007014C,                /* 0530  jt L1, +7 */
    0x00510246,                /* 0531  lconst L2 <- static#81   ("plist") */
    0x0001008F, 0x00000002,    /* 0532  eq L1 <- L0 == L2 */
    0x0003014C,                /* 0534  jt L1, +3 */
    0x00520246,                /* 0535  lconst L2 <- static#82   ("dict") */
    0x0001008F, 0x00000002,    /* 0536  eq L1 <- L0 == L2 */
    0x0004014B,                /* 0538  jf L1, +4 */
    0x004E0146,                /* 0539  lconst L1 <- static#78   ("base") */
    0x00020182, 0x00010000,    /* 053A  list L2 <- L1, 1 items */
    0x00020102,                /* 053C  return L2 count=1 */
    0x00530146,                /* 053D  lconst L1 <- static#83   ("closure") */
    0x0002008F, 0x00000001,    /* 053E  eq L2 <- L0 == L1 */
    0x0004024B,                /* 0540  jf L2, +4 */
    0x00540146,                /* 0541  lconst L1 <- static#84   ("caps") */
    0x00020182, 0x00010000,    /* 0542  list L2 <- L1, 1 items */
    0x00020102,                /* 0544  return L2 count=1 */
    0x00550146,                /* 0545  lconst L1 <- static#85   ("unpack") */
    0x0002008F, 0x00000001,    /* 0546  eq L2 <- L0 == L1 */
    0x0004024B,                /* 0548  jf L2, +4 */
    0x00560146,                /* 0549  lconst L1 <- static#86   ("dst") */
    0x00020182, 0x00010000,    /* 054A  list L2 <- L1, 1 items */
    0x00020102,                /* 054C  return L2 count=1 */
    0x00010082, 0x00010000,    /* 054D  list L1 <- L1, 0 items */
    0x00010102,                /* 054F  return L1 count=1 */
    0x00060546,                /* 0550  lconst L5 <- static#6   ("name") */
    0x00000098, 0x80000005,    /* 0551  getidx L0 <- P0[L5] */
    0x00570546,                /* 0553  lconst L5 <- static#87   ("a0") */
    0x00010098, 0x80010005,    /* 0554  getidx L1 <- P1[L5] */
    0x00580546,                /* 0556  lconst L5 <- static#88   ("a1") */
    0x00020098, 0x80010005,    /* 0557  getidx L2 <- P1[L5] */
    0x00590546,                /* 0559  lconst L5 <- static#89   ("a2") */
    0x00030098, 0x80010005,    /* 055A  getidx L3 <- P1[L5] */
    0x004B0546,                /* 055C  lconst L5 <- static#75   ("f") */
    0x00040098, 0x80010005,    /* 055D  getidx L4 <- P1[L5] */
    0x004C0546,                /* 055F  lconst L5 <- static#76   ("return") */
    0x0006008F, 0x00000005,    /* 0560  eq L6 <- L0 == L5 */
    0x000F064B,                /* 0562  jf L6, +15 */
    0x00050040,                /* 0563  i8 L5 <- 0 */
    0x00060090, 0x00040005,    /* 0564  ne L6 <- L4 != L5 */
    0x0008064B,                /* 0566  jf L6, +8 */
    0x00050141,                /* 0567  move L5 <- L1 */
    0x00060441,                /* 0568  move L6 <- L4 */
    0x00070282, 0x00050000,    /* 0569  list L7 <- L5, 2 items */
    0x00050741,                /* 056B  move L5 <- L7 */
    0x00060182, 0x00050000,    /* 056C  list L6 <- L5, 1 items */
    0x00060102,                /* 056E  return L6 count=1 */
    0x00050082, 0x00050000,    /* 056F  list L5 <- L5, 0 items */
    0x00050102,                /* 0571  return L5 count=1 */
    0x005A0546,                /* 0572  lconst L5 <- static#90   ("call") */
    0x0006008F, 0x00000005,    /* 0573  eq L6 <- L0 == L5 */
    0x0013064B,                /* 0575  jf L6, +19 */
    0x00050141,                /* 0576  move L5 <- L1 */
    0x00060140,                /* 0577  i8 L6 <- 1 */
    0x00070085, 0x00040006,    /* 0578  add L7 <- L4 + L6 */
    0x00060741,                /* 057A  move L6 <- L7 */
    0x00070282, 0x00050000,    /* 057B  list L7 <- L5, 2 items */
    0x00050741,                /* 057D  move L5 <- L7 */
    0x00060141,                /* 057E  move L6 <- L1 */
    0x000E0742,                /* 057F  gget L7 <- g14   (_max1) */
    0x00080241,                /* 0580  move L8 <- L2 */
    0x000701A0, 0x00010000,    /* 0581  call base=L7 argc=1 nres=1 */
    0x00080282, 0x00060000,    /* 0583  list L8 <- L6, 2 items */
    0x00060841,                /* 0585  move L6 <- L8 */
    0x00070282, 0x00050000,    /* 0586  list L7 <- L5, 2 items */
    0x00070102,                /* 0588  return L7 count=1 */
    0x005B0546,                /* 0589  lconst L5 <- static#91   ("super") */
    0x0006008F, 0x00000005,    /* 058A  eq L6 <- L0 == L5 */
    0x0013064B,                /* 058C  jf L6, +19 */
    0x00050141,                /* 058D  move L5 <- L1 */
    0x000E0642,                /* 058E  gget L6 <- g14   (_max1) */
    0x00070441,                /* 058F  move L7 <- L4 */
    0x000601A0, 0x00010000,    /* 0590  call base=L6 argc=1 nres=1 */
    0x00070282, 0x00050000,    /* 0592  list L7 <- L5, 2 items */
    0x00050741,                /* 0594  move L5 <- L7 */
    0x00060141,                /* 0595  move L6 <- L1 */
    0x000E0742,                /* 0596  gget L7 <- g14   (_max1) */
    0x00080241,                /* 0597  move L8 <- L2 */
    0x000701A0, 0x00010000,    /* 0598  call base=L7 argc=1 nres=1 */
    0x00080282, 0x00060000,    /* 059A  list L8 <- L6, 2 items */
    0x00060841,                /* 059C  move L6 <- L8 */
    0x00070282, 0x00050000,    /* 059D  list L7 <- L5, 2 items */
    0x00070102,                /* 059F  return L7 count=1 */
    0x005C0546,                /* 05A0  lconst L5 <- static#92   ("call_va") */
    0x0006008F, 0x00000005,    /* 05A1  eq L6 <- L0 == L5 */
    0x0010064B,                /* 05A3  jf L6, +16 */
    0x00050141,                /* 05A4  move L5 <- L1 */
    0x00060340,                /* 05A5  i8 L6 <- 3 */
    0x00070282, 0x00050000,    /* 05A6  list L7 <- L5, 2 items */
    0x00050741,                /* 05A8  move L5 <- L7 */
    0x00060141,                /* 05A9  move L6 <- L1 */
    0x000E0742,                /* 05AA  gget L7 <- g14   (_max1) */
    0x00080241,                /* 05AB  move L8 <- L2 */
    0x000701A0, 0x00010000,    /* 05AC  call base=L7 argc=1 nres=1 */
    0x00080282, 0x00060000,    /* 05AE  list L8 <- L6, 2 items */
    0x00060841,                /* 05B0  move L6 <- L8 */
    0x00070282, 0x00050000,    /* 05B1  list L7 <- L5, 2 items */
    0x00070102,                /* 05B3  return L7 count=1 */
    0x005D0546,                /* 05B4  lconst L5 <- static#93   ("msg") */
    0x0006008F, 0x00000005,    /* 05B5  eq L6 <- L0 == L5 */
    0x0013064B,                /* 05B7  jf L6, +19 */
    0x00050141,                /* 05B8  move L5 <- L1 */
    0x00060140,                /* 05B9  i8 L6 <- 1 */
    0x00070085, 0x00040006,    /* 05BA  add L7 <- L4 + L6 */
    0x00060741,                /* 05BC  move L6 <- L7 */
    0x00070282, 0x00050000,    /* 05BD  list L7 <- L5, 2 items */
    0x00050741,                /* 05BF  move L5 <- L7 */
    0x00060141,                /* 05C0  move L6 <- L1 */
    0x000E0742,                /* 05C1  gget L7 <- g14   (_max1) */
    0x00080341,                /* 05C2  move L8 <- L3 */
    0x000701A0, 0x00010000,    /* 05C3  call base=L7 argc=1 nres=1 */
    0x00080282, 0x00060000,    /* 05C5  list L8 <- L6, 2 items */
    0x00060841,                /* 05C7  move L6 <- L8 */
    0x00070282, 0x00050000,    /* 05C8  list L7 <- L5, 2 items */
    0x00070102,                /* 05CA  return L7 count=1 */
    0x005E0546,                /* 05CB  lconst L5 <- static#94   ("msg_va") */
    0x0006008F, 0x00000005,    /* 05CC  eq L6 <- L0 == L5 */
    0x0010064B,                /* 05CE  jf L6, +16 */
    0x00050141,                /* 05CF  move L5 <- L1 */
    0x00060340,                /* 05D0  i8 L6 <- 3 */
    0x00070282, 0x00050000,    /* 05D1  list L7 <- L5, 2 items */
    0x00050741,                /* 05D3  move L5 <- L7 */
    0x00060141,                /* 05D4  move L6 <- L1 */
    0x000E0742,                /* 05D5  gget L7 <- g14   (_max1) */
    0x00080341,                /* 05D6  move L8 <- L3 */
    0x000701A0, 0x00010000,    /* 05D7  call base=L7 argc=1 nres=1 */
    0x00080282, 0x00060000,    /* 05D9  list L8 <- L6, 2 items */
    0x00060841,                /* 05DB  move L6 <- L8 */
    0x00070282, 0x00050000,    /* 05DC  list L7 <- L5, 2 items */
    0x00070102,                /* 05DE  return L7 count=1 */
    0x004D0546,                /* 05DF  lconst L5 <- static#77   ("yield") */
    0x0006008F, 0x00000005,    /* 05E0  eq L6 <- L0 == L5 */
    0x000B064B,                /* 05E2  jf L6, +11 */
    0x00050141,                /* 05E3  move L5 <- L1 */
    0x000E0642,                /* 05E4  gget L6 <- g14   (_max1) */
    0x00070441,                /* 05E5  move L7 <- L4 */
    0x000601A0, 0x00010000,    /* 05E6  call base=L6 argc=1 nres=1 */
    0x00070282, 0x00050000,    /* 05E8  list L7 <- L5, 2 items */
    0x00050741,                /* 05EA  move L5 <- L7 */
    0x00060182, 0x00050000,    /* 05EB  list L6 <- L5, 1 items */
    0x00060102,                /* 05ED  return L6 count=1 */
    0x004F0646,                /* 05EE  lconst L6 <- static#79   ("tuple") */
    0x0005008F, 0x00000006,    /* 05EF  eq L5 <- L0 == L6 */
    0x0007054C,                /* 05F1  jt L5, +7 */
    0x00500646,                /* 05F2  lconst L6 <- static#80   ("list") */
    0x0005008F, 0x00000006,    /* 05F3  eq L5 <- L0 == L6 */
    0x0003054C,                /* 05F5  jt L5, +3 */
    0x00510646,                /* 05F6  lconst L6 <- static#81   ("plist") */
    0x0005008F, 0x00000006,    /* 05F7  eq L5 <- L0 == L6 */
    0x0008054B,                /* 05F9  jf L5, +8 */
    0x00050241,                /* 05FA  move L5 <- L2 */
    0x00060441,                /* 05FB  move L6 <- L4 */
    0x00070282, 0x00050000,    /* 05FC  list L7 <- L5, 2 items */
    0x00050741,                /* 05FE  move L5 <- L7 */
    0x00060182, 0x00050000,    /* 05FF  list L6 <- L5, 1 items */
    0x00060102,                /* 0601  return L6 count=1 */
    0x00520546,                /* 0602  lconst L5 <- static#82   ("dict") */
    0x0006008F, 0x00000005,    /* 0603  eq L6 <- L0 == L5 */
    0x000B064B,                /* 0605  jf L6, +11 */
    0x00050241,                /* 0606  move L5 <- L2 */
    0x00060240,                /* 0607  i8 L6 <- 2 */
    0x00070087, 0x00060004,    /* 0608  mul L7 <- L6 * L4 */
    0x00060741,                /* 060A  move L6 <- L7 */
    0x00070282, 0x00050000,    /* 060B  list L7 <- L5, 2 items */
    0x00050741,                /* 060D  move L5 <- L7 */
    0x00060182, 0x00050000,    /* 060E  list L6 <- L5, 1 items */
    0x00060102,                /* 0610  return L6 count=1 */
    0x00550546,                /* 0611  lconst L5 <- static#85   ("unpack") */
    0x0006008F, 0x00000005,    /* 0612  eq L6 <- L0 == L5 */
    0x0008064B,                /* 0614  jf L6, +8 */
    0x00050141,                /* 0615  move L5 <- L1 */
    0x00060441,                /* 0616  move L6 <- L4 */
    0x00070282, 0x00050000,    /* 0617  list L7 <- L5, 2 items */
    0x00050741,                /* 0619  move L5 <- L7 */
    0x00060182, 0x00050000,    /* 061A  list L6 <- L5, 1 items */
    0x00060102,                /* 061C  return L6 count=1 */
    0x00530546,                /* 061D  lconst L5 <- static#83   ("closure") */
    0x0006008F, 0x00000005,    /* 061E  eq L6 <- L0 == L5 */
    0x000F064B,                /* 0620  jf L6, +15 */
    0x00050040,                /* 0621  i8 L5 <- 0 */
    0x00060090, 0x00040005,    /* 0622  ne L6 <- L4 != L5 */
    0x0008064B,                /* 0624  jf L6, +8 */
    0x00050341,                /* 0625  move L5 <- L3 */
    0x00060441,                /* 0626  move L6 <- L4 */
    0x00070282, 0x00050000,    /* 0627  list L7 <- L5, 2 items */
    0x00050741,                /* 0629  move L5 <- L7 */
    0x00060182, 0x00050000,    /* 062A  list L6 <- L5, 1 items */
    0x00060102,                /* 062C  return L6 count=1 */
    0x00050082, 0x00050000,    /* 062D  list L5 <- L5, 0 items */
    0x00050102,                /* 062F  return L5 count=1 */
    0x00050082, 0x00050000,    /* 0630  list L5 <- L5, 0 items */
    0x00050102,                /* 0632  return L5 count=1 */
    0x00000140,                /* 0633  i8 L0 <- 1 */
    0x00010091, 0x80000000,    /* 0634  lt L1 <- P0 < L0 */
    0x0002014B,                /* 0636  jf L1, +2 */
    0x00000140,                /* 0637  i8 L0 <- 1 */
    0x00000102,                /* 0638  return L0 count=1 */
    0x00008041,                /* 0639  move L0 <- P0 */
    0x00000102,                /* 063A  return L0 count=1 */
    0x00000140,                /* 063B  i8 L0 <- 1 */
    0x00020140,                /* 063C  i8 L2 <- 1 */
    0x00010086, 0x80010002,    /* 063D  sub L1 <- P1 - L2 */
    0x00020040,                /* 063F  i8 L2 <- 0 */
    0x00030093, 0x00010002,    /* 0640  gt L3 <- L1 > L2 */
    0x0007034B,                /* 0642  jf L3, +7 */
    0x00020240,                /* 0643  i8 L2 <- 2 */
    0x00000087, 0x00000002,    /* 0644  mul L0 <- L0 * L2 */
    0x00020140,                /* 0646  i8 L2 <- 1 */
    0x00010086, 0x00010002,    /* 0647  sub L1 <- L1 - L2 */
    0xFFF5004F,                /* 0649  jmp -11 */
    0x00020140,                /* 064A  i8 L2 <- 1 */
    0x00030086, 0x00000002,    /* 064B  sub L3 <- L0 - L2 */
    0x0004008B, 0x80000003,    /* 064D  band L4 <- P0 & L3 */
    0x0005008B, 0x80000000,    /* 064F  band L5 <- P0 & L0 */
    0x00060086, 0x00040005,    /* 0651  sub L6 <- L4 - L5 */
    0x00060102,                /* 0653  return L6 count=1 */
};

const wy_module_image verify_image = {
    .name = "verify",
    .sections = {
        [WY_SEC_HEADER] = { verify_header, sizeof verify_header },
        [WY_SEC_STATICS] = { verify_statics, sizeof verify_statics },
        [WY_SEC_SYMBOLS] = { verify_symbols, sizeof verify_symbols },
        [WY_SEC_FUNCTIONS] = { verify_functions, sizeof verify_functions },
        [WY_SEC_CLASSES] = { verify_classes, sizeof verify_classes },
        [WY_SEC_MESSAGES] = { verify_messages, sizeof verify_messages },
        [WY_SEC_CODE] = { (const uint8_t*) verify_code, sizeof verify_code },
        [WY_SEC_EXPORTS] = { verify_exports, sizeof verify_exports },
        [WY_SEC_FREE] = { verify_free, sizeof verify_free },
    },
};
