/* Generated from context by wypoc's bytecode compiler. */

#include <stdint.h>
#include "wyrm/image.h"

static const uint8_t context_header[] = {
    0x29, 0x00, 0x00, 0x00, 0x02, 0x6E, 0x00, 0x08, 0x00, 0x00, 0x00, 0x63,
    0x6F, 0x6E, 0x74, 0x65, 0x78, 0x74, 0x00, 0x10, 0x76, 0x00, 0x01, 0x00,
    0x00, 0x00, 0x10, 0x67, 0x00, 0x27, 0x00, 0x00, 0x00, 0x10, 0x6C, 0x00,
    0x54, 0x00, 0x00, 0x00, 0x00,
};

static const uint8_t context_statics[] = {
    0x46, 0x0D, 0x00, 0x00, 0x02, 0x30, 0x00, 0x04, 0x00, 0x00, 0x00, 0x73,
    0x74, 0x64, 0x00, 0x02, 0x31, 0x00, 0x0B, 0x00, 0x00, 0x00, 0x73, 0x74,
    0x64, 0x3A, 0x3A, 0x70, 0x61, 0x69, 0x72, 0x73, 0x00, 0x02, 0x32, 0x00,
    0x05, 0x00, 0x00, 0x00, 0x77, 0x79, 0x72, 0x6D, 0x00, 0x02, 0x33, 0x00,
    0x0E, 0x00, 0x00, 0x00, 0x77, 0x79, 0x72, 0x6D, 0x3A, 0x3A, 0x6F, 0x70,
    0x63, 0x6F, 0x64, 0x65, 0x73, 0x00, 0x02, 0x34, 0x00, 0x0F, 0x00, 0x00,
    0x00, 0x77, 0x79, 0x72, 0x6D, 0x3A, 0x3A, 0x63, 0x6F, 0x6D, 0x70, 0x69,
    0x6C, 0x65, 0x72, 0x00, 0x02, 0x35, 0x00, 0x19, 0x00, 0x00, 0x00, 0x77,
    0x79, 0x72, 0x6D, 0x3A, 0x3A, 0x63, 0x6F, 0x6D, 0x70, 0x69, 0x6C, 0x65,
    0x72, 0x3A, 0x3A, 0x61, 0x6E, 0x61, 0x6C, 0x79, 0x73, 0x69, 0x73, 0x00,
    0x02, 0x36, 0x00, 0x07, 0x00, 0x00, 0x00, 0x5F, 0x5F, 0x41, 0x52, 0x47,
    0x53, 0x00, 0x02, 0x37, 0x00, 0x09, 0x00, 0x00, 0x00, 0x24, 0x73, 0x65,
    0x74, 0x5F, 0x63, 0x61, 0x72, 0x00, 0x02, 0x38, 0x00, 0x09, 0x00, 0x00,
    0x00, 0x24, 0x73, 0x65, 0x74, 0x5F, 0x63, 0x64, 0x72, 0x00, 0x02, 0x39,
    0x00, 0x08, 0x00, 0x00, 0x00, 0x4F, 0x53, 0x45, 0x72, 0x72, 0x6F, 0x72,
    0x00, 0x02, 0x31, 0x30, 0x00, 0x0C, 0x00, 0x00, 0x00, 0x4F, 0x75, 0x74,
    0x4F, 0x66, 0x4D, 0x65, 0x6D, 0x6F, 0x72, 0x79, 0x00, 0x02, 0x31, 0x31,
    0x00, 0x0D, 0x00, 0x00, 0x00, 0x52, 0x75, 0x6E, 0x74, 0x69, 0x6D, 0x65,
    0x45, 0x72, 0x72, 0x6F, 0x72, 0x00, 0x02, 0x31, 0x32, 0x00, 0x0E, 0x00,
    0x00, 0x00, 0x53, 0x74, 0x6F, 0x70, 0x49, 0x74, 0x65, 0x72, 0x61, 0x74,
    0x69, 0x6F, 0x6E, 0x00, 0x02, 0x31, 0x33, 0x00, 0x09, 0x00, 0x00, 0x00,
    0x54, 0x72, 0x65, 0x65, 0x42, 0x61, 0x73, 0x65, 0x00, 0x02, 0x31, 0x34,
    0x00, 0x09, 0x00, 0x00, 0x00, 0x5F, 0x5F, 0x53, 0x54, 0x44, 0x45, 0x52,
    0x52, 0x00, 0x02, 0x31, 0x35, 0x00, 0x08, 0x00, 0x00, 0x00, 0x5F, 0x5F,
    0x53, 0x54, 0x44, 0x49, 0x4E, 0x00, 0x02, 0x31, 0x36, 0x00, 0x09, 0x00,
    0x00, 0x00, 0x5F, 0x5F, 0x53, 0x54, 0x44, 0x4F, 0x55, 0x54, 0x00, 0x02,
    0x31, 0x37, 0x00, 0x07, 0x00, 0x00, 0x00, 0x5F, 0x5F, 0x61, 0x72, 0x67,
    0x76, 0x00, 0x02, 0x31, 0x38, 0x00, 0x08, 0x00, 0x00, 0x00, 0x5F, 0x5F,
    0x63, 0x6C, 0x6F, 0x73, 0x65, 0x00, 0x02, 0x31, 0x39, 0x00, 0x17, 0x00,
    0x00, 0x00, 0x5F, 0x5F, 0x64, 0x62, 0x75, 0x73, 0x5F, 0x63, 0x6F, 0x6E,
    0x6E, 0x65, 0x63, 0x74, 0x5F, 0x73, 0x65, 0x73, 0x73, 0x69, 0x6F, 0x6E,
    0x00, 0x02, 0x32, 0x30, 0x00, 0x11, 0x00, 0x00, 0x00, 0x5F, 0x5F, 0x64,
    0x62, 0x75, 0x73, 0x5F, 0x63, 0x6F, 0x6E, 0x6E, 0x65, 0x63, 0x74, 0x65,
    0x64, 0x00, 0x02, 0x32, 0x31, 0x00, 0x16, 0x00, 0x00, 0x00, 0x5F, 0x5F,
    0x64, 0x62, 0x75, 0x73, 0x5F, 0x72, 0x65, 0x67, 0x69, 0x73, 0x74, 0x65,
    0x72, 0x5F, 0x63, 0x6C, 0x61, 0x73, 0x73, 0x00, 0x02, 0x32, 0x32, 0x00,
    0x17, 0x00, 0x00, 0x00, 0x5F, 0x5F, 0x64, 0x62, 0x75, 0x73, 0x5F, 0x72,
    0x65, 0x67, 0x69, 0x73, 0x74, 0x65, 0x72, 0x5F, 0x6F, 0x62, 0x6A, 0x65,
    0x63, 0x74, 0x00, 0x02, 0x32, 0x33, 0x00, 0x14, 0x00, 0x00, 0x00, 0x5F,
    0x5F, 0x64, 0x62, 0x75, 0x73, 0x5F, 0x72, 0x65, 0x71, 0x75, 0x65, 0x73,
    0x74, 0x5F, 0x6E, 0x61, 0x6D, 0x65, 0x00, 0x02, 0x32, 0x34, 0x00, 0x0B,
    0x00, 0x00, 0x00, 0x5F, 0x5F, 0x64, 0x62, 0x75, 0x73, 0x5F, 0x72, 0x75,
    0x6E, 0x00, 0x02, 0x32, 0x35, 0x00, 0x0C, 0x00, 0x00, 0x00, 0x5F, 0x5F,
    0x64, 0x62, 0x75, 0x73, 0x5F, 0x73, 0x74, 0x6F, 0x70, 0x00, 0x02, 0x32,
    0x36, 0x00, 0x07, 0x00, 0x00, 0x00, 0x5F, 0x5F, 0x64, 0x75, 0x70, 0x32,
    0x00, 0x02, 0x32, 0x37, 0x00, 0x0C, 0x00, 0x00, 0x00, 0x5F, 0x5F, 0x64,
    0x79, 0x6E, 0x61, 0x6D, 0x69, 0x63, 0x5F, 0x5F, 0x00, 0x02, 0x32, 0x38,
    0x00, 0x0A, 0x00, 0x00, 0x00, 0x5F, 0x5F, 0x65, 0x6E, 0x76, 0x69, 0x72,
    0x6F, 0x6E, 0x00, 0x02, 0x32, 0x39, 0x00, 0x08, 0x00, 0x00, 0x00, 0x5F,
    0x5F, 0x66, 0x6C, 0x75, 0x73, 0x68, 0x00, 0x02, 0x33, 0x30, 0x00, 0x08,
    0x00, 0x00, 0x00, 0x5F, 0x5F, 0x6C, 0x73, 0x65, 0x65, 0x6B, 0x00, 0x02,
    0x33, 0x31, 0x00, 0x09, 0x00, 0x00, 0x00, 0x5F, 0x5F, 0x6E, 0x61, 0x6D,
    0x65, 0x5F, 0x5F, 0x00, 0x02, 0x33, 0x32, 0x00, 0x0C, 0x00, 0x00, 0x00,
    0x5F, 0x5F, 0x6E, 0x6E, 0x67, 0x5F, 0x63, 0x6C, 0x6F, 0x73, 0x65, 0x00,
    0x02, 0x33, 0x33, 0x00, 0x0B, 0x00, 0x00, 0x00, 0x5F, 0x5F, 0x6E, 0x6E,
    0x67, 0x5F, 0x64, 0x69, 0x61, 0x6C, 0x00, 0x02, 0x33, 0x34, 0x00, 0x0D,
    0x00, 0x00, 0x00, 0x5F, 0x5F, 0x6E, 0x6E, 0x67, 0x5F, 0x6C, 0x69, 0x73,
    0x74, 0x65, 0x6E, 0x00, 0x02, 0x33, 0x35, 0x00, 0x0B, 0x00, 0x00, 0x00,
    0x5F, 0x5F, 0x6E, 0x6E, 0x67, 0x5F, 0x6F, 0x70, 0x65, 0x6E, 0x00, 0x02,
    0x33, 0x36, 0x00, 0x0B, 0x00, 0x00, 0x00, 0x5F, 0x5F, 0x6E, 0x6E, 0x67,
    0x5F, 0x72, 0x65, 0x63, 0x76, 0x00, 0x02, 0x33, 0x37, 0x00, 0x0B, 0x00,
    0x00, 0x00, 0x5F, 0x5F, 0x6E, 0x6E, 0x67, 0x5F, 0x73, 0x65, 0x6E, 0x64,
    0x00, 0x02, 0x33, 0x38, 0x00, 0x10, 0x00, 0x00, 0x00, 0x5F, 0x5F, 0x6E,
    0x6E, 0x67, 0x5F, 0x73, 0x75, 0x62, 0x73, 0x63, 0x72, 0x69, 0x62, 0x65,
    0x00, 0x02, 0x33, 0x39, 0x00, 0x07, 0x00, 0x00, 0x00, 0x5F, 0x5F, 0x6F,
    0x70, 0x65, 0x6E, 0x00, 0x02, 0x34, 0x30, 0x00, 0x07, 0x00, 0x00, 0x00,
    0x5F, 0x5F, 0x72, 0x65, 0x61, 0x64, 0x00, 0x02, 0x34, 0x31, 0x00, 0x0E,
    0x00, 0x00, 0x00, 0x5F, 0x5F, 0x73, 0x6F, 0x63, 0x6B, 0x5F, 0x61, 0x63,
    0x63, 0x65, 0x70, 0x74, 0x00, 0x02, 0x34, 0x32, 0x00, 0x0C, 0x00, 0x00,
    0x00, 0x5F, 0x5F, 0x73, 0x6F, 0x63, 0x6B, 0x5F, 0x62, 0x69, 0x6E, 0x64,
    0x00, 0x02, 0x34, 0x33, 0x00, 0x0D, 0x00, 0x00, 0x00, 0x5F, 0x5F, 0x73,
    0x6F, 0x63, 0x6B, 0x5F, 0x63, 0x6C, 0x6F, 0x73, 0x65, 0x00, 0x02, 0x34,
    0x34, 0x00, 0x0F, 0x00, 0x00, 0x00, 0x5F, 0x5F, 0x73, 0x6F, 0x63, 0x6B,
    0x5F, 0x63, 0x6F, 0x6E, 0x6E, 0x65, 0x63, 0x74, 0x00, 0x02, 0x34, 0x35,
    0x00, 0x0E, 0x00, 0x00, 0x00, 0x5F, 0x5F, 0x73, 0x6F, 0x63, 0x6B, 0x5F,
    0x63, 0x72, 0x65, 0x61, 0x74, 0x65, 0x00, 0x02, 0x34, 0x36, 0x00, 0x0E,
    0x00, 0x00, 0x00, 0x5F, 0x5F, 0x73, 0x6F, 0x63, 0x6B, 0x5F, 0x6C, 0x69,
    0x73, 0x74, 0x65, 0x6E, 0x00, 0x02, 0x34, 0x37, 0x00, 0x0C, 0x00, 0x00,
    0x00, 0x5F, 0x5F, 0x73, 0x6F, 0x63, 0x6B, 0x5F, 0x72, 0x65, 0x63, 0x76,
    0x00, 0x02, 0x34, 0x38, 0x00, 0x10, 0x00, 0x00, 0x00, 0x5F, 0x5F, 0x73,
    0x6F, 0x63, 0x6B, 0x5F, 0x72, 0x65, 0x63, 0x76, 0x66, 0x72, 0x6F, 0x6D,
    0x00, 0x02, 0x34, 0x39, 0x00, 0x0C, 0x00, 0x00, 0x00, 0x5F, 0x5F, 0x73,
    0x6F, 0x63, 0x6B, 0x5F, 0x73, 0x65, 0x6E, 0x64, 0x00, 0x02, 0x35, 0x30,
    0x00, 0x0E, 0x00, 0x00, 0x00, 0x5F, 0x5F, 0x73, 0x6F, 0x63, 0x6B, 0x5F,
    0x73, 0x65, 0x6E, 0x64, 0x74, 0x6F, 0x00, 0x02, 0x35, 0x31, 0x00, 0x0E,
    0x00, 0x00, 0x00, 0x5F, 0x5F, 0x74, 0x65, 0x72, 0x6D, 0x5F, 0x69, 0x73,
    0x61, 0x74, 0x74, 0x79, 0x00, 0x02, 0x35, 0x32, 0x00, 0x13, 0x00, 0x00,
    0x00, 0x5F, 0x5F, 0x74, 0x65, 0x72, 0x6D, 0x5F, 0x72, 0x61, 0x77, 0x5F,
    0x64, 0x69, 0x73, 0x61, 0x62, 0x6C, 0x65, 0x00, 0x02, 0x35, 0x33, 0x00,
    0x12, 0x00, 0x00, 0x00, 0x5F, 0x5F, 0x74, 0x65, 0x72, 0x6D, 0x5F, 0x72,
    0x61, 0x77, 0x5F, 0x65, 0x6E, 0x61, 0x62, 0x6C, 0x65, 0x00, 0x02, 0x35,
    0x34, 0x00, 0x10, 0x00, 0x00, 0x00, 0x5F, 0x5F, 0x74, 0x65, 0x72, 0x6D,
    0x5F, 0x72, 0x65, 0x61, 0x64, 0x5F, 0x6B, 0x65, 0x79, 0x00, 0x02, 0x35,
    0x35, 0x00, 0x0C, 0x00, 0x00, 0x00, 0x5F, 0x5F, 0x74, 0x65, 0x72, 0x6D,
    0x5F, 0x73, 0x69, 0x7A, 0x65, 0x00, 0x02, 0x35, 0x36, 0x00, 0x08, 0x00,
    0x00, 0x00, 0x5F, 0x5F, 0x77, 0x72, 0x69, 0x74, 0x65, 0x00, 0x02, 0x35,
    0x37, 0x00, 0x0D, 0x00, 0x00, 0x00, 0x62, 0x69, 0x6E, 0x64, 0x5F, 0x6D,
    0x65, 0x73, 0x73, 0x61, 0x67, 0x65, 0x00, 0x02, 0x35, 0x38, 0x00, 0x05,
    0x00, 0x00, 0x00, 0x62, 0x6F, 0x6F, 0x6C, 0x00, 0x02, 0x35, 0x39, 0x00,
    0x06, 0x00, 0x00, 0x00, 0x62, 0x79, 0x74, 0x65, 0x73, 0x00, 0x02, 0x36,
    0x30, 0x00, 0x04, 0x00, 0x00, 0x00, 0x63, 0x61, 0x72, 0x00, 0x02, 0x36,
    0x31, 0x00, 0x04, 0x00, 0x00, 0x00, 0x63, 0x64, 0x72, 0x00, 0x02, 0x36,
    0x32, 0x00, 0x05, 0x00, 0x00, 0x00, 0x63, 0x6F, 0x6E, 0x73, 0x00, 0x02,
    0x36, 0x33, 0x00, 0x05, 0x00, 0x00, 0x00, 0x63, 0x6F, 0x70, 0x79, 0x00,
    0x02, 0x36, 0x34, 0x00, 0x04, 0x00, 0x00, 0x00, 0x65, 0x6E, 0x64, 0x00,
    0x02, 0x36, 0x35, 0x00, 0x06, 0x00, 0x00, 0x00, 0x65, 0x72, 0x72, 0x6F,
    0x72, 0x00, 0x02, 0x36, 0x36, 0x00, 0x0E, 0x00, 0x00, 0x00, 0x65, 0x72,
    0x72, 0x6F, 0x72, 0x5F, 0x6D, 0x65, 0x73, 0x73, 0x61, 0x67, 0x65, 0x00,
    0x02, 0x36, 0x37, 0x00, 0x05, 0x00, 0x00, 0x00, 0x65, 0x78, 0x69, 0x74,
    0x00, 0x02, 0x36, 0x38, 0x00, 0x06, 0x00, 0x00, 0x00, 0x66, 0x6C, 0x6F,
    0x61, 0x74, 0x00, 0x02, 0x36, 0x39, 0x00, 0x05, 0x00, 0x00, 0x00, 0x68,
    0x65, 0x6C, 0x70, 0x00, 0x02, 0x37, 0x30, 0x00, 0x04, 0x00, 0x00, 0x00,
    0x69, 0x6E, 0x74, 0x00, 0x02, 0x37, 0x31, 0x00, 0x04, 0x00, 0x00, 0x00,
    0x6C, 0x65, 0x6E, 0x00, 0x02, 0x37, 0x32, 0x00, 0x0C, 0x00, 0x00, 0x00,
    0x6D, 0x61, 0x63, 0x72, 0x6F, 0x65, 0x78, 0x70, 0x61, 0x6E, 0x64, 0x00,
    0x02, 0x37, 0x33, 0x00, 0x05, 0x00, 0x00, 0x00, 0x6E, 0x65, 0x78, 0x74,
    0x00, 0x02, 0x37, 0x34, 0x00, 0x04, 0x00, 0x00, 0x00, 0x6E, 0x69, 0x6C,
    0x00, 0x02, 0x37, 0x35, 0x00, 0x09, 0x00, 0x00, 0x00, 0x6E, 0x72, 0x65,
    0x76, 0x65, 0x72, 0x73, 0x65, 0x00, 0x02, 0x37, 0x36, 0x00, 0x05, 0x00,
    0x00, 0x00, 0x70, 0x61, 0x69, 0x72, 0x00, 0x02, 0x37, 0x37, 0x00, 0x06,
    0x00, 0x00, 0x00, 0x70, 0x61, 0x72, 0x73, 0x65, 0x00, 0x02, 0x37, 0x38,
    0x00, 0x06, 0x00, 0x00, 0x00, 0x70, 0x72, 0x69, 0x6E, 0x74, 0x00, 0x02,
    0x37, 0x39, 0x00, 0x08, 0x00, 0x00, 0x00, 0x70, 0x72, 0x69, 0x6E, 0x74,
    0x6C, 0x6E, 0x00, 0x02, 0x38, 0x30, 0x00, 0x06, 0x00, 0x00, 0x00, 0x72,
    0x61, 0x6E, 0x67, 0x65, 0x00, 0x02, 0x38, 0x31, 0x00, 0x08, 0x00, 0x00,
    0x00, 0x72, 0x65, 0x73, 0x6F, 0x6C, 0x76, 0x65, 0x00, 0x02, 0x38, 0x32,
    0x00, 0x08, 0x00, 0x00, 0x00, 0x72, 0x65, 0x76, 0x65, 0x72, 0x73, 0x65,
    0x00, 0x02, 0x38, 0x33, 0x00, 0x05, 0x00, 0x00, 0x00, 0x73, 0x65, 0x6E,
    0x64, 0x00, 0x02, 0x38, 0x34, 0x00, 0x06, 0x00, 0x00, 0x00, 0x73, 0x65,
    0x78, 0x70, 0x72, 0x00, 0x02, 0x38, 0x35, 0x00, 0x04, 0x00, 0x00, 0x00,
    0x73, 0x74, 0x72, 0x00, 0x02, 0x38, 0x36, 0x00, 0x04, 0x00, 0x00, 0x00,
    0x73, 0x79, 0x6D, 0x00, 0x02, 0x38, 0x37, 0x00, 0x09, 0x00, 0x00, 0x00,
    0x74, 0x72, 0x65, 0x65, 0x5F, 0x62, 0x6F, 0x78, 0x00, 0x02, 0x38, 0x38,
    0x00, 0x06, 0x00, 0x00, 0x00, 0x74, 0x75, 0x70, 0x6C, 0x65, 0x00, 0x10,
    0x38, 0x39, 0x00, 0x00, 0x00, 0x00, 0x00, 0x02, 0x39, 0x30, 0x00, 0x05,
    0x00, 0x00, 0x00, 0x66, 0x6F, 0x72, 0x6D, 0x00, 0x02, 0x39, 0x31, 0x00,
    0x05, 0x00, 0x00, 0x00, 0x6E, 0x61, 0x6D, 0x65, 0x00, 0x02, 0x39, 0x32,
    0x00, 0x16, 0x00, 0x00, 0x00, 0x20, 0x69, 0x73, 0x20, 0x6E, 0x6F, 0x74,
    0x20, 0x61, 0x20, 0x70, 0x61, 0x69, 0x72, 0x61, 0x62, 0x6C, 0x65, 0x20,
    0x6F, 0x70, 0x00, 0x02, 0x39, 0x33, 0x00, 0x0B, 0x00, 0x00, 0x00, 0x77,
    0x69, 0x64, 0x65, 0x5F, 0x76, 0x61, 0x6C, 0x75, 0x65, 0x00, 0x02, 0x39,
    0x34, 0x00, 0x06, 0x00, 0x00, 0x00, 0x73, 0x68, 0x61, 0x70, 0x65, 0x00,
    0x02, 0x39, 0x35, 0x00, 0x04, 0x00, 0x00, 0x00, 0x69, 0x6E, 0x76, 0x00,
    0x02, 0x39, 0x36, 0x00, 0x04, 0x00, 0x00, 0x00, 0x72, 0x65, 0x67, 0x00,
    0x02, 0x39, 0x37, 0x00, 0x03, 0x00, 0x00, 0x00, 0x61, 0x30, 0x00, 0x02,
    0x39, 0x38, 0x00, 0x03, 0x00, 0x00, 0x00, 0x61, 0x31, 0x00, 0x02, 0x39,
    0x39, 0x00, 0x06, 0x00, 0x00, 0x00, 0x76, 0x61, 0x6C, 0x75, 0x65, 0x00,
    0x02, 0x31, 0x30, 0x30, 0x00, 0x02, 0x00, 0x00, 0x00, 0x66, 0x00, 0x02,
    0x31, 0x30, 0x31, 0x00, 0x04, 0x00, 0x00, 0x00, 0x69, 0x6D, 0x6D, 0x00,
    0x02, 0x31, 0x30, 0x32, 0x00, 0x03, 0x00, 0x00, 0x00, 0x77, 0x31, 0x00,
    0x02, 0x31, 0x30, 0x33, 0x00, 0x06, 0x00, 0x00, 0x00, 0x6A, 0x63, 0x6F,
    0x6E, 0x64, 0x00, 0x02, 0x31, 0x30, 0x34, 0x00, 0x04, 0x00, 0x00, 0x00,
    0x6A, 0x6D, 0x70, 0x00, 0x02, 0x31, 0x30, 0x35, 0x00, 0x1A, 0x00, 0x00,
    0x00, 0x3A, 0x20, 0x75, 0x6E, 0x6B, 0x6E, 0x6F, 0x77, 0x6E, 0x20, 0x70,
    0x61, 0x69, 0x72, 0x61, 0x62, 0x6C, 0x65, 0x20, 0x73, 0x68, 0x61, 0x70,
    0x65, 0x20, 0x00, 0x02, 0x31, 0x30, 0x36, 0x00, 0x06, 0x00, 0x00, 0x00,
    0x6F, 0x74, 0x68, 0x65, 0x72, 0x00, 0x02, 0x31, 0x30, 0x37, 0x00, 0x02,
    0x00, 0x00, 0x00, 0x3A, 0x00, 0x02, 0x31, 0x30, 0x38, 0x00, 0x0C, 0x00,
    0x00, 0x00, 0x68, 0x61, 0x73, 0x5F, 0x64, 0x65, 0x66, 0x61, 0x75, 0x6C,
    0x74, 0x00, 0x02, 0x31, 0x30, 0x39, 0x00, 0x08, 0x00, 0x00, 0x00, 0x64,
    0x65, 0x66, 0x61, 0x75, 0x6C, 0x74, 0x00, 0x02, 0x31, 0x31, 0x30, 0x00,
    0x09, 0x00, 0x00, 0x00, 0x65, 0x78, 0x70, 0x6F, 0x72, 0x74, 0x65, 0x64,
    0x00, 0x02, 0x31, 0x31, 0x31, 0x00, 0x05, 0x00, 0x00, 0x00, 0x66, 0x72,
    0x65, 0x65, 0x00, 0x02, 0x31, 0x31, 0x32, 0x00, 0x1D, 0x00, 0x00, 0x00,
    0x6D, 0x6F, 0x64, 0x75, 0x6C, 0x65, 0x20, 0x65, 0x78, 0x63, 0x65, 0x65,
    0x64, 0x73, 0x20, 0x74, 0x68, 0x65, 0x20, 0x6C, 0x69, 0x6D, 0x69, 0x74,
    0x20, 0x6F, 0x66, 0x20, 0x00, 0x02, 0x31, 0x31, 0x33, 0x00, 0x02, 0x00,
    0x00, 0x00, 0x20, 0x00, 0x02, 0x31, 0x31, 0x34, 0x00, 0x14, 0x00, 0x00,
    0x00, 0x73, 0x74, 0x61, 0x74, 0x69, 0x63, 0x20, 0x70, 0x6F, 0x6F, 0x6C,
    0x20, 0x65, 0x6E, 0x74, 0x72, 0x69, 0x65, 0x73, 0x00, 0x02, 0x31, 0x31,
    0x35, 0x00, 0x0F, 0x00, 0x00, 0x00, 0x6D, 0x6F, 0x64, 0x75, 0x6C, 0x65,
    0x20, 0x67, 0x6C, 0x6F, 0x62, 0x61, 0x6C, 0x73, 0x00, 0x02, 0x31, 0x31,
    0x36, 0x00, 0x13, 0x00, 0x00, 0x00, 0x73, 0x79, 0x6D, 0x62, 0x6F, 0x6C,
    0x73, 0x20, 0x70, 0x65, 0x72, 0x20, 0x6D, 0x6F, 0x64, 0x75, 0x6C, 0x65,
    0x00, 0x02, 0x31, 0x31, 0x37, 0x00, 0x2C, 0x00, 0x00, 0x00, 0x61, 0x20,
    0x6D, 0x65, 0x73, 0x73, 0x61, 0x67, 0x65, 0x20, 0x6E, 0x65, 0x65, 0x64,
    0x73, 0x20, 0x61, 0x74, 0x20, 0x6C, 0x65, 0x61, 0x73, 0x74, 0x20, 0x6F,
    0x6E, 0x65, 0x20, 0x70, 0x61, 0x74, 0x68, 0x20, 0x63, 0x6F, 0x6D, 0x70,
    0x6F, 0x6E, 0x65, 0x6E, 0x74, 0x00, 0x02, 0x31, 0x31, 0x38, 0x00, 0x14,
    0x00, 0x00, 0x00, 0x6D, 0x65, 0x73, 0x73, 0x61, 0x67, 0x65, 0x73, 0x20,
    0x70, 0x65, 0x72, 0x20, 0x6D, 0x6F, 0x64, 0x75, 0x6C, 0x65, 0x00, 0x02,
    0x31, 0x31, 0x39, 0x00, 0x02, 0x00, 0x00, 0x00, 0x70, 0x00, 0x02, 0x31,
    0x32, 0x30, 0x00, 0x06, 0x00, 0x00, 0x00, 0x5F, 0x70, 0x61, 0x74, 0x68,
    0x00, 0x02, 0x31, 0x32, 0x31, 0x00, 0x19, 0x00, 0x00, 0x00, 0x6E, 0x6F,
    0x20, 0x6D, 0x6F, 0x64, 0x75, 0x6C, 0x65, 0x20, 0x67, 0x6C, 0x6F, 0x62,
    0x61, 0x6C, 0x20, 0x6E, 0x61, 0x6D, 0x65, 0x64, 0x20, 0x27, 0x00, 0x02,
    0x31, 0x32, 0x32, 0x00, 0x02, 0x00, 0x00, 0x00, 0x27, 0x00, 0x0A, 0x31,
    0x32, 0x33, 0x00, 0x10, 0x31, 0x32, 0x34, 0x00, 0x01, 0x00, 0x00, 0x00,
    0x02, 0x31, 0x32, 0x35, 0x00, 0x15, 0x00, 0x00, 0x00, 0x66, 0x75, 0x6E,
    0x63, 0x74, 0x69, 0x6F, 0x6E, 0x73, 0x20, 0x70, 0x65, 0x72, 0x20, 0x6D,
    0x6F, 0x64, 0x75, 0x6C, 0x65, 0x00, 0x02, 0x31, 0x32, 0x36, 0x00, 0x07,
    0x00, 0x00, 0x00, 0x70, 0x61, 0x72, 0x61, 0x6D, 0x73, 0x00, 0x02, 0x31,
    0x32, 0x37, 0x00, 0x08, 0x00, 0x00, 0x00, 0x6E, 0x6C, 0x6F, 0x63, 0x61,
    0x6C, 0x73, 0x00, 0x02, 0x31, 0x32, 0x38, 0x00, 0x0C, 0x00, 0x00, 0x00,
    0x63, 0x6F, 0x64, 0x65, 0x5F, 0x6F, 0x66, 0x66, 0x73, 0x65, 0x74, 0x00,
    0x02, 0x31, 0x32, 0x39, 0x00, 0x06, 0x00, 0x00, 0x00, 0x66, 0x6C, 0x61,
    0x67, 0x73, 0x00, 0x02, 0x31, 0x33, 0x30, 0x00, 0x09, 0x00, 0x00, 0x00,
    0x64, 0x69, 0x73, 0x70, 0x61, 0x74, 0x63, 0x68, 0x00, 0x02, 0x31, 0x33,
    0x31, 0x00, 0x0A, 0x00, 0x00, 0x00, 0x6E, 0x63, 0x61, 0x70, 0x74, 0x75,
    0x72, 0x65, 0x73, 0x00, 0x02, 0x31, 0x33, 0x32, 0x00, 0x09, 0x00, 0x00,
    0x00, 0x6E, 0x72, 0x65, 0x73, 0x75, 0x6C, 0x74, 0x73, 0x00, 0x02, 0x31,
    0x33, 0x33, 0x00, 0x05, 0x00, 0x00, 0x00, 0x75, 0x73, 0x65, 0x73, 0x00,
    0x02, 0x31, 0x33, 0x34, 0x00, 0x13, 0x00, 0x00, 0x00, 0x63, 0x6C, 0x61,
    0x73, 0x73, 0x65, 0x73, 0x20, 0x70, 0x65, 0x72, 0x20, 0x6D, 0x6F, 0x64,
    0x75, 0x6C, 0x65, 0x00, 0x02, 0x31, 0x33, 0x35, 0x00, 0x07, 0x00, 0x00,
    0x00, 0x63, 0x6C, 0x61, 0x73, 0x73, 0x20, 0x00, 0x02, 0x31, 0x33, 0x36,
    0x00, 0x06, 0x00, 0x00, 0x00, 0x20, 0x68, 0x61, 0x73, 0x20, 0x00, 0x02,
    0x31, 0x33, 0x37, 0x00, 0x2F, 0x00, 0x00, 0x00, 0x20, 0x6D, 0x65, 0x73,
    0x73, 0x61, 0x67, 0x65, 0x73, 0x2C, 0x20, 0x6F, 0x76, 0x65, 0x72, 0x20,
    0x74, 0x68, 0x65, 0x20, 0x31, 0x36, 0x2D, 0x65, 0x6E, 0x74, 0x72, 0x79,
    0x20, 0x6D, 0x65, 0x73, 0x73, 0x61, 0x67, 0x65, 0x20, 0x6D, 0x61, 0x70,
    0x20, 0x6C, 0x69, 0x6D, 0x69, 0x74, 0x00, 0x02, 0x31, 0x33, 0x38, 0x00,
    0x0B, 0x00, 0x00, 0x00, 0x73, 0x75, 0x70, 0x65, 0x72, 0x63, 0x6C, 0x61,
    0x73, 0x73, 0x00, 0x02, 0x31, 0x33, 0x39, 0x00, 0x06, 0x00, 0x00, 0x00,
    0x73, 0x6C, 0x6F, 0x74, 0x73, 0x00, 0x02, 0x31, 0x34, 0x30, 0x00, 0x05,
    0x00, 0x00, 0x00, 0x69, 0x6E, 0x69, 0x74, 0x00, 0x02, 0x31, 0x34, 0x31,
    0x00, 0x09, 0x00, 0x00, 0x00, 0x6D, 0x65, 0x73, 0x73, 0x61, 0x67, 0x65,
    0x73, 0x00, 0x02, 0x31, 0x34, 0x32, 0x00, 0x08, 0x00, 0x00, 0x00, 0x73,
    0x74, 0x61, 0x74, 0x69, 0x63, 0x73, 0x00, 0x02, 0x31, 0x34, 0x33, 0x00,
    0x0B, 0x00, 0x00, 0x00, 0x63, 0x6F, 0x64, 0x65, 0x20, 0x77, 0x6F, 0x72,
    0x64, 0x20, 0x00, 0x02, 0x31, 0x34, 0x34, 0x00, 0x0E, 0x00, 0x00, 0x00,
    0x20, 0x69, 0x73, 0x20, 0x6E, 0x6F, 0x74, 0x20, 0x61, 0x20, 0x75, 0x33,
    0x32, 0x00, 0x02, 0x31, 0x34, 0x35, 0x00, 0x07, 0x00, 0x00, 0x00, 0x67,
    0x65, 0x74, 0x74, 0x65, 0x72, 0x00, 0x02, 0x31, 0x34, 0x36, 0x00, 0x07,
    0x00, 0x00, 0x00, 0x73, 0x65, 0x74, 0x74, 0x65, 0x72, 0x00, 0x02, 0x31,
    0x34, 0x37, 0x00, 0x01, 0x00, 0x00, 0x00, 0x00, 0x02, 0x31, 0x34, 0x38,
    0x00, 0x05, 0x00, 0x00, 0x00, 0x6C, 0x69, 0x73, 0x74, 0x00, 0x02, 0x31,
    0x34, 0x39, 0x00, 0x03, 0x00, 0x00, 0x00, 0x3A, 0x3A, 0x00, 0x08, 0x31,
    0x35, 0x30, 0x00, 0x00, 0x02, 0x31, 0x35, 0x31, 0x00, 0x07, 0x00, 0x00,
    0x00, 0x67, 0x6C, 0x6F, 0x62, 0x61, 0x6C, 0x00, 0x02, 0x31, 0x35, 0x32,
    0x00, 0x38, 0x00, 0x00, 0x00, 0x27, 0x20, 0x69, 0x73, 0x20, 0x64, 0x65,
    0x63, 0x6C, 0x61, 0x72, 0x65, 0x64, 0x20, 0x69, 0x6E, 0x20, 0x61, 0x20,
    0x6E, 0x65, 0x73, 0x74, 0x65, 0x64, 0x20, 0x62, 0x6C, 0x6F, 0x63, 0x6B,
    0x2C, 0x20, 0x73, 0x68, 0x61, 0x64, 0x6F, 0x77, 0x73, 0x20, 0x61, 0x6E,
    0x20, 0x65, 0x6E, 0x63, 0x6C, 0x6F, 0x73, 0x69, 0x6E, 0x67, 0x20, 0x27,
    0x00, 0x02, 0x31, 0x35, 0x33, 0x00, 0x59, 0x00, 0x00, 0x00, 0x27, 0x2C,
    0x20, 0x61, 0x6E, 0x64, 0x20, 0x69, 0x73, 0x20, 0x63, 0x61, 0x70, 0x74,
    0x75, 0x72, 0x65, 0x64, 0x20, 0x62, 0x79, 0x20, 0x61, 0x20, 0x63, 0x6C,
    0x6F, 0x73, 0x75, 0x72, 0x65, 0x3A, 0x20, 0x6F, 0x6E, 0x65, 0x20, 0x63,
    0x65, 0x6C, 0x6C, 0x20, 0x70, 0x65, 0x72, 0x20, 0x6E, 0x61, 0x6D, 0x65,
    0x20, 0x70, 0x65, 0x72, 0x20, 0x66, 0x72, 0x61, 0x6D, 0x65, 0x20, 0x63,
    0x61, 0x6E, 0x6E, 0x6F, 0x74, 0x20, 0x68, 0x6F, 0x6C, 0x64, 0x20, 0x62,
    0x6F, 0x74, 0x68, 0x20, 0x28, 0x73, 0x70, 0x65, 0x63, 0x20, 0x38, 0x2E,
    0x33, 0x29, 0x00, 0x02, 0x31, 0x35, 0x34, 0x00, 0x05, 0x00, 0x00, 0x00,
    0x73, 0x6C, 0x6F, 0x74, 0x00, 0x02, 0x31, 0x35, 0x35, 0x00, 0x12, 0x00,
    0x00, 0x00, 0x69, 0x6E, 0x74, 0x65, 0x72, 0x6E, 0x61, 0x6C, 0x3A, 0x20,
    0x6C, 0x6F, 0x63, 0x61, 0x6C, 0x20, 0x27, 0x00, 0x02, 0x31, 0x35, 0x36,
    0x00, 0x26, 0x00, 0x00, 0x00, 0x27, 0x20, 0x64, 0x65, 0x63, 0x6C, 0x61,
    0x72, 0x65, 0x64, 0x20, 0x61, 0x66, 0x74, 0x65, 0x72, 0x20, 0x74, 0x65,
    0x6D, 0x70, 0x73, 0x20, 0x77, 0x65, 0x72, 0x65, 0x20, 0x61, 0x6C, 0x6C,
    0x6F, 0x63, 0x61, 0x74, 0x65, 0x64, 0x00, 0x02, 0x31, 0x35, 0x37, 0x00,
    0x29, 0x00, 0x00, 0x00, 0x69, 0x6E, 0x74, 0x65, 0x72, 0x6E, 0x61, 0x6C,
    0x3A, 0x20, 0x74, 0x65, 0x6D, 0x70, 0x20, 0x73, 0x74, 0x61, 0x63, 0x6B,
    0x20, 0x72, 0x65, 0x77, 0x6F, 0x75, 0x6E, 0x64, 0x20, 0x66, 0x6F, 0x72,
    0x77, 0x61, 0x72, 0x64, 0x20, 0x69, 0x6E, 0x20, 0x00, 0x02, 0x31, 0x35,
    0x38, 0x00, 0x08, 0x00, 0x00, 0x00, 0x20, 0x6E, 0x65, 0x65, 0x64, 0x73,
    0x20, 0x00, 0x02, 0x31, 0x35, 0x39, 0x00, 0x13, 0x00, 0x00, 0x00, 0x20,
    0x6C, 0x6F, 0x63, 0x61, 0x6C, 0x73, 0x2C, 0x20, 0x6F, 0x76, 0x65, 0x72,
    0x20, 0x74, 0x68, 0x65, 0x20, 0x00, 0x02, 0x31, 0x36, 0x30, 0x00, 0x13,
    0x00, 0x00, 0x00, 0x2D, 0x6C, 0x6F, 0x63, 0x61, 0x6C, 0x20, 0x66, 0x72,
    0x61, 0x6D, 0x65, 0x20, 0x6C, 0x69, 0x6D, 0x69, 0x74, 0x00, 0x02, 0x31,
    0x36, 0x31, 0x00, 0x0D, 0x00, 0x00, 0x00, 0x3C, 0x63, 0x65, 0x6C, 0x6C,
    0x20, 0x69, 0x6E, 0x64, 0x65, 0x78, 0x3E, 0x00, 0x02, 0x31, 0x36, 0x32,
    0x00, 0x0B, 0x00, 0x00, 0x00, 0x69, 0x6E, 0x74, 0x65, 0x72, 0x6E, 0x61,
    0x6C, 0x3A, 0x20, 0x00, 0x02, 0x31, 0x36, 0x33, 0x00, 0x1C, 0x00, 0x00,
    0x00, 0x20, 0x68, 0x61, 0x73, 0x20, 0x6E, 0x6F, 0x20, 0x63, 0x65, 0x6C,
    0x6C, 0x20, 0x69, 0x6E, 0x64, 0x65, 0x78, 0x20, 0x72, 0x65, 0x67, 0x69,
    0x73, 0x74, 0x65, 0x72, 0x00, 0x02, 0x31, 0x36, 0x34, 0x00, 0x21, 0x00,
    0x00, 0x00, 0x69, 0x6E, 0x74, 0x65, 0x72, 0x6E, 0x61, 0x6C, 0x3A, 0x20,
    0x6C, 0x61, 0x62, 0x65, 0x6C, 0x20, 0x6D, 0x61, 0x72, 0x6B, 0x65, 0x64,
    0x20, 0x74, 0x77, 0x69, 0x63, 0x65, 0x20, 0x69, 0x6E, 0x20, 0x00, 0x02,
    0x31, 0x36, 0x35, 0x00, 0x1D, 0x00, 0x00, 0x00, 0x69, 0x6E, 0x74, 0x65,
    0x72, 0x6E, 0x61, 0x6C, 0x3A, 0x20, 0x75, 0x6E, 0x6D, 0x61, 0x72, 0x6B,
    0x65, 0x64, 0x20, 0x6C, 0x61, 0x62, 0x65, 0x6C, 0x20, 0x69, 0x6E, 0x20,
    0x00, 0x02, 0x31, 0x36, 0x36, 0x00, 0x09, 0x00, 0x00, 0x00, 0x6A, 0x75,
    0x6D, 0x70, 0x20, 0x69, 0x6E, 0x20, 0x00, 0x02, 0x31, 0x36, 0x37, 0x00,
    0x08, 0x00, 0x00, 0x00, 0x20, 0x73, 0x70, 0x61, 0x6E, 0x73, 0x20, 0x00,
    0x02, 0x31, 0x36, 0x38, 0x00, 0x30, 0x00, 0x00, 0x00, 0x20, 0x77, 0x6F,
    0x72, 0x64, 0x73, 0x2C, 0x20, 0x6F, 0x76, 0x65, 0x72, 0x20, 0x74, 0x68,
    0x65, 0x20, 0x2B, 0x2F, 0x2D, 0x33, 0x32, 0x4B, 0x20, 0x72, 0x65, 0x61,
    0x63, 0x68, 0x20, 0x6F, 0x66, 0x20, 0x61, 0x20, 0x63, 0x6F, 0x6D, 0x70,
    0x61, 0x63, 0x74, 0x20, 0x6A, 0x75, 0x6D, 0x70, 0x00, 0x02, 0x31, 0x36,
    0x39, 0x00, 0x07, 0x00, 0x00, 0x00, 0x3C, 0x69, 0x6E, 0x69, 0x74, 0x3E,
    0x00, 0x00,
};

static const uint8_t context_symbols[] = {
    0xB2, 0x08, 0x00, 0x00, 0x02, 0x30, 0x00, 0x0C, 0x00, 0x00, 0x00, 0x6D,
    0x6F, 0x64, 0x75, 0x6C, 0x65, 0x5F, 0x6E, 0x61, 0x6D, 0x65, 0x00, 0x02,
    0x31, 0x00, 0x08, 0x00, 0x00, 0x00, 0x73, 0x74, 0x61, 0x74, 0x69, 0x63,
    0x73, 0x00, 0x02, 0x32, 0x00, 0x08, 0x00, 0x00, 0x00, 0x73, 0x79, 0x6D,
    0x62, 0x6F, 0x6C, 0x73, 0x00, 0x02, 0x33, 0x00, 0x09, 0x00, 0x00, 0x00,
    0x6D, 0x65, 0x73, 0x73, 0x61, 0x67, 0x65, 0x73, 0x00, 0x02, 0x34, 0x00,
    0x08, 0x00, 0x00, 0x00, 0x67, 0x6C, 0x6F, 0x62, 0x61, 0x6C, 0x73, 0x00,
    0x02, 0x35, 0x00, 0x0A, 0x00, 0x00, 0x00, 0x66, 0x75, 0x6E, 0x63, 0x74,
    0x69, 0x6F, 0x6E, 0x73, 0x00, 0x02, 0x36, 0x00, 0x08, 0x00, 0x00, 0x00,
    0x63, 0x6C, 0x61, 0x73, 0x73, 0x65, 0x73, 0x00, 0x02, 0x37, 0x00, 0x05,
    0x00, 0x00, 0x00, 0x63, 0x6F, 0x64, 0x65, 0x00, 0x02, 0x38, 0x00, 0x0D,
    0x00, 0x00, 0x00, 0x69, 0x6E, 0x69, 0x74, 0x5F, 0x6E, 0x6C, 0x6F, 0x63,
    0x61, 0x6C, 0x73, 0x00, 0x02, 0x39, 0x00, 0x0C, 0x00, 0x00, 0x00, 0x6D,
    0x6F, 0x64, 0x75, 0x6C, 0x65, 0x5F, 0x75, 0x73, 0x65, 0x73, 0x00, 0x02,
    0x31, 0x30, 0x00, 0x06, 0x00, 0x00, 0x00, 0x64, 0x65, 0x62, 0x75, 0x67,
    0x00, 0x02, 0x31, 0x31, 0x00, 0x0A, 0x00, 0x00, 0x00, 0x75, 0x6E, 0x6C,
    0x6F, 0x77, 0x65, 0x72, 0x65, 0x64, 0x00, 0x02, 0x31, 0x32, 0x00, 0x0E,
    0x00, 0x00, 0x00, 0x5F, 0x73, 0x74, 0x61, 0x74, 0x69, 0x63, 0x5F, 0x69,
    0x6E, 0x64, 0x65, 0x78, 0x00, 0x02, 0x31, 0x33, 0x00, 0x0E, 0x00, 0x00,
    0x00, 0x5F, 0x73, 0x79, 0x6D, 0x62, 0x6F, 0x6C, 0x5F, 0x69, 0x6E, 0x64,
    0x65, 0x78, 0x00, 0x02, 0x31, 0x34, 0x00, 0x0F, 0x00, 0x00, 0x00, 0x5F,
    0x6D, 0x65, 0x73, 0x73, 0x61, 0x67, 0x65, 0x5F, 0x69, 0x6E, 0x64, 0x65,
    0x78, 0x00, 0x02, 0x31, 0x35, 0x00, 0x0E, 0x00, 0x00, 0x00, 0x5F, 0x67,
    0x6C, 0x6F, 0x62, 0x61, 0x6C, 0x5F, 0x69, 0x6E, 0x64, 0x65, 0x78, 0x00,
    0x02, 0x31, 0x36, 0x00, 0x0C, 0x00, 0x00, 0x00, 0x5F, 0x66, 0x72, 0x65,
    0x65, 0x5F, 0x69, 0x6E, 0x64, 0x65, 0x78, 0x00, 0x02, 0x31, 0x37, 0x00,
    0x0C, 0x00, 0x00, 0x00, 0x5F, 0x6E, 0x65, 0x78, 0x74, 0x5F, 0x69, 0x6E,
    0x64, 0x65, 0x78, 0x00, 0x02, 0x31, 0x38, 0x00, 0x07, 0x00, 0x00, 0x00,
    0x61, 0x70, 0x70, 0x65, 0x6E, 0x64, 0x00, 0x02, 0x31, 0x39, 0x00, 0x0B,
    0x00, 0x00, 0x00, 0x61, 0x64, 0x64, 0x5F, 0x73, 0x74, 0x61, 0x74, 0x69,
    0x63, 0x00, 0x02, 0x32, 0x30, 0x00, 0x10, 0x00, 0x00, 0x00, 0x61, 0x64,
    0x64, 0x5F, 0x66, 0x72, 0x65, 0x65, 0x5F, 0x67, 0x6C, 0x6F, 0x62, 0x61,
    0x6C, 0x00, 0x02, 0x32, 0x31, 0x00, 0x12, 0x00, 0x00, 0x00, 0x61, 0x64,
    0x64, 0x5F, 0x73, 0x68, 0x61, 0x64, 0x6F, 0x77, 0x5F, 0x67, 0x6C, 0x6F,
    0x62, 0x61, 0x6C, 0x00, 0x02, 0x32, 0x32, 0x00, 0x0B, 0x00, 0x00, 0x00,
    0x61, 0x64, 0x64, 0x5F, 0x73, 0x79, 0x6D, 0x62, 0x6F, 0x6C, 0x00, 0x02,
    0x32, 0x33, 0x00, 0x0C, 0x00, 0x00, 0x00, 0x61, 0x64, 0x64, 0x5F, 0x6D,
    0x65, 0x73, 0x73, 0x61, 0x67, 0x65, 0x00, 0x02, 0x32, 0x34, 0x00, 0x0B,
    0x00, 0x00, 0x00, 0x61, 0x64, 0x64, 0x5F, 0x67, 0x6C, 0x6F, 0x62, 0x61,
    0x6C, 0x00, 0x02, 0x32, 0x35, 0x00, 0x13, 0x00, 0x00, 0x00, 0x61, 0x64,
    0x64, 0x5F, 0x67, 0x6C, 0x6F, 0x62, 0x61, 0x6C, 0x5F, 0x64, 0x65, 0x66,
    0x61, 0x75, 0x6C, 0x74, 0x00, 0x02, 0x32, 0x36, 0x00, 0x0D, 0x00, 0x00,
    0x00, 0x67, 0x6C, 0x6F, 0x62, 0x61, 0x6C, 0x5F, 0x69, 0x6E, 0x64, 0x65,
    0x78, 0x00, 0x02, 0x32, 0x37, 0x00, 0x0D, 0x00, 0x00, 0x00, 0x61, 0x64,
    0x64, 0x5F, 0x66, 0x75, 0x6E, 0x63, 0x74, 0x69, 0x6F, 0x6E, 0x00, 0x02,
    0x32, 0x38, 0x00, 0x0A, 0x00, 0x00, 0x00, 0x61, 0x64, 0x64, 0x5F, 0x63,
    0x6C, 0x61, 0x73, 0x73, 0x00, 0x02, 0x32, 0x39, 0x00, 0x05, 0x00, 0x00,
    0x00, 0x68, 0x65, 0x72, 0x65, 0x00, 0x02, 0x33, 0x30, 0x00, 0x0B, 0x00,
    0x00, 0x00, 0x65, 0x6D, 0x69, 0x74, 0x5F, 0x77, 0x6F, 0x72, 0x64, 0x73,
    0x00, 0x02, 0x33, 0x31, 0x00, 0x07, 0x00, 0x00, 0x00, 0x73, 0x75, 0x62,
    0x73, 0x74, 0x72, 0x00, 0x02, 0x33, 0x32, 0x00, 0x07, 0x00, 0x00, 0x00,
    0x74, 0x61, 0x72, 0x67, 0x65, 0x74, 0x00, 0x02, 0x33, 0x33, 0x00, 0x06,
    0x00, 0x00, 0x00, 0x73, 0x69, 0x74, 0x65, 0x73, 0x00, 0x02, 0x33, 0x34,
    0x00, 0x07, 0x00, 0x00, 0x00, 0x6D, 0x6F, 0x64, 0x75, 0x6C, 0x65, 0x00,
    0x02, 0x33, 0x35, 0x00, 0x05, 0x00, 0x00, 0x00, 0x6E, 0x61, 0x6D, 0x65,
    0x00, 0x02, 0x33, 0x36, 0x00, 0x0F, 0x00, 0x00, 0x00, 0x69, 0x73, 0x5F,
    0x6D, 0x6F, 0x64, 0x75, 0x6C, 0x65, 0x5F, 0x69, 0x6E, 0x69, 0x74, 0x00,
    0x02, 0x33, 0x37, 0x00, 0x06, 0x00, 0x00, 0x00, 0x6C, 0x6F, 0x6F, 0x70,
    0x73, 0x00, 0x02, 0x33, 0x38, 0x00, 0x0C, 0x00, 0x00, 0x00, 0x6D, 0x61,
    0x78, 0x5F, 0x72, 0x65, 0x73, 0x75, 0x6C, 0x74, 0x73, 0x00, 0x02, 0x33,
    0x39, 0x00, 0x06, 0x00, 0x00, 0x00, 0x63, 0x65, 0x6C, 0x6C, 0x73, 0x00,
    0x02, 0x34, 0x30, 0x00, 0x06, 0x00, 0x00, 0x00, 0x5F, 0x7A, 0x65, 0x72,
    0x6F, 0x00, 0x02, 0x34, 0x31, 0x00, 0x05, 0x00, 0x00, 0x00, 0x75, 0x73,
    0x65, 0x73, 0x00, 0x02, 0x34, 0x32, 0x00, 0x07, 0x00, 0x00, 0x00, 0x6C,
    0x61, 0x62, 0x65, 0x6C, 0x73, 0x00, 0x02, 0x34, 0x33, 0x00, 0x05, 0x00,
    0x00, 0x00, 0x6C, 0x69, 0x6E, 0x65, 0x00, 0x02, 0x34, 0x34, 0x00, 0x06,
    0x00, 0x00, 0x00, 0x6C, 0x69, 0x6E, 0x65, 0x73, 0x00, 0x02, 0x34, 0x35,
    0x00, 0x0E, 0x00, 0x00, 0x00, 0x5F, 0x65, 0x6D, 0x69, 0x74, 0x74, 0x65,
    0x64, 0x5F, 0x6C, 0x69, 0x6E, 0x65, 0x00, 0x02, 0x34, 0x36, 0x00, 0x07,
    0x00, 0x00, 0x00, 0x6C, 0x6F, 0x63, 0x61, 0x6C, 0x73, 0x00, 0x02, 0x34,
    0x37, 0x00, 0x07, 0x00, 0x00, 0x00, 0x6E, 0x6E, 0x61, 0x6D, 0x65, 0x64,
    0x00, 0x02, 0x34, 0x38, 0x00, 0x04, 0x00, 0x00, 0x00, 0x74, 0x6F, 0x70,
    0x00, 0x02, 0x34, 0x39, 0x00, 0x05, 0x00, 0x00, 0x00, 0x68, 0x69, 0x67,
    0x68, 0x00, 0x02, 0x35, 0x30, 0x00, 0x07, 0x00, 0x00, 0x00, 0x70, 0x61,
    0x72, 0x61, 0x6D, 0x73, 0x00, 0x02, 0x35, 0x31, 0x00, 0x09, 0x00, 0x00,
    0x00, 0x63, 0x61, 0x70, 0x74, 0x75, 0x72, 0x65, 0x73, 0x00, 0x02, 0x35,
    0x32, 0x00, 0x0B, 0x00, 0x00, 0x00, 0x74, 0x68, 0x69, 0x73, 0x5F, 0x63,
    0x6F, 0x75, 0x6E, 0x74, 0x00, 0x02, 0x35, 0x33, 0x00, 0x09, 0x00, 0x00,
    0x00, 0x74, 0x68, 0x69, 0x73, 0x5F, 0x72, 0x65, 0x67, 0x00, 0x02, 0x35,
    0x34, 0x00, 0x0B, 0x00, 0x00, 0x00, 0x74, 0x68, 0x69, 0x73, 0x5F, 0x63,
    0x6C, 0x61, 0x73, 0x73, 0x00, 0x02, 0x35, 0x35, 0x00, 0x0D, 0x00, 0x00,
    0x00, 0x69, 0x73, 0x5F, 0x63, 0x6F, 0x72, 0x6F, 0x75, 0x74, 0x69, 0x6E,
    0x65, 0x00, 0x02, 0x35, 0x36, 0x00, 0x0C, 0x00, 0x00, 0x00, 0x62, 0x6C,
    0x6F, 0x63, 0x6B, 0x5F, 0x73, 0x6C, 0x6F, 0x74, 0x73, 0x00, 0x02, 0x35,
    0x37, 0x00, 0x07, 0x00, 0x00, 0x00, 0x73, 0x63, 0x6F, 0x70, 0x65, 0x73,
    0x00, 0x02, 0x35, 0x38, 0x00, 0x0C, 0x00, 0x00, 0x00, 0x73, 0x63, 0x6F,
    0x70, 0x65, 0x5F, 0x73, 0x74, 0x61, 0x63, 0x6B, 0x00, 0x02, 0x35, 0x39,
    0x00, 0x09, 0x00, 0x00, 0x00, 0x74, 0x6F, 0x70, 0x5F, 0x62, 0x6F, 0x64,
    0x79, 0x00, 0x02, 0x36, 0x30, 0x00, 0x09, 0x00, 0x00, 0x00, 0x74, 0x6F,
    0x6C, 0x65, 0x72, 0x61, 0x6E, 0x74, 0x00, 0x02, 0x36, 0x31, 0x00, 0x0F,
    0x00, 0x00, 0x00, 0x64, 0x65, 0x63, 0x6C, 0x61, 0x72, 0x65, 0x5F, 0x67,
    0x6C, 0x6F, 0x62, 0x61, 0x6C, 0x00, 0x02, 0x36, 0x32, 0x00, 0x0E, 0x00,
    0x00, 0x00, 0x64, 0x65, 0x63, 0x6C, 0x61, 0x72, 0x65, 0x5F, 0x6C, 0x6F,
    0x63, 0x61, 0x6C, 0x00, 0x02, 0x36, 0x33, 0x00, 0x08, 0x00, 0x00, 0x00,
    0x64, 0x65, 0x63, 0x6C, 0x61, 0x72, 0x65, 0x00, 0x02, 0x36, 0x34, 0x00,
    0x16, 0x00, 0x00, 0x00, 0x64, 0x65, 0x63, 0x6C, 0x61, 0x72, 0x65, 0x5F,
    0x73, 0x68, 0x61, 0x64, 0x6F, 0x77, 0x5F, 0x67, 0x6C, 0x6F, 0x62, 0x61,
    0x6C, 0x00, 0x02, 0x36, 0x35, 0x00, 0x0E, 0x00, 0x00, 0x00, 0x72, 0x65,
    0x73, 0x65, 0x72, 0x76, 0x65, 0x5F, 0x6C, 0x6F, 0x63, 0x61, 0x6C, 0x00,
    0x02, 0x36, 0x36, 0x00, 0x0E, 0x00, 0x00, 0x00, 0x64, 0x65, 0x63, 0x6C,
    0x61, 0x72, 0x65, 0x5F, 0x62, 0x6C, 0x6F, 0x63, 0x6B, 0x00, 0x02, 0x36,
    0x37, 0x00, 0x0E, 0x00, 0x00, 0x00, 0x66, 0x72, 0x61, 0x6D, 0x65, 0x5F,
    0x73, 0x74, 0x6F, 0x72, 0x61, 0x67, 0x65, 0x00, 0x02, 0x36, 0x38, 0x00,
    0x16, 0x00, 0x00, 0x00, 0x61, 0x6C, 0x6C, 0x6F, 0x63, 0x61, 0x74, 0x65,
    0x5F, 0x62, 0x6C, 0x6F, 0x63, 0x6B, 0x5F, 0x73, 0x63, 0x6F, 0x70, 0x65,
    0x73, 0x00, 0x02, 0x36, 0x39, 0x00, 0x0B, 0x00, 0x00, 0x00, 0x70, 0x75,
    0x73, 0x68, 0x5F, 0x62, 0x6C, 0x6F, 0x63, 0x6B, 0x00, 0x02, 0x37, 0x30,
    0x00, 0x07, 0x00, 0x00, 0x00, 0x72, 0x65, 0x73, 0x69, 0x7A, 0x65, 0x00,
    0x02, 0x37, 0x31, 0x00, 0x0A, 0x00, 0x00, 0x00, 0x70, 0x6F, 0x70, 0x5F,
    0x62, 0x6C, 0x6F, 0x63, 0x6B, 0x00, 0x02, 0x37, 0x32, 0x00, 0x0E, 0x00,
    0x00, 0x00, 0x62, 0x6C, 0x6F, 0x63, 0x6B, 0x5F, 0x62, 0x69, 0x6E, 0x64,
    0x69, 0x6E, 0x67, 0x00, 0x02, 0x37, 0x33, 0x00, 0x07, 0x00, 0x00, 0x00,
    0x6C, 0x6F, 0x6F, 0x6B, 0x75, 0x70, 0x00, 0x02, 0x37, 0x34, 0x00, 0x0C,
    0x00, 0x00, 0x00, 0x69, 0x73, 0x5F, 0x6F, 0x77, 0x6E, 0x5F, 0x73, 0x6C,
    0x6F, 0x74, 0x00, 0x02, 0x37, 0x35, 0x00, 0x06, 0x00, 0x00, 0x00, 0x69,
    0x6D, 0x61, 0x67, 0x65, 0x00, 0x02, 0x37, 0x36, 0x00, 0x13, 0x00, 0x00,
    0x00, 0x63, 0x6C, 0x61, 0x73, 0x73, 0x5F, 0x73, 0x74, 0x61, 0x74, 0x69,
    0x63, 0x5F, 0x69, 0x6E, 0x64, 0x65, 0x78, 0x00, 0x02, 0x37, 0x37, 0x00,
    0x0B, 0x00, 0x00, 0x00, 0x69, 0x73, 0x5F, 0x62, 0x75, 0x69, 0x6C, 0x74,
    0x69, 0x6E, 0x00, 0x02, 0x37, 0x38, 0x00, 0x16, 0x00, 0x00, 0x00, 0x63,
    0x68, 0x61, 0x69, 0x6E, 0x5F, 0x72, 0x65, 0x61, 0x63, 0x68, 0x65, 0x73,
    0x5F, 0x6F, 0x75, 0x74, 0x73, 0x69, 0x64, 0x65, 0x00, 0x02, 0x37, 0x39,
    0x00, 0x08, 0x00, 0x00, 0x00, 0x73, 0x74, 0x6F, 0x72, 0x61, 0x67, 0x65,
    0x00, 0x02, 0x38, 0x30, 0x00, 0x0C, 0x00, 0x00, 0x00, 0x5F, 0x72, 0x61,
    0x69, 0x73, 0x65, 0x5F, 0x68, 0x69, 0x67, 0x68, 0x00, 0x02, 0x38, 0x31,
    0x00, 0x05, 0x00, 0x00, 0x00, 0x6D, 0x61, 0x72, 0x6B, 0x00, 0x02, 0x38,
    0x32, 0x00, 0x05, 0x00, 0x00, 0x00, 0x70, 0x75, 0x73, 0x68, 0x00, 0x02,
    0x38, 0x33, 0x00, 0x08, 0x00, 0x00, 0x00, 0x66, 0x72, 0x65, 0x65, 0x5F,
    0x74, 0x6F, 0x00, 0x02, 0x38, 0x34, 0x00, 0x0D, 0x00, 0x00, 0x00, 0x72,
    0x65, 0x73, 0x65, 0x72, 0x76, 0x65, 0x5F, 0x7A, 0x65, 0x72, 0x6F, 0x00,
    0x02, 0x38, 0x35, 0x00, 0x05, 0x00, 0x00, 0x00, 0x7A, 0x65, 0x72, 0x6F,
    0x00, 0x02, 0x38, 0x36, 0x00, 0x05, 0x00, 0x00, 0x00, 0x6D, 0x6F, 0x76,
    0x65, 0x00, 0x02, 0x38, 0x37, 0x00, 0x07, 0x00, 0x00, 0x00, 0x72, 0x65,
    0x74, 0x75, 0x72, 0x6E, 0x00, 0x02, 0x38, 0x38, 0x00, 0x0C, 0x00, 0x00,
    0x00, 0x65, 0x6D, 0x69, 0x74, 0x5F, 0x72, 0x65, 0x74, 0x75, 0x72, 0x6E,
    0x00, 0x02, 0x38, 0x39, 0x00, 0x0A, 0x00, 0x00, 0x00, 0x72, 0x65, 0x66,
    0x65, 0x72, 0x65, 0x6E, 0x63, 0x65, 0x00, 0x02, 0x39, 0x30, 0x00, 0x0A,
    0x00, 0x00, 0x00, 0x6E, 0x65, 0x77, 0x5F, 0x6C, 0x61, 0x62, 0x65, 0x6C,
    0x00, 0x02, 0x39, 0x31, 0x00, 0x0B, 0x00, 0x00, 0x00, 0x6D, 0x61, 0x72,
    0x6B, 0x5F, 0x6C, 0x61, 0x62, 0x65, 0x6C, 0x00, 0x02, 0x39, 0x32, 0x00,
    0x0D, 0x00, 0x00, 0x00, 0x70, 0x61, 0x74, 0x63, 0x68, 0x5F, 0x6C, 0x61,
    0x62, 0x65, 0x6C, 0x73, 0x00, 0x02, 0x39, 0x33, 0x00, 0x0B, 0x00, 0x00,
    0x00, 0x70, 0x61, 0x74, 0x63, 0x68, 0x5F, 0x73, 0x69, 0x74, 0x65, 0x00,
    0x02, 0x39, 0x34, 0x00, 0x0A, 0x00, 0x00, 0x00, 0x65, 0x6D, 0x69, 0x74,
    0x5F, 0x6A, 0x75, 0x6D, 0x70, 0x00, 0x02, 0x39, 0x35, 0x00, 0x0C, 0x00,
    0x00, 0x00, 0x73, 0x6F, 0x75, 0x72, 0x63, 0x65, 0x5F, 0x66, 0x69, 0x6C,
    0x65, 0x00, 0x02, 0x39, 0x36, 0x00, 0x0E, 0x00, 0x00, 0x00, 0x63, 0x6C,
    0x61, 0x73, 0x73, 0x5F, 0x73, 0x74, 0x61, 0x74, 0x69, 0x63, 0x73, 0x00,
    0x02, 0x39, 0x37, 0x00, 0x0B, 0x00, 0x00, 0x00, 0x73, 0x6C, 0x6F, 0x74,
    0x5F, 0x6E, 0x61, 0x6D, 0x65, 0x73, 0x00, 0x02, 0x39, 0x38, 0x00, 0x0D,
    0x00, 0x00, 0x00, 0x73, 0x75, 0x70, 0x65, 0x72, 0x63, 0x6C, 0x61, 0x73,
    0x73, 0x65, 0x73, 0x00, 0x02, 0x39, 0x39, 0x00, 0x12, 0x00, 0x00, 0x00,
    0x73, 0x6C, 0x6F, 0x74, 0x5F, 0x6F, 0x70, 0x74, 0x69, 0x6D, 0x69, 0x7A,
    0x61, 0x74, 0x69, 0x6F, 0x6E, 0x00, 0x02, 0x31, 0x30, 0x30, 0x00, 0x0F,
    0x00, 0x00, 0x00, 0x73, 0x74, 0x61, 0x74, 0x69, 0x63, 0x5F, 0x69, 0x6D,
    0x70, 0x6F, 0x72, 0x74, 0x73, 0x00, 0x02, 0x31, 0x30, 0x31, 0x00, 0x10,
    0x00, 0x00, 0x00, 0x70, 0x65, 0x6E, 0x64, 0x69, 0x6E, 0x67, 0x5F, 0x73,
    0x74, 0x61, 0x74, 0x69, 0x63, 0x73, 0x00, 0x02, 0x31, 0x30, 0x32, 0x00,
    0x14, 0x00, 0x00, 0x00, 0x68, 0x61, 0x73, 0x5F, 0x77, 0x69, 0x6C, 0x64,
    0x63, 0x61, 0x72, 0x64, 0x5F, 0x69, 0x6D, 0x70, 0x6F, 0x72, 0x74, 0x00,
    0x02, 0x31, 0x30, 0x33, 0x00, 0x0B, 0x00, 0x00, 0x00, 0x65, 0x6D, 0x69,
    0x74, 0x5F, 0x64, 0x65, 0x62, 0x75, 0x67, 0x00, 0x02, 0x31, 0x30, 0x34,
    0x00, 0x0C, 0x00, 0x00, 0x00, 0x64, 0x65, 0x66, 0x69, 0x6E, 0x69, 0x74,
    0x69, 0x6F, 0x6E, 0x73, 0x00, 0x02, 0x31, 0x30, 0x35, 0x00, 0x11, 0x00,
    0x00, 0x00, 0x70, 0x72, 0x6F, 0x6D, 0x6F, 0x74, 0x65, 0x64, 0x5F, 0x61,
    0x72, 0x69, 0x74, 0x69, 0x65, 0x73, 0x00, 0x02, 0x31, 0x30, 0x36, 0x00,
    0x0F, 0x00, 0x00, 0x00, 0x73, 0x74, 0x75, 0x62, 0x5F, 0x75, 0x6E, 0x6C,
    0x6F, 0x77, 0x65, 0x72, 0x65, 0x64, 0x00, 0x02, 0x31, 0x30, 0x37, 0x00,
    0x09, 0x00, 0x00, 0x00, 0x69, 0x6E, 0x69, 0x74, 0x5F, 0x63, 0x74, 0x78,
    0x00, 0x02, 0x31, 0x30, 0x38, 0x00, 0x08, 0x00, 0x00, 0x00, 0x70, 0x65,
    0x6E, 0x64, 0x69, 0x6E, 0x67, 0x00, 0x02, 0x31, 0x30, 0x39, 0x00, 0x14,
    0x00, 0x00, 0x00, 0x64, 0x65, 0x63, 0x6C, 0x61, 0x72, 0x65, 0x5F, 0x66,
    0x72, 0x65, 0x65, 0x5F, 0x67, 0x6C, 0x6F, 0x62, 0x61, 0x6C, 0x00, 0x02,
    0x31, 0x31, 0x30, 0x00, 0x0A, 0x00, 0x00, 0x00, 0x6E, 0x61, 0x6D, 0x65,
    0x5F, 0x73, 0x6C, 0x6F, 0x74, 0x00, 0x02, 0x31, 0x31, 0x31, 0x00, 0x0F,
    0x00, 0x00, 0x00, 0x69, 0x73, 0x5F, 0x6C, 0x6F, 0x63, 0x61, 0x6C, 0x5F,
    0x63, 0x6C, 0x61, 0x73, 0x73, 0x00, 0x02, 0x31, 0x31, 0x32, 0x00, 0x0B,
    0x00, 0x00, 0x00, 0x73, 0x6C, 0x6F, 0x74, 0x5F, 0x69, 0x6E, 0x64, 0x65,
    0x78, 0x00, 0x02, 0x31, 0x31, 0x33, 0x00, 0x11, 0x00, 0x00, 0x00, 0x63,
    0x6C, 0x61, 0x73, 0x73, 0x5F, 0x73, 0x74, 0x61, 0x74, 0x69, 0x63, 0x5F,
    0x6B, 0x65, 0x79, 0x00, 0x02, 0x31, 0x31, 0x34, 0x00, 0x0D, 0x00, 0x00,
    0x00, 0x63, 0x6C, 0x61, 0x73, 0x73, 0x5F, 0x73, 0x74, 0x61, 0x74, 0x69,
    0x63, 0x00, 0x02, 0x31, 0x31, 0x35, 0x00, 0x09, 0x00, 0x00, 0x00, 0x62,
    0x75, 0x69, 0x6C, 0x74, 0x69, 0x6E, 0x73, 0x00, 0x02, 0x31, 0x31, 0x36,
    0x00, 0x0C, 0x00, 0x00, 0x00, 0x61, 0x64, 0x64, 0x5F, 0x70, 0x65, 0x6E,
    0x64, 0x69, 0x6E, 0x67, 0x00, 0x00,
};

static const uint8_t context_functions[] = {
    0x5C, 0x1C, 0x00, 0x00, 0x03, 0x30, 0x00, 0x87, 0x00, 0x00, 0x00, 0x02,
    0x6E, 0x00, 0x0E, 0x00, 0x00, 0x00, 0x70, 0x61, 0x63, 0x6B, 0x5F, 0x70,
    0x61, 0x69, 0x72, 0x61, 0x62, 0x6C, 0x65, 0x00, 0x04, 0x70, 0x00, 0x55,
    0x00, 0x00, 0x00, 0x03, 0x30, 0x00, 0x0F, 0x00, 0x00, 0x00, 0x02, 0x6E,
    0x00, 0x03, 0x00, 0x00, 0x00, 0x6F, 0x70, 0x00, 0x00, 0x03, 0x31, 0x00,
    0x1B, 0x00, 0x00, 0x00, 0x02, 0x6E, 0x00, 0x08, 0x00, 0x00, 0x00, 0x70,
    0x72, 0x69, 0x6D, 0x61, 0x72, 0x79, 0x00, 0x10, 0x64, 0x00, 0x59, 0x00,
    0x00, 0x00, 0x00, 0x03, 0x32, 0x00, 0x1D, 0x00, 0x00, 0x00, 0x02, 0x6E,
    0x00, 0x0A, 0x00, 0x00, 0x00, 0x73, 0x65, 0x63, 0x6F, 0x6E, 0x64, 0x61,
    0x72, 0x79, 0x00, 0x10, 0x64, 0x00, 0x59, 0x00, 0x00, 0x00, 0x00, 0x00,
    0x10, 0x6C, 0x00, 0x0D, 0x00, 0x00, 0x00, 0x10, 0x63, 0x00, 0x2E, 0x02,
    0x00, 0x00, 0x10, 0x66, 0x00, 0x00, 0x00, 0x00, 0x00, 0x00, 0x03, 0x31,
    0x00, 0x49, 0x00, 0x00, 0x00, 0x02, 0x6E, 0x00, 0x0B, 0x00, 0x00, 0x00,
    0x5F, 0x70, 0x6F, 0x6F, 0x6C, 0x5F, 0x6B, 0x69, 0x6E, 0x64, 0x00, 0x04,
    0x70, 0x00, 0x1A, 0x00, 0x00, 0x00, 0x03, 0x30, 0x00, 0x12, 0x00, 0x00,
    0x00, 0x02, 0x6E, 0x00, 0x06, 0x00, 0x00, 0x00, 0x76, 0x61, 0x6C, 0x75,
    0x65, 0x00, 0x00, 0x00, 0x10, 0x6C, 0x00, 0x02, 0x00, 0x00, 0x00, 0x10,
    0x63, 0x00, 0x2C, 0x03, 0x00, 0x00, 0x10, 0x66, 0x00, 0x00, 0x00, 0x00,
    0x00, 0x00, 0x03, 0x32, 0x00, 0x4A, 0x00, 0x00, 0x00, 0x02, 0x6E, 0x00,
    0x0C, 0x00, 0x00, 0x00, 0x5F, 0x73, 0x74, 0x61, 0x74, 0x69, 0x63, 0x5F,
    0x6B, 0x65, 0x79, 0x00, 0x04, 0x70, 0x00, 0x1A, 0x00, 0x00, 0x00, 0x03,
    0x30, 0x00, 0x12, 0x00, 0x00, 0x00, 0x02, 0x6E, 0x00, 0x06, 0x00, 0x00,
    0x00, 0x76, 0x61, 0x6C, 0x75, 0x65, 0x00, 0x00, 0x00, 0x10, 0x6C, 0x00,
    0x05, 0x00, 0x00, 0x00, 0x10, 0x63, 0x00, 0x58, 0x03, 0x00, 0x00, 0x10,
    0x66, 0x00, 0x00, 0x00, 0x00, 0x00, 0x00, 0x03, 0x33, 0x00, 0x7A, 0x00,
    0x00, 0x00, 0x02, 0x6E, 0x00, 0x11, 0x00, 0x00, 0x00, 0x6D, 0x61, 0x6B,
    0x65, 0x5F, 0x67, 0x6C, 0x6F, 0x62, 0x61, 0x6C, 0x5F, 0x73, 0x6C, 0x6F,
    0x74, 0x00, 0x04, 0x70, 0x00, 0x45, 0x00, 0x00, 0x00, 0x03, 0x30, 0x00,
    0x11, 0x00, 0x00, 0x00, 0x02, 0x6E, 0x00, 0x05, 0x00, 0x00, 0x00, 0x6E,
    0x61, 0x6D, 0x65, 0x00, 0x00, 0x03, 0x31, 0x00, 0x15, 0x00, 0x00, 0x00,
    0x02, 0x6E, 0x00, 0x09, 0x00, 0x00, 0x00, 0x65, 0x78, 0x70, 0x6F, 0x72,
    0x74, 0x65, 0x64, 0x00, 0x00, 0x03, 0x32, 0x00, 0x11, 0x00, 0x00, 0x00,
    0x02, 0x6E, 0x00, 0x05, 0x00, 0x00, 0x00, 0x66, 0x72, 0x65, 0x65, 0x00,
    0x00, 0x00, 0x10, 0x6C, 0x00, 0x0B, 0x00, 0x00, 0x00, 0x10, 0x63, 0x00,
    0x66, 0x03, 0x00, 0x00, 0x10, 0x66, 0x00, 0x00, 0x00, 0x00, 0x00, 0x00,
    0x03, 0x34, 0x00, 0x59, 0x00, 0x00, 0x00, 0x02, 0x6E, 0x00, 0x06, 0x00,
    0x00, 0x00, 0x69, 0x6E, 0x69, 0x74, 0x21, 0x00, 0x04, 0x70, 0x00, 0x20,
    0x00, 0x00, 0x00, 0x03, 0x30, 0x00, 0x18, 0x00, 0x00, 0x00, 0x02, 0x6E,
    0x00, 0x0C, 0x00, 0x00, 0x00, 0x6D, 0x6F, 0x64, 0x75, 0x6C, 0x65, 0x5F,
    0x6E, 0x61, 0x6D, 0x65, 0x00, 0x00, 0x00, 0x10, 0x6C, 0x00, 0x02, 0x00,
    0x00, 0x00, 0x10, 0x63, 0x00, 0x73, 0x03, 0x00, 0x00, 0x10, 0x66, 0x00,
    0x02, 0x00, 0x00, 0x00, 0x04, 0x74, 0x00, 0x0C, 0x00, 0x00, 0x00, 0x10,
    0x30, 0x00, 0x06, 0x00, 0x00, 0x00, 0x00, 0x00, 0x03, 0x35, 0x00, 0x73,
    0x00, 0x00, 0x00, 0x02, 0x6E, 0x00, 0x0D, 0x00, 0x00, 0x00, 0x5F, 0x6E,
    0x65, 0x78, 0x74, 0x5F, 0x69, 0x6E, 0x64, 0x65, 0x78, 0x21, 0x00, 0x04,
    0x70, 0x00, 0x33, 0x00, 0x00, 0x00, 0x03, 0x30, 0x00, 0x11, 0x00, 0x00,
    0x00, 0x02, 0x6E, 0x00, 0x05, 0x00, 0x00, 0x00, 0x70, 0x6F, 0x6F, 0x6C,
    0x00, 0x00, 0x03, 0x31, 0x00, 0x17, 0x00, 0x00, 0x00, 0x02, 0x6E, 0x00,
    0x0B, 0x00, 0x00, 0x00, 0x6C, 0x69, 0x6D, 0x69, 0x74, 0x5F, 0x6E, 0x61,
    0x6D, 0x65, 0x00, 0x00, 0x00, 0x10, 0x6C, 0x00, 0x07, 0x00, 0x00, 0x00,
    0x10, 0x63, 0x00, 0xB6, 0x03, 0x00, 0x00, 0x10, 0x66, 0x00, 0x02, 0x00,
    0x00, 0x00, 0x04, 0x74, 0x00, 0x0C, 0x00, 0x00, 0x00, 0x10, 0x30, 0x00,
    0x06, 0x00, 0x00, 0x00, 0x00, 0x00, 0x03, 0x36, 0x00, 0x59, 0x00, 0x00,
    0x00, 0x02, 0x6E, 0x00, 0x0C, 0x00, 0x00, 0x00, 0x61, 0x64, 0x64, 0x5F,
    0x73, 0x74, 0x61, 0x74, 0x69, 0x63, 0x21, 0x00, 0x04, 0x70, 0x00, 0x1A,
    0x00, 0x00, 0x00, 0x03, 0x30, 0x00, 0x12, 0x00, 0x00, 0x00, 0x02, 0x6E,
    0x00, 0x06, 0x00, 0x00, 0x00, 0x76, 0x61, 0x6C, 0x75, 0x65, 0x00, 0x00,
    0x00, 0x10, 0x6C, 0x00, 0x06, 0x00, 0x00, 0x00, 0x10, 0x63, 0x00, 0xD4,
    0x03, 0x00, 0x00, 0x10, 0x66, 0x00, 0x02, 0x00, 0x00, 0x00, 0x04, 0x74,
    0x00, 0x0C, 0x00, 0x00, 0x00, 0x10, 0x30, 0x00, 0x06, 0x00, 0x00, 0x00,
    0x00, 0x00, 0x03, 0x37, 0x00, 0x5D, 0x00, 0x00, 0x00, 0x02, 0x6E, 0x00,
    0x11, 0x00, 0x00, 0x00, 0x61, 0x64, 0x64, 0x5F, 0x66, 0x72, 0x65, 0x65,
    0x5F, 0x67, 0x6C, 0x6F, 0x62, 0x61, 0x6C, 0x21, 0x00, 0x04, 0x70, 0x00,
    0x19, 0x00, 0x00, 0x00, 0x03, 0x30, 0x00, 0x11, 0x00, 0x00, 0x00, 0x02,
    0x6E, 0x00, 0x05, 0x00, 0x00, 0x00, 0x6E, 0x61, 0x6D, 0x65, 0x00, 0x00,
    0x00, 0x10, 0x6C, 0x00, 0x07, 0x00, 0x00, 0x00, 0x10, 0x63, 0x00, 0xFC,
    0x03, 0x00, 0x00, 0x10, 0x66, 0x00, 0x02, 0x00, 0x00, 0x00, 0x04, 0x74,
    0x00, 0x0C, 0x00, 0x00, 0x00, 0x10, 0x30, 0x00, 0x06, 0x00, 0x00, 0x00,
    0x00, 0x00, 0x03, 0x38, 0x00, 0x5F, 0x00, 0x00, 0x00, 0x02, 0x6E, 0x00,
    0x13, 0x00, 0x00, 0x00, 0x61, 0x64, 0x64, 0x5F, 0x73, 0x68, 0x61, 0x64,
    0x6F, 0x77, 0x5F, 0x67, 0x6C, 0x6F, 0x62, 0x61, 0x6C, 0x21, 0x00, 0x04,
    0x70, 0x00, 0x19, 0x00, 0x00, 0x00, 0x03, 0x30, 0x00, 0x11, 0x00, 0x00,
    0x00, 0x02, 0x6E, 0x00, 0x05, 0x00, 0x00, 0x00, 0x6E, 0x61, 0x6D, 0x65,
    0x00, 0x00, 0x00, 0x10, 0x6C, 0x00, 0x06, 0x00, 0x00, 0x00, 0x10, 0x63,
    0x00, 0x24, 0x04, 0x00, 0x00, 0x10, 0x66, 0x00, 0x02, 0x00, 0x00, 0x00,
    0x04, 0x74, 0x00, 0x0C, 0x00, 0x00, 0x00, 0x10, 0x30, 0x00, 0x06, 0x00,
    0x00, 0x00, 0x00, 0x00, 0x03, 0x39, 0x00, 0x58, 0x00, 0x00, 0x00, 0x02,
    0x6E, 0x00, 0x0C, 0x00, 0x00, 0x00, 0x61, 0x64, 0x64, 0x5F, 0x73, 0x79,
    0x6D, 0x62, 0x6F, 0x6C, 0x21, 0x00, 0x04, 0x70, 0x00, 0x19, 0x00, 0x00,
    0x00, 0x03, 0x30, 0x00, 0x11, 0x00, 0x00, 0x00, 0x02, 0x6E, 0x00, 0x05,
    0x00, 0x00, 0x00, 0x6E, 0x61, 0x6D, 0x65, 0x00, 0x00, 0x00, 0x10, 0x6C,
    0x00, 0x05, 0x00, 0x00, 0x00, 0x10, 0x63, 0x00, 0x3B, 0x04, 0x00, 0x00,
    0x10, 0x66, 0x00, 0x02, 0x00, 0x00, 0x00, 0x04, 0x74, 0x00, 0x0C, 0x00,
    0x00, 0x00, 0x10, 0x30, 0x00, 0x06, 0x00, 0x00, 0x00, 0x00, 0x00, 0x03,
    0x31, 0x30, 0x00, 0x59, 0x00, 0x00, 0x00, 0x02, 0x6E, 0x00, 0x0D, 0x00,
    0x00, 0x00, 0x61, 0x64, 0x64, 0x5F, 0x6D, 0x65, 0x73, 0x73, 0x61, 0x67,
    0x65, 0x21, 0x00, 0x04, 0x70, 0x00, 0x19, 0x00, 0x00, 0x00, 0x03, 0x30,
    0x00, 0x11, 0x00, 0x00, 0x00, 0x02, 0x6E, 0x00, 0x05, 0x00, 0x00, 0x00,
    0x70, 0x61, 0x74, 0x68, 0x00, 0x00, 0x00, 0x10, 0x6C, 0x00, 0x0E, 0x00,
    0x00, 0x00, 0x10, 0x63, 0x00, 0x5E, 0x04, 0x00, 0x00, 0x10, 0x66, 0x00,
    0x02, 0x00, 0x00, 0x00, 0x04, 0x74, 0x00, 0x0C, 0x00, 0x00, 0x00, 0x10,
    0x30, 0x00, 0x06, 0x00, 0x00, 0x00, 0x00, 0x00, 0x03, 0x31, 0x31, 0x00,
    0x58, 0x00, 0x00, 0x00, 0x02, 0x6E, 0x00, 0x0C, 0x00, 0x00, 0x00, 0x61,
    0x64, 0x64, 0x5F, 0x67, 0x6C, 0x6F, 0x62, 0x61, 0x6C, 0x21, 0x00, 0x04,
    0x70, 0x00, 0x19, 0x00, 0x00, 0x00, 0x03, 0x30, 0x00, 0x11, 0x00, 0x00,
    0x00, 0x02, 0x6E, 0x00, 0x05, 0x00, 0x00, 0x00, 0x6E, 0x61, 0x6D, 0x65,
    0x00, 0x00, 0x00, 0x10, 0x6C, 0x00, 0x07, 0x00, 0x00, 0x00, 0x10, 0x63,
    0x00, 0xB4, 0x04, 0x00, 0x00, 0x10, 0x66, 0x00, 0x02, 0x00, 0x00, 0x00,
    0x04, 0x74, 0x00, 0x0C, 0x00, 0x00, 0x00, 0x10, 0x30, 0x00, 0x06, 0x00,
    0x00, 0x00, 0x00, 0x00, 0x03, 0x31, 0x32, 0x00, 0x77, 0x00, 0x00, 0x00,
    0x02, 0x6E, 0x00, 0x14, 0x00, 0x00, 0x00, 0x61, 0x64, 0x64, 0x5F, 0x67,
    0x6C, 0x6F, 0x62, 0x61, 0x6C, 0x5F, 0x64, 0x65, 0x66, 0x61, 0x75, 0x6C,
    0x74, 0x21, 0x00, 0x04, 0x70, 0x00, 0x30, 0x00, 0x00, 0x00, 0x03, 0x30,
    0x00, 0x11, 0x00, 0x00, 0x00, 0x02, 0x6E, 0x00, 0x05, 0x00, 0x00, 0x00,
    0x6E, 0x61, 0x6D, 0x65, 0x00, 0x00, 0x03, 0x31, 0x00, 0x14, 0x00, 0x00,
    0x00, 0x02, 0x6E, 0x00, 0x08, 0x00, 0x00, 0x00, 0x64, 0x65, 0x66, 0x61,
    0x75, 0x6C, 0x74, 0x00, 0x00, 0x00, 0x10, 0x6C, 0x00, 0x04, 0x00, 0x00,
    0x00, 0x10, 0x63, 0x00, 0xDC, 0x04, 0x00, 0x00, 0x10, 0x66, 0x00, 0x02,
    0x00, 0x00, 0x00, 0x04, 0x74, 0x00, 0x0C, 0x00, 0x00, 0x00, 0x10, 0x30,
    0x00, 0x06, 0x00, 0x00, 0x00, 0x00, 0x00, 0x03, 0x31, 0x33, 0x00, 0x5A,
    0x00, 0x00, 0x00, 0x02, 0x6E, 0x00, 0x0E, 0x00, 0x00, 0x00, 0x67, 0x6C,
    0x6F, 0x62, 0x61, 0x6C, 0x5F, 0x69, 0x6E, 0x64, 0x65, 0x78, 0x21, 0x00,
    0x04, 0x70, 0x00, 0x19, 0x00, 0x00, 0x00, 0x03, 0x30, 0x00, 0x11, 0x00,
    0x00, 0x00, 0x02, 0x6E, 0x00, 0x05, 0x00, 0x00, 0x00, 0x6E, 0x61, 0x6D,
    0x65, 0x00, 0x00, 0x00, 0x10, 0x6C, 0x00, 0x06, 0x00, 0x00, 0x00, 0x10,
    0x63, 0x00, 0xF3, 0x04, 0x00, 0x00, 0x10, 0x66, 0x00, 0x02, 0x00, 0x00,
    0x00, 0x04, 0x74, 0x00, 0x0C, 0x00, 0x00, 0x00, 0x10, 0x30, 0x00, 0x06,
    0x00, 0x00, 0x00, 0x00, 0x00, 0x03, 0x31, 0x34, 0x00, 0x4C, 0x01, 0x00,
    0x00, 0x02, 0x6E, 0x00, 0x0E, 0x00, 0x00, 0x00, 0x61, 0x64, 0x64, 0x5F,
    0x66, 0x75, 0x6E, 0x63, 0x74, 0x69, 0x6F, 0x6E, 0x21, 0x00, 0x04, 0x70,
    0x00, 0x0B, 0x01, 0x00, 0x00, 0x03, 0x30, 0x00, 0x11, 0x00, 0x00, 0x00,
    0x02, 0x6E, 0x00, 0x05, 0x00, 0x00, 0x00, 0x6E, 0x61, 0x6D, 0x65, 0x00,
    0x00, 0x03, 0x31, 0x00, 0x1A, 0x00, 0x00, 0x00, 0x02, 0x6E, 0x00, 0x07,
    0x00, 0x00, 0x00, 0x70, 0x61, 0x72, 0x61, 0x6D, 0x73, 0x00, 0x10, 0x64,
    0x00, 0x7B, 0x00, 0x00, 0x00, 0x00, 0x03, 0x32, 0x00, 0x1B, 0x00, 0x00,
    0x00, 0x02, 0x6E, 0x00, 0x08, 0x00, 0x00, 0x00, 0x6E, 0x6C, 0x6F, 0x63,
    0x61, 0x6C, 0x73, 0x00, 0x10, 0x64, 0x00, 0x59, 0x00, 0x00, 0x00, 0x00,
    0x03, 0x33, 0x00, 0x1F, 0x00, 0x00, 0x00, 0x02, 0x6E, 0x00, 0x0C, 0x00,
    0x00, 0x00, 0x63, 0x6F, 0x64, 0x65, 0x5F, 0x6F, 0x66, 0x66, 0x73, 0x65,
    0x74, 0x00, 0x10, 0x64, 0x00, 0x59, 0x00, 0x00, 0x00, 0x00, 0x03, 0x34,
    0x00, 0x19, 0x00, 0x00, 0x00, 0x02, 0x6E, 0x00, 0x06, 0x00, 0x00, 0x00,
    0x66, 0x6C, 0x61, 0x67, 0x73, 0x00, 0x10, 0x64, 0x00, 0x59, 0x00, 0x00,
    0x00, 0x00, 0x03, 0x35, 0x00, 0x1C, 0x00, 0x00, 0x00, 0x02, 0x6E, 0x00,
    0x09, 0x00, 0x00, 0x00, 0x64, 0x69, 0x73, 0x70, 0x61, 0x74, 0x63, 0x68,
    0x00, 0x10, 0x64, 0x00, 0x7B, 0x00, 0x00, 0x00, 0x00, 0x03, 0x36, 0x00,
    0x1D, 0x00, 0x00, 0x00, 0x02, 0x6E, 0x00, 0x0A, 0x00, 0x00, 0x00, 0x6E,
    0x63, 0x61, 0x70, 0x74, 0x75, 0x72, 0x65, 0x73, 0x00, 0x10, 0x64, 0x00,
    0x59, 0x00, 0x00, 0x00, 0x00, 0x03, 0x37, 0x00, 0x1C, 0x00, 0x00, 0x00,
    0x02, 0x6E, 0x00, 0x09, 0x00, 0x00, 0x00, 0x6E, 0x72, 0x65, 0x73, 0x75,
    0x6C, 0x74, 0x73, 0x00, 0x10, 0x64, 0x00, 0x7C, 0x00, 0x00, 0x00, 0x00,
    0x03, 0x38, 0x00, 0x18, 0x00, 0x00, 0x00, 0x02, 0x6E, 0x00, 0x05, 0x00,
    0x00, 0x00, 0x75, 0x73, 0x65, 0x73, 0x00, 0x10, 0x64, 0x00, 0x7B, 0x00,
    0x00, 0x00, 0x00, 0x00, 0x10, 0x6C, 0x00, 0x08, 0x00, 0x00, 0x00, 0x10,
    0x63, 0x00, 0x09, 0x05, 0x00, 0x00, 0x10, 0x66, 0x00, 0x02, 0x00, 0x00,
    0x00, 0x04, 0x74, 0x00, 0x0C, 0x00, 0x00, 0x00, 0x10, 0x30, 0x00, 0x06,
    0x00, 0x00, 0x00, 0x00, 0x00, 0x03, 0x31, 0x35, 0x00, 0xF3, 0x00, 0x00,
    0x00, 0x02, 0x6E, 0x00, 0x0B, 0x00, 0x00, 0x00, 0x61, 0x64, 0x64, 0x5F,
    0x63, 0x6C, 0x61, 0x73, 0x73, 0x21, 0x00, 0x04, 0x70, 0x00, 0xB5, 0x00,
    0x00, 0x00, 0x03, 0x30, 0x00, 0x11, 0x00, 0x00, 0x00, 0x02, 0x6E, 0x00,
    0x05, 0x00, 0x00, 0x00, 0x6E, 0x61, 0x6D, 0x65, 0x00, 0x00, 0x03, 0x31,
    0x00, 0x1E, 0x00, 0x00, 0x00, 0x02, 0x6E, 0x00, 0x0B, 0x00, 0x00, 0x00,
    0x73, 0x75, 0x70, 0x65, 0x72, 0x63, 0x6C, 0x61, 0x73, 0x73, 0x00, 0x10,
    0x64, 0x00, 0x7B, 0x00, 0x00, 0x00, 0x00, 0x03, 0x32, 0x00, 0x19, 0x00,
    0x00, 0x00, 0x02, 0x6E, 0x00, 0x06, 0x00, 0x00, 0x00, 0x73, 0x6C, 0x6F,
    0x74, 0x73, 0x00, 0x10, 0x64, 0x00, 0x7B, 0x00, 0x00, 0x00, 0x00, 0x03,
    0x33, 0x00, 0x1F, 0x00, 0x00, 0x00, 0x02, 0x6E, 0x00, 0x0C, 0x00, 0x00,
    0x00, 0x69, 0x6E, 0x69, 0x74, 0x69, 0x61, 0x6C, 0x69, 0x7A, 0x65, 0x72,
    0x00, 0x10, 0x64, 0x00, 0x7B, 0x00, 0x00, 0x00, 0x00, 0x03, 0x34, 0x00,
    0x1C, 0x00, 0x00, 0x00, 0x02, 0x6E, 0x00, 0x09, 0x00, 0x00, 0x00, 0x6D,
    0x65, 0x73, 0x73, 0x61, 0x67, 0x65, 0x73, 0x00, 0x10, 0x64, 0x00, 0x7B,
    0x00, 0x00, 0x00, 0x00, 0x03, 0x35, 0x00, 0x1B, 0x00, 0x00, 0x00, 0x02,
    0x6E, 0x00, 0x08, 0x00, 0x00, 0x00, 0x73, 0x74, 0x61, 0x74, 0x69, 0x63,
    0x73, 0x00, 0x10, 0x64, 0x00, 0x7B, 0x00, 0x00, 0x00, 0x00, 0x00, 0x10,
    0x6C, 0x00, 0x0C, 0x00, 0x00, 0x00, 0x10, 0x63, 0x00, 0x46, 0x05, 0x00,
    0x00, 0x10, 0x66, 0x00, 0x02, 0x00, 0x00, 0x00, 0x04, 0x74, 0x00, 0x0C,
    0x00, 0x00, 0x00, 0x10, 0x30, 0x00, 0x06, 0x00, 0x00, 0x00, 0x00, 0x00,
    0x03, 0x31, 0x36, 0x00, 0x3E, 0x00, 0x00, 0x00, 0x02, 0x6E, 0x00, 0x06,
    0x00, 0x00, 0x00, 0x68, 0x65, 0x72, 0x65, 0x21, 0x00, 0x04, 0x70, 0x00,
    0x05, 0x00, 0x00, 0x00, 0x00, 0x10, 0x6C, 0x00, 0x02, 0x00, 0x00, 0x00,
    0x10, 0x63, 0x00, 0x97, 0x05, 0x00, 0x00, 0x10, 0x66, 0x00, 0x02, 0x00,
    0x00, 0x00, 0x04, 0x74, 0x00, 0x0C, 0x00, 0x00, 0x00, 0x10, 0x30, 0x00,
    0x06, 0x00, 0x00, 0x00, 0x00, 0x00, 0x03, 0x31, 0x37, 0x00, 0x59, 0x00,
    0x00, 0x00, 0x02, 0x6E, 0x00, 0x0C, 0x00, 0x00, 0x00, 0x65, 0x6D, 0x69,
    0x74, 0x5F, 0x77, 0x6F, 0x72, 0x64, 0x73, 0x21, 0x00, 0x04, 0x70, 0x00,
    0x1A, 0x00, 0x00, 0x00, 0x03, 0x30, 0x00, 0x12, 0x00, 0x00, 0x00, 0x02,
    0x6E, 0x00, 0x06, 0x00, 0x00, 0x00, 0x77, 0x6F, 0x72, 0x64, 0x73, 0x00,
    0x00, 0x00, 0x10, 0x6C, 0x00, 0x09, 0x00, 0x00, 0x00, 0x10, 0x63, 0x00,
    0x9D, 0x05, 0x00, 0x00, 0x10, 0x66, 0x00, 0x02, 0x00, 0x00, 0x00, 0x04,
    0x74, 0x00, 0x0C, 0x00, 0x00, 0x00, 0x10, 0x30, 0x00, 0x06, 0x00, 0x00,
    0x00, 0x00, 0x00, 0x03, 0x31, 0x38, 0x00, 0x69, 0x00, 0x00, 0x00, 0x02,
    0x6E, 0x00, 0x0E, 0x00, 0x00, 0x00, 0x6D, 0x61, 0x6B, 0x65, 0x5F, 0x66,
    0x6E, 0x5F, 0x70, 0x61, 0x72, 0x61, 0x6D, 0x00, 0x04, 0x70, 0x00, 0x37,
    0x00, 0x00, 0x00, 0x03, 0x30, 0x00, 0x11, 0x00, 0x00, 0x00, 0x02, 0x6E,
    0x00, 0x05, 0x00, 0x00, 0x00, 0x6E, 0x61, 0x6D, 0x65, 0x00, 0x00, 0x03,
    0x31, 0x00, 0x1B, 0x00, 0x00, 0x00, 0x02, 0x6E, 0x00, 0x08, 0x00, 0x00,
    0x00, 0x64, 0x65, 0x66, 0x61, 0x75, 0x6C, 0x74, 0x00, 0x10, 0x64, 0x00,
    0x7B, 0x00, 0x00, 0x00, 0x00, 0x00, 0x10, 0x6C, 0x00, 0x05, 0x00, 0x00,
    0x00, 0x10, 0x63, 0x00, 0xC5, 0x05, 0x00, 0x00, 0x10, 0x66, 0x00, 0x00,
    0x00, 0x00, 0x00, 0x00, 0x03, 0x31, 0x39, 0x00, 0xAB, 0x00, 0x00, 0x00,
    0x02, 0x6E, 0x00, 0x10, 0x00, 0x00, 0x00, 0x6D, 0x61, 0x6B, 0x65, 0x5F,
    0x63, 0x6C, 0x61, 0x73, 0x73, 0x5F, 0x73, 0x6C, 0x6F, 0x74, 0x00, 0x04,
    0x70, 0x00, 0x77, 0x00, 0x00, 0x00, 0x03, 0x30, 0x00, 0x11, 0x00, 0x00,
    0x00, 0x02, 0x6E, 0x00, 0x05, 0x00, 0x00, 0x00, 0x6E, 0x61, 0x6D, 0x65,
    0x00, 0x00, 0x03, 0x31, 0x00, 0x1B, 0x00, 0x00, 0x00, 0x02, 0x6E, 0x00,
    0x08, 0x00, 0x00, 0x00, 0x64, 0x65, 0x66, 0x61, 0x75, 0x6C, 0x74, 0x00,
    0x10, 0x64, 0x00, 0x7B, 0x00, 0x00, 0x00, 0x00, 0x03, 0x32, 0x00, 0x1D,
    0x00, 0x00, 0x00, 0x02, 0x6E, 0x00, 0x0A, 0x00, 0x00, 0x00, 0x67, 0x65,
    0x74, 0x74, 0x65, 0x72, 0x5F, 0x66, 0x6E, 0x00, 0x10, 0x64, 0x00, 0x7B,
    0x00, 0x00, 0x00, 0x00, 0x03, 0x33, 0x00, 0x1D, 0x00, 0x00, 0x00, 0x02,
    0x6E, 0x00, 0x0A, 0x00, 0x00, 0x00, 0x73, 0x65, 0x74, 0x74, 0x65, 0x72,
    0x5F, 0x66, 0x6E, 0x00, 0x10, 0x64, 0x00, 0x7B, 0x00, 0x00, 0x00, 0x00,
    0x00, 0x10, 0x6C, 0x00, 0x09, 0x00, 0x00, 0x00, 0x10, 0x63, 0x00, 0xCC,
    0x05, 0x00, 0x00, 0x10, 0x66, 0x00, 0x00, 0x00, 0x00, 0x00, 0x00, 0x03,
    0x32, 0x30, 0x00, 0x48, 0x00, 0x00, 0x00, 0x02, 0x6E, 0x00, 0x0A, 0x00,
    0x00, 0x00, 0x5F, 0x6F, 0x72, 0x5F, 0x65, 0x6D, 0x70, 0x74, 0x79, 0x00,
    0x04, 0x70, 0x00, 0x1A, 0x00, 0x00, 0x00, 0x03, 0x30, 0x00, 0x12, 0x00,
    0x00, 0x00, 0x02, 0x6E, 0x00, 0x06, 0x00, 0x00, 0x00, 0x76, 0x61, 0x6C,
    0x75, 0x65, 0x00, 0x00, 0x00, 0x10, 0x6C, 0x00, 0x02, 0x00, 0x00, 0x00,
    0x10, 0x63, 0x00, 0xD7, 0x05, 0x00, 0x00, 0x10, 0x66, 0x00, 0x00, 0x00,
    0x00, 0x00, 0x00, 0x03, 0x32, 0x31, 0x00, 0x5D, 0x00, 0x00, 0x00, 0x02,
    0x6E, 0x00, 0x0B, 0x00, 0x00, 0x00, 0x5F, 0x70, 0x61, 0x74, 0x68, 0x5F,
    0x63, 0x68, 0x61, 0x72, 0x00, 0x04, 0x70, 0x00, 0x2E, 0x00, 0x00, 0x00,
    0x03, 0x30, 0x00, 0x11, 0x00, 0x00, 0x00, 0x02, 0x6E, 0x00, 0x05, 0x00,
    0x00, 0x00, 0x74, 0x65, 0x78, 0x74, 0x00, 0x00, 0x03, 0x31, 0x00, 0x12,
    0x00, 0x00, 0x00, 0x02, 0x6E, 0x00, 0x06, 0x00, 0x00, 0x00, 0x69, 0x6E,
    0x64, 0x65, 0x78, 0x00, 0x00, 0x00, 0x10, 0x6C, 0x00, 0x03, 0x00, 0x00,
    0x00, 0x10, 0x63, 0x00, 0xE0, 0x05, 0x00, 0x00, 0x10, 0x66, 0x00, 0x00,
    0x00, 0x00, 0x00, 0x00, 0x03, 0x32, 0x32, 0x00, 0x49, 0x00, 0x00, 0x00,
    0x02, 0x6E, 0x00, 0x0C, 0x00, 0x00, 0x00, 0x5F, 0x70, 0x61, 0x74, 0x68,
    0x5F, 0x70, 0x61, 0x72, 0x74, 0x73, 0x00, 0x04, 0x70, 0x00, 0x19, 0x00,
    0x00, 0x00, 0x03, 0x30, 0x00, 0x11, 0x00, 0x00, 0x00, 0x02, 0x6E, 0x00,
    0x05, 0x00, 0x00, 0x00, 0x70, 0x61, 0x74, 0x68, 0x00, 0x00, 0x00, 0x10,
    0x6C, 0x00, 0x0C, 0x00, 0x00, 0x00, 0x10, 0x63, 0x00, 0xE6, 0x05, 0x00,
    0x00, 0x10, 0x66, 0x00, 0x00, 0x00, 0x00, 0x00, 0x00, 0x03, 0x32, 0x33,
    0x00, 0x4A, 0x00, 0x00, 0x00, 0x02, 0x6E, 0x00, 0x0C, 0x00, 0x00, 0x00,
    0x5F, 0x6A, 0x6F, 0x69, 0x6E, 0x5F, 0x70, 0x61, 0x72, 0x74, 0x73, 0x00,
    0x04, 0x70, 0x00, 0x1A, 0x00, 0x00, 0x00, 0x03, 0x30, 0x00, 0x12, 0x00,
    0x00, 0x00, 0x02, 0x6E, 0x00, 0x06, 0x00, 0x00, 0x00, 0x70, 0x61, 0x72,
    0x74, 0x73, 0x00, 0x00, 0x00, 0x10, 0x6C, 0x00, 0x05, 0x00, 0x00, 0x00,
    0x10, 0x63, 0x00, 0x5C, 0x06, 0x00, 0x00, 0x10, 0x66, 0x00, 0x00, 0x00,
    0x00, 0x00, 0x00, 0x03, 0x32, 0x34, 0x00, 0x3E, 0x00, 0x00, 0x00, 0x02,
    0x6E, 0x00, 0x06, 0x00, 0x00, 0x00, 0x69, 0x6E, 0x69, 0x74, 0x21, 0x00,
    0x04, 0x70, 0x00, 0x05, 0x00, 0x00, 0x00, 0x00, 0x10, 0x6C, 0x00, 0x02,
    0x00, 0x00, 0x00, 0x10, 0x63, 0x00, 0x6C, 0x06, 0x00, 0x00, 0x10, 0x66,
    0x00, 0x02, 0x00, 0x00, 0x00, 0x04, 0x74, 0x00, 0x0C, 0x00, 0x00, 0x00,
    0x10, 0x30, 0x00, 0x0D, 0x00, 0x00, 0x00, 0x00, 0x00, 0x03, 0x32, 0x35,
    0x00, 0x0B, 0x01, 0x00, 0x00, 0x02, 0x6E, 0x00, 0x06, 0x00, 0x00, 0x00,
    0x69, 0x6E, 0x69, 0x74, 0x21, 0x00, 0x04, 0x70, 0x00, 0xD2, 0x00, 0x00,
    0x00, 0x03, 0x30, 0x00, 0x13, 0x00, 0x00, 0x00, 0x02, 0x6E, 0x00, 0x07,
    0x00, 0x00, 0x00, 0x6D, 0x6F, 0x64, 0x75, 0x6C, 0x65, 0x00, 0x00, 0x03,
    0x31, 0x00, 0x11, 0x00, 0x00, 0x00, 0x02, 0x6E, 0x00, 0x05, 0x00, 0x00,
    0x00, 0x6E, 0x61, 0x6D, 0x65, 0x00, 0x00, 0x03, 0x32, 0x00, 0x1A, 0x00,
    0x00, 0x00, 0x02, 0x6E, 0x00, 0x07, 0x00, 0x00, 0x00, 0x70, 0x61, 0x72,
    0x61, 0x6D, 0x73, 0x00, 0x10, 0x64, 0x00, 0x7B, 0x00, 0x00, 0x00, 0x00,
    0x03, 0x33, 0x00, 0x1C, 0x00, 0x00, 0x00, 0x02, 0x6E, 0x00, 0x09, 0x00,
    0x00, 0x00, 0x63, 0x61, 0x70, 0x74, 0x75, 0x72, 0x65, 0x73, 0x00, 0x10,
    0x64, 0x00, 0x7B, 0x00, 0x00, 0x00, 0x00, 0x03, 0x34, 0x00, 0x1E, 0x00,
    0x00, 0x00, 0x02, 0x6E, 0x00, 0x0B, 0x00, 0x00, 0x00, 0x74, 0x68, 0x69,
    0x73, 0x5F, 0x63, 0x6F, 0x75, 0x6E, 0x74, 0x00, 0x10, 0x64, 0x00, 0x59,
    0x00, 0x00, 0x00, 0x00, 0x03, 0x35, 0x00, 0x22, 0x00, 0x00, 0x00, 0x02,
    0x6E, 0x00, 0x0F, 0x00, 0x00, 0x00, 0x69, 0x73, 0x5F, 0x6D, 0x6F, 0x64,
    0x75, 0x6C, 0x65, 0x5F, 0x69, 0x6E, 0x69, 0x74, 0x00, 0x10, 0x64, 0x00,
    0x96, 0x00, 0x00, 0x00, 0x00, 0x03, 0x36, 0x00, 0x1E, 0x00, 0x00, 0x00,
    0x02, 0x6E, 0x00, 0x0B, 0x00, 0x00, 0x00, 0x74, 0x68, 0x69, 0x73, 0x5F,
    0x63, 0x6C, 0x61, 0x73, 0x73, 0x00, 0x10, 0x64, 0x00, 0x7B, 0x00, 0x00,
    0x00, 0x00, 0x00, 0x10, 0x6C, 0x00, 0x0D, 0x00, 0x00, 0x00, 0x10, 0x63,
    0x00, 0x75, 0x06, 0x00, 0x00, 0x10, 0x66, 0x00, 0x02, 0x00, 0x00, 0x00,
    0x04, 0x74, 0x00, 0x0C, 0x00, 0x00, 0x00, 0x10, 0x30, 0x00, 0x0E, 0x00,
    0x00, 0x00, 0x00, 0x00, 0x03, 0x32, 0x36, 0x00, 0x55, 0x00, 0x00, 0x00,
    0x02, 0x6E, 0x00, 0x09, 0x00, 0x00, 0x00, 0x64, 0x65, 0x63, 0x6C, 0x61,
    0x72, 0x65, 0x21, 0x00, 0x04, 0x70, 0x00, 0x19, 0x00, 0x00, 0x00, 0x03,
    0x30, 0x00, 0x11, 0x00, 0x00, 0x00, 0x02, 0x6E, 0x00, 0x05, 0x00, 0x00,
    0x00, 0x6E, 0x61, 0x6D, 0x65, 0x00, 0x00, 0x00, 0x10, 0x6C, 0x00, 0x02,
    0x00, 0x00, 0x00, 0x10, 0x63, 0x00, 0x1E, 0x07, 0x00, 0x00, 0x10, 0x66,
    0x00, 0x02, 0x00, 0x00, 0x00, 0x04, 0x74, 0x00, 0x0C, 0x00, 0x00, 0x00,
    0x10, 0x30, 0x00, 0x0E, 0x00, 0x00, 0x00, 0x00, 0x00, 0x03, 0x32, 0x37,
    0x00, 0x5B, 0x00, 0x00, 0x00, 0x02, 0x6E, 0x00, 0x0F, 0x00, 0x00, 0x00,
    0x64, 0x65, 0x63, 0x6C, 0x61, 0x72, 0x65, 0x5F, 0x62, 0x6C, 0x6F, 0x63,
    0x6B, 0x21, 0x00, 0x04, 0x70, 0x00, 0x19, 0x00, 0x00, 0x00, 0x03, 0x30,
    0x00, 0x11, 0x00, 0x00, 0x00, 0x02, 0x6E, 0x00, 0x05, 0x00, 0x00, 0x00,
    0x6E, 0x61, 0x6D, 0x65, 0x00, 0x00, 0x00, 0x10, 0x6C, 0x00, 0x05, 0x00,
    0x00, 0x00, 0x10, 0x63, 0x00, 0x2C, 0x07, 0x00, 0x00, 0x10, 0x66, 0x00,
    0x02, 0x00, 0x00, 0x00, 0x04, 0x74, 0x00, 0x0C, 0x00, 0x00, 0x00, 0x10,
    0x30, 0x00, 0x0E, 0x00, 0x00, 0x00, 0x00, 0x00, 0x03, 0x32, 0x38, 0x00,
    0x5B, 0x00, 0x00, 0x00, 0x02, 0x6E, 0x00, 0x0F, 0x00, 0x00, 0x00, 0x66,
    0x72, 0x61, 0x6D, 0x65, 0x5F, 0x73, 0x74, 0x6F, 0x72, 0x61, 0x67, 0x65,
    0x21, 0x00, 0x04, 0x70, 0x00, 0x19, 0x00, 0x00, 0x00, 0x03, 0x30, 0x00,
    0x11, 0x00, 0x00, 0x00, 0x02, 0x6E, 0x00, 0x05, 0x00, 0x00, 0x00, 0x6E,
    0x61, 0x6D, 0x65, 0x00, 0x00, 0x00, 0x10, 0x6C, 0x00, 0x05, 0x00, 0x00,
    0x00, 0x10, 0x63, 0x00, 0x51, 0x07, 0x00, 0x00, 0x10, 0x66, 0x00, 0x02,
    0x00, 0x00, 0x00, 0x04, 0x74, 0x00, 0x0C, 0x00, 0x00, 0x00, 0x10, 0x30,
    0x00, 0x0E, 0x00, 0x00, 0x00, 0x00, 0x00, 0x03, 0x32, 0x39, 0x00, 0x81,
    0x00, 0x00, 0x00, 0x02, 0x6E, 0x00, 0x17, 0x00, 0x00, 0x00, 0x61, 0x6C,
    0x6C, 0x6F, 0x63, 0x61, 0x74, 0x65, 0x5F, 0x62, 0x6C, 0x6F, 0x63, 0x6B,
    0x5F, 0x73, 0x63, 0x6F, 0x70, 0x65, 0x73, 0x21, 0x00, 0x04, 0x70, 0x00,
    0x37, 0x00, 0x00, 0x00, 0x03, 0x30, 0x00, 0x11, 0x00, 0x00, 0x00, 0x02,
    0x6E, 0x00, 0x05, 0x00, 0x00, 0x00, 0x62, 0x6F, 0x64, 0x79, 0x00, 0x00,
    0x03, 0x31, 0x00, 0x1B, 0x00, 0x00, 0x00, 0x02, 0x6E, 0x00, 0x08, 0x00,
    0x00, 0x00, 0x76, 0x69, 0x73, 0x69, 0x62, 0x6C, 0x65, 0x00, 0x10, 0x64,
    0x00, 0x7B, 0x00, 0x00, 0x00, 0x00, 0x00, 0x10, 0x6C, 0x00, 0x15, 0x00,
    0x00, 0x00, 0x10, 0x63, 0x00, 0x80, 0x07, 0x00, 0x00, 0x10, 0x66, 0x00,
    0x02, 0x00, 0x00, 0x00, 0x04, 0x74, 0x00, 0x0C, 0x00, 0x00, 0x00, 0x10,
    0x30, 0x00, 0x0E, 0x00, 0x00, 0x00, 0x00, 0x00, 0x03, 0x33, 0x30, 0x00,
    0x59, 0x00, 0x00, 0x00, 0x02, 0x6E, 0x00, 0x0C, 0x00, 0x00, 0x00, 0x70,
    0x75, 0x73, 0x68, 0x5F, 0x62, 0x6C, 0x6F, 0x63, 0x6B, 0x21, 0x00, 0x04,
    0x70, 0x00, 0x1A, 0x00, 0x00, 0x00, 0x03, 0x30, 0x00, 0x12, 0x00, 0x00,
    0x00, 0x02, 0x6E, 0x00, 0x06, 0x00, 0x00, 0x00, 0x6F, 0x77, 0x6E, 0x65,
    0x72, 0x00, 0x00, 0x00, 0x10, 0x6C, 0x00, 0x07, 0x00, 0x00, 0x00, 0x10,
    0x63, 0x00, 0xE4, 0x07, 0x00, 0x00, 0x10, 0x66, 0x00, 0x02, 0x00, 0x00,
    0x00, 0x04, 0x74, 0x00, 0x0C, 0x00, 0x00, 0x00, 0x10, 0x30, 0x00, 0x0E,
    0x00, 0x00, 0x00, 0x00, 0x00, 0x03, 0x33, 0x31, 0x00, 0x43, 0x00, 0x00,
    0x00, 0x02, 0x6E, 0x00, 0x0B, 0x00, 0x00, 0x00, 0x70, 0x6F, 0x70, 0x5F,
    0x62, 0x6C, 0x6F, 0x63, 0x6B, 0x21, 0x00, 0x04, 0x70, 0x00, 0x05, 0x00,
    0x00, 0x00, 0x00, 0x10, 0x6C, 0x00, 0x04, 0x00, 0x00, 0x00, 0x10, 0x63,
    0x00, 0x24, 0x08, 0x00, 0x00, 0x10, 0x66, 0x00, 0x02, 0x00, 0x00, 0x00,
    0x04, 0x74, 0x00, 0x0C, 0x00, 0x00, 0x00, 0x10, 0x30, 0x00, 0x0E, 0x00,
    0x00, 0x00, 0x00, 0x00, 0x03, 0x33, 0x32, 0x00, 0x5B, 0x00, 0x00, 0x00,
    0x02, 0x6E, 0x00, 0x0F, 0x00, 0x00, 0x00, 0x62, 0x6C, 0x6F, 0x63, 0x6B,
    0x5F, 0x62, 0x69, 0x6E, 0x64, 0x69, 0x6E, 0x67, 0x21, 0x00, 0x04, 0x70,
    0x00, 0x19, 0x00, 0x00, 0x00, 0x03, 0x30, 0x00, 0x11, 0x00, 0x00, 0x00,
    0x02, 0x6E, 0x00, 0x05, 0x00, 0x00, 0x00, 0x6E, 0x61, 0x6D, 0x65, 0x00,
    0x00, 0x00, 0x10, 0x6C, 0x00, 0x06, 0x00, 0x00, 0x00, 0x10, 0x63, 0x00,
    0x33, 0x08, 0x00, 0x00, 0x10, 0x66, 0x00, 0x02, 0x00, 0x00, 0x00, 0x04,
    0x74, 0x00, 0x0C, 0x00, 0x00, 0x00, 0x10, 0x30, 0x00, 0x0E, 0x00, 0x00,
    0x00, 0x00, 0x00, 0x03, 0x33, 0x33, 0x00, 0x55, 0x00, 0x00, 0x00, 0x02,
    0x6E, 0x00, 0x09, 0x00, 0x00, 0x00, 0x73, 0x74, 0x6F, 0x72, 0x61, 0x67,
    0x65, 0x21, 0x00, 0x04, 0x70, 0x00, 0x19, 0x00, 0x00, 0x00, 0x03, 0x30,
    0x00, 0x11, 0x00, 0x00, 0x00, 0x02, 0x6E, 0x00, 0x05, 0x00, 0x00, 0x00,
    0x6E, 0x61, 0x6D, 0x65, 0x00, 0x00, 0x00, 0x10, 0x6C, 0x00, 0x09, 0x00,
    0x00, 0x00, 0x10, 0x63, 0x00, 0x5A, 0x08, 0x00, 0x00, 0x10, 0x66, 0x00,
    0x02, 0x00, 0x00, 0x00, 0x04, 0x74, 0x00, 0x0C, 0x00, 0x00, 0x00, 0x10,
    0x30, 0x00, 0x0E, 0x00, 0x00, 0x00, 0x00, 0x00, 0x03, 0x33, 0x34, 0x00,
    0x5B, 0x00, 0x00, 0x00, 0x02, 0x6E, 0x00, 0x0F, 0x00, 0x00, 0x00, 0x64,
    0x65, 0x63, 0x6C, 0x61, 0x72, 0x65, 0x5F, 0x6C, 0x6F, 0x63, 0x61, 0x6C,
    0x21, 0x00, 0x04, 0x70, 0x00, 0x19, 0x00, 0x00, 0x00, 0x03, 0x30, 0x00,
    0x11, 0x00, 0x00, 0x00, 0x02, 0x6E, 0x00, 0x05, 0x00, 0x00, 0x00, 0x6E,
    0x61, 0x6D, 0x65, 0x00, 0x00, 0x00, 0x10, 0x6C, 0x00, 0x03, 0x00, 0x00,
    0x00, 0x10, 0x63, 0x00, 0xE8, 0x08, 0x00, 0x00, 0x10, 0x66, 0x00, 0x02,
    0x00, 0x00, 0x00, 0x04, 0x74, 0x00, 0x0C, 0x00, 0x00, 0x00, 0x10, 0x30,
    0x00, 0x0E, 0x00, 0x00, 0x00, 0x00, 0x00, 0x03, 0x33, 0x35, 0x00, 0x5B,
    0x00, 0x00, 0x00, 0x02, 0x6E, 0x00, 0x0F, 0x00, 0x00, 0x00, 0x72, 0x65,
    0x73, 0x65, 0x72, 0x76, 0x65, 0x5F, 0x6C, 0x6F, 0x63, 0x61, 0x6C, 0x21,
    0x00, 0x04, 0x70, 0x00, 0x19, 0x00, 0x00, 0x00, 0x03, 0x30, 0x00, 0x11,
    0x00, 0x00, 0x00, 0x02, 0x6E, 0x00, 0x05, 0x00, 0x00, 0x00, 0x6E, 0x61,
    0x6D, 0x65, 0x00, 0x00, 0x00, 0x10, 0x6C, 0x00, 0x08, 0x00, 0x00, 0x00,
    0x10, 0x63, 0x00, 0xF8, 0x08, 0x00, 0x00, 0x10, 0x66, 0x00, 0x02, 0x00,
    0x00, 0x00, 0x04, 0x74, 0x00, 0x0C, 0x00, 0x00, 0x00, 0x10, 0x30, 0x00,
    0x0E, 0x00, 0x00, 0x00, 0x00, 0x00, 0x03, 0x33, 0x36, 0x00, 0x3E, 0x00,
    0x00, 0x00, 0x02, 0x6E, 0x00, 0x06, 0x00, 0x00, 0x00, 0x6D, 0x61, 0x72,
    0x6B, 0x21, 0x00, 0x04, 0x70, 0x00, 0x05, 0x00, 0x00, 0x00, 0x00, 0x10,
    0x6C, 0x00, 0x01, 0x00, 0x00, 0x00, 0x10, 0x63, 0x00, 0x25, 0x09, 0x00,
    0x00, 0x10, 0x66, 0x00, 0x02, 0x00, 0x00, 0x00, 0x04, 0x74, 0x00, 0x0C,
    0x00, 0x00, 0x00, 0x10, 0x30, 0x00, 0x0E, 0x00, 0x00, 0x00, 0x00, 0x00,
    0x03, 0x33, 0x37, 0x00, 0x3E, 0x00, 0x00, 0x00, 0x02, 0x6E, 0x00, 0x06,
    0x00, 0x00, 0x00, 0x70, 0x75, 0x73, 0x68, 0x21, 0x00, 0x04, 0x70, 0x00,
    0x05, 0x00, 0x00, 0x00, 0x00, 0x10, 0x6C, 0x00, 0x05, 0x00, 0x00, 0x00,
    0x10, 0x63, 0x00, 0x28, 0x09, 0x00, 0x00, 0x10, 0x66, 0x00, 0x02, 0x00,
    0x00, 0x00, 0x04, 0x74, 0x00, 0x0C, 0x00, 0x00, 0x00, 0x10, 0x30, 0x00,
    0x0E, 0x00, 0x00, 0x00, 0x00, 0x00, 0x03, 0x33, 0x38, 0x00, 0x55, 0x00,
    0x00, 0x00, 0x02, 0x6E, 0x00, 0x09, 0x00, 0x00, 0x00, 0x66, 0x72, 0x65,
    0x65, 0x5F, 0x74, 0x6F, 0x21, 0x00, 0x04, 0x70, 0x00, 0x19, 0x00, 0x00,
    0x00, 0x03, 0x30, 0x00, 0x11, 0x00, 0x00, 0x00, 0x02, 0x6E, 0x00, 0x05,
    0x00, 0x00, 0x00, 0x6D, 0x61, 0x72, 0x6B, 0x00, 0x00, 0x00, 0x10, 0x6C,
    0x00, 0x04, 0x00, 0x00, 0x00, 0x10, 0x63, 0x00, 0x3F, 0x09, 0x00, 0x00,
    0x10, 0x66, 0x00, 0x02, 0x00, 0x00, 0x00, 0x04, 0x74, 0x00, 0x0C, 0x00,
    0x00, 0x00, 0x10, 0x30, 0x00, 0x0E, 0x00, 0x00, 0x00, 0x00, 0x00, 0x03,
    0x33, 0x39, 0x00, 0x45, 0x00, 0x00, 0x00, 0x02, 0x6E, 0x00, 0x0D, 0x00,
    0x00, 0x00, 0x5F, 0x72, 0x61, 0x69, 0x73, 0x65, 0x5F, 0x68, 0x69, 0x67,
    0x68, 0x21, 0x00, 0x04, 0x70, 0x00, 0x05, 0x00, 0x00, 0x00, 0x00, 0x10,
    0x6C, 0x00, 0x0C, 0x00, 0x00, 0x00, 0x10, 0x63, 0x00, 0x53, 0x09, 0x00,
    0x00, 0x10, 0x66, 0x00, 0x02, 0x00, 0x00, 0x00, 0x04, 0x74, 0x00, 0x0C,
    0x00, 0x00, 0x00, 0x10, 0x30, 0x00, 0x0E, 0x00, 0x00, 0x00, 0x00, 0x00,
    0x03, 0x34, 0x30, 0x00, 0x46, 0x00, 0x00, 0x00, 0x02, 0x6E, 0x00, 0x0E,
    0x00, 0x00, 0x00, 0x72, 0x65, 0x73, 0x65, 0x72, 0x76, 0x65, 0x5F, 0x7A,
    0x65, 0x72, 0x6F, 0x21, 0x00, 0x04, 0x70, 0x00, 0x05, 0x00, 0x00, 0x00,
    0x00, 0x10, 0x6C, 0x00, 0x04, 0x00, 0x00, 0x00, 0x10, 0x63, 0x00, 0x83,
    0x09, 0x00, 0x00, 0x10, 0x66, 0x00, 0x02, 0x00, 0x00, 0x00, 0x04, 0x74,
    0x00, 0x0C, 0x00, 0x00, 0x00, 0x10, 0x30, 0x00, 0x0E, 0x00, 0x00, 0x00,
    0x00, 0x00, 0x03, 0x34, 0x31, 0x00, 0x3E, 0x00, 0x00, 0x00, 0x02, 0x6E,
    0x00, 0x06, 0x00, 0x00, 0x00, 0x7A, 0x65, 0x72, 0x6F, 0x21, 0x00, 0x04,
    0x70, 0x00, 0x05, 0x00, 0x00, 0x00, 0x00, 0x10, 0x6C, 0x00, 0x06, 0x00,
    0x00, 0x00, 0x10, 0x63, 0x00, 0x9D, 0x09, 0x00, 0x00, 0x10, 0x66, 0x00,
    0x02, 0x00, 0x00, 0x00, 0x04, 0x74, 0x00, 0x0C, 0x00, 0x00, 0x00, 0x10,
    0x30, 0x00, 0x0E, 0x00, 0x00, 0x00, 0x00, 0x00, 0x03, 0x34, 0x32, 0x00,
    0x54, 0x00, 0x00, 0x00, 0x02, 0x6E, 0x00, 0x08, 0x00, 0x00, 0x00, 0x6C,
    0x6F, 0x6F, 0x6B, 0x75, 0x70, 0x21, 0x00, 0x04, 0x70, 0x00, 0x19, 0x00,
    0x00, 0x00, 0x03, 0x30, 0x00, 0x11, 0x00, 0x00, 0x00, 0x02, 0x6E, 0x00,
    0x05, 0x00, 0x00, 0x00, 0x6E, 0x61, 0x6D, 0x65, 0x00, 0x00, 0x00, 0x10,
    0x6C, 0x00, 0x07, 0x00, 0x00, 0x00, 0x10, 0x63, 0x00, 0xB3, 0x09, 0x00,
    0x00, 0x10, 0x66, 0x00, 0x02, 0x00, 0x00, 0x00, 0x04, 0x74, 0x00, 0x0C,
    0x00, 0x00, 0x00, 0x10, 0x30, 0x00, 0x0E, 0x00, 0x00, 0x00, 0x00, 0x00,
    0x03, 0x34, 0x33, 0x00, 0x3E, 0x00, 0x00, 0x00, 0x02, 0x6E, 0x00, 0x06,
    0x00, 0x00, 0x00, 0x68, 0x65, 0x72, 0x65, 0x21, 0x00, 0x04, 0x70, 0x00,
    0x05, 0x00, 0x00, 0x00, 0x00, 0x10, 0x6C, 0x00, 0x02, 0x00, 0x00, 0x00,
    0x10, 0x63, 0x00, 0xED, 0x09, 0x00, 0x00, 0x10, 0x66, 0x00, 0x02, 0x00,
    0x00, 0x00, 0x04, 0x74, 0x00, 0x0C, 0x00, 0x00, 0x00, 0x10, 0x30, 0x00,
    0x0E, 0x00, 0x00, 0x00, 0x00, 0x00, 0x03, 0x34, 0x34, 0x00, 0x59, 0x00,
    0x00, 0x00, 0x02, 0x6E, 0x00, 0x0C, 0x00, 0x00, 0x00, 0x65, 0x6D, 0x69,
    0x74, 0x5F, 0x77, 0x6F, 0x72, 0x64, 0x73, 0x21, 0x00, 0x04, 0x70, 0x00,
    0x1A, 0x00, 0x00, 0x00, 0x03, 0x30, 0x00, 0x12, 0x00, 0x00, 0x00, 0x02,
    0x6E, 0x00, 0x06, 0x00, 0x00, 0x00, 0x77, 0x6F, 0x72, 0x64, 0x73, 0x00,
    0x00, 0x00, 0x10, 0x6C, 0x00, 0x06, 0x00, 0x00, 0x00, 0x10, 0x63, 0x00,
    0xF3, 0x09, 0x00, 0x00, 0x10, 0x66, 0x00, 0x02, 0x00, 0x00, 0x00, 0x04,
    0x74, 0x00, 0x0C, 0x00, 0x00, 0x00, 0x10, 0x30, 0x00, 0x0E, 0x00, 0x00,
    0x00, 0x00, 0x00, 0x03, 0x34, 0x35, 0x00, 0x74, 0x00, 0x00, 0x00, 0x02,
    0x6E, 0x00, 0x0D, 0x00, 0x00, 0x00, 0x65, 0x6D, 0x69, 0x74, 0x5F, 0x72,
    0x65, 0x74, 0x75, 0x72, 0x6E, 0x21, 0x00, 0x04, 0x70, 0x00, 0x34, 0x00,
    0x00, 0x00, 0x03, 0x30, 0x00, 0x10, 0x00, 0x00, 0x00, 0x02, 0x6E, 0x00,
    0x04, 0x00, 0x00, 0x00, 0x72, 0x65, 0x67, 0x00, 0x00, 0x03, 0x31, 0x00,
    0x19, 0x00, 0x00, 0x00, 0x02, 0x6E, 0x00, 0x06, 0x00, 0x00, 0x00, 0x63,
    0x6F, 0x75, 0x6E, 0x74, 0x00, 0x10, 0x64, 0x00, 0x7C, 0x00, 0x00, 0x00,
    0x00, 0x00, 0x10, 0x6C, 0x00, 0x0C, 0x00, 0x00, 0x00, 0x10, 0x63, 0x00,
    0x1C, 0x0A, 0x00, 0x00, 0x10, 0x66, 0x00, 0x02, 0x00, 0x00, 0x00, 0x04,
    0x74, 0x00, 0x0C, 0x00, 0x00, 0x00, 0x10, 0x30, 0x00, 0x0E, 0x00, 0x00,
    0x00, 0x00, 0x00, 0x03, 0x34, 0x36, 0x00, 0x57, 0x00, 0x00, 0x00, 0x02,
    0x6E, 0x00, 0x0B, 0x00, 0x00, 0x00, 0x72, 0x65, 0x66, 0x65, 0x72, 0x65,
    0x6E, 0x63, 0x65, 0x21, 0x00, 0x04, 0x70, 0x00, 0x19, 0x00, 0x00, 0x00,
    0x03, 0x30, 0x00, 0x11, 0x00, 0x00, 0x00, 0x02, 0x6E, 0x00, 0x05, 0x00,
    0x00, 0x00, 0x70, 0x61, 0x74, 0x68, 0x00, 0x00, 0x00, 0x10, 0x6C, 0x00,
    0x04, 0x00, 0x00, 0x00, 0x10, 0x63, 0x00, 0x5B, 0x0A, 0x00, 0x00, 0x10,
    0x66, 0x00, 0x02, 0x00, 0x00, 0x00, 0x04, 0x74, 0x00, 0x0C, 0x00, 0x00,
    0x00, 0x10, 0x30, 0x00, 0x0E, 0x00, 0x00, 0x00, 0x00, 0x00, 0x03, 0x34,
    0x37, 0x00, 0x43, 0x00, 0x00, 0x00, 0x02, 0x6E, 0x00, 0x0B, 0x00, 0x00,
    0x00, 0x6E, 0x65, 0x77, 0x5F, 0x6C, 0x61, 0x62, 0x65, 0x6C, 0x21, 0x00,
    0x04, 0x70, 0x00, 0x05, 0x00, 0x00, 0x00, 0x00, 0x10, 0x6C, 0x00, 0x03,
    0x00, 0x00, 0x00, 0x10, 0x63, 0x00, 0x74, 0x0A, 0x00, 0x00, 0x10, 0x66,
    0x00, 0x02, 0x00, 0x00, 0x00, 0x04, 0x74, 0x00, 0x0C, 0x00, 0x00, 0x00,
    0x10, 0x30, 0x00, 0x0E, 0x00, 0x00, 0x00, 0x00, 0x00, 0x03, 0x34, 0x38,
    0x00, 0x59, 0x00, 0x00, 0x00, 0x02, 0x6E, 0x00, 0x0C, 0x00, 0x00, 0x00,
    0x6D, 0x61, 0x72, 0x6B, 0x5F, 0x6C, 0x61, 0x62, 0x65, 0x6C, 0x21, 0x00,
    0x04, 0x70, 0x00, 0x1A, 0x00, 0x00, 0x00, 0x03, 0x30, 0x00, 0x12, 0x00,
    0x00, 0x00, 0x02, 0x6E, 0x00, 0x06, 0x00, 0x00, 0x00, 0x6C, 0x61, 0x62,
    0x65, 0x6C, 0x00, 0x00, 0x00, 0x10, 0x6C, 0x00, 0x04, 0x00, 0x00, 0x00,
    0x10, 0x63, 0x00, 0x7E, 0x0A, 0x00, 0x00, 0x10, 0x66, 0x00, 0x02, 0x00,
    0x00, 0x00, 0x04, 0x74, 0x00, 0x0C, 0x00, 0x00, 0x00, 0x10, 0x30, 0x00,
    0x0E, 0x00, 0x00, 0x00, 0x00, 0x00, 0x03, 0x34, 0x39, 0x00, 0x46, 0x00,
    0x00, 0x00, 0x02, 0x6E, 0x00, 0x0E, 0x00, 0x00, 0x00, 0x70, 0x61, 0x74,
    0x63, 0x68, 0x5F, 0x6C, 0x61, 0x62, 0x65, 0x6C, 0x73, 0x21, 0x00, 0x04,
    0x70, 0x00, 0x05, 0x00, 0x00, 0x00, 0x00, 0x10, 0x6C, 0x00, 0x14, 0x00,
    0x00, 0x00, 0x10, 0x63, 0x00, 0x99, 0x0A, 0x00, 0x00, 0x10, 0x66, 0x00,
    0x02, 0x00, 0x00, 0x00, 0x04, 0x74, 0x00, 0x0C, 0x00, 0x00, 0x00, 0x10,
    0x30, 0x00, 0x0E, 0x00, 0x00, 0x00, 0x00, 0x00, 0x03, 0x35, 0x30, 0x00,
    0x85, 0x00, 0x00, 0x00, 0x02, 0x6E, 0x00, 0x0B, 0x00, 0x00, 0x00, 0x65,
    0x6D, 0x69, 0x74, 0x5F, 0x6A, 0x75, 0x6D, 0x70, 0x21, 0x00, 0x04, 0x70,
    0x00, 0x47, 0x00, 0x00, 0x00, 0x03, 0x30, 0x00, 0x0F, 0x00, 0x00, 0x00,
    0x02, 0x6E, 0x00, 0x03, 0x00, 0x00, 0x00, 0x6F, 0x70, 0x00, 0x00, 0x03,
    0x31, 0x00, 0x12, 0x00, 0x00, 0x00, 0x02, 0x6E, 0x00, 0x06, 0x00, 0x00,
    0x00, 0x6C, 0x61, 0x62, 0x65, 0x6C, 0x00, 0x00, 0x03, 0x32, 0x00, 0x18,
    0x00, 0x00, 0x00, 0x02, 0x6E, 0x00, 0x05, 0x00, 0x00, 0x00, 0x63, 0x6F,
    0x6E, 0x64, 0x00, 0x10, 0x64, 0x00, 0x7B, 0x00, 0x00, 0x00, 0x00, 0x00,
    0x10, 0x6C, 0x00, 0x08, 0x00, 0x00, 0x00, 0x10, 0x63, 0x00, 0x19, 0x0B,
    0x00, 0x00, 0x10, 0x66, 0x00, 0x02, 0x00, 0x00, 0x00, 0x04, 0x74, 0x00,
    0x0C, 0x00, 0x00, 0x00, 0x10, 0x30, 0x00, 0x0E, 0x00, 0x00, 0x00, 0x00,
    0x00, 0x03, 0x35, 0x31, 0x00, 0x9C, 0x00, 0x00, 0x00, 0x02, 0x6E, 0x00,
    0x0C, 0x00, 0x00, 0x00, 0x70, 0x61, 0x74, 0x63, 0x68, 0x5F, 0x73, 0x69,
    0x74, 0x65, 0x21, 0x00, 0x04, 0x70, 0x00, 0x5D, 0x00, 0x00, 0x00, 0x03,
    0x30, 0x00, 0x12, 0x00, 0x00, 0x00, 0x02, 0x6E, 0x00, 0x06, 0x00, 0x00,
    0x00, 0x6C, 0x61, 0x62, 0x65, 0x6C, 0x00, 0x00, 0x03, 0x31, 0x00, 0x12,
    0x00, 0x00, 0x00, 0x02, 0x6E, 0x00, 0x06, 0x00, 0x00, 0x00, 0x61, 0x66,
    0x74, 0x65, 0x72, 0x00, 0x00, 0x03, 0x32, 0x00, 0x17, 0x00, 0x00, 0x00,
    0x02, 0x6E, 0x00, 0x0B, 0x00, 0x00, 0x00, 0x77, 0x6F, 0x72, 0x64, 0x5F,
    0x69, 0x6E, 0x64, 0x65, 0x78, 0x00, 0x00, 0x03, 0x33, 0x00, 0x11, 0x00,
    0x00, 0x00, 0x02, 0x6E, 0x00, 0x05, 0x00, 0x00, 0x00, 0x68, 0x61, 0x6C,
    0x66, 0x00, 0x00, 0x00, 0x10, 0x6C, 0x00, 0x05, 0x00, 0x00, 0x00, 0x10,
    0x63, 0x00, 0x40, 0x0B, 0x00, 0x00, 0x10, 0x66, 0x00, 0x02, 0x00, 0x00,
    0x00, 0x04, 0x74, 0x00, 0x0C, 0x00, 0x00, 0x00, 0x10, 0x30, 0x00, 0x0E,
    0x00, 0x00, 0x00, 0x00, 0x00, 0x03, 0x35, 0x32, 0x00, 0x7B, 0x00, 0x00,
    0x00, 0x02, 0x6E, 0x00, 0x06, 0x00, 0x00, 0x00, 0x69, 0x6E, 0x69, 0x74,
    0x21, 0x00, 0x04, 0x70, 0x00, 0x42, 0x00, 0x00, 0x00, 0x03, 0x30, 0x00,
    0x18, 0x00, 0x00, 0x00, 0x02, 0x6E, 0x00, 0x0C, 0x00, 0x00, 0x00, 0x6D,
    0x6F, 0x64, 0x75, 0x6C, 0x65, 0x5F, 0x6E, 0x61, 0x6D, 0x65, 0x00, 0x00,
    0x03, 0x31, 0x00, 0x1F, 0x00, 0x00, 0x00, 0x02, 0x6E, 0x00, 0x0C, 0x00,
    0x00, 0x00, 0x73, 0x6F, 0x75, 0x72, 0x63, 0x65, 0x5F, 0x66, 0x69, 0x6C,
    0x65, 0x00, 0x10, 0x64, 0x00, 0x7B, 0x00, 0x00, 0x00, 0x00, 0x00, 0x10,
    0x6C, 0x00, 0x0A, 0x00, 0x00, 0x00, 0x10, 0x63, 0x00, 0x4C, 0x0B, 0x00,
    0x00, 0x10, 0x66, 0x00, 0x02, 0x00, 0x00, 0x00, 0x04, 0x74, 0x00, 0x0C,
    0x00, 0x00, 0x00, 0x10, 0x30, 0x00, 0x0F, 0x00, 0x00, 0x00, 0x00, 0x00,
    0x03, 0x35, 0x33, 0x00, 0x5C, 0x00, 0x00, 0x00, 0x02, 0x6E, 0x00, 0x10,
    0x00, 0x00, 0x00, 0x64, 0x65, 0x63, 0x6C, 0x61, 0x72, 0x65, 0x5F, 0x67,
    0x6C, 0x6F, 0x62, 0x61, 0x6C, 0x21, 0x00, 0x04, 0x70, 0x00, 0x19, 0x00,
    0x00, 0x00, 0x03, 0x30, 0x00, 0x11, 0x00, 0x00, 0x00, 0x02, 0x6E, 0x00,
    0x05, 0x00, 0x00, 0x00, 0x6E, 0x61, 0x6D, 0x65, 0x00, 0x00, 0x00, 0x10,
    0x6C, 0x00, 0x04, 0x00, 0x00, 0x00, 0x10, 0x63, 0x00, 0x99, 0x0B, 0x00,
    0x00, 0x10, 0x66, 0x00, 0x02, 0x00, 0x00, 0x00, 0x04, 0x74, 0x00, 0x0C,
    0x00, 0x00, 0x00, 0x10, 0x30, 0x00, 0x0F, 0x00, 0x00, 0x00, 0x00, 0x00,
    0x03, 0x35, 0x34, 0x00, 0x63, 0x00, 0x00, 0x00, 0x02, 0x6E, 0x00, 0x17,
    0x00, 0x00, 0x00, 0x64, 0x65, 0x63, 0x6C, 0x61, 0x72, 0x65, 0x5F, 0x73,
    0x68, 0x61, 0x64, 0x6F, 0x77, 0x5F, 0x67, 0x6C, 0x6F, 0x62, 0x61, 0x6C,
    0x21, 0x00, 0x04, 0x70, 0x00, 0x19, 0x00, 0x00, 0x00, 0x03, 0x30, 0x00,
    0x11, 0x00, 0x00, 0x00, 0x02, 0x6E, 0x00, 0x05, 0x00, 0x00, 0x00, 0x6E,
    0x61, 0x6D, 0x65, 0x00, 0x00, 0x00, 0x10, 0x6C, 0x00, 0x03, 0x00, 0x00,
    0x00, 0x10, 0x63, 0x00, 0xB9, 0x0B, 0x00, 0x00, 0x10, 0x66, 0x00, 0x02,
    0x00, 0x00, 0x00, 0x04, 0x74, 0x00, 0x0C, 0x00, 0x00, 0x00, 0x10, 0x30,
    0x00, 0x0F, 0x00, 0x00, 0x00, 0x00, 0x00, 0x03, 0x35, 0x35, 0x00, 0x61,
    0x00, 0x00, 0x00, 0x02, 0x6E, 0x00, 0x15, 0x00, 0x00, 0x00, 0x64, 0x65,
    0x63, 0x6C, 0x61, 0x72, 0x65, 0x5F, 0x66, 0x72, 0x65, 0x65, 0x5F, 0x67,
    0x6C, 0x6F, 0x62, 0x61, 0x6C, 0x21, 0x00, 0x04, 0x70, 0x00, 0x19, 0x00,
    0x00, 0x00, 0x03, 0x30, 0x00, 0x11, 0x00, 0x00, 0x00, 0x02, 0x6E, 0x00,
    0x05, 0x00, 0x00, 0x00, 0x6E, 0x61, 0x6D, 0x65, 0x00, 0x00, 0x00, 0x10,
    0x6C, 0x00, 0x03, 0x00, 0x00, 0x00, 0x10, 0x63, 0x00, 0xC2, 0x0B, 0x00,
    0x00, 0x10, 0x66, 0x00, 0x02, 0x00, 0x00, 0x00, 0x04, 0x74, 0x00, 0x0C,
    0x00, 0x00, 0x00, 0x10, 0x30, 0x00, 0x0F, 0x00, 0x00, 0x00, 0x00, 0x00,
    0x03, 0x35, 0x36, 0x00, 0x57, 0x00, 0x00, 0x00, 0x02, 0x6E, 0x00, 0x0B,
    0x00, 0x00, 0x00, 0x6E, 0x61, 0x6D, 0x65, 0x5F, 0x73, 0x6C, 0x6F, 0x74,
    0x21, 0x00, 0x04, 0x70, 0x00, 0x19, 0x00, 0x00, 0x00, 0x03, 0x30, 0x00,
    0x11, 0x00, 0x00, 0x00, 0x02, 0x6E, 0x00, 0x05, 0x00, 0x00, 0x00, 0x6E,
    0x61, 0x6D, 0x65, 0x00, 0x00, 0x00, 0x10, 0x6C, 0x00, 0x04, 0x00, 0x00,
    0x00, 0x10, 0x63, 0x00, 0xCB, 0x0B, 0x00, 0x00, 0x10, 0x66, 0x00, 0x02,
    0x00, 0x00, 0x00, 0x04, 0x74, 0x00, 0x0C, 0x00, 0x00, 0x00, 0x10, 0x30,
    0x00, 0x0F, 0x00, 0x00, 0x00, 0x00, 0x00, 0x03, 0x35, 0x37, 0x00, 0x5A,
    0x00, 0x00, 0x00, 0x02, 0x6E, 0x00, 0x0E, 0x00, 0x00, 0x00, 0x67, 0x6C,
    0x6F, 0x62, 0x61, 0x6C, 0x5F, 0x69, 0x6E, 0x64, 0x65, 0x78, 0x21, 0x00,
    0x04, 0x70, 0x00, 0x19, 0x00, 0x00, 0x00, 0x03, 0x30, 0x00, 0x11, 0x00,
    0x00, 0x00, 0x02, 0x6E, 0x00, 0x05, 0x00, 0x00, 0x00, 0x6E, 0x61, 0x6D,
    0x65, 0x00, 0x00, 0x00, 0x10, 0x6C, 0x00, 0x04, 0x00, 0x00, 0x00, 0x10,
    0x63, 0x00, 0xE4, 0x0B, 0x00, 0x00, 0x10, 0x66, 0x00, 0x02, 0x00, 0x00,
    0x00, 0x04, 0x74, 0x00, 0x0C, 0x00, 0x00, 0x00, 0x10, 0x30, 0x00, 0x0F,
    0x00, 0x00, 0x00, 0x00, 0x00, 0x03, 0x35, 0x38, 0x00, 0x5C, 0x00, 0x00,
    0x00, 0x02, 0x6E, 0x00, 0x10, 0x00, 0x00, 0x00, 0x69, 0x73, 0x5F, 0x6C,
    0x6F, 0x63, 0x61, 0x6C, 0x5F, 0x63, 0x6C, 0x61, 0x73, 0x73, 0x21, 0x00,
    0x04, 0x70, 0x00, 0x19, 0x00, 0x00, 0x00, 0x03, 0x30, 0x00, 0x11, 0x00,
    0x00, 0x00, 0x02, 0x6E, 0x00, 0x05, 0x00, 0x00, 0x00, 0x6E, 0x61, 0x6D,
    0x65, 0x00, 0x00, 0x00, 0x10, 0x6C, 0x00, 0x03, 0x00, 0x00, 0x00, 0x10,
    0x63, 0x00, 0xEF, 0x0B, 0x00, 0x00, 0x10, 0x66, 0x00, 0x02, 0x00, 0x00,
    0x00, 0x04, 0x74, 0x00, 0x0C, 0x00, 0x00, 0x00, 0x10, 0x30, 0x00, 0x0F,
    0x00, 0x00, 0x00, 0x00, 0x00, 0x03, 0x35, 0x39, 0x00, 0x73, 0x00, 0x00,
    0x00, 0x02, 0x6E, 0x00, 0x0D, 0x00, 0x00, 0x00, 0x69, 0x73, 0x5F, 0x6F,
    0x77, 0x6E, 0x5F, 0x73, 0x6C, 0x6F, 0x74, 0x21, 0x00, 0x04, 0x70, 0x00,
    0x33, 0x00, 0x00, 0x00, 0x03, 0x30, 0x00, 0x17, 0x00, 0x00, 0x00, 0x02,
    0x6E, 0x00, 0x0B, 0x00, 0x00, 0x00, 0x63, 0x6C, 0x61, 0x73, 0x73, 0x5F,
    0x6E, 0x61, 0x6D, 0x65, 0x00, 0x00, 0x03, 0x31, 0x00, 0x11, 0x00, 0x00,
    0x00, 0x02, 0x6E, 0x00, 0x05, 0x00, 0x00, 0x00, 0x61, 0x74, 0x74, 0x72,
    0x00, 0x00, 0x00, 0x10, 0x6C, 0x00, 0x05, 0x00, 0x00, 0x00, 0x10, 0x63,
    0x00, 0xF8, 0x0B, 0x00, 0x00, 0x10, 0x66, 0x00, 0x02, 0x00, 0x00, 0x00,
    0x04, 0x74, 0x00, 0x0C, 0x00, 0x00, 0x00, 0x10, 0x30, 0x00, 0x0F, 0x00,
    0x00, 0x00, 0x00, 0x00, 0x03, 0x36, 0x30, 0x00, 0x69, 0x00, 0x00, 0x00,
    0x02, 0x6E, 0x00, 0x17, 0x00, 0x00, 0x00, 0x63, 0x68, 0x61, 0x69, 0x6E,
    0x5F, 0x72, 0x65, 0x61, 0x63, 0x68, 0x65, 0x73, 0x5F, 0x6F, 0x75, 0x74,
    0x73, 0x69, 0x64, 0x65, 0x21, 0x00, 0x04, 0x70, 0x00, 0x1F, 0x00, 0x00,
    0x00, 0x03, 0x30, 0x00, 0x17, 0x00, 0x00, 0x00, 0x02, 0x6E, 0x00, 0x0B,
    0x00, 0x00, 0x00, 0x63, 0x6C, 0x61, 0x73, 0x73, 0x5F, 0x6E, 0x61, 0x6D,
    0x65, 0x00, 0x00, 0x00, 0x10, 0x6C, 0x00, 0x04, 0x00, 0x00, 0x00, 0x10,
    0x63, 0x00, 0x19, 0x0C, 0x00, 0x00, 0x10, 0x66, 0x00, 0x02, 0x00, 0x00,
    0x00, 0x04, 0x74, 0x00, 0x0C, 0x00, 0x00, 0x00, 0x10, 0x30, 0x00, 0x0F,
    0x00, 0x00, 0x00, 0x00, 0x00, 0x03, 0x36, 0x31, 0x00, 0x72, 0x00, 0x00,
    0x00, 0x02, 0x6E, 0x00, 0x0C, 0x00, 0x00, 0x00, 0x73, 0x6C, 0x6F, 0x74,
    0x5F, 0x69, 0x6E, 0x64, 0x65, 0x78, 0x21, 0x00, 0x04, 0x70, 0x00, 0x33,
    0x00, 0x00, 0x00, 0x03, 0x30, 0x00, 0x17, 0x00, 0x00, 0x00, 0x02, 0x6E,
    0x00, 0x0B, 0x00, 0x00, 0x00, 0x63, 0x6C, 0x61, 0x73, 0x73, 0x5F, 0x6E,
    0x61, 0x6D, 0x65, 0x00, 0x00, 0x03, 0x31, 0x00, 0x11, 0x00, 0x00, 0x00,
    0x02, 0x6E, 0x00, 0x05, 0x00, 0x00, 0x00, 0x61, 0x74, 0x74, 0x72, 0x00,
    0x00, 0x00, 0x10, 0x6C, 0x00, 0x0B, 0x00, 0x00, 0x00, 0x10, 0x63, 0x00,
    0x34, 0x0C, 0x00, 0x00, 0x10, 0x66, 0x00, 0x02, 0x00, 0x00, 0x00, 0x04,
    0x74, 0x00, 0x0C, 0x00, 0x00, 0x00, 0x10, 0x30, 0x00, 0x0F, 0x00, 0x00,
    0x00, 0x00, 0x00, 0x03, 0x36, 0x32, 0x00, 0x7F, 0x00, 0x00, 0x00, 0x02,
    0x6E, 0x00, 0x12, 0x00, 0x00, 0x00, 0x63, 0x6C, 0x61, 0x73, 0x73, 0x5F,
    0x73, 0x74, 0x61, 0x74, 0x69, 0x63, 0x5F, 0x6B, 0x65, 0x79, 0x21, 0x00,
    0x04, 0x70, 0x00, 0x3A, 0x00, 0x00, 0x00, 0x03, 0x30, 0x00, 0x17, 0x00,
    0x00, 0x00, 0x02, 0x6E, 0x00, 0x0B, 0x00, 0x00, 0x00, 0x63, 0x6C, 0x61,
    0x73, 0x73, 0x5F, 0x6E, 0x61, 0x6D, 0x65, 0x00, 0x00, 0x03, 0x31, 0x00,
    0x18, 0x00, 0x00, 0x00, 0x02, 0x6E, 0x00, 0x0C, 0x00, 0x00, 0x00, 0x73,
    0x74, 0x61, 0x74, 0x69, 0x63, 0x5F, 0x6E, 0x61, 0x6D, 0x65, 0x00, 0x00,
    0x00, 0x10, 0x6C, 0x00, 0x05, 0x00, 0x00, 0x00, 0x10, 0x63, 0x00, 0x7C,
    0x0C, 0x00, 0x00, 0x10, 0x66, 0x00, 0x02, 0x00, 0x00, 0x00, 0x04, 0x74,
    0x00, 0x0C, 0x00, 0x00, 0x00, 0x10, 0x30, 0x00, 0x0F, 0x00, 0x00, 0x00,
    0x00, 0x00, 0x03, 0x36, 0x33, 0x00, 0x81, 0x00, 0x00, 0x00, 0x02, 0x6E,
    0x00, 0x14, 0x00, 0x00, 0x00, 0x63, 0x6C, 0x61, 0x73, 0x73, 0x5F, 0x73,
    0x74, 0x61, 0x74, 0x69, 0x63, 0x5F, 0x69, 0x6E, 0x64, 0x65, 0x78, 0x21,
    0x00, 0x04, 0x70, 0x00, 0x3A, 0x00, 0x00, 0x00, 0x03, 0x30, 0x00, 0x17,
    0x00, 0x00, 0x00, 0x02, 0x6E, 0x00, 0x0B, 0x00, 0x00, 0x00, 0x63, 0x6C,
    0x61, 0x73, 0x73, 0x5F, 0x6E, 0x61, 0x6D, 0x65, 0x00, 0x00, 0x03, 0x31,
    0x00, 0x18, 0x00, 0x00, 0x00, 0x02, 0x6E, 0x00, 0x0C, 0x00, 0x00, 0x00,
    0x73, 0x74, 0x61, 0x74, 0x69, 0x63, 0x5F, 0x6E, 0x61, 0x6D, 0x65, 0x00,
    0x00, 0x00, 0x10, 0x6C, 0x00, 0x05, 0x00, 0x00, 0x00, 0x10, 0x63, 0x00,
    0x8A, 0x0C, 0x00, 0x00, 0x10, 0x66, 0x00, 0x02, 0x00, 0x00, 0x00, 0x04,
    0x74, 0x00, 0x0C, 0x00, 0x00, 0x00, 0x10, 0x30, 0x00, 0x0F, 0x00, 0x00,
    0x00, 0x00, 0x00, 0x03, 0x36, 0x34, 0x00, 0x5B, 0x00, 0x00, 0x00, 0x02,
    0x6E, 0x00, 0x0E, 0x00, 0x00, 0x00, 0x63, 0x6C, 0x61, 0x73, 0x73, 0x5F,
    0x73, 0x74, 0x61, 0x74, 0x69, 0x63, 0x21, 0x00, 0x04, 0x70, 0x00, 0x1A,
    0x00, 0x00, 0x00, 0x03, 0x30, 0x00, 0x12, 0x00, 0x00, 0x00, 0x02, 0x6E,
    0x00, 0x06, 0x00, 0x00, 0x00, 0x70, 0x61, 0x72, 0x74, 0x73, 0x00, 0x00,
    0x00, 0x10, 0x6C, 0x00, 0x0A, 0x00, 0x00, 0x00, 0x10, 0x63, 0x00, 0x96,
    0x0C, 0x00, 0x00, 0x10, 0x66, 0x00, 0x02, 0x00, 0x00, 0x00, 0x04, 0x74,
    0x00, 0x0C, 0x00, 0x00, 0x00, 0x10, 0x30, 0x00, 0x0F, 0x00, 0x00, 0x00,
    0x00, 0x00, 0x03, 0x36, 0x35, 0x00, 0x58, 0x00, 0x00, 0x00, 0x02, 0x6E,
    0x00, 0x0C, 0x00, 0x00, 0x00, 0x69, 0x73, 0x5F, 0x62, 0x75, 0x69, 0x6C,
    0x74, 0x69, 0x6E, 0x21, 0x00, 0x04, 0x70, 0x00, 0x19, 0x00, 0x00, 0x00,
    0x03, 0x30, 0x00, 0x11, 0x00, 0x00, 0x00, 0x02, 0x6E, 0x00, 0x05, 0x00,
    0x00, 0x00, 0x6E, 0x61, 0x6D, 0x65, 0x00, 0x00, 0x00, 0x10, 0x6C, 0x00,
    0x03, 0x00, 0x00, 0x00, 0x10, 0x63, 0x00, 0xB7, 0x0C, 0x00, 0x00, 0x10,
    0x66, 0x00, 0x02, 0x00, 0x00, 0x00, 0x04, 0x74, 0x00, 0x0C, 0x00, 0x00,
    0x00, 0x10, 0x30, 0x00, 0x0F, 0x00, 0x00, 0x00, 0x00, 0x00, 0x03, 0x36,
    0x36, 0x00, 0x42, 0x00, 0x00, 0x00, 0x02, 0x6E, 0x00, 0x0A, 0x00, 0x00,
    0x00, 0x62, 0x75, 0x69, 0x6C, 0x74, 0x69, 0x6E, 0x73, 0x21, 0x00, 0x04,
    0x70, 0x00, 0x05, 0x00, 0x00, 0x00, 0x00, 0x10, 0x6C, 0x00, 0x01, 0x00,
    0x00, 0x00, 0x10, 0x63, 0x00, 0xBF, 0x0C, 0x00, 0x00, 0x10, 0x66, 0x00,
    0x02, 0x00, 0x00, 0x00, 0x04, 0x74, 0x00, 0x0C, 0x00, 0x00, 0x00, 0x10,
    0x30, 0x00, 0x0F, 0x00, 0x00, 0x00, 0x00, 0x00, 0x03, 0x36, 0x37, 0x00,
    0x70, 0x00, 0x00, 0x00, 0x02, 0x6E, 0x00, 0x0D, 0x00, 0x00, 0x00, 0x61,
    0x64, 0x64, 0x5F, 0x70, 0x65, 0x6E, 0x64, 0x69, 0x6E, 0x67, 0x21, 0x00,
    0x04, 0x70, 0x00, 0x30, 0x00, 0x00, 0x00, 0x03, 0x30, 0x00, 0x12, 0x00,
    0x00, 0x00, 0x02, 0x6E, 0x00, 0x06, 0x00, 0x00, 0x00, 0x69, 0x6E, 0x64,
    0x65, 0x78, 0x00, 0x00, 0x03, 0x31, 0x00, 0x13, 0x00, 0x00, 0x00, 0x02,
    0x6E, 0x00, 0x07, 0x00, 0x00, 0x00, 0x66, 0x6E, 0x5F, 0x63, 0x74, 0x78,
    0x00, 0x00, 0x00, 0x10, 0x6C, 0x00, 0x04, 0x00, 0x00, 0x00, 0x10, 0x63,
    0x00, 0xC1, 0x0C, 0x00, 0x00, 0x10, 0x66, 0x00, 0x02, 0x00, 0x00, 0x00,
    0x04, 0x74, 0x00, 0x0C, 0x00, 0x00, 0x00, 0x10, 0x30, 0x00, 0x0F, 0x00,
    0x00, 0x00, 0x00, 0x00, 0x03, 0x36, 0x38, 0x00, 0x57, 0x00, 0x00, 0x00,
    0x02, 0x6E, 0x00, 0x0B, 0x00, 0x00, 0x00, 0x72, 0x65, 0x66, 0x65, 0x72,
    0x65, 0x6E, 0x63, 0x65, 0x21, 0x00, 0x04, 0x70, 0x00, 0x19, 0x00, 0x00,
    0x00, 0x03, 0x30, 0x00, 0x11, 0x00, 0x00, 0x00, 0x02, 0x6E, 0x00, 0x05,
    0x00, 0x00, 0x00, 0x70, 0x61, 0x74, 0x68, 0x00, 0x00, 0x00, 0x10, 0x6C,
    0x00, 0x02, 0x00, 0x00, 0x00, 0x10, 0x63, 0x00, 0xCC, 0x0C, 0x00, 0x00,
    0x10, 0x66, 0x00, 0x02, 0x00, 0x00, 0x00, 0x04, 0x74, 0x00, 0x0C, 0x00,
    0x00, 0x00, 0x10, 0x30, 0x00, 0x0F, 0x00, 0x00, 0x00, 0x00, 0x00, 0x00,
};

static const uint8_t context_classes[] = {
    0x62, 0x07, 0x00, 0x00, 0x03, 0x30, 0x00, 0xF1, 0x01, 0x00, 0x00, 0x02,
    0x6E, 0x00, 0x0C, 0x00, 0x00, 0x00, 0x4D, 0x6F, 0x64, 0x75, 0x6C, 0x65,
    0x49, 0x6D, 0x61, 0x67, 0x65, 0x00, 0x04, 0x73, 0x6C, 0x00, 0xBD, 0x01,
    0x00, 0x00, 0x03, 0x30, 0x00, 0x18, 0x00, 0x00, 0x00, 0x02, 0x6E, 0x00,
    0x0C, 0x00, 0x00, 0x00, 0x6D, 0x6F, 0x64, 0x75, 0x6C, 0x65, 0x5F, 0x6E,
    0x61, 0x6D, 0x65, 0x00, 0x00, 0x03, 0x31, 0x00, 0x14, 0x00, 0x00, 0x00,
    0x02, 0x6E, 0x00, 0x08, 0x00, 0x00, 0x00, 0x73, 0x74, 0x61, 0x74, 0x69,
    0x63, 0x73, 0x00, 0x00, 0x03, 0x32, 0x00, 0x14, 0x00, 0x00, 0x00, 0x02,
    0x6E, 0x00, 0x08, 0x00, 0x00, 0x00, 0x73, 0x79, 0x6D, 0x62, 0x6F, 0x6C,
    0x73, 0x00, 0x00, 0x03, 0x33, 0x00, 0x15, 0x00, 0x00, 0x00, 0x02, 0x6E,
    0x00, 0x09, 0x00, 0x00, 0x00, 0x6D, 0x65, 0x73, 0x73, 0x61, 0x67, 0x65,
    0x73, 0x00, 0x00, 0x03, 0x34, 0x00, 0x14, 0x00, 0x00, 0x00, 0x02, 0x6E,
    0x00, 0x08, 0x00, 0x00, 0x00, 0x67, 0x6C, 0x6F, 0x62, 0x61, 0x6C, 0x73,
    0x00, 0x00, 0x03, 0x35, 0x00, 0x16, 0x00, 0x00, 0x00, 0x02, 0x6E, 0x00,
    0x0A, 0x00, 0x00, 0x00, 0x66, 0x75, 0x6E, 0x63, 0x74, 0x69, 0x6F, 0x6E,
    0x73, 0x00, 0x00, 0x03, 0x36, 0x00, 0x14, 0x00, 0x00, 0x00, 0x02, 0x6E,
    0x00, 0x08, 0x00, 0x00, 0x00, 0x63, 0x6C, 0x61, 0x73, 0x73, 0x65, 0x73,
    0x00, 0x00, 0x03, 0x37, 0x00, 0x11, 0x00, 0x00, 0x00, 0x02, 0x6E, 0x00,
    0x05, 0x00, 0x00, 0x00, 0x63, 0x6F, 0x64, 0x65, 0x00, 0x00, 0x03, 0x38,
    0x00, 0x19, 0x00, 0x00, 0x00, 0x02, 0x6E, 0x00, 0x0D, 0x00, 0x00, 0x00,
    0x69, 0x6E, 0x69, 0x74, 0x5F, 0x6E, 0x6C, 0x6F, 0x63, 0x61, 0x6C, 0x73,
    0x00, 0x00, 0x03, 0x39, 0x00, 0x18, 0x00, 0x00, 0x00, 0x02, 0x6E, 0x00,
    0x0C, 0x00, 0x00, 0x00, 0x6D, 0x6F, 0x64, 0x75, 0x6C, 0x65, 0x5F, 0x75,
    0x73, 0x65, 0x73, 0x00, 0x00, 0x03, 0x31, 0x30, 0x00, 0x12, 0x00, 0x00,
    0x00, 0x02, 0x6E, 0x00, 0x06, 0x00, 0x00, 0x00, 0x64, 0x65, 0x62, 0x75,
    0x67, 0x00, 0x00, 0x03, 0x31, 0x31, 0x00, 0x16, 0x00, 0x00, 0x00, 0x02,
    0x6E, 0x00, 0x0A, 0x00, 0x00, 0x00, 0x75, 0x6E, 0x6C, 0x6F, 0x77, 0x65,
    0x72, 0x65, 0x64, 0x00, 0x00, 0x03, 0x31, 0x32, 0x00, 0x1A, 0x00, 0x00,
    0x00, 0x02, 0x6E, 0x00, 0x0E, 0x00, 0x00, 0x00, 0x5F, 0x73, 0x74, 0x61,
    0x74, 0x69, 0x63, 0x5F, 0x69, 0x6E, 0x64, 0x65, 0x78, 0x00, 0x00, 0x03,
    0x31, 0x33, 0x00, 0x1A, 0x00, 0x00, 0x00, 0x02, 0x6E, 0x00, 0x0E, 0x00,
    0x00, 0x00, 0x5F, 0x73, 0x79, 0x6D, 0x62, 0x6F, 0x6C, 0x5F, 0x69, 0x6E,
    0x64, 0x65, 0x78, 0x00, 0x00, 0x03, 0x31, 0x34, 0x00, 0x1B, 0x00, 0x00,
    0x00, 0x02, 0x6E, 0x00, 0x0F, 0x00, 0x00, 0x00, 0x5F, 0x6D, 0x65, 0x73,
    0x73, 0x61, 0x67, 0x65, 0x5F, 0x69, 0x6E, 0x64, 0x65, 0x78, 0x00, 0x00,
    0x03, 0x31, 0x35, 0x00, 0x1A, 0x00, 0x00, 0x00, 0x02, 0x6E, 0x00, 0x0E,
    0x00, 0x00, 0x00, 0x5F, 0x67, 0x6C, 0x6F, 0x62, 0x61, 0x6C, 0x5F, 0x69,
    0x6E, 0x64, 0x65, 0x78, 0x00, 0x00, 0x03, 0x31, 0x36, 0x00, 0x18, 0x00,
    0x00, 0x00, 0x02, 0x6E, 0x00, 0x0C, 0x00, 0x00, 0x00, 0x5F, 0x66, 0x72,
    0x65, 0x65, 0x5F, 0x69, 0x6E, 0x64, 0x65, 0x78, 0x00, 0x00, 0x00, 0x10,
    0x69, 0x00, 0x04, 0x00, 0x00, 0x00, 0x04, 0x6D, 0x00, 0x05, 0x00, 0x00,
    0x00, 0x00, 0x04, 0x73, 0x74, 0x00, 0x05, 0x00, 0x00, 0x00, 0x00, 0x00,
    0x03, 0x31, 0x00, 0x5E, 0x00, 0x00, 0x00, 0x02, 0x6E, 0x00, 0x06, 0x00,
    0x00, 0x00, 0x4C, 0x61, 0x62, 0x65, 0x6C, 0x00, 0x04, 0x73, 0x6C, 0x00,
    0x30, 0x00, 0x00, 0x00, 0x03, 0x30, 0x00, 0x13, 0x00, 0x00, 0x00, 0x02,
    0x6E, 0x00, 0x07, 0x00, 0x00, 0x00, 0x74, 0x61, 0x72, 0x67, 0x65, 0x74,
    0x00, 0x00, 0x03, 0x31, 0x00, 0x12, 0x00, 0x00, 0x00, 0x02, 0x6E, 0x00,
    0x06, 0x00, 0x00, 0x00, 0x73, 0x69, 0x74, 0x65, 0x73, 0x00, 0x00, 0x00,
    0x10, 0x69, 0x00, 0x18, 0x00, 0x00, 0x00, 0x04, 0x6D, 0x00, 0x05, 0x00,
    0x00, 0x00, 0x00, 0x04, 0x73, 0x74, 0x00, 0x05, 0x00, 0x00, 0x00, 0x00,
    0x00, 0x03, 0x32, 0x00, 0xEC, 0x02, 0x00, 0x00, 0x02, 0x6E, 0x00, 0x0A,
    0x00, 0x00, 0x00, 0x46, 0x6E, 0x43, 0x6F, 0x6E, 0x74, 0x65, 0x78, 0x74,
    0x00, 0x04, 0x73, 0x6C, 0x00, 0xBA, 0x02, 0x00, 0x00, 0x03, 0x30, 0x00,
    0x13, 0x00, 0x00, 0x00, 0x02, 0x6E, 0x00, 0x07, 0x00, 0x00, 0x00, 0x6D,
    0x6F, 0x64, 0x75, 0x6C, 0x65, 0x00, 0x00, 0x03, 0x31, 0x00, 0x11, 0x00,
    0x00, 0x00, 0x02, 0x6E, 0x00, 0x05, 0x00, 0x00, 0x00, 0x6E, 0x61, 0x6D,
    0x65, 0x00, 0x00, 0x03, 0x32, 0x00, 0x1B, 0x00, 0x00, 0x00, 0x02, 0x6E,
    0x00, 0x0F, 0x00, 0x00, 0x00, 0x69, 0x73, 0x5F, 0x6D, 0x6F, 0x64, 0x75,
    0x6C, 0x65, 0x5F, 0x69, 0x6E, 0x69, 0x74, 0x00, 0x00, 0x03, 0x33, 0x00,
    0x12, 0x00, 0x00, 0x00, 0x02, 0x6E, 0x00, 0x06, 0x00, 0x00, 0x00, 0x6C,
    0x6F, 0x6F, 0x70, 0x73, 0x00, 0x00, 0x03, 0x34, 0x00, 0x18, 0x00, 0x00,
    0x00, 0x02, 0x6E, 0x00, 0x0C, 0x00, 0x00, 0x00, 0x6D, 0x61, 0x78, 0x5F,
    0x72, 0x65, 0x73, 0x75, 0x6C, 0x74, 0x73, 0x00, 0x00, 0x03, 0x35, 0x00,
    0x12, 0x00, 0x00, 0x00, 0x02, 0x6E, 0x00, 0x06, 0x00, 0x00, 0x00, 0x63,
    0x65, 0x6C, 0x6C, 0x73, 0x00, 0x00, 0x03, 0x36, 0x00, 0x12, 0x00, 0x00,
    0x00, 0x02, 0x6E, 0x00, 0x06, 0x00, 0x00, 0x00, 0x5F, 0x7A, 0x65, 0x72,
    0x6F, 0x00, 0x00, 0x03, 0x37, 0x00, 0x11, 0x00, 0x00, 0x00, 0x02, 0x6E,
    0x00, 0x05, 0x00, 0x00, 0x00, 0x63, 0x6F, 0x64, 0x65, 0x00, 0x00, 0x03,
    0x38, 0x00, 0x11, 0x00, 0x00, 0x00, 0x02, 0x6E, 0x00, 0x05, 0x00, 0x00,
    0x00, 0x75, 0x73, 0x65, 0x73, 0x00, 0x00, 0x03, 0x39, 0x00, 0x13, 0x00,
    0x00, 0x00, 0x02, 0x6E, 0x00, 0x07, 0x00, 0x00, 0x00, 0x6C, 0x61, 0x62,
    0x65, 0x6C, 0x73, 0x00, 0x00, 0x03, 0x31, 0x30, 0x00, 0x11, 0x00, 0x00,
    0x00, 0x02, 0x6E, 0x00, 0x05, 0x00, 0x00, 0x00, 0x6C, 0x69, 0x6E, 0x65,
    0x00, 0x00, 0x03, 0x31, 0x31, 0x00, 0x12, 0x00, 0x00, 0x00, 0x02, 0x6E,
    0x00, 0x06, 0x00, 0x00, 0x00, 0x6C, 0x69, 0x6E, 0x65, 0x73, 0x00, 0x00,
    0x03, 0x31, 0x32, 0x00, 0x1A, 0x00, 0x00, 0x00, 0x02, 0x6E, 0x00, 0x0E,
    0x00, 0x00, 0x00, 0x5F, 0x65, 0x6D, 0x69, 0x74, 0x74, 0x65, 0x64, 0x5F,
    0x6C, 0x69, 0x6E, 0x65, 0x00, 0x00, 0x03, 0x31, 0x33, 0x00, 0x13, 0x00,
    0x00, 0x00, 0x02, 0x6E, 0x00, 0x07, 0x00, 0x00, 0x00, 0x6C, 0x6F, 0x63,
    0x61, 0x6C, 0x73, 0x00, 0x00, 0x03, 0x31, 0x34, 0x00, 0x13, 0x00, 0x00,
    0x00, 0x02, 0x6E, 0x00, 0x07, 0x00, 0x00, 0x00, 0x6E, 0x6E, 0x61, 0x6D,
    0x65, 0x64, 0x00, 0x00, 0x03, 0x31, 0x35, 0x00, 0x10, 0x00, 0x00, 0x00,
    0x02, 0x6E, 0x00, 0x04, 0x00, 0x00, 0x00, 0x74, 0x6F, 0x70, 0x00, 0x00,
    0x03, 0x31, 0x36, 0x00, 0x11, 0x00, 0x00, 0x00, 0x02, 0x6E, 0x00, 0x05,
    0x00, 0x00, 0x00, 0x68, 0x69, 0x67, 0x68, 0x00, 0x00, 0x03, 0x31, 0x37,
    0x00, 0x13, 0x00, 0x00, 0x00, 0x02, 0x6E, 0x00, 0x07, 0x00, 0x00, 0x00,
    0x70, 0x61, 0x72, 0x61, 0x6D, 0x73, 0x00, 0x00, 0x03, 0x31, 0x38, 0x00,
    0x15, 0x00, 0x00, 0x00, 0x02, 0x6E, 0x00, 0x09, 0x00, 0x00, 0x00, 0x63,
    0x61, 0x70, 0x74, 0x75, 0x72, 0x65, 0x73, 0x00, 0x00, 0x03, 0x31, 0x39,
    0x00, 0x17, 0x00, 0x00, 0x00, 0x02, 0x6E, 0x00, 0x0B, 0x00, 0x00, 0x00,
    0x74, 0x68, 0x69, 0x73, 0x5F, 0x63, 0x6F, 0x75, 0x6E, 0x74, 0x00, 0x00,
    0x03, 0x32, 0x30, 0x00, 0x15, 0x00, 0x00, 0x00, 0x02, 0x6E, 0x00, 0x09,
    0x00, 0x00, 0x00, 0x74, 0x68, 0x69, 0x73, 0x5F, 0x72, 0x65, 0x67, 0x00,
    0x00, 0x03, 0x32, 0x31, 0x00, 0x17, 0x00, 0x00, 0x00, 0x02, 0x6E, 0x00,
    0x0B, 0x00, 0x00, 0x00, 0x74, 0x68, 0x69, 0x73, 0x5F, 0x63, 0x6C, 0x61,
    0x73, 0x73, 0x00, 0x00, 0x03, 0x32, 0x32, 0x00, 0x19, 0x00, 0x00, 0x00,
    0x02, 0x6E, 0x00, 0x0D, 0x00, 0x00, 0x00, 0x69, 0x73, 0x5F, 0x63, 0x6F,
    0x72, 0x6F, 0x75, 0x74, 0x69, 0x6E, 0x65, 0x00, 0x00, 0x03, 0x32, 0x33,
    0x00, 0x14, 0x00, 0x00, 0x00, 0x02, 0x6E, 0x00, 0x08, 0x00, 0x00, 0x00,
    0x73, 0x74, 0x61, 0x74, 0x69, 0x63, 0x73, 0x00, 0x00, 0x03, 0x32, 0x34,
    0x00, 0x18, 0x00, 0x00, 0x00, 0x02, 0x6E, 0x00, 0x0C, 0x00, 0x00, 0x00,
    0x62, 0x6C, 0x6F, 0x63, 0x6B, 0x5F, 0x73, 0x6C, 0x6F, 0x74, 0x73, 0x00,
    0x00, 0x03, 0x32, 0x35, 0x00, 0x13, 0x00, 0x00, 0x00, 0x02, 0x6E, 0x00,
    0x07, 0x00, 0x00, 0x00, 0x73, 0x63, 0x6F, 0x70, 0x65, 0x73, 0x00, 0x00,
    0x03, 0x32, 0x36, 0x00, 0x18, 0x00, 0x00, 0x00, 0x02, 0x6E, 0x00, 0x0C,
    0x00, 0x00, 0x00, 0x73, 0x63, 0x6F, 0x70, 0x65, 0x5F, 0x73, 0x74, 0x61,
    0x63, 0x6B, 0x00, 0x00, 0x03, 0x32, 0x37, 0x00, 0x15, 0x00, 0x00, 0x00,
    0x02, 0x6E, 0x00, 0x09, 0x00, 0x00, 0x00, 0x74, 0x6F, 0x70, 0x5F, 0x62,
    0x6F, 0x64, 0x79, 0x00, 0x00, 0x03, 0x32, 0x38, 0x00, 0x15, 0x00, 0x00,
    0x00, 0x02, 0x6E, 0x00, 0x09, 0x00, 0x00, 0x00, 0x74, 0x6F, 0x6C, 0x65,
    0x72, 0x61, 0x6E, 0x74, 0x00, 0x00, 0x00, 0x10, 0x69, 0x00, 0x19, 0x00,
    0x00, 0x00, 0x04, 0x6D, 0x00, 0x05, 0x00, 0x00, 0x00, 0x00, 0x04, 0x73,
    0x74, 0x00, 0x05, 0x00, 0x00, 0x00, 0x00, 0x00, 0x03, 0x33, 0x00, 0x16,
    0x02, 0x00, 0x00, 0x02, 0x6E, 0x00, 0x0E, 0x00, 0x00, 0x00, 0x4D, 0x6F,
    0x64, 0x75, 0x6C, 0x65, 0x43, 0x6F, 0x6E, 0x74, 0x65, 0x78, 0x74, 0x00,
    0x04, 0x73, 0x6C, 0x00, 0xE0, 0x01, 0x00, 0x00, 0x03, 0x30, 0x00, 0x12,
    0x00, 0x00, 0x00, 0x02, 0x6E, 0x00, 0x06, 0x00, 0x00, 0x00, 0x69, 0x6D,
    0x61, 0x67, 0x65, 0x00, 0x00, 0x03, 0x31, 0x00, 0x18, 0x00, 0x00, 0x00,
    0x02, 0x6E, 0x00, 0x0C, 0x00, 0x00, 0x00, 0x73, 0x6F, 0x75, 0x72, 0x63,
    0x65, 0x5F, 0x66, 0x69, 0x6C, 0x65, 0x00, 0x00, 0x03, 0x32, 0x00, 0x14,
    0x00, 0x00, 0x00, 0x02, 0x6E, 0x00, 0x08, 0x00, 0x00, 0x00, 0x67, 0x6C,
    0x6F, 0x62, 0x61, 0x6C, 0x73, 0x00, 0x00, 0x03, 0x33, 0x00, 0x14, 0x00,
    0x00, 0x00, 0x02, 0x6E, 0x00, 0x08, 0x00, 0x00, 0x00, 0x63, 0x6C, 0x61,
    0x73, 0x73, 0x65, 0x73, 0x00, 0x00, 0x03, 0x34, 0x00, 0x1A, 0x00, 0x00,
    0x00, 0x02, 0x6E, 0x00, 0x0E, 0x00, 0x00, 0x00, 0x63, 0x6C, 0x61, 0x73,
    0x73, 0x5F, 0x73, 0x74, 0x61, 0x74, 0x69, 0x63, 0x73, 0x00, 0x00, 0x03,
    0x35, 0x00, 0x17, 0x00, 0x00, 0x00, 0x02, 0x6E, 0x00, 0x0B, 0x00, 0x00,
    0x00, 0x73, 0x6C, 0x6F, 0x74, 0x5F, 0x6E, 0x61, 0x6D, 0x65, 0x73, 0x00,
    0x00, 0x03, 0x36, 0x00, 0x19, 0x00, 0x00, 0x00, 0x02, 0x6E, 0x00, 0x0D,
    0x00, 0x00, 0x00, 0x73, 0x75, 0x70, 0x65, 0x72, 0x63, 0x6C, 0x61, 0x73,
    0x73, 0x65, 0x73, 0x00, 0x00, 0x03, 0x37, 0x00, 0x1E, 0x00, 0x00, 0x00,
    0x02, 0x6E, 0x00, 0x12, 0x00, 0x00, 0x00, 0x73, 0x6C, 0x6F, 0x74, 0x5F,
    0x6F, 0x70, 0x74, 0x69, 0x6D, 0x69, 0x7A, 0x61, 0x74, 0x69, 0x6F, 0x6E,
    0x00, 0x00, 0x03, 0x38, 0x00, 0x1B, 0x00, 0x00, 0x00, 0x02, 0x6E, 0x00,
    0x0F, 0x00, 0x00, 0x00, 0x73, 0x74, 0x61, 0x74, 0x69, 0x63, 0x5F, 0x69,
    0x6D, 0x70, 0x6F, 0x72, 0x74, 0x73, 0x00, 0x00, 0x03, 0x39, 0x00, 0x1C,
    0x00, 0x00, 0x00, 0x02, 0x6E, 0x00, 0x10, 0x00, 0x00, 0x00, 0x70, 0x65,
    0x6E, 0x64, 0x69, 0x6E, 0x67, 0x5F, 0x73, 0x74, 0x61, 0x74, 0x69, 0x63,
    0x73, 0x00, 0x00, 0x03, 0x31, 0x30, 0x00, 0x20, 0x00, 0x00, 0x00, 0x02,
    0x6E, 0x00, 0x14, 0x00, 0x00, 0x00, 0x68, 0x61, 0x73, 0x5F, 0x77, 0x69,
    0x6C, 0x64, 0x63, 0x61, 0x72, 0x64, 0x5F, 0x69, 0x6D, 0x70, 0x6F, 0x72,
    0x74, 0x00, 0x00, 0x03, 0x31, 0x31, 0x00, 0x17, 0x00, 0x00, 0x00, 0x02,
    0x6E, 0x00, 0x0B, 0x00, 0x00, 0x00, 0x65, 0x6D, 0x69, 0x74, 0x5F, 0x64,
    0x65, 0x62, 0x75, 0x67, 0x00, 0x00, 0x03, 0x31, 0x32, 0x00, 0x18, 0x00,
    0x00, 0x00, 0x02, 0x6E, 0x00, 0x0C, 0x00, 0x00, 0x00, 0x64, 0x65, 0x66,
    0x69, 0x6E, 0x69, 0x74, 0x69, 0x6F, 0x6E, 0x73, 0x00, 0x00, 0x03, 0x31,
    0x33, 0x00, 0x1D, 0x00, 0x00, 0x00, 0x02, 0x6E, 0x00, 0x11, 0x00, 0x00,
    0x00, 0x70, 0x72, 0x6F, 0x6D, 0x6F, 0x74, 0x65, 0x64, 0x5F, 0x61, 0x72,
    0x69, 0x74, 0x69, 0x65, 0x73, 0x00, 0x00, 0x03, 0x31, 0x34, 0x00, 0x1B,
    0x00, 0x00, 0x00, 0x02, 0x6E, 0x00, 0x0F, 0x00, 0x00, 0x00, 0x73, 0x74,
    0x75, 0x62, 0x5F, 0x75, 0x6E, 0x6C, 0x6F, 0x77, 0x65, 0x72, 0x65, 0x64,
    0x00, 0x00, 0x03, 0x31, 0x35, 0x00, 0x15, 0x00, 0x00, 0x00, 0x02, 0x6E,
    0x00, 0x09, 0x00, 0x00, 0x00, 0x69, 0x6E, 0x69, 0x74, 0x5F, 0x63, 0x74,
    0x78, 0x00, 0x00, 0x03, 0x31, 0x36, 0x00, 0x14, 0x00, 0x00, 0x00, 0x02,
    0x6E, 0x00, 0x08, 0x00, 0x00, 0x00, 0x70, 0x65, 0x6E, 0x64, 0x69, 0x6E,
    0x67, 0x00, 0x00, 0x00, 0x10, 0x69, 0x00, 0x34, 0x00, 0x00, 0x00, 0x04,
    0x6D, 0x00, 0x05, 0x00, 0x00, 0x00, 0x00, 0x04, 0x73, 0x74, 0x00, 0x05,
    0x00, 0x00, 0x00, 0x00, 0x00, 0x00,
};

static const uint8_t context_messages[] = {
    0x0B, 0x05, 0x00, 0x00, 0x03, 0x30, 0x00, 0x14, 0x00, 0x00, 0x00, 0x04,
    0x70, 0x00, 0x0C, 0x00, 0x00, 0x00, 0x10, 0x30, 0x00, 0x11, 0x00, 0x00,
    0x00, 0x00, 0x00, 0x03, 0x31, 0x00, 0x14, 0x00, 0x00, 0x00, 0x04, 0x70,
    0x00, 0x0C, 0x00, 0x00, 0x00, 0x10, 0x30, 0x00, 0x12, 0x00, 0x00, 0x00,
    0x00, 0x00, 0x03, 0x32, 0x00, 0x14, 0x00, 0x00, 0x00, 0x04, 0x70, 0x00,
    0x0C, 0x00, 0x00, 0x00, 0x10, 0x30, 0x00, 0x13, 0x00, 0x00, 0x00, 0x00,
    0x00, 0x03, 0x33, 0x00, 0x14, 0x00, 0x00, 0x00, 0x04, 0x70, 0x00, 0x0C,
    0x00, 0x00, 0x00, 0x10, 0x30, 0x00, 0x14, 0x00, 0x00, 0x00, 0x00, 0x00,
    0x03, 0x34, 0x00, 0x14, 0x00, 0x00, 0x00, 0x04, 0x70, 0x00, 0x0C, 0x00,
    0x00, 0x00, 0x10, 0x30, 0x00, 0x15, 0x00, 0x00, 0x00, 0x00, 0x00, 0x03,
    0x35, 0x00, 0x14, 0x00, 0x00, 0x00, 0x04, 0x70, 0x00, 0x0C, 0x00, 0x00,
    0x00, 0x10, 0x30, 0x00, 0x16, 0x00, 0x00, 0x00, 0x00, 0x00, 0x03, 0x36,
    0x00, 0x14, 0x00, 0x00, 0x00, 0x04, 0x70, 0x00, 0x0C, 0x00, 0x00, 0x00,
    0x10, 0x30, 0x00, 0x17, 0x00, 0x00, 0x00, 0x00, 0x00, 0x03, 0x37, 0x00,
    0x14, 0x00, 0x00, 0x00, 0x04, 0x70, 0x00, 0x0C, 0x00, 0x00, 0x00, 0x10,
    0x30, 0x00, 0x18, 0x00, 0x00, 0x00, 0x00, 0x00, 0x03, 0x38, 0x00, 0x14,
    0x00, 0x00, 0x00, 0x04, 0x70, 0x00, 0x0C, 0x00, 0x00, 0x00, 0x10, 0x30,
    0x00, 0x19, 0x00, 0x00, 0x00, 0x00, 0x00, 0x03, 0x39, 0x00, 0x14, 0x00,
    0x00, 0x00, 0x04, 0x70, 0x00, 0x0C, 0x00, 0x00, 0x00, 0x10, 0x30, 0x00,
    0x1A, 0x00, 0x00, 0x00, 0x00, 0x00, 0x03, 0x31, 0x30, 0x00, 0x14, 0x00,
    0x00, 0x00, 0x04, 0x70, 0x00, 0x0C, 0x00, 0x00, 0x00, 0x10, 0x30, 0x00,
    0x1B, 0x00, 0x00, 0x00, 0x00, 0x00, 0x03, 0x31, 0x31, 0x00, 0x14, 0x00,
    0x00, 0x00, 0x04, 0x70, 0x00, 0x0C, 0x00, 0x00, 0x00, 0x10, 0x30, 0x00,
    0x1C, 0x00, 0x00, 0x00, 0x00, 0x00, 0x03, 0x31, 0x32, 0x00, 0x14, 0x00,
    0x00, 0x00, 0x04, 0x70, 0x00, 0x0C, 0x00, 0x00, 0x00, 0x10, 0x30, 0x00,
    0x1D, 0x00, 0x00, 0x00, 0x00, 0x00, 0x03, 0x31, 0x33, 0x00, 0x14, 0x00,
    0x00, 0x00, 0x04, 0x70, 0x00, 0x0C, 0x00, 0x00, 0x00, 0x10, 0x30, 0x00,
    0x1E, 0x00, 0x00, 0x00, 0x00, 0x00, 0x03, 0x31, 0x34, 0x00, 0x14, 0x00,
    0x00, 0x00, 0x04, 0x70, 0x00, 0x0C, 0x00, 0x00, 0x00, 0x10, 0x30, 0x00,
    0x1F, 0x00, 0x00, 0x00, 0x00, 0x00, 0x03, 0x31, 0x35, 0x00, 0x14, 0x00,
    0x00, 0x00, 0x04, 0x70, 0x00, 0x0C, 0x00, 0x00, 0x00, 0x10, 0x30, 0x00,
    0x3D, 0x00, 0x00, 0x00, 0x00, 0x00, 0x03, 0x31, 0x36, 0x00, 0x14, 0x00,
    0x00, 0x00, 0x04, 0x70, 0x00, 0x0C, 0x00, 0x00, 0x00, 0x10, 0x30, 0x00,
    0x3E, 0x00, 0x00, 0x00, 0x00, 0x00, 0x03, 0x31, 0x37, 0x00, 0x14, 0x00,
    0x00, 0x00, 0x04, 0x70, 0x00, 0x0C, 0x00, 0x00, 0x00, 0x10, 0x30, 0x00,
    0x3F, 0x00, 0x00, 0x00, 0x00, 0x00, 0x03, 0x31, 0x38, 0x00, 0x14, 0x00,
    0x00, 0x00, 0x04, 0x70, 0x00, 0x0C, 0x00, 0x00, 0x00, 0x10, 0x30, 0x00,
    0x40, 0x00, 0x00, 0x00, 0x00, 0x00, 0x03, 0x31, 0x39, 0x00, 0x14, 0x00,
    0x00, 0x00, 0x04, 0x70, 0x00, 0x0C, 0x00, 0x00, 0x00, 0x10, 0x30, 0x00,
    0x41, 0x00, 0x00, 0x00, 0x00, 0x00, 0x03, 0x32, 0x30, 0x00, 0x14, 0x00,
    0x00, 0x00, 0x04, 0x70, 0x00, 0x0C, 0x00, 0x00, 0x00, 0x10, 0x30, 0x00,
    0x42, 0x00, 0x00, 0x00, 0x00, 0x00, 0x03, 0x32, 0x31, 0x00, 0x14, 0x00,
    0x00, 0x00, 0x04, 0x70, 0x00, 0x0C, 0x00, 0x00, 0x00, 0x10, 0x30, 0x00,
    0x43, 0x00, 0x00, 0x00, 0x00, 0x00, 0x03, 0x32, 0x32, 0x00, 0x14, 0x00,
    0x00, 0x00, 0x04, 0x70, 0x00, 0x0C, 0x00, 0x00, 0x00, 0x10, 0x30, 0x00,
    0x44, 0x00, 0x00, 0x00, 0x00, 0x00, 0x03, 0x32, 0x33, 0x00, 0x14, 0x00,
    0x00, 0x00, 0x04, 0x70, 0x00, 0x0C, 0x00, 0x00, 0x00, 0x10, 0x30, 0x00,
    0x45, 0x00, 0x00, 0x00, 0x00, 0x00, 0x03, 0x32, 0x34, 0x00, 0x14, 0x00,
    0x00, 0x00, 0x04, 0x70, 0x00, 0x0C, 0x00, 0x00, 0x00, 0x10, 0x30, 0x00,
    0x46, 0x00, 0x00, 0x00, 0x00, 0x00, 0x03, 0x32, 0x35, 0x00, 0x14, 0x00,
    0x00, 0x00, 0x04, 0x70, 0x00, 0x0C, 0x00, 0x00, 0x00, 0x10, 0x30, 0x00,
    0x47, 0x00, 0x00, 0x00, 0x00, 0x00, 0x03, 0x32, 0x36, 0x00, 0x14, 0x00,
    0x00, 0x00, 0x04, 0x70, 0x00, 0x0C, 0x00, 0x00, 0x00, 0x10, 0x30, 0x00,
    0x48, 0x00, 0x00, 0x00, 0x00, 0x00, 0x03, 0x32, 0x37, 0x00, 0x14, 0x00,
    0x00, 0x00, 0x04, 0x70, 0x00, 0x0C, 0x00, 0x00, 0x00, 0x10, 0x30, 0x00,
    0x49, 0x00, 0x00, 0x00, 0x00, 0x00, 0x03, 0x32, 0x38, 0x00, 0x14, 0x00,
    0x00, 0x00, 0x04, 0x70, 0x00, 0x0C, 0x00, 0x00, 0x00, 0x10, 0x30, 0x00,
    0x4A, 0x00, 0x00, 0x00, 0x00, 0x00, 0x03, 0x32, 0x39, 0x00, 0x14, 0x00,
    0x00, 0x00, 0x04, 0x70, 0x00, 0x0C, 0x00, 0x00, 0x00, 0x10, 0x30, 0x00,
    0x4C, 0x00, 0x00, 0x00, 0x00, 0x00, 0x03, 0x33, 0x30, 0x00, 0x14, 0x00,
    0x00, 0x00, 0x04, 0x70, 0x00, 0x0C, 0x00, 0x00, 0x00, 0x10, 0x30, 0x00,
    0x4D, 0x00, 0x00, 0x00, 0x00, 0x00, 0x03, 0x33, 0x31, 0x00, 0x14, 0x00,
    0x00, 0x00, 0x04, 0x70, 0x00, 0x0C, 0x00, 0x00, 0x00, 0x10, 0x30, 0x00,
    0x4E, 0x00, 0x00, 0x00, 0x00, 0x00, 0x03, 0x33, 0x32, 0x00, 0x14, 0x00,
    0x00, 0x00, 0x04, 0x70, 0x00, 0x0C, 0x00, 0x00, 0x00, 0x10, 0x30, 0x00,
    0x4F, 0x00, 0x00, 0x00, 0x00, 0x00, 0x03, 0x33, 0x33, 0x00, 0x14, 0x00,
    0x00, 0x00, 0x04, 0x70, 0x00, 0x0C, 0x00, 0x00, 0x00, 0x10, 0x30, 0x00,
    0x50, 0x00, 0x00, 0x00, 0x00, 0x00, 0x03, 0x33, 0x34, 0x00, 0x14, 0x00,
    0x00, 0x00, 0x04, 0x70, 0x00, 0x0C, 0x00, 0x00, 0x00, 0x10, 0x30, 0x00,
    0x51, 0x00, 0x00, 0x00, 0x00, 0x00, 0x03, 0x33, 0x35, 0x00, 0x14, 0x00,
    0x00, 0x00, 0x04, 0x70, 0x00, 0x0C, 0x00, 0x00, 0x00, 0x10, 0x30, 0x00,
    0x52, 0x00, 0x00, 0x00, 0x00, 0x00, 0x03, 0x33, 0x36, 0x00, 0x14, 0x00,
    0x00, 0x00, 0x04, 0x70, 0x00, 0x0C, 0x00, 0x00, 0x00, 0x10, 0x30, 0x00,
    0x53, 0x00, 0x00, 0x00, 0x00, 0x00, 0x03, 0x33, 0x37, 0x00, 0x14, 0x00,
    0x00, 0x00, 0x04, 0x70, 0x00, 0x0C, 0x00, 0x00, 0x00, 0x10, 0x30, 0x00,
    0x54, 0x00, 0x00, 0x00, 0x00, 0x00, 0x03, 0x33, 0x38, 0x00, 0x14, 0x00,
    0x00, 0x00, 0x04, 0x70, 0x00, 0x0C, 0x00, 0x00, 0x00, 0x10, 0x30, 0x00,
    0x55, 0x00, 0x00, 0x00, 0x00, 0x00, 0x03, 0x33, 0x39, 0x00, 0x14, 0x00,
    0x00, 0x00, 0x04, 0x70, 0x00, 0x0C, 0x00, 0x00, 0x00, 0x10, 0x30, 0x00,
    0x58, 0x00, 0x00, 0x00, 0x00, 0x00, 0x03, 0x34, 0x30, 0x00, 0x14, 0x00,
    0x00, 0x00, 0x04, 0x70, 0x00, 0x0C, 0x00, 0x00, 0x00, 0x10, 0x30, 0x00,
    0x59, 0x00, 0x00, 0x00, 0x00, 0x00, 0x03, 0x34, 0x31, 0x00, 0x14, 0x00,
    0x00, 0x00, 0x04, 0x70, 0x00, 0x0C, 0x00, 0x00, 0x00, 0x10, 0x30, 0x00,
    0x5A, 0x00, 0x00, 0x00, 0x00, 0x00, 0x03, 0x34, 0x32, 0x00, 0x14, 0x00,
    0x00, 0x00, 0x04, 0x70, 0x00, 0x0C, 0x00, 0x00, 0x00, 0x10, 0x30, 0x00,
    0x5B, 0x00, 0x00, 0x00, 0x00, 0x00, 0x03, 0x34, 0x33, 0x00, 0x14, 0x00,
    0x00, 0x00, 0x04, 0x70, 0x00, 0x0C, 0x00, 0x00, 0x00, 0x10, 0x30, 0x00,
    0x5C, 0x00, 0x00, 0x00, 0x00, 0x00, 0x03, 0x34, 0x34, 0x00, 0x14, 0x00,
    0x00, 0x00, 0x04, 0x70, 0x00, 0x0C, 0x00, 0x00, 0x00, 0x10, 0x30, 0x00,
    0x5D, 0x00, 0x00, 0x00, 0x00, 0x00, 0x03, 0x34, 0x35, 0x00, 0x14, 0x00,
    0x00, 0x00, 0x04, 0x70, 0x00, 0x0C, 0x00, 0x00, 0x00, 0x10, 0x30, 0x00,
    0x5E, 0x00, 0x00, 0x00, 0x00, 0x00, 0x03, 0x34, 0x36, 0x00, 0x14, 0x00,
    0x00, 0x00, 0x04, 0x70, 0x00, 0x0C, 0x00, 0x00, 0x00, 0x10, 0x30, 0x00,
    0x6D, 0x00, 0x00, 0x00, 0x00, 0x00, 0x03, 0x34, 0x37, 0x00, 0x14, 0x00,
    0x00, 0x00, 0x04, 0x70, 0x00, 0x0C, 0x00, 0x00, 0x00, 0x10, 0x30, 0x00,
    0x6E, 0x00, 0x00, 0x00, 0x00, 0x00, 0x03, 0x34, 0x38, 0x00, 0x14, 0x00,
    0x00, 0x00, 0x04, 0x70, 0x00, 0x0C, 0x00, 0x00, 0x00, 0x10, 0x30, 0x00,
    0x6F, 0x00, 0x00, 0x00, 0x00, 0x00, 0x03, 0x34, 0x39, 0x00, 0x14, 0x00,
    0x00, 0x00, 0x04, 0x70, 0x00, 0x0C, 0x00, 0x00, 0x00, 0x10, 0x30, 0x00,
    0x70, 0x00, 0x00, 0x00, 0x00, 0x00, 0x03, 0x35, 0x30, 0x00, 0x14, 0x00,
    0x00, 0x00, 0x04, 0x70, 0x00, 0x0C, 0x00, 0x00, 0x00, 0x10, 0x30, 0x00,
    0x71, 0x00, 0x00, 0x00, 0x00, 0x00, 0x03, 0x35, 0x31, 0x00, 0x14, 0x00,
    0x00, 0x00, 0x04, 0x70, 0x00, 0x0C, 0x00, 0x00, 0x00, 0x10, 0x30, 0x00,
    0x72, 0x00, 0x00, 0x00, 0x00, 0x00, 0x03, 0x35, 0x32, 0x00, 0x14, 0x00,
    0x00, 0x00, 0x04, 0x70, 0x00, 0x0C, 0x00, 0x00, 0x00, 0x10, 0x30, 0x00,
    0x73, 0x00, 0x00, 0x00, 0x00, 0x00, 0x03, 0x35, 0x33, 0x00, 0x14, 0x00,
    0x00, 0x00, 0x04, 0x70, 0x00, 0x0C, 0x00, 0x00, 0x00, 0x10, 0x30, 0x00,
    0x74, 0x00, 0x00, 0x00, 0x00, 0x00, 0x00,
};

static const uint8_t context_exports[] = {
    0x7E, 0x01, 0x00, 0x00, 0x10, 0x73, 0x74, 0x64, 0x00, 0x00, 0x00, 0x00,
    0x00, 0x10, 0x77, 0x79, 0x72, 0x6D, 0x00, 0x01, 0x00, 0x00, 0x00, 0x10,
    0x70, 0x61, 0x63, 0x6B, 0x5F, 0x70, 0x61, 0x69, 0x72, 0x61, 0x62, 0x6C,
    0x65, 0x00, 0x02, 0x00, 0x00, 0x00, 0x10, 0x5F, 0x70, 0x6F, 0x6F, 0x6C,
    0x5F, 0x6B, 0x69, 0x6E, 0x64, 0x00, 0x03, 0x00, 0x00, 0x00, 0x10, 0x5F,
    0x73, 0x74, 0x61, 0x74, 0x69, 0x63, 0x5F, 0x6B, 0x65, 0x79, 0x00, 0x04,
    0x00, 0x00, 0x00, 0x10, 0x6D, 0x61, 0x6B, 0x65, 0x5F, 0x67, 0x6C, 0x6F,
    0x62, 0x61, 0x6C, 0x5F, 0x73, 0x6C, 0x6F, 0x74, 0x00, 0x05, 0x00, 0x00,
    0x00, 0x10, 0x4D, 0x6F, 0x64, 0x75, 0x6C, 0x65, 0x49, 0x6D, 0x61, 0x67,
    0x65, 0x00, 0x06, 0x00, 0x00, 0x00, 0x10, 0x6D, 0x61, 0x6B, 0x65, 0x5F,
    0x66, 0x6E, 0x5F, 0x70, 0x61, 0x72, 0x61, 0x6D, 0x00, 0x07, 0x00, 0x00,
    0x00, 0x10, 0x6D, 0x61, 0x6B, 0x65, 0x5F, 0x63, 0x6C, 0x61, 0x73, 0x73,
    0x5F, 0x73, 0x6C, 0x6F, 0x74, 0x00, 0x08, 0x00, 0x00, 0x00, 0x10, 0x5F,
    0x6F, 0x72, 0x5F, 0x65, 0x6D, 0x70, 0x74, 0x79, 0x00, 0x09, 0x00, 0x00,
    0x00, 0x10, 0x5F, 0x70, 0x61, 0x74, 0x68, 0x5F, 0x63, 0x68, 0x61, 0x72,
    0x00, 0x0A, 0x00, 0x00, 0x00, 0x10, 0x5F, 0x70, 0x61, 0x74, 0x68, 0x5F,
    0x70, 0x61, 0x72, 0x74, 0x73, 0x00, 0x0B, 0x00, 0x00, 0x00, 0x10, 0x5F,
    0x6A, 0x6F, 0x69, 0x6E, 0x5F, 0x70, 0x61, 0x72, 0x74, 0x73, 0x00, 0x0C,
    0x00, 0x00, 0x00, 0x10, 0x4C, 0x61, 0x62, 0x65, 0x6C, 0x00, 0x0D, 0x00,
    0x00, 0x00, 0x10, 0x46, 0x6E, 0x43, 0x6F, 0x6E, 0x74, 0x65, 0x78, 0x74,
    0x00, 0x0E, 0x00, 0x00, 0x00, 0x10, 0x4D, 0x6F, 0x64, 0x75, 0x6C, 0x65,
    0x43, 0x6F, 0x6E, 0x74, 0x65, 0x78, 0x74, 0x00, 0x0F, 0x00, 0x00, 0x00,
    0x10, 0x54, 0x41, 0x42, 0x4C, 0x45, 0x5F, 0x4C, 0x49, 0x4D, 0x49, 0x54,
    0x00, 0x10, 0x00, 0x00, 0x00, 0x10, 0x4D, 0x41, 0x58, 0x5F, 0x4C, 0x4F,
    0x43, 0x41, 0x4C, 0x53, 0x00, 0x11, 0x00, 0x00, 0x00, 0x10, 0x43, 0x4F,
    0x4C, 0x4F, 0x4E, 0x5F, 0x43, 0x50, 0x00, 0x12, 0x00, 0x00, 0x00, 0x10,
    0x55, 0x33, 0x32, 0x5F, 0x4D, 0x41, 0x53, 0x4B, 0x00, 0x13, 0x00, 0x00,
    0x00, 0x10, 0x55, 0x33, 0x32, 0x5F, 0x48, 0x49, 0x47, 0x48, 0x5F, 0x4D,
    0x41, 0x53, 0x4B, 0x00, 0x14, 0x00, 0x00, 0x00, 0x10, 0x48, 0x4F, 0x53,
    0x54, 0x5F, 0x47, 0x4C, 0x4F, 0x42, 0x41, 0x4C, 0x53, 0x00, 0x15, 0x00,
    0x00, 0x00, 0x10, 0x42, 0x55, 0x49, 0x4C, 0x54, 0x49, 0x4E, 0x5F, 0x4E,
    0x41, 0x4D, 0x45, 0x53, 0x00, 0x16, 0x00, 0x00, 0x00, 0x00,
};

static const uint8_t context_free[] = {
    0xB9, 0x00, 0x00, 0x00, 0x10, 0x6C, 0x6F, 0x6F, 0x6B, 0x75, 0x70, 0x00,
    0x17, 0x00, 0x00, 0x00, 0x10, 0x50, 0x41, 0x49, 0x52, 0x41, 0x42, 0x4C,
    0x45, 0x00, 0x18, 0x00, 0x00, 0x00, 0x10, 0x65, 0x72, 0x72, 0x6F, 0x72,
    0x00, 0x19, 0x00, 0x00, 0x00, 0x10, 0x74, 0x6F, 0x5F, 0x72, 0x65, 0x67,
    0x38, 0x00, 0x1A, 0x00, 0x00, 0x00, 0x10, 0x70, 0x61, 0x63, 0x6B, 0x00,
    0x1B, 0x00, 0x00, 0x00, 0x10, 0x66, 0x69, 0x74, 0x73, 0x5F, 0x69, 0x38,
    0x00, 0x1C, 0x00, 0x00, 0x00, 0x10, 0x66, 0x69, 0x74, 0x73, 0x5F, 0x69,
    0x31, 0x36, 0x00, 0x1D, 0x00, 0x00, 0x00, 0x10, 0x73, 0x74, 0x72, 0x00,
    0x1E, 0x00, 0x00, 0x00, 0x10, 0x6C, 0x65, 0x6E, 0x00, 0x1F, 0x00, 0x00,
    0x00, 0x10, 0x63, 0x61, 0x72, 0x00, 0x20, 0x00, 0x00, 0x00, 0x10, 0x63,
    0x64, 0x72, 0x00, 0x21, 0x00, 0x00, 0x00, 0x10, 0x50, 0x00, 0x22, 0x00,
    0x00, 0x00, 0x10, 0x4C, 0x00, 0x23, 0x00, 0x00, 0x00, 0x10, 0x62, 0x6C,
    0x6F, 0x63, 0x6B, 0x5F, 0x73, 0x63, 0x6F, 0x70, 0x65, 0x73, 0x00, 0x24,
    0x00, 0x00, 0x00, 0x10, 0x73, 0x61, 0x6D, 0x65, 0x5F, 0x6E, 0x6F, 0x64,
    0x65, 0x00, 0x25, 0x00, 0x00, 0x00, 0x10, 0x69, 0x73, 0x5F, 0x70, 0x00,
    0x26, 0x00, 0x00, 0x00, 0x00,
};

static const uint32_t context_code[] = {
    0x00000047,                /* 0000  import L0 <- static#0   ("std") */
    0x00000043,                /* 0001  gset g0 <- L0   (std) */
    0x00010047,                /* 0002  import L0 <- static#1   ("std::pairs") */
    0x000100B5, 0x00000000,    /* 0003  import_star static#1 except 0, 0 names   ("std::pairs") */
    0x00020047,                /* 0005  import L0 <- static#2   ("wyrm") */
    0x00010043,                /* 0006  gset g1 <- L0   (wyrm) */
    0x00030047,                /* 0007  import L0 <- static#3   ("wyrm::opcodes") */
    0x000300B5, 0x00000000,    /* 0008  import_star static#3 except 0, 0 names   ("wyrm::opcodes") */
    0x00020047,                /* 000A  import L0 <- static#2   ("wyrm") */
    0x00010043,                /* 000B  gset g1 <- L0   (wyrm) */
    0x00040047,                /* 000C  import L0 <- static#4   ("wyrm::compiler") */
    0x00050047,                /* 000D  import L0 <- static#5   ("wyrm::compiler::analysis") */
    0x000500B5, 0x00000000,    /* 000E  import_star static#5 except 0, 0 names   ("wyrm::compiler::analysis") */
    0x000000C0, 0x0000FFFF,    /* 0010  i32 L0 <- 65535 */
    0x00100043,                /* 0012  gset g16 <- L0   (TABLE_LIMIT) */
    0x000000C0, 0x00007FFF,    /* 0013  i32 L0 <- 32767 */
    0x00110043,                /* 0015  gset g17 <- L0   (MAX_LOCALS) */
    0x00003A40,                /* 0016  i8 L0 <- 58 */
    0x00120043,                /* 0017  gset g18 <- L0   (COLON_CP) */
    0x000100C0, 0x0000FFFF,    /* 0018  i32 L1 <- 65535 */
    0x00021040,                /* 001A  i8 L2 <- 16 */
    0x0003008D, 0x00010002,    /* 001B  shl L3 <- L1 << L2 */
    0x000400C0, 0x0000FFFF,    /* 001D  i32 L4 <- 65535 */
    0x0000008C, 0x00030004,    /* 001F  bor L0 <- L3 | L4 */
    0x00130043,                /* 0021  gset g19 <- L0   (U32_MASK) */
    0x000100C0, 0x0000FFFF,    /* 0022  i32 L1 <- 65535 */
    0x00021040,                /* 0024  i8 L2 <- 16 */
    0x0000008D, 0x00010002,    /* 0025  shl L0 <- L1 << L2 */
    0x00140043,                /* 0027  gset g20 <- L0   (U32_HIGH_MASK) */
    0x00060146,                /* 0028  lconst L1 <- static#6   ("__ARGS") */
    0x00000182, 0x00010000,    /* 0029  list L0 <- L1, 1 items */
    0x00150043,                /* 002B  gset g21 <- L0   (HOST_GLOBALS) */
    0x00070146,                /* 002C  lconst L1 <- static#7   ("$set_car") */
    0x00080246,                /* 002D  lconst L2 <- static#8   ("$set_cdr") */
    0x00090346,                /* 002E  lconst L3 <- static#9   ("OSError") */
    0x000A0446,                /* 002F  lconst L4 <- static#10   ("OutOfMemory") */
    0x000B0546,                /* 0030  lconst L5 <- static#11   ("RuntimeError") */
    0x000C0646,                /* 0031  lconst L6 <- static#12   ("StopIteration") */
    0x000D0746,                /* 0032  lconst L7 <- static#13   ("TreeBase") */
    0x000E0846,                /* 0033  lconst L8 <- static#14   ("__STDERR") */
    0x000F0946,                /* 0034  lconst L9 <- static#15   ("__STDIN") */
    0x00100A46,                /* 0035  lconst L10 <- static#16   ("__STDOUT") */
    0x00110B46,                /* 0036  lconst L11 <- static#17   ("__argv") */
    0x00120C46,                /* 0037  lconst L12 <- static#18   ("__close") */
    0x00130D46,                /* 0038  lconst L13 <- static#19   ("__dbus_connect_session") */
    0x00140E46,                /* 0039  lconst L14 <- static#20   ("__dbus_connected") */
    0x00150F46,                /* 003A  lconst L15 <- static#21   ("__dbus_register_class") */
    0x00161046,                /* 003B  lconst L16 <- static#22   ("__dbus_register_object") */
    0x00171146,                /* 003C  lconst L17 <- static#23   ("__dbus_request_name") */
    0x00181246,                /* 003D  lconst L18 <- static#24   ("__dbus_run") */
    0x00191346,                /* 003E  lconst L19 <- static#25   ("__dbus_stop") */
    0x001A1446,                /* 003F  lconst L20 <- static#26   ("__dup2") */
    0x001B1546,                /* 0040  lconst L21 <- static#27   ("__dynamic__") */
    0x001C1646,                /* 0041  lconst L22 <- static#28   ("__environ") */
    0x001D1746,                /* 0042  lconst L23 <- static#29   ("__flush") */
    0x001E1846,                /* 0043  lconst L24 <- static#30   ("__lseek") */
    0x001F1946,                /* 0044  lconst L25 <- static#31   ("__name__") */
    0x00201A46,                /* 0045  lconst L26 <- static#32   ("__nng_close") */
    0x00211B46,                /* 0046  lconst L27 <- static#33   ("__nng_dial") */
    0x00221C46,                /* 0047  lconst L28 <- static#34   ("__nng_listen") */
    0x00231D46,                /* 0048  lconst L29 <- static#35   ("__nng_open") */
    0x00241E46,                /* 0049  lconst L30 <- static#36   ("__nng_recv") */
    0x00251F46,                /* 004A  lconst L31 <- static#37   ("__nng_send") */
    0x00262046,                /* 004B  lconst L32 <- static#38   ("__nng_subscribe") */
    0x00272146,                /* 004C  lconst L33 <- static#39   ("__open") */
    0x00282246,                /* 004D  lconst L34 <- static#40   ("__read") */
    0x00292346,                /* 004E  lconst L35 <- static#41   ("__sock_accept") */
    0x002A2446,                /* 004F  lconst L36 <- static#42   ("__sock_bind") */
    0x002B2546,                /* 0050  lconst L37 <- static#43   ("__sock_close") */
    0x002C2646,                /* 0051  lconst L38 <- static#44   ("__sock_connect") */
    0x002D2746,                /* 0052  lconst L39 <- static#45   ("__sock_create") */
    0x002E2846,                /* 0053  lconst L40 <- static#46   ("__sock_listen") */
    0x002F2946,                /* 0054  lconst L41 <- static#47   ("__sock_recv") */
    0x00302A46,                /* 0055  lconst L42 <- static#48   ("__sock_recvfrom") */
    0x00312B46,                /* 0056  lconst L43 <- static#49   ("__sock_send") */
    0x00322C46,                /* 0057  lconst L44 <- static#50   ("__sock_sendto") */
    0x00332D46,                /* 0058  lconst L45 <- static#51   ("__term_isatty") */
    0x00342E46,                /* 0059  lconst L46 <- static#52   ("__term_raw_disable") */
    0x00352F46,                /* 005A  lconst L47 <- static#53   ("__term_raw_enable") */
    0x00363046,                /* 005B  lconst L48 <- static#54   ("__term_read_key") */
    0x00373146,                /* 005C  lconst L49 <- static#55   ("__term_size") */
    0x00383246,                /* 005D  lconst L50 <- static#56   ("__write") */
    0x00393346,                /* 005E  lconst L51 <- static#57   ("bind_message") */
    0x003A3446,                /* 005F  lconst L52 <- static#58   ("bool") */
    0x003B3546,                /* 0060  lconst L53 <- static#59   ("bytes") */
    0x003C3646,                /* 0061  lconst L54 <- static#60   ("car") */
    0x003D3746,                /* 0062  lconst L55 <- static#61   ("cdr") */
    0x003E3846,                /* 0063  lconst L56 <- static#62   ("cons") */
    0x003F3946,                /* 0064  lconst L57 <- static#63   ("copy") */
    0x00403A46,                /* 0065  lconst L58 <- static#64   ("end") */
    0x00413B46,                /* 0066  lconst L59 <- static#65   ("error") */
    0x00423C46,                /* 0067  lconst L60 <- static#66   ("error_message") */
    0x00433D46,                /* 0068  lconst L61 <- static#67   ("exit") */
    0x00443E46,                /* 0069  lconst L62 <- static#68   ("float") */
    0x00453F46,                /* 006A  lconst L63 <- static#69   ("help") */
    0x00464046,                /* 006B  lconst L64 <- static#70   ("int") */
    0x00474146,                /* 006C  lconst L65 <- static#71   ("len") */
    0x00484246,                /* 006D  lconst L66 <- static#72   ("macroexpand") */
    0x00494346,                /* 006E  lconst L67 <- static#73   ("next") */
    0x004A4446,                /* 006F  lconst L68 <- static#74   ("nil") */
    0x004B4546,                /* 0070  lconst L69 <- static#75   ("nreverse") */
    0x004C4646,                /* 0071  lconst L70 <- static#76   ("pair") */
    0x004D4746,                /* 0072  lconst L71 <- static#77   ("parse") */
    0x004E4846,                /* 0073  lconst L72 <- static#78   ("print") */
    0x004F4946,                /* 0074  lconst L73 <- static#79   ("println") */
    0x00504A46,                /* 0075  lconst L74 <- static#80   ("range") */
    0x00514B46,                /* 0076  lconst L75 <- static#81   ("resolve") */
    0x00524C46,                /* 0077  lconst L76 <- static#82   ("reverse") */
    0x00534D46,                /* 0078  lconst L77 <- static#83   ("send") */
    0x00544E46,                /* 0079  lconst L78 <- static#84   ("sexpr") */
    0x00554F46,                /* 007A  lconst L79 <- static#85   ("str") */
    0x00565046,                /* 007B  lconst L80 <- static#86   ("sym") */
    0x00575146,                /* 007C  lconst L81 <- static#87   ("tree_box") */
    0x00585246,                /* 007D  lconst L82 <- static#88   ("tuple") */
    0x00065346,                /* 007E  lconst L83 <- static#6   ("__ARGS") */
    0x00005382, 0x00010000,    /* 007F  list L0 <- L1, 83 items */
    0x00160043,                /* 0081  gset g22 <- L0   (BUILTIN_NAMES) */
    0x000000A8, 0x00000000,    /* 0082  closure L0 <- fn#0, 0 caps */
    0x00020043,                /* 0084  gset g2 <- L0   (pack_pairable) */
    0x000000A8, 0x00010000,    /* 0085  closure L0 <- fn#1, 0 caps */
    0x00030043,                /* 0087  gset g3 <- L0   (_pool_kind) */
    0x000000A8, 0x00020000,    /* 0088  closure L0 <- fn#2, 0 caps */
    0x00040043,                /* 008A  gset g4 <- L0   (_static_key) */
    0x000000A8, 0x00030000,    /* 008B  closure L0 <- fn#3, 0 caps */
    0x00050043,                /* 008D  gset g5 <- L0   (make_global_slot) */
    0x000000A9, 0x00000000,    /* 008E  class L0 <- class#0 */
    0x00060043,                /* 0090  gset g6 <- L0   (ModuleImage) */
    0x000000A8, 0x00050000,    /* 0091  closure L0 <- fn#5, 0 caps */
    0x00060142,                /* 0093  gget L1 <- g6   (ModuleImage) */
    0x00020181, 0x00010000,    /* 0094  tuple L2 <- L1, 1 items */
    0x000000AC, 0x00000002,    /* 0096  reg_msg msg#0 <- L0, types L2   (_next_index) */
    0x000000A8, 0x00060000,    /* 0098  closure L0 <- fn#6, 0 caps */
    0x00060142,                /* 009A  gget L1 <- g6   (ModuleImage) */
    0x00020181, 0x00010000,    /* 009B  tuple L2 <- L1, 1 items */
    0x000200AC, 0x00000002,    /* 009D  reg_msg msg#2 <- L0, types L2   (add_static) */
    0x000000A8, 0x00070000,    /* 009F  closure L0 <- fn#7, 0 caps */
    0x00060142,                /* 00A1  gget L1 <- g6   (ModuleImage) */
    0x00020181, 0x00010000,    /* 00A2  tuple L2 <- L1, 1 items */
    0x000300AC, 0x00000002,    /* 00A4  reg_msg msg#3 <- L0, types L2   (add_free_global) */
    0x000000A8, 0x00080000,    /* 00A6  closure L0 <- fn#8, 0 caps */
    0x00060142,                /* 00A8  gget L1 <- g6   (ModuleImage) */
    0x00020181, 0x00010000,    /* 00A9  tuple L2 <- L1, 1 items */
    0x000400AC, 0x00000002,    /* 00AB  reg_msg msg#4 <- L0, types L2   (add_shadow_global) */
    0x000000A8, 0x00090000,    /* 00AD  closure L0 <- fn#9, 0 caps */
    0x00060142,                /* 00AF  gget L1 <- g6   (ModuleImage) */
    0x00020181, 0x00010000,    /* 00B0  tuple L2 <- L1, 1 items */
    0x000500AC, 0x00000002,    /* 00B2  reg_msg msg#5 <- L0, types L2   (add_symbol) */
    0x000000A8, 0x000A0000,    /* 00B4  closure L0 <- fn#10, 0 caps */
    0x00060142,                /* 00B6  gget L1 <- g6   (ModuleImage) */
    0x00020181, 0x00010000,    /* 00B7  tuple L2 <- L1, 1 items */
    0x000600AC, 0x00000002,    /* 00B9  reg_msg msg#6 <- L0, types L2   (add_message) */
    0x000000A8, 0x000B0000,    /* 00BB  closure L0 <- fn#11, 0 caps */
    0x00060142,                /* 00BD  gget L1 <- g6   (ModuleImage) */
    0x00020181, 0x00010000,    /* 00BE  tuple L2 <- L1, 1 items */
    0x000700AC, 0x00000002,    /* 00C0  reg_msg msg#7 <- L0, types L2   (add_global) */
    0x000000A8, 0x000C0000,    /* 00C2  closure L0 <- fn#12, 0 caps */
    0x00060142,                /* 00C4  gget L1 <- g6   (ModuleImage) */
    0x00020181, 0x00010000,    /* 00C5  tuple L2 <- L1, 1 items */
    0x000800AC, 0x00000002,    /* 00C7  reg_msg msg#8 <- L0, types L2   (add_global_default) */
    0x000000A8, 0x000D0000,    /* 00C9  closure L0 <- fn#13, 0 caps */
    0x00060142,                /* 00CB  gget L1 <- g6   (ModuleImage) */
    0x00020181, 0x00010000,    /* 00CC  tuple L2 <- L1, 1 items */
    0x000900AC, 0x00000002,    /* 00CE  reg_msg msg#9 <- L0, types L2   (global_index) */
    0x000000A8, 0x000E0000,    /* 00D0  closure L0 <- fn#14, 0 caps */
    0x00060142,                /* 00D2  gget L1 <- g6   (ModuleImage) */
    0x00020181, 0x00010000,    /* 00D3  tuple L2 <- L1, 1 items */
    0x000A00AC, 0x00000002,    /* 00D5  reg_msg msg#10 <- L0, types L2   (add_function) */
    0x000000A8, 0x000F0000,    /* 00D7  closure L0 <- fn#15, 0 caps */
    0x00060142,                /* 00D9  gget L1 <- g6   (ModuleImage) */
    0x00020181, 0x00010000,    /* 00DA  tuple L2 <- L1, 1 items */
    0x000B00AC, 0x00000002,    /* 00DC  reg_msg msg#11 <- L0, types L2   (add_class) */
    0x000000A8, 0x00100000,    /* 00DE  closure L0 <- fn#16, 0 caps */
    0x00060142,                /* 00E0  gget L1 <- g6   (ModuleImage) */
    0x00020181, 0x00010000,    /* 00E1  tuple L2 <- L1, 1 items */
    0x000C00AC, 0x00000002,    /* 00E3  reg_msg msg#12 <- L0, types L2   (here) */
    0x000000A8, 0x00110000,    /* 00E5  closure L0 <- fn#17, 0 caps */
    0x00060142,                /* 00E7  gget L1 <- g6   (ModuleImage) */
    0x00020181, 0x00010000,    /* 00E8  tuple L2 <- L1, 1 items */
    0x000D00AC, 0x00000002,    /* 00EA  reg_msg msg#13 <- L0, types L2   (emit_words) */
    0x000000A8, 0x00120000,    /* 00EC  closure L0 <- fn#18, 0 caps */
    0x00070043,                /* 00EE  gset g7 <- L0   (make_fn_param) */
    0x000000A8, 0x00130000,    /* 00EF  closure L0 <- fn#19, 0 caps */
    0x00080043,                /* 00F1  gset g8 <- L0   (make_class_slot) */
    0x000000A8, 0x00140000,    /* 00F2  closure L0 <- fn#20, 0 caps */
    0x00090043,                /* 00F4  gset g9 <- L0   (_or_empty) */
    0x000000A8, 0x00150000,    /* 00F5  closure L0 <- fn#21, 0 caps */
    0x000A0043,                /* 00F7  gset g10 <- L0   (_path_char) */
    0x000000A8, 0x00160000,    /* 00F8  closure L0 <- fn#22, 0 caps */
    0x000B0043,                /* 00FA  gset g11 <- L0   (_path_parts) */
    0x000000A8, 0x00170000,    /* 00FB  closure L0 <- fn#23, 0 caps */
    0x000C0043,                /* 00FD  gset g12 <- L0   (_join_parts) */
    0x000000A9, 0x00010000,    /* 00FE  class L0 <- class#1 */
    0x000D0043,                /* 0100  gset g13 <- L0   (Label) */
    0x000000A9, 0x00020000,    /* 0101  class L0 <- class#2 */
    0x000E0043,                /* 0103  gset g14 <- L0   (FnContext) */
    0x000000A8, 0x001A0000,    /* 0104  closure L0 <- fn#26, 0 caps */
    0x000E0142,                /* 0106  gget L1 <- g14   (FnContext) */
    0x00020181, 0x00010000,    /* 0107  tuple L2 <- L1, 1 items */
    0x001100AC, 0x00000002,    /* 0109  reg_msg msg#17 <- L0, types L2   (declare) */
    0x000000A8, 0x001B0000,    /* 010B  closure L0 <- fn#27, 0 caps */
    0x000E0142,                /* 010D  gget L1 <- g14   (FnContext) */
    0x00020181, 0x00010000,    /* 010E  tuple L2 <- L1, 1 items */
    0x001400AC, 0x00000002,    /* 0110  reg_msg msg#20 <- L0, types L2   (declare_block) */
    0x000000A8, 0x001C0000,    /* 0112  closure L0 <- fn#28, 0 caps */
    0x000E0142,                /* 0114  gget L1 <- g14   (FnContext) */
    0x00020181, 0x00010000,    /* 0115  tuple L2 <- L1, 1 items */
    0x001500AC, 0x00000002,    /* 0117  reg_msg msg#21 <- L0, types L2   (frame_storage) */
    0x000000A8, 0x001D0000,    /* 0119  closure L0 <- fn#29, 0 caps */
    0x000E0142,                /* 011B  gget L1 <- g14   (FnContext) */
    0x00020181, 0x00010000,    /* 011C  tuple L2 <- L1, 1 items */
    0x001600AC, 0x00000002,    /* 011E  reg_msg msg#22 <- L0, types L2   (allocate_block_scopes) */
    0x000000A8, 0x001E0000,    /* 0120  closure L0 <- fn#30, 0 caps */
    0x000E0142,                /* 0122  gget L1 <- g14   (FnContext) */
    0x00020181, 0x00010000,    /* 0123  tuple L2 <- L1, 1 items */
    0x001700AC, 0x00000002,    /* 0125  reg_msg msg#23 <- L0, types L2   (push_block) */
    0x000000A8, 0x001F0000,    /* 0127  closure L0 <- fn#31, 0 caps */
    0x000E0142,                /* 0129  gget L1 <- g14   (FnContext) */
    0x00020181, 0x00010000,    /* 012A  tuple L2 <- L1, 1 items */
    0x001900AC, 0x00000002,    /* 012C  reg_msg msg#25 <- L0, types L2   (pop_block) */
    0x000000A8, 0x00200000,    /* 012E  closure L0 <- fn#32, 0 caps */
    0x000E0142,                /* 0130  gget L1 <- g14   (FnContext) */
    0x00020181, 0x00010000,    /* 0131  tuple L2 <- L1, 1 items */
    0x001A00AC, 0x00000002,    /* 0133  reg_msg msg#26 <- L0, types L2   (block_binding) */
    0x000000A8, 0x00210000,    /* 0135  closure L0 <- fn#33, 0 caps */
    0x000E0142,                /* 0137  gget L1 <- g14   (FnContext) */
    0x00020181, 0x00010000,    /* 0138  tuple L2 <- L1, 1 items */
    0x002000AC, 0x00000002,    /* 013A  reg_msg msg#32 <- L0, types L2   (storage) */
    0x000000A8, 0x00220000,    /* 013C  closure L0 <- fn#34, 0 caps */
    0x000E0142,                /* 013E  gget L1 <- g14   (FnContext) */
    0x00020181, 0x00010000,    /* 013F  tuple L2 <- L1, 1 items */
    0x001000AC, 0x00000002,    /* 0141  reg_msg msg#16 <- L0, types L2   (declare_local) */
    0x000000A8, 0x00230000,    /* 0143  closure L0 <- fn#35, 0 caps */
    0x000E0142,                /* 0145  gget L1 <- g14   (FnContext) */
    0x00020181, 0x00010000,    /* 0146  tuple L2 <- L1, 1 items */
    0x001300AC, 0x00000002,    /* 0148  reg_msg msg#19 <- L0, types L2   (reserve_local) */
    0x000000A8, 0x00240000,    /* 014A  closure L0 <- fn#36, 0 caps */
    0x000E0142,                /* 014C  gget L1 <- g14   (FnContext) */
    0x00020181, 0x00010000,    /* 014D  tuple L2 <- L1, 1 items */
    0x002200AC, 0x00000002,    /* 014F  reg_msg msg#34 <- L0, types L2   (mark) */
    0x000000A8, 0x00250000,    /* 0151  closure L0 <- fn#37, 0 caps */
    0x000E0142,                /* 0153  gget L1 <- g14   (FnContext) */
    0x00020181, 0x00010000,    /* 0154  tuple L2 <- L1, 1 items */
    0x002300AC, 0x00000002,    /* 0156  reg_msg msg#35 <- L0, types L2   (push) */
    0x000000A8, 0x00260000,    /* 0158  closure L0 <- fn#38, 0 caps */
    0x000E0142,                /* 015A  gget L1 <- g14   (FnContext) */
    0x00020181, 0x00010000,    /* 015B  tuple L2 <- L1, 1 items */
    0x002400AC, 0x00000002,    /* 015D  reg_msg msg#36 <- L0, types L2   (free_to) */
    0x000000A8, 0x00270000,    /* 015F  closure L0 <- fn#39, 0 caps */
    0x000E0142,                /* 0161  gget L1 <- g14   (FnContext) */
    0x00020181, 0x00010000,    /* 0162  tuple L2 <- L1, 1 items */
    0x002100AC, 0x00000002,    /* 0164  reg_msg msg#33 <- L0, types L2   (_raise_high) */
    0x000000A8, 0x00280000,    /* 0166  closure L0 <- fn#40, 0 caps */
    0x000E0142,                /* 0168  gget L1 <- g14   (FnContext) */
    0x00020181, 0x00010000,    /* 0169  tuple L2 <- L1, 1 items */
    0x002500AC, 0x00000002,    /* 016B  reg_msg msg#37 <- L0, types L2   (reserve_zero) */
    0x000000A8, 0x00290000,    /* 016D  closure L0 <- fn#41, 0 caps */
    0x000E0142,                /* 016F  gget L1 <- g14   (FnContext) */
    0x00020181, 0x00010000,    /* 0170  tuple L2 <- L1, 1 items */
    0x002600AC, 0x00000002,    /* 0172  reg_msg msg#38 <- L0, types L2   (zero) */
    0x000000A8, 0x002A0000,    /* 0174  closure L0 <- fn#42, 0 caps */
    0x000E0142,                /* 0176  gget L1 <- g14   (FnContext) */
    0x00020181, 0x00010000,    /* 0177  tuple L2 <- L1, 1 items */
    0x001B00AC, 0x00000002,    /* 0179  reg_msg msg#27 <- L0, types L2   (lookup) */
    0x000000A8, 0x002B0000,    /* 017B  closure L0 <- fn#43, 0 caps */
    0x000E0142,                /* 017D  gget L1 <- g14   (FnContext) */
    0x00020181, 0x00010000,    /* 017E  tuple L2 <- L1, 1 items */
    0x000C00AC, 0x00000002,    /* 0180  reg_msg msg#12 <- L0, types L2   (here) */
    0x000000A8, 0x002C0000,    /* 0182  closure L0 <- fn#44, 0 caps */
    0x000E0142,                /* 0184  gget L1 <- g14   (FnContext) */
    0x00020181, 0x00010000,    /* 0185  tuple L2 <- L1, 1 items */
    0x000D00AC, 0x00000002,    /* 0187  reg_msg msg#13 <- L0, types L2   (emit_words) */
    0x000000A8, 0x002D0000,    /* 0189  closure L0 <- fn#45, 0 caps */
    0x000E0142,                /* 018B  gget L1 <- g14   (FnContext) */
    0x00020181, 0x00010000,    /* 018C  tuple L2 <- L1, 1 items */
    0x002700AC, 0x00000002,    /* 018E  reg_msg msg#39 <- L0, types L2   (emit_return) */
    0x000000A8, 0x002E0000,    /* 0190  closure L0 <- fn#46, 0 caps */
    0x000E0142,                /* 0192  gget L1 <- g14   (FnContext) */
    0x00020181, 0x00010000,    /* 0193  tuple L2 <- L1, 1 items */
    0x002800AC, 0x00000002,    /* 0195  reg_msg msg#40 <- L0, types L2   (reference) */
    0x000000A8, 0x002F0000,    /* 0197  closure L0 <- fn#47, 0 caps */
    0x000E0142,                /* 0199  gget L1 <- g14   (FnContext) */
    0x00020181, 0x00010000,    /* 019A  tuple L2 <- L1, 1 items */
    0x002900AC, 0x00000002,    /* 019C  reg_msg msg#41 <- L0, types L2   (new_label) */
    0x000000A8, 0x00300000,    /* 019E  closure L0 <- fn#48, 0 caps */
    0x000E0142,                /* 01A0  gget L1 <- g14   (FnContext) */
    0x00020181, 0x00010000,    /* 01A1  tuple L2 <- L1, 1 items */
    0x002A00AC, 0x00000002,    /* 01A3  reg_msg msg#42 <- L0, types L2   (mark_label) */
    0x000000A8, 0x00310000,    /* 01A5  closure L0 <- fn#49, 0 caps */
    0x000E0142,                /* 01A7  gget L1 <- g14   (FnContext) */
    0x00020181, 0x00010000,    /* 01A8  tuple L2 <- L1, 1 items */
    0x002B00AC, 0x00000002,    /* 01AA  reg_msg msg#43 <- L0, types L2   (patch_labels) */
    0x000000A8, 0x00320000,    /* 01AC  closure L0 <- fn#50, 0 caps */
    0x000E0142,                /* 01AE  gget L1 <- g14   (FnContext) */
    0x00020181, 0x00010000,    /* 01AF  tuple L2 <- L1, 1 items */
    0x002D00AC, 0x00000002,    /* 01B1  reg_msg msg#45 <- L0, types L2   (emit_jump) */
    0x000000A8, 0x00330000,    /* 01B3  closure L0 <- fn#51, 0 caps */
    0x000E0142,                /* 01B5  gget L1 <- g14   (FnContext) */
    0x00020181, 0x00010000,    /* 01B6  tuple L2 <- L1, 1 items */
    0x002C00AC, 0x00000002,    /* 01B8  reg_msg msg#44 <- L0, types L2   (patch_site) */
    0x000000A9, 0x00030000,    /* 01BA  class L0 <- class#3 */
    0x000F0043,                /* 01BC  gset g15 <- L0   (ModuleContext) */
    0x000000A8, 0x00350000,    /* 01BD  closure L0 <- fn#53, 0 caps */
    0x000F0142,                /* 01BF  gget L1 <- g15   (ModuleContext) */
    0x00020181, 0x00010000,    /* 01C0  tuple L2 <- L1, 1 items */
    0x000F00AC, 0x00000002,    /* 01C2  reg_msg msg#15 <- L0, types L2   (declare_global) */
    0x000000A8, 0x00360000,    /* 01C4  closure L0 <- fn#54, 0 caps */
    0x000F0142,                /* 01C6  gget L1 <- g15   (ModuleContext) */
    0x00020181, 0x00010000,    /* 01C7  tuple L2 <- L1, 1 items */
    0x001200AC, 0x00000002,    /* 01C9  reg_msg msg#18 <- L0, types L2   (declare_shadow_global) */
    0x000000A8, 0x00370000,    /* 01CB  closure L0 <- fn#55, 0 caps */
    0x000F0142,                /* 01CD  gget L1 <- g15   (ModuleContext) */
    0x00020181, 0x00010000,    /* 01CE  tuple L2 <- L1, 1 items */
    0x002E00AC, 0x00000002,    /* 01D0  reg_msg msg#46 <- L0, types L2   (declare_free_global) */
    0x000000A8, 0x00380000,    /* 01D2  closure L0 <- fn#56, 0 caps */
    0x000F0142,                /* 01D4  gget L1 <- g15   (ModuleContext) */
    0x00020181, 0x00010000,    /* 01D5  tuple L2 <- L1, 1 items */
    0x002F00AC, 0x00000002,    /* 01D7  reg_msg msg#47 <- L0, types L2   (name_slot) */
    0x000000A8, 0x00390000,    /* 01D9  closure L0 <- fn#57, 0 caps */
    0x000F0142,                /* 01DB  gget L1 <- g15   (ModuleContext) */
    0x00020181, 0x00010000,    /* 01DC  tuple L2 <- L1, 1 items */
    0x000900AC, 0x00000002,    /* 01DE  reg_msg msg#9 <- L0, types L2   (global_index) */
    0x000000A8, 0x003A0000,    /* 01E0  closure L0 <- fn#58, 0 caps */
    0x000F0142,                /* 01E2  gget L1 <- g15   (ModuleContext) */
    0x00020181, 0x00010000,    /* 01E3  tuple L2 <- L1, 1 items */
    0x003000AC, 0x00000002,    /* 01E5  reg_msg msg#48 <- L0, types L2   (is_local_class) */
    0x000000A8, 0x003B0000,    /* 01E7  closure L0 <- fn#59, 0 caps */
    0x000F0142,                /* 01E9  gget L1 <- g15   (ModuleContext) */
    0x00020181, 0x00010000,    /* 01EA  tuple L2 <- L1, 1 items */
    0x001C00AC, 0x00000002,    /* 01EC  reg_msg msg#28 <- L0, types L2   (is_own_slot) */
    0x000000A8, 0x003C0000,    /* 01EE  closure L0 <- fn#60, 0 caps */
    0x000F0142,                /* 01F0  gget L1 <- g15   (ModuleContext) */
    0x00020181, 0x00010000,    /* 01F1  tuple L2 <- L1, 1 items */
    0x001F00AC, 0x00000002,    /* 01F3  reg_msg msg#31 <- L0, types L2   (chain_reaches_outside) */
    0x000000A8, 0x003D0000,    /* 01F5  closure L0 <- fn#61, 0 caps */
    0x000F0142,                /* 01F7  gget L1 <- g15   (ModuleContext) */
    0x00020181, 0x00010000,    /* 01F8  tuple L2 <- L1, 1 items */
    0x003100AC, 0x00000002,    /* 01FA  reg_msg msg#49 <- L0, types L2   (slot_index) */
    0x000000A8, 0x003E0000,    /* 01FC  closure L0 <- fn#62, 0 caps */
    0x000F0142,                /* 01FE  gget L1 <- g15   (ModuleContext) */
    0x00020181, 0x00010000,    /* 01FF  tuple L2 <- L1, 1 items */
    0x003200AC, 0x00000002,    /* 0201  reg_msg msg#50 <- L0, types L2   (class_static_key) */
    0x000000A8, 0x003F0000,    /* 0203  closure L0 <- fn#63, 0 caps */
    0x000F0142,                /* 0205  gget L1 <- g15   (ModuleContext) */
    0x00020181, 0x00010000,    /* 0206  tuple L2 <- L1, 1 items */
    0x001D00AC, 0x00000002,    /* 0208  reg_msg msg#29 <- L0, types L2   (class_static_index) */
    0x000000A8, 0x00400000,    /* 020A  closure L0 <- fn#64, 0 caps */
    0x000F0142,                /* 020C  gget L1 <- g15   (ModuleContext) */
    0x00020181, 0x00010000,    /* 020D  tuple L2 <- L1, 1 items */
    0x003300AC, 0x00000002,    /* 020F  reg_msg msg#51 <- L0, types L2   (class_static) */
    0x000000A8, 0x00410000,    /* 0211  closure L0 <- fn#65, 0 caps */
    0x000F0142,                /* 0213  gget L1 <- g15   (ModuleContext) */
    0x00020181, 0x00010000,    /* 0214  tuple L2 <- L1, 1 items */
    0x001E00AC, 0x00000002,    /* 0216  reg_msg msg#30 <- L0, types L2   (is_builtin) */
    0x000000A8, 0x00420000,    /* 0218  closure L0 <- fn#66, 0 caps */
    0x000F0142,                /* 021A  gget L1 <- g15   (ModuleContext) */
    0x00020181, 0x00010000,    /* 021B  tuple L2 <- L1, 1 items */
    0x003400AC, 0x00000002,    /* 021D  reg_msg msg#52 <- L0, types L2   (builtins) */
    0x000000A8, 0x00430000,    /* 021F  closure L0 <- fn#67, 0 caps */
    0x000F0142,                /* 0221  gget L1 <- g15   (ModuleContext) */
    0x00020181, 0x00010000,    /* 0222  tuple L2 <- L1, 1 items */
    0x003500AC, 0x00000002,    /* 0224  reg_msg msg#53 <- L0, types L2   (add_pending) */
    0x000000A8, 0x00440000,    /* 0226  closure L0 <- fn#68, 0 caps */
    0x000F0142,                /* 0228  gget L1 <- g15   (ModuleContext) */
    0x00020181, 0x00010000,    /* 0229  tuple L2 <- L1, 1 items */
    0x002800AC, 0x00000002,    /* 022B  reg_msg msg#40 <- L0, types L2   (reference) */
    0x00000002,                /* 022D  return count=0 */
    0x00170542,                /* 022E  gget L5 <- g23   (lookup) */
    0x00068041,                /* 022F  move L6 <- P0 */
    0x000501A0, 0x00010000,    /* 0230  call base=L5 argc=1 nres=1 */
    0x00000541,                /* 0232  move L0 <- L5 */
    0x00410546,                /* 0233  lconst L5 <- static#65   ("error") */
    0x00060097, 0x00000005,    /* 0234  is L6 <- L0 is L5 */
    0x0001064B,                /* 0236  jf L6, +1 */
    0x00000102,                /* 0237  return L0 count=1 */
    0x005A0546,                /* 0238  lconst L5 <- static#90   ("form") */
    0x00060098, 0x00000005,    /* 0239  getidx L6 <- L0[L5] */
    0x00180742,                /* 023B  gget L7 <- g24   (PAIRABLE) */
    0x00080090, 0x00060007,    /* 023C  ne L8 <- L6 != L7 */
    0x000B084B,                /* 023E  jf L8, +11 */
    0x00190542,                /* 023F  gget L5 <- g25   (error) */
    0x005B0646,                /* 0240  lconst L6 <- static#91   ("name") */
    0x00070098, 0x00000006,    /* 0241  getidx L7 <- L0[L6] */
    0x005C0846,                /* 0243  lconst L8 <- static#92   (" is not a pairable op") */
    0x00090085, 0x00070008,    /* 0244  add L9 <- L7 + L8 */
    0x00060941,                /* 0246  move L6 <- L9 */
    0x000501A0, 0x00010000,    /* 0247  call base=L5 argc=1 nres=1 */
    0x00050102,                /* 0249  return L5 count=1 */
    0x005D0546,                /* 024A  lconst L5 <- static#93   ("wide_value") */
    0x00010098, 0x00000005,    /* 024B  getidx L1 <- L0[L5] */
    0x005E0546,                /* 024D  lconst L5 <- static#94   ("shape") */
    0x00020098, 0x00000005,    /* 024E  getidx L2 <- L0[L5] */
    0x005F0646,                /* 0250  lconst L6 <- static#95   ("inv") */
    0x0005008F, 0x00020006,    /* 0251  eq L5 <- L2 == L6 */
    0x0003054C,                /* 0253  jt L5, +3 */
    0x00600646,                /* 0254  lconst L6 <- static#96   ("reg") */
    0x0005008F, 0x00020006,    /* 0255  eq L5 <- L2 == L6 */
    0x002A054B,                /* 0257  jf L5, +42 */
    0x001A0542,                /* 0258  gget L5 <- g26   (to_reg8) */
    0x00068241,                /* 0259  move L6 <- P2 */
    0x000501A0, 0x00010000,    /* 025A  call base=L5 argc=1 nres=1 */
    0x00030541,                /* 025C  move L3 <- L5 */
    0x004A0546,                /* 025D  lconst L5 <- static#74   ("nil") */
    0x00060097, 0x00030005,    /* 025E  is L6 <- L3 is L5 */
    0x000F064B,                /* 0260  jf L6, +15 */
    0x001B0542,                /* 0261  gget L5 <- g27   (pack) */
    0x00080141,                /* 0262  move L8 <- L1 */
    0x00090181, 0x00080000,    /* 0263  tuple L9 <- L8, 1 items */
    0x00060941,                /* 0265  move L6 <- L9 */
    0x00610846,                /* 0266  lconst L8 <- static#97   ("a0") */
    0x00098141,                /* 0267  move L9 <- P1 */
    0x00620A46,                /* 0268  lconst L10 <- static#98   ("a1") */
    0x000B8241,                /* 0269  move L11 <- P2 */
    0x000C0283, 0x00080000,    /* 026A  dict L12 <- L8, 2 pairs */
    0x00070C41,                /* 026C  move L7 <- L12 */
    0x000500A1, 0x00010000,    /* 026D  call_va base=L5 nres=1 */
    0x00050102,                /* 026F  return L5 count=1 */
    0x001B0542,                /* 0270  gget L5 <- g27   (pack) */
    0x00630846,                /* 0271  lconst L8 <- static#99   ("value") */
    0x00090098, 0x00000008,    /* 0272  getidx L9 <- L0[L8] */
    0x00080941,                /* 0274  move L8 <- L9 */
    0x00090181, 0x00080000,    /* 0275  tuple L9 <- L8, 1 items */
    0x00060941,                /* 0277  move L6 <- L9 */
    0x00610846,                /* 0278  lconst L8 <- static#97   ("a0") */
    0x00098141,                /* 0279  move L9 <- P1 */
    0x00640A46,                /* 027A  lconst L10 <- static#100   ("f") */
    0x000B0341,                /* 027B  move L11 <- L3 */
    0x000C0283, 0x00080000,    /* 027C  dict L12 <- L8, 2 pairs */
    0x00070C41,                /* 027E  move L7 <- L12 */
    0x000500A1, 0x00010000,    /* 027F  call_va base=L5 nres=1 */
    0x00050102,                /* 0281  return L5 count=1 */
    0x00650546,                /* 0282  lconst L5 <- static#101   ("imm") */
    0x0006008F, 0x00020005,    /* 0283  eq L6 <- L2 == L5 */
    0x002D064B,                /* 0285  jf L6, +45 */
    0x001C0542,                /* 0286  gget L5 <- g28   (fits_i8) */
    0x00068241,                /* 0287  move L6 <- P2 */
    0x000501A0, 0x00010000,    /* 0288  call base=L5 argc=1 nres=1 */
    0x0016054B,                /* 028A  jf L5, +22 */
    0x001B0542,                /* 028B  gget L5 <- g27   (pack) */
    0x00630846,                /* 028C  lconst L8 <- static#99   ("value") */
    0x00090098, 0x00000008,    /* 028D  getidx L9 <- L0[L8] */
    0x00080941,                /* 028F  move L8 <- L9 */
    0x00090181, 0x00080000,    /* 0290  tuple L9 <- L8, 1 items */
    0x00060941,                /* 0292  move L6 <- L9 */
    0x00610846,                /* 0293  lconst L8 <- static#97   ("a0") */
    0x00098141,                /* 0294  move L9 <- P1 */
    0x00640A46,                /* 0295  lconst L10 <- static#100   ("f") */
    0x000B00C0, 0x000000FF,    /* 0296  i32 L11 <- 255 */
    0x000C008B, 0x8002000B,    /* 0298  band L12 <- P2 & L11 */
    0x000B0C41,                /* 029A  move L11 <- L12 */
    0x000C0283, 0x00080000,    /* 029B  dict L12 <- L8, 2 pairs */
    0x00070C41,                /* 029D  move L7 <- L12 */
    0x000500A1, 0x00010000,    /* 029E  call_va base=L5 nres=1 */
    0x00050102,                /* 02A0  return L5 count=1 */
    0x001B0542,                /* 02A1  gget L5 <- g27   (pack) */
    0x00080141,                /* 02A2  move L8 <- L1 */
    0x00090181, 0x00080000,    /* 02A3  tuple L9 <- L8, 1 items */
    0x00060941,                /* 02A5  move L6 <- L9 */
    0x00610846,                /* 02A6  lconst L8 <- static#97   ("a0") */
    0x00098141,                /* 02A7  move L9 <- P1 */
    0x00660A46,                /* 02A8  lconst L10 <- static#102   ("w1") */
    0x00130B42,                /* 02A9  gget L11 <- g19   (U32_MASK) */
    0x000C008B, 0x8002000B,    /* 02AA  band L12 <- P2 & L11 */
    0x000B0C41,                /* 02AC  move L11 <- L12 */
    0x000C0283, 0x00080000,    /* 02AD  dict L12 <- L8, 2 pairs */
    0x00070C41,                /* 02AF  move L7 <- L12 */
    0x000500A1, 0x00010000,    /* 02B0  call_va base=L5 nres=1 */
    0x00050102,                /* 02B2  return L5 count=1 */
    0x00670546,                /* 02B3  lconst L5 <- static#103   ("jcond") */
    0x0006008F, 0x00020005,    /* 02B4  eq L6 <- L2 == L5 */
    0x0037064B,                /* 02B6  jf L6, +55 */
    0x001A0542,                /* 02B7  gget L5 <- g26   (to_reg8) */
    0x00068141,                /* 02B8  move L6 <- P1 */
    0x000501A0, 0x00010000,    /* 02B9  call base=L5 argc=1 nres=1 */
    0x00040541,                /* 02BB  move L4 <- L5 */
    0x004A0646,                /* 02BC  lconst L6 <- static#74   ("nil") */
    0x00050097, 0x00040006,    /* 02BD  is L5 <- L4 is L6 */
    0x0005054C,                /* 02BF  jt L5, +5 */
    0x001D0642,                /* 02C0  gget L6 <- g29   (fits_i16) */
    0x00078241,                /* 02C1  move L7 <- P2 */
    0x000601A0, 0x00010000,    /* 02C2  call base=L6 argc=1 nres=1 */
    0x0005064A,                /* 02C4  not L5 <- L6 */
    0x0012054B,                /* 02C5  jf L5, +18 */
    0x001B0542,                /* 02C6  gget L5 <- g27   (pack) */
    0x00080141,                /* 02C7  move L8 <- L1 */
    0x00090181, 0x00080000,    /* 02C8  tuple L9 <- L8, 1 items */
    0x00060941,                /* 02CA  move L6 <- L9 */
    0x00610846,                /* 02CB  lconst L8 <- static#97   ("a0") */
    0x00098141,                /* 02CC  move L9 <- P1 */
    0x00660A46,                /* 02CD  lconst L10 <- static#102   ("w1") */
    0x00130B42,                /* 02CE  gget L11 <- g19   (U32_MASK) */
    0x000C008B, 0x8002000B,    /* 02CF  band L12 <- P2 & L11 */
    0x000B0C41,                /* 02D1  move L11 <- L12 */
    0x000C0283, 0x00080000,    /* 02D2  dict L12 <- L8, 2 pairs */
    0x00070C41,                /* 02D4  move L7 <- L12 */
    0x000500A1, 0x00010000,    /* 02D5  call_va base=L5 nres=1 */
    0x00050102,                /* 02D7  return L5 count=1 */
    0x001B0542,                /* 02D8  gget L5 <- g27   (pack) */
    0x00630846,                /* 02D9  lconst L8 <- static#99   ("value") */
    0x00090098, 0x00000008,    /* 02DA  getidx L9 <- L0[L8] */
    0x00080941,                /* 02DC  move L8 <- L9 */
    0x00090181, 0x00080000,    /* 02DD  tuple L9 <- L8, 1 items */
    0x00060941,                /* 02DF  move L6 <- L9 */
    0x00610846,                /* 02E0  lconst L8 <- static#97   ("a0") */
    0x000900C0, 0x0000FFFF,    /* 02E1  i32 L9 <- 65535 */
    0x000A008B, 0x80020009,    /* 02E3  band L10 <- P2 & L9 */
    0x00090A41,                /* 02E5  move L9 <- L10 */
    0x00640A46,                /* 02E6  lconst L10 <- static#100   ("f") */
    0x000B0441,                /* 02E7  move L11 <- L4 */
    0x000C0283, 0x00080000,    /* 02E8  dict L12 <- L8, 2 pairs */
    0x00070C41,                /* 02EA  move L7 <- L12 */
    0x000500A1, 0x00010000,    /* 02EB  call_va base=L5 nres=1 */
    0x00050102,                /* 02ED  return L5 count=1 */
    0x00680546,                /* 02EE  lconst L5 <- static#104   ("jmp") */
    0x0006008F, 0x00020005,    /* 02EF  eq L6 <- L2 == L5 */
    0x0029064B,                /* 02F1  jf L6, +41 */
    0x001D0542,                /* 02F2  gget L5 <- g29   (fits_i16) */
    0x00068241,                /* 02F3  move L6 <- P2 */
    0x000501A0, 0x00010000,    /* 02F4  call base=L5 argc=1 nres=1 */
    0x0014054B,                /* 02F6  jf L5, +20 */
    0x001B0542,                /* 02F7  gget L5 <- g27   (pack) */
    0x00630846,                /* 02F8  lconst L8 <- static#99   ("value") */
    0x00090098, 0x00000008,    /* 02F9  getidx L9 <- L0[L8] */
    0x00080941,                /* 02FB  move L8 <- L9 */
    0x00090181, 0x00080000,    /* 02FC  tuple L9 <- L8, 1 items */
    0x00060941,                /* 02FE  move L6 <- L9 */
    0x00610846,                /* 02FF  lconst L8 <- static#97   ("a0") */
    0x000900C0, 0x0000FFFF,    /* 0300  i32 L9 <- 65535 */
    0x000A008B, 0x80020009,    /* 0302  band L10 <- P2 & L9 */
    0x00090A41,                /* 0304  move L9 <- L10 */
    0x000A0183, 0x00080000,    /* 0305  dict L10 <- L8, 1 pairs */
    0x00070A41,                /* 0307  move L7 <- L10 */
    0x000500A1, 0x00010000,    /* 0308  call_va base=L5 nres=1 */
    0x00050102,                /* 030A  return L5 count=1 */
    0x001B0542,                /* 030B  gget L5 <- g27   (pack) */
    0x00080141,                /* 030C  move L8 <- L1 */
    0x00090181, 0x00080000,    /* 030D  tuple L9 <- L8, 1 items */
    0x00060941,                /* 030F  move L6 <- L9 */
    0x00660846,                /* 0310  lconst L8 <- static#102   ("w1") */
    0x00130942,                /* 0311  gget L9 <- g19   (U32_MASK) */
    0x000A008B, 0x80020009,    /* 0312  band L10 <- P2 & L9 */
    0x00090A41,                /* 0314  move L9 <- L10 */
    0x000A0183, 0x00080000,    /* 0315  dict L10 <- L8, 1 pairs */
    0x00070A41,                /* 0317  move L7 <- L10 */
    0x000500A1, 0x00010000,    /* 0318  call_va base=L5 nres=1 */
    0x00050102,                /* 031A  return L5 count=1 */
    0x00190542,                /* 031B  gget L5 <- g25   (error) */
    0x005B0646,                /* 031C  lconst L6 <- static#91   ("name") */
    0x00070098, 0x00000006,    /* 031D  getidx L7 <- L0[L6] */
    0x00690846,                /* 031F  lconst L8 <- static#105   (": unknown pairable shape ") */
    0x00090085, 0x00070008,    /* 0320  add L9 <- L7 + L8 */
    0x001E0A42,                /* 0322  gget L10 <- g30   (str) */
    0x000B0241,                /* 0323  move L11 <- L2 */
    0x000A01A0, 0x00010000,    /* 0324  call base=L10 argc=1 nres=1 */
    0x000B0085, 0x0009000A,    /* 0326  add L11 <- L9 + L10 */
    0x00060B41,                /* 0328  move L6 <- L11 */
    0x000501A0, 0x00010000,    /* 0329  call base=L5 argc=1 nres=1 */
    0x00050102,                /* 032B  return L5 count=1 */
    0x004A0046,                /* 032C  lconst L0 <- static#74   ("nil") */
    0x00010097, 0x80000000,    /* 032D  is L1 <- P0 is L0 */
    0x0002014B,                /* 032F  jf L1, +2 */
    0x004A0046,                /* 0330  lconst L0 <- static#74   ("nil") */
    0x00000102,                /* 0331  return L0 count=1 */
    0x003A0046,                /* 0332  lconst L0 <- static#58   ("bool") */
    0x00010097, 0x80000000,    /* 0333  is L1 <- P0 is L0 */
    0x0002014B,                /* 0335  jf L1, +2 */
    0x003A0046,                /* 0336  lconst L0 <- static#58   ("bool") */
    0x00000102,                /* 0337  return L0 count=1 */
    0x00460046,                /* 0338  lconst L0 <- static#70   ("int") */
    0x00010097, 0x80000000,    /* 0339  is L1 <- P0 is L0 */
    0x0002014B,                /* 033B  jf L1, +2 */
    0x00460046,                /* 033C  lconst L0 <- static#70   ("int") */
    0x00000102,                /* 033D  return L0 count=1 */
    0x00440046,                /* 033E  lconst L0 <- static#68   ("float") */
    0x00010097, 0x80000000,    /* 033F  is L1 <- P0 is L0 */
    0x0002014B,                /* 0341  jf L1, +2 */
    0x00440046,                /* 0342  lconst L0 <- static#68   ("float") */
    0x00000102,                /* 0343  return L0 count=1 */
    0x00550046,                /* 0344  lconst L0 <- static#85   ("str") */
    0x00010097, 0x80000000,    /* 0345  is L1 <- P0 is L0 */
    0x0002014B,                /* 0347  jf L1, +2 */
    0x00550046,                /* 0348  lconst L0 <- static#85   ("str") */
    0x00000102,                /* 0349  return L0 count=1 */
    0x00560046,                /* 034A  lconst L0 <- static#86   ("sym") */
    0x00010097, 0x80000000,    /* 034B  is L1 <- P0 is L0 */
    0x0002014B,                /* 034D  jf L1, +2 */
    0x00560046,                /* 034E  lconst L0 <- static#86   ("sym") */
    0x00000102,                /* 034F  return L0 count=1 */
    0x003B0046,                /* 0350  lconst L0 <- static#59   ("bytes") */
    0x00010097, 0x80000000,    /* 0351  is L1 <- P0 is L0 */
    0x0002014B,                /* 0353  jf L1, +2 */
    0x003B0046,                /* 0354  lconst L0 <- static#59   ("bytes") */
    0x00000102,                /* 0355  return L0 count=1 */
    0x006A0046,                /* 0356  lconst L0 <- static#106   ("other") */
    0x00000102,                /* 0357  return L0 count=1 */
    0x00030042,                /* 0358  gget L0 <- g3   (_pool_kind) */
    0x00018041,                /* 0359  move L1 <- P0 */
    0x000001A0, 0x00010000,    /* 035A  call base=L0 argc=1 nres=1 */
    0x006B0146,                /* 035C  lconst L1 <- static#107   (":") */
    0x00020085, 0x00000001,    /* 035D  add L2 <- L0 + L1 */
    0x001E0342,                /* 035F  gget L3 <- g30   (str) */
    0x00048041,                /* 0360  move L4 <- P0 */
    0x000301A0, 0x00010000,    /* 0361  call base=L3 argc=1 nres=1 */
    0x00040085, 0x00020003,    /* 0363  add L4 <- L2 + L3 */
    0x00040102,                /* 0365  return L4 count=1 */
    0x005B0046,                /* 0366  lconst L0 <- static#91   ("name") */
    0x00018041,                /* 0367  move L1 <- P0 */
    0x006C0246,                /* 0368  lconst L2 <- static#108   ("has_default") */
    0x00030004,                /* 0369  lbool L3 <- 0 */
    0x006D0446,                /* 036A  lconst L4 <- static#109   ("default") */
    0x00050003,                /* 036B  lnil L5 */
    0x006E0646,                /* 036C  lconst L6 <- static#110   ("exported") */
    0x00078141,                /* 036D  move L7 <- P1 */
    0x006F0846,                /* 036E  lconst L8 <- static#111   ("free") */
    0x00098241,                /* 036F  move L9 <- P2 */
    0x000A0583, 0x00000000,    /* 0370  dict L10 <- L0, 5 pairs */
    0x000A0102,                /* 0372  return L10 count=1 */
    0x00018141,                /* 0373  move L1 <- P1 */
    0x8000009B, 0x00000001,    /* 0374  setattr P0.sym#0 <- L1   ("module_name") */
    0x00010082, 0x00020000,    /* 0376  list L1 <- L2, 0 items */
    0x8000009B, 0x00010001,    /* 0378  setattr P0.sym#1 <- L1   ("statics") */
    0x00010082, 0x00020000,    /* 037A  list L1 <- L2, 0 items */
    0x8000009B, 0x00020001,    /* 037C  setattr P0.sym#2 <- L1   ("symbols") */
    0x00010082, 0x00020000,    /* 037E  list L1 <- L2, 0 items */
    0x8000009B, 0x00030001,    /* 0380  setattr P0.sym#3 <- L1   ("messages") */
    0x00010082, 0x00020000,    /* 0382  list L1 <- L2, 0 items */
    0x8000009B, 0x00040001,    /* 0384  setattr P0.sym#4 <- L1   ("globals") */
    0x00010082, 0x00020000,    /* 0386  list L1 <- L2, 0 items */
    0x8000009B, 0x00050001,    /* 0388  setattr P0.sym#5 <- L1   ("functions") */
    0x00010082, 0x00020000,    /* 038A  list L1 <- L2, 0 items */
    0x8000009B, 0x00060001,    /* 038C  setattr P0.sym#6 <- L1   ("classes") */
    0x00010082, 0x00020000,    /* 038E  list L1 <- L2, 0 items */
    0x8000009B, 0x00070001,    /* 0390  setattr P0.sym#7 <- L1   ("code") */
    0x00010040,                /* 0392  i8 L1 <- 0 */
    0x8000009B, 0x00080001,    /* 0393  setattr P0.sym#8 <- L1   ("init_nlocals") */
    0x00010082, 0x00020000,    /* 0395  list L1 <- L2, 0 items */
    0x8000009B, 0x00090001,    /* 0397  setattr P0.sym#9 <- L1   ("module_uses") */
    0x00010003,                /* 0399  lnil L1 */
    0x8000009B, 0x000A0001,    /* 039A  setattr P0.sym#10 <- L1   ("debug") */
    0x00010082, 0x00020000,    /* 039C  list L1 <- L2, 0 items */
    0x8000009B, 0x000B0001,    /* 039E  setattr P0.sym#11 <- L1   ("unlowered") */
    0x00010083, 0x00020000,    /* 03A0  dict L1 <- L2, 0 pairs */
    0x8000009B, 0x000C0001,    /* 03A2  setattr P0.sym#12 <- L1   ("_static_index") */
    0x00010083, 0x00020000,    /* 03A4  dict L1 <- L2, 0 pairs */
    0x8000009B, 0x000D0001,    /* 03A6  setattr P0.sym#13 <- L1   ("_symbol_index") */
    0x00010083, 0x00020000,    /* 03A8  dict L1 <- L2, 0 pairs */
    0x8000009B, 0x000E0001,    /* 03AA  setattr P0.sym#14 <- L1   ("_message_index") */
    0x00010083, 0x00020000,    /* 03AC  dict L1 <- L2, 0 pairs */
    0x8000009B, 0x000F0001,    /* 03AE  setattr P0.sym#15 <- L1   ("_global_index") */
    0x00000003,                /* 03B0  lnil L0 */
    0x00010083, 0x00020000,    /* 03B1  dict L1 <- L2, 0 pairs */
    0x8000009B, 0x00100001,    /* 03B3  setattr P0.sym#16 <- L1   ("_free_index") */
    0x00000102,                /* 03B5  return L0 count=1 */
    0x001F0042,                /* 03B6  gget L0 <- g31   (len) */
    0x00018141,                /* 03B7  move L1 <- P1 */
    0x000001A0, 0x00010000,    /* 03B8  call base=L0 argc=1 nres=1 */
    0x00100142,                /* 03BA  gget L1 <- g16   (TABLE_LIMIT) */
    0x00020094, 0x00000001,    /* 03BB  ge L2 <- L0 >= L1 */
    0x0011024B,                /* 03BD  jf L2, +17 */
    0x00190042,                /* 03BE  gget L0 <- g25   (error) */
    0x00700146,                /* 03BF  lconst L1 <- static#112   ("module exceeds the limit of ") */
    0x001E0242,                /* 03C0  gget L2 <- g30   (str) */
    0x00100342,                /* 03C1  gget L3 <- g16   (TABLE_LIMIT) */
    0x000201A0, 0x00010000,    /* 03C2  call base=L2 argc=1 nres=1 */
    0x00030085, 0x00010002,    /* 03C4  add L3 <- L1 + L2 */
    0x00710446,                /* 03C6  lconst L4 <- static#113   (" ") */
    0x00050085, 0x00030004,    /* 03C7  add L5 <- L3 + L4 */
    0x00060085, 0x00058002,    /* 03C9  add L6 <- L5 + P2 */
    0x00010641,                /* 03CB  move L1 <- L6 */
    0x000001A0, 0x00010000,    /* 03CC  call base=L0 argc=1 nres=1 */
    0x00000102,                /* 03CE  return L0 count=1 */
    0x001F0042,                /* 03CF  gget L0 <- g31   (len) */
    0x00018141,                /* 03D0  move L1 <- P1 */
    0x000001A0, 0x00010000,    /* 03D1  call base=L0 argc=1 nres=1 */
    0x00000102,                /* 03D3  return L0 count=1 */
    0x00040342,                /* 03D4  gget L3 <- g4   (_static_key) */
    0x00048141,                /* 03D5  move L4 <- P1 */
    0x000301A0, 0x00010000,    /* 03D6  call base=L3 argc=1 nres=1 */
    0x00000341,                /* 03D8  move L0 <- L3 */
    0x0003009A, 0x8000000C,    /* 03D9  getattr L3 <- P0.sym#12   ("_static_index") */
    0x00010098, 0x00030000,    /* 03DB  getidx L1 <- L3[L0] */
    0x0001014E,                /* 03DD  jnerr L1, +1 */
    0x00010003,                /* 03DE  lnil L1 */
    0x004A0346,                /* 03DF  lconst L3 <- static#74   ("nil") */
    0x00040097, 0x00010003,    /* 03E0  is L4 <- L1 is L3 */
    0x0005044A,                /* 03E2  not L5 <- L4 */
    0x0001054B,                /* 03E3  jf L5, +1 */
    0x00010102,                /* 03E4  return L1 count=1 */
    0x00038041,                /* 03E5  move L3 <- P0 */
    0x0004009A, 0x80000001,    /* 03E6  getattr L4 <- P0.sym#1   ("statics") */
    0x00720546,                /* 03E8  lconst L5 <- static#114   ("static pool entries") */
    0x000302A2, 0x00000001,    /* 03E9  msg base=L3 argc=2 msg#0 nres=1   (_next_index) */
    0x00020341,                /* 03EB  move L2 <- L3 */
    0x00410346,                /* 03EC  lconst L3 <- static#65   ("error") */
    0x00040097, 0x00020003,    /* 03ED  is L4 <- L2 is L3 */
    0x0001044B,                /* 03EF  jf L4, +1 */
    0x00020102,                /* 03F0  return L2 count=1 */
    0x0003009A, 0x80000001,    /* 03F1  getattr L3 <- P0.sym#1   ("statics") */
    0x00048141,                /* 03F3  move L4 <- P1 */
    0x000301A2, 0x00010001,    /* 03F4  msg base=L3 argc=1 msg#1 nres=1   (append) */
    0x0003009A, 0x8000000C,    /* 03F6  getattr L3 <- P0.sym#12   ("_static_index") */
    0x00040241,                /* 03F8  move L4 <- L2 */
    0x00030099, 0x00000004,    /* 03F9  setidx L3[L0] <- L4 */
    0x00020102,                /* 03FB  return L2 count=1 */
    0x0002009A, 0x80000010,    /* 03FC  getattr L2 <- P0.sym#16   ("_free_index") */
    0x00000098, 0x00028001,    /* 03FE  getidx L0 <- L2[P1] */
    0x0001004E,                /* 0400  jnerr L0, +1 */
    0x00000003,                /* 0401  lnil L0 */
    0x004A0246,                /* 0402  lconst L2 <- static#74   ("nil") */
    0x00030097, 0x00000002,    /* 0403  is L3 <- L0 is L2 */
    0x0004034A,                /* 0405  not L4 <- L3 */
    0x0001044B,                /* 0406  jf L4, +1 */
    0x00000102,                /* 0407  return L0 count=1 */
    0x00028041,                /* 0408  move L2 <- P0 */
    0x0003009A, 0x80000004,    /* 0409  getattr L3 <- P0.sym#4   ("globals") */
    0x00730446,                /* 040B  lconst L4 <- static#115   ("module globals") */
    0x000202A2, 0x00000001,    /* 040C  msg base=L2 argc=2 msg#0 nres=1   (_next_index) */
    0x00010241,                /* 040E  move L1 <- L2 */
    0x00410246,                /* 040F  lconst L2 <- static#65   ("error") */
    0x00030097, 0x00010002,    /* 0410  is L3 <- L1 is L2 */
    0x0001034B,                /* 0412  jf L3, +1 */
    0x00010102,                /* 0413  return L1 count=1 */
    0x0002009A, 0x80000004,    /* 0414  getattr L2 <- P0.sym#4   ("globals") */
    0x00050342,                /* 0416  gget L3 <- g5   (make_global_slot) */
    0x00048141,                /* 0417  move L4 <- P1 */
    0x00050004,                /* 0418  lbool L5 <- 0 */
    0x00060104,                /* 0419  lbool L6 <- 1 */
    0x000303A0, 0x00010000,    /* 041A  call base=L3 argc=3 nres=1 */
    0x000201A2, 0x00010001,    /* 041C  msg base=L2 argc=1 msg#1 nres=1   (append) */
    0x0002009A, 0x80000010,    /* 041E  getattr L2 <- P0.sym#16   ("_free_index") */
    0x00030141,                /* 0420  move L3 <- L1 */
    0x00020099, 0x80010003,    /* 0421  setidx L2[P1] <- L3 */
    0x00010102,                /* 0423  return L1 count=1 */
    0x00018041,                /* 0424  move L1 <- P0 */
    0x0002009A, 0x80000004,    /* 0425  getattr L2 <- P0.sym#4   ("globals") */
    0x00730346,                /* 0427  lconst L3 <- static#115   ("module globals") */
    0x000102A2, 0x00000001,    /* 0428  msg base=L1 argc=2 msg#0 nres=1   (_next_index) */
    0x00000141,                /* 042A  move L0 <- L1 */
    0x00410146,                /* 042B  lconst L1 <- static#65   ("error") */
    0x00020097, 0x00000001,    /* 042C  is L2 <- L0 is L1 */
    0x0001024B,                /* 042E  jf L2, +1 */
    0x00000102,                /* 042F  return L0 count=1 */
    0x0001009A, 0x80000004,    /* 0430  getattr L1 <- P0.sym#4   ("globals") */
    0x00050242,                /* 0432  gget L2 <- g5   (make_global_slot) */
    0x00038141,                /* 0433  move L3 <- P1 */
    0x00040004,                /* 0434  lbool L4 <- 0 */
    0x00050004,                /* 0435  lbool L5 <- 0 */
    0x000203A0, 0x00010000,    /* 0436  call base=L2 argc=3 nres=1 */
    0x000101A2, 0x00010001,    /* 0438  msg base=L1 argc=1 msg#1 nres=1   (append) */
    0x00000102,                /* 043A  return L0 count=1 */
    0x0002009A, 0x8000000D,    /* 043B  getattr L2 <- P0.sym#13   ("_symbol_index") */
    0x00000098, 0x00028001,    /* 043D  getidx L0 <- L2[P1] */
    0x0001004E,                /* 043F  jnerr L0, +1 */
    0x00000003,                /* 0440  lnil L0 */
    0x004A0246,                /* 0441  lconst L2 <- static#74   ("nil") */
    0x00030097, 0x00000002,    /* 0442  is L3 <- L0 is L2 */
    0x0004034A,                /* 0444  not L4 <- L3 */
    0x0001044B,                /* 0445  jf L4, +1 */
    0x00000102,                /* 0446  return L0 count=1 */
    0x00028041,                /* 0447  move L2 <- P0 */
    0x0003009A, 0x80000002,    /* 0448  getattr L3 <- P0.sym#2   ("symbols") */
    0x00740446,                /* 044A  lconst L4 <- static#116   ("symbols per module") */
    0x000202A2, 0x00000001,    /* 044B  msg base=L2 argc=2 msg#0 nres=1   (_next_index) */
    0x00010241,                /* 044D  move L1 <- L2 */
    0x00410246,                /* 044E  lconst L2 <- static#65   ("error") */
    0x00030097, 0x00010002,    /* 044F  is L3 <- L1 is L2 */
    0x0001034B,                /* 0451  jf L3, +1 */
    0x00010102,                /* 0452  return L1 count=1 */
    0x0002009A, 0x80000002,    /* 0453  getattr L2 <- P0.sym#2   ("symbols") */
    0x00038141,                /* 0455  move L3 <- P1 */
    0x000201A2, 0x00010001,    /* 0456  msg base=L2 argc=1 msg#1 nres=1   (append) */
    0x0002009A, 0x8000000D,    /* 0458  getattr L2 <- P0.sym#13   ("_symbol_index") */
    0x00030141,                /* 045A  move L3 <- L1 */
    0x00020099, 0x80010003,    /* 045B  setidx L2[P1] <- L3 */
    0x00010102,                /* 045D  return L1 count=1 */
    0x000B0842,                /* 045E  gget L8 <- g11   (_path_parts) */
    0x00098141,                /* 045F  move L9 <- P1 */
    0x000801A0, 0x00010000,    /* 0460  call base=L8 argc=1 nres=1 */
    0x00000841,                /* 0462  move L0 <- L8 */
    0x001F0842,                /* 0463  gget L8 <- g31   (len) */
    0x00090041,                /* 0464  move L9 <- L0 */
    0x000801A0, 0x00010000,    /* 0465  call base=L8 argc=1 nres=1 */
    0x00090040,                /* 0467  i8 L9 <- 0 */
    0x000A008F, 0x00080009,    /* 0468  eq L10 <- L8 == L9 */
    0x00050A4B,                /* 046A  jf L10, +5 */
    0x00190842,                /* 046B  gget L8 <- g25   (error) */
    0x00750946,                /* 046C  lconst L9 <- static#117   ("a message needs at least one path component") */
    0x000801A0, 0x00010000,    /* 046D  call base=L8 argc=1 nres=1 */
    0x00080102,                /* 046F  return L8 count=1 */
    0x000C0842,                /* 0470  gget L8 <- g12   (_join_parts) */
    0x00090041,                /* 0471  move L9 <- L0 */
    0x000801A0, 0x00010000,    /* 0472  call base=L8 argc=1 nres=1 */
    0x00010841,                /* 0474  move L1 <- L8 */
    0x0008009A, 0x8000000E,    /* 0475  getattr L8 <- P0.sym#14   ("_message_index") */
    0x00020098, 0x00080001,    /* 0477  getidx L2 <- L8[L1] */
    0x0001024E,                /* 0479  jnerr L2, +1 */
    0x00020003,                /* 047A  lnil L2 */
    0x004A0846,                /* 047B  lconst L8 <- static#74   ("nil") */
    0x00090097, 0x00020008,    /* 047C  is L9 <- L2 is L8 */
    0x000A094A,                /* 047E  not L10 <- L9 */
    0x00010A4B,                /* 047F  jf L10, +1 */
    0x00020102,                /* 0480  return L2 count=1 */
    0x00088041,                /* 0481  move L8 <- P0 */
    0x0009009A, 0x80000003,    /* 0482  getattr L9 <- P0.sym#3   ("messages") */
    0x00760A46,                /* 0484  lconst L10 <- static#118   ("messages per module") */
    0x000802A2, 0x00000001,    /* 0485  msg base=L8 argc=2 msg#0 nres=1   (_next_index) */
    0x00030841,                /* 0487  move L3 <- L8 */
    0x00410846,                /* 0488  lconst L8 <- static#65   ("error") */
    0x00090097, 0x00030008,    /* 0489  is L9 <- L3 is L8 */
    0x0001094B,                /* 048B  jf L9, +1 */
    0x00030102,                /* 048C  return L3 count=1 */
    0x00040082, 0x00080000,    /* 048D  list L4 <- L8, 0 items */
    0x000800AE, 0x00000000,    /* 048F  iter L8 <- L0 */
    0x000600AF, 0x0008000F,    /* 0491  itnext L6 <- L8, done +15 */
    0x00098041,                /* 0493  move L9 <- P0 */
    0x000A0641,                /* 0494  move L10 <- L6 */
    0x000901A2, 0x00050001,    /* 0495  msg base=L9 argc=1 msg#5 nres=1   (add_symbol) */
    0x00070941,                /* 0497  move L7 <- L9 */
    0x00410946,                /* 0498  lconst L9 <- static#65   ("error") */
    0x000A0097, 0x00070009,    /* 0499  is L10 <- L7 is L9 */
    0x00010A4B,                /* 049B  jf L10, +1 */
    0x00070102,                /* 049C  return L7 count=1 */
    0x00090441,                /* 049D  move L9 <- L4 */
    0x000A0741,                /* 049E  move L10 <- L7 */
    0x000901A2, 0x00010001,    /* 049F  msg base=L9 argc=1 msg#1 nres=1   (append) */
    0xFFEF004F,                /* 04A1  jmp -17 */
    0x0005009A, 0x80000003,    /* 04A2  getattr L5 <- P0.sym#3   ("messages") */
    0x00080541,                /* 04A4  move L8 <- L5 */
    0x00770946,                /* 04A5  lconst L9 <- static#119   ("p") */
    0x000A0441,                /* 04A6  move L10 <- L4 */
    0x00780B46,                /* 04A7  lconst L11 <- static#120   ("_path") */
    0x000C0041,                /* 04A8  move L12 <- L0 */
    0x000D0283, 0x00090000,    /* 04A9  dict L13 <- L9, 2 pairs */
    0x00090D41,                /* 04AB  move L9 <- L13 */
    0x000801A2, 0x00010001,    /* 04AC  msg base=L8 argc=1 msg#1 nres=1   (append) */
    0x0008009A, 0x8000000E,    /* 04AE  getattr L8 <- P0.sym#14   ("_message_index") */
    0x00090341,                /* 04B0  move L9 <- L3 */
    0x00080099, 0x00010009,    /* 04B1  setidx L8[L1] <- L9 */
    0x00030102,                /* 04B3  return L3 count=1 */
    0x0002009A, 0x8000000F,    /* 04B4  getattr L2 <- P0.sym#15   ("_global_index") */
    0x00000098, 0x00028001,    /* 04B6  getidx L0 <- L2[P1] */
    0x0001004E,                /* 04B8  jnerr L0, +1 */
    0x00000003,                /* 04B9  lnil L0 */
    0x004A0246,                /* 04BA  lconst L2 <- static#74   ("nil") */
    0x00030097, 0x00000002,    /* 04BB  is L3 <- L0 is L2 */
    0x0004034A,                /* 04BD  not L4 <- L3 */
    0x0001044B,                /* 04BE  jf L4, +1 */
    0x00000102,                /* 04BF  return L0 count=1 */
    0x00028041,                /* 04C0  move L2 <- P0 */
    0x0003009A, 0x80000004,    /* 04C1  getattr L3 <- P0.sym#4   ("globals") */
    0x00730446,                /* 04C3  lconst L4 <- static#115   ("module globals") */
    0x000202A2, 0x00000001,    /* 04C4  msg base=L2 argc=2 msg#0 nres=1   (_next_index) */
    0x00010241,                /* 04C6  move L1 <- L2 */
    0x00410246,                /* 04C7  lconst L2 <- static#65   ("error") */
    0x00030097, 0x00010002,    /* 04C8  is L3 <- L1 is L2 */
    0x0001034B,                /* 04CA  jf L3, +1 */
    0x00010102,                /* 04CB  return L1 count=1 */
    0x0002009A, 0x80000004,    /* 04CC  getattr L2 <- P0.sym#4   ("globals") */
    0x00050342,                /* 04CE  gget L3 <- g5   (make_global_slot) */
    0x00048141,                /* 04CF  move L4 <- P1 */
    0x00050104,                /* 04D0  lbool L5 <- 1 */
    0x00060004,                /* 04D1  lbool L6 <- 0 */
    0x000303A0, 0x00010000,    /* 04D2  call base=L3 argc=3 nres=1 */
    0x000201A2, 0x00010001,    /* 04D4  msg base=L2 argc=1 msg#1 nres=1   (append) */
    0x0002009A, 0x8000000F,    /* 04D6  getattr L2 <- P0.sym#15   ("_global_index") */
    0x00030141,                /* 04D8  move L3 <- L1 */
    0x00020099, 0x80010003,    /* 04D9  setidx L2[P1] <- L3 */
    0x00010102,                /* 04DB  return L1 count=1 */
    0x00028041,                /* 04DC  move L2 <- P0 */
    0x00038141,                /* 04DD  move L3 <- P1 */
    0x000201A2, 0x00070001,    /* 04DE  msg base=L2 argc=1 msg#7 nres=1   (add_global) */
    0x00000241,                /* 04E0  move L0 <- L2 */
    0x00410246,                /* 04E1  lconst L2 <- static#65   ("error") */
    0x00030097, 0x00000002,    /* 04E2  is L3 <- L0 is L2 */
    0x0001034B,                /* 04E4  jf L3, +1 */
    0x00000102,                /* 04E5  return L0 count=1 */
    0x0002009A, 0x80000004,    /* 04E6  getattr L2 <- P0.sym#4   ("globals") */
    0x00010098, 0x00020000,    /* 04E8  getidx L1 <- L2[L0] */
    0x006C0246,                /* 04EA  lconst L2 <- static#108   ("has_default") */
    0x00030104,                /* 04EB  lbool L3 <- 1 */
    0x00010099, 0x00020003,    /* 04EC  setidx L1[L2] <- L3 */
    0x006D0246,                /* 04EE  lconst L2 <- static#109   ("default") */
    0x00038241,                /* 04EF  move L3 <- P2 */
    0x00010099, 0x00020003,    /* 04F0  setidx L1[L2] <- L3 */
    0x00000102,                /* 04F2  return L0 count=1 */
    0x0001009A, 0x8000000F,    /* 04F3  getattr L1 <- P0.sym#15   ("_global_index") */
    0x00000098, 0x00018001,    /* 04F5  getidx L0 <- L1[P1] */
    0x0001004E,                /* 04F7  jnerr L0, +1 */
    0x00000003,                /* 04F8  lnil L0 */
    0x004A0146,                /* 04F9  lconst L1 <- static#74   ("nil") */
    0x00020097, 0x00000001,    /* 04FA  is L2 <- L0 is L1 */
    0x000B024B,                /* 04FC  jf L2, +11 */
    0x00190142,                /* 04FD  gget L1 <- g25   (error) */
    0x00790246,                /* 04FE  lconst L2 <- static#121   ("no module global named '") */
    0x00030085, 0x00028001,    /* 04FF  add L3 <- L2 + P1 */
    0x007A0446,                /* 0501  lconst L4 <- static#122   ("'") */
    0x00050085, 0x00030004,    /* 0502  add L5 <- L3 + L4 */
    0x00020541,                /* 0504  move L2 <- L5 */
    0x000101A0, 0x00010000,    /* 0505  call base=L1 argc=1 nres=1 */
    0x00010102,                /* 0507  return L1 count=1 */
    0x00000102,                /* 0508  return L0 count=1 */
    0x00028041,                /* 0509  move L2 <- P0 */
    0x0003009A, 0x80000005,    /* 050A  getattr L3 <- P0.sym#5   ("functions") */
    0x007D0446,                /* 050C  lconst L4 <- static#125   ("functions per module") */
    0x000202A2, 0x00000001,    /* 050D  msg base=L2 argc=2 msg#0 nres=1   (_next_index) */
    0x00000241,                /* 050F  move L0 <- L2 */
    0x00410246,                /* 0510  lconst L2 <- static#65   ("error") */
    0x00030097, 0x00000002,    /* 0511  is L3 <- L0 is L2 */
    0x0001034B,                /* 0513  jf L3, +1 */
    0x00000102,                /* 0514  return L0 count=1 */
    0x005B0246,                /* 0515  lconst L2 <- static#91   ("name") */
    0x00038141,                /* 0516  move L3 <- P1 */
    0x007E0446,                /* 0517  lconst L4 <- static#126   ("params") */
    0x00090542,                /* 0518  gget L5 <- g9   (_or_empty) */
    0x00068241,                /* 0519  move L6 <- P2 */
    0x000501A0, 0x00010000,    /* 051A  call base=L5 argc=1 nres=1 */
    0x007F0646,                /* 051C  lconst L6 <- static#127   ("nlocals") */
    0x00078341,                /* 051D  move L7 <- P3 */
    0x00010383, 0x00020000,    /* 051E  dict L1 <- L2, 3 pairs */
    0x00800246,                /* 0520  lconst L2 <- static#128   ("code_offset") */
    0x00038441,                /* 0521  move L3 <- P4 */
    0x00010099, 0x00020003,    /* 0522  setidx L1[L2] <- L3 */
    0x00810246,                /* 0524  lconst L2 <- static#129   ("flags") */
    0x00038541,                /* 0525  move L3 <- P5 */
    0x00010099, 0x00020003,    /* 0526  setidx L1[L2] <- L3 */
    0x00820246,                /* 0528  lconst L2 <- static#130   ("dispatch") */
    0x00090442,                /* 0529  gget L4 <- g9   (_or_empty) */
    0x00058641,                /* 052A  move L5 <- P6 */
    0x000401A0, 0x00010000,    /* 052B  call base=L4 argc=1 nres=1 */
    0x00030441,                /* 052D  move L3 <- L4 */
    0x00010099, 0x00020003,    /* 052E  setidx L1[L2] <- L3 */
    0x00830246,                /* 0530  lconst L2 <- static#131   ("ncaptures") */
    0x00038741,                /* 0531  move L3 <- P7 */
    0x00010099, 0x00020003,    /* 0532  setidx L1[L2] <- L3 */
    0x00840246,                /* 0534  lconst L2 <- static#132   ("nresults") */
    0x00038841,                /* 0535  move L3 <- P8 */
    0x00010099, 0x00020003,    /* 0536  setidx L1[L2] <- L3 */
    0x00850246,                /* 0538  lconst L2 <- static#133   ("uses") */
    0x00090442,                /* 0539  gget L4 <- g9   (_or_empty) */
    0x00058941,                /* 053A  move L5 <- P9 */
    0x000401A0, 0x00010000,    /* 053B  call base=L4 argc=1 nres=1 */
    0x00030441,                /* 053D  move L3 <- L4 */
    0x00010099, 0x00020003,    /* 053E  setidx L1[L2] <- L3 */
    0x0002009A, 0x80000005,    /* 0540  getattr L2 <- P0.sym#5   ("functions") */
    0x00030141,                /* 0542  move L3 <- L1 */
    0x000201A2, 0x00010001,    /* 0543  msg base=L2 argc=1 msg#1 nres=1   (append) */
    0x00000102,                /* 0545  return L0 count=1 */
    0x00038041,                /* 0546  move L3 <- P0 */
    0x0004009A, 0x80000006,    /* 0547  getattr L4 <- P0.sym#6   ("classes") */
    0x00860546,                /* 0549  lconst L5 <- static#134   ("classes per module") */
    0x000302A2, 0x00000001,    /* 054A  msg base=L3 argc=2 msg#0 nres=1   (_next_index) */
    0x00000341,                /* 054C  move L0 <- L3 */
    0x00410346,                /* 054D  lconst L3 <- static#65   ("error") */
    0x00040097, 0x00000003,    /* 054E  is L4 <- L0 is L3 */
    0x0001044B,                /* 0550  jf L4, +1 */
    0x00000102,                /* 0551  return L0 count=1 */
    0x00090342,                /* 0552  gget L3 <- g9   (_or_empty) */
    0x00048541,                /* 0553  move L4 <- P5 */
    0x000301A0, 0x00010000,    /* 0554  call base=L3 argc=1 nres=1 */
    0x00010341,                /* 0556  move L1 <- L3 */
    0x001F0342,                /* 0557  gget L3 <- g31   (len) */
    0x00040141,                /* 0558  move L4 <- L1 */
    0x000301A0, 0x00010000,    /* 0559  call base=L3 argc=1 nres=1 */
    0x00041040,                /* 055B  i8 L4 <- 16 */
    0x00050093, 0x00030004,    /* 055C  gt L5 <- L3 > L4 */
    0x0017054B,                /* 055E  jf L5, +23 */
    0x00190342,                /* 055F  gget L3 <- g25   (error) */
    0x00870446,                /* 0560  lconst L4 <- static#135   ("class ") */
    0x00050085, 0x00048001,    /* 0561  add L5 <- L4 + P1 */
    0x00880646,                /* 0563  lconst L6 <- static#136   (" has ") */
    0x00070085, 0x00050006,    /* 0564  add L7 <- L5 + L6 */
    0x001E0842,                /* 0566  gget L8 <- g30   (str) */
    0x001F0942,                /* 0567  gget L9 <- g31   (len) */
    0x000A0141,                /* 0568  move L10 <- L1 */
    0x000901A0, 0x00010000,    /* 0569  call base=L9 argc=1 nres=1 */
    0x000801A0, 0x00010000,    /* 056B  call base=L8 argc=1 nres=1 */
    0x00090085, 0x00070008,    /* 056D  add L9 <- L7 + L8 */
    0x00890A46,                /* 056F  lconst L10 <- static#137   (" messages, over the 16-entry message map limit") */
    0x000B0085, 0x0009000A,    /* 0570  add L11 <- L9 + L10 */
    0x00040B41,                /* 0572  move L4 <- L11 */
    0x000301A0, 0x00010000,    /* 0573  call base=L3 argc=1 nres=1 */
    0x00030102,                /* 0575  return L3 count=1 */
    0x005B0346,                /* 0576  lconst L3 <- static#91   ("name") */
    0x00048141,                /* 0577  move L4 <- P1 */
    0x008A0546,                /* 0578  lconst L5 <- static#138   ("superclass") */
    0x00068241,                /* 0579  move L6 <- P2 */
    0x008B0746,                /* 057A  lconst L7 <- static#139   ("slots") */
    0x00090842,                /* 057B  gget L8 <- g9   (_or_empty) */
    0x00098341,                /* 057C  move L9 <- P3 */
    0x000801A0, 0x00010000,    /* 057D  call base=L8 argc=1 nres=1 */
    0x00020383, 0x00030000,    /* 057F  dict L2 <- L3, 3 pairs */
    0x008C0346,                /* 0581  lconst L3 <- static#140   ("init") */
    0x00048441,                /* 0582  move L4 <- P4 */
    0x00020099, 0x00030004,    /* 0583  setidx L2[L3] <- L4 */
    0x008D0346,                /* 0585  lconst L3 <- static#141   ("messages") */
    0x00040141,                /* 0586  move L4 <- L1 */
    0x00020099, 0x00030004,    /* 0587  setidx L2[L3] <- L4 */
    0x008E0346,                /* 0589  lconst L3 <- static#142   ("statics") */
    0x00090542,                /* 058A  gget L5 <- g9   (_or_empty) */
    0x00068641,                /* 058B  move L6 <- P6 */
    0x000501A0, 0x00010000,    /* 058C  call base=L5 argc=1 nres=1 */
    0x00040541,                /* 058E  move L4 <- L5 */
    0x00020099, 0x00030004,    /* 058F  setidx L2[L3] <- L4 */
    0x0003009A, 0x80000006,    /* 0591  getattr L3 <- P0.sym#6   ("classes") */
    0x00040241,                /* 0593  move L4 <- L2 */
    0x000301A2, 0x00010001,    /* 0594  msg base=L3 argc=1 msg#1 nres=1   (append) */
    0x00000102,                /* 0596  return L0 count=1 */
    0x001F0042,                /* 0597  gget L0 <- g31   (len) */
    0x0001009A, 0x80000007,    /* 0598  getattr L1 <- P0.sym#7   ("code") */
    0x000001A0, 0x00010000,    /* 059A  call base=L0 argc=1 nres=1 */
    0x00000102,                /* 059C  return L0 count=1 */
    0x001F0242,                /* 059D  gget L2 <- g31   (len) */
    0x0003009A, 0x80000007,    /* 059E  getattr L3 <- P0.sym#7   ("code") */
    0x000201A0, 0x00010000,    /* 05A0  call base=L2 argc=1 nres=1 */
    0x00000241,                /* 05A2  move L0 <- L2 */
    0x000200AE, 0x80010000,    /* 05A3  iter L2 <- P1 */
    0x000100AF, 0x0002001D,    /* 05A5  itnext L1 <- L2, done +29 */
    0x00040040,                /* 05A7  i8 L4 <- 0 */
    0x00030091, 0x00010004,    /* 05A8  lt L3 <- L1 < L4 */
    0x0003034C,                /* 05AA  jt L3, +3 */
    0x00130442,                /* 05AB  gget L4 <- g19   (U32_MASK) */
    0x00030093, 0x00010004,    /* 05AC  gt L3 <- L1 > L4 */
    0x000F034B,                /* 05AE  jf L3, +15 */
    0x00190342,                /* 05AF  gget L3 <- g25   (error) */
    0x008F0446,                /* 05B0  lconst L4 <- static#143   ("code word ") */
    0x001E0542,                /* 05B1  gget L5 <- g30   (str) */
    0x00060141,                /* 05B2  move L6 <- L1 */
    0x000501A0, 0x00010000,    /* 05B3  call base=L5 argc=1 nres=1 */
    0x00060085, 0x00040005,    /* 05B5  add L6 <- L4 + L5 */
    0x00900746,                /* 05B7  lconst L7 <- static#144   (" is not a u32") */
    0x00080085, 0x00060007,    /* 05B8  add L8 <- L6 + L7 */
    0x00040841,                /* 05BA  move L4 <- L8 */
    0x000301A0, 0x00010000,    /* 05BB  call base=L3 argc=1 nres=1 */
    0x00030102,                /* 05BD  return L3 count=1 */
    0x0003009A, 0x80000007,    /* 05BE  getattr L3 <- P0.sym#7   ("code") */
    0x00040141,                /* 05C0  move L4 <- L1 */
    0x000301A2, 0x00010001,    /* 05C1  msg base=L3 argc=1 msg#1 nres=1   (append) */
    0xFFE1004F,                /* 05C3  jmp -31 */
    0x00000102,                /* 05C4  return L0 count=1 */
    0x005B0046,                /* 05C5  lconst L0 <- static#91   ("name") */
    0x00018041,                /* 05C6  move L1 <- P0 */
    0x006D0246,                /* 05C7  lconst L2 <- static#109   ("default") */
    0x00038141,                /* 05C8  move L3 <- P1 */
    0x00040283, 0x00000000,    /* 05C9  dict L4 <- L0, 2 pairs */
    0x00040102,                /* 05CB  return L4 count=1 */
    0x005B0046,                /* 05CC  lconst L0 <- static#91   ("name") */
    0x00018041,                /* 05CD  move L1 <- P0 */
    0x006D0246,                /* 05CE  lconst L2 <- static#109   ("default") */
    0x00038141,                /* 05CF  move L3 <- P1 */
    0x00910446,                /* 05D0  lconst L4 <- static#145   ("getter") */
    0x00058241,                /* 05D1  move L5 <- P2 */
    0x00920646,                /* 05D2  lconst L6 <- static#146   ("setter") */
    0x00078341,                /* 05D3  move L7 <- P3 */
    0x00080483, 0x00000000,    /* 05D4  dict L8 <- L0, 4 pairs */
    0x00080102,                /* 05D6  return L8 count=1 */
    0x004A0046,                /* 05D7  lconst L0 <- static#74   ("nil") */
    0x00010097, 0x80000000,    /* 05D8  is L1 <- P0 is L0 */
    0x0003014B,                /* 05DA  jf L1, +3 */
    0x00000082, 0x00000000,    /* 05DB  list L0 <- L0, 0 items */
    0x00000102,                /* 05DD  return L0 count=1 */
    0x00008041,                /* 05DE  move L0 <- P0 */
    0x00000102,                /* 05DF  return L0 count=1 */
    0x00008041,                /* 05E0  move L0 <- P0 */
    0x00018141,                /* 05E1  move L1 <- P1 */
    0x00020140,                /* 05E2  i8 L2 <- 1 */
    0x000002A2, 0x000E0001,    /* 05E3  msg base=L0 argc=2 msg#14 nres=1   (substr) */
    0x00000102,                /* 05E5  return L0 count=1 */
    0x00000082, 0x00070000,    /* 05E6  list L0 <- L7, 0 items */
    0x00550746,                /* 05E8  lconst L7 <- static#85   ("str") */
    0x00080097, 0x80000007,    /* 05E9  is L8 <- P0 is L7 */
    0x0038084B,                /* 05EB  jf L8, +56 */
    0x00930146,                /* 05EC  lconst L1 <- static#147   ("") */
    0x00020040,                /* 05ED  i8 L2 <- 0 */
    0x001F0742,                /* 05EE  gget L7 <- g31   (len) */
    0x00088041,                /* 05EF  move L8 <- P0 */
    0x000701A0, 0x00010000,    /* 05F0  call base=L7 argc=1 nres=1 */
    0x00030741,                /* 05F2  move L3 <- L7 */
    0x00070091, 0x00020003,    /* 05F3  lt L7 <- L2 < L3 */
    0x0029074B,                /* 05F5  jf L7, +41 */
    0x00040098, 0x80000002,    /* 05F6  getidx L4 <- P0[L2] */
    0x00120842,                /* 05F8  gget L8 <- g18   (COLON_CP) */
    0x0007008F, 0x00040008,    /* 05F9  eq L7 <- L4 == L8 */
    0x000E074B,                /* 05FB  jf L7, +14 */
    0x00080140,                /* 05FC  i8 L8 <- 1 */
    0x00090085, 0x00020008,    /* 05FD  add L9 <- L2 + L8 */
    0x00070091, 0x00090003,    /* 05FF  lt L7 <- L9 < L3 */
    0x0008074B,                /* 0601  jf L7, +8 */
    0x00080140,                /* 0602  i8 L8 <- 1 */
    0x00090085, 0x00020008,    /* 0603  add L9 <- L2 + L8 */
    0x000A0098, 0x80000009,    /* 0605  getidx L10 <- P0[L9] */
    0x00120B42,                /* 0607  gget L11 <- g18   (COLON_CP) */
    0x0007008F, 0x000A000B,    /* 0608  eq L7 <- L10 == L11 */
    0x0009074B,                /* 060A  jf L7, +9 */
    0x00070041,                /* 060B  move L7 <- L0 */
    0x00080141,                /* 060C  move L8 <- L1 */
    0x000701A2, 0x00010001,    /* 060D  msg base=L7 argc=1 msg#1 nres=1   (append) */
    0x00930146,                /* 060F  lconst L1 <- static#147   ("") */
    0x00070240,                /* 0610  i8 L7 <- 2 */
    0x00020085, 0x00020007,    /* 0611  add L2 <- L2 + L7 */
    0x000A004F,                /* 0613  jmp +10 */
    0x000A0742,                /* 0614  gget L7 <- g10   (_path_char) */
    0x00088041,                /* 0615  move L8 <- P0 */
    0x00090241,                /* 0616  move L9 <- L2 */
    0x000702A0, 0x00010000,    /* 0617  call base=L7 argc=2 nres=1 */
    0x00010085, 0x00010007,    /* 0619  add L1 <- L1 + L7 */
    0x00070140,                /* 061B  i8 L7 <- 1 */
    0x00020085, 0x00020007,    /* 061C  add L2 <- L2 + L7 */
    0xFFD4004F,                /* 061E  jmp -44 */
    0x00070041,                /* 061F  move L7 <- L0 */
    0x00080141,                /* 0620  move L8 <- L1 */
    0x000701A2, 0x00010001,    /* 0621  msg base=L7 argc=1 msg#1 nres=1   (append) */
    0x00000102,                /* 0623  return L0 count=1 */
    0x00560746,                /* 0624  lconst L7 <- static#86   ("sym") */
    0x00080097, 0x80000007,    /* 0625  is L8 <- P0 is L7 */
    0x0008084B,                /* 0627  jf L8, +8 */
    0x00070041,                /* 0628  move L7 <- L0 */
    0x001E0842,                /* 0629  gget L8 <- g30   (str) */
    0x00098041,                /* 062A  move L9 <- P0 */
    0x000801A0, 0x00010000,    /* 062B  call base=L8 argc=1 nres=1 */
    0x000701A2, 0x00010001,    /* 062D  msg base=L7 argc=1 msg#1 nres=1   (append) */
    0x00000102,                /* 062F  return L0 count=1 */
    0x004C0746,                /* 0630  lconst L7 <- static#76   ("pair") */
    0x00080097, 0x80000007,    /* 0631  is L8 <- P0 is L7 */
    0x0016084B,                /* 0633  jf L8, +22 */
    0x00058041,                /* 0634  move L5 <- P0 */
    0x004C0746,                /* 0635  lconst L7 <- static#76   ("pair") */
    0x00080097, 0x00050007,    /* 0636  is L8 <- L5 is L7 */
    0x0010084B,                /* 0638  jf L8, +16 */
    0x00070041,                /* 0639  move L7 <- L0 */
    0x001E0842,                /* 063A  gget L8 <- g30   (str) */
    0x00200942,                /* 063B  gget L9 <- g32   (car) */
    0x000A0541,                /* 063C  move L10 <- L5 */
    0x000901A0, 0x00010000,    /* 063D  call base=L9 argc=1 nres=1 */
    0x000801A0, 0x00010000,    /* 063F  call base=L8 argc=1 nres=1 */
    0x000701A2, 0x00010001,    /* 0641  msg base=L7 argc=1 msg#1 nres=1   (append) */
    0x00210742,                /* 0643  gget L7 <- g33   (cdr) */
    0x00080541,                /* 0644  move L8 <- L5 */
    0x000701A0, 0x00010000,    /* 0645  call base=L7 argc=1 nres=1 */
    0x00050741,                /* 0647  move L5 <- L7 */
    0xFFEC004F,                /* 0648  jmp -20 */
    0x00000102,                /* 0649  return L0 count=1 */
    0x00940746,                /* 064A  lconst L7 <- static#148   ("list") */
    0x00080097, 0x80000007,    /* 064B  is L8 <- P0 is L7 */
    0x000D084B,                /* 064D  jf L8, +13 */
    0x000700AE, 0x80000000,    /* 064E  iter L7 <- P0 */
    0x000600AF, 0x00070008,    /* 0650  itnext L6 <- L7, done +8 */
    0x00080041,                /* 0652  move L8 <- L0 */
    0x001E0942,                /* 0653  gget L9 <- g30   (str) */
    0x000A0641,                /* 0654  move L10 <- L6 */
    0x000901A0, 0x00010000,    /* 0655  call base=L9 argc=1 nres=1 */
    0x000801A2, 0x00010001,    /* 0657  msg base=L8 argc=1 msg#1 nres=1   (append) */
    0xFFF6004F,                /* 0659  jmp -10 */
    0x00000102,                /* 065A  return L0 count=1 */
    0x00000102,                /* 065B  return L0 count=1 */
    0x00930046,                /* 065C  lconst L0 <- static#147   ("") */
    0x00010104,                /* 065D  lbool L1 <- 1 */
    0x000300AE, 0x80000000,    /* 065E  iter L3 <- P0 */
    0x000200AF, 0x00030009,    /* 0660  itnext L2 <- L3, done +9 */
    0x0004014A,                /* 0662  not L4 <- L1 */
    0x0003044B,                /* 0663  jf L4, +3 */
    0x00950446,                /* 0664  lconst L4 <- static#149   ("::") */
    0x00000085, 0x00000004,    /* 0665  add L0 <- L0 + L4 */
    0x00000085, 0x00000002,    /* 0667  add L0 <- L0 + L2 */
    0x00010004,                /* 0669  lbool L1 <- 0 */
    0xFFF5004F,                /* 066A  jmp -11 */
    0x00000102,                /* 066B  return L0 count=1 */
    0x00010003,                /* 066C  lnil L1 */
    0x8000009B, 0x00200001,    /* 066D  setattr P0.sym#32 <- L1   ("target") */
    0x00000003,                /* 066F  lnil L0 */
    0x00010082, 0x00020000,    /* 0670  list L1 <- L2, 0 items */
    0x8000009B, 0x00210001,    /* 0672  setattr P0.sym#33 <- L1   ("sites") */
    0x00000102,                /* 0674  return L0 count=1 */
    0x00068141,                /* 0675  move L6 <- P1 */
    0x8000009B, 0x00220006,    /* 0676  setattr P0.sym#34 <- L6   ("module") */
    0x00068241,                /* 0678  move L6 <- P2 */
    0x8000009B, 0x00230006,    /* 0679  setattr P0.sym#35 <- L6   ("name") */
    0x00068641,                /* 067B  move L6 <- P6 */
    0x8000009B, 0x00240006,    /* 067C  setattr P0.sym#36 <- L6   ("is_module_init") */
    0x00060082, 0x00070000,    /* 067E  list L6 <- L7, 0 items */
    0x8000009B, 0x00250006,    /* 0680  setattr P0.sym#37 <- L6   ("loops") */
    0x00060140,                /* 0682  i8 L6 <- 1 */
    0x8000009B, 0x00260006,    /* 0683  setattr P0.sym#38 <- L6   ("max_results") */
    0x00060082, 0x00070000,    /* 0685  list L6 <- L7, 0 items */
    0x8000009B, 0x00270006,    /* 0687  setattr P0.sym#39 <- L6   ("cells") */
    0x00060003,                /* 0689  lnil L6 */
    0x8000009B, 0x00280006,    /* 068A  setattr P0.sym#40 <- L6   ("_zero") */
    0x00060082, 0x00070000,    /* 068C  list L6 <- L7, 0 items */
    0x8000009B, 0x00070006,    /* 068E  setattr P0.sym#7 <- L6   ("code") */
    0x00060082, 0x00070000,    /* 0690  list L6 <- L7, 0 items */
    0x8000009B, 0x00290006,    /* 0692  setattr P0.sym#41 <- L6   ("uses") */
    0x00060082, 0x00070000,    /* 0694  list L6 <- L7, 0 items */
    0x8000009B, 0x002A0006,    /* 0696  setattr P0.sym#42 <- L6   ("labels") */
    0x00060003,                /* 0698  lnil L6 */
    0x8000009B, 0x002B0006,    /* 0699  setattr P0.sym#43 <- L6   ("line") */
    0x00060083, 0x00070000,    /* 069B  dict L6 <- L7, 0 pairs */
    0x8000009B, 0x002C0006,    /* 069D  setattr P0.sym#44 <- L6   ("lines") */
    0x00060003,                /* 069F  lnil L6 */
    0x8000009B, 0x002D0006,    /* 06A0  setattr P0.sym#45 <- L6   ("_emitted_line") */
    0x00060083, 0x00070000,    /* 06A2  dict L6 <- L7, 0 pairs */
    0x8000009B, 0x002E0006,    /* 06A4  setattr P0.sym#46 <- L6   ("locals") */
    0x00060040,                /* 06A6  i8 L6 <- 0 */
    0x8000009B, 0x002F0006,    /* 06A7  setattr P0.sym#47 <- L6   ("nnamed") */
    0x00060040,                /* 06A9  i8 L6 <- 0 */
    0x8000009B, 0x00300006,    /* 06AA  setattr P0.sym#48 <- L6   ("top") */
    0x00060040,                /* 06AC  i8 L6 <- 0 */
    0x8000009B, 0x00310006,    /* 06AD  setattr P0.sym#49 <- L6   ("high") */
    0x00060083, 0x00070000,    /* 06AF  dict L6 <- L7, 0 pairs */
    0x8000009B, 0x00320006,    /* 06B1  setattr P0.sym#50 <- L6   ("params") */
    0x00060083, 0x00070000,    /* 06B3  dict L6 <- L7, 0 pairs */
    0x8000009B, 0x00330006,    /* 06B5  setattr P0.sym#51 <- L6   ("captures") */
    0x00068541,                /* 06B7  move L6 <- P5 */
    0x8000009B, 0x00340006,    /* 06B8  setattr P0.sym#52 <- L6   ("this_count") */
    0x00060040,                /* 06BA  i8 L6 <- 0 */
    0x00070093, 0x80050006,    /* 06BB  gt L7 <- P5 > L6 */
    0x0008074B,                /* 06BD  jf L7, +8 */
    0x00220742,                /* 06BE  gget L7 <- g34   (P) */
    0x00080040,                /* 06BF  i8 L8 <- 0 */
    0x000701A0, 0x00010000,    /* 06C0  call base=L7 argc=1 nres=1 */
    0x00060741,                /* 06C2  move L6 <- L7 */
    0x8000009B, 0x00350006,    /* 06C3  setattr P0.sym#53 <- L6   ("this_reg") */
    0x0003004F,                /* 06C5  jmp +3 */
    0x00060003,                /* 06C6  lnil L6 */
    0x8000009B, 0x00350006,    /* 06C7  setattr P0.sym#53 <- L6   ("this_reg") */
    0x00068741,                /* 06C9  move L6 <- P7 */
    0x8000009B, 0x00360006,    /* 06CA  setattr P0.sym#54 <- L6   ("this_class") */
    0x00060004,                /* 06CC  lbool L6 <- 0 */
    0x8000009B, 0x00370006,    /* 06CD  setattr P0.sym#55 <- L6   ("is_coroutine") */
    0x00060083, 0x00070000,    /* 06CF  dict L6 <- L7, 0 pairs */
    0x8000009B, 0x00010006,    /* 06D1  setattr P0.sym#1 <- L6   ("statics") */
    0x00060082, 0x00070000,    /* 06D3  list L6 <- L7, 0 items */
    0x8000009B, 0x00380006,    /* 06D5  setattr P0.sym#56 <- L6   ("block_slots") */
    0x00060082, 0x00070000,    /* 06D7  list L6 <- L7, 0 items */
    0x8000009B, 0x00390006,    /* 06D9  setattr P0.sym#57 <- L6   ("scopes") */
    0x00060082, 0x00070000,    /* 06DB  list L6 <- L7, 0 items */
    0x8000009B, 0x003A0006,    /* 06DD  setattr P0.sym#58 <- L6   ("scope_stack") */
    0x00060003,                /* 06DF  lnil L6 */
    0x8000009B, 0x003B0006,    /* 06E0  setattr P0.sym#59 <- L6   ("top_body") */
    0x00060004,                /* 06E2  lbool L6 <- 0 */
    0x8000009B, 0x003C0006,    /* 06E3  setattr P0.sym#60 <- L6   ("tolerant") */
    0x00090642,                /* 06E5  gget L6 <- g9   (_or_empty) */
    0x00078341,                /* 06E6  move L7 <- P3 */
    0x000601A0, 0x00010000,    /* 06E7  call base=L6 argc=1 nres=1 */
    0x00000641,                /* 06E9  move L0 <- L6 */
    0x00090642,                /* 06EA  gget L6 <- g9   (_or_empty) */
    0x00078441,                /* 06EB  move L7 <- P4 */
    0x000601A0, 0x00010000,    /* 06EC  call base=L6 argc=1 nres=1 */
    0x00010641,                /* 06EE  move L1 <- L6 */
    0x00020040,                /* 06EF  i8 L2 <- 0 */
    0x000600AE, 0x00000000,    /* 06F0  iter L6 <- L0 */
    0x000300AF, 0x0006000E,    /* 06F2  itnext L3 <- L6, done +14 */
    0x0007009A, 0x80000032,    /* 06F4  getattr L7 <- P0.sym#50   ("params") */
    0x00220942,                /* 06F6  gget L9 <- g34   (P) */
    0x000A0085, 0x80050002,    /* 06F7  add L10 <- P5 + L2 */
    0x000901A0, 0x00010000,    /* 06F9  call base=L9 argc=1 nres=1 */
    0x00080941,                /* 06FB  move L8 <- L9 */
    0x00070099, 0x00030008,    /* 06FC  setidx L7[L3] <- L8 */
    0x00070140,                /* 06FE  i8 L7 <- 1 */
    0x00020085, 0x00020007,    /* 06FF  add L2 <- L2 + L7 */
    0xFFF0004F,                /* 0701  jmp -16 */
    0x00020040,                /* 0702  i8 L2 <- 0 */
    0x00050003,                /* 0703  lnil L5 */
    0x000600AE, 0x00010000,    /* 0704  iter L6 <- L1 */
    0x000400AF, 0x00060015,    /* 0706  itnext L4 <- L6, done +21 */
    0x0007009A, 0x80000033,    /* 0708  getattr L7 <- P0.sym#51   ("captures") */
    0x00220942,                /* 070A  gget L9 <- g34   (P) */
    0x001F0A42,                /* 070B  gget L10 <- g31   (len) */
    0x000B0041,                /* 070C  move L11 <- L0 */
    0x000A01A0, 0x00010000,    /* 070D  call base=L10 argc=1 nres=1 */
    0x000B0085, 0x8005000A,    /* 070F  add L11 <- P5 + L10 */
    0x000C0085, 0x000B0002,    /* 0711  add L12 <- L11 + L2 */
    0x000A0C41,                /* 0713  move L10 <- L12 */
    0x000901A0, 0x00010000,    /* 0714  call base=L9 argc=1 nres=1 */
    0x00080941,                /* 0716  move L8 <- L9 */
    0x00070099, 0x00040008,    /* 0717  setidx L7[L4] <- L8 */
    0x00070140,                /* 0719  i8 L7 <- 1 */
    0x00020085, 0x00020007,    /* 071A  add L2 <- L2 + L7 */
    0xFFE9004F,                /* 071C  jmp -23 */
    0x00050102,                /* 071D  return L5 count=1 */
    0x0000009A, 0x80000024,    /* 071E  getattr L0 <- P0.sym#36   ("is_module_init") */
    0x0006004B,                /* 0720  jf L0, +6 */
    0x0000009A, 0x80000022,    /* 0721  getattr L0 <- P0.sym#34   ("module") */
    0x00018141,                /* 0723  move L1 <- P1 */
    0x000001A2, 0x000F0001,    /* 0724  msg base=L0 argc=1 msg#15 nres=1   (declare_global) */
    0x00000102,                /* 0726  return L0 count=1 */
    0x00008041,                /* 0727  move L0 <- P0 */
    0x00018141,                /* 0728  move L1 <- P1 */
    0x000001A2, 0x00100001,    /* 0729  msg base=L0 argc=1 msg#16 nres=1   (declare_local) */
    0x00000102,                /* 072B  return L0 count=1 */
    0x0002009A, 0x80000024,    /* 072C  getattr L2 <- P0.sym#36   ("is_module_init") */
    0x0010024B,                /* 072E  jf L2, +16 */
    0x0002009A, 0x80000022,    /* 072F  getattr L2 <- P0.sym#34   ("module") */
    0x00038141,                /* 0731  move L3 <- P1 */
    0x000201A2, 0x00120001,    /* 0732  msg base=L2 argc=1 msg#18 nres=1   (declare_shadow_global) */
    0x00010241,                /* 0734  move L1 <- L2 */
    0x00410246,                /* 0735  lconst L2 <- static#65   ("error") */
    0x00030097, 0x00010002,    /* 0736  is L3 <- L1 is L2 */
    0x0001034B,                /* 0738  jf L3, +1 */
    0x00010102,                /* 0739  return L1 count=1 */
    0x00970246,                /* 073A  lconst L2 <- static#151   ("global") */
    0x00030141,                /* 073B  move L3 <- L1 */
    0x00040282, 0x00020000,    /* 073C  list L4 <- L2, 2 items */
    0x00040102,                /* 073E  return L4 count=1 */
    0x00028041,                /* 073F  move L2 <- P0 */
    0x00038141,                /* 0740  move L3 <- P1 */
    0x000201A2, 0x00130001,    /* 0741  msg base=L2 argc=1 msg#19 nres=1   (reserve_local) */
    0x00000241,                /* 0743  move L0 <- L2 */
    0x00410246,                /* 0744  lconst L2 <- static#65   ("error") */
    0x00030097, 0x00000002,    /* 0745  is L3 <- L0 is L2 */
    0x0001034B,                /* 0747  jf L3, +1 */
    0x00000102,                /* 0748  return L0 count=1 */
    0x00600246,                /* 0749  lconst L2 <- static#96   ("reg") */
    0x00230342,                /* 074A  gget L3 <- g35   (L) */
    0x00040041,                /* 074B  move L4 <- L0 */
    0x000301A0, 0x00010000,    /* 074C  call base=L3 argc=1 nres=1 */
    0x00040282, 0x00020000,    /* 074E  list L4 <- L2, 2 items */
    0x00040102,                /* 0750  return L4 count=1 */
    0x0002009A, 0x80000024,    /* 0751  getattr L2 <- P0.sym#36   ("is_module_init") */
    0x0010024B,                /* 0753  jf L2, +16 */
    0x0002009A, 0x80000022,    /* 0754  getattr L2 <- P0.sym#34   ("module") */
    0x00038141,                /* 0756  move L3 <- P1 */
    0x000201A2, 0x000F0001,    /* 0757  msg base=L2 argc=1 msg#15 nres=1   (declare_global) */
    0x00010241,                /* 0759  move L1 <- L2 */
    0x00410246,                /* 075A  lconst L2 <- static#65   ("error") */
    0x00030097, 0x00010002,    /* 075B  is L3 <- L1 is L2 */
    0x0001034B,                /* 075D  jf L3, +1 */
    0x00010102,                /* 075E  return L1 count=1 */
    0x00970246,                /* 075F  lconst L2 <- static#151   ("global") */
    0x00030141,                /* 0760  move L3 <- L1 */
    0x00040282, 0x00020000,    /* 0761  list L4 <- L2, 2 items */
    0x00040102,                /* 0763  return L4 count=1 */
    0x0002009A, 0x8000002E,    /* 0764  getattr L2 <- P0.sym#46   ("locals") */
    0x00000098, 0x00028001,    /* 0766  getidx L0 <- L2[P1] */
    0x0001004E,                /* 0768  jnerr L0, +1 */
    0x00000003,                /* 0769  lnil L0 */
    0x004A0246,                /* 076A  lconst L2 <- static#74   ("nil") */
    0x00030097, 0x00000002,    /* 076B  is L3 <- L0 is L2 */
    0x000A034B,                /* 076D  jf L3, +10 */
    0x00028041,                /* 076E  move L2 <- P0 */
    0x00038141,                /* 076F  move L3 <- P1 */
    0x000201A2, 0x00100001,    /* 0770  msg base=L2 argc=1 msg#16 nres=1   (declare_local) */
    0x00000241,                /* 0772  move L0 <- L2 */
    0x00410246,                /* 0773  lconst L2 <- static#65   ("error") */
    0x00030097, 0x00000002,    /* 0774  is L3 <- L0 is L2 */
    0x0001034B,                /* 0776  jf L3, +1 */
    0x00000102,                /* 0777  return L0 count=1 */
    0x00600246,                /* 0778  lconst L2 <- static#96   ("reg") */
    0x00230342,                /* 0779  gget L3 <- g35   (L) */
    0x00040041,                /* 077A  move L4 <- L0 */
    0x000301A0, 0x00010000,    /* 077B  call base=L3 argc=1 nres=1 */
    0x00040282, 0x00020000,    /* 077D  list L4 <- L2, 2 items */
    0x00040102,                /* 077F  return L4 count=1 */
    0x00240842,                /* 0780  gget L8 <- g36   (block_scopes) */
    0x00098141,                /* 0781  move L9 <- P1 */
    0x00090A42,                /* 0782  gget L10 <- g9   (_or_empty) */
    0x000B8241,                /* 0783  move L11 <- P2 */
    0x000A01A0, 0x00010000,    /* 0784  call base=L10 argc=1 nres=1 */
    0x000802A0, 0x00010000,    /* 0786  call base=L8 argc=2 nres=1 */
    0x000900AE, 0x00080000,    /* 0788  iter L9 <- L8 */
    0x000000AF, 0x00090056,    /* 078A  itnext L0 <- L9, done +86 */
    0x000A0040,                /* 078C  i8 L10 <- 0 */
    0x00010098, 0x0000000A,    /* 078D  getidx L1 <- L0[L10] */
    0x000A0140,                /* 078F  i8 L10 <- 1 */
    0x00020098, 0x0000000A,    /* 0790  getidx L2 <- L0[L10] */
    0x000A0240,                /* 0792  i8 L10 <- 2 */
    0x00030098, 0x0000000A,    /* 0793  getidx L3 <- L0[L10] */
    0x00040083, 0x000A0000,    /* 0795  dict L4 <- L10, 0 pairs */
    0x000A00AE, 0x00020000,    /* 0797  iter L10 <- L2 */
    0x000500AF, 0x000A003C,    /* 0799  itnext L5 <- L10, done +60 */
    0x000B009A, 0x80000027,    /* 079B  getattr L11 <- P0.sym#39   ("cells") */
    0x000C0096, 0x0005000B,    /* 079D  in L12 <- L5 in L11 */
    0x00290C4B,                /* 079F  jf L12, +41 */
    0x000B0096, 0x00050003,    /* 07A0  in L11 <- L5 in L3 */
    0x00180B4B,                /* 07A2  jf L11, +24 */
    0x00190B42,                /* 07A3  gget L11 <- g25   (error) */
    0x007A0C46,                /* 07A4  lconst L12 <- static#122   ("'") */
    0x001E0D42,                /* 07A5  gget L13 <- g30   (str) */
    0x000E0541,                /* 07A6  move L14 <- L5 */
    0x000D01A0, 0x00010000,    /* 07A7  call base=L13 argc=1 nres=1 */
    0x000E0085, 0x000C000D,    /* 07A9  add L14 <- L12 + L13 */
    0x00980F46,                /* 07AB  lconst L15 <- static#152   ("' is declared in a nested block, shadows an enclosing '") */
    0x00100085, 0x000E000F,    /* 07AC  add L16 <- L14 + L15 */
    0x001E1142,                /* 07AE  gget L17 <- g30   (str) */
    0x00120541,                /* 07AF  move L18 <- L5 */
    0x001101A0, 0x00010000,    /* 07B0  call base=L17 argc=1 nres=1 */
    0x00120085, 0x00100011,    /* 07B2  add L18 <- L16 + L17 */
    0x00991346,                /* 07B4  lconst L19 <- static#153   ("', and is captured by a closure: one cell per name per frame cannot hold both (spec 8.3)") */
    0x00140085, 0x00120013,    /* 07B5  add L20 <- L18 + L19 */
    0x000C1441,                /* 07B7  move L12 <- L20 */
    0x000B01A0, 0x00010000,    /* 07B8  call base=L11 argc=1 nres=1 */
    0x000B0102,                /* 07BA  return L11 count=1 */
    0x000B8041,                /* 07BB  move L11 <- P0 */
    0x000C0541,                /* 07BC  move L12 <- L5 */
    0x000B01A2, 0x00150001,    /* 07BD  msg base=L11 argc=1 msg#21 nres=1   (frame_storage) */
    0x00060B41,                /* 07BF  move L6 <- L11 */
    0x00410B46,                /* 07C0  lconst L11 <- static#65   ("error") */
    0x000C0097, 0x0006000B,    /* 07C1  is L12 <- L6 is L11 */
    0x00010C4B,                /* 07C3  jf L12, +1 */
    0x00060102,                /* 07C4  return L6 count=1 */
    0x000B0641,                /* 07C5  move L11 <- L6 */
    0x00040099, 0x0005000B,    /* 07C6  setidx L4[L5] <- L11 */
    0x000D004F,                /* 07C8  jmp +13 */
    0x000B8041,                /* 07C9  move L11 <- P0 */
    0x000C0541,                /* 07CA  move L12 <- L5 */
    0x000B01A2, 0x00140001,    /* 07CB  msg base=L11 argc=1 msg#20 nres=1   (declare_block) */
    0x00070B41,                /* 07CD  move L7 <- L11 */
    0x00410B46,                /* 07CE  lconst L11 <- static#65   ("error") */
    0x000C0097, 0x0007000B,    /* 07CF  is L12 <- L7 is L11 */
    0x00010C4B,                /* 07D1  jf L12, +1 */
    0x00070102,                /* 07D2  return L7 count=1 */
    0x000B0741,                /* 07D3  move L11 <- L7 */
    0x00040099, 0x0005000B,    /* 07D4  setidx L4[L5] <- L11 */
    0xFFC2004F,                /* 07D6  jmp -62 */
    0x000A009A, 0x80000038,    /* 07D7  getattr L10 <- P0.sym#56   ("block_slots") */
    0x000B0141,                /* 07D9  move L11 <- L1 */
    0x000C0441,                /* 07DA  move L12 <- L4 */
    0x000D0004,                /* 07DB  lbool L13 <- 0 */
    0x000E0382, 0x000B0000,    /* 07DC  list L14 <- L11, 3 items */
    0x000B0E41,                /* 07DE  move L11 <- L14 */
    0x000A01A2, 0x00010001,    /* 07DF  msg base=L10 argc=1 msg#1 nres=1   (append) */
    0xFFA8004F,                /* 07E1  jmp -88 */
    0x00080003,                /* 07E2  lnil L8 */
    0x00080102,                /* 07E3  return L8 count=1 */
    0x0003009A, 0x8000003B,    /* 07E4  getattr L3 <- P0.sym#59   ("top_body") */
    0x004A0446,                /* 07E6  lconst L4 <- static#74   ("nil") */
    0x00050097, 0x00030004,    /* 07E7  is L5 <- L3 is L4 */
    0x0006054A,                /* 07E9  not L6 <- L5 */
    0x0009064B,                /* 07EA  jf L6, +9 */
    0x00250342,                /* 07EB  gget L3 <- g37   (same_node) */
    0x0004009A, 0x8000003B,    /* 07EC  getattr L4 <- P0.sym#59   ("top_body") */
    0x00058141,                /* 07EE  move L5 <- P1 */
    0x000302A0, 0x00010000,    /* 07EF  call base=L3 argc=2 nres=1 */
    0x0002034B,                /* 07F1  jf L3, +2 */
    0x00030004,                /* 07F2  lbool L3 <- 0 */
    0x00030102,                /* 07F3  return L3 count=1 */
    0x00000040,                /* 07F4  i8 L0 <- 0 */
    0x001F0342,                /* 07F5  gget L3 <- g31   (len) */
    0x0004009A, 0x80000038,    /* 07F6  getattr L4 <- P0.sym#56   ("block_slots") */
    0x000301A0, 0x00010000,    /* 07F8  call base=L3 argc=1 nres=1 */
    0x00010341,                /* 07FA  move L1 <- L3 */
    0x00030091, 0x00000001,    /* 07FB  lt L3 <- L0 < L1 */
    0x0024034B,                /* 07FD  jf L3, +36 */
    0x0003009A, 0x80000038,    /* 07FE  getattr L3 <- P0.sym#56   ("block_slots") */
    0x00020098, 0x00030000,    /* 0800  getidx L2 <- L3[L0] */
    0x00040240,                /* 0802  i8 L4 <- 2 */
    0x00050098, 0x00020004,    /* 0803  getidx L5 <- L2[L4] */
    0x00060004,                /* 0805  lbool L6 <- 0 */
    0x0003008F, 0x00050006,    /* 0806  eq L3 <- L5 == L6 */
    0x0009034B,                /* 0808  jf L3, +9 */
    0x00250442,                /* 0809  gget L4 <- g37   (same_node) */
    0x00050040,                /* 080A  i8 L5 <- 0 */
    0x00060098, 0x00020005,    /* 080B  getidx L6 <- L2[L5] */
    0x00050641,                /* 080D  move L5 <- L6 */
    0x00068141,                /* 080E  move L6 <- P1 */
    0x000402A0, 0x00010000,    /* 080F  call base=L4 argc=2 nres=1 */
    0x00030441,                /* 0811  move L3 <- L4 */
    0x000B034B,                /* 0812  jf L3, +11 */
    0x00030240,                /* 0813  i8 L3 <- 2 */
    0x00040104,                /* 0814  lbool L4 <- 1 */
    0x00020099, 0x00030004,    /* 0815  setidx L2[L3] <- L4 */
    0x0003009A, 0x8000003A,    /* 0817  getattr L3 <- P0.sym#58   ("scope_stack") */
    0x00040041,                /* 0819  move L4 <- L0 */
    0x000301A2, 0x00010001,    /* 081A  msg base=L3 argc=1 msg#1 nres=1   (append) */
    0x00030104,                /* 081C  lbool L3 <- 1 */
    0x00030102,                /* 081D  return L3 count=1 */
    0x00030140,                /* 081E  i8 L3 <- 1 */
    0x00000085, 0x00000003,    /* 081F  add L0 <- L0 + L3 */
    0xFFD9004F,                /* 0821  jmp -39 */
    0x00030004,                /* 0822  lbool L3 <- 0 */
    0x00030102,                /* 0823  return L3 count=1 */
    0x0000009A, 0x8000003A,    /* 0824  getattr L0 <- P0.sym#58   ("scope_stack") */
    0x001F0142,                /* 0826  gget L1 <- g31   (len) */
    0x0002009A, 0x8000003A,    /* 0827  getattr L2 <- P0.sym#58   ("scope_stack") */
    0x000101A0, 0x00010000,    /* 0829  call base=L1 argc=1 nres=1 */
    0x00020140,                /* 082B  i8 L2 <- 1 */
    0x00030086, 0x00010002,    /* 082C  sub L3 <- L1 - L2 */
    0x00010341,                /* 082E  move L1 <- L3 */
    0x000001A2, 0x00180001,    /* 082F  msg base=L0 argc=1 msg#24 nres=1   (resize) */
    0x00000003,                /* 0831  lnil L0 */
    0x00000102,                /* 0832  return L0 count=1 */
    0x001F0342,                /* 0833  gget L3 <- g31   (len) */
    0x0004009A, 0x8000003A,    /* 0834  getattr L4 <- P0.sym#58   ("scope_stack") */
    0x000301A0, 0x00010000,    /* 0836  call base=L3 argc=1 nres=1 */
    0x00040140,                /* 0838  i8 L4 <- 1 */
    0x00000086, 0x00030004,    /* 0839  sub L0 <- L3 - L4 */
    0x00030040,                /* 083B  i8 L3 <- 0 */
    0x00040094, 0x00000003,    /* 083C  ge L4 <- L0 >= L3 */
    0x0019044B,                /* 083E  jf L4, +25 */
    0x0003009A, 0x80000038,    /* 083F  getattr L3 <- P0.sym#56   ("block_slots") */
    0x0004009A, 0x8000003A,    /* 0841  getattr L4 <- P0.sym#58   ("scope_stack") */
    0x00050098, 0x00040000,    /* 0843  getidx L5 <- L4[L0] */
    0x00010098, 0x00030005,    /* 0845  getidx L1 <- L3[L5] */
    0x00030140,                /* 0847  i8 L3 <- 1 */
    0x00040098, 0x00010003,    /* 0848  getidx L4 <- L1[L3] */
    0x00020098, 0x00048001,    /* 084A  getidx L2 <- L4[P1] */
    0x0001024E,                /* 084C  jnerr L2, +1 */
    0x00020003,                /* 084D  lnil L2 */
    0x004A0346,                /* 084E  lconst L3 <- static#74   ("nil") */
    0x00040097, 0x00020003,    /* 084F  is L4 <- L2 is L3 */
    0x0005044A,                /* 0851  not L5 <- L4 */
    0x0001054B,                /* 0852  jf L5, +1 */
    0x00020102,                /* 0853  return L2 count=1 */
    0x00030140,                /* 0854  i8 L3 <- 1 */
    0x00000086, 0x00000003,    /* 0855  sub L0 <- L0 - L3 */
    0xFFE3004F,                /* 0857  jmp -29 */
    0x00030003,                /* 0858  lnil L3 */
    0x00030102,                /* 0859  return L3 count=1 */
    0x00058041,                /* 085A  move L5 <- P0 */
    0x00068141,                /* 085B  move L6 <- P1 */
    0x000501A2, 0x001A0001,    /* 085C  msg base=L5 argc=1 msg#26 nres=1   (block_binding) */
    0x00000541,                /* 085E  move L0 <- L5 */
    0x004A0546,                /* 085F  lconst L5 <- static#74   ("nil") */
    0x00060097, 0x00000005,    /* 0860  is L6 <- L0 is L5 */
    0x0007064A,                /* 0862  not L7 <- L6 */
    0x0001074B,                /* 0863  jf L7, +1 */
    0x00000102,                /* 0864  return L0 count=1 */
    0x00058041,                /* 0865  move L5 <- P0 */
    0x00068141,                /* 0866  move L6 <- P1 */
    0x000501A2, 0x001B0001,    /* 0867  msg base=L5 argc=1 msg#27 nres=1   (lookup) */
    0x00010541,                /* 0869  move L1 <- L5 */
    0x004A0546,                /* 086A  lconst L5 <- static#74   ("nil") */
    0x00060097, 0x00010005,    /* 086B  is L6 <- L1 is L5 */
    0x0007064A,                /* 086D  not L7 <- L6 */
    0x0005074B,                /* 086E  jf L7, +5 */
    0x00600546,                /* 086F  lconst L5 <- static#96   ("reg") */
    0x00060141,                /* 0870  move L6 <- L1 */
    0x00070282, 0x00050000,    /* 0871  list L7 <- L5, 2 items */
    0x00070102,                /* 0873  return L7 count=1 */
    0x0005009A, 0x80000001,    /* 0874  getattr L5 <- P0.sym#1   ("statics") */
    0x00020098, 0x00058001,    /* 0876  getidx L2 <- L5[P1] */
    0x0001024E,                /* 0878  jnerr L2, +1 */
    0x00020003,                /* 0879  lnil L2 */
    0x004A0546,                /* 087A  lconst L5 <- static#74   ("nil") */
    0x00060097, 0x00020005,    /* 087B  is L6 <- L2 is L5 */
    0x0007064A,                /* 087D  not L7 <- L6 */
    0x0005074B,                /* 087E  jf L7, +5 */
    0x00970546,                /* 087F  lconst L5 <- static#151   ("global") */
    0x00060241,                /* 0880  move L6 <- L2 */
    0x00070282, 0x00050000,    /* 0881  list L7 <- L5, 2 items */
    0x00070102,                /* 0883  return L7 count=1 */
    0x0005009A, 0x80000036,    /* 0884  getattr L5 <- P0.sym#54   ("this_class") */
    0x004A0646,                /* 0886  lconst L6 <- static#74   ("nil") */
    0x00070097, 0x00050006,    /* 0887  is L7 <- L5 is L6 */
    0x0008074A,                /* 0889  not L8 <- L7 */
    0x0028084B,                /* 088A  jf L8, +40 */
    0x0005009A, 0x80000022,    /* 088B  getattr L5 <- P0.sym#34   ("module") */
    0x0006009A, 0x80000036,    /* 088D  getattr L6 <- P0.sym#54   ("this_class") */
    0x00078141,                /* 088F  move L7 <- P1 */
    0x000502A2, 0x001C0001,    /* 0890  msg base=L5 argc=2 msg#28 nres=1   (is_own_slot) */
    0x000E054B,                /* 0892  jf L5, +14 */
    0x009A0546,                /* 0893  lconst L5 <- static#154   ("slot") */
    0x0007009A, 0x80000022,    /* 0894  getattr L7 <- P0.sym#34   ("module") */
    0x0006009A, 0x0007004B,    /* 0896  getattr L6 <- L7.sym#75   ("image") */
    0x001E0742,                /* 0898  gget L7 <- g30   (str) */
    0x00088141,                /* 0899  move L8 <- P1 */
    0x000701A0, 0x00010000,    /* 089A  call base=L7 argc=1 nres=1 */
    0x000601A2, 0x00050001,    /* 089C  msg base=L6 argc=1 msg#5 nres=1   (add_symbol) */
    0x00070282, 0x00050000,    /* 089E  list L7 <- L5, 2 items */
    0x00070102,                /* 08A0  return L7 count=1 */
    0x0005009A, 0x80000022,    /* 08A1  getattr L5 <- P0.sym#34   ("module") */
    0x0006009A, 0x80000036,    /* 08A3  getattr L6 <- P0.sym#54   ("this_class") */
    0x00078141,                /* 08A5  move L7 <- P1 */
    0x000502A2, 0x001D0001,    /* 08A6  msg base=L5 argc=2 msg#29 nres=1   (class_static_index) */
    0x00040541,                /* 08A8  move L4 <- L5 */
    0x004A0546,                /* 08A9  lconst L5 <- static#74   ("nil") */
    0x00060097, 0x00040005,    /* 08AA  is L6 <- L4 is L5 */
    0x0007064A,                /* 08AC  not L7 <- L6 */
    0x0005074B,                /* 08AD  jf L7, +5 */
    0x00970546,                /* 08AE  lconst L5 <- static#151   ("global") */
    0x00060441,                /* 08AF  move L6 <- L4 */
    0x00070282, 0x00050000,    /* 08B0  list L7 <- L5, 2 items */
    0x00070102,                /* 08B2  return L7 count=1 */
    0x0005009A, 0x80000022,    /* 08B3  getattr L5 <- P0.sym#34   ("module") */
    0x00068141,                /* 08B5  move L6 <- P1 */
    0x000501A2, 0x00090001,    /* 08B6  msg base=L5 argc=1 msg#9 nres=1   (global_index) */
    0x00030541,                /* 08B8  move L3 <- L5 */
    0x004A0546,                /* 08B9  lconst L5 <- static#74   ("nil") */
    0x00060097, 0x00030005,    /* 08BA  is L6 <- L3 is L5 */
    0x0007064A,                /* 08BC  not L7 <- L6 */
    0x0005074B,                /* 08BD  jf L7, +5 */
    0x00970546,                /* 08BE  lconst L5 <- static#151   ("global") */
    0x00060341,                /* 08BF  move L6 <- L3 */
    0x00070282, 0x00050000,    /* 08C0  list L7 <- L5, 2 items */
    0x00070102,                /* 08C2  return L7 count=1 */
    0x0005009A, 0x80000036,    /* 08C3  getattr L5 <- P0.sym#54   ("this_class") */
    0x004A0646,                /* 08C5  lconst L6 <- static#74   ("nil") */
    0x00070097, 0x00050006,    /* 08C6  is L7 <- L5 is L6 */
    0x0008074A,                /* 08C8  not L8 <- L7 */
    0x001C084B,                /* 08C9  jf L8, +28 */
    0x0005009A, 0x80000022,    /* 08CA  getattr L5 <- P0.sym#34   ("module") */
    0x00068141,                /* 08CC  move L6 <- P1 */
    0x000501A2, 0x001E0001,    /* 08CD  msg base=L5 argc=1 msg#30 nres=1   (is_builtin) */
    0x0006054A,                /* 08CF  not L6 <- L5 */
    0x0015064B,                /* 08D0  jf L6, +21 */
    0x0005009A, 0x80000022,    /* 08D1  getattr L5 <- P0.sym#34   ("module") */
    0x0006009A, 0x80000036,    /* 08D3  getattr L6 <- P0.sym#54   ("this_class") */
    0x000501A2, 0x001F0001,    /* 08D5  msg base=L5 argc=1 msg#31 nres=1   (chain_reaches_outside) */
    0x000E054B,                /* 08D7  jf L5, +14 */
    0x009A0546,                /* 08D8  lconst L5 <- static#154   ("slot") */
    0x0007009A, 0x80000022,    /* 08D9  getattr L7 <- P0.sym#34   ("module") */
    0x0006009A, 0x0007004B,    /* 08DB  getattr L6 <- L7.sym#75   ("image") */
    0x001E0742,                /* 08DD  gget L7 <- g30   (str) */
    0x00088141,                /* 08DE  move L8 <- P1 */
    0x000701A0, 0x00010000,    /* 08DF  call base=L7 argc=1 nres=1 */
    0x000601A2, 0x00050001,    /* 08E1  msg base=L6 argc=1 msg#5 nres=1   (add_symbol) */
    0x00070282, 0x00050000,    /* 08E3  list L7 <- L5, 2 items */
    0x00070102,                /* 08E5  return L7 count=1 */
    0x00050003,                /* 08E6  lnil L5 */
    0x00050102,                /* 08E7  return L5 count=1 */
    0x00018041,                /* 08E8  move L1 <- P0 */
    0x00028141,                /* 08E9  move L2 <- P1 */
    0x000101A2, 0x00130001,    /* 08EA  msg base=L1 argc=1 msg#19 nres=1   (reserve_local) */
    0x00000141,                /* 08EC  move L0 <- L1 */
    0x00410146,                /* 08ED  lconst L1 <- static#65   ("error") */
    0x00020097, 0x00000001,    /* 08EE  is L2 <- L0 is L1 */
    0x0001024B,                /* 08F0  jf L2, +1 */
    0x00000102,                /* 08F1  return L0 count=1 */
    0x0001009A, 0x8000002E,    /* 08F2  getattr L1 <- P0.sym#46   ("locals") */
    0x00020041,                /* 08F4  move L2 <- L0 */
    0x00010099, 0x80010002,    /* 08F5  setidx L1[P1] <- L2 */
    0x00000102,                /* 08F7  return L0 count=1 */
    0x0002009A, 0x80000030,    /* 08F8  getattr L2 <- P0.sym#48   ("top") */
    0x0003009A, 0x8000002F,    /* 08FA  getattr L3 <- P0.sym#47   ("nnamed") */
    0x00040093, 0x00020003,    /* 08FC  gt L4 <- L2 > L3 */
    0x000F044B,                /* 08FE  jf L4, +15 */
    0x00190242,                /* 08FF  gget L2 <- g25   (error) */
    0x009B0346,                /* 0900  lconst L3 <- static#155   ("internal: local '") */
    0x001E0442,                /* 0901  gget L4 <- g30   (str) */
    0x00058141,                /* 0902  move L5 <- P1 */
    0x000401A0, 0x00010000,    /* 0903  call base=L4 argc=1 nres=1 */
    0x00050085, 0x00030004,    /* 0905  add L5 <- L3 + L4 */
    0x009C0646,                /* 0907  lconst L6 <- static#156   ("' declared after temps were allocated") */
    0x00070085, 0x00050006,    /* 0908  add L7 <- L5 + L6 */
    0x00030741,                /* 090A  move L3 <- L7 */
    0x000201A0, 0x00010000,    /* 090B  call base=L2 argc=1 nres=1 */
    0x00020102,                /* 090D  return L2 count=1 */
    0x0000009A, 0x8000002F,    /* 090E  getattr L0 <- P0.sym#47   ("nnamed") */
    0x0003009A, 0x8000002F,    /* 0910  getattr L3 <- P0.sym#47   ("nnamed") */
    0x00040140,                /* 0912  i8 L4 <- 1 */
    0x00020085, 0x00030004,    /* 0913  add L2 <- L3 + L4 */
    0x8000009B, 0x002F0002,    /* 0915  setattr P0.sym#47 <- L2   ("nnamed") */
    0x0002009A, 0x8000002F,    /* 0917  getattr L2 <- P0.sym#47   ("nnamed") */
    0x8000009B, 0x00300002,    /* 0919  setattr P0.sym#48 <- L2   ("top") */
    0x00028041,                /* 091B  move L2 <- P0 */
    0x000200A2, 0x00210001,    /* 091C  msg base=L2 argc=0 msg#33 nres=1   (_raise_high) */
    0x00010241,                /* 091E  move L1 <- L2 */
    0x00410246,                /* 091F  lconst L2 <- static#65   ("error") */
    0x00030097, 0x00010002,    /* 0920  is L3 <- L1 is L2 */
    0x0001034B,                /* 0922  jf L3, +1 */
    0x00010102,                /* 0923  return L1 count=1 */
    0x00000102,                /* 0924  return L0 count=1 */
    0x0000009A, 0x80000030,    /* 0925  getattr L0 <- P0.sym#48   ("top") */
    0x00000102,                /* 0927  return L0 count=1 */
    0x0000009A, 0x80000030,    /* 0928  getattr L0 <- P0.sym#48   ("top") */
    0x0003009A, 0x80000030,    /* 092A  getattr L3 <- P0.sym#48   ("top") */
    0x00040140,                /* 092C  i8 L4 <- 1 */
    0x00020085, 0x00030004,    /* 092D  add L2 <- L3 + L4 */
    0x8000009B, 0x00300002,    /* 092F  setattr P0.sym#48 <- L2   ("top") */
    0x00028041,                /* 0931  move L2 <- P0 */
    0x000200A2, 0x00210001,    /* 0932  msg base=L2 argc=0 msg#33 nres=1   (_raise_high) */
    0x00010241,                /* 0934  move L1 <- L2 */
    0x00410246,                /* 0935  lconst L2 <- static#65   ("error") */
    0x00030097, 0x00010002,    /* 0936  is L3 <- L1 is L2 */
    0x0001034B,                /* 0938  jf L3, +1 */
    0x00010102,                /* 0939  return L1 count=1 */
    0x00230242,                /* 093A  gget L2 <- g35   (L) */
    0x00030041,                /* 093B  move L3 <- L0 */
    0x000201A0, 0x00010000,    /* 093C  call base=L2 argc=1 nres=1 */
    0x00020102,                /* 093E  return L2 count=1 */
    0x0000009A, 0x80000030,    /* 093F  getattr L0 <- P0.sym#48   ("top") */
    0x00010093, 0x80010000,    /* 0941  gt L1 <- P1 > L0 */
    0x000A014B,                /* 0943  jf L1, +10 */
    0x00190042,                /* 0944  gget L0 <- g25   (error) */
    0x009D0146,                /* 0945  lconst L1 <- static#157   ("internal: temp stack rewound forward in ") */
    0x0002009A, 0x80000023,    /* 0946  getattr L2 <- P0.sym#35   ("name") */
    0x00030085, 0x00010002,    /* 0948  add L3 <- L1 + L2 */
    0x00010341,                /* 094A  move L1 <- L3 */
    0x000001A0, 0x00010000,    /* 094B  call base=L0 argc=1 nres=1 */
    0x00000102,                /* 094D  return L0 count=1 */
    0x00008141,                /* 094E  move L0 <- P1 */
    0x8000009B, 0x00300000,    /* 094F  setattr P0.sym#48 <- L0   ("top") */
    0x00000003,                /* 0951  lnil L0 */
    0x00000102,                /* 0952  return L0 count=1 */
    0x0000009A, 0x80000030,    /* 0953  getattr L0 <- P0.sym#48   ("top") */
    0x0001009A, 0x80000031,    /* 0955  getattr L1 <- P0.sym#49   ("high") */
    0x00020093, 0x00000001,    /* 0957  gt L2 <- L0 > L1 */
    0x0027024B,                /* 0959  jf L2, +39 */
    0x0000009A, 0x80000030,    /* 095A  getattr L0 <- P0.sym#48   ("top") */
    0x8000009B, 0x00310000,    /* 095C  setattr P0.sym#49 <- L0   ("high") */
    0x0000009A, 0x80000031,    /* 095E  getattr L0 <- P0.sym#49   ("high") */
    0x00110142,                /* 0960  gget L1 <- g17   (MAX_LOCALS) */
    0x00020093, 0x00000001,    /* 0961  gt L2 <- L0 > L1 */
    0x001D024B,                /* 0963  jf L2, +29 */
    0x00190042,                /* 0964  gget L0 <- g25   (error) */
    0x0001009A, 0x80000023,    /* 0965  getattr L1 <- P0.sym#35   ("name") */
    0x009E0246,                /* 0967  lconst L2 <- static#158   (" needs ") */
    0x00030085, 0x00010002,    /* 0968  add L3 <- L1 + L2 */
    0x001E0442,                /* 096A  gget L4 <- g30   (str) */
    0x0005009A, 0x80000031,    /* 096B  getattr L5 <- P0.sym#49   ("high") */
    0x000401A0, 0x00010000,    /* 096D  call base=L4 argc=1 nres=1 */
    0x00050085, 0x00030004,    /* 096F  add L5 <- L3 + L4 */
    0x009F0646,                /* 0971  lconst L6 <- static#159   (" locals, over the ") */
    0x00070085, 0x00050006,    /* 0972  add L7 <- L5 + L6 */
    0x001E0842,                /* 0974  gget L8 <- g30   (str) */
    0x00110942,                /* 0975  gget L9 <- g17   (MAX_LOCALS) */
    0x000801A0, 0x00010000,    /* 0976  call base=L8 argc=1 nres=1 */
    0x00090085, 0x00070008,    /* 0978  add L9 <- L7 + L8 */
    0x00A00A46,                /* 097A  lconst L10 <- static#160   ("-local frame limit") */
    0x000B0085, 0x0009000A,    /* 097B  add L11 <- L9 + L10 */
    0x00010B41,                /* 097D  move L1 <- L11 */
    0x000001A0, 0x00010000,    /* 097E  call base=L0 argc=1 nres=1 */
    0x00000102,                /* 0980  return L0 count=1 */
    0x00000003,                /* 0981  lnil L0 */
    0x00000102,                /* 0982  return L0 count=1 */
    0x0001009A, 0x80000028,    /* 0983  getattr L1 <- P0.sym#40   ("_zero") */
    0x004A0246,                /* 0985  lconst L2 <- static#74   ("nil") */
    0x00030097, 0x00010002,    /* 0986  is L3 <- L1 is L2 */
    0x0011034B,                /* 0988  jf L3, +17 */
    0x00018041,                /* 0989  move L1 <- P0 */
    0x00A10246,                /* 098A  lconst L2 <- static#161   ("<cell index>") */
    0x000101A2, 0x00100001,    /* 098B  msg base=L1 argc=1 msg#16 nres=1   (declare_local) */
    0x00000141,                /* 098D  move L0 <- L1 */
    0x00410146,                /* 098E  lconst L1 <- static#65   ("error") */
    0x00020097, 0x00000001,    /* 098F  is L2 <- L0 is L1 */
    0x0001024B,                /* 0991  jf L2, +1 */
    0x00000102,                /* 0992  return L0 count=1 */
    0x00230242,                /* 0993  gget L2 <- g35   (L) */
    0x00030041,                /* 0994  move L3 <- L0 */
    0x000201A0, 0x00010000,    /* 0995  call base=L2 argc=1 nres=1 */
    0x00010241,                /* 0997  move L1 <- L2 */
    0x8000009B, 0x00280001,    /* 0998  setattr P0.sym#40 <- L1   ("_zero") */
    0x0001009A, 0x80000028,    /* 099A  getattr L1 <- P0.sym#40   ("_zero") */
    0x00010102,                /* 099C  return L1 count=1 */
    0x0000009A, 0x80000028,    /* 099D  getattr L0 <- P0.sym#40   ("_zero") */
    0x004A0146,                /* 099F  lconst L1 <- static#74   ("nil") */
    0x00020097, 0x00000001,    /* 09A0  is L2 <- L0 is L1 */
    0x000D024B,                /* 09A2  jf L2, +13 */
    0x00190042,                /* 09A3  gget L0 <- g25   (error) */
    0x00A20146,                /* 09A4  lconst L1 <- static#162   ("internal: ") */
    0x0002009A, 0x80000023,    /* 09A5  getattr L2 <- P0.sym#35   ("name") */
    0x00030085, 0x00010002,    /* 09A7  add L3 <- L1 + L2 */
    0x00A30446,                /* 09A9  lconst L4 <- static#163   (" has no cell index register") */
    0x00050085, 0x00030004,    /* 09AA  add L5 <- L3 + L4 */
    0x00010541,                /* 09AC  move L1 <- L5 */
    0x000001A0, 0x00010000,    /* 09AD  call base=L0 argc=1 nres=1 */
    0x00000102,                /* 09AF  return L0 count=1 */
    0x0000009A, 0x80000028,    /* 09B0  getattr L0 <- P0.sym#40   ("_zero") */
    0x00000102,                /* 09B2  return L0 count=1 */
    0x00038041,                /* 09B3  move L3 <- P0 */
    0x00048141,                /* 09B4  move L4 <- P1 */
    0x000301A2, 0x001A0001,    /* 09B5  msg base=L3 argc=1 msg#26 nres=1   (block_binding) */
    0x00000341,                /* 09B7  move L0 <- L3 */
    0x004A0346,                /* 09B8  lconst L3 <- static#74   ("nil") */
    0x00040097, 0x00000003,    /* 09B9  is L4 <- L0 is L3 */
    0x0005044A,                /* 09BB  not L5 <- L4 */
    0x000D054B,                /* 09BC  jf L5, +13 */
    0x00030040,                /* 09BD  i8 L3 <- 0 */
    0x00040098, 0x00000003,    /* 09BE  getidx L4 <- L0[L3] */
    0x00600546,                /* 09C0  lconst L5 <- static#96   ("reg") */
    0x0006008F, 0x00040005,    /* 09C1  eq L6 <- L4 == L5 */
    0x0004064B,                /* 09C3  jf L6, +4 */
    0x00030140,                /* 09C4  i8 L3 <- 1 */
    0x00040098, 0x00000003,    /* 09C5  getidx L4 <- L0[L3] */
    0x00040102,                /* 09C7  return L4 count=1 */
    0x00030003,                /* 09C8  lnil L3 */
    0x00030102,                /* 09C9  return L3 count=1 */
    0x0003009A, 0x8000002E,    /* 09CA  getattr L3 <- P0.sym#46   ("locals") */
    0x00010098, 0x00038001,    /* 09CC  getidx L1 <- L3[P1] */
    0x0001014E,                /* 09CE  jnerr L1, +1 */
    0x00010003,                /* 09CF  lnil L1 */
    0x004A0346,                /* 09D0  lconst L3 <- static#74   ("nil") */
    0x00040097, 0x00010003,    /* 09D1  is L4 <- L1 is L3 */
    0x0005044A,                /* 09D3  not L5 <- L4 */
    0x0005054B,                /* 09D4  jf L5, +5 */
    0x00230342,                /* 09D5  gget L3 <- g35   (L) */
    0x00040141,                /* 09D6  move L4 <- L1 */
    0x000301A0, 0x00010000,    /* 09D7  call base=L3 argc=1 nres=1 */
    0x00030102,                /* 09D9  return L3 count=1 */
    0x0003009A, 0x80000032,    /* 09DA  getattr L3 <- P0.sym#50   ("params") */
    0x00020098, 0x00038001,    /* 09DC  getidx L2 <- L3[P1] */
    0x0001024E,                /* 09DE  jnerr L2, +1 */
    0x00020003,                /* 09DF  lnil L2 */
    0x004A0346,                /* 09E0  lconst L3 <- static#74   ("nil") */
    0x00040097, 0x00020003,    /* 09E1  is L4 <- L2 is L3 */
    0x0005044A,                /* 09E3  not L5 <- L4 */
    0x0001054B,                /* 09E4  jf L5, +1 */
    0x00020102,                /* 09E5  return L2 count=1 */
    0x0004009A, 0x80000033,    /* 09E6  getattr L4 <- P0.sym#51   ("captures") */
    0x00030098, 0x00048001,    /* 09E8  getidx L3 <- L4[P1] */
    0x0001034E,                /* 09EA  jnerr L3, +1 */
    0x00030003,                /* 09EB  lnil L3 */
    0x00030102,                /* 09EC  return L3 count=1 */
    0x001F0042,                /* 09ED  gget L0 <- g31   (len) */
    0x0001009A, 0x80000007,    /* 09EE  getattr L1 <- P0.sym#7   ("code") */
    0x000001A0, 0x00010000,    /* 09F0  call base=L0 argc=1 nres=1 */
    0x00000102,                /* 09F2  return L0 count=1 */
    0x001F0242,                /* 09F3  gget L2 <- g31   (len) */
    0x0003009A, 0x80000007,    /* 09F4  getattr L3 <- P0.sym#7   ("code") */
    0x000201A0, 0x00010000,    /* 09F6  call base=L2 argc=1 nres=1 */
    0x00000241,                /* 09F8  move L0 <- L2 */
    0x0002009A, 0x8000002B,    /* 09F9  getattr L2 <- P0.sym#43   ("line") */
    0x004A0346,                /* 09FB  lconst L3 <- static#74   ("nil") */
    0x00040097, 0x00020003,    /* 09FC  is L4 <- L2 is L3 */
    0x0005044A,                /* 09FE  not L5 <- L4 */
    0x0011054B,                /* 09FF  jf L5, +17 */
    0x0002009A, 0x8000002B,    /* 0A00  getattr L2 <- P0.sym#43   ("line") */
    0x0003009A, 0x8000002D,    /* 0A02  getattr L3 <- P0.sym#45   ("_emitted_line") */
    0x00040090, 0x00020003,    /* 0A04  ne L4 <- L2 != L3 */
    0x000A044B,                /* 0A06  jf L4, +10 */
    0x0002009A, 0x8000002C,    /* 0A07  getattr L2 <- P0.sym#44   ("lines") */
    0x0003009A, 0x8000002B,    /* 0A09  getattr L3 <- P0.sym#43   ("line") */
    0x00020099, 0x00000003,    /* 0A0B  setidx L2[L0] <- L3 */
    0x0002009A, 0x8000002B,    /* 0A0D  getattr L2 <- P0.sym#43   ("line") */
    0x8000009B, 0x002D0002,    /* 0A0F  setattr P0.sym#45 <- L2   ("_emitted_line") */
    0x000200AE, 0x80010000,    /* 0A11  iter L2 <- P1 */
    0x000100AF, 0x00020006,    /* 0A13  itnext L1 <- L2, done +6 */
    0x0003009A, 0x80000007,    /* 0A15  getattr L3 <- P0.sym#7   ("code") */
    0x00040141,                /* 0A17  move L4 <- L1 */
    0x000301A2, 0x00010001,    /* 0A18  msg base=L3 argc=1 msg#1 nres=1   (append) */
    0xFFF8004F,                /* 0A1A  jmp -8 */
    0x00000102,                /* 0A1B  return L0 count=1 */
    0x00008141,                /* 0A1C  move L0 <- P1 */
    0x00050140,                /* 0A1D  i8 L5 <- 1 */
    0x0004008F, 0x80020005,    /* 0A1E  eq L4 <- P2 == L5 */
    0x0005044B,                /* 0A20  jf L4, +5 */
    0x00260542,                /* 0A21  gget L5 <- g38   (is_p) */
    0x00060041,                /* 0A22  move L6 <- L0 */
    0x000501A0, 0x00010000,    /* 0A23  call base=L5 argc=1 nres=1 */
    0x00040541,                /* 0A25  move L4 <- L5 */
    0x001A044B,                /* 0A26  jf L4, +26 */
    0x00048041,                /* 0A27  move L4 <- P0 */
    0x000400A2, 0x00230001,    /* 0A28  msg base=L4 argc=0 msg#35 nres=1   (push) */
    0x00020441,                /* 0A2A  move L2 <- L4 */
    0x00410446,                /* 0A2B  lconst L4 <- static#65   ("error") */
    0x00050097, 0x00020004,    /* 0A2C  is L5 <- L2 is L4 */
    0x0001054B,                /* 0A2E  jf L5, +1 */
    0x00020102,                /* 0A2F  return L2 count=1 */
    0x00020442,                /* 0A30  gget L4 <- g2   (pack_pairable) */
    0x00560545,                /* 0A31  lsym L5 <- sym#86   ("move") */
    0x00060241,                /* 0A32  move L6 <- L2 */
    0x00070041,                /* 0A33  move L7 <- L0 */
    0x000403A0, 0x00010000,    /* 0A34  call base=L4 argc=3 nres=1 */
    0x00030441,                /* 0A36  move L3 <- L4 */
    0x00410446,                /* 0A37  lconst L4 <- static#65   ("error") */
    0x00050097, 0x00030004,    /* 0A38  is L5 <- L3 is L4 */
    0x0001054B,                /* 0A3A  jf L5, +1 */
    0x00030102,                /* 0A3B  return L3 count=1 */
    0x00048041,                /* 0A3C  move L4 <- P0 */
    0x00050341,                /* 0A3D  move L5 <- L3 */
    0x000401A2, 0x000D0001,    /* 0A3E  msg base=L4 argc=1 msg#13 nres=1   (emit_words) */
    0x00000241,                /* 0A40  move L0 <- L2 */
    0x001B0442,                /* 0A41  gget L4 <- g27   (pack) */
    0x00570745,                /* 0A42  lsym L7 <- sym#87   ("return") */
    0x00080181, 0x00070000,    /* 0A43  tuple L8 <- L7, 1 items */
    0x00050841,                /* 0A45  move L5 <- L8 */
    0x00610746,                /* 0A46  lconst L7 <- static#97   ("a0") */
    0x00080041,                /* 0A47  move L8 <- L0 */
    0x00640946,                /* 0A48  lconst L9 <- static#100   ("f") */
    0x000A8241,                /* 0A49  move L10 <- P2 */
    0x000B0283, 0x00070000,    /* 0A4A  dict L11 <- L7, 2 pairs */
    0x00060B41,                /* 0A4C  move L6 <- L11 */
    0x000400A1, 0x00010000,    /* 0A4D  call_va base=L4 nres=1 */
    0x00010441,                /* 0A4F  move L1 <- L4 */
    0x00410446,                /* 0A50  lconst L4 <- static#65   ("error") */
    0x00050097, 0x00010004,    /* 0A51  is L5 <- L1 is L4 */
    0x0001054B,                /* 0A53  jf L5, +1 */
    0x00010102,                /* 0A54  return L1 count=1 */
    0x00048041,                /* 0A55  move L4 <- P0 */
    0x00050141,                /* 0A56  move L5 <- L1 */
    0x000401A2, 0x000D0001,    /* 0A57  msg base=L4 argc=1 msg#13 nres=1   (emit_words) */
    0x00040003,                /* 0A59  lnil L4 */
    0x00040102,                /* 0A5A  return L4 count=1 */
    0x0002009A, 0x80000022,    /* 0A5B  getattr L2 <- P0.sym#34   ("module") */
    0x0001009A, 0x0002004B,    /* 0A5D  getattr L1 <- L2.sym#75   ("image") */
    0x00028141,                /* 0A5F  move L2 <- P1 */
    0x000101A2, 0x00060001,    /* 0A60  msg base=L1 argc=1 msg#6 nres=1   (add_message) */
    0x00000141,                /* 0A62  move L0 <- L1 */
    0x00410146,                /* 0A63  lconst L1 <- static#65   ("error") */
    0x00020097, 0x00000001,    /* 0A64  is L2 <- L0 is L1 */
    0x0001024B,                /* 0A66  jf L2, +1 */
    0x00000102,                /* 0A67  return L0 count=1 */
    0x0001009A, 0x80000029,    /* 0A68  getattr L1 <- P0.sym#41   ("uses") */
    0x00020096, 0x00000001,    /* 0A6A  in L2 <- L0 in L1 */
    0x0003024A,                /* 0A6C  not L3 <- L2 */
    0x0005034B,                /* 0A6D  jf L3, +5 */
    0x0001009A, 0x80000029,    /* 0A6E  getattr L1 <- P0.sym#41   ("uses") */
    0x00020041,                /* 0A70  move L2 <- L0 */
    0x000101A2, 0x00010001,    /* 0A71  msg base=L1 argc=1 msg#1 nres=1   (append) */
    0x00000102,                /* 0A73  return L0 count=1 */
    0x000D0142,                /* 0A74  gget L1 <- g13   (Label) */
    0x000100A0, 0x00010000,    /* 0A75  call base=L1 argc=0 nres=1 */
    0x00000141,                /* 0A77  move L0 <- L1 */
    0x0001009A, 0x8000002A,    /* 0A78  getattr L1 <- P0.sym#42   ("labels") */
    0x00020041,                /* 0A7A  move L2 <- L0 */
    0x000101A2, 0x00010001,    /* 0A7B  msg base=L1 argc=1 msg#1 nres=1   (append) */
    0x00000102,                /* 0A7D  return L0 count=1 */
    0x0000009A, 0x80010020,    /* 0A7E  getattr L0 <- P1.sym#32   ("target") */
    0x004A0146,                /* 0A80  lconst L1 <- static#74   ("nil") */
    0x00020097, 0x00000001,    /* 0A81  is L2 <- L0 is L1 */
    0x0003024A,                /* 0A83  not L3 <- L2 */
    0x000A034B,                /* 0A84  jf L3, +10 */
    0x00190042,                /* 0A85  gget L0 <- g25   (error) */
    0x00A40146,                /* 0A86  lconst L1 <- static#164   ("internal: label marked twice in ") */
    0x0002009A, 0x80000023,    /* 0A87  getattr L2 <- P0.sym#35   ("name") */
    0x00030085, 0x00010002,    /* 0A89  add L3 <- L1 + L2 */
    0x00010341,                /* 0A8B  move L1 <- L3 */
    0x000001A0, 0x00010000,    /* 0A8C  call base=L0 argc=1 nres=1 */
    0x00000102,                /* 0A8E  return L0 count=1 */
    0x001F0142,                /* 0A8F  gget L1 <- g31   (len) */
    0x0002009A, 0x80000007,    /* 0A90  getattr L2 <- P0.sym#7   ("code") */
    0x000101A0, 0x00010000,    /* 0A92  call base=L1 argc=1 nres=1 */
    0x00000141,                /* 0A94  move L0 <- L1 */
    0x8001009B, 0x00200000,    /* 0A95  setattr P1.sym#32 <- L0   ("target") */
    0x00000003,                /* 0A97  lnil L0 */
    0x00000102,                /* 0A98  return L0 count=1 */
    0x0006009A, 0x8000002A,    /* 0A99  getattr L6 <- P0.sym#42   ("labels") */
    0x000700AE, 0x00060000,    /* 0A9B  iter L7 <- L6 */
    0x000000AF, 0x00070078,    /* 0A9D  itnext L0 <- L7, done +120 */
    0x0008009A, 0x00000020,    /* 0A9F  getattr L8 <- L0.sym#32   ("target") */
    0x004A0946,                /* 0AA1  lconst L9 <- static#74   ("nil") */
    0x000A0097, 0x00080009,    /* 0AA2  is L10 <- L8 is L9 */
    0x000A0A4B,                /* 0AA4  jf L10, +10 */
    0x00190842,                /* 0AA5  gget L8 <- g25   (error) */
    0x00A50946,                /* 0AA6  lconst L9 <- static#165   ("internal: unmarked label in ") */
    0x000A009A, 0x80000023,    /* 0AA7  getattr L10 <- P0.sym#35   ("name") */
    0x000B0085, 0x0009000A,    /* 0AA9  add L11 <- L9 + L10 */
    0x00090B41,                /* 0AAB  move L9 <- L11 */
    0x000801A0, 0x00010000,    /* 0AAC  call base=L8 argc=1 nres=1 */
    0x00080102,                /* 0AAE  return L8 count=1 */
    0x0008009A, 0x00000021,    /* 0AAF  getattr L8 <- L0.sym#33   ("sites") */
    0x000900AE, 0x00080000,    /* 0AB1  iter L9 <- L8 */
    0x000100AF, 0x00090061,    /* 0AB3  itnext L1 <- L9, done +97 */
    0x000A0040,                /* 0AB5  i8 L10 <- 0 */
    0x00020098, 0x0001000A,    /* 0AB6  getidx L2 <- L1[L10] */
    0x000A0140,                /* 0AB8  i8 L10 <- 1 */
    0x00030098, 0x0001000A,    /* 0AB9  getidx L3 <- L1[L10] */
    0x000A0240,                /* 0ABB  i8 L10 <- 2 */
    0x00040098, 0x0001000A,    /* 0ABC  getidx L4 <- L1[L10] */
    0x000A009A, 0x00000020,    /* 0ABE  getattr L10 <- L0.sym#32   ("target") */
    0x00050086, 0x000A0002,    /* 0AC0  sub L5 <- L10 - L2 */
    0x00660A46,                /* 0AC2  lconst L10 <- static#102   ("w1") */
    0x000B008F, 0x0004000A,    /* 0AC3  eq L11 <- L4 == L10 */
    0x00080B4B,                /* 0AC5  jf L11, +8 */
    0x000A009A, 0x80000007,    /* 0AC6  getattr L10 <- P0.sym#7   ("code") */
    0x00130C42,                /* 0AC8  gget L12 <- g19   (U32_MASK) */
    0x000B008B, 0x0005000C,    /* 0AC9  band L11 <- L5 & L12 */
    0x000A0099, 0x0003000B,    /* 0ACB  setidx L10[L3] <- L11 */
    0x0047004F,                /* 0ACD  jmp +71 */
    0x001D0A42,                /* 0ACE  gget L10 <- g29   (fits_i16) */
    0x000B0541,                /* 0ACF  move L11 <- L5 */
    0x000A01A0, 0x00010000,    /* 0AD0  call base=L10 argc=1 nres=1 */
    0x000B0A4A,                /* 0AD2  not L11 <- L10 */
    0x00160B4B,                /* 0AD3  jf L11, +22 */
    0x00190A42,                /* 0AD4  gget L10 <- g25   (error) */
    0x00A60B46,                /* 0AD5  lconst L11 <- static#166   ("jump in ") */
    0x000C009A, 0x80000023,    /* 0AD6  getattr L12 <- P0.sym#35   ("name") */
    0x000D0085, 0x000B000C,    /* 0AD8  add L13 <- L11 + L12 */
    0x00A70E46,                /* 0ADA  lconst L14 <- static#167   (" spans ") */
    0x000F0085, 0x000D000E,    /* 0ADB  add L15 <- L13 + L14 */
    0x001E1042,                /* 0ADD  gget L16 <- g30   (str) */
    0x00110541,                /* 0ADE  move L17 <- L5 */
    0x001001A0, 0x00010000,    /* 0ADF  call base=L16 argc=1 nres=1 */
    0x00110085, 0x000F0010,    /* 0AE1  add L17 <- L15 + L16 */
    0x00A81246,                /* 0AE3  lconst L18 <- static#168   (" words, over the +/-32K reach of a compact jump") */
    0x00130085, 0x00110012,    /* 0AE4  add L19 <- L17 + L18 */
    0x000B1341,                /* 0AE6  move L11 <- L19 */
    0x000A01A0, 0x00010000,    /* 0AE7  call base=L10 argc=1 nres=1 */
    0x000A0102,                /* 0AE9  return L10 count=1 */
    0x00610A46,                /* 0AEA  lconst L10 <- static#97   ("a0") */
    0x000B008F, 0x0004000A,    /* 0AEB  eq L11 <- L4 == L10 */
    0x00160B4B,                /* 0AED  jf L11, +22 */
    0x000A009A, 0x80000007,    /* 0AEE  getattr L10 <- P0.sym#7   ("code") */
    0x000C009A, 0x80000007,    /* 0AF0  getattr L12 <- P0.sym#7   ("code") */
    0x000D0098, 0x000C0003,    /* 0AF2  getidx L13 <- L12[L3] */
    0x000E00C0, 0x0000FFFF,    /* 0AF4  i32 L14 <- 65535 */
    0x000F008B, 0x000D000E,    /* 0AF6  band L15 <- L13 & L14 */
    0x001000C0, 0x0000FFFF,    /* 0AF8  i32 L16 <- 65535 */
    0x0011008B, 0x00050010,    /* 0AFA  band L17 <- L5 & L16 */
    0x00121040,                /* 0AFC  i8 L18 <- 16 */
    0x0013008D, 0x00110012,    /* 0AFD  shl L19 <- L17 << L18 */
    0x000B008C, 0x000F0013,    /* 0AFF  bor L11 <- L15 | L19 */
    0x000A0099, 0x0003000B,    /* 0B01  setidx L10[L3] <- L11 */
    0x0011004F,                /* 0B03  jmp +17 */
    0x000A009A, 0x80000007,    /* 0B04  getattr L10 <- P0.sym#7   ("code") */
    0x000C009A, 0x80000007,    /* 0B06  getattr L12 <- P0.sym#7   ("code") */
    0x000D0098, 0x000C0003,    /* 0B08  getidx L13 <- L12[L3] */
    0x00140E42,                /* 0B0A  gget L14 <- g20   (U32_HIGH_MASK) */
    0x000F008B, 0x000D000E,    /* 0B0B  band L15 <- L13 & L14 */
    0x001000C0, 0x0000FFFF,    /* 0B0D  i32 L16 <- 65535 */
    0x0011008B, 0x00050010,    /* 0B0F  band L17 <- L5 & L16 */
    0x000B008C, 0x000F0011,    /* 0B11  bor L11 <- L15 | L17 */
    0x000A0099, 0x0003000B,    /* 0B13  setidx L10[L3] <- L11 */
    0xFF9D004F,                /* 0B15  jmp -99 */
    0xFF86004F,                /* 0B16  jmp -122 */
    0x00060003,                /* 0B17  lnil L6 */
    0x00060102,                /* 0B18  return L6 count=1 */
    0x00000040,                /* 0B19  i8 L0 <- 0 */
    0x004A0346,                /* 0B1A  lconst L3 <- static#74   ("nil") */
    0x00040097, 0x80030003,    /* 0B1B  is L4 <- P3 is L3 */
    0x0005044A,                /* 0B1D  not L5 <- L4 */
    0x0001054B,                /* 0B1E  jf L5, +1 */
    0x00008341,                /* 0B1F  move L0 <- P3 */
    0x00020342,                /* 0B20  gget L3 <- g2   (pack_pairable) */
    0x00048141,                /* 0B21  move L4 <- P1 */
    0x00050041,                /* 0B22  move L5 <- L0 */
    0x00060040,                /* 0B23  i8 L6 <- 0 */
    0x000303A0, 0x00010000,    /* 0B24  call base=L3 argc=3 nres=1 */
    0x00010341,                /* 0B26  move L1 <- L3 */
    0x00410346,                /* 0B27  lconst L3 <- static#65   ("error") */
    0x00040097, 0x00010003,    /* 0B28  is L4 <- L1 is L3 */
    0x0001044B,                /* 0B2A  jf L4, +1 */
    0x00010102,                /* 0B2B  return L1 count=1 */
    0x00038041,                /* 0B2C  move L3 <- P0 */
    0x00040141,                /* 0B2D  move L4 <- L1 */
    0x000301A2, 0x000D0001,    /* 0B2E  msg base=L3 argc=1 msg#13 nres=1   (emit_words) */
    0x00020341,                /* 0B30  move L2 <- L3 */
    0x00038041,                /* 0B31  move L3 <- P0 */
    0x00048241,                /* 0B32  move L4 <- P2 */
    0x001F0542,                /* 0B33  gget L5 <- g31   (len) */
    0x00060141,                /* 0B34  move L6 <- L1 */
    0x000501A0, 0x00010000,    /* 0B35  call base=L5 argc=1 nres=1 */
    0x00060085, 0x00020005,    /* 0B37  add L6 <- L2 + L5 */
    0x00050641,                /* 0B39  move L5 <- L6 */
    0x00060241,                /* 0B3A  move L6 <- L2 */
    0x00610746,                /* 0B3B  lconst L7 <- static#97   ("a0") */
    0x000304A2, 0x002C0001,    /* 0B3C  msg base=L3 argc=4 msg#44 nres=1   (patch_site) */
    0x00030003,                /* 0B3E  lnil L3 */
    0x00030102,                /* 0B3F  return L3 count=1 */
    0x0000009A, 0x80010021,    /* 0B40  getattr L0 <- P1.sym#33   ("sites") */
    0x00018241,                /* 0B42  move L1 <- P2 */
    0x00028341,                /* 0B43  move L2 <- P3 */
    0x00038441,                /* 0B44  move L3 <- P4 */
    0x00040382, 0x00010000,    /* 0B45  list L4 <- L1, 3 items */
    0x00010441,                /* 0B47  move L1 <- L4 */
    0x000001A2, 0x00010001,    /* 0B48  msg base=L0 argc=1 msg#1 nres=1   (append) */
    0x00000003,                /* 0B4A  lnil L0 */
    0x00000102,                /* 0B4B  return L0 count=1 */
    0x00060242,                /* 0B4C  gget L2 <- g6   (ModuleImage) */
    0x00038141,                /* 0B4D  move L3 <- P1 */
    0x000201A0, 0x00010000,    /* 0B4E  call base=L2 argc=1 nres=1 */
    0x00010241,                /* 0B50  move L1 <- L2 */
    0x8000009B, 0x004B0001,    /* 0B51  setattr P0.sym#75 <- L1   ("image") */
    0x00018241,                /* 0B53  move L1 <- P2 */
    0x8000009B, 0x005F0001,    /* 0B54  setattr P0.sym#95 <- L1   ("source_file") */
    0x00010083, 0x00020000,    /* 0B56  dict L1 <- L2, 0 pairs */
    0x8000009B, 0x00040001,    /* 0B58  setattr P0.sym#4 <- L1   ("globals") */
    0x00010083, 0x00020000,    /* 0B5A  dict L1 <- L2, 0 pairs */
    0x8000009B, 0x00060001,    /* 0B5C  setattr P0.sym#6 <- L1   ("classes") */
    0x00010083, 0x00020000,    /* 0B5E  dict L1 <- L2, 0 pairs */
    0x8000009B, 0x00600001,    /* 0B60  setattr P0.sym#96 <- L1   ("class_statics") */
    0x00010083, 0x00020000,    /* 0B62  dict L1 <- L2, 0 pairs */
    0x8000009B, 0x00610001,    /* 0B64  setattr P0.sym#97 <- L1   ("slot_names") */
    0x00010083, 0x00020000,    /* 0B66  dict L1 <- L2, 0 pairs */
    0x8000009B, 0x00620001,    /* 0B68  setattr P0.sym#98 <- L1   ("superclasses") */
    0x00010004,                /* 0B6A  lbool L1 <- 0 */
    0x8000009B, 0x00630001,    /* 0B6B  setattr P0.sym#99 <- L1   ("slot_optimization") */
    0x00010082, 0x00020000,    /* 0B6D  list L1 <- L2, 0 items */
    0x8000009B, 0x00640001,    /* 0B6F  setattr P0.sym#100 <- L1   ("static_imports") */
    0x00010082, 0x00020000,    /* 0B71  list L1 <- L2, 0 items */
    0x8000009B, 0x00650001,    /* 0B73  setattr P0.sym#101 <- L1   ("pending_statics") */
    0x00010004,                /* 0B75  lbool L1 <- 0 */
    0x8000009B, 0x00660001,    /* 0B76  setattr P0.sym#102 <- L1   ("has_wildcard_import") */
    0x00010104,                /* 0B78  lbool L1 <- 1 */
    0x8000009B, 0x00670001,    /* 0B79  setattr P0.sym#103 <- L1   ("emit_debug") */
    0x00010083, 0x00020000,    /* 0B7B  dict L1 <- L2, 0 pairs */
    0x8000009B, 0x00680001,    /* 0B7D  setattr P0.sym#104 <- L1   ("definitions") */
    0x00010083, 0x00020000,    /* 0B7F  dict L1 <- L2, 0 pairs */
    0x8000009B, 0x00690001,    /* 0B81  setattr P0.sym#105 <- L1   ("promoted_arities") */
    0x00010004,                /* 0B83  lbool L1 <- 0 */
    0x8000009B, 0x006A0001,    /* 0B84  setattr P0.sym#106 <- L1   ("stub_unlowered") */
    0x000E0242,                /* 0B86  gget L2 <- g14   (FnContext) */
    0x00038041,                /* 0B87  move L3 <- P0 */
    0x00A90446,                /* 0B88  lconst L4 <- static#169   ("<init>") */
    0x00050003,                /* 0B89  lnil L5 */
    0x00060003,                /* 0B8A  lnil L6 */
    0x00070040,                /* 0B8B  i8 L7 <- 0 */
    0x00080104,                /* 0B8C  lbool L8 <- 1 */
    0x00090003,                /* 0B8D  lnil L9 */
    0x000207A0, 0x00010000,    /* 0B8E  call base=L2 argc=7 nres=1 */
    0x00010241,                /* 0B90  move L1 <- L2 */
    0x8000009B, 0x006B0001,    /* 0B91  setattr P0.sym#107 <- L1   ("init_ctx") */
    0x00000003,                /* 0B93  lnil L0 */
    0x00010082, 0x00020000,    /* 0B94  list L1 <- L2, 0 items */
    0x8000009B, 0x006C0001,    /* 0B96  setattr P0.sym#108 <- L1   ("pending") */
    0x00000102,                /* 0B98  return L0 count=1 */
    0x001E0242,                /* 0B99  gget L2 <- g30   (str) */
    0x00038141,                /* 0B9A  move L3 <- P1 */
    0x000201A0, 0x00010000,    /* 0B9B  call base=L2 argc=1 nres=1 */
    0x00000241,                /* 0B9D  move L0 <- L2 */
    0x0002009A, 0x80000004,    /* 0B9E  getattr L2 <- P0.sym#4   ("globals") */
    0x00010098, 0x00020000,    /* 0BA0  getidx L1 <- L2[L0] */
    0x0001014E,                /* 0BA2  jnerr L1, +1 */
    0x00010003,                /* 0BA3  lnil L1 */
    0x004A0246,                /* 0BA4  lconst L2 <- static#74   ("nil") */
    0x00030097, 0x00010002,    /* 0BA5  is L3 <- L1 is L2 */
    0x0010034B,                /* 0BA7  jf L3, +16 */
    0x0002009A, 0x8000004B,    /* 0BA8  getattr L2 <- P0.sym#75   ("image") */
    0x00030041,                /* 0BAA  move L3 <- L0 */
    0x000201A2, 0x00070001,    /* 0BAB  msg base=L2 argc=1 msg#7 nres=1   (add_global) */
    0x00010241,                /* 0BAD  move L1 <- L2 */
    0x00410246,                /* 0BAE  lconst L2 <- static#65   ("error") */
    0x00030097, 0x00010002,    /* 0BAF  is L3 <- L1 is L2 */
    0x0001034B,                /* 0BB1  jf L3, +1 */
    0x00010102,                /* 0BB2  return L1 count=1 */
    0x0002009A, 0x80000004,    /* 0BB3  getattr L2 <- P0.sym#4   ("globals") */
    0x00030141,                /* 0BB5  move L3 <- L1 */
    0x00020099, 0x00000003,    /* 0BB6  setidx L2[L0] <- L3 */
    0x00010102,                /* 0BB8  return L1 count=1 */
    0x0000009A, 0x8000004B,    /* 0BB9  getattr L0 <- P0.sym#75   ("image") */
    0x001E0142,                /* 0BBB  gget L1 <- g30   (str) */
    0x00028141,                /* 0BBC  move L2 <- P1 */
    0x000101A0, 0x00010000,    /* 0BBD  call base=L1 argc=1 nres=1 */
    0x000001A2, 0x00040001,    /* 0BBF  msg base=L0 argc=1 msg#4 nres=1   (add_shadow_global) */
    0x00000102,                /* 0BC1  return L0 count=1 */
    0x0000009A, 0x8000004B,    /* 0BC2  getattr L0 <- P0.sym#75   ("image") */
    0x001E0142,                /* 0BC4  gget L1 <- g30   (str) */
    0x00028141,                /* 0BC5  move L2 <- P1 */
    0x000101A0, 0x00010000,    /* 0BC6  call base=L1 argc=1 nres=1 */
    0x000001A2, 0x00030001,    /* 0BC8  msg base=L0 argc=1 msg#3 nres=1   (add_free_global) */
    0x00000102,                /* 0BCA  return L0 count=1 */
    0x0001009A, 0x80000004,    /* 0BCB  getattr L1 <- P0.sym#4   ("globals") */
    0x001E0242,                /* 0BCD  gget L2 <- g30   (str) */
    0x00038141,                /* 0BCE  move L3 <- P1 */
    0x000201A0, 0x00010000,    /* 0BCF  call base=L2 argc=1 nres=1 */
    0x00000098, 0x00010002,    /* 0BD1  getidx L0 <- L1[L2] */
    0x0001004E,                /* 0BD3  jnerr L0, +1 */
    0x00000003,                /* 0BD4  lnil L0 */
    0x004A0146,                /* 0BD5  lconst L1 <- static#74   ("nil") */
    0x00020097, 0x00000001,    /* 0BD6  is L2 <- L0 is L1 */
    0x0003024A,                /* 0BD8  not L3 <- L2 */
    0x0001034B,                /* 0BD9  jf L3, +1 */
    0x00000102,                /* 0BDA  return L0 count=1 */
    0x0001009A, 0x8000004B,    /* 0BDB  getattr L1 <- P0.sym#75   ("image") */
    0x001E0242,                /* 0BDD  gget L2 <- g30   (str) */
    0x00038141,                /* 0BDE  move L3 <- P1 */
    0x000201A0, 0x00010000,    /* 0BDF  call base=L2 argc=1 nres=1 */
    0x000101A2, 0x00030001,    /* 0BE1  msg base=L1 argc=1 msg#3 nres=1   (add_free_global) */
    0x00010102,                /* 0BE3  return L1 count=1 */
    0x0001009A, 0x80000004,    /* 0BE4  getattr L1 <- P0.sym#4   ("globals") */
    0x001E0242,                /* 0BE6  gget L2 <- g30   (str) */
    0x00038141,                /* 0BE7  move L3 <- P1 */
    0x000201A0, 0x00010000,    /* 0BE8  call base=L2 argc=1 nres=1 */
    0x00000098, 0x00010002,    /* 0BEA  getidx L0 <- L1[L2] */
    0x0001004E,                /* 0BEC  jnerr L0, +1 */
    0x00000003,                /* 0BED  lnil L0 */
    0x00000102,                /* 0BEE  return L0 count=1 */
    0x001E0042,                /* 0BEF  gget L0 <- g30   (str) */
    0x00018141,                /* 0BF0  move L1 <- P1 */
    0x000001A0, 0x00010000,    /* 0BF1  call base=L0 argc=1 nres=1 */
    0x0001009A, 0x80000006,    /* 0BF3  getattr L1 <- P0.sym#6   ("classes") */
    0x00020096, 0x00000001,    /* 0BF5  in L2 <- L0 in L1 */
    0x00020102,                /* 0BF7  return L2 count=1 */
    0x001E0242,                /* 0BF8  gget L2 <- g30   (str) */
    0x00038141,                /* 0BF9  move L3 <- P1 */
    0x000201A0, 0x00010000,    /* 0BFA  call base=L2 argc=1 nres=1 */
    0x00000241,                /* 0BFC  move L0 <- L2 */
    0x001E0242,                /* 0BFD  gget L2 <- g30   (str) */
    0x00038241,                /* 0BFE  move L3 <- P2 */
    0x000201A0, 0x00010000,    /* 0BFF  call base=L2 argc=1 nres=1 */
    0x00010241,                /* 0C01  move L1 <- L2 */
    0x0002009A, 0x80000061,    /* 0C02  getattr L2 <- P0.sym#97   ("slot_names") */
    0x00030096, 0x00000002,    /* 0C04  in L3 <- L0 in L2 */
    0x0010034B,                /* 0C06  jf L3, +16 */
    0x0002009A, 0x80000061,    /* 0C07  getattr L2 <- P0.sym#97   ("slot_names") */
    0x00030098, 0x00020000,    /* 0C09  getidx L3 <- L2[L0] */
    0x00040096, 0x00010003,    /* 0C0B  in L4 <- L1 in L3 */
    0x0002044B,                /* 0C0D  jf L4, +2 */
    0x00020104,                /* 0C0E  lbool L2 <- 1 */
    0x00020102,                /* 0C0F  return L2 count=1 */
    0x0002009A, 0x80000062,    /* 0C10  getattr L2 <- P0.sym#98   ("superclasses") */
    0x00000098, 0x00020000,    /* 0C12  getidx L0 <- L2[L0] */
    0x0001004E,                /* 0C14  jnerr L0, +1 */
    0x00000003,                /* 0C15  lnil L0 */
    0xFFEB004F,                /* 0C16  jmp -21 */
    0x00020004,                /* 0C17  lbool L2 <- 0 */
    0x00020102,                /* 0C18  return L2 count=1 */
    0x001E0142,                /* 0C19  gget L1 <- g30   (str) */
    0x00028141,                /* 0C1A  move L2 <- P1 */
    0x000101A0, 0x00010000,    /* 0C1B  call base=L1 argc=1 nres=1 */
    0x00000141,                /* 0C1D  move L0 <- L1 */
    0x004A0146,                /* 0C1E  lconst L1 <- static#74   ("nil") */
    0x00020097, 0x00000001,    /* 0C1F  is L2 <- L0 is L1 */
    0x0003024A,                /* 0C21  not L3 <- L2 */
    0x000F034B,                /* 0C22  jf L3, +15 */
    0x0001009A, 0x80000061,    /* 0C23  getattr L1 <- P0.sym#97   ("slot_names") */
    0x00020096, 0x00000001,    /* 0C25  in L2 <- L0 in L1 */
    0x0003024A,                /* 0C27  not L3 <- L2 */
    0x0002034B,                /* 0C28  jf L3, +2 */
    0x00010104,                /* 0C29  lbool L1 <- 1 */
    0x00010102,                /* 0C2A  return L1 count=1 */
    0x0001009A, 0x80000062,    /* 0C2B  getattr L1 <- P0.sym#98   ("superclasses") */
    0x00000098, 0x00010000,    /* 0C2D  getidx L0 <- L1[L0] */
    0x0001004E,                /* 0C2F  jnerr L0, +1 */
    0x00000003,                /* 0C30  lnil L0 */
    0xFFEC004F,                /* 0C31  jmp -20 */
    0x00010004,                /* 0C32  lbool L1 <- 0 */
    0x00010102,                /* 0C33  return L1 count=1 */
    0x001E0642,                /* 0C34  gget L6 <- g30   (str) */
    0x00078241,                /* 0C35  move L7 <- P2 */
    0x000601A0, 0x00010000,    /* 0C36  call base=L6 argc=1 nres=1 */
    0x00000641,                /* 0C38  move L0 <- L6 */
    0x00010082, 0x00060000,    /* 0C39  list L1 <- L6, 0 items */
    0x001E0642,                /* 0C3B  gget L6 <- g30   (str) */
    0x00078141,                /* 0C3C  move L7 <- P1 */
    0x000601A0, 0x00010000,    /* 0C3D  call base=L6 argc=1 nres=1 */
    0x00020641,                /* 0C3F  move L2 <- L6 */
    0x004A0646,                /* 0C40  lconst L6 <- static#74   ("nil") */
    0x00070097, 0x00020006,    /* 0C41  is L7 <- L2 is L6 */
    0x0008074A,                /* 0C43  not L8 <- L7 */
    0x0013084B,                /* 0C44  jf L8, +19 */
    0x0006009A, 0x80000061,    /* 0C45  getattr L6 <- P0.sym#97   ("slot_names") */
    0x00070096, 0x00020006,    /* 0C47  in L7 <- L2 in L6 */
    0x0008074A,                /* 0C49  not L8 <- L7 */
    0x0002084B,                /* 0C4A  jf L8, +2 */
    0x00060003,                /* 0C4B  lnil L6 */
    0x00060102,                /* 0C4C  return L6 count=1 */
    0x00060141,                /* 0C4D  move L6 <- L1 */
    0x00070241,                /* 0C4E  move L7 <- L2 */
    0x000601A2, 0x00010001,    /* 0C4F  msg base=L6 argc=1 msg#1 nres=1   (append) */
    0x0006009A, 0x80000062,    /* 0C51  getattr L6 <- P0.sym#98   ("superclasses") */
    0x00020098, 0x00060002,    /* 0C53  getidx L2 <- L6[L2] */
    0x0001024E,                /* 0C55  jnerr L2, +1 */
    0x00020003,                /* 0C56  lnil L2 */
    0xFFE8004F,                /* 0C57  jmp -24 */
    0x00030040,                /* 0C58  i8 L3 <- 0 */
    0x001F0642,                /* 0C59  gget L6 <- g31   (len) */
    0x00070141,                /* 0C5A  move L7 <- L1 */
    0x000601A0, 0x00010000,    /* 0C5B  call base=L6 argc=1 nres=1 */
    0x00070140,                /* 0C5D  i8 L7 <- 1 */
    0x00040086, 0x00060007,    /* 0C5E  sub L4 <- L6 - L7 */
    0x00060040,                /* 0C60  i8 L6 <- 0 */
    0x00070094, 0x00040006,    /* 0C61  ge L7 <- L4 >= L6 */
    0x0016074B,                /* 0C63  jf L7, +22 */
    0x0006009A, 0x80000061,    /* 0C64  getattr L6 <- P0.sym#97   ("slot_names") */
    0x00070098, 0x00010004,    /* 0C66  getidx L7 <- L1[L4] */
    0x00080098, 0x00060007,    /* 0C68  getidx L8 <- L6[L7] */
    0x000900AE, 0x00080000,    /* 0C6A  iter L9 <- L8 */
    0x000500AF, 0x00090008,    /* 0C6C  itnext L5 <- L9, done +8 */
    0x000A008F, 0x00050000,    /* 0C6E  eq L10 <- L5 == L0 */
    0x00010A4B,                /* 0C70  jf L10, +1 */
    0x00030102,                /* 0C71  return L3 count=1 */
    0x000A0140,                /* 0C72  i8 L10 <- 1 */
    0x00030085, 0x0003000A,    /* 0C73  add L3 <- L3 + L10 */
    0xFFF6004F,                /* 0C75  jmp -10 */
    0x00060140,                /* 0C76  i8 L6 <- 1 */
    0x00040086, 0x00040006,    /* 0C77  sub L4 <- L4 - L6 */
    0xFFE6004F,                /* 0C79  jmp -26 */
    0x00060003,                /* 0C7A  lnil L6 */
    0x00060102,                /* 0C7B  return L6 count=1 */
    0x001E0042,                /* 0C7C  gget L0 <- g30   (str) */
    0x00018141,                /* 0C7D  move L1 <- P1 */
    0x000001A0, 0x00010000,    /* 0C7E  call base=L0 argc=1 nres=1 */
    0x00950146,                /* 0C80  lconst L1 <- static#149   ("::") */
    0x00020085, 0x00000001,    /* 0C81  add L2 <- L0 + L1 */
    0x001E0342,                /* 0C83  gget L3 <- g30   (str) */
    0x00048241,                /* 0C84  move L4 <- P2 */
    0x000301A0, 0x00010000,    /* 0C85  call base=L3 argc=1 nres=1 */
    0x00040085, 0x00020003,    /* 0C87  add L4 <- L2 + L3 */
    0x00040102,                /* 0C89  return L4 count=1 */
    0x0001009A, 0x80000060,    /* 0C8A  getattr L1 <- P0.sym#96   ("class_statics") */
    0x00028041,                /* 0C8C  move L2 <- P0 */
    0x00038141,                /* 0C8D  move L3 <- P1 */
    0x00048241,                /* 0C8E  move L4 <- P2 */
    0x000202A2, 0x00320001,    /* 0C8F  msg base=L2 argc=2 msg#50 nres=1   (class_static_key) */
    0x00000098, 0x00010002,    /* 0C91  getidx L0 <- L1[L2] */
    0x0001004E,                /* 0C93  jnerr L0, +1 */
    0x00000003,                /* 0C94  lnil L0 */
    0x00000102,                /* 0C95  return L0 count=1 */
    0x000B0142,                /* 0C96  gget L1 <- g11   (_path_parts) */
    0x00028141,                /* 0C97  move L2 <- P1 */
    0x000101A0, 0x00010000,    /* 0C98  call base=L1 argc=1 nres=1 */
    0x00000141,                /* 0C9A  move L0 <- L1 */
    0x001F0142,                /* 0C9B  gget L1 <- g31   (len) */
    0x00020041,                /* 0C9C  move L2 <- L0 */
    0x000101A0, 0x00010000,    /* 0C9D  call base=L1 argc=1 nres=1 */
    0x00020240,                /* 0C9F  i8 L2 <- 2 */
    0x00030090, 0x00010002,    /* 0CA0  ne L3 <- L1 != L2 */
    0x0002034B,                /* 0CA2  jf L3, +2 */
    0x00010003,                /* 0CA3  lnil L1 */
    0x00010102,                /* 0CA4  return L1 count=1 */
    0x0002009A, 0x80000060,    /* 0CA5  getattr L2 <- P0.sym#96   ("class_statics") */
    0x00030040,                /* 0CA7  i8 L3 <- 0 */
    0x00040098, 0x00000003,    /* 0CA8  getidx L4 <- L0[L3] */
    0x00950546,                /* 0CAA  lconst L5 <- static#149   ("::") */
    0x00060085, 0x00040005,    /* 0CAB  add L6 <- L4 + L5 */
    0x00070140,                /* 0CAD  i8 L7 <- 1 */
    0x00080098, 0x00000007,    /* 0CAE  getidx L8 <- L0[L7] */
    0x00090085, 0x00060008,    /* 0CB0  add L9 <- L6 + L8 */
    0x00010098, 0x00020009,    /* 0CB2  getidx L1 <- L2[L9] */
    0x0001014E,                /* 0CB4  jnerr L1, +1 */
    0x00010003,                /* 0CB5  lnil L1 */
    0x00010102,                /* 0CB6  return L1 count=1 */
    0x001E0042,                /* 0CB7  gget L0 <- g30   (str) */
    0x00018141,                /* 0CB8  move L1 <- P1 */
    0x000001A0, 0x00010000,    /* 0CB9  call base=L0 argc=1 nres=1 */
    0x00160142,                /* 0CBB  gget L1 <- g22   (BUILTIN_NAMES) */
    0x00020096, 0x00000001,    /* 0CBC  in L2 <- L0 in L1 */
    0x00020102,                /* 0CBE  return L2 count=1 */
    0x00160042,                /* 0CBF  gget L0 <- g22   (BUILTIN_NAMES) */
    0x00000102,                /* 0CC0  return L0 count=1 */
    0x0000009A, 0x8000006C,    /* 0CC1  getattr L0 <- P0.sym#108   ("pending") */
    0x00018141,                /* 0CC3  move L1 <- P1 */
    0x00028241,                /* 0CC4  move L2 <- P2 */
    0x00030282, 0x00010000,    /* 0CC5  list L3 <- L1, 2 items */
    0x00010341,                /* 0CC7  move L1 <- L3 */
    0x000001A2, 0x00010001,    /* 0CC8  msg base=L0 argc=1 msg#1 nres=1   (append) */
    0x00000003,                /* 0CCA  lnil L0 */
    0x00000102,                /* 0CCB  return L0 count=1 */
    0x0000009A, 0x8000006B,    /* 0CCC  getattr L0 <- P0.sym#107   ("init_ctx") */
    0x00018141,                /* 0CCE  move L1 <- P1 */
    0x000001A2, 0x00280001,    /* 0CCF  msg base=L0 argc=1 msg#40 nres=1   (reference) */
    0x00000102,                /* 0CD1  return L0 count=1 */
};

const wy_module_image context_image = {
    .name = "context",
    .sections = {
        [WY_SEC_HEADER] = { context_header, sizeof context_header },
        [WY_SEC_STATICS] = { context_statics, sizeof context_statics },
        [WY_SEC_SYMBOLS] = { context_symbols, sizeof context_symbols },
        [WY_SEC_FUNCTIONS] = { context_functions, sizeof context_functions },
        [WY_SEC_CLASSES] = { context_classes, sizeof context_classes },
        [WY_SEC_MESSAGES] = { context_messages, sizeof context_messages },
        [WY_SEC_CODE] = { (const uint8_t*) context_code, sizeof context_code },
        [WY_SEC_EXPORTS] = { context_exports, sizeof context_exports },
        [WY_SEC_FREE] = { context_free, sizeof context_free },
    },
};
