/* Generated from classes by wypoc's bytecode compiler. */

#include <stdint.h>
#include "wyrm/image.h"

static const uint8_t classes_header[] = {
    0x29, 0x00, 0x00, 0x00, 0x02, 0x6E, 0x00, 0x08, 0x00, 0x00, 0x00, 0x63,
    0x6C, 0x61, 0x73, 0x73, 0x65, 0x73, 0x00, 0x10, 0x76, 0x00, 0x01, 0x00,
    0x00, 0x00, 0x10, 0x67, 0x00, 0x23, 0x00, 0x00, 0x00, 0x10, 0x6C, 0x00,
    0x01, 0x00, 0x00, 0x00, 0x00,
};

static const uint8_t classes_statics[] = {
    0x35, 0x04, 0x00, 0x00, 0x02, 0x30, 0x00, 0x05, 0x00, 0x00, 0x00, 0x77,
    0x79, 0x72, 0x6D, 0x00, 0x02, 0x31, 0x00, 0x0E, 0x00, 0x00, 0x00, 0x77,
    0x79, 0x72, 0x6D, 0x3A, 0x3A, 0x6F, 0x70, 0x63, 0x6F, 0x64, 0x65, 0x73,
    0x00, 0x02, 0x32, 0x00, 0x0F, 0x00, 0x00, 0x00, 0x77, 0x79, 0x72, 0x6D,
    0x3A, 0x3A, 0x63, 0x6F, 0x6D, 0x70, 0x69, 0x6C, 0x65, 0x72, 0x00, 0x02,
    0x33, 0x00, 0x18, 0x00, 0x00, 0x00, 0x77, 0x79, 0x72, 0x6D, 0x3A, 0x3A,
    0x63, 0x6F, 0x6D, 0x70, 0x69, 0x6C, 0x65, 0x72, 0x3A, 0x3A, 0x63, 0x6F,
    0x6E, 0x74, 0x65, 0x78, 0x74, 0x00, 0x02, 0x34, 0x00, 0x19, 0x00, 0x00,
    0x00, 0x77, 0x79, 0x72, 0x6D, 0x3A, 0x3A, 0x63, 0x6F, 0x6D, 0x70, 0x69,
    0x6C, 0x65, 0x72, 0x3A, 0x3A, 0x61, 0x6E, 0x61, 0x6C, 0x79, 0x73, 0x69,
    0x73, 0x00, 0x02, 0x35, 0x00, 0x1B, 0x00, 0x00, 0x00, 0x77, 0x79, 0x72,
    0x6D, 0x3A, 0x3A, 0x63, 0x6F, 0x6D, 0x70, 0x69, 0x6C, 0x65, 0x72, 0x3A,
    0x3A, 0x73, 0x74, 0x61, 0x74, 0x65, 0x6D, 0x65, 0x6E, 0x74, 0x73, 0x00,
    0x02, 0x36, 0x00, 0x1A, 0x00, 0x00, 0x00, 0x77, 0x79, 0x72, 0x6D, 0x3A,
    0x3A, 0x63, 0x6F, 0x6D, 0x70, 0x69, 0x6C, 0x65, 0x72, 0x3A, 0x3A, 0x66,
    0x75, 0x6E, 0x63, 0x74, 0x69, 0x6F, 0x6E, 0x73, 0x00, 0x02, 0x37, 0x00,
    0x05, 0x00, 0x00, 0x00, 0x70, 0x61, 0x69, 0x72, 0x00, 0x02, 0x38, 0x00,
    0x13, 0x00, 0x00, 0x00, 0x69, 0x6E, 0x64, 0x65, 0x78, 0x20, 0x6F, 0x75,
    0x74, 0x20, 0x6F, 0x66, 0x20, 0x72, 0x61, 0x6E, 0x67, 0x65, 0x00, 0x02,
    0x39, 0x00, 0x06, 0x00, 0x00, 0x00, 0x65, 0x72, 0x72, 0x6F, 0x72, 0x00,
    0x02, 0x31, 0x30, 0x00, 0x04, 0x00, 0x00, 0x00, 0x73, 0x79, 0x6D, 0x00,
    0x02, 0x31, 0x31, 0x00, 0x0F, 0x00, 0x00, 0x00, 0x6E, 0x6F, 0x74, 0x20,
    0x61, 0x20, 0x63, 0x6F, 0x6E, 0x73, 0x74, 0x61, 0x6E, 0x74, 0x00, 0x10,
    0x31, 0x32, 0x00, 0x00, 0x00, 0x00, 0x00, 0x0A, 0x31, 0x33, 0x00, 0x02,
    0x31, 0x34, 0x00, 0x02, 0x00, 0x00, 0x00, 0x66, 0x00, 0x02, 0x31, 0x35,
    0x00, 0x03, 0x00, 0x00, 0x00, 0x61, 0x30, 0x00, 0x02, 0x31, 0x36, 0x00,
    0x03, 0x00, 0x00, 0x00, 0x61, 0x31, 0x00, 0x02, 0x31, 0x37, 0x00, 0x03,
    0x00, 0x00, 0x00, 0x61, 0x32, 0x00, 0x02, 0x31, 0x38, 0x00, 0x03, 0x00,
    0x00, 0x00, 0x77, 0x31, 0x00, 0x02, 0x31, 0x39, 0x00, 0x04, 0x00, 0x00,
    0x00, 0x6E, 0x69, 0x6C, 0x00, 0x02, 0x32, 0x30, 0x00, 0x20, 0x00, 0x00,
    0x00, 0x61, 0x20, 0x63, 0x6C, 0x61, 0x73, 0x73, 0x20, 0x64, 0x65, 0x66,
    0x69, 0x6E, 0x69, 0x74, 0x69, 0x6F, 0x6E, 0x20, 0x6E, 0x65, 0x65, 0x64,
    0x73, 0x20, 0x61, 0x20, 0x6E, 0x61, 0x6D, 0x65, 0x00, 0x02, 0x32, 0x31,
    0x00, 0x07, 0x00, 0x00, 0x00, 0x63, 0x6C, 0x61, 0x73, 0x73, 0x20, 0x00,
    0x02, 0x32, 0x32, 0x00, 0x41, 0x00, 0x00, 0x00, 0x20, 0x68, 0x61, 0x73,
    0x20, 0x6D, 0x6F, 0x72, 0x65, 0x20, 0x74, 0x68, 0x61, 0x6E, 0x20, 0x6F,
    0x6E, 0x65, 0x20, 0x62, 0x61, 0x73, 0x65, 0x3B, 0x20, 0x74, 0x68, 0x65,
    0x20, 0x69, 0x6D, 0x61, 0x67, 0x65, 0x20, 0x66, 0x6F, 0x72, 0x6D, 0x61,
    0x74, 0x20, 0x72, 0x65, 0x63, 0x6F, 0x72, 0x64, 0x73, 0x20, 0x6F, 0x6E,
    0x65, 0x20, 0x73, 0x75, 0x70, 0x65, 0x72, 0x63, 0x6C, 0x61, 0x73, 0x73,
    0x00, 0x02, 0x32, 0x33, 0x00, 0x1A, 0x00, 0x00, 0x00, 0x3A, 0x20, 0x61,
    0x20, 0x73, 0x6C, 0x6F, 0x74, 0x5F, 0x64, 0x65, 0x66, 0x20, 0x6E, 0x65,
    0x65, 0x64, 0x73, 0x20, 0x61, 0x20, 0x6E, 0x61, 0x6D, 0x65, 0x00, 0x02,
    0x32, 0x34, 0x00, 0x28, 0x00, 0x00, 0x00, 0x74, 0x68, 0x65, 0x20, 0x62,
    0x79, 0x74, 0x65, 0x63, 0x6F, 0x64, 0x65, 0x20, 0x63, 0x6F, 0x6D, 0x70,
    0x69, 0x6C, 0x65, 0x72, 0x20, 0x64, 0x6F, 0x65, 0x73, 0x20, 0x6E, 0x6F,
    0x74, 0x20, 0x73, 0x75, 0x70, 0x70, 0x6F, 0x72, 0x74, 0x20, 0x00, 0x02,
    0x32, 0x35, 0x00, 0x15, 0x00, 0x00, 0x00, 0x20, 0x69, 0x6E, 0x20, 0x61,
    0x20, 0x63, 0x6C, 0x61, 0x73, 0x73, 0x20, 0x62, 0x6F, 0x64, 0x79, 0x20,
    0x79, 0x65, 0x74, 0x00, 0x02, 0x32, 0x36, 0x00, 0x4A, 0x00, 0x00, 0x00,
    0x74, 0x68, 0x65, 0x20, 0x62, 0x79, 0x74, 0x65, 0x63, 0x6F, 0x64, 0x65,
    0x20, 0x63, 0x6F, 0x6D, 0x70, 0x69, 0x6C, 0x65, 0x72, 0x20, 0x64, 0x6F,
    0x65, 0x73, 0x20, 0x6E, 0x6F, 0x74, 0x20, 0x73, 0x75, 0x70, 0x70, 0x6F,
    0x72, 0x74, 0x20, 0x74, 0x68, 0x69, 0x73, 0x20, 0x63, 0x6F, 0x6E, 0x73,
    0x74, 0x72, 0x75, 0x63, 0x74, 0x20, 0x69, 0x6E, 0x20, 0x61, 0x20, 0x63,
    0x6C, 0x61, 0x73, 0x73, 0x20, 0x62, 0x6F, 0x64, 0x79, 0x20, 0x79, 0x65,
    0x74, 0x00, 0x02, 0x32, 0x37, 0x00, 0x03, 0x00, 0x00, 0x00, 0x3A, 0x3A,
    0x00, 0x02, 0x32, 0x38, 0x00, 0x1E, 0x00, 0x00, 0x00, 0x3A, 0x20, 0x61,
    0x20, 0x62, 0x61, 0x73, 0x65, 0x20, 0x63, 0x6C, 0x61, 0x73, 0x73, 0x20,
    0x6D, 0x75, 0x73, 0x74, 0x20, 0x62, 0x65, 0x20, 0x61, 0x20, 0x6E, 0x61,
    0x6D, 0x65, 0x00, 0x02, 0x32, 0x39, 0x00, 0x1C, 0x00, 0x00, 0x00, 0x61,
    0x20, 0x62, 0x61, 0x73, 0x65, 0x20, 0x63, 0x6C, 0x61, 0x73, 0x73, 0x20,
    0x6D, 0x75, 0x73, 0x74, 0x20, 0x62, 0x65, 0x20, 0x61, 0x20, 0x6E, 0x61,
    0x6D, 0x65, 0x00, 0x02, 0x33, 0x30, 0x00, 0x06, 0x00, 0x00, 0x00, 0x73,
    0x6C, 0x6F, 0x74, 0x20, 0x00, 0x02, 0x33, 0x31, 0x00, 0x1F, 0x00, 0x00,
    0x00, 0x3A, 0x20, 0x61, 0x20, 0x64, 0x65, 0x66, 0x61, 0x75, 0x6C, 0x74,
    0x20, 0x6D, 0x75, 0x73, 0x74, 0x20, 0x62, 0x65, 0x20, 0x61, 0x20, 0x63,
    0x6F, 0x6E, 0x73, 0x74, 0x61, 0x6E, 0x74, 0x00, 0x02, 0x33, 0x32, 0x00,
    0x05, 0x00, 0x00, 0x00, 0x3A, 0x20, 0x61, 0x20, 0x00, 0x02, 0x33, 0x33,
    0x00, 0x27, 0x00, 0x00, 0x00, 0x20, 0x6D, 0x75, 0x73, 0x74, 0x20, 0x62,
    0x65, 0x20, 0x77, 0x72, 0x69, 0x74, 0x74, 0x65, 0x6E, 0x20, 0x61, 0x73,
    0x20, 0x61, 0x20, 0x66, 0x75, 0x6E, 0x63, 0x74, 0x69, 0x6F, 0x6E, 0x20,
    0x6C, 0x69, 0x74, 0x65, 0x72, 0x61, 0x6C, 0x00, 0x02, 0x33, 0x34, 0x00,
    0x02, 0x00, 0x00, 0x00, 0x2E, 0x00, 0x02, 0x33, 0x35, 0x00, 0x08, 0x00,
    0x00, 0x00, 0x6D, 0x65, 0x74, 0x68, 0x6F, 0x64, 0x20, 0x00, 0x02, 0x33,
    0x36, 0x00, 0x22, 0x00, 0x00, 0x00, 0x20, 0x6D, 0x61, 0x79, 0x20, 0x6E,
    0x6F, 0x74, 0x20, 0x61, 0x6C, 0x73, 0x6F, 0x20, 0x6E, 0x61, 0x6D, 0x65,
    0x20, 0x61, 0x20, 0x63, 0x6C, 0x61, 0x73, 0x73, 0x20, 0x74, 0x61, 0x72,
    0x67, 0x65, 0x74, 0x00, 0x02, 0x33, 0x37, 0x00, 0x02, 0x00, 0x00, 0x00,
    0x21, 0x00, 0x08, 0x33, 0x38, 0x00, 0x00, 0x02, 0x33, 0x39, 0x00, 0x05,
    0x00, 0x00, 0x00, 0x66, 0x6E, 0x20, 0x5B, 0x00, 0x02, 0x34, 0x30, 0x00,
    0x24, 0x00, 0x00, 0x00, 0x5D, 0x3A, 0x20, 0x61, 0x20, 0x64, 0x69, 0x73,
    0x70, 0x61, 0x74, 0x63, 0x68, 0x20, 0x74, 0x61, 0x72, 0x67, 0x65, 0x74,
    0x20, 0x6D, 0x75, 0x73, 0x74, 0x20, 0x62, 0x65, 0x20, 0x61, 0x20, 0x6E,
    0x61, 0x6D, 0x65, 0x00, 0x02, 0x34, 0x31, 0x00, 0x10, 0x00, 0x00, 0x00,
    0x20, 0x64, 0x69, 0x73, 0x70, 0x61, 0x74, 0x63, 0x68, 0x65, 0x73, 0x20,
    0x6F, 0x6E, 0x20, 0x00, 0x02, 0x34, 0x32, 0x00, 0x20, 0x00, 0x00, 0x00,
    0x20, 0x74, 0x79, 0x70, 0x65, 0x73, 0x2C, 0x20, 0x6F, 0x76, 0x65, 0x72,
    0x20, 0x74, 0x68, 0x65, 0x20, 0x31, 0x36, 0x2D, 0x76, 0x61, 0x6C, 0x75,
    0x65, 0x20, 0x6C, 0x69, 0x6D, 0x69, 0x74, 0x00, 0x00,
};

static const uint8_t classes_symbols[] = {
    0x9D, 0x02, 0x00, 0x00, 0x02, 0x30, 0x00, 0x04, 0x00, 0x00, 0x00, 0x6E,
    0x69, 0x6C, 0x00, 0x02, 0x31, 0x00, 0x05, 0x00, 0x00, 0x00, 0x74, 0x72,
    0x75, 0x65, 0x00, 0x02, 0x32, 0x00, 0x06, 0x00, 0x00, 0x00, 0x66, 0x61,
    0x6C, 0x73, 0x65, 0x00, 0x02, 0x33, 0x00, 0x04, 0x00, 0x00, 0x00, 0x73,
    0x74, 0x72, 0x00, 0x02, 0x34, 0x00, 0x04, 0x00, 0x00, 0x00, 0x69, 0x6E,
    0x74, 0x00, 0x02, 0x35, 0x00, 0x06, 0x00, 0x00, 0x00, 0x66, 0x6C, 0x6F,
    0x61, 0x74, 0x00, 0x02, 0x36, 0x00, 0x05, 0x00, 0x00, 0x00, 0x63, 0x68,
    0x61, 0x72, 0x00, 0x02, 0x37, 0x00, 0x0B, 0x00, 0x00, 0x00, 0x65, 0x6D,
    0x69, 0x74, 0x5F, 0x77, 0x6F, 0x72, 0x64, 0x73, 0x00, 0x02, 0x38, 0x00,
    0x08, 0x00, 0x00, 0x00, 0x63, 0x6C, 0x61, 0x73, 0x73, 0x65, 0x73, 0x00,
    0x02, 0x39, 0x00, 0x06, 0x00, 0x00, 0x00, 0x69, 0x6D, 0x61, 0x67, 0x65,
    0x00, 0x02, 0x31, 0x30, 0x00, 0x0D, 0x00, 0x00, 0x00, 0x73, 0x75, 0x70,
    0x65, 0x72, 0x63, 0x6C, 0x61, 0x73, 0x73, 0x65, 0x73, 0x00, 0x02, 0x31,
    0x31, 0x00, 0x09, 0x00, 0x00, 0x00, 0x73, 0x6C, 0x6F, 0x74, 0x5F, 0x64,
    0x65, 0x66, 0x00, 0x02, 0x31, 0x32, 0x00, 0x07, 0x00, 0x00, 0x00, 0x61,
    0x70, 0x70, 0x65, 0x6E, 0x64, 0x00, 0x02, 0x31, 0x33, 0x00, 0x0B, 0x00,
    0x00, 0x00, 0x73, 0x6C, 0x6F, 0x74, 0x5F, 0x6E, 0x61, 0x6D, 0x65, 0x73,
    0x00, 0x02, 0x31, 0x34, 0x00, 0x07, 0x00, 0x00, 0x00, 0x66, 0x6E, 0x5F,
    0x64, 0x65, 0x66, 0x00, 0x02, 0x31, 0x35, 0x00, 0x07, 0x00, 0x00, 0x00,
    0x63, 0x6F, 0x5F, 0x64, 0x65, 0x66, 0x00, 0x02, 0x31, 0x36, 0x00, 0x05,
    0x00, 0x00, 0x00, 0x69, 0x6E, 0x69, 0x74, 0x00, 0x02, 0x31, 0x37, 0x00,
    0x0B, 0x00, 0x00, 0x00, 0x61, 0x64, 0x64, 0x5F, 0x73, 0x79, 0x6D, 0x62,
    0x6F, 0x6C, 0x00, 0x02, 0x31, 0x38, 0x00, 0x07, 0x00, 0x00, 0x00, 0x73,
    0x74, 0x61, 0x74, 0x69, 0x63, 0x00, 0x02, 0x31, 0x39, 0x00, 0x0A, 0x00,
    0x00, 0x00, 0x65, 0x78, 0x70, 0x72, 0x5F, 0x73, 0x74, 0x6D, 0x74, 0x00,
    0x02, 0x32, 0x30, 0x00, 0x05, 0x00, 0x00, 0x00, 0x70, 0x61, 0x73, 0x73,
    0x00, 0x02, 0x32, 0x31, 0x00, 0x0A, 0x00, 0x00, 0x00, 0x61, 0x64, 0x64,
    0x5F, 0x63, 0x6C, 0x61, 0x73, 0x73, 0x00, 0x02, 0x32, 0x32, 0x00, 0x09,
    0x00, 0x00, 0x00, 0x69, 0x6E, 0x69, 0x74, 0x5F, 0x63, 0x74, 0x78, 0x00,
    0x02, 0x32, 0x33, 0x00, 0x05, 0x00, 0x00, 0x00, 0x70, 0x75, 0x73, 0x68,
    0x00, 0x02, 0x32, 0x34, 0x00, 0x06, 0x00, 0x00, 0x00, 0x63, 0x6C, 0x61,
    0x73, 0x73, 0x00, 0x02, 0x32, 0x35, 0x00, 0x0D, 0x00, 0x00, 0x00, 0x67,
    0x6C, 0x6F, 0x62, 0x61, 0x6C, 0x5F, 0x69, 0x6E, 0x64, 0x65, 0x78, 0x00,
    0x02, 0x32, 0x36, 0x00, 0x05, 0x00, 0x00, 0x00, 0x67, 0x73, 0x65, 0x74,
    0x00, 0x02, 0x32, 0x37, 0x00, 0x0A, 0x00, 0x00, 0x00, 0x6E, 0x61, 0x6D,
    0x65, 0x5F, 0x73, 0x6C, 0x6F, 0x74, 0x00, 0x02, 0x32, 0x38, 0x00, 0x0B,
    0x00, 0x00, 0x00, 0x61, 0x64, 0x64, 0x5F, 0x73, 0x74, 0x61, 0x74, 0x69,
    0x63, 0x00, 0x02, 0x32, 0x39, 0x00, 0x07, 0x00, 0x00, 0x00, 0x67, 0x65,
    0x74, 0x74, 0x65, 0x72, 0x00, 0x02, 0x33, 0x30, 0x00, 0x0A, 0x00, 0x00,
    0x00, 0x75, 0x6E, 0x64, 0x65, 0x66, 0x69, 0x6E, 0x65, 0x64, 0x00, 0x02,
    0x33, 0x31, 0x00, 0x07, 0x00, 0x00, 0x00, 0x6C, 0x61, 0x6D, 0x62, 0x64,
    0x61, 0x00, 0x02, 0x33, 0x32, 0x00, 0x0F, 0x00, 0x00, 0x00, 0x64, 0x65,
    0x63, 0x6C, 0x61, 0x72, 0x65, 0x5F, 0x67, 0x6C, 0x6F, 0x62, 0x61, 0x6C,
    0x00, 0x02, 0x33, 0x33, 0x00, 0x0E, 0x00, 0x00, 0x00, 0x63, 0x6C, 0x61,
    0x73, 0x73, 0x5F, 0x73, 0x74, 0x61, 0x74, 0x69, 0x63, 0x73, 0x00, 0x02,
    0x33, 0x34, 0x00, 0x0F, 0x00, 0x00, 0x00, 0x69, 0x73, 0x5F, 0x6C, 0x6F,
    0x63, 0x61, 0x6C, 0x5F, 0x63, 0x6C, 0x61, 0x73, 0x73, 0x00, 0x02, 0x33,
    0x35, 0x00, 0x0A, 0x00, 0x00, 0x00, 0x72, 0x65, 0x66, 0x65, 0x72, 0x65,
    0x6E, 0x63, 0x65, 0x00, 0x02, 0x33, 0x36, 0x00, 0x05, 0x00, 0x00, 0x00,
    0x6D, 0x61, 0x72, 0x6B, 0x00, 0x02, 0x33, 0x37, 0x00, 0x08, 0x00, 0x00,
    0x00, 0x63, 0x6C, 0x6F, 0x73, 0x75, 0x72, 0x65, 0x00, 0x02, 0x33, 0x38,
    0x00, 0x05, 0x00, 0x00, 0x00, 0x67, 0x67, 0x65, 0x74, 0x00, 0x02, 0x33,
    0x39, 0x00, 0x06, 0x00, 0x00, 0x00, 0x74, 0x75, 0x70, 0x6C, 0x65, 0x00,
    0x02, 0x34, 0x30, 0x00, 0x08, 0x00, 0x00, 0x00, 0x72, 0x65, 0x67, 0x5F,
    0x6D, 0x73, 0x67, 0x00, 0x02, 0x34, 0x31, 0x00, 0x08, 0x00, 0x00, 0x00,
    0x66, 0x72, 0x65, 0x65, 0x5F, 0x74, 0x6F, 0x00, 0x00,
};

static const uint8_t classes_functions[] = {
    0xE6, 0x07, 0x00, 0x00, 0x03, 0x30, 0x00, 0x58, 0x00, 0x00, 0x00, 0x02,
    0x6E, 0x00, 0x06, 0x00, 0x00, 0x00, 0x5F, 0x74, 0x61, 0x69, 0x6C, 0x00,
    0x04, 0x70, 0x00, 0x2E, 0x00, 0x00, 0x00, 0x03, 0x30, 0x00, 0x11, 0x00,
    0x00, 0x00, 0x02, 0x6E, 0x00, 0x05, 0x00, 0x00, 0x00, 0x6E, 0x6F, 0x64,
    0x65, 0x00, 0x00, 0x03, 0x31, 0x00, 0x12, 0x00, 0x00, 0x00, 0x02, 0x6E,
    0x00, 0x06, 0x00, 0x00, 0x00, 0x63, 0x6F, 0x75, 0x6E, 0x74, 0x00, 0x00,
    0x00, 0x10, 0x6C, 0x00, 0x05, 0x00, 0x00, 0x00, 0x10, 0x63, 0x00, 0x50,
    0x00, 0x00, 0x00, 0x10, 0x66, 0x00, 0x00, 0x00, 0x00, 0x00, 0x00, 0x03,
    0x31, 0x00, 0x59, 0x00, 0x00, 0x00, 0x02, 0x6E, 0x00, 0x07, 0x00, 0x00,
    0x00, 0x5F, 0x66, 0x69, 0x65, 0x6C, 0x64, 0x00, 0x04, 0x70, 0x00, 0x2E,
    0x00, 0x00, 0x00, 0x03, 0x30, 0x00, 0x11, 0x00, 0x00, 0x00, 0x02, 0x6E,
    0x00, 0x05, 0x00, 0x00, 0x00, 0x6E, 0x6F, 0x64, 0x65, 0x00, 0x00, 0x03,
    0x31, 0x00, 0x12, 0x00, 0x00, 0x00, 0x02, 0x6E, 0x00, 0x06, 0x00, 0x00,
    0x00, 0x69, 0x6E, 0x64, 0x65, 0x78, 0x00, 0x00, 0x00, 0x10, 0x6C, 0x00,
    0x04, 0x00, 0x00, 0x00, 0x10, 0x63, 0x00, 0x69, 0x00, 0x00, 0x00, 0x10,
    0x66, 0x00, 0x00, 0x00, 0x00, 0x00, 0x00, 0x03, 0x32, 0x00, 0x4D, 0x00,
    0x00, 0x00, 0x02, 0x6E, 0x00, 0x10, 0x00, 0x00, 0x00, 0x5F, 0x63, 0x6F,
    0x6E, 0x73, 0x74, 0x61, 0x6E, 0x74, 0x5F, 0x76, 0x61, 0x6C, 0x75, 0x65,
    0x00, 0x04, 0x70, 0x00, 0x19, 0x00, 0x00, 0x00, 0x03, 0x30, 0x00, 0x11,
    0x00, 0x00, 0x00, 0x02, 0x6E, 0x00, 0x05, 0x00, 0x00, 0x00, 0x6E, 0x6F,
    0x64, 0x65, 0x00, 0x00, 0x00, 0x10, 0x6C, 0x00, 0x05, 0x00, 0x00, 0x00,
    0x10, 0x63, 0x00, 0x79, 0x00, 0x00, 0x00, 0x10, 0x66, 0x00, 0x00, 0x00,
    0x00, 0x00, 0x00, 0x03, 0x33, 0x00, 0xD7, 0x00, 0x00, 0x00, 0x02, 0x6E,
    0x00, 0x0B, 0x00, 0x00, 0x00, 0x5F, 0x65, 0x6D, 0x69, 0x74, 0x5F, 0x70,
    0x61, 0x63, 0x6B, 0x00, 0x04, 0x70, 0x00, 0xA8, 0x00, 0x00, 0x00, 0x03,
    0x30, 0x00, 0x12, 0x00, 0x00, 0x00, 0x02, 0x6E, 0x00, 0x06, 0x00, 0x00,
    0x00, 0x66, 0x72, 0x61, 0x6D, 0x65, 0x00, 0x00, 0x03, 0x31, 0x00, 0x0F,
    0x00, 0x00, 0x00, 0x02, 0x6E, 0x00, 0x03, 0x00, 0x00, 0x00, 0x6F, 0x70,
    0x00, 0x00, 0x03, 0x32, 0x00, 0x15, 0x00, 0x00, 0x00, 0x02, 0x6E, 0x00,
    0x02, 0x00, 0x00, 0x00, 0x66, 0x00, 0x10, 0x64, 0x00, 0x0C, 0x00, 0x00,
    0x00, 0x00, 0x03, 0x33, 0x00, 0x16, 0x00, 0x00, 0x00, 0x02, 0x6E, 0x00,
    0x03, 0x00, 0x00, 0x00, 0x61, 0x30, 0x00, 0x10, 0x64, 0x00, 0x0C, 0x00,
    0x00, 0x00, 0x00, 0x03, 0x34, 0x00, 0x16, 0x00, 0x00, 0x00, 0x02, 0x6E,
    0x00, 0x03, 0x00, 0x00, 0x00, 0x61, 0x31, 0x00, 0x10, 0x64, 0x00, 0x0C,
    0x00, 0x00, 0x00, 0x00, 0x03, 0x35, 0x00, 0x16, 0x00, 0x00, 0x00, 0x02,
    0x6E, 0x00, 0x03, 0x00, 0x00, 0x00, 0x61, 0x32, 0x00, 0x10, 0x64, 0x00,
    0x0C, 0x00, 0x00, 0x00, 0x00, 0x03, 0x36, 0x00, 0x16, 0x00, 0x00, 0x00,
    0x02, 0x6E, 0x00, 0x03, 0x00, 0x00, 0x00, 0x77, 0x31, 0x00, 0x10, 0x64,
    0x00, 0x0D, 0x00, 0x00, 0x00, 0x00, 0x00, 0x10, 0x6C, 0x00, 0x0F, 0x00,
    0x00, 0x00, 0x10, 0x63, 0x00, 0xB7, 0x00, 0x00, 0x00, 0x10, 0x66, 0x00,
    0x00, 0x00, 0x00, 0x00, 0x00, 0x03, 0x34, 0x00, 0x9D, 0x00, 0x00, 0x00,
    0x02, 0x6E, 0x00, 0x0F, 0x00, 0x00, 0x00, 0x5F, 0x65, 0x6D, 0x69, 0x74,
    0x5F, 0x70, 0x61, 0x69, 0x72, 0x61, 0x62, 0x6C, 0x65, 0x00, 0x04, 0x70,
    0x00, 0x6A, 0x00, 0x00, 0x00, 0x03, 0x30, 0x00, 0x12, 0x00, 0x00, 0x00,
    0x02, 0x6E, 0x00, 0x06, 0x00, 0x00, 0x00, 0x66, 0x72, 0x61, 0x6D, 0x65,
    0x00, 0x00, 0x03, 0x31, 0x00, 0x0F, 0x00, 0x00, 0x00, 0x02, 0x6E, 0x00,
    0x03, 0x00, 0x00, 0x00, 0x6F, 0x70, 0x00, 0x00, 0x03, 0x32, 0x00, 0x1B,
    0x00, 0x00, 0x00, 0x02, 0x6E, 0x00, 0x08, 0x00, 0x00, 0x00, 0x70, 0x72,
    0x69, 0x6D, 0x61, 0x72, 0x79, 0x00, 0x10, 0x64, 0x00, 0x0C, 0x00, 0x00,
    0x00, 0x00, 0x03, 0x33, 0x00, 0x1D, 0x00, 0x00, 0x00, 0x02, 0x6E, 0x00,
    0x0A, 0x00, 0x00, 0x00, 0x73, 0x65, 0x63, 0x6F, 0x6E, 0x64, 0x61, 0x72,
    0x79, 0x00, 0x10, 0x64, 0x00, 0x0C, 0x00, 0x00, 0x00, 0x00, 0x00, 0x10,
    0x6C, 0x00, 0x05, 0x00, 0x00, 0x00, 0x10, 0x63, 0x00, 0xD7, 0x00, 0x00,
    0x00, 0x10, 0x66, 0x00, 0x00, 0x00, 0x00, 0x00, 0x00, 0x03, 0x35, 0x00,
    0x61, 0x00, 0x00, 0x00, 0x02, 0x6E, 0x00, 0x0E, 0x00, 0x00, 0x00, 0x63,
    0x6F, 0x6D, 0x70, 0x69, 0x6C, 0x65, 0x5F, 0x63, 0x6C, 0x61, 0x73, 0x73,
    0x00, 0x04, 0x70, 0x00, 0x2F, 0x00, 0x00, 0x00, 0x03, 0x30, 0x00, 0x11,
    0x00, 0x00, 0x00, 0x02, 0x6E, 0x00, 0x05, 0x00, 0x00, 0x00, 0x6E, 0x6F,
    0x64, 0x65, 0x00, 0x00, 0x03, 0x31, 0x00, 0x13, 0x00, 0x00, 0x00, 0x02,
    0x6E, 0x00, 0x07, 0x00, 0x00, 0x00, 0x6D, 0x6F, 0x64, 0x75, 0x6C, 0x65,
    0x00, 0x00, 0x00, 0x10, 0x6C, 0x00, 0x23, 0x00, 0x00, 0x00, 0x10, 0x63,
    0x00, 0xE9, 0x00, 0x00, 0x00, 0x10, 0x66, 0x00, 0x00, 0x00, 0x00, 0x00,
    0x00, 0x03, 0x36, 0x00, 0x6A, 0x00, 0x00, 0x00, 0x02, 0x6E, 0x00, 0x17,
    0x00, 0x00, 0x00, 0x63, 0x6F, 0x6D, 0x70, 0x69, 0x6C, 0x65, 0x5F, 0x63,
    0x6C, 0x61, 0x73, 0x73, 0x5F, 0x74, 0x6F, 0x70, 0x6C, 0x65, 0x76, 0x65,
    0x6C, 0x00, 0x04, 0x70, 0x00, 0x2F, 0x00, 0x00, 0x00, 0x03, 0x30, 0x00,
    0x11, 0x00, 0x00, 0x00, 0x02, 0x6E, 0x00, 0x05, 0x00, 0x00, 0x00, 0x6E,
    0x6F, 0x64, 0x65, 0x00, 0x00, 0x03, 0x31, 0x00, 0x13, 0x00, 0x00, 0x00,
    0x02, 0x6E, 0x00, 0x07, 0x00, 0x00, 0x00, 0x6D, 0x6F, 0x64, 0x75, 0x6C,
    0x65, 0x00, 0x00, 0x00, 0x10, 0x6C, 0x00, 0x0F, 0x00, 0x00, 0x00, 0x10,
    0x63, 0x00, 0x56, 0x02, 0x00, 0x00, 0x10, 0x66, 0x00, 0x00, 0x00, 0x00,
    0x00, 0x00, 0x03, 0x37, 0x00, 0x62, 0x00, 0x00, 0x00, 0x02, 0x6E, 0x00,
    0x0F, 0x00, 0x00, 0x00, 0x5F, 0x63, 0x6C, 0x61, 0x73, 0x73, 0x5F, 0x73,
    0x74, 0x61, 0x74, 0x69, 0x63, 0x73, 0x00, 0x04, 0x70, 0x00, 0x2F, 0x00,
    0x00, 0x00, 0x03, 0x30, 0x00, 0x11, 0x00, 0x00, 0x00, 0x02, 0x6E, 0x00,
    0x05, 0x00, 0x00, 0x00, 0x6E, 0x6F, 0x64, 0x65, 0x00, 0x00, 0x03, 0x31,
    0x00, 0x13, 0x00, 0x00, 0x00, 0x02, 0x6E, 0x00, 0x07, 0x00, 0x00, 0x00,
    0x6D, 0x6F, 0x64, 0x75, 0x6C, 0x65, 0x00, 0x00, 0x00, 0x10, 0x6C, 0x00,
    0x0D, 0x00, 0x00, 0x00, 0x10, 0x63, 0x00, 0xA6, 0x02, 0x00, 0x00, 0x10,
    0x66, 0x00, 0x00, 0x00, 0x00, 0x00, 0x00, 0x03, 0x38, 0x00, 0x79, 0x00,
    0x00, 0x00, 0x02, 0x6E, 0x00, 0x0A, 0x00, 0x00, 0x00, 0x5F, 0x64, 0x69,
    0x73, 0x70, 0x61, 0x74, 0x63, 0x68, 0x00, 0x04, 0x70, 0x00, 0x4B, 0x00,
    0x00, 0x00, 0x03, 0x30, 0x00, 0x13, 0x00, 0x00, 0x00, 0x02, 0x6E, 0x00,
    0x07, 0x00, 0x00, 0x00, 0x68, 0x6F, 0x6C, 0x64, 0x65, 0x72, 0x00, 0x00,
    0x03, 0x31, 0x00, 0x17, 0x00, 0x00, 0x00, 0x02, 0x6E, 0x00, 0x0B, 0x00,
    0x00, 0x00, 0x63, 0x6C, 0x61, 0x73, 0x73, 0x5F, 0x6E, 0x61, 0x6D, 0x65,
    0x00, 0x00, 0x03, 0x32, 0x00, 0x13, 0x00, 0x00, 0x00, 0x02, 0x6E, 0x00,
    0x07, 0x00, 0x00, 0x00, 0x6D, 0x6F, 0x64, 0x75, 0x6C, 0x65, 0x00, 0x00,
    0x00, 0x10, 0x6C, 0x00, 0x04, 0x00, 0x00, 0x00, 0x10, 0x63, 0x00, 0xF9,
    0x02, 0x00, 0x00, 0x10, 0x66, 0x00, 0x00, 0x00, 0x00, 0x00, 0x00, 0x03,
    0x39, 0x00, 0x79, 0x00, 0x00, 0x00, 0x02, 0x6E, 0x00, 0x11, 0x00, 0x00,
    0x00, 0x5F, 0x73, 0x75, 0x70, 0x65, 0x72, 0x63, 0x6C, 0x61, 0x73, 0x73,
    0x5F, 0x73, 0x6C, 0x6F, 0x74, 0x00, 0x04, 0x70, 0x00, 0x44, 0x00, 0x00,
    0x00, 0x03, 0x30, 0x00, 0x12, 0x00, 0x00, 0x00, 0x02, 0x6E, 0x00, 0x06,
    0x00, 0x00, 0x00, 0x62, 0x61, 0x73, 0x65, 0x73, 0x00, 0x00, 0x03, 0x31,
    0x00, 0x11, 0x00, 0x00, 0x00, 0x02, 0x6E, 0x00, 0x05, 0x00, 0x00, 0x00,
    0x6E, 0x6F, 0x64, 0x65, 0x00, 0x00, 0x03, 0x32, 0x00, 0x13, 0x00, 0x00,
    0x00, 0x02, 0x6E, 0x00, 0x07, 0x00, 0x00, 0x00, 0x6D, 0x6F, 0x64, 0x75,
    0x6C, 0x65, 0x00, 0x00, 0x00, 0x10, 0x6C, 0x00, 0x08, 0x00, 0x00, 0x00,
    0x10, 0x63, 0x00, 0x11, 0x03, 0x00, 0x00, 0x10, 0x66, 0x00, 0x00, 0x00,
    0x00, 0x00, 0x00, 0x03, 0x31, 0x30, 0x00, 0x4F, 0x00, 0x00, 0x00, 0x02,
    0x6E, 0x00, 0x11, 0x00, 0x00, 0x00, 0x5F, 0x73, 0x75, 0x70, 0x65, 0x72,
    0x63, 0x6C, 0x61, 0x73, 0x73, 0x5F, 0x6E, 0x61, 0x6D, 0x65, 0x00, 0x04,
    0x70, 0x00, 0x1A, 0x00, 0x00, 0x00, 0x03, 0x30, 0x00, 0x12, 0x00, 0x00,
    0x00, 0x02, 0x6E, 0x00, 0x06, 0x00, 0x00, 0x00, 0x62, 0x61, 0x73, 0x65,
    0x73, 0x00, 0x00, 0x00, 0x10, 0x6C, 0x00, 0x04, 0x00, 0x00, 0x00, 0x10,
    0x63, 0x00, 0x3C, 0x03, 0x00, 0x00, 0x10, 0x66, 0x00, 0x00, 0x00, 0x00,
    0x00, 0x00, 0x03, 0x31, 0x31, 0x00, 0x8D, 0x00, 0x00, 0x00, 0x02, 0x6E,
    0x00, 0x06, 0x00, 0x00, 0x00, 0x5F, 0x73, 0x6C, 0x6F, 0x74, 0x00, 0x04,
    0x70, 0x00, 0x63, 0x00, 0x00, 0x00, 0x03, 0x30, 0x00, 0x13, 0x00, 0x00,
    0x00, 0x02, 0x6E, 0x00, 0x07, 0x00, 0x00, 0x00, 0x6D, 0x65, 0x6D, 0x62,
    0x65, 0x72, 0x00, 0x00, 0x03, 0x31, 0x00, 0x17, 0x00, 0x00, 0x00, 0x02,
    0x6E, 0x00, 0x0B, 0x00, 0x00, 0x00, 0x63, 0x6C, 0x61, 0x73, 0x73, 0x5F,
    0x6E, 0x61, 0x6D, 0x65, 0x00, 0x00, 0x03, 0x32, 0x00, 0x13, 0x00, 0x00,
    0x00, 0x02, 0x6E, 0x00, 0x07, 0x00, 0x00, 0x00, 0x6D, 0x6F, 0x64, 0x75,
    0x6C, 0x65, 0x00, 0x00, 0x03, 0x33, 0x00, 0x15, 0x00, 0x00, 0x00, 0x02,
    0x6E, 0x00, 0x09, 0x00, 0x00, 0x00, 0x64, 0x69, 0x73, 0x70, 0x61, 0x74,
    0x63, 0x68, 0x00, 0x00, 0x00, 0x10, 0x6C, 0x00, 0x12, 0x00, 0x00, 0x00,
    0x10, 0x63, 0x00, 0x56, 0x03, 0x00, 0x00, 0x10, 0x66, 0x00, 0x00, 0x00,
    0x00, 0x00, 0x00, 0x03, 0x31, 0x32, 0x00, 0xA7, 0x00, 0x00, 0x00, 0x02,
    0x6E, 0x00, 0x0A, 0x00, 0x00, 0x00, 0x5F, 0x61, 0x63, 0x63, 0x65, 0x73,
    0x73, 0x6F, 0x72, 0x00, 0x04, 0x70, 0x00, 0x79, 0x00, 0x00, 0x00, 0x03,
    0x30, 0x00, 0x13, 0x00, 0x00, 0x00, 0x02, 0x6E, 0x00, 0x07, 0x00, 0x00,
    0x00, 0x6F, 0x70, 0x74, 0x69, 0x6F, 0x6E, 0x00, 0x00, 0x03, 0x31, 0x00,
    0x13, 0x00, 0x00, 0x00, 0x02, 0x6E, 0x00, 0x07, 0x00, 0x00, 0x00, 0x6D,
    0x65, 0x6D, 0x62, 0x65, 0x72, 0x00, 0x00, 0x03, 0x32, 0x00, 0x17, 0x00,
    0x00, 0x00, 0x02, 0x6E, 0x00, 0x0B, 0x00, 0x00, 0x00, 0x63, 0x6C, 0x61,
    0x73, 0x73, 0x5F, 0x6E, 0x61, 0x6D, 0x65, 0x00, 0x00, 0x03, 0x33, 0x00,
    0x13, 0x00, 0x00, 0x00, 0x02, 0x6E, 0x00, 0x07, 0x00, 0x00, 0x00, 0x6D,
    0x6F, 0x64, 0x75, 0x6C, 0x65, 0x00, 0x00, 0x03, 0x34, 0x00, 0x15, 0x00,
    0x00, 0x00, 0x02, 0x6E, 0x00, 0x09, 0x00, 0x00, 0x00, 0x64, 0x69, 0x73,
    0x70, 0x61, 0x74, 0x63, 0x68, 0x00, 0x00, 0x00, 0x10, 0x6C, 0x00, 0x14,
    0x00, 0x00, 0x00, 0x10, 0x63, 0x00, 0xE0, 0x03, 0x00, 0x00, 0x10, 0x66,
    0x00, 0x00, 0x00, 0x00, 0x00, 0x00, 0x03, 0x31, 0x33, 0x00, 0x8F, 0x00,
    0x00, 0x00, 0x02, 0x6E, 0x00, 0x08, 0x00, 0x00, 0x00, 0x5F, 0x6D, 0x65,
    0x74, 0x68, 0x6F, 0x64, 0x00, 0x04, 0x70, 0x00, 0x63, 0x00, 0x00, 0x00,
    0x03, 0x30, 0x00, 0x13, 0x00, 0x00, 0x00, 0x02, 0x6E, 0x00, 0x07, 0x00,
    0x00, 0x00, 0x6D, 0x65, 0x6D, 0x62, 0x65, 0x72, 0x00, 0x00, 0x03, 0x31,
    0x00, 0x17, 0x00, 0x00, 0x00, 0x02, 0x6E, 0x00, 0x0B, 0x00, 0x00, 0x00,
    0x63, 0x6C, 0x61, 0x73, 0x73, 0x5F, 0x6E, 0x61, 0x6D, 0x65, 0x00, 0x00,
    0x03, 0x32, 0x00, 0x13, 0x00, 0x00, 0x00, 0x02, 0x6E, 0x00, 0x07, 0x00,
    0x00, 0x00, 0x6D, 0x6F, 0x64, 0x75, 0x6C, 0x65, 0x00, 0x00, 0x03, 0x33,
    0x00, 0x15, 0x00, 0x00, 0x00, 0x02, 0x6E, 0x00, 0x09, 0x00, 0x00, 0x00,
    0x64, 0x69, 0x73, 0x70, 0x61, 0x74, 0x63, 0x68, 0x00, 0x00, 0x00, 0x10,
    0x6C, 0x00, 0x12, 0x00, 0x00, 0x00, 0x10, 0x63, 0x00, 0x73, 0x04, 0x00,
    0x00, 0x10, 0x66, 0x00, 0x00, 0x00, 0x00, 0x00, 0x00, 0x03, 0x31, 0x34,
    0x00, 0x77, 0x00, 0x00, 0x00, 0x02, 0x6E, 0x00, 0x08, 0x00, 0x00, 0x00,
    0x5F, 0x73, 0x74, 0x61, 0x74, 0x69, 0x63, 0x00, 0x04, 0x70, 0x00, 0x4B,
    0x00, 0x00, 0x00, 0x03, 0x30, 0x00, 0x13, 0x00, 0x00, 0x00, 0x02, 0x6E,
    0x00, 0x07, 0x00, 0x00, 0x00, 0x6D, 0x65, 0x6D, 0x62, 0x65, 0x72, 0x00,
    0x00, 0x03, 0x31, 0x00, 0x17, 0x00, 0x00, 0x00, 0x02, 0x6E, 0x00, 0x0B,
    0x00, 0x00, 0x00, 0x63, 0x6C, 0x61, 0x73, 0x73, 0x5F, 0x6E, 0x61, 0x6D,
    0x65, 0x00, 0x00, 0x03, 0x32, 0x00, 0x13, 0x00, 0x00, 0x00, 0x02, 0x6E,
    0x00, 0x07, 0x00, 0x00, 0x00, 0x6D, 0x6F, 0x64, 0x75, 0x6C, 0x65, 0x00,
    0x00, 0x00, 0x10, 0x6C, 0x00, 0x08, 0x00, 0x00, 0x00, 0x10, 0x63, 0x00,
    0xDF, 0x04, 0x00, 0x00, 0x10, 0x66, 0x00, 0x00, 0x00, 0x00, 0x00, 0x00,
    0x03, 0x31, 0x35, 0x00, 0x91, 0x00, 0x00, 0x00, 0x02, 0x6E, 0x00, 0x1F,
    0x00, 0x00, 0x00, 0x63, 0x6F, 0x6D, 0x70, 0x69, 0x6C, 0x65, 0x5F, 0x64,
    0x69, 0x73, 0x70, 0x61, 0x74, 0x63, 0x68, 0x65, 0x64, 0x5F, 0x66, 0x6E,
    0x5F, 0x74, 0x6F, 0x70, 0x6C, 0x65, 0x76, 0x65, 0x6C, 0x00, 0x04, 0x70,
    0x00, 0x4E, 0x00, 0x00, 0x00, 0x03, 0x30, 0x00, 0x11, 0x00, 0x00, 0x00,
    0x02, 0x6E, 0x00, 0x05, 0x00, 0x00, 0x00, 0x6E, 0x6F, 0x64, 0x65, 0x00,
    0x00, 0x03, 0x31, 0x00, 0x13, 0x00, 0x00, 0x00, 0x02, 0x6E, 0x00, 0x07,
    0x00, 0x00, 0x00, 0x6D, 0x6F, 0x64, 0x75, 0x6C, 0x65, 0x00, 0x00, 0x03,
    0x32, 0x00, 0x1C, 0x00, 0x00, 0x00, 0x02, 0x6E, 0x00, 0x09, 0x00, 0x00,
    0x00, 0x74, 0x6F, 0x6C, 0x65, 0x72, 0x61, 0x6E, 0x74, 0x00, 0x10, 0x64,
    0x00, 0x26, 0x00, 0x00, 0x00, 0x00, 0x00, 0x10, 0x6C, 0x00, 0x25, 0x00,
    0x00, 0x00, 0x10, 0x63, 0x00, 0x0B, 0x05, 0x00, 0x00, 0x10, 0x66, 0x00,
    0x00, 0x00, 0x00, 0x00, 0x00, 0x00,
};

static const uint8_t classes_classes[] = {
    0x05, 0x00, 0x00, 0x00, 0x00,
};

static const uint8_t classes_messages[] = {
    0x33, 0x01, 0x00, 0x00, 0x03, 0x30, 0x00, 0x14, 0x00, 0x00, 0x00, 0x04,
    0x70, 0x00, 0x0C, 0x00, 0x00, 0x00, 0x10, 0x30, 0x00, 0x07, 0x00, 0x00,
    0x00, 0x00, 0x00, 0x03, 0x31, 0x00, 0x14, 0x00, 0x00, 0x00, 0x04, 0x70,
    0x00, 0x0C, 0x00, 0x00, 0x00, 0x10, 0x30, 0x00, 0x0C, 0x00, 0x00, 0x00,
    0x00, 0x00, 0x03, 0x32, 0x00, 0x14, 0x00, 0x00, 0x00, 0x04, 0x70, 0x00,
    0x0C, 0x00, 0x00, 0x00, 0x10, 0x30, 0x00, 0x11, 0x00, 0x00, 0x00, 0x00,
    0x00, 0x03, 0x33, 0x00, 0x14, 0x00, 0x00, 0x00, 0x04, 0x70, 0x00, 0x0C,
    0x00, 0x00, 0x00, 0x10, 0x30, 0x00, 0x15, 0x00, 0x00, 0x00, 0x00, 0x00,
    0x03, 0x34, 0x00, 0x14, 0x00, 0x00, 0x00, 0x04, 0x70, 0x00, 0x0C, 0x00,
    0x00, 0x00, 0x10, 0x30, 0x00, 0x17, 0x00, 0x00, 0x00, 0x00, 0x00, 0x03,
    0x35, 0x00, 0x14, 0x00, 0x00, 0x00, 0x04, 0x70, 0x00, 0x0C, 0x00, 0x00,
    0x00, 0x10, 0x30, 0x00, 0x19, 0x00, 0x00, 0x00, 0x00, 0x00, 0x03, 0x36,
    0x00, 0x14, 0x00, 0x00, 0x00, 0x04, 0x70, 0x00, 0x0C, 0x00, 0x00, 0x00,
    0x10, 0x30, 0x00, 0x1B, 0x00, 0x00, 0x00, 0x00, 0x00, 0x03, 0x37, 0x00,
    0x14, 0x00, 0x00, 0x00, 0x04, 0x70, 0x00, 0x0C, 0x00, 0x00, 0x00, 0x10,
    0x30, 0x00, 0x1C, 0x00, 0x00, 0x00, 0x00, 0x00, 0x03, 0x38, 0x00, 0x14,
    0x00, 0x00, 0x00, 0x04, 0x70, 0x00, 0x0C, 0x00, 0x00, 0x00, 0x10, 0x30,
    0x00, 0x20, 0x00, 0x00, 0x00, 0x00, 0x00, 0x03, 0x39, 0x00, 0x14, 0x00,
    0x00, 0x00, 0x04, 0x70, 0x00, 0x0C, 0x00, 0x00, 0x00, 0x10, 0x30, 0x00,
    0x22, 0x00, 0x00, 0x00, 0x00, 0x00, 0x03, 0x31, 0x30, 0x00, 0x14, 0x00,
    0x00, 0x00, 0x04, 0x70, 0x00, 0x0C, 0x00, 0x00, 0x00, 0x10, 0x30, 0x00,
    0x23, 0x00, 0x00, 0x00, 0x00, 0x00, 0x03, 0x31, 0x31, 0x00, 0x14, 0x00,
    0x00, 0x00, 0x04, 0x70, 0x00, 0x0C, 0x00, 0x00, 0x00, 0x10, 0x30, 0x00,
    0x24, 0x00, 0x00, 0x00, 0x00, 0x00, 0x03, 0x31, 0x32, 0x00, 0x14, 0x00,
    0x00, 0x00, 0x04, 0x70, 0x00, 0x0C, 0x00, 0x00, 0x00, 0x10, 0x30, 0x00,
    0x29, 0x00, 0x00, 0x00, 0x00, 0x00, 0x00,
};

static const uint8_t classes_exports[] = {
    0x45, 0x01, 0x00, 0x00, 0x10, 0x77, 0x79, 0x72, 0x6D, 0x00, 0x00, 0x00,
    0x00, 0x00, 0x10, 0x5F, 0x74, 0x61, 0x69, 0x6C, 0x00, 0x01, 0x00, 0x00,
    0x00, 0x10, 0x5F, 0x66, 0x69, 0x65, 0x6C, 0x64, 0x00, 0x02, 0x00, 0x00,
    0x00, 0x10, 0x5F, 0x63, 0x6F, 0x6E, 0x73, 0x74, 0x61, 0x6E, 0x74, 0x5F,
    0x76, 0x61, 0x6C, 0x75, 0x65, 0x00, 0x03, 0x00, 0x00, 0x00, 0x10, 0x5F,
    0x65, 0x6D, 0x69, 0x74, 0x5F, 0x70, 0x61, 0x63, 0x6B, 0x00, 0x04, 0x00,
    0x00, 0x00, 0x10, 0x5F, 0x65, 0x6D, 0x69, 0x74, 0x5F, 0x70, 0x61, 0x69,
    0x72, 0x61, 0x62, 0x6C, 0x65, 0x00, 0x05, 0x00, 0x00, 0x00, 0x10, 0x63,
    0x6F, 0x6D, 0x70, 0x69, 0x6C, 0x65, 0x5F, 0x63, 0x6C, 0x61, 0x73, 0x73,
    0x00, 0x06, 0x00, 0x00, 0x00, 0x10, 0x63, 0x6F, 0x6D, 0x70, 0x69, 0x6C,
    0x65, 0x5F, 0x63, 0x6C, 0x61, 0x73, 0x73, 0x5F, 0x74, 0x6F, 0x70, 0x6C,
    0x65, 0x76, 0x65, 0x6C, 0x00, 0x07, 0x00, 0x00, 0x00, 0x10, 0x5F, 0x63,
    0x6C, 0x61, 0x73, 0x73, 0x5F, 0x73, 0x74, 0x61, 0x74, 0x69, 0x63, 0x73,
    0x00, 0x08, 0x00, 0x00, 0x00, 0x10, 0x5F, 0x64, 0x69, 0x73, 0x70, 0x61,
    0x74, 0x63, 0x68, 0x00, 0x09, 0x00, 0x00, 0x00, 0x10, 0x5F, 0x73, 0x75,
    0x70, 0x65, 0x72, 0x63, 0x6C, 0x61, 0x73, 0x73, 0x5F, 0x73, 0x6C, 0x6F,
    0x74, 0x00, 0x0A, 0x00, 0x00, 0x00, 0x10, 0x5F, 0x73, 0x75, 0x70, 0x65,
    0x72, 0x63, 0x6C, 0x61, 0x73, 0x73, 0x5F, 0x6E, 0x61, 0x6D, 0x65, 0x00,
    0x0B, 0x00, 0x00, 0x00, 0x10, 0x5F, 0x73, 0x6C, 0x6F, 0x74, 0x00, 0x0C,
    0x00, 0x00, 0x00, 0x10, 0x5F, 0x61, 0x63, 0x63, 0x65, 0x73, 0x73, 0x6F,
    0x72, 0x00, 0x0D, 0x00, 0x00, 0x00, 0x10, 0x5F, 0x6D, 0x65, 0x74, 0x68,
    0x6F, 0x64, 0x00, 0x0E, 0x00, 0x00, 0x00, 0x10, 0x5F, 0x73, 0x74, 0x61,
    0x74, 0x69, 0x63, 0x00, 0x0F, 0x00, 0x00, 0x00, 0x10, 0x63, 0x6F, 0x6D,
    0x70, 0x69, 0x6C, 0x65, 0x5F, 0x64, 0x69, 0x73, 0x70, 0x61, 0x74, 0x63,
    0x68, 0x65, 0x64, 0x5F, 0x66, 0x6E, 0x5F, 0x74, 0x6F, 0x70, 0x6C, 0x65,
    0x76, 0x65, 0x6C, 0x00, 0x10, 0x00, 0x00, 0x00, 0x10, 0x46, 0x4E, 0x5F,
    0x4D, 0x45, 0x53, 0x53, 0x41, 0x47, 0x45, 0x00, 0x11, 0x00, 0x00, 0x00,
    0x00,
};

static const uint8_t classes_free[] = {
    0x05, 0x01, 0x00, 0x00, 0x10, 0x65, 0x72, 0x72, 0x6F, 0x72, 0x00, 0x12,
    0x00, 0x00, 0x00, 0x10, 0x63, 0x64, 0x72, 0x00, 0x13, 0x00, 0x00, 0x00,
    0x10, 0x63, 0x61, 0x72, 0x00, 0x14, 0x00, 0x00, 0x00, 0x10, 0x6E, 0x6F,
    0x64, 0x65, 0x5F, 0x6B, 0x69, 0x6E, 0x64, 0x00, 0x15, 0x00, 0x00, 0x00,
    0x10, 0x70, 0x61, 0x63, 0x6B, 0x00, 0x16, 0x00, 0x00, 0x00, 0x10, 0x70,
    0x61, 0x63, 0x6B, 0x5F, 0x70, 0x61, 0x69, 0x72, 0x61, 0x62, 0x6C, 0x65,
    0x00, 0x17, 0x00, 0x00, 0x00, 0x10, 0x73, 0x74, 0x72, 0x00, 0x18, 0x00,
    0x00, 0x00, 0x10, 0x6C, 0x65, 0x6E, 0x00, 0x19, 0x00, 0x00, 0x00, 0x10,
    0x62, 0x6F, 0x64, 0x79, 0x5F, 0x73, 0x74, 0x61, 0x74, 0x65, 0x6D, 0x65,
    0x6E, 0x74, 0x73, 0x00, 0x1A, 0x00, 0x00, 0x00, 0x10, 0x63, 0x6F, 0x6E,
    0x73, 0x74, 0x72, 0x75, 0x63, 0x74, 0x5F, 0x6E, 0x61, 0x6D, 0x65, 0x00,
    0x1B, 0x00, 0x00, 0x00, 0x10, 0x73, 0x74, 0x6F, 0x72, 0x65, 0x5F, 0x65,
    0x78, 0x70, 0x72, 0x00, 0x1C, 0x00, 0x00, 0x00, 0x10, 0x6D, 0x61, 0x6B,
    0x65, 0x5F, 0x63, 0x6C, 0x61, 0x73, 0x73, 0x5F, 0x73, 0x6C, 0x6F, 0x74,
    0x00, 0x1D, 0x00, 0x00, 0x00, 0x10, 0x62, 0x6F, 0x75, 0x6E, 0x64, 0x61,
    0x72, 0x79, 0x5F, 0x70, 0x61, 0x72, 0x61, 0x6D, 0x73, 0x00, 0x1E, 0x00,
    0x00, 0x00, 0x10, 0x62, 0x6F, 0x75, 0x6E, 0x64, 0x61, 0x72, 0x79, 0x5F,
    0x62, 0x6F, 0x64, 0x79, 0x00, 0x1F, 0x00, 0x00, 0x00, 0x10, 0x63, 0x6F,
    0x6D, 0x70, 0x69, 0x6C, 0x65, 0x5F, 0x63, 0x61, 0x6C, 0x6C, 0x61, 0x62,
    0x6C, 0x65, 0x00, 0x20, 0x00, 0x00, 0x00, 0x10, 0x46, 0x4E, 0x5F, 0x43,
    0x4F, 0x52, 0x4F, 0x55, 0x54, 0x49, 0x4E, 0x45, 0x00, 0x21, 0x00, 0x00,
    0x00, 0x10, 0x4C, 0x00, 0x22, 0x00, 0x00, 0x00, 0x00,
};

static const uint32_t classes_code[] = {
    0x00000047,                /* 0000  import L0 <- static#0   ("wyrm") */
    0x00000043,                /* 0001  gset g0 <- L0   (wyrm) */
    0x00010047,                /* 0002  import L0 <- static#1   ("wyrm::opcodes") */
    0x000100B5, 0x00000000,    /* 0003  import_star static#1 except 0, 0 names   ("wyrm::opcodes") */
    0x00000047,                /* 0005  import L0 <- static#0   ("wyrm") */
    0x00000043,                /* 0006  gset g0 <- L0   (wyrm) */
    0x00020047,                /* 0007  import L0 <- static#2   ("wyrm::compiler") */
    0x00030047,                /* 0008  import L0 <- static#3   ("wyrm::compiler::context") */
    0x000300B5, 0x00000000,    /* 0009  import_star static#3 except 0, 0 names   ("wyrm::compiler::context") */
    0x00000047,                /* 000B  import L0 <- static#0   ("wyrm") */
    0x00000043,                /* 000C  gset g0 <- L0   (wyrm) */
    0x00020047,                /* 000D  import L0 <- static#2   ("wyrm::compiler") */
    0x00040047,                /* 000E  import L0 <- static#4   ("wyrm::compiler::analysis") */
    0x000400B5, 0x00000000,    /* 000F  import_star static#4 except 0, 0 names   ("wyrm::compiler::analysis") */
    0x00000047,                /* 0011  import L0 <- static#0   ("wyrm") */
    0x00000043,                /* 0012  gset g0 <- L0   (wyrm) */
    0x00020047,                /* 0013  import L0 <- static#2   ("wyrm::compiler") */
    0x00050047,                /* 0014  import L0 <- static#5   ("wyrm::compiler::statements") */
    0x000500B5, 0x00000000,    /* 0015  import_star static#5 except 0, 0 names   ("wyrm::compiler::statements") */
    0x00000047,                /* 0017  import L0 <- static#0   ("wyrm") */
    0x00000043,                /* 0018  gset g0 <- L0   (wyrm) */
    0x00020047,                /* 0019  import L0 <- static#2   ("wyrm::compiler") */
    0x00060047,                /* 001A  import L0 <- static#6   ("wyrm::compiler::functions") */
    0x000600B5, 0x00000000,    /* 001B  import_star static#6 except 0, 0 names   ("wyrm::compiler::functions") */
    0x00000240,                /* 001D  i8 L0 <- 2 */
    0x00110043,                /* 001E  gset g17 <- L0   (FN_MESSAGE) */
    0x000000A8, 0x00000000,    /* 001F  closure L0 <- fn#0, 0 caps */
    0x00010043,                /* 0021  gset g1 <- L0   (_tail) */
    0x000000A8, 0x00010000,    /* 0022  closure L0 <- fn#1, 0 caps */
    0x00020043,                /* 0024  gset g2 <- L0   (_field) */
    0x000000A8, 0x00020000,    /* 0025  closure L0 <- fn#2, 0 caps */
    0x00030043,                /* 0027  gset g3 <- L0   (_constant_value) */
    0x000000A8, 0x00030000,    /* 0028  closure L0 <- fn#3, 0 caps */
    0x00040043,                /* 002A  gset g4 <- L0   (_emit_pack) */
    0x000000A8, 0x00040000,    /* 002B  closure L0 <- fn#4, 0 caps */
    0x00050043,                /* 002D  gset g5 <- L0   (_emit_pairable) */
    0x000000A8, 0x00050000,    /* 002E  closure L0 <- fn#5, 0 caps */
    0x00060043,                /* 0030  gset g6 <- L0   (compile_class) */
    0x000000A8, 0x00060000,    /* 0031  closure L0 <- fn#6, 0 caps */
    0x00070043,                /* 0033  gset g7 <- L0   (compile_class_toplevel) */
    0x000000A8, 0x00070000,    /* 0034  closure L0 <- fn#7, 0 caps */
    0x00080043,                /* 0036  gset g8 <- L0   (_class_statics) */
    0x000000A8, 0x00080000,    /* 0037  closure L0 <- fn#8, 0 caps */
    0x00090043,                /* 0039  gset g9 <- L0   (_dispatch) */
    0x000000A8, 0x00090000,    /* 003A  closure L0 <- fn#9, 0 caps */
    0x000A0043,                /* 003C  gset g10 <- L0   (_superclass_slot) */
    0x000000A8, 0x000A0000,    /* 003D  closure L0 <- fn#10, 0 caps */
    0x000B0043,                /* 003F  gset g11 <- L0   (_superclass_name) */
    0x000000A8, 0x000B0000,    /* 0040  closure L0 <- fn#11, 0 caps */
    0x000C0043,                /* 0042  gset g12 <- L0   (_slot) */
    0x000000A8, 0x000C0000,    /* 0043  closure L0 <- fn#12, 0 caps */
    0x000D0043,                /* 0045  gset g13 <- L0   (_accessor) */
    0x000000A8, 0x000D0000,    /* 0046  closure L0 <- fn#13, 0 caps */
    0x000E0043,                /* 0048  gset g14 <- L0   (_method) */
    0x000000A8, 0x000E0000,    /* 0049  closure L0 <- fn#14, 0 caps */
    0x000F0043,                /* 004B  gset g15 <- L0   (_static) */
    0x000000A8, 0x000F0000,    /* 004C  closure L0 <- fn#15, 0 caps */
    0x00100043,                /* 004E  gset g16 <- L0   (compile_dispatched_fn_toplevel) */
    0x00000002,                /* 004F  return count=0 */
    0x00008041,                /* 0050  move L0 <- P0 */
    0x00010040,                /* 0051  i8 L1 <- 0 */
    0x00020091, 0x00018001,    /* 0052  lt L2 <- L1 < P1 */
    0x0013024B,                /* 0054  jf L2, +19 */
    0x00070246,                /* 0055  lconst L2 <- static#7   ("pair") */
    0x00030097, 0x00000002,    /* 0056  is L3 <- L0 is L2 */
    0x0004034A,                /* 0058  not L4 <- L3 */
    0x0005044B,                /* 0059  jf L4, +5 */
    0x00120242,                /* 005A  gget L2 <- g18   (error) */
    0x00080346,                /* 005B  lconst L3 <- static#8   ("index out of range") */
    0x000201A0, 0x00010000,    /* 005C  call base=L2 argc=1 nres=1 */
    0x00020102,                /* 005E  return L2 count=1 */
    0x00130242,                /* 005F  gget L2 <- g19   (cdr) */
    0x00030041,                /* 0060  move L3 <- L0 */
    0x000201A0, 0x00010000,    /* 0061  call base=L2 argc=1 nres=1 */
    0x00000241,                /* 0063  move L0 <- L2 */
    0x00020140,                /* 0064  i8 L2 <- 1 */
    0x00010085, 0x00010002,    /* 0065  add L1 <- L1 + L2 */
    0xFFEA004F,                /* 0067  jmp -22 */
    0x00000102,                /* 0068  return L0 count=1 */
    0x00010142,                /* 0069  gget L1 <- g1   (_tail) */
    0x00028041,                /* 006A  move L2 <- P0 */
    0x00038141,                /* 006B  move L3 <- P1 */
    0x000102A0, 0x00010000,    /* 006C  call base=L1 argc=2 nres=1 */
    0x00000141,                /* 006E  move L0 <- L1 */
    0x00090146,                /* 006F  lconst L1 <- static#9   ("error") */
    0x00020097, 0x00000001,    /* 0070  is L2 <- L0 is L1 */
    0x0001024B,                /* 0072  jf L2, +1 */
    0x00000102,                /* 0073  return L0 count=1 */
    0x00140142,                /* 0074  gget L1 <- g20   (car) */
    0x00020041,                /* 0075  move L2 <- L0 */
    0x000101A0, 0x00010000,    /* 0076  call base=L1 argc=1 nres=1 */
    0x00010102,                /* 0078  return L1 count=1 */
    0x000A0146,                /* 0079  lconst L1 <- static#10   ("sym") */
    0x00020097, 0x80000001,    /* 007A  is L2 <- P0 is L1 */
    0x0017024B,                /* 007C  jf L2, +23 */
    0x00000145,                /* 007D  lsym L1 <- sym#0   ("nil") */
    0x0002008F, 0x80000001,    /* 007E  eq L2 <- P0 == L1 */
    0x0002024B,                /* 0080  jf L2, +2 */
    0x00010003,                /* 0081  lnil L1 */
    0x00010102,                /* 0082  return L1 count=1 */
    0x00010145,                /* 0083  lsym L1 <- sym#1   ("true") */
    0x0002008F, 0x80000001,    /* 0084  eq L2 <- P0 == L1 */
    0x0002024B,                /* 0086  jf L2, +2 */
    0x00010104,                /* 0087  lbool L1 <- 1 */
    0x00010102,                /* 0088  return L1 count=1 */
    0x00020145,                /* 0089  lsym L1 <- sym#2   ("false") */
    0x0002008F, 0x80000001,    /* 008A  eq L2 <- P0 == L1 */
    0x0002024B,                /* 008C  jf L2, +2 */
    0x00010004,                /* 008D  lbool L1 <- 0 */
    0x00010102,                /* 008E  return L1 count=1 */
    0x00120142,                /* 008F  gget L1 <- g18   (error) */
    0x000B0246,                /* 0090  lconst L2 <- static#11   ("not a constant") */
    0x000101A0, 0x00010000,    /* 0091  call base=L1 argc=1 nres=1 */
    0x00010102,                /* 0093  return L1 count=1 */
    0x00150142,                /* 0094  gget L1 <- g21   (node_kind) */
    0x00028041,                /* 0095  move L2 <- P0 */
    0x000101A0, 0x00010000,    /* 0096  call base=L1 argc=1 nres=1 */
    0x00000141,                /* 0098  move L0 <- L1 */
    0x00030245,                /* 0099  lsym L2 <- sym#3   ("str") */
    0x0001008F, 0x00000002,    /* 009A  eq L1 <- L0 == L2 */
    0x000B014C,                /* 009C  jt L1, +11 */
    0x00040245,                /* 009D  lsym L2 <- sym#4   ("int") */
    0x0001008F, 0x00000002,    /* 009E  eq L1 <- L0 == L2 */
    0x0007014C,                /* 00A0  jt L1, +7 */
    0x00050245,                /* 00A1  lsym L2 <- sym#5   ("float") */
    0x0001008F, 0x00000002,    /* 00A2  eq L1 <- L0 == L2 */
    0x0003014C,                /* 00A4  jt L1, +3 */
    0x00060245,                /* 00A5  lsym L2 <- sym#6   ("char") */
    0x0001008F, 0x00000002,    /* 00A6  eq L1 <- L0 == L2 */
    0x0009014B,                /* 00A8  jf L1, +9 */
    0x00020242,                /* 00A9  gget L2 <- g2   (_field) */
    0x00038041,                /* 00AA  move L3 <- P0 */
    0x00040140,                /* 00AB  i8 L4 <- 1 */
    0x000202A0, 0x00010000,    /* 00AC  call base=L2 argc=2 nres=1 */
    0x00010241,                /* 00AE  move L1 <- L2 */
    0x0001014E,                /* 00AF  jnerr L1, +1 */
    0x00010003,                /* 00B0  lnil L1 */
    0x00010102,                /* 00B1  return L1 count=1 */
    0x00120142,                /* 00B2  gget L1 <- g18   (error) */
    0x000B0246,                /* 00B3  lconst L2 <- static#11   ("not a constant") */
    0x000101A0, 0x00010000,    /* 00B4  call base=L1 argc=1 nres=1 */
    0x00010102,                /* 00B6  return L1 count=1 */
    0x00160142,                /* 00B7  gget L1 <- g22   (pack) */
    0x00048141,                /* 00B8  move L4 <- P1 */
    0x00050181, 0x00040000,    /* 00B9  tuple L5 <- L4, 1 items */
    0x00020541,                /* 00BB  move L2 <- L5 */
    0x000E0446,                /* 00BC  lconst L4 <- static#14   ("f") */
    0x00058241,                /* 00BD  move L5 <- P2 */
    0x000F0646,                /* 00BE  lconst L6 <- static#15   ("a0") */
    0x00078341,                /* 00BF  move L7 <- P3 */
    0x00100846,                /* 00C0  lconst L8 <- static#16   ("a1") */
    0x00098441,                /* 00C1  move L9 <- P4 */
    0x00110A46,                /* 00C2  lconst L10 <- static#17   ("a2") */
    0x000B8541,                /* 00C3  move L11 <- P5 */
    0x00120C46,                /* 00C4  lconst L12 <- static#18   ("w1") */
    0x000D8641,                /* 00C5  move L13 <- P6 */
    0x000E0583, 0x00040000,    /* 00C6  dict L14 <- L4, 5 pairs */
    0x00030E41,                /* 00C8  move L3 <- L14 */
    0x000100A1, 0x00010000,    /* 00C9  call_va base=L1 nres=1 */
    0x00000141,                /* 00CB  move L0 <- L1 */
    0x00090146,                /* 00CC  lconst L1 <- static#9   ("error") */
    0x00020097, 0x00000001,    /* 00CD  is L2 <- L0 is L1 */
    0x0001024B,                /* 00CF  jf L2, +1 */
    0x00000102,                /* 00D0  return L0 count=1 */
    0x00018041,                /* 00D1  move L1 <- P0 */
    0x00020041,                /* 00D2  move L2 <- L0 */
    0x000101A2, 0x00000001,    /* 00D3  msg base=L1 argc=1 msg#0 nres=1   (emit_words) */
    0x00010003,                /* 00D5  lnil L1 */
    0x00010102,                /* 00D6  return L1 count=1 */
    0x00170142,                /* 00D7  gget L1 <- g23   (pack_pairable) */
    0x00028141,                /* 00D8  move L2 <- P1 */
    0x00038241,                /* 00D9  move L3 <- P2 */
    0x00048341,                /* 00DA  move L4 <- P3 */
    0x000103A0, 0x00010000,    /* 00DB  call base=L1 argc=3 nres=1 */
    0x00000141,                /* 00DD  move L0 <- L1 */
    0x00090146,                /* 00DE  lconst L1 <- static#9   ("error") */
    0x00020097, 0x00000001,    /* 00DF  is L2 <- L0 is L1 */
    0x0001024B,                /* 00E1  jf L2, +1 */
    0x00000102,                /* 00E2  return L0 count=1 */
    0x00018041,                /* 00E3  move L1 <- P0 */
    0x00020041,                /* 00E4  move L2 <- L0 */
    0x000101A2, 0x00000001,    /* 00E5  msg base=L1 argc=1 msg#0 nres=1   (emit_words) */
    0x00010003,                /* 00E7  lnil L1 */
    0x00010102,                /* 00E8  return L1 count=1 */
    0x00021C42,                /* 00E9  gget L28 <- g2   (_field) */
    0x001D8041,                /* 00EA  move L29 <- P0 */
    0x001E0140,                /* 00EB  i8 L30 <- 1 */
    0x001C02A0, 0x00010000,    /* 00EC  call base=L28 argc=2 nres=1 */
    0x00001C41,                /* 00EE  move L0 <- L28 */
    0x0001004E,                /* 00EF  jnerr L0, +1 */
    0x00000003,                /* 00F0  lnil L0 */
    0x00131C46,                /* 00F1  lconst L28 <- static#19   ("nil") */
    0x001D0097, 0x0000001C,    /* 00F2  is L29 <- L0 is L28 */
    0x00051D4B,                /* 00F4  jf L29, +5 */
    0x00121C42,                /* 00F5  gget L28 <- g18   (error) */
    0x00141D46,                /* 00F6  lconst L29 <- static#20   ("a class definition needs a name") */
    0x001C01A0, 0x00010000,    /* 00F7  call base=L28 argc=1 nres=1 */
    0x001C0102,                /* 00F9  return L28 count=1 */
    0x00181C42,                /* 00FA  gget L28 <- g24   (str) */
    0x001D0041,                /* 00FB  move L29 <- L0 */
    0x001C01A0, 0x00010000,    /* 00FC  call base=L28 argc=1 nres=1 */
    0x00011C41,                /* 00FE  move L1 <- L28 */
    0x00021C42,                /* 00FF  gget L28 <- g2   (_field) */
    0x001D8041,                /* 0100  move L29 <- P0 */
    0x001E0240,                /* 0101  i8 L30 <- 2 */
    0x001C02A0, 0x00010000,    /* 0102  call base=L28 argc=2 nres=1 */
    0x00021C41,                /* 0104  move L2 <- L28 */
    0x0001024E,                /* 0105  jnerr L2, +1 */
    0x00020003,                /* 0106  lnil L2 */
    0x00071D46,                /* 0107  lconst L29 <- static#7   ("pair") */
    0x001C0097, 0x0002001D,    /* 0108  is L28 <- L2 is L29 */
    0x00071C4B,                /* 010A  jf L28, +7 */
    0x00131D42,                /* 010B  gget L29 <- g19   (cdr) */
    0x001E0241,                /* 010C  move L30 <- L2 */
    0x001D01A0, 0x00010000,    /* 010D  call base=L29 argc=1 nres=1 */
    0x00071E46,                /* 010F  lconst L30 <- static#7   ("pair") */
    0x001C0097, 0x001D001E,    /* 0110  is L28 <- L29 is L30 */
    0x000B1C4B,                /* 0112  jf L28, +11 */
    0x00121C42,                /* 0113  gget L28 <- g18   (error) */
    0x00151D46,                /* 0114  lconst L29 <- static#21   ("class ") */
    0x001E0085, 0x001D0001,    /* 0115  add L30 <- L29 + L1 */
    0x00161F46,                /* 0117  lconst L31 <- static#22   (" has more than one base; the image format records one superclass") */
    0x00200085, 0x001E001F,    /* 0118  add L32 <- L30 + L31 */
    0x001D2041,                /* 011A  move L29 <- L32 */
    0x001C01A0, 0x00010000,    /* 011B  call base=L28 argc=1 nres=1 */
    0x001C0102,                /* 011D  return L28 count=1 */
    0x000A1C42,                /* 011E  gget L28 <- g10   (_superclass_slot) */
    0x001D0241,                /* 011F  move L29 <- L2 */
    0x001E8041,                /* 0120  move L30 <- P0 */
    0x001F8141,                /* 0121  move L31 <- P1 */
    0x001C03A0, 0x00010000,    /* 0122  call base=L28 argc=3 nres=1 */
    0x00031C41,                /* 0124  move L3 <- L28 */
    0x00091C46,                /* 0125  lconst L28 <- static#9   ("error") */
    0x001D0097, 0x0003001C,    /* 0126  is L29 <- L3 is L28 */
    0x00011D4B,                /* 0128  jf L29, +1 */
    0x00030102,                /* 0129  return L3 count=1 */
    0x000B1C42,                /* 012A  gget L28 <- g11   (_superclass_name) */
    0x001D0241,                /* 012B  move L29 <- L2 */
    0x001C01A0, 0x00010000,    /* 012C  call base=L28 argc=1 nres=1 */
    0x00041C41,                /* 012E  move L4 <- L28 */
    0x00091C46,                /* 012F  lconst L28 <- static#9   ("error") */
    0x001D0097, 0x0004001C,    /* 0130  is L29 <- L4 is L28 */
    0x00011D4B,                /* 0132  jf L29, +1 */
    0x00040102,                /* 0133  return L4 count=1 */
    0x001C009A, 0x80010008,    /* 0134  getattr L28 <- P1.sym#8   ("classes") */
    0x00191E42,                /* 0136  gget L30 <- g25   (len) */
    0x001F009A, 0x80010009,    /* 0137  getattr L31 <- P1.sym#9   ("image") */
    0x0020009A, 0x001F0008,    /* 0139  getattr L32 <- L31.sym#8   ("classes") */
    0x001F2041,                /* 013B  move L31 <- L32 */
    0x001E01A0, 0x00010000,    /* 013C  call base=L30 argc=1 nres=1 */
    0x001D1E41,                /* 013E  move L29 <- L30 */
    0x001C0099, 0x0001001D,    /* 013F  setidx L28[L1] <- L29 */
    0x001C009A, 0x8001000A,    /* 0141  getattr L28 <- P1.sym#10   ("superclasses") */
    0x001D0441,                /* 0143  move L29 <- L4 */
    0x001C0099, 0x0001001D,    /* 0144  setidx L28[L1] <- L29 */
    0x001A1C42,                /* 0146  gget L28 <- g26   (body_statements) */
    0x00021E42,                /* 0147  gget L30 <- g2   (_field) */
    0x001F8041,                /* 0148  move L31 <- P0 */
    0x00200340,                /* 0149  i8 L32 <- 3 */
    0x001E02A0, 0x00010000,    /* 014A  call base=L30 argc=2 nres=1 */
    0x001D1E41,                /* 014C  move L29 <- L30 */
    0x00011D4E,                /* 014D  jnerr L29, +1 */
    0x001D0003,                /* 014E  lnil L29 */
    0x001C01A0, 0x00010000,    /* 014F  call base=L28 argc=1 nres=1 */
    0x00051C41,                /* 0151  move L5 <- L28 */
    0x00060082, 0x001C0000,    /* 0152  list L6 <- L28, 0 items */
    0x001C00AE, 0x00050000,    /* 0154  iter L28 <- L5 */
    0x000D00AF, 0x001C0027,    /* 0156  itnext L13 <- L28, done +39 */
    0x00151D42,                /* 0158  gget L29 <- g21   (node_kind) */
    0x001E0D41,                /* 0159  move L30 <- L13 */
    0x001D01A0, 0x00010000,    /* 015A  call base=L29 argc=1 nres=1 */
    0x000B1E45,                /* 015C  lsym L30 <- sym#11   ("slot_def") */
    0x001F008F, 0x001D001E,    /* 015D  eq L31 <- L29 == L30 */
    0x001E1F4B,                /* 015F  jf L31, +30 */
    0x00021D42,                /* 0160  gget L29 <- g2   (_field) */
    0x001E0D41,                /* 0161  move L30 <- L13 */
    0x001F0140,                /* 0162  i8 L31 <- 1 */
    0x001D02A0, 0x00010000,    /* 0163  call base=L29 argc=2 nres=1 */
    0x000E1D41,                /* 0165  move L14 <- L29 */
    0x00010E4E,                /* 0166  jnerr L14, +1 */
    0x000E0003,                /* 0167  lnil L14 */
    0x00131D46,                /* 0168  lconst L29 <- static#19   ("nil") */
    0x001E0097, 0x000E001D,    /* 0169  is L30 <- L14 is L29 */
    0x000B1E4B,                /* 016B  jf L30, +11 */
    0x00121D42,                /* 016C  gget L29 <- g18   (error) */
    0x00151E46,                /* 016D  lconst L30 <- static#21   ("class ") */
    0x001F0085, 0x001E0001,    /* 016E  add L31 <- L30 + L1 */
    0x00172046,                /* 0170  lconst L32 <- static#23   (": a slot_def needs a name") */
    0x00210085, 0x001F0020,    /* 0171  add L33 <- L31 + L32 */
    0x001E2141,                /* 0173  move L30 <- L33 */
    0x001D01A0, 0x00010000,    /* 0174  call base=L29 argc=1 nres=1 */
    0x001D0102,                /* 0176  return L29 count=1 */
    0x001D0641,                /* 0177  move L29 <- L6 */
    0x00181E42,                /* 0178  gget L30 <- g24   (str) */
    0x001F0E41,                /* 0179  move L31 <- L14 */
    0x001E01A0, 0x00010000,    /* 017A  call base=L30 argc=1 nres=1 */
    0x001D01A2, 0x00010001,    /* 017C  msg base=L29 argc=1 msg#1 nres=1   (append) */
    0xFFD7004F,                /* 017E  jmp -41 */
    0x001C009A, 0x8001000D,    /* 017F  getattr L28 <- P1.sym#13   ("slot_names") */
    0x001D0641,                /* 0181  move L29 <- L6 */
    0x001C0099, 0x0001001D,    /* 0182  setidx L28[L1] <- L29 */
    0x00070082, 0x001C0000,    /* 0184  list L7 <- L28, 0 items */
    0x00080082, 0x001C0000,    /* 0186  list L8 <- L28, 0 items */
    0x00090082, 0x001C0000,    /* 0188  list L9 <- L28, 0 items */
    0x000A0003,                /* 018A  lnil L10 */
    0x000B0082, 0x001C0000,    /* 018B  list L11 <- L28, 0 items */
    0x001C00AE, 0x00050000,    /* 018D  iter L28 <- L5 */
    0x000F00AF, 0x001C00AF,    /* 018F  itnext L15 <- L28, done +175 */
    0x00151D42,                /* 0191  gget L29 <- g21   (node_kind) */
    0x001E0F41,                /* 0192  move L30 <- L15 */
    0x001D01A0, 0x00010000,    /* 0193  call base=L29 argc=1 nres=1 */
    0x00101D41,                /* 0195  move L16 <- L29 */
    0x000B1D45,                /* 0196  lsym L29 <- sym#11   ("slot_def") */
    0x001E008F, 0x0010001D,    /* 0197  eq L30 <- L16 == L29 */
    0x00121E4B,                /* 0199  jf L30, +18 */
    0x000C1D42,                /* 019A  gget L29 <- g12   (_slot) */
    0x001E0F41,                /* 019B  move L30 <- L15 */
    0x001F0041,                /* 019C  move L31 <- L0 */
    0x00208141,                /* 019D  move L32 <- P1 */
    0x00210B41,                /* 019E  move L33 <- L11 */
    0x001D04A0, 0x00010000,    /* 019F  call base=L29 argc=4 nres=1 */
    0x00151D41,                /* 01A1  move L21 <- L29 */
    0x00091D46,                /* 01A2  lconst L29 <- static#9   ("error") */
    0x001E0097, 0x0015001D,    /* 01A3  is L30 <- L21 is L29 */
    0x00011E4B,                /* 01A5  jf L30, +1 */
    0x00150102,                /* 01A6  return L21 count=1 */
    0x001D0741,                /* 01A7  move L29 <- L7 */
    0x001E1541,                /* 01A8  move L30 <- L21 */
    0x001D01A2, 0x00010001,    /* 01A9  msg base=L29 argc=1 msg#1 nres=1   (append) */
    0x0093004F,                /* 01AB  jmp +147 */
    0x000E1E45,                /* 01AC  lsym L30 <- sym#14   ("fn_def") */
    0x001D008F, 0x0010001E,    /* 01AD  eq L29 <- L16 == L30 */
    0x00031D4C,                /* 01AF  jt L29, +3 */
    0x000F1E45,                /* 01B0  lsym L30 <- sym#15   ("co_def") */
    0x001D008F, 0x0010001E,    /* 01B1  eq L29 <- L16 == L30 */
    0x00321D4B,                /* 01B3  jf L29, +50 */
    0x000E1D42,                /* 01B4  gget L29 <- g14   (_method) */
    0x001E0F41,                /* 01B5  move L30 <- L15 */
    0x001F0041,                /* 01B6  move L31 <- L0 */
    0x00208141,                /* 01B7  move L32 <- P1 */
    0x00210B41,                /* 01B8  move L33 <- L11 */
    0x001D04A0, 0x00010000,    /* 01B9  call base=L29 argc=4 nres=1 */
    0x00161D41,                /* 01BB  move L22 <- L29 */
    0x00091D46,                /* 01BC  lconst L29 <- static#9   ("error") */
    0x001E0097, 0x0016001D,    /* 01BD  is L30 <- L22 is L29 */
    0x00011E4B,                /* 01BF  jf L30, +1 */
    0x00160102,                /* 01C0  return L22 count=1 */
    0x00021D42,                /* 01C1  gget L29 <- g2   (_field) */
    0x001E0F41,                /* 01C2  move L30 <- L15 */
    0x001F0140,                /* 01C3  i8 L31 <- 1 */
    0x001D02A0, 0x00010000,    /* 01C4  call base=L29 argc=2 nres=1 */
    0x00171D41,                /* 01C6  move L23 <- L29 */
    0x0001174E,                /* 01C7  jnerr L23, +1 */
    0x00170003,                /* 01C8  lnil L23 */
    0x00101D45,                /* 01C9  lsym L29 <- sym#16   ("init") */
    0x001E008F, 0x0017001D,    /* 01CA  eq L30 <- L23 == L29 */
    0x00021E4B,                /* 01CC  jf L30, +2 */
    0x000A1641,                /* 01CD  move L10 <- L22 */
    0x0016004F,                /* 01CE  jmp +22 */
    0x001D009A, 0x80010009,    /* 01CF  getattr L29 <- P1.sym#9   ("image") */
    0x00181E42,                /* 01D1  gget L30 <- g24   (str) */
    0x001F1741,                /* 01D2  move L31 <- L23 */
    0x001E01A0, 0x00010000,    /* 01D3  call base=L30 argc=1 nres=1 */
    0x001D01A2, 0x00020001,    /* 01D5  msg base=L29 argc=1 msg#2 nres=1   (add_symbol) */
    0x00181D41,                /* 01D7  move L24 <- L29 */
    0x00091D46,                /* 01D8  lconst L29 <- static#9   ("error") */
    0x001E0097, 0x0018001D,    /* 01D9  is L30 <- L24 is L29 */
    0x00011E4B,                /* 01DB  jf L30, +1 */
    0x00180102,                /* 01DC  return L24 count=1 */
    0x001D0841,                /* 01DD  move L29 <- L8 */
    0x001E1841,                /* 01DE  move L30 <- L24 */
    0x001F1641,                /* 01DF  move L31 <- L22 */
    0x00200282, 0x001E0000,    /* 01E0  list L32 <- L30, 2 items */
    0x001E2041,                /* 01E2  move L30 <- L32 */
    0x001D01A2, 0x00010001,    /* 01E3  msg base=L29 argc=1 msg#1 nres=1   (append) */
    0x0059004F,                /* 01E5  jmp +89 */
    0x00121D45,                /* 01E6  lsym L29 <- sym#18   ("static") */
    0x001E008F, 0x0010001D,    /* 01E7  eq L30 <- L16 == L29 */
    0x00111E4B,                /* 01E9  jf L30, +17 */
    0x000F1D42,                /* 01EA  gget L29 <- g15   (_static) */
    0x001E0F41,                /* 01EB  move L30 <- L15 */
    0x001F0041,                /* 01EC  move L31 <- L0 */
    0x00208141,                /* 01ED  move L32 <- P1 */
    0x001D03A0, 0x00010000,    /* 01EE  call base=L29 argc=3 nres=1 */
    0x00191D41,                /* 01F0  move L25 <- L29 */
    0x00091D46,                /* 01F1  lconst L29 <- static#9   ("error") */
    0x001E0097, 0x0019001D,    /* 01F2  is L30 <- L25 is L29 */
    0x00011E4B,                /* 01F4  jf L30, +1 */
    0x00190102,                /* 01F5  return L25 count=1 */
    0x001D0941,                /* 01F6  move L29 <- L9 */
    0x001E1941,                /* 01F7  move L30 <- L25 */
    0x001D01A2, 0x00010001,    /* 01F8  msg base=L29 argc=1 msg#1 nres=1   (append) */
    0x0044004F,                /* 01FA  jmp +68 */
    0x00131D45,                /* 01FB  lsym L29 <- sym#19   ("expr_stmt") */
    0x001E008F, 0x0010001D,    /* 01FC  eq L30 <- L16 == L29 */
    0x00211E4B,                /* 01FE  jf L30, +33 */
    0x00021D42,                /* 01FF  gget L29 <- g2   (_field) */
    0x001E0F41,                /* 0200  move L30 <- L15 */
    0x001F0140,                /* 0201  i8 L31 <- 1 */
    0x001D02A0, 0x00010000,    /* 0202  call base=L29 argc=2 nres=1 */
    0x001A1D41,                /* 0204  move L26 <- L29 */
    0x00011A4E,                /* 0205  jnerr L26, +1 */
    0x001A0003,                /* 0206  lnil L26 */
    0x00151D42,                /* 0207  gget L29 <- g21   (node_kind) */
    0x001E1A41,                /* 0208  move L30 <- L26 */
    0x001D01A0, 0x00010000,    /* 0209  call base=L29 argc=1 nres=1 */
    0x00141E45,                /* 020B  lsym L30 <- sym#20   ("pass") */
    0x001F008F, 0x001D001E,    /* 020C  eq L31 <- L29 == L30 */
    0x00011F4B,                /* 020E  jf L31, +1 */
    0xFF7F004F,                /* 020F  jmp -129 */
    0x00121D42,                /* 0210  gget L29 <- g18   (error) */
    0x00181E46,                /* 0211  lconst L30 <- static#24   ("the bytecode compiler does not support ") */
    0x001B1F42,                /* 0212  gget L31 <- g27   (construct_name) */
    0x00201A41,                /* 0213  move L32 <- L26 */
    0x001F01A0, 0x00010000,    /* 0214  call base=L31 argc=1 nres=1 */
    0x00200085, 0x001E001F,    /* 0216  add L32 <- L30 + L31 */
    0x00192146,                /* 0218  lconst L33 <- static#25   (" in a class body yet") */
    0x00220085, 0x00200021,    /* 0219  add L34 <- L32 + L33 */
    0x001E2241,                /* 021B  move L30 <- L34 */
    0x001D01A0, 0x00010000,    /* 021C  call base=L29 argc=1 nres=1 */
    0x001D0102,                /* 021E  return L29 count=1 */
    0x001F004F,                /* 021F  jmp +31 */
    0x00141D45,                /* 0220  lsym L29 <- sym#20   ("pass") */
    0x001E008F, 0x0010001D,    /* 0221  eq L30 <- L16 == L29 */
    0x00021E4B,                /* 0223  jf L30, +2 */
    0xFF6A004F,                /* 0224  jmp -150 */
    0x0019004F,                /* 0225  jmp +25 */
    0x00131D46,                /* 0226  lconst L29 <- static#19   ("nil") */
    0x001E0097, 0x0010001D,    /* 0227  is L30 <- L16 is L29 */
    0x00061E4B,                /* 0229  jf L30, +6 */
    0x00121D42,                /* 022A  gget L29 <- g18   (error) */
    0x001A1E46,                /* 022B  lconst L30 <- static#26   ("the bytecode compiler does not support this construct in a class body yet") */
    0x001D01A0, 0x00010000,    /* 022C  call base=L29 argc=1 nres=1 */
    0x001D0102,                /* 022E  return L29 count=1 */
    0x000F004F,                /* 022F  jmp +15 */
    0x00121D42,                /* 0230  gget L29 <- g18   (error) */
    0x00181E46,                /* 0231  lconst L30 <- static#24   ("the bytecode compiler does not support ") */
    0x001B1F42,                /* 0232  gget L31 <- g27   (construct_name) */
    0x00200F41,                /* 0233  move L32 <- L15 */
    0x001F01A0, 0x00010000,    /* 0234  call base=L31 argc=1 nres=1 */
    0x00200085, 0x001E001F,    /* 0236  add L32 <- L30 + L31 */
    0x00192146,                /* 0238  lconst L33 <- static#25   (" in a class body yet") */
    0x00220085, 0x00200021,    /* 0239  add L34 <- L32 + L33 */
    0x001E2241,                /* 023B  move L30 <- L34 */
    0x001D01A0, 0x00010000,    /* 023C  call base=L29 argc=1 nres=1 */
    0x001D0102,                /* 023E  return L29 count=1 */
    0xFF4F004F,                /* 023F  jmp -177 */
    0x001C009A, 0x80010009,    /* 0240  getattr L28 <- P1.sym#9   ("image") */
    0x001D0141,                /* 0242  move L29 <- L1 */
    0x001E0341,                /* 0243  move L30 <- L3 */
    0x001F0741,                /* 0244  move L31 <- L7 */
    0x00200A41,                /* 0245  move L32 <- L10 */
    0x00210841,                /* 0246  move L33 <- L8 */
    0x00220941,                /* 0247  move L34 <- L9 */
    0x001C06A2, 0x00030001,    /* 0248  msg base=L28 argc=6 msg#3 nres=1   (add_class) */
    0x000C1C41,                /* 024A  move L12 <- L28 */
    0x00091C46,                /* 024B  lconst L28 <- static#9   ("error") */
    0x001D0097, 0x000C001C,    /* 024C  is L29 <- L12 is L28 */
    0x00011D4B,                /* 024E  jf L29, +1 */
    0x000C0102,                /* 024F  return L12 count=1 */
    0x001C009A, 0x80010008,    /* 0250  getattr L28 <- P1.sym#8   ("classes") */
    0x001D0C41,                /* 0252  move L29 <- L12 */
    0x001C0099, 0x0001001D,    /* 0253  setidx L28[L1] <- L29 */
    0x000C0102,                /* 0255  return L12 count=1 */
    0x00060742,                /* 0256  gget L7 <- g6   (compile_class) */
    0x00088041,                /* 0257  move L8 <- P0 */
    0x00098141,                /* 0258  move L9 <- P1 */
    0x000702A0, 0x00010000,    /* 0259  call base=L7 argc=2 nres=1 */
    0x00000741,                /* 025B  move L0 <- L7 */
    0x00090746,                /* 025C  lconst L7 <- static#9   ("error") */
    0x00080097, 0x00000007,    /* 025D  is L8 <- L0 is L7 */
    0x0001084B,                /* 025F  jf L8, +1 */
    0x00000102,                /* 0260  return L0 count=1 */
    0x00020742,                /* 0261  gget L7 <- g2   (_field) */
    0x00088041,                /* 0262  move L8 <- P0 */
    0x00090140,                /* 0263  i8 L9 <- 1 */
    0x000702A0, 0x00010000,    /* 0264  call base=L7 argc=2 nres=1 */
    0x00010741,                /* 0266  move L1 <- L7 */
    0x0001014E,                /* 0267  jnerr L1, +1 */
    0x00010003,                /* 0268  lnil L1 */
    0x0002009A, 0x80010016,    /* 0269  getattr L2 <- P1.sym#22   ("init_ctx") */
    0x00070241,                /* 026B  move L7 <- L2 */
    0x000700A2, 0x00040001,    /* 026C  msg base=L7 argc=0 msg#4 nres=1   (push) */
    0x00030741,                /* 026E  move L3 <- L7 */
    0x00090746,                /* 026F  lconst L7 <- static#9   ("error") */
    0x00080097, 0x00030007,    /* 0270  is L8 <- L3 is L7 */
    0x0001084B,                /* 0272  jf L8, +1 */
    0x00030102,                /* 0273  return L3 count=1 */
    0x00040742,                /* 0274  gget L7 <- g4   (_emit_pack) */
    0x000A0241,                /* 0275  move L10 <- L2 */
    0x00180B45,                /* 0276  lsym L11 <- sym#24   ("class") */
    0x000C0281, 0x000A0000,    /* 0277  tuple L12 <- L10, 2 items */
    0x00080C41,                /* 0279  move L8 <- L12 */
    0x000F0A46,                /* 027A  lconst L10 <- static#15   ("a0") */
    0x000B0341,                /* 027B  move L11 <- L3 */
    0x00100C46,                /* 027C  lconst L12 <- static#16   ("a1") */
    0x000D0041,                /* 027D  move L13 <- L0 */
    0x000E0283, 0x000A0000,    /* 027E  dict L14 <- L10, 2 pairs */
    0x00090E41,                /* 0280  move L9 <- L14 */
    0x000700A1, 0x00010000,    /* 0281  call_va base=L7 nres=1 */
    0x00040741,                /* 0283  move L4 <- L7 */
    0x00090746,                /* 0284  lconst L7 <- static#9   ("error") */
    0x00080097, 0x00040007,    /* 0285  is L8 <- L4 is L7 */
    0x0001084B,                /* 0287  jf L8, +1 */
    0x00040102,                /* 0288  return L4 count=1 */
    0x00078141,                /* 0289  move L7 <- P1 */
    0x00080141,                /* 028A  move L8 <- L1 */
    0x000701A2, 0x00050001,    /* 028B  msg base=L7 argc=1 msg#5 nres=1   (global_index) */
    0x00050741,                /* 028D  move L5 <- L7 */
    0x00090746,                /* 028E  lconst L7 <- static#9   ("error") */
    0x00080097, 0x00050007,    /* 028F  is L8 <- L5 is L7 */
    0x0001084B,                /* 0291  jf L8, +1 */
    0x00050102,                /* 0292  return L5 count=1 */
    0x00050742,                /* 0293  gget L7 <- g5   (_emit_pairable) */
    0x00080241,                /* 0294  move L8 <- L2 */
    0x001A0945,                /* 0295  lsym L9 <- sym#26   ("gset") */
    0x000A0541,                /* 0296  move L10 <- L5 */
    0x000B0341,                /* 0297  move L11 <- L3 */
    0x000704A0, 0x00010000,    /* 0298  call base=L7 argc=4 nres=1 */
    0x00060741,                /* 029A  move L6 <- L7 */
    0x00090746,                /* 029B  lconst L7 <- static#9   ("error") */
    0x00080097, 0x00060007,    /* 029C  is L8 <- L6 is L7 */
    0x0001084B,                /* 029E  jf L8, +1 */
    0x00060102,                /* 029F  return L6 count=1 */
    0x00080742,                /* 02A0  gget L7 <- g8   (_class_statics) */
    0x00088041,                /* 02A1  move L8 <- P0 */
    0x00098141,                /* 02A2  move L9 <- P1 */
    0x000702A0, 0x00010000,    /* 02A3  call base=L7 argc=2 nres=1 */
    0x00070102,                /* 02A5  return L7 count=1 */
    0x00020642,                /* 02A6  gget L6 <- g2   (_field) */
    0x00078041,                /* 02A7  move L7 <- P0 */
    0x00080140,                /* 02A8  i8 L8 <- 1 */
    0x000602A0, 0x00010000,    /* 02A9  call base=L6 argc=2 nres=1 */
    0x00000641,                /* 02AB  move L0 <- L6 */
    0x0001004E,                /* 02AC  jnerr L0, +1 */
    0x00000003,                /* 02AD  lnil L0 */
    0x001A0642,                /* 02AE  gget L6 <- g26   (body_statements) */
    0x00020842,                /* 02AF  gget L8 <- g2   (_field) */
    0x00098041,                /* 02B0  move L9 <- P0 */
    0x000A0340,                /* 02B1  i8 L10 <- 3 */
    0x000802A0, 0x00010000,    /* 02B2  call base=L8 argc=2 nres=1 */
    0x00070841,                /* 02B4  move L7 <- L8 */
    0x0001074E,                /* 02B5  jnerr L7, +1 */
    0x00070003,                /* 02B6  lnil L7 */
    0x000601A0, 0x00010000,    /* 02B7  call base=L6 argc=1 nres=1 */
    0x00010641,                /* 02B9  move L1 <- L6 */
    0x000600AE, 0x00010000,    /* 02BA  iter L6 <- L1 */
    0x000200AF, 0x00060039,    /* 02BC  itnext L2 <- L6, done +57 */
    0x00150742,                /* 02BE  gget L7 <- g21   (node_kind) */
    0x00080241,                /* 02BF  move L8 <- L2 */
    0x000701A0, 0x00010000,    /* 02C0  call base=L7 argc=1 nres=1 */
    0x00120845,                /* 02C2  lsym L8 <- sym#18   ("static") */
    0x00090090, 0x00070008,    /* 02C3  ne L9 <- L7 != L8 */
    0x0001094B,                /* 02C5  jf L9, +1 */
    0xFFF5004F,                /* 02C6  jmp -11 */
    0x00020742,                /* 02C7  gget L7 <- g2   (_field) */
    0x00080241,                /* 02C8  move L8 <- L2 */
    0x00090340,                /* 02C9  i8 L9 <- 3 */
    0x000702A0, 0x00010000,    /* 02CA  call base=L7 argc=2 nres=1 */
    0x00030741,                /* 02CC  move L3 <- L7 */
    0x0001034E,                /* 02CD  jnerr L3, +1 */
    0x00030003,                /* 02CE  lnil L3 */
    0x00130746,                /* 02CF  lconst L7 <- static#19   ("nil") */
    0x00080097, 0x00030007,    /* 02D0  is L8 <- L3 is L7 */
    0x0001084B,                /* 02D2  jf L8, +1 */
    0xFFE8004F,                /* 02D3  jmp -24 */
    0x00020742,                /* 02D4  gget L7 <- g2   (_field) */
    0x00080241,                /* 02D5  move L8 <- L2 */
    0x00090140,                /* 02D6  i8 L9 <- 1 */
    0x000702A0, 0x00010000,    /* 02D7  call base=L7 argc=2 nres=1 */
    0x00040741,                /* 02D9  move L4 <- L7 */
    0x0001044E,                /* 02DA  jnerr L4, +1 */
    0x00040003,                /* 02DB  lnil L4 */
    0x001C0742,                /* 02DC  gget L7 <- g28   (store_expr) */
    0x00180842,                /* 02DD  gget L8 <- g24   (str) */
    0x00090041,                /* 02DE  move L9 <- L0 */
    0x000801A0, 0x00010000,    /* 02DF  call base=L8 argc=1 nres=1 */
    0x001B0946,                /* 02E1  lconst L9 <- static#27   ("::") */
    0x000A0085, 0x00080009,    /* 02E2  add L10 <- L8 + L9 */
    0x00180B42,                /* 02E4  gget L11 <- g24   (str) */
    0x000C0441,                /* 02E5  move L12 <- L4 */
    0x000B01A0, 0x00010000,    /* 02E6  call base=L11 argc=1 nres=1 */
    0x000C0085, 0x000A000B,    /* 02E8  add L12 <- L10 + L11 */
    0x00080C41,                /* 02EA  move L8 <- L12 */
    0x00090341,                /* 02EB  move L9 <- L3 */
    0x000A009A, 0x80010016,    /* 02EC  getattr L10 <- P1.sym#22   ("init_ctx") */
    0x000703A0, 0x00010000,    /* 02EE  call base=L7 argc=3 nres=1 */
    0x00050741,                /* 02F0  move L5 <- L7 */
    0x00090746,                /* 02F1  lconst L7 <- static#9   ("error") */
    0x00080097, 0x00050007,    /* 02F2  is L8 <- L5 is L7 */
    0x0001084B,                /* 02F4  jf L8, +1 */
    0x00050102,                /* 02F5  return L5 count=1 */
    0xFFC5004F,                /* 02F6  jmp -59 */
    0x00060003,                /* 02F7  lnil L6 */
    0x00060102,                /* 02F8  return L6 count=1 */
    0x00190142,                /* 02F9  gget L1 <- g25   (len) */
    0x00028041,                /* 02FA  move L2 <- P0 */
    0x000101A0, 0x00010000,    /* 02FB  call base=L1 argc=1 nres=1 */
    0x00020040,                /* 02FD  i8 L2 <- 0 */
    0x0003008F, 0x00010002,    /* 02FE  eq L3 <- L1 == L2 */
    0x000E034B,                /* 0300  jf L3, +14 */
    0x00018241,                /* 0301  move L1 <- P2 */
    0x00028141,                /* 0302  move L2 <- P1 */
    0x000101A2, 0x00060001,    /* 0303  msg base=L1 argc=1 msg#6 nres=1   (name_slot) */
    0x00000141,                /* 0305  move L0 <- L1 */
    0x00090146,                /* 0306  lconst L1 <- static#9   ("error") */
    0x00020097, 0x00000001,    /* 0307  is L2 <- L0 is L1 */
    0x0001024B,                /* 0309  jf L2, +1 */
    0x00000102,                /* 030A  return L0 count=1 */
    0x00018041,                /* 030B  move L1 <- P0 */
    0x00020041,                /* 030C  move L2 <- L0 */
    0x000101A2, 0x00010001,    /* 030D  msg base=L1 argc=1 msg#1 nres=1   (append) */
    0x00018041,                /* 030F  move L1 <- P0 */
    0x00010102,                /* 0310  return L1 count=1 */
    0x00130146,                /* 0311  lconst L1 <- static#19   ("nil") */
    0x00020097, 0x80000001,    /* 0312  is L2 <- P0 is L1 */
    0x0002024B,                /* 0314  jf L2, +2 */
    0x00010003,                /* 0315  lnil L1 */
    0x00010102,                /* 0316  return L1 count=1 */
    0x00140142,                /* 0317  gget L1 <- g20   (car) */
    0x00028041,                /* 0318  move L2 <- P0 */
    0x000101A0, 0x00010000,    /* 0319  call base=L1 argc=1 nres=1 */
    0x00000141,                /* 031B  move L0 <- L1 */
    0x000A0146,                /* 031C  lconst L1 <- static#10   ("sym") */
    0x00020097, 0x00000001,    /* 031D  is L2 <- L0 is L1 */
    0x0003024A,                /* 031F  not L3 <- L2 */
    0x0016034B,                /* 0320  jf L3, +22 */
    0x00120142,                /* 0321  gget L1 <- g18   (error) */
    0x00150246,                /* 0322  lconst L2 <- static#21   ("class ") */
    0x00180342,                /* 0323  gget L3 <- g24   (str) */
    0x00020542,                /* 0324  gget L5 <- g2   (_field) */
    0x00068141,                /* 0325  move L6 <- P1 */
    0x00070140,                /* 0326  i8 L7 <- 1 */
    0x000502A0, 0x00010000,    /* 0327  call base=L5 argc=2 nres=1 */
    0x00040541,                /* 0329  move L4 <- L5 */
    0x0001044E,                /* 032A  jnerr L4, +1 */
    0x00040003,                /* 032B  lnil L4 */
    0x000301A0, 0x00010000,    /* 032C  call base=L3 argc=1 nres=1 */
    0x00040085, 0x00020003,    /* 032E  add L4 <- L2 + L3 */
    0x001C0546,                /* 0330  lconst L5 <- static#28   (": a base class must be a name") */
    0x00060085, 0x00040005,    /* 0331  add L6 <- L4 + L5 */
    0x00020641,                /* 0333  move L2 <- L6 */
    0x000101A0, 0x00010000,    /* 0334  call base=L1 argc=1 nres=1 */
    0x00010102,                /* 0336  return L1 count=1 */
    0x00018241,                /* 0337  move L1 <- P2 */
    0x00020041,                /* 0338  move L2 <- L0 */
    0x000101A2, 0x00060001,    /* 0339  msg base=L1 argc=1 msg#6 nres=1   (name_slot) */
    0x00010102,                /* 033B  return L1 count=1 */
    0x00130146,                /* 033C  lconst L1 <- static#19   ("nil") */
    0x00020097, 0x80000001,    /* 033D  is L2 <- P0 is L1 */
    0x0002024B,                /* 033F  jf L2, +2 */
    0x00010003,                /* 0340  lnil L1 */
    0x00010102,                /* 0341  return L1 count=1 */
    0x00140142,                /* 0342  gget L1 <- g20   (car) */
    0x00028041,                /* 0343  move L2 <- P0 */
    0x000101A0, 0x00010000,    /* 0344  call base=L1 argc=1 nres=1 */
    0x00000141,                /* 0346  move L0 <- L1 */
    0x000A0146,                /* 0347  lconst L1 <- static#10   ("sym") */
    0x00020097, 0x00000001,    /* 0348  is L2 <- L0 is L1 */
    0x0003024A,                /* 034A  not L3 <- L2 */
    0x0005034B,                /* 034B  jf L3, +5 */
    0x00120142,                /* 034C  gget L1 <- g18   (error) */
    0x001D0246,                /* 034D  lconst L2 <- static#29   ("a base class must be a name") */
    0x000101A0, 0x00010000,    /* 034E  call base=L1 argc=1 nres=1 */
    0x00010102,                /* 0350  return L1 count=1 */
    0x00180142,                /* 0351  gget L1 <- g24   (str) */
    0x00020041,                /* 0352  move L2 <- L0 */
    0x000101A0, 0x00010000,    /* 0353  call base=L1 argc=1 nres=1 */
    0x00010102,                /* 0355  return L1 count=1 */
    0x00000003,                /* 0356  lnil L0 */
    0x00020C42,                /* 0357  gget L12 <- g2   (_field) */
    0x000D8041,                /* 0358  move L13 <- P0 */
    0x000E0340,                /* 0359  i8 L14 <- 3 */
    0x000C02A0, 0x00010000,    /* 035A  call base=L12 argc=2 nres=1 */
    0x00010C41,                /* 035C  move L1 <- L12 */
    0x0001014E,                /* 035D  jnerr L1, +1 */
    0x00010003,                /* 035E  lnil L1 */
    0x00130C46,                /* 035F  lconst L12 <- static#19   ("nil") */
    0x000D0097, 0x0001000C,    /* 0360  is L13 <- L1 is L12 */
    0x000E0D4A,                /* 0362  not L14 <- L13 */
    0x002C0E4B,                /* 0363  jf L14, +44 */
    0x00030C42,                /* 0364  gget L12 <- g3   (_constant_value) */
    0x000D0141,                /* 0365  move L13 <- L1 */
    0x000C01A0, 0x00010000,    /* 0366  call base=L12 argc=1 nres=1 */
    0x00060C41,                /* 0368  move L6 <- L12 */
    0x00090C46,                /* 0369  lconst L12 <- static#9   ("error") */
    0x000D0097, 0x0006000C,    /* 036A  is L13 <- L6 is L12 */
    0x00170D4B,                /* 036C  jf L13, +23 */
    0x00020C42,                /* 036D  gget L12 <- g2   (_field) */
    0x000D8041,                /* 036E  move L13 <- P0 */
    0x000E0140,                /* 036F  i8 L14 <- 1 */
    0x000C02A0, 0x00010000,    /* 0370  call base=L12 argc=2 nres=1 */
    0x00080C41,                /* 0372  move L8 <- L12 */
    0x0001084E,                /* 0373  jnerr L8, +1 */
    0x00080003,                /* 0374  lnil L8 */
    0x00120C42,                /* 0375  gget L12 <- g18   (error) */
    0x001E0D46,                /* 0376  lconst L13 <- static#30   ("slot ") */
    0x00180E42,                /* 0377  gget L14 <- g24   (str) */
    0x000F0841,                /* 0378  move L15 <- L8 */
    0x000E01A0, 0x00010000,    /* 0379  call base=L14 argc=1 nres=1 */
    0x000F0085, 0x000D000E,    /* 037B  add L15 <- L13 + L14 */
    0x001F1046,                /* 037D  lconst L16 <- static#31   (": a default must be a constant") */
    0x00110085, 0x000F0010,    /* 037E  add L17 <- L15 + L16 */
    0x000D1141,                /* 0380  move L13 <- L17 */
    0x000C01A0, 0x00010000,    /* 0381  call base=L12 argc=1 nres=1 */
    0x000C0102,                /* 0383  return L12 count=1 */
    0x000C009A, 0x80020009,    /* 0384  getattr L12 <- P2.sym#9   ("image") */
    0x000D0641,                /* 0386  move L13 <- L6 */
    0x000C01A2, 0x00070001,    /* 0387  msg base=L12 argc=1 msg#7 nres=1   (add_static) */
    0x00070C41,                /* 0389  move L7 <- L12 */
    0x00090C46,                /* 038A  lconst L12 <- static#9   ("error") */
    0x000D0097, 0x0007000C,    /* 038B  is L13 <- L7 is L12 */
    0x00010D4B,                /* 038D  jf L13, +1 */
    0x00070102,                /* 038E  return L7 count=1 */
    0x00000741,                /* 038F  move L0 <- L7 */
    0x00020003,                /* 0390  lnil L2 */
    0x00030003,                /* 0391  lnil L3 */
    0x00020C42,                /* 0392  gget L12 <- g2   (_field) */
    0x000D8041,                /* 0393  move L13 <- P0 */
    0x000E0440,                /* 0394  i8 L14 <- 4 */
    0x000C02A0, 0x00010000,    /* 0395  call base=L12 argc=2 nres=1 */
    0x00040C41,                /* 0397  move L4 <- L12 */
    0x0001044E,                /* 0398  jnerr L4, +1 */
    0x00040003,                /* 0399  lnil L4 */
    0x00130C46,                /* 039A  lconst L12 <- static#19   ("nil") */
    0x000D0097, 0x0004000C,    /* 039B  is L13 <- L4 is L12 */
    0x000E0D4A,                /* 039D  not L14 <- L13 */
    0x002E0E4B,                /* 039E  jf L14, +46 */
    0x00090441,                /* 039F  move L9 <- L4 */
    0x00070C46,                /* 03A0  lconst L12 <- static#7   ("pair") */
    0x000D0097, 0x0009000C,    /* 03A1  is L13 <- L9 is L12 */
    0x00290D4B,                /* 03A3  jf L13, +41 */
    0x000D0C42,                /* 03A4  gget L12 <- g13   (_accessor) */
    0x00140D42,                /* 03A5  gget L13 <- g20   (car) */
    0x000E0941,                /* 03A6  move L14 <- L9 */
    0x000D01A0, 0x00010000,    /* 03A7  call base=L13 argc=1 nres=1 */
    0x000E8041,                /* 03A9  move L14 <- P0 */
    0x000F8141,                /* 03AA  move L15 <- P1 */
    0x00108241,                /* 03AB  move L16 <- P2 */
    0x00118341,                /* 03AC  move L17 <- P3 */
    0x000C05A0, 0x00010000,    /* 03AD  call base=L12 argc=5 nres=1 */
    0x000A0C41,                /* 03AF  move L10 <- L12 */
    0x00090C46,                /* 03B0  lconst L12 <- static#9   ("error") */
    0x000D0097, 0x000A000C,    /* 03B1  is L13 <- L10 is L12 */
    0x00010D4B,                /* 03B3  jf L13, +1 */
    0x000A0102,                /* 03B4  return L10 count=1 */
    0x00020C42,                /* 03B5  gget L12 <- g2   (_field) */
    0x00140D42,                /* 03B6  gget L13 <- g20   (car) */
    0x000E0941,                /* 03B7  move L14 <- L9 */
    0x000D01A0, 0x00010000,    /* 03B8  call base=L13 argc=1 nres=1 */
    0x000E0140,                /* 03BA  i8 L14 <- 1 */
    0x000C02A0, 0x00010000,    /* 03BB  call base=L12 argc=2 nres=1 */
    0x000B0C41,                /* 03BD  move L11 <- L12 */
    0x00010B4E,                /* 03BE  jnerr L11, +1 */
    0x000B0003,                /* 03BF  lnil L11 */
    0x001D0C45,                /* 03C0  lsym L12 <- sym#29   ("getter") */
    0x000D008F, 0x000B000C,    /* 03C1  eq L13 <- L11 == L12 */
    0x00020D4B,                /* 03C3  jf L13, +2 */
    0x00020A41,                /* 03C4  move L2 <- L10 */
    0x0001004F,                /* 03C5  jmp +1 */
    0x00030A41,                /* 03C6  move L3 <- L10 */
    0x00130C42,                /* 03C7  gget L12 <- g19   (cdr) */
    0x000D0941,                /* 03C8  move L13 <- L9 */
    0x000C01A0, 0x00010000,    /* 03C9  call base=L12 argc=1 nres=1 */
    0x00090C41,                /* 03CB  move L9 <- L12 */
    0xFFD3004F,                /* 03CC  jmp -45 */
    0x00020C42,                /* 03CD  gget L12 <- g2   (_field) */
    0x000D8041,                /* 03CE  move L13 <- P0 */
    0x000E0140,                /* 03CF  i8 L14 <- 1 */
    0x000C02A0, 0x00010000,    /* 03D0  call base=L12 argc=2 nres=1 */
    0x00050C41,                /* 03D2  move L5 <- L12 */
    0x0001054E,                /* 03D3  jnerr L5, +1 */
    0x00050003,                /* 03D4  lnil L5 */
    0x001D0C42,                /* 03D5  gget L12 <- g29   (make_class_slot) */
    0x00180D42,                /* 03D6  gget L13 <- g24   (str) */
    0x000E0541,                /* 03D7  move L14 <- L5 */
    0x000D01A0, 0x00010000,    /* 03D8  call base=L13 argc=1 nres=1 */
    0x000E0041,                /* 03DA  move L14 <- L0 */
    0x000F0241,                /* 03DB  move L15 <- L2 */
    0x00100341,                /* 03DC  move L16 <- L3 */
    0x000C04A0, 0x00010000,    /* 03DD  call base=L12 argc=4 nres=1 */
    0x000C0102,                /* 03DF  return L12 count=1 */
    0x00020942,                /* 03E0  gget L9 <- g2   (_field) */
    0x000A8041,                /* 03E1  move L10 <- P0 */
    0x000B0240,                /* 03E2  i8 L11 <- 2 */
    0x000902A0, 0x00010000,    /* 03E3  call base=L9 argc=2 nres=1 */
    0x00000941,                /* 03E5  move L0 <- L9 */
    0x0001004E,                /* 03E6  jnerr L0, +1 */
    0x00000003,                /* 03E7  lnil L0 */
    0x001E0945,                /* 03E8  lsym L9 <- sym#30   ("undefined") */
    0x000A008F, 0x00000009,    /* 03E9  eq L10 <- L0 == L9 */
    0x00020A4B,                /* 03EB  jf L10, +2 */
    0x00090003,                /* 03EC  lnil L9 */
    0x00090102,                /* 03ED  return L9 count=1 */
    0x00150942,                /* 03EE  gget L9 <- g21   (node_kind) */
    0x000A0041,                /* 03EF  move L10 <- L0 */
    0x000901A0, 0x00010000,    /* 03F0  call base=L9 argc=1 nres=1 */
    0x001F0A45,                /* 03F2  lsym L10 <- sym#31   ("lambda") */
    0x000B0090, 0x0009000A,    /* 03F3  ne L11 <- L9 != L10 */
    0x00280B4B,                /* 03F5  jf L11, +40 */
    0x00020942,                /* 03F6  gget L9 <- g2   (_field) */
    0x000A8141,                /* 03F7  move L10 <- P1 */
    0x000B0140,                /* 03F8  i8 L11 <- 1 */
    0x000902A0, 0x00010000,    /* 03F9  call base=L9 argc=2 nres=1 */
    0x00070941,                /* 03FB  move L7 <- L9 */
    0x0001074E,                /* 03FC  jnerr L7, +1 */
    0x00070003,                /* 03FD  lnil L7 */
    0x00020942,                /* 03FE  gget L9 <- g2   (_field) */
    0x000A8041,                /* 03FF  move L10 <- P0 */
    0x000B0140,                /* 0400  i8 L11 <- 1 */
    0x000902A0, 0x00010000,    /* 0401  call base=L9 argc=2 nres=1 */
    0x00080941,                /* 0403  move L8 <- L9 */
    0x0001084E,                /* 0404  jnerr L8, +1 */
    0x00080003,                /* 0405  lnil L8 */
    0x00120942,                /* 0406  gget L9 <- g18   (error) */
    0x001E0A46,                /* 0407  lconst L10 <- static#30   ("slot ") */
    0x00180B42,                /* 0408  gget L11 <- g24   (str) */
    0x000C0741,                /* 0409  move L12 <- L7 */
    0x000B01A0, 0x00010000,    /* 040A  call base=L11 argc=1 nres=1 */
    0x000C0085, 0x000A000B,    /* 040C  add L12 <- L10 + L11 */
    0x00200D46,                /* 040E  lconst L13 <- static#32   (": a ") */
    0x000E0085, 0x000C000D,    /* 040F  add L14 <- L12 + L13 */
    0x00180F42,                /* 0411  gget L15 <- g24   (str) */
    0x00100841,                /* 0412  move L16 <- L8 */
    0x000F01A0, 0x00010000,    /* 0413  call base=L15 argc=1 nres=1 */
    0x00100085, 0x000E000F,    /* 0415  add L16 <- L14 + L15 */
    0x00211146,                /* 0417  lconst L17 <- static#33   (" must be written as a function literal") */
    0x00120085, 0x00100011,    /* 0418  add L18 <- L16 + L17 */
    0x000A1241,                /* 041A  move L10 <- L18 */
    0x000901A0, 0x00010000,    /* 041B  call base=L9 argc=1 nres=1 */
    0x00090102,                /* 041D  return L9 count=1 */
    0x001E0942,                /* 041E  gget L9 <- g30   (boundary_params) */
    0x000A0041,                /* 041F  move L10 <- L0 */
    0x000901A0, 0x00010000,    /* 0420  call base=L9 argc=1 nres=1 */
    0x00010941,                /* 0422  move L1 <- L9 */
    0x001F0942,                /* 0423  gget L9 <- g31   (boundary_body) */
    0x000A0041,                /* 0424  move L10 <- L0 */
    0x000901A0, 0x00010000,    /* 0425  call base=L9 argc=1 nres=1 */
    0x00020941,                /* 0427  move L2 <- L9 */
    0x00020942,                /* 0428  gget L9 <- g2   (_field) */
    0x000A8141,                /* 0429  move L10 <- P1 */
    0x000B0140,                /* 042A  i8 L11 <- 1 */
    0x000902A0, 0x00010000,    /* 042B  call base=L9 argc=2 nres=1 */
    0x00030941,                /* 042D  move L3 <- L9 */
    0x0001034E,                /* 042E  jnerr L3, +1 */
    0x00030003,                /* 042F  lnil L3 */
    0x00020942,                /* 0430  gget L9 <- g2   (_field) */
    0x000A8041,                /* 0431  move L10 <- P0 */
    0x000B0140,                /* 0432  i8 L11 <- 1 */
    0x000902A0, 0x00010000,    /* 0433  call base=L9 argc=2 nres=1 */
    0x00040941,                /* 0435  move L4 <- L9 */
    0x0001044E,                /* 0436  jnerr L4, +1 */
    0x00040003,                /* 0437  lnil L4 */
    0x00090942,                /* 0438  gget L9 <- g9   (_dispatch) */
    0x000A8441,                /* 0439  move L10 <- P4 */
    0x000B8241,                /* 043A  move L11 <- P2 */
    0x000C8341,                /* 043B  move L12 <- P3 */
    0x000903A0, 0x00010000,    /* 043C  call base=L9 argc=3 nres=1 */
    0x00050941,                /* 043E  move L5 <- L9 */
    0x00090946,                /* 043F  lconst L9 <- static#9   ("error") */
    0x000A0097, 0x00050009,    /* 0440  is L10 <- L5 is L9 */
    0x00010A4B,                /* 0442  jf L10, +1 */
    0x00050102,                /* 0443  return L5 count=1 */
    0x00200942,                /* 0444  gget L9 <- g32   (compile_callable) */
    0x000A8341,                /* 0445  move L10 <- P3 */
    0x00180B42,                /* 0446  gget L11 <- g24   (str) */
    0x000C8241,                /* 0447  move L12 <- P2 */
    0x000B01A0, 0x00010000,    /* 0448  call base=L11 argc=1 nres=1 */
    0x00220C46,                /* 044A  lconst L12 <- static#34   (".") */
    0x000D0085, 0x000B000C,    /* 044B  add L13 <- L11 + L12 */
    0x00180E42,                /* 044D  gget L14 <- g24   (str) */
    0x000F0341,                /* 044E  move L15 <- L3 */
    0x000E01A0, 0x00010000,    /* 044F  call base=L14 argc=1 nres=1 */
    0x000F0085, 0x000D000E,    /* 0451  add L15 <- L13 + L14 */
    0x00221046,                /* 0453  lconst L16 <- static#34   (".") */
    0x00110085, 0x000F0010,    /* 0454  add L17 <- L15 + L16 */
    0x00181242,                /* 0456  gget L18 <- g24   (str) */
    0x00130441,                /* 0457  move L19 <- L4 */
    0x001201A0, 0x00010000,    /* 0458  call base=L18 argc=1 nres=1 */
    0x00130085, 0x00110012,    /* 045A  add L19 <- L17 + L18 */
    0x000B1341,                /* 045C  move L11 <- L19 */
    0x000C0141,                /* 045D  move L12 <- L1 */
    0x000D0241,                /* 045E  move L13 <- L2 */
    0x000E0003,                /* 045F  lnil L14 */
    0x00110F42,                /* 0460  gget L15 <- g17   (FN_MESSAGE) */
    0x00100003,                /* 0461  lnil L16 */
    0x00110541,                /* 0462  move L17 <- L5 */
    0x00181242,                /* 0463  gget L18 <- g24   (str) */
    0x00138241,                /* 0464  move L19 <- P2 */
    0x001201A0, 0x00010000,    /* 0465  call base=L18 argc=1 nres=1 */
    0x000909A0, 0x00010000,    /* 0467  call base=L9 argc=9 nres=1 */
    0x00060941,                /* 0469  move L6 <- L9 */
    0x00090946,                /* 046A  lconst L9 <- static#9   ("error") */
    0x000A0097, 0x00060009,    /* 046B  is L10 <- L6 is L9 */
    0x00010A4B,                /* 046D  jf L10, +1 */
    0x00060102,                /* 046E  return L6 count=1 */
    0x00090040,                /* 046F  i8 L9 <- 0 */
    0x000A0098, 0x00060009,    /* 0470  getidx L10 <- L6[L9] */
    0x000A0102,                /* 0472  return L10 count=1 */
    0x00020742,                /* 0473  gget L7 <- g2   (_field) */
    0x00088041,                /* 0474  move L8 <- P0 */
    0x00090140,                /* 0475  i8 L9 <- 1 */
    0x000702A0, 0x00010000,    /* 0476  call base=L7 argc=2 nres=1 */
    0x00000741,                /* 0478  move L0 <- L7 */
    0x0001004E,                /* 0479  jnerr L0, +1 */
    0x00000003,                /* 047A  lnil L0 */
    0x00020742,                /* 047B  gget L7 <- g2   (_field) */
    0x00088041,                /* 047C  move L8 <- P0 */
    0x00090240,                /* 047D  i8 L9 <- 2 */
    0x000702A0, 0x00010000,    /* 047E  call base=L7 argc=2 nres=1 */
    0x00010741,                /* 0480  move L1 <- L7 */
    0x0001014E,                /* 0481  jnerr L1, +1 */
    0x00010003,                /* 0482  lnil L1 */
    0x00130746,                /* 0483  lconst L7 <- static#19   ("nil") */
    0x00080097, 0x00010007,    /* 0484  is L8 <- L1 is L7 */
    0x0009084A,                /* 0486  not L9 <- L8 */
    0x000F094B,                /* 0487  jf L9, +15 */
    0x00120742,                /* 0488  gget L7 <- g18   (error) */
    0x00230846,                /* 0489  lconst L8 <- static#35   ("method ") */
    0x00180942,                /* 048A  gget L9 <- g24   (str) */
    0x000A0041,                /* 048B  move L10 <- L0 */
    0x000901A0, 0x00010000,    /* 048C  call base=L9 argc=1 nres=1 */
    0x000A0085, 0x00080009,    /* 048E  add L10 <- L8 + L9 */
    0x00240B46,                /* 0490  lconst L11 <- static#36   (" may not also name a class target") */
    0x000C0085, 0x000A000B,    /* 0491  add L12 <- L10 + L11 */
    0x00080C41,                /* 0493  move L8 <- L12 */
    0x000701A0, 0x00010000,    /* 0494  call base=L7 argc=1 nres=1 */
    0x00070102,                /* 0496  return L7 count=1 */
    0x00110242,                /* 0497  gget L2 <- g17   (FN_MESSAGE) */
    0x00150742,                /* 0498  gget L7 <- g21   (node_kind) */
    0x00088041,                /* 0499  move L8 <- P0 */
    0x000701A0, 0x00010000,    /* 049A  call base=L7 argc=1 nres=1 */
    0x000F0845,                /* 049C  lsym L8 <- sym#15   ("co_def") */
    0x0009008F, 0x00070008,    /* 049D  eq L9 <- L7 == L8 */
    0x0003094B,                /* 049F  jf L9, +3 */
    0x00210742,                /* 04A0  gget L7 <- g33   (FN_COROUTINE) */
    0x0002008C, 0x00020007,    /* 04A1  bor L2 <- L2 | L7 */
    0x00020742,                /* 04A3  gget L7 <- g2   (_field) */
    0x00088041,                /* 04A4  move L8 <- P0 */
    0x00090340,                /* 04A5  i8 L9 <- 3 */
    0x000702A0, 0x00010000,    /* 04A6  call base=L7 argc=2 nres=1 */
    0x00030741,                /* 04A8  move L3 <- L7 */
    0x0001034E,                /* 04A9  jnerr L3, +1 */
    0x00030003,                /* 04AA  lnil L3 */
    0x00020742,                /* 04AB  gget L7 <- g2   (_field) */
    0x00088041,                /* 04AC  move L8 <- P0 */
    0x00090540,                /* 04AD  i8 L9 <- 5 */
    0x000702A0, 0x00010000,    /* 04AE  call base=L7 argc=2 nres=1 */
    0x00040741,                /* 04B0  move L4 <- L7 */
    0x0001044E,                /* 04B1  jnerr L4, +1 */
    0x00040003,                /* 04B2  lnil L4 */
    0x00090742,                /* 04B3  gget L7 <- g9   (_dispatch) */
    0x00088341,                /* 04B4  move L8 <- P3 */
    0x00098141,                /* 04B5  move L9 <- P1 */
    0x000A8241,                /* 04B6  move L10 <- P2 */
    0x000703A0, 0x00010000,    /* 04B7  call base=L7 argc=3 nres=1 */
    0x00050741,                /* 04B9  move L5 <- L7 */
    0x00090746,                /* 04BA  lconst L7 <- static#9   ("error") */
    0x00080097, 0x00050007,    /* 04BB  is L8 <- L5 is L7 */
    0x0001084B,                /* 04BD  jf L8, +1 */
    0x00050102,                /* 04BE  return L5 count=1 */
    0x00200742,                /* 04BF  gget L7 <- g32   (compile_callable) */
    0x00088241,                /* 04C0  move L8 <- P2 */
    0x00180942,                /* 04C1  gget L9 <- g24   (str) */
    0x000A0041,                /* 04C2  move L10 <- L0 */
    0x000901A0, 0x00010000,    /* 04C3  call base=L9 argc=1 nres=1 */
    0x00250A46,                /* 04C5  lconst L10 <- static#37   ("!") */
    0x000B0085, 0x0009000A,    /* 04C6  add L11 <- L9 + L10 */
    0x00090B41,                /* 04C8  move L9 <- L11 */
    0x000A0341,                /* 04C9  move L10 <- L3 */
    0x000B0441,                /* 04CA  move L11 <- L4 */
    0x000C0003,                /* 04CB  lnil L12 */
    0x000D0241,                /* 04CC  move L13 <- L2 */
    0x000E0003,                /* 04CD  lnil L14 */
    0x000F0541,                /* 04CE  move L15 <- L5 */
    0x00181042,                /* 04CF  gget L16 <- g24   (str) */
    0x00118141,                /* 04D0  move L17 <- P1 */
    0x001001A0, 0x00010000,    /* 04D1  call base=L16 argc=1 nres=1 */
    0x000709A0, 0x00010000,    /* 04D3  call base=L7 argc=9 nres=1 */
    0x00060741,                /* 04D5  move L6 <- L7 */
    0x00090746,                /* 04D6  lconst L7 <- static#9   ("error") */
    0x00080097, 0x00060007,    /* 04D7  is L8 <- L6 is L7 */
    0x0001084B,                /* 04D9  jf L8, +1 */
    0x00060102,                /* 04DA  return L6 count=1 */
    0x00070040,                /* 04DB  i8 L7 <- 0 */
    0x00080098, 0x00060007,    /* 04DC  getidx L8 <- L6[L7] */
    0x00080102,                /* 04DE  return L8 count=1 */
    0x00020342,                /* 04DF  gget L3 <- g2   (_field) */
    0x00048041,                /* 04E0  move L4 <- P0 */
    0x00050140,                /* 04E1  i8 L5 <- 1 */
    0x000302A0, 0x00010000,    /* 04E2  call base=L3 argc=2 nres=1 */
    0x00000341,                /* 04E4  move L0 <- L3 */
    0x0001004E,                /* 04E5  jnerr L0, +1 */
    0x00000003,                /* 04E6  lnil L0 */
    0x00180342,                /* 04E7  gget L3 <- g24   (str) */
    0x00048141,                /* 04E8  move L4 <- P1 */
    0x000301A0, 0x00010000,    /* 04E9  call base=L3 argc=1 nres=1 */
    0x001B0446,                /* 04EB  lconst L4 <- static#27   ("::") */
    0x00050085, 0x00030004,    /* 04EC  add L5 <- L3 + L4 */
    0x00180642,                /* 04EE  gget L6 <- g24   (str) */
    0x00070041,                /* 04EF  move L7 <- L0 */
    0x000601A0, 0x00010000,    /* 04F0  call base=L6 argc=1 nres=1 */
    0x00010085, 0x00050006,    /* 04F2  add L1 <- L5 + L6 */
    0x00038241,                /* 04F4  move L3 <- P2 */
    0x00040141,                /* 04F5  move L4 <- L1 */
    0x000301A2, 0x00080001,    /* 04F6  msg base=L3 argc=1 msg#8 nres=1   (declare_global) */
    0x00020341,                /* 04F8  move L2 <- L3 */
    0x00090346,                /* 04F9  lconst L3 <- static#9   ("error") */
    0x00040097, 0x00020003,    /* 04FA  is L4 <- L2 is L3 */
    0x0001044B,                /* 04FC  jf L4, +1 */
    0x00020102,                /* 04FD  return L2 count=1 */
    0x0003009A, 0x80020021,    /* 04FE  getattr L3 <- P2.sym#33   ("class_statics") */
    0x00040241,                /* 0500  move L4 <- L2 */
    0x00030099, 0x00010004,    /* 0501  setidx L3[L1] <- L4 */
    0x00180342,                /* 0503  gget L3 <- g24   (str) */
    0x00040041,                /* 0504  move L4 <- L0 */
    0x000301A0, 0x00010000,    /* 0505  call base=L3 argc=1 nres=1 */
    0x00040241,                /* 0507  move L4 <- L2 */
    0x00050282, 0x00030000,    /* 0508  list L5 <- L3, 2 items */
    0x00050102,                /* 050A  return L5 count=1 */
    0x00021942,                /* 050B  gget L25 <- g2   (_field) */
    0x001A8041,                /* 050C  move L26 <- P0 */
    0x001B0140,                /* 050D  i8 L27 <- 1 */
    0x001902A0, 0x00010000,    /* 050E  call base=L25 argc=2 nres=1 */
    0x00001941,                /* 0510  move L0 <- L25 */
    0x0001004E,                /* 0511  jnerr L0, +1 */
    0x00000003,                /* 0512  lnil L0 */
    0x00021942,                /* 0513  gget L25 <- g2   (_field) */
    0x001A8041,                /* 0514  move L26 <- P0 */
    0x001B0240,                /* 0515  i8 L27 <- 2 */
    0x001902A0, 0x00010000,    /* 0516  call base=L25 argc=2 nres=1 */
    0x00011941,                /* 0518  move L1 <- L25 */
    0x0001014E,                /* 0519  jnerr L1, +1 */
    0x00010003,                /* 051A  lnil L1 */
    0x00020082, 0x00190000,    /* 051B  list L2 <- L25, 0 items */
    0x00030082, 0x00190000,    /* 051D  list L3 <- L25, 0 items */
    0x00040141,                /* 051F  move L4 <- L1 */
    0x00071946,                /* 0520  lconst L25 <- static#7   ("pair") */
    0x001A0097, 0x00040019,    /* 0521  is L26 <- L4 is L25 */
    0x00341A4B,                /* 0523  jf L26, +52 */
    0x00141942,                /* 0524  gget L25 <- g20   (car) */
    0x001A0441,                /* 0525  move L26 <- L4 */
    0x001901A0, 0x00010000,    /* 0526  call base=L25 argc=1 nres=1 */
    0x00141941,                /* 0528  move L20 <- L25 */
    0x000A1946,                /* 0529  lconst L25 <- static#10   ("sym") */
    0x001A0097, 0x00140019,    /* 052A  is L26 <- L20 is L25 */
    0x001B1A4A,                /* 052C  not L27 <- L26 */
    0x000F1B4B,                /* 052D  jf L27, +15 */
    0x00121942,                /* 052E  gget L25 <- g18   (error) */
    0x00271A46,                /* 052F  lconst L26 <- static#39   ("fn [") */
    0x00181B42,                /* 0530  gget L27 <- g24   (str) */
    0x001C0041,                /* 0531  move L28 <- L0 */
    0x001B01A0, 0x00010000,    /* 0532  call base=L27 argc=1 nres=1 */
    0x001C0085, 0x001A001B,    /* 0534  add L28 <- L26 + L27 */
    0x00281D46,                /* 0536  lconst L29 <- static#40   ("]: a dispatch target must be a name") */
    0x001E0085, 0x001C001D,    /* 0537  add L30 <- L28 + L29 */
    0x001A1E41,                /* 0539  move L26 <- L30 */
    0x001901A0, 0x00010000,    /* 053A  call base=L25 argc=1 nres=1 */
    0x00190102,                /* 053C  return L25 count=1 */
    0x00198141,                /* 053D  move L25 <- P1 */
    0x001A1441,                /* 053E  move L26 <- L20 */
    0x001901A2, 0x00060001,    /* 053F  msg base=L25 argc=1 msg#6 nres=1   (name_slot) */
    0x00151941,                /* 0541  move L21 <- L25 */
    0x00091946,                /* 0542  lconst L25 <- static#9   ("error") */
    0x001A0097, 0x00150019,    /* 0543  is L26 <- L21 is L25 */
    0x00011A4B,                /* 0545  jf L26, +1 */
    0x00150102,                /* 0546  return L21 count=1 */
    0x00190241,                /* 0547  move L25 <- L2 */
    0x001A1541,                /* 0548  move L26 <- L21 */
    0x001901A2, 0x00010001,    /* 0549  msg base=L25 argc=1 msg#1 nres=1   (append) */
    0x00190341,                /* 054B  move L25 <- L3 */
    0x00181A42,                /* 054C  gget L26 <- g24   (str) */
    0x001B1441,                /* 054D  move L27 <- L20 */
    0x001A01A0, 0x00010000,    /* 054E  call base=L26 argc=1 nres=1 */
    0x001901A2, 0x00010001,    /* 0550  msg base=L25 argc=1 msg#1 nres=1   (append) */
    0x00131942,                /* 0552  gget L25 <- g19   (cdr) */
    0x001A0441,                /* 0553  move L26 <- L4 */
    0x001901A0, 0x00010000,    /* 0554  call base=L25 argc=1 nres=1 */
    0x00041941,                /* 0556  move L4 <- L25 */
    0xFFC8004F,                /* 0557  jmp -56 */
    0x00191942,                /* 0558  gget L25 <- g25   (len) */
    0x001A0241,                /* 0559  move L26 <- L2 */
    0x001901A0, 0x00010000,    /* 055A  call base=L25 argc=1 nres=1 */
    0x001A1040,                /* 055C  i8 L26 <- 16 */
    0x001B0093, 0x0019001A,    /* 055D  gt L27 <- L25 > L26 */
    0x00181B4B,                /* 055F  jf L27, +24 */
    0x00121942,                /* 0560  gget L25 <- g18   (error) */
    0x00181A42,                /* 0561  gget L26 <- g24   (str) */
    0x001B0041,                /* 0562  move L27 <- L0 */
    0x001A01A0, 0x00010000,    /* 0563  call base=L26 argc=1 nres=1 */
    0x00291B46,                /* 0565  lconst L27 <- static#41   (" dispatches on ") */
    0x001C0085, 0x001A001B,    /* 0566  add L28 <- L26 + L27 */
    0x00181D42,                /* 0568  gget L29 <- g24   (str) */
    0x00191E42,                /* 0569  gget L30 <- g25   (len) */
    0x001F0241,                /* 056A  move L31 <- L2 */
    0x001E01A0, 0x00010000,    /* 056B  call base=L30 argc=1 nres=1 */
    0x001D01A0, 0x00010000,    /* 056D  call base=L29 argc=1 nres=1 */
    0x001E0085, 0x001C001D,    /* 056F  add L30 <- L28 + L29 */
    0x002A1F46,                /* 0571  lconst L31 <- static#42   (" types, over the 16-value limit") */
    0x00200085, 0x001E001F,    /* 0572  add L32 <- L30 + L31 */
    0x001A2041,                /* 0574  move L26 <- L32 */
    0x001901A0, 0x00010000,    /* 0575  call base=L25 argc=1 nres=1 */
    0x00190102,                /* 0577  return L25 count=1 */
    0x00050003,                /* 0578  lnil L5 */
    0x00191942,                /* 0579  gget L25 <- g25   (len) */
    0x001A0341,                /* 057A  move L26 <- L3 */
    0x001901A0, 0x00010000,    /* 057B  call base=L25 argc=1 nres=1 */
    0x001A0140,                /* 057D  i8 L26 <- 1 */
    0x001B008F, 0x0019001A,    /* 057E  eq L27 <- L25 == L26 */
    0x000B1B4B,                /* 0580  jf L27, +11 */
    0x00198141,                /* 0581  move L25 <- P1 */
    0x001A0040,                /* 0582  i8 L26 <- 0 */
    0x001B0098, 0x0003001A,    /* 0583  getidx L27 <- L3[L26] */
    0x001A1B41,                /* 0585  move L26 <- L27 */
    0x001901A2, 0x00090001,    /* 0586  msg base=L25 argc=1 msg#9 nres=1   (is_local_class) */
    0x0003194B,                /* 0588  jf L25, +3 */
    0x00190040,                /* 0589  i8 L25 <- 0 */
    0x00050098, 0x00030019,    /* 058A  getidx L5 <- L3[L25] */
    0x00110642,                /* 058C  gget L6 <- g17   (FN_MESSAGE) */
    0x00151942,                /* 058D  gget L25 <- g21   (node_kind) */
    0x001A8041,                /* 058E  move L26 <- P0 */
    0x001901A0, 0x00010000,    /* 058F  call base=L25 argc=1 nres=1 */
    0x000F1A45,                /* 0591  lsym L26 <- sym#15   ("co_def") */
    0x001B008F, 0x0019001A,    /* 0592  eq L27 <- L25 == L26 */
    0x00031B4B,                /* 0594  jf L27, +3 */
    0x00211942,                /* 0595  gget L25 <- g33   (FN_COROUTINE) */
    0x0006008C, 0x00060019,    /* 0596  bor L6 <- L6 | L25 */
    0x00021942,                /* 0598  gget L25 <- g2   (_field) */
    0x001A8041,                /* 0599  move L26 <- P0 */
    0x001B0340,                /* 059A  i8 L27 <- 3 */
    0x001902A0, 0x00010000,    /* 059B  call base=L25 argc=2 nres=1 */
    0x00071941,                /* 059D  move L7 <- L25 */
    0x0001074E,                /* 059E  jnerr L7, +1 */
    0x00070003,                /* 059F  lnil L7 */
    0x00021942,                /* 05A0  gget L25 <- g2   (_field) */
    0x001A8041,                /* 05A1  move L26 <- P0 */
    0x001B0540,                /* 05A2  i8 L27 <- 5 */
    0x001902A0, 0x00010000,    /* 05A3  call base=L25 argc=2 nres=1 */
    0x00081941,                /* 05A5  move L8 <- L25 */
    0x0001084E,                /* 05A6  jnerr L8, +1 */
    0x00080003,                /* 05A7  lnil L8 */
    0x00201942,                /* 05A8  gget L25 <- g32   (compile_callable) */
    0x001A8141,                /* 05A9  move L26 <- P1 */
    0x00181B42,                /* 05AA  gget L27 <- g24   (str) */
    0x001C0041,                /* 05AB  move L28 <- L0 */
    0x001B01A0, 0x00010000,    /* 05AC  call base=L27 argc=1 nres=1 */
    0x00251C46,                /* 05AE  lconst L28 <- static#37   ("!") */
    0x001D0085, 0x001B001C,    /* 05AF  add L29 <- L27 + L28 */
    0x001B1D41,                /* 05B1  move L27 <- L29 */
    0x001C0741,                /* 05B2  move L28 <- L7 */
    0x001D0841,                /* 05B3  move L29 <- L8 */
    0x001E0003,                /* 05B4  lnil L30 */
    0x001F0641,                /* 05B5  move L31 <- L6 */
    0x00200003,                /* 05B6  lnil L32 */
    0x00210241,                /* 05B7  move L33 <- L2 */
    0x00220541,                /* 05B8  move L34 <- L5 */
    0x00238241,                /* 05B9  move L35 <- P2 */
    0x00190AA0, 0x00010000,    /* 05BA  call base=L25 argc=10 nres=1 */
    0x00091941,                /* 05BC  move L9 <- L25 */
    0x00091946,                /* 05BD  lconst L25 <- static#9   ("error") */
    0x001A0097, 0x00090019,    /* 05BE  is L26 <- L9 is L25 */
    0x00011A4B,                /* 05C0  jf L26, +1 */
    0x00090102,                /* 05C1  return L9 count=1 */
    0x00190040,                /* 05C2  i8 L25 <- 0 */
    0x000A0098, 0x00090019,    /* 05C3  getidx L10 <- L9[L25] */
    0x00198141,                /* 05C5  move L25 <- P1 */
    0x00181A42,                /* 05C6  gget L26 <- g24   (str) */
    0x001B0041,                /* 05C7  move L27 <- L0 */
    0x001A01A0, 0x00010000,    /* 05C8  call base=L26 argc=1 nres=1 */
    0x001B0182, 0x001A0000,    /* 05CA  list L27 <- L26, 1 items */
    0x001A1B41,                /* 05CC  move L26 <- L27 */
    0x001901A2, 0x000A0001,    /* 05CD  msg base=L25 argc=1 msg#10 nres=1   (reference) */
    0x000B1941,                /* 05CF  move L11 <- L25 */
    0x00091946,                /* 05D0  lconst L25 <- static#9   ("error") */
    0x001A0097, 0x000B0019,    /* 05D1  is L26 <- L11 is L25 */
    0x00011A4B,                /* 05D3  jf L26, +1 */
    0x000B0102,                /* 05D4  return L11 count=1 */
    0x000C009A, 0x80010016,    /* 05D5  getattr L12 <- P1.sym#22   ("init_ctx") */
    0x00190C41,                /* 05D7  move L25 <- L12 */
    0x001900A2, 0x000B0001,    /* 05D8  msg base=L25 argc=0 msg#11 nres=1   (mark) */
    0x000D1941,                /* 05DA  move L13 <- L25 */
    0x00190C41,                /* 05DB  move L25 <- L12 */
    0x001900A2, 0x00040001,    /* 05DC  msg base=L25 argc=0 msg#4 nres=1   (push) */
    0x000E1941,                /* 05DE  move L14 <- L25 */
    0x00091946,                /* 05DF  lconst L25 <- static#9   ("error") */
    0x001A0097, 0x000E0019,    /* 05E0  is L26 <- L14 is L25 */
    0x00011A4B,                /* 05E2  jf L26, +1 */
    0x000E0102,                /* 05E3  return L14 count=1 */
    0x00041942,                /* 05E4  gget L25 <- g4   (_emit_pack) */
    0x001C0C41,                /* 05E5  move L28 <- L12 */
    0x00251D45,                /* 05E6  lsym L29 <- sym#37   ("closure") */
    0x001E0281, 0x001C0000,    /* 05E7  tuple L30 <- L28, 2 items */
    0x001A1E41,                /* 05E9  move L26 <- L30 */
    0x000F1C46,                /* 05EA  lconst L28 <- static#15   ("a0") */
    0x001D0E41,                /* 05EB  move L29 <- L14 */
    0x00101E46,                /* 05EC  lconst L30 <- static#16   ("a1") */
    0x001F0A41,                /* 05ED  move L31 <- L10 */
    0x00112046,                /* 05EE  lconst L32 <- static#17   ("a2") */
    0x00210040,                /* 05EF  i8 L33 <- 0 */
    0x000E2246,                /* 05F0  lconst L34 <- static#14   ("f") */
    0x00230040,                /* 05F1  i8 L35 <- 0 */
    0x00240483, 0x001C0000,    /* 05F2  dict L36 <- L28, 4 pairs */
    0x001B2441,                /* 05F4  move L27 <- L36 */
    0x001900A1, 0x00010000,    /* 05F5  call_va base=L25 nres=1 */
    0x000F1941,                /* 05F7  move L15 <- L25 */
    0x00091946,                /* 05F8  lconst L25 <- static#9   ("error") */
    0x001A0097, 0x000F0019,    /* 05F9  is L26 <- L15 is L25 */
    0x00011A4B,                /* 05FB  jf L26, +1 */
    0x000F0102,                /* 05FC  return L15 count=1 */
    0x00190C41,                /* 05FD  move L25 <- L12 */
    0x001900A2, 0x000B0001,    /* 05FE  msg base=L25 argc=0 msg#11 nres=1   (mark) */
    0x00101941,                /* 0600  move L16 <- L25 */
    0x001900AE, 0x00020000,    /* 0601  iter L25 <- L2 */
    0x001600AF, 0x00190017,    /* 0603  itnext L22 <- L25, done +23 */
    0x001A0C41,                /* 0605  move L26 <- L12 */
    0x001A00A2, 0x00040001,    /* 0606  msg base=L26 argc=0 msg#4 nres=1   (push) */
    0x00171A41,                /* 0608  move L23 <- L26 */
    0x00091A46,                /* 0609  lconst L26 <- static#9   ("error") */
    0x001B0097, 0x0017001A,    /* 060A  is L27 <- L23 is L26 */
    0x00011B4B,                /* 060C  jf L27, +1 */
    0x00170102,                /* 060D  return L23 count=1 */
    0x00051A42,                /* 060E  gget L26 <- g5   (_emit_pairable) */
    0x001B0C41,                /* 060F  move L27 <- L12 */
    0x00261C45,                /* 0610  lsym L28 <- sym#38   ("gget") */
    0x001D1641,                /* 0611  move L29 <- L22 */
    0x001E1741,                /* 0612  move L30 <- L23 */
    0x001A04A0, 0x00010000,    /* 0613  call base=L26 argc=4 nres=1 */
    0x00181A41,                /* 0615  move L24 <- L26 */
    0x00091A46,                /* 0616  lconst L26 <- static#9   ("error") */
    0x001B0097, 0x0018001A,    /* 0617  is L27 <- L24 is L26 */
    0x00011B4B,                /* 0619  jf L27, +1 */
    0x00180102,                /* 061A  return L24 count=1 */
    0xFFE7004F,                /* 061B  jmp -25 */
    0x00190C41,                /* 061C  move L25 <- L12 */
    0x001900A2, 0x00040001,    /* 061D  msg base=L25 argc=0 msg#4 nres=1   (push) */
    0x00111941,                /* 061F  move L17 <- L25 */
    0x00091946,                /* 0620  lconst L25 <- static#9   ("error") */
    0x001A0097, 0x00110019,    /* 0621  is L26 <- L17 is L25 */
    0x00011A4B,                /* 0623  jf L26, +1 */
    0x00110102,                /* 0624  return L17 count=1 */
    0x00041942,                /* 0625  gget L25 <- g4   (_emit_pack) */
    0x001C0C41,                /* 0626  move L28 <- L12 */
    0x00271D45,                /* 0627  lsym L29 <- sym#39   ("tuple") */
    0x001E0281, 0x001C0000,    /* 0628  tuple L30 <- L28, 2 items */
    0x001A1E41,                /* 062A  move L26 <- L30 */
    0x000E1C46,                /* 062B  lconst L28 <- static#14   ("f") */
    0x00191D42,                /* 062C  gget L29 <- g25   (len) */
    0x001E0241,                /* 062D  move L30 <- L2 */
    0x001D01A0, 0x00010000,    /* 062E  call base=L29 argc=1 nres=1 */
    0x000F1E46,                /* 0630  lconst L30 <- static#15   ("a0") */
    0x001F1141,                /* 0631  move L31 <- L17 */
    0x00102046,                /* 0632  lconst L32 <- static#16   ("a1") */
    0x00222142,                /* 0633  gget L33 <- g34   (L) */
    0x00221041,                /* 0634  move L34 <- L16 */
    0x002101A0, 0x00010000,    /* 0635  call base=L33 argc=1 nres=1 */
    0x00220383, 0x001C0000,    /* 0637  dict L34 <- L28, 3 pairs */
    0x001B2241,                /* 0639  move L27 <- L34 */
    0x001900A1, 0x00010000,    /* 063A  call_va base=L25 nres=1 */
    0x00121941,                /* 063C  move L18 <- L25 */
    0x00091946,                /* 063D  lconst L25 <- static#9   ("error") */
    0x001A0097, 0x00120019,    /* 063E  is L26 <- L18 is L25 */
    0x00011A4B,                /* 0640  jf L26, +1 */
    0x00120102,                /* 0641  return L18 count=1 */
    0x00041942,                /* 0642  gget L25 <- g4   (_emit_pack) */
    0x001C0C41,                /* 0643  move L28 <- L12 */
    0x00281D45,                /* 0644  lsym L29 <- sym#40   ("reg_msg") */
    0x001E0281, 0x001C0000,    /* 0645  tuple L30 <- L28, 2 items */
    0x001A1E41,                /* 0647  move L26 <- L30 */
    0x000F1C46,                /* 0648  lconst L28 <- static#15   ("a0") */
    0x001D0B41,                /* 0649  move L29 <- L11 */
    0x00101E46,                /* 064A  lconst L30 <- static#16   ("a1") */
    0x001F0E41,                /* 064B  move L31 <- L14 */
    0x00112046,                /* 064C  lconst L32 <- static#17   ("a2") */
    0x00211141,                /* 064D  move L33 <- L17 */
    0x00220383, 0x001C0000,    /* 064E  dict L34 <- L28, 3 pairs */
    0x001B2241,                /* 0650  move L27 <- L34 */
    0x001900A1, 0x00010000,    /* 0651  call_va base=L25 nres=1 */
    0x00131941,                /* 0653  move L19 <- L25 */
    0x00091946,                /* 0654  lconst L25 <- static#9   ("error") */
    0x001A0097, 0x00130019,    /* 0655  is L26 <- L19 is L25 */
    0x00011A4B,                /* 0657  jf L26, +1 */
    0x00130102,                /* 0658  return L19 count=1 */
    0x00190C41,                /* 0659  move L25 <- L12 */
    0x001A0D41,                /* 065A  move L26 <- L13 */
    0x001901A2, 0x000C0001,    /* 065B  msg base=L25 argc=1 msg#12 nres=1   (free_to) */
    0x00190102,                /* 065D  return L25 count=1 */
};

const wy_module_image classes_image = {
    .name = "classes",
    .sections = {
        [WY_SEC_HEADER] = { classes_header, sizeof classes_header },
        [WY_SEC_STATICS] = { classes_statics, sizeof classes_statics },
        [WY_SEC_SYMBOLS] = { classes_symbols, sizeof classes_symbols },
        [WY_SEC_FUNCTIONS] = { classes_functions, sizeof classes_functions },
        [WY_SEC_CLASSES] = { classes_classes, sizeof classes_classes },
        [WY_SEC_MESSAGES] = { classes_messages, sizeof classes_messages },
        [WY_SEC_CODE] = { (const uint8_t*) classes_code, sizeof classes_code },
        [WY_SEC_EXPORTS] = { classes_exports, sizeof classes_exports },
        [WY_SEC_FREE] = { classes_free, sizeof classes_free },
    },
};
