/* Generated from expressions by wypoc's bytecode compiler. */

#include <stdint.h>
#include "wyrm/image.h"

static const uint8_t expressions_header[] = {
    0x2D, 0x00, 0x00, 0x00, 0x02, 0x6E, 0x00, 0x0C, 0x00, 0x00, 0x00, 0x65,
    0x78, 0x70, 0x72, 0x65, 0x73, 0x73, 0x69, 0x6F, 0x6E, 0x73, 0x00, 0x10,
    0x76, 0x00, 0x01, 0x00, 0x00, 0x00, 0x10, 0x67, 0x00, 0x57, 0x00, 0x00,
    0x00, 0x10, 0x6C, 0x00, 0x27, 0x00, 0x00, 0x00, 0x00,
};

static const uint8_t expressions_statics[] = {
    0x37, 0x0A, 0x00, 0x00, 0x02, 0x30, 0x00, 0x04, 0x00, 0x00, 0x00, 0x73,
    0x74, 0x64, 0x00, 0x02, 0x31, 0x00, 0x0B, 0x00, 0x00, 0x00, 0x73, 0x74,
    0x64, 0x3A, 0x3A, 0x70, 0x61, 0x69, 0x72, 0x73, 0x00, 0x02, 0x32, 0x00,
    0x05, 0x00, 0x00, 0x00, 0x77, 0x79, 0x72, 0x6D, 0x00, 0x02, 0x33, 0x00,
    0x0E, 0x00, 0x00, 0x00, 0x77, 0x79, 0x72, 0x6D, 0x3A, 0x3A, 0x6F, 0x70,
    0x63, 0x6F, 0x64, 0x65, 0x73, 0x00, 0x02, 0x34, 0x00, 0x0F, 0x00, 0x00,
    0x00, 0x77, 0x79, 0x72, 0x6D, 0x3A, 0x3A, 0x63, 0x6F, 0x6D, 0x70, 0x69,
    0x6C, 0x65, 0x72, 0x00, 0x02, 0x35, 0x00, 0x18, 0x00, 0x00, 0x00, 0x77,
    0x79, 0x72, 0x6D, 0x3A, 0x3A, 0x63, 0x6F, 0x6D, 0x70, 0x69, 0x6C, 0x65,
    0x72, 0x3A, 0x3A, 0x63, 0x6F, 0x6E, 0x74, 0x65, 0x78, 0x74, 0x00, 0x02,
    0x36, 0x00, 0x19, 0x00, 0x00, 0x00, 0x77, 0x79, 0x72, 0x6D, 0x3A, 0x3A,
    0x63, 0x6F, 0x6D, 0x70, 0x69, 0x6C, 0x65, 0x72, 0x3A, 0x3A, 0x61, 0x6E,
    0x61, 0x6C, 0x79, 0x73, 0x69, 0x73, 0x00, 0x02, 0x37, 0x00, 0x19, 0x00,
    0x00, 0x00, 0x77, 0x79, 0x72, 0x6D, 0x3A, 0x3A, 0x63, 0x6F, 0x6D, 0x70,
    0x69, 0x6C, 0x65, 0x72, 0x3A, 0x3A, 0x68, 0x61, 0x6E, 0x64, 0x6C, 0x65,
    0x72, 0x73, 0x00, 0x02, 0x38, 0x00, 0x02, 0x00, 0x00, 0x00, 0x2B, 0x00,
    0x02, 0x39, 0x00, 0x02, 0x00, 0x00, 0x00, 0x2D, 0x00, 0x02, 0x31, 0x30,
    0x00, 0x02, 0x00, 0x00, 0x00, 0x2A, 0x00, 0x02, 0x31, 0x31, 0x00, 0x02,
    0x00, 0x00, 0x00, 0x2F, 0x00, 0x02, 0x31, 0x32, 0x00, 0x02, 0x00, 0x00,
    0x00, 0x25, 0x00, 0x02, 0x31, 0x33, 0x00, 0x03, 0x00, 0x00, 0x00, 0x2A,
    0x2A, 0x00, 0x02, 0x31, 0x34, 0x00, 0x02, 0x00, 0x00, 0x00, 0x26, 0x00,
    0x02, 0x31, 0x35, 0x00, 0x02, 0x00, 0x00, 0x00, 0x7C, 0x00, 0x02, 0x31,
    0x36, 0x00, 0x02, 0x00, 0x00, 0x00, 0x5E, 0x00, 0x02, 0x31, 0x37, 0x00,
    0x03, 0x00, 0x00, 0x00, 0x3C, 0x3C, 0x00, 0x02, 0x31, 0x38, 0x00, 0x03,
    0x00, 0x00, 0x00, 0x3E, 0x3E, 0x00, 0x02, 0x31, 0x39, 0x00, 0x03, 0x00,
    0x00, 0x00, 0x3D, 0x3D, 0x00, 0x02, 0x32, 0x30, 0x00, 0x03, 0x00, 0x00,
    0x00, 0x21, 0x3D, 0x00, 0x02, 0x32, 0x31, 0x00, 0x02, 0x00, 0x00, 0x00,
    0x3C, 0x00, 0x02, 0x32, 0x32, 0x00, 0x03, 0x00, 0x00, 0x00, 0x3C, 0x3D,
    0x00, 0x02, 0x32, 0x33, 0x00, 0x02, 0x00, 0x00, 0x00, 0x3E, 0x00, 0x02,
    0x32, 0x34, 0x00, 0x03, 0x00, 0x00, 0x00, 0x3E, 0x3D, 0x00, 0x02, 0x32,
    0x35, 0x00, 0x04, 0x00, 0x00, 0x00, 0x3C, 0x3D, 0x3E, 0x00, 0x02, 0x32,
    0x36, 0x00, 0x03, 0x00, 0x00, 0x00, 0x69, 0x6E, 0x00, 0x02, 0x32, 0x37,
    0x00, 0x04, 0x00, 0x00, 0x00, 0x6E, 0x69, 0x6C, 0x00, 0x02, 0x32, 0x38,
    0x00, 0x05, 0x00, 0x00, 0x00, 0x62, 0x6F, 0x6F, 0x6C, 0x00, 0x02, 0x32,
    0x39, 0x00, 0x04, 0x00, 0x00, 0x00, 0x69, 0x6E, 0x74, 0x00, 0x02, 0x33,
    0x30, 0x00, 0x05, 0x00, 0x00, 0x00, 0x75, 0x69, 0x6E, 0x74, 0x00, 0x02,
    0x33, 0x31, 0x00, 0x06, 0x00, 0x00, 0x00, 0x66, 0x6C, 0x6F, 0x61, 0x74,
    0x00, 0x02, 0x33, 0x32, 0x00, 0x04, 0x00, 0x00, 0x00, 0x73, 0x74, 0x72,
    0x00, 0x02, 0x33, 0x33, 0x00, 0x04, 0x00, 0x00, 0x00, 0x73, 0x79, 0x6D,
    0x00, 0x02, 0x33, 0x34, 0x00, 0x05, 0x00, 0x00, 0x00, 0x6C, 0x69, 0x73,
    0x74, 0x00, 0x02, 0x33, 0x35, 0x00, 0x06, 0x00, 0x00, 0x00, 0x74, 0x75,
    0x70, 0x6C, 0x65, 0x00, 0x02, 0x33, 0x36, 0x00, 0x05, 0x00, 0x00, 0x00,
    0x64, 0x69, 0x63, 0x74, 0x00, 0x02, 0x33, 0x37, 0x00, 0x06, 0x00, 0x00,
    0x00, 0x62, 0x79, 0x74, 0x65, 0x73, 0x00, 0x02, 0x33, 0x38, 0x00, 0x05,
    0x00, 0x00, 0x00, 0x70, 0x61, 0x69, 0x72, 0x00, 0x02, 0x33, 0x39, 0x00,
    0x06, 0x00, 0x00, 0x00, 0x65, 0x72, 0x72, 0x6F, 0x72, 0x00, 0x02, 0x34,
    0x30, 0x00, 0x13, 0x00, 0x00, 0x00, 0x69, 0x6E, 0x64, 0x65, 0x78, 0x20,
    0x6F, 0x75, 0x74, 0x20, 0x6F, 0x66, 0x20, 0x72, 0x61, 0x6E, 0x67, 0x65,
    0x00, 0x02, 0x34, 0x31, 0x00, 0x01, 0x00, 0x00, 0x00, 0x00, 0x02, 0x34,
    0x32, 0x00, 0x03, 0x00, 0x00, 0x00, 0x3A, 0x3A, 0x00, 0x10, 0x34, 0x33,
    0x00, 0x00, 0x00, 0x00, 0x00, 0x0A, 0x34, 0x34, 0x00, 0x02, 0x34, 0x35,
    0x00, 0x02, 0x00, 0x00, 0x00, 0x66, 0x00, 0x02, 0x34, 0x36, 0x00, 0x03,
    0x00, 0x00, 0x00, 0x61, 0x30, 0x00, 0x02, 0x34, 0x37, 0x00, 0x03, 0x00,
    0x00, 0x00, 0x61, 0x31, 0x00, 0x02, 0x34, 0x38, 0x00, 0x03, 0x00, 0x00,
    0x00, 0x61, 0x32, 0x00, 0x02, 0x34, 0x39, 0x00, 0x03, 0x00, 0x00, 0x00,
    0x77, 0x31, 0x00, 0x02, 0x35, 0x30, 0x00, 0x11, 0x00, 0x00, 0x00, 0x69,
    0x6E, 0x74, 0x65, 0x67, 0x65, 0x72, 0x20, 0x6C, 0x69, 0x74, 0x65, 0x72,
    0x61, 0x6C, 0x20, 0x00, 0x02, 0x35, 0x31, 0x00, 0x18, 0x00, 0x00, 0x00,
    0x20, 0x64, 0x6F, 0x65, 0x73, 0x20, 0x6E, 0x6F, 0x74, 0x20, 0x66, 0x69,
    0x74, 0x20, 0x69, 0x6E, 0x20, 0x61, 0x6E, 0x20, 0x69, 0x33, 0x32, 0x00,
    0x02, 0x35, 0x32, 0x00, 0x04, 0x00, 0x00, 0x00, 0x72, 0x65, 0x67, 0x00,
    0x02, 0x35, 0x33, 0x00, 0x05, 0x00, 0x00, 0x00, 0x73, 0x6C, 0x6F, 0x74,
    0x00, 0x02, 0x35, 0x34, 0x00, 0x11, 0x00, 0x00, 0x00, 0x75, 0x6E, 0x64,
    0x65, 0x66, 0x69, 0x6E, 0x65, 0x64, 0x20, 0x6E, 0x61, 0x6D, 0x65, 0x20,
    0x27, 0x00, 0x02, 0x35, 0x35, 0x00, 0x02, 0x00, 0x00, 0x00, 0x27, 0x00,
    0x02, 0x35, 0x36, 0x00, 0x2A, 0x00, 0x00, 0x00, 0x60, 0x74, 0x68, 0x69,
    0x73, 0x60, 0x20, 0x69, 0x73, 0x20, 0x6F, 0x6E, 0x6C, 0x79, 0x20, 0x6D,
    0x65, 0x61, 0x6E, 0x69, 0x6E, 0x67, 0x66, 0x75, 0x6C, 0x20, 0x69, 0x6E,
    0x73, 0x69, 0x64, 0x65, 0x20, 0x61, 0x20, 0x6D, 0x65, 0x74, 0x68, 0x6F,
    0x64, 0x00, 0x02, 0x35, 0x37, 0x00, 0x16, 0x00, 0x00, 0x00, 0x20, 0x69,
    0x73, 0x20, 0x6E, 0x6F, 0x74, 0x20, 0x61, 0x6E, 0x20, 0x65, 0x78, 0x70,
    0x72, 0x65, 0x73, 0x73, 0x69, 0x6F, 0x6E, 0x00, 0x02, 0x35, 0x38, 0x00,
    0x2D, 0x00, 0x00, 0x00, 0x74, 0x68, 0x65, 0x20, 0x62, 0x79, 0x74, 0x65,
    0x63, 0x6F, 0x64, 0x65, 0x20, 0x63, 0x6F, 0x6D, 0x70, 0x69, 0x6C, 0x65,
    0x72, 0x20, 0x64, 0x6F, 0x65, 0x73, 0x20, 0x6E, 0x6F, 0x74, 0x20, 0x73,
    0x75, 0x70, 0x70, 0x6F, 0x72, 0x74, 0x20, 0x74, 0x68, 0x65, 0x20, 0x27,
    0x00, 0x02, 0x35, 0x39, 0x00, 0x0F, 0x00, 0x00, 0x00, 0x27, 0x20, 0x6F,
    0x70, 0x65, 0x72, 0x61, 0x74, 0x6F, 0x72, 0x20, 0x79, 0x65, 0x74, 0x00,
    0x02, 0x36, 0x30, 0x00, 0x26, 0x00, 0x00, 0x00, 0x27, 0x61, 0x6E, 0x64,
    0x27, 0x2F, 0x27, 0x6F, 0x72, 0x27, 0x20, 0x6E, 0x65, 0x65, 0x64, 0x73,
    0x20, 0x61, 0x74, 0x20, 0x6C, 0x65, 0x61, 0x73, 0x74, 0x20, 0x6F, 0x6E,
    0x65, 0x20, 0x6F, 0x70, 0x65, 0x72, 0x61, 0x6E, 0x64, 0x00, 0x02, 0x36,
    0x31, 0x00, 0x16, 0x00, 0x00, 0x00, 0x6E, 0x6F, 0x74, 0x20, 0x61, 0x20,
    0x74, 0x79, 0x70, 0x65, 0x20, 0x65, 0x78, 0x70, 0x72, 0x65, 0x73, 0x73,
    0x69, 0x6F, 0x6E, 0x00, 0x02, 0x36, 0x32, 0x00, 0x10, 0x00, 0x00, 0x00,
    0x6E, 0x6F, 0x74, 0x20, 0x61, 0x20, 0x74, 0x79, 0x70, 0x65, 0x20, 0x61,
    0x74, 0x6F, 0x6D, 0x00, 0x02, 0x36, 0x33, 0x00, 0x1C, 0x00, 0x00, 0x00,
    0x75, 0x6E, 0x73, 0x75, 0x70, 0x70, 0x6F, 0x72, 0x74, 0x65, 0x64, 0x20,
    0x74, 0x79, 0x70, 0x65, 0x20, 0x61, 0x74, 0x6F, 0x6D, 0x20, 0x73, 0x68,
    0x61, 0x70, 0x65, 0x00, 0x02, 0x36, 0x34, 0x00, 0x16, 0x00, 0x00, 0x00,
    0x65, 0x6D, 0x70, 0x74, 0x79, 0x20, 0x74, 0x79, 0x70, 0x65, 0x20, 0x65,
    0x78, 0x70, 0x72, 0x65, 0x73, 0x73, 0x69, 0x6F, 0x6E, 0x00, 0x02, 0x36,
    0x35, 0x00, 0x2E, 0x00, 0x00, 0x00, 0x20, 0x61, 0x72, 0x67, 0x75, 0x6D,
    0x65, 0x6E, 0x74, 0x73, 0x2C, 0x20, 0x6F, 0x76, 0x65, 0x72, 0x20, 0x74,
    0x68, 0x65, 0x20, 0x31, 0x32, 0x38, 0x2D, 0x70, 0x61, 0x72, 0x61, 0x6D,
    0x65, 0x74, 0x65, 0x72, 0x20, 0x63, 0x61, 0x6C, 0x6C, 0x20, 0x6C, 0x69,
    0x6D, 0x69, 0x74, 0x00, 0x02, 0x36, 0x36, 0x00, 0x30, 0x00, 0x00, 0x00,
    0x20, 0x72, 0x65, 0x73, 0x75, 0x6C, 0x74, 0x73, 0x20, 0x77, 0x61, 0x6E,
    0x74, 0x65, 0x64, 0x2C, 0x20, 0x6F, 0x76, 0x65, 0x72, 0x20, 0x74, 0x68,
    0x65, 0x20, 0x31, 0x32, 0x38, 0x2D, 0x72, 0x65, 0x73, 0x75, 0x6C, 0x74,
    0x20, 0x63, 0x61, 0x6C, 0x6C, 0x20, 0x6C, 0x69, 0x6D, 0x69, 0x74, 0x00,
    0x02, 0x36, 0x37, 0x00, 0x15, 0x00, 0x00, 0x00, 0x20, 0x65, 0x6C, 0x65,
    0x6D, 0x65, 0x6E, 0x74, 0x73, 0x2C, 0x20, 0x6F, 0x76, 0x65, 0x72, 0x20,
    0x74, 0x68, 0x65, 0x20, 0x00, 0x02, 0x36, 0x38, 0x00, 0x0A, 0x00, 0x00,
    0x00, 0x2D, 0x65, 0x6C, 0x65, 0x6D, 0x65, 0x6E, 0x74, 0x20, 0x00, 0x02,
    0x36, 0x39, 0x00, 0x07, 0x00, 0x00, 0x00, 0x20, 0x6C, 0x69, 0x6D, 0x69,
    0x74, 0x00, 0x02, 0x37, 0x30, 0x00, 0x89, 0x00, 0x00, 0x00, 0x63, 0x6C,
    0x6F, 0x73, 0x75, 0x72, 0x65, 0x20, 0x6C, 0x6F, 0x77, 0x65, 0x72, 0x69,
    0x6E, 0x67, 0x20, 0x6E, 0x65, 0x65, 0x64, 0x73, 0x20, 0x66, 0x75, 0x6E,
    0x63, 0x74, 0x69, 0x6F, 0x6E, 0x73, 0x2E, 0x77, 0x79, 0x27, 0x73, 0x20,
    0x63, 0x6F, 0x6D, 0x70, 0x69, 0x6C, 0x65, 0x5F, 0x63, 0x6C, 0x6F, 0x73,
    0x75, 0x72, 0x65, 0x5F, 0x65, 0x78, 0x70, 0x72, 0x20, 0x28, 0x4D, 0x34,
    0x29, 0x3B, 0x20, 0x69, 0x6D, 0x70, 0x6F, 0x72, 0x74, 0x20, 0x77, 0x79,
    0x72, 0x6D, 0x3A, 0x3A, 0x63, 0x6F, 0x6D, 0x70, 0x69, 0x6C, 0x65, 0x72,
    0x3A, 0x3A, 0x66, 0x75, 0x6E, 0x63, 0x74, 0x69, 0x6F, 0x6E, 0x73, 0x20,
    0x62, 0x65, 0x66, 0x6F, 0x72, 0x65, 0x20, 0x63, 0x6F, 0x6D, 0x70, 0x69,
    0x6C, 0x69, 0x6E, 0x67, 0x20, 0x61, 0x20, 0x6D, 0x6F, 0x64, 0x75, 0x6C,
    0x65, 0x20, 0x77, 0x69, 0x74, 0x68, 0x20, 0x6C, 0x61, 0x6D, 0x62, 0x64,
    0x61, 0x73, 0x00, 0x02, 0x37, 0x31, 0x00, 0x09, 0x00, 0x00, 0x00, 0x3C,
    0x6C, 0x61, 0x6D, 0x62, 0x64, 0x61, 0x3E, 0x00, 0x02, 0x37, 0x32, 0x00,
    0x85, 0x00, 0x00, 0x00, 0x27, 0x64, 0x6F, 0x27, 0x20, 0x62, 0x6C, 0x6F,
    0x63, 0x6B, 0x20, 0x6C, 0x6F, 0x77, 0x65, 0x72, 0x69, 0x6E, 0x67, 0x20,
    0x6E, 0x65, 0x65, 0x64, 0x73, 0x20, 0x73, 0x74, 0x61, 0x74, 0x65, 0x6D,
    0x65, 0x6E, 0x74, 0x73, 0x2E, 0x77, 0x79, 0x27, 0x73, 0x20, 0x63, 0x6F,
    0x6D, 0x70, 0x69, 0x6C, 0x65, 0x5F, 0x62, 0x6F, 0x64, 0x79, 0x3B, 0x20,
    0x69, 0x6D, 0x70, 0x6F, 0x72, 0x74, 0x20, 0x77, 0x79, 0x72, 0x6D, 0x3A,
    0x3A, 0x63, 0x6F, 0x6D, 0x70, 0x69, 0x6C, 0x65, 0x72, 0x3A, 0x3A, 0x73,
    0x74, 0x61, 0x74, 0x65, 0x6D, 0x65, 0x6E, 0x74, 0x73, 0x20, 0x62, 0x65,
    0x66, 0x6F, 0x72, 0x65, 0x20, 0x63, 0x6F, 0x6D, 0x70, 0x69, 0x6C, 0x69,
    0x6E, 0x67, 0x20, 0x61, 0x20, 0x6D, 0x6F, 0x64, 0x75, 0x6C, 0x65, 0x20,
    0x77, 0x69, 0x74, 0x68, 0x20, 0x27, 0x64, 0x6F, 0x27, 0x20, 0x62, 0x6C,
    0x6F, 0x63, 0x6B, 0x73, 0x00, 0x02, 0x37, 0x33, 0x00, 0x15, 0x00, 0x00,
    0x00, 0x65, 0x6D, 0x70, 0x74, 0x79, 0x20, 0x71, 0x75, 0x61, 0x6C, 0x69,
    0x66, 0x69, 0x65, 0x64, 0x20, 0x6E, 0x61, 0x6D, 0x65, 0x00, 0x02, 0x37,
    0x34, 0x00, 0x05, 0x00, 0x00, 0x00, 0x24, 0x61, 0x73, 0x74, 0x00, 0x02,
    0x37, 0x35, 0x00, 0x37, 0x00, 0x00, 0x00, 0x60, 0x3A, 0x3A, 0x24, 0x61,
    0x73, 0x74, 0x60, 0x20, 0x6E, 0x65, 0x65, 0x64, 0x73, 0x20, 0x74, 0x68,
    0x65, 0x20, 0x6E, 0x61, 0x6D, 0x65, 0x20, 0x6F, 0x66, 0x20, 0x61, 0x20,
    0x64, 0x65, 0x66, 0x69, 0x6E, 0x69, 0x74, 0x69, 0x6F, 0x6E, 0x20, 0x69,
    0x6E, 0x20, 0x74, 0x68, 0x69, 0x73, 0x20, 0x6D, 0x6F, 0x64, 0x75, 0x6C,
    0x65, 0x00, 0x02, 0x37, 0x36, 0x00, 0x02, 0x00, 0x00, 0x00, 0x60, 0x00,
    0x02, 0x37, 0x37, 0x00, 0x6C, 0x00, 0x00, 0x00, 0x3A, 0x3A, 0x24, 0x61,
    0x73, 0x74, 0x60, 0x20, 0x6E, 0x61, 0x6D, 0x65, 0x73, 0x20, 0x6E, 0x6F,
    0x20, 0x66, 0x6E, 0x2C, 0x20, 0x63, 0x6F, 0x20, 0x6F, 0x72, 0x20, 0x63,
    0x6C, 0x61, 0x73, 0x73, 0x20, 0x64, 0x65, 0x66, 0x69, 0x6E, 0x65, 0x64,
    0x20, 0x69, 0x6E, 0x20, 0x74, 0x68, 0x69, 0x73, 0x20, 0x6D, 0x6F, 0x64,
    0x75, 0x6C, 0x65, 0x3B, 0x20, 0x61, 0x20, 0x63, 0x6F, 0x6D, 0x70, 0x69,
    0x6C, 0x65, 0x64, 0x20, 0x6D, 0x6F, 0x64, 0x75, 0x6C, 0x65, 0x20, 0x63,
    0x61, 0x72, 0x72, 0x69, 0x65, 0x73, 0x20, 0x6E, 0x6F, 0x20, 0x74, 0x72,
    0x65, 0x65, 0x73, 0x20, 0x74, 0x6F, 0x20, 0x72, 0x65, 0x61, 0x63, 0x68,
    0x20, 0x61, 0x63, 0x72, 0x6F, 0x73, 0x73, 0x00, 0x02, 0x37, 0x38, 0x00,
    0x29, 0x00, 0x00, 0x00, 0x60, 0x79, 0x69, 0x65, 0x6C, 0x64, 0x60, 0x20,
    0x69, 0x73, 0x20, 0x6F, 0x6E, 0x6C, 0x79, 0x20, 0x6D, 0x65, 0x61, 0x6E,
    0x69, 0x6E, 0x67, 0x66, 0x75, 0x6C, 0x20, 0x69, 0x6E, 0x73, 0x69, 0x64,
    0x65, 0x20, 0x61, 0x20, 0x60, 0x63, 0x6F, 0x60, 0x00, 0x02, 0x37, 0x39,
    0x00, 0x2B, 0x00, 0x00, 0x00, 0x20, 0x79, 0x69, 0x65, 0x6C, 0x64, 0x65,
    0x64, 0x20, 0x76, 0x61, 0x6C, 0x75, 0x65, 0x73, 0x2C, 0x20, 0x6F, 0x76,
    0x65, 0x72, 0x20, 0x74, 0x68, 0x65, 0x20, 0x31, 0x32, 0x38, 0x2D, 0x72,
    0x65, 0x73, 0x75, 0x6C, 0x74, 0x20, 0x6C, 0x69, 0x6D, 0x69, 0x74, 0x00,
    0x02, 0x38, 0x30, 0x00, 0x09, 0x00, 0x00, 0x00, 0x69, 0x6E, 0x74, 0x65,
    0x67, 0x65, 0x72, 0x20, 0x00, 0x02, 0x38, 0x31, 0x00, 0x22, 0x00, 0x00,
    0x00, 0x20, 0x69, 0x6E, 0x20, 0x61, 0x20, 0x74, 0x72, 0x65, 0x65, 0x20,
    0x64, 0x6F, 0x65, 0x73, 0x20, 0x6E, 0x6F, 0x74, 0x20, 0x66, 0x69, 0x74,
    0x20, 0x69, 0x6E, 0x20, 0x61, 0x6E, 0x20, 0x69, 0x33, 0x32, 0x00, 0x02,
    0x38, 0x32, 0x00, 0x4D, 0x00, 0x00, 0x00, 0x61, 0x20, 0x70, 0x61, 0x69,
    0x72, 0x20, 0x77, 0x69, 0x74, 0x68, 0x20, 0x61, 0x6E, 0x20, 0x69, 0x6D,
    0x70, 0x72, 0x6F, 0x70, 0x65, 0x72, 0x20, 0x74, 0x61, 0x69, 0x6C, 0x20,
    0x68, 0x61, 0x73, 0x20, 0x6E, 0x6F, 0x20, 0x62, 0x79, 0x74, 0x65, 0x63,
    0x6F, 0x64, 0x65, 0x20, 0x66, 0x6F, 0x72, 0x6D, 0x3B, 0x20, 0x6F, 0x6E,
    0x6C, 0x79, 0x20, 0x70, 0x72, 0x6F, 0x70, 0x65, 0x72, 0x20, 0x70, 0x61,
    0x69, 0x72, 0x20, 0x6C, 0x69, 0x73, 0x74, 0x73, 0x20, 0x64, 0x6F, 0x00,
    0x02, 0x38, 0x33, 0x00, 0x6D, 0x00, 0x00, 0x00, 0x76, 0x61, 0x6C, 0x75,
    0x65, 0x20, 0x68, 0x61, 0x73, 0x20, 0x6E, 0x6F, 0x20, 0x62, 0x79, 0x74,
    0x65, 0x63, 0x6F, 0x64, 0x65, 0x20, 0x66, 0x6F, 0x72, 0x6D, 0x3B, 0x20,
    0x61, 0x20, 0x74, 0x72, 0x65, 0x65, 0x20, 0x63, 0x61, 0x6E, 0x20, 0x6F,
    0x6E, 0x6C, 0x79, 0x20, 0x68, 0x6F, 0x6C, 0x64, 0x20, 0x73, 0x79, 0x6D,
    0x62, 0x6F, 0x6C, 0x73, 0x2C, 0x20, 0x73, 0x74, 0x72, 0x69, 0x6E, 0x67,
    0x73, 0x2C, 0x20, 0x6E, 0x75, 0x6D, 0x62, 0x65, 0x72, 0x73, 0x2C, 0x20,
    0x62, 0x6F, 0x6F, 0x6C, 0x73, 0x2C, 0x20, 0x6E, 0x69, 0x6C, 0x2C, 0x20,
    0x6C, 0x69, 0x73, 0x74, 0x73, 0x20, 0x61, 0x6E, 0x64, 0x20, 0x70, 0x61,
    0x69, 0x72, 0x20, 0x6C, 0x69, 0x73, 0x74, 0x73, 0x00, 0x02, 0x38, 0x34,
    0x00, 0x14, 0x00, 0x00, 0x00, 0x6E, 0x6F, 0x74, 0x20, 0x61, 0x6E, 0x20,
    0x65, 0x78, 0x70, 0x72, 0x65, 0x73, 0x73, 0x69, 0x6F, 0x6E, 0x3A, 0x20,
    0x00, 0x02, 0x38, 0x35, 0x00, 0x05, 0x00, 0x00, 0x00, 0x63, 0x68, 0x61,
    0x72, 0x00, 0x02, 0x38, 0x36, 0x00, 0x04, 0x00, 0x00, 0x00, 0x6E, 0x6F,
    0x74, 0x00, 0x02, 0x38, 0x37, 0x00, 0x04, 0x00, 0x00, 0x00, 0x6E, 0x65,
    0x67, 0x00, 0x02, 0x38, 0x38, 0x00, 0x07, 0x00, 0x00, 0x00, 0x69, 0x6E,
    0x76, 0x65, 0x72, 0x74, 0x00, 0x02, 0x38, 0x39, 0x00, 0x04, 0x00, 0x00,
    0x00, 0x70, 0x6F, 0x73, 0x00, 0x02, 0x39, 0x30, 0x00, 0x04, 0x00, 0x00,
    0x00, 0x65, 0x78, 0x70, 0x00, 0x02, 0x39, 0x31, 0x00, 0x04, 0x00, 0x00,
    0x00, 0x61, 0x6E, 0x64, 0x00, 0x02, 0x39, 0x32, 0x00, 0x03, 0x00, 0x00,
    0x00, 0x6F, 0x72, 0x00, 0x02, 0x39, 0x33, 0x00, 0x03, 0x00, 0x00, 0x00,
    0x69, 0x73, 0x00, 0x02, 0x39, 0x34, 0x00, 0x06, 0x00, 0x00, 0x00, 0x62,
    0x69, 0x6E, 0x6F, 0x70, 0x00, 0x02, 0x39, 0x35, 0x00, 0x05, 0x00, 0x00,
    0x00, 0x63, 0x61, 0x6C, 0x6C, 0x00, 0x02, 0x39, 0x36, 0x00, 0x06, 0x00,
    0x00, 0x00, 0x61, 0x72, 0x72, 0x61, 0x79, 0x00, 0x02, 0x39, 0x37, 0x00,
    0x05, 0x00, 0x00, 0x00, 0x61, 0x74, 0x74, 0x72, 0x00, 0x02, 0x39, 0x38,
    0x00, 0x06, 0x00, 0x00, 0x00, 0x69, 0x6E, 0x64, 0x65, 0x78, 0x00, 0x02,
    0x39, 0x39, 0x00, 0x07, 0x00, 0x00, 0x00, 0x6C, 0x61, 0x6D, 0x62, 0x64,
    0x61, 0x00, 0x02, 0x31, 0x30, 0x30, 0x00, 0x0A, 0x00, 0x00, 0x00, 0x63,
    0x6F, 0x5F, 0x6C, 0x61, 0x6D, 0x62, 0x64, 0x61, 0x00, 0x02, 0x31, 0x30,
    0x31, 0x00, 0x03, 0x00, 0x00, 0x00, 0x64, 0x6F, 0x00, 0x02, 0x31, 0x30,
    0x32, 0x00, 0x04, 0x00, 0x00, 0x00, 0x74, 0x72, 0x79, 0x00, 0x02, 0x31,
    0x30, 0x33, 0x00, 0x06, 0x00, 0x00, 0x00, 0x63, 0x61, 0x74, 0x63, 0x68,
    0x00, 0x02, 0x31, 0x30, 0x34, 0x00, 0x08, 0x00, 0x00, 0x00, 0x6D, 0x65,
    0x73, 0x73, 0x61, 0x67, 0x65, 0x00, 0x02, 0x31, 0x30, 0x35, 0x00, 0x06,
    0x00, 0x00, 0x00, 0x79, 0x69, 0x65, 0x6C, 0x64, 0x00, 0x02, 0x31, 0x30,
    0x36, 0x00, 0x03, 0x00, 0x00, 0x00, 0x69, 0x66, 0x00, 0x02, 0x31, 0x30,
    0x37, 0x00, 0x0B, 0x00, 0x00, 0x00, 0x79, 0x69, 0x65, 0x6C, 0x64, 0x5F,
    0x66, 0x72, 0x6F, 0x6D, 0x00, 0x02, 0x31, 0x30, 0x38, 0x00, 0x0F, 0x00,
    0x00, 0x00, 0x71, 0x75, 0x61, 0x6C, 0x69, 0x66, 0x69, 0x65, 0x64, 0x5F,
    0x6E, 0x61, 0x6D, 0x65, 0x00, 0x02, 0x31, 0x30, 0x39, 0x00, 0x29, 0x00,
    0x00, 0x00, 0x74, 0x68, 0x65, 0x20, 0x62, 0x79, 0x74, 0x65, 0x63, 0x6F,
    0x64, 0x65, 0x20, 0x63, 0x6F, 0x6D, 0x70, 0x69, 0x6C, 0x65, 0x72, 0x20,
    0x64, 0x6F, 0x65, 0x73, 0x20, 0x6E, 0x6F, 0x74, 0x20, 0x73, 0x75, 0x70,
    0x70, 0x6F, 0x72, 0x74, 0x20, 0x27, 0x00, 0x02, 0x31, 0x31, 0x30, 0x00,
    0x12, 0x00, 0x00, 0x00, 0x27, 0x20, 0x65, 0x78, 0x70, 0x72, 0x65, 0x73,
    0x73, 0x69, 0x6F, 0x6E, 0x73, 0x20, 0x79, 0x65, 0x74, 0x00, 0x00,
};

static const uint8_t expressions_symbols[] = {
    0xA7, 0x05, 0x00, 0x00, 0x02, 0x30, 0x00, 0x04, 0x00, 0x00, 0x00, 0x61,
    0x64, 0x64, 0x00, 0x02, 0x31, 0x00, 0x04, 0x00, 0x00, 0x00, 0x73, 0x75,
    0x62, 0x00, 0x02, 0x32, 0x00, 0x04, 0x00, 0x00, 0x00, 0x6D, 0x75, 0x6C,
    0x00, 0x02, 0x33, 0x00, 0x04, 0x00, 0x00, 0x00, 0x64, 0x69, 0x76, 0x00,
    0x02, 0x34, 0x00, 0x04, 0x00, 0x00, 0x00, 0x6D, 0x6F, 0x64, 0x00, 0x02,
    0x35, 0x00, 0x04, 0x00, 0x00, 0x00, 0x70, 0x6F, 0x77, 0x00, 0x02, 0x36,
    0x00, 0x05, 0x00, 0x00, 0x00, 0x62, 0x61, 0x6E, 0x64, 0x00, 0x02, 0x37,
    0x00, 0x04, 0x00, 0x00, 0x00, 0x62, 0x6F, 0x72, 0x00, 0x02, 0x38, 0x00,
    0x05, 0x00, 0x00, 0x00, 0x62, 0x78, 0x6F, 0x72, 0x00, 0x02, 0x39, 0x00,
    0x04, 0x00, 0x00, 0x00, 0x73, 0x68, 0x6C, 0x00, 0x02, 0x31, 0x30, 0x00,
    0x04, 0x00, 0x00, 0x00, 0x73, 0x68, 0x72, 0x00, 0x02, 0x31, 0x31, 0x00,
    0x03, 0x00, 0x00, 0x00, 0x65, 0x71, 0x00, 0x02, 0x31, 0x32, 0x00, 0x03,
    0x00, 0x00, 0x00, 0x6E, 0x65, 0x00, 0x02, 0x31, 0x33, 0x00, 0x03, 0x00,
    0x00, 0x00, 0x6C, 0x74, 0x00, 0x02, 0x31, 0x34, 0x00, 0x03, 0x00, 0x00,
    0x00, 0x6C, 0x65, 0x00, 0x02, 0x31, 0x35, 0x00, 0x03, 0x00, 0x00, 0x00,
    0x67, 0x74, 0x00, 0x02, 0x31, 0x36, 0x00, 0x03, 0x00, 0x00, 0x00, 0x67,
    0x65, 0x00, 0x02, 0x31, 0x37, 0x00, 0x05, 0x00, 0x00, 0x00, 0x63, 0x6D,
    0x70, 0x33, 0x00, 0x02, 0x31, 0x38, 0x00, 0x03, 0x00, 0x00, 0x00, 0x69,
    0x6E, 0x00, 0x02, 0x31, 0x39, 0x00, 0x09, 0x00, 0x00, 0x00, 0x70, 0x61,
    0x63, 0x6B, 0x5F, 0x66, 0x33, 0x32, 0x00, 0x02, 0x32, 0x30, 0x00, 0x0B,
    0x00, 0x00, 0x00, 0x75, 0x6E, 0x70, 0x61, 0x63, 0x6B, 0x5F, 0x75, 0x33,
    0x32, 0x00, 0x02, 0x32, 0x31, 0x00, 0x0B, 0x00, 0x00, 0x00, 0x65, 0x6D,
    0x69, 0x74, 0x5F, 0x77, 0x6F, 0x72, 0x64, 0x73, 0x00, 0x02, 0x32, 0x32,
    0x00, 0x05, 0x00, 0x00, 0x00, 0x6D, 0x6F, 0x76, 0x65, 0x00, 0x02, 0x32,
    0x33, 0x00, 0x05, 0x00, 0x00, 0x00, 0x70, 0x75, 0x73, 0x68, 0x00, 0x02,
    0x32, 0x34, 0x00, 0x0B, 0x00, 0x00, 0x00, 0x61, 0x64, 0x64, 0x5F, 0x73,
    0x74, 0x61, 0x74, 0x69, 0x63, 0x00, 0x02, 0x32, 0x35, 0x00, 0x07, 0x00,
    0x00, 0x00, 0x6D, 0x6F, 0x64, 0x75, 0x6C, 0x65, 0x00, 0x02, 0x32, 0x36,
    0x00, 0x06, 0x00, 0x00, 0x00, 0x69, 0x6D, 0x61, 0x67, 0x65, 0x00, 0x02,
    0x32, 0x37, 0x00, 0x07, 0x00, 0x00, 0x00, 0x6C, 0x63, 0x6F, 0x6E, 0x73,
    0x74, 0x00, 0x02, 0x32, 0x38, 0x00, 0x04, 0x00, 0x00, 0x00, 0x66, 0x33,
    0x32, 0x00, 0x02, 0x32, 0x39, 0x00, 0x03, 0x00, 0x00, 0x00, 0x69, 0x38,
    0x00, 0x02, 0x33, 0x30, 0x00, 0x0B, 0x00, 0x00, 0x00, 0x61, 0x64, 0x64,
    0x5F, 0x73, 0x79, 0x6D, 0x62, 0x6F, 0x6C, 0x00, 0x02, 0x33, 0x31, 0x00,
    0x05, 0x00, 0x00, 0x00, 0x6C, 0x73, 0x79, 0x6D, 0x00, 0x02, 0x33, 0x32,
    0x00, 0x06, 0x00, 0x00, 0x00, 0x6C, 0x62, 0x6F, 0x6F, 0x6C, 0x00, 0x02,
    0x33, 0x33, 0x00, 0x05, 0x00, 0x00, 0x00, 0x67, 0x67, 0x65, 0x74, 0x00,
    0x02, 0x33, 0x34, 0x00, 0x08, 0x00, 0x00, 0x00, 0x73, 0x74, 0x6F, 0x72,
    0x61, 0x67, 0x65, 0x00, 0x02, 0x33, 0x35, 0x00, 0x06, 0x00, 0x00, 0x00,
    0x63, 0x65, 0x6C, 0x6C, 0x73, 0x00, 0x02, 0x33, 0x36, 0x00, 0x05, 0x00,
    0x00, 0x00, 0x7A, 0x65, 0x72, 0x6F, 0x00, 0x02, 0x33, 0x37, 0x00, 0x07,
    0x00, 0x00, 0x00, 0x67, 0x65, 0x74, 0x69, 0x64, 0x78, 0x00, 0x02, 0x33,
    0x38, 0x00, 0x08, 0x00, 0x00, 0x00, 0x67, 0x65, 0x74, 0x61, 0x74, 0x74,
    0x72, 0x00, 0x02, 0x33, 0x39, 0x00, 0x09, 0x00, 0x00, 0x00, 0x74, 0x68,
    0x69, 0x73, 0x5F, 0x72, 0x65, 0x67, 0x00, 0x02, 0x34, 0x30, 0x00, 0x0B,
    0x00, 0x00, 0x00, 0x69, 0x73, 0x5F, 0x62, 0x75, 0x69, 0x6C, 0x74, 0x69,
    0x6E, 0x00, 0x02, 0x34, 0x31, 0x00, 0x14, 0x00, 0x00, 0x00, 0x68, 0x61,
    0x73, 0x5F, 0x77, 0x69, 0x6C, 0x64, 0x63, 0x61, 0x72, 0x64, 0x5F, 0x69,
    0x6D, 0x70, 0x6F, 0x72, 0x74, 0x00, 0x02, 0x34, 0x32, 0x00, 0x14, 0x00,
    0x00, 0x00, 0x64, 0x65, 0x63, 0x6C, 0x61, 0x72, 0x65, 0x5F, 0x66, 0x72,
    0x65, 0x65, 0x5F, 0x67, 0x6C, 0x6F, 0x62, 0x61, 0x6C, 0x00, 0x02, 0x34,
    0x33, 0x00, 0x04, 0x00, 0x00, 0x00, 0x6E, 0x69, 0x6C, 0x00, 0x02, 0x34,
    0x34, 0x00, 0x07, 0x00, 0x00, 0x00, 0x6C, 0x6F, 0x6F, 0x6B, 0x75, 0x70,
    0x00, 0x02, 0x34, 0x35, 0x00, 0x05, 0x00, 0x00, 0x00, 0x6C, 0x6E, 0x69,
    0x6C, 0x00, 0x02, 0x34, 0x36, 0x00, 0x05, 0x00, 0x00, 0x00, 0x74, 0x72,
    0x75, 0x65, 0x00, 0x02, 0x34, 0x37, 0x00, 0x06, 0x00, 0x00, 0x00, 0x66,
    0x61, 0x6C, 0x73, 0x65, 0x00, 0x02, 0x34, 0x38, 0x00, 0x05, 0x00, 0x00,
    0x00, 0x74, 0x68, 0x69, 0x73, 0x00, 0x02, 0x34, 0x39, 0x00, 0x06, 0x00,
    0x00, 0x00, 0x61, 0x72, 0x72, 0x61, 0x79, 0x00, 0x02, 0x35, 0x30, 0x00,
    0x06, 0x00, 0x00, 0x00, 0x74, 0x75, 0x70, 0x6C, 0x65, 0x00, 0x02, 0x35,
    0x31, 0x00, 0x05, 0x00, 0x00, 0x00, 0x6C, 0x69, 0x73, 0x74, 0x00, 0x02,
    0x35, 0x32, 0x00, 0x05, 0x00, 0x00, 0x00, 0x64, 0x69, 0x63, 0x74, 0x00,
    0x02, 0x35, 0x33, 0x00, 0x06, 0x00, 0x00, 0x00, 0x62, 0x72, 0x65, 0x61,
    0x6B, 0x00, 0x02, 0x35, 0x34, 0x00, 0x09, 0x00, 0x00, 0x00, 0x63, 0x6F,
    0x6E, 0x74, 0x69, 0x6E, 0x75, 0x65, 0x00, 0x02, 0x35, 0x35, 0x00, 0x05,
    0x00, 0x00, 0x00, 0x70, 0x61, 0x73, 0x73, 0x00, 0x02, 0x35, 0x36, 0x00,
    0x05, 0x00, 0x00, 0x00, 0x6D, 0x61, 0x72, 0x6B, 0x00, 0x02, 0x35, 0x37,
    0x00, 0x08, 0x00, 0x00, 0x00, 0x66, 0x72, 0x65, 0x65, 0x5F, 0x74, 0x6F,
    0x00, 0x02, 0x35, 0x38, 0x00, 0x0A, 0x00, 0x00, 0x00, 0x6E, 0x65, 0x77,
    0x5F, 0x6C, 0x61, 0x62, 0x65, 0x6C, 0x00, 0x02, 0x35, 0x39, 0x00, 0x03,
    0x00, 0x00, 0x00, 0x6A, 0x66, 0x00, 0x02, 0x36, 0x30, 0x00, 0x03, 0x00,
    0x00, 0x00, 0x6A, 0x74, 0x00, 0x02, 0x36, 0x31, 0x00, 0x0A, 0x00, 0x00,
    0x00, 0x65, 0x6D, 0x69, 0x74, 0x5F, 0x6A, 0x75, 0x6D, 0x70, 0x00, 0x02,
    0x36, 0x32, 0x00, 0x0B, 0x00, 0x00, 0x00, 0x6D, 0x61, 0x72, 0x6B, 0x5F,
    0x6C, 0x61, 0x62, 0x65, 0x6C, 0x00, 0x02, 0x36, 0x33, 0x00, 0x05, 0x00,
    0x00, 0x00, 0x74, 0x79, 0x70, 0x65, 0x00, 0x02, 0x36, 0x34, 0x00, 0x06,
    0x00, 0x00, 0x00, 0x75, 0x6E, 0x69, 0x6F, 0x6E, 0x00, 0x02, 0x36, 0x35,
    0x00, 0x07, 0x00, 0x00, 0x00, 0x61, 0x70, 0x70, 0x65, 0x6E, 0x64, 0x00,
    0x02, 0x36, 0x36, 0x00, 0x0F, 0x00, 0x00, 0x00, 0x71, 0x75, 0x61, 0x6C,
    0x69, 0x66, 0x69, 0x65, 0x64, 0x5F, 0x6E, 0x61, 0x6D, 0x65, 0x00, 0x02,
    0x36, 0x37, 0x00, 0x03, 0x00, 0x00, 0x00, 0x69, 0x73, 0x00, 0x02, 0x36,
    0x38, 0x00, 0x06, 0x00, 0x00, 0x00, 0x6B, 0x77, 0x61, 0x72, 0x67, 0x00,
    0x02, 0x36, 0x39, 0x00, 0x07, 0x00, 0x00, 0x00, 0x73, 0x70, 0x72, 0x65,
    0x61, 0x64, 0x00, 0x02, 0x37, 0x30, 0x00, 0x0A, 0x00, 0x00, 0x00, 0x73,
    0x70, 0x72, 0x65, 0x61, 0x64, 0x5F, 0x6B, 0x77, 0x00, 0x02, 0x37, 0x31,
    0x00, 0x05, 0x00, 0x00, 0x00, 0x63, 0x61, 0x6C, 0x6C, 0x00, 0x02, 0x37,
    0x32, 0x00, 0x08, 0x00, 0x00, 0x00, 0x63, 0x61, 0x6C, 0x6C, 0x5F, 0x76,
    0x61, 0x00, 0x02, 0x37, 0x33, 0x00, 0x06, 0x00, 0x00, 0x00, 0x70, 0x6C,
    0x69, 0x73, 0x74, 0x00, 0x02, 0x37, 0x34, 0x00, 0x0B, 0x00, 0x00, 0x00,
    0x74, 0x68, 0x69, 0x73, 0x5F, 0x63, 0x6C, 0x61, 0x73, 0x73, 0x00, 0x02,
    0x37, 0x35, 0x00, 0x12, 0x00, 0x00, 0x00, 0x73, 0x6C, 0x6F, 0x74, 0x5F,
    0x6F, 0x70, 0x74, 0x69, 0x6D, 0x69, 0x7A, 0x61, 0x74, 0x69, 0x6F, 0x6E,
    0x00, 0x02, 0x37, 0x36, 0x00, 0x0B, 0x00, 0x00, 0x00, 0x73, 0x6C, 0x6F,
    0x74, 0x5F, 0x69, 0x6E, 0x64, 0x65, 0x78, 0x00, 0x02, 0x37, 0x37, 0x00,
    0x08, 0x00, 0x00, 0x00, 0x67, 0x65, 0x74, 0x73, 0x6C, 0x6F, 0x74, 0x00,
    0x02, 0x37, 0x38, 0x00, 0x06, 0x00, 0x00, 0x00, 0x6A, 0x6E, 0x65, 0x72,
    0x72, 0x00, 0x02, 0x37, 0x39, 0x00, 0x0C, 0x00, 0x00, 0x00, 0x65, 0x6D,
    0x69, 0x74, 0x5F, 0x72, 0x65, 0x74, 0x75, 0x72, 0x6E, 0x00, 0x02, 0x38,
    0x30, 0x00, 0x07, 0x00, 0x00, 0x00, 0x72, 0x65, 0x74, 0x75, 0x72, 0x6E,
    0x00, 0x02, 0x38, 0x31, 0x00, 0x0A, 0x00, 0x00, 0x00, 0x72, 0x65, 0x66,
    0x65, 0x72, 0x65, 0x6E, 0x63, 0x65, 0x00, 0x02, 0x38, 0x32, 0x00, 0x07,
    0x00, 0x00, 0x00, 0x6D, 0x73, 0x67, 0x5F, 0x76, 0x61, 0x00, 0x02, 0x38,
    0x33, 0x00, 0x04, 0x00, 0x00, 0x00, 0x6D, 0x73, 0x67, 0x00, 0x02, 0x38,
    0x34, 0x00, 0x06, 0x00, 0x00, 0x00, 0x62, 0x6F, 0x75, 0x6E, 0x64, 0x00,
    0x02, 0x38, 0x35, 0x00, 0x07, 0x00, 0x00, 0x00, 0x67, 0x65, 0x74, 0x6D,
    0x73, 0x67, 0x00, 0x02, 0x38, 0x36, 0x00, 0x0D, 0x00, 0x00, 0x00, 0x63,
    0x6C, 0x61, 0x73, 0x73, 0x5F, 0x73, 0x74, 0x61, 0x74, 0x69, 0x63, 0x00,
    0x02, 0x38, 0x37, 0x00, 0x0F, 0x00, 0x00, 0x00, 0x69, 0x73, 0x5F, 0x6C,
    0x6F, 0x63, 0x61, 0x6C, 0x5F, 0x63, 0x6C, 0x61, 0x73, 0x73, 0x00, 0x02,
    0x38, 0x38, 0x00, 0x09, 0x00, 0x00, 0x00, 0x67, 0x65, 0x74, 0x73, 0x63,
    0x6F, 0x70, 0x65, 0x00, 0x02, 0x38, 0x39, 0x00, 0x0C, 0x00, 0x00, 0x00,
    0x64, 0x65, 0x66, 0x69, 0x6E, 0x69, 0x74, 0x69, 0x6F, 0x6E, 0x73, 0x00,
    0x02, 0x39, 0x30, 0x00, 0x0D, 0x00, 0x00, 0x00, 0x69, 0x73, 0x5F, 0x63,
    0x6F, 0x72, 0x6F, 0x75, 0x74, 0x69, 0x6E, 0x65, 0x00, 0x02, 0x39, 0x31,
    0x00, 0x06, 0x00, 0x00, 0x00, 0x79, 0x69, 0x65, 0x6C, 0x64, 0x00, 0x02,
    0x39, 0x32, 0x00, 0x0B, 0x00, 0x00, 0x00, 0x79, 0x69, 0x65, 0x6C, 0x64,
    0x5F, 0x66, 0x72, 0x6F, 0x6D, 0x00, 0x02, 0x39, 0x33, 0x00, 0x04, 0x00,
    0x00, 0x00, 0x73, 0x74, 0x72, 0x00, 0x02, 0x39, 0x34, 0x00, 0x04, 0x00,
    0x00, 0x00, 0x6E, 0x6F, 0x74, 0x00, 0x02, 0x39, 0x35, 0x00, 0x04, 0x00,
    0x00, 0x00, 0x6E, 0x65, 0x67, 0x00, 0x02, 0x39, 0x36, 0x00, 0x04, 0x00,
    0x00, 0x00, 0x69, 0x6E, 0x76, 0x00, 0x00,
};

static const uint8_t expressions_functions[] = {
    0xFA, 0x1C, 0x00, 0x00, 0x03, 0x30, 0x00, 0x58, 0x00, 0x00, 0x00, 0x02,
    0x6E, 0x00, 0x06, 0x00, 0x00, 0x00, 0x5F, 0x74, 0x61, 0x69, 0x6C, 0x00,
    0x04, 0x70, 0x00, 0x2E, 0x00, 0x00, 0x00, 0x03, 0x30, 0x00, 0x11, 0x00,
    0x00, 0x00, 0x02, 0x6E, 0x00, 0x05, 0x00, 0x00, 0x00, 0x6E, 0x6F, 0x64,
    0x65, 0x00, 0x00, 0x03, 0x31, 0x00, 0x12, 0x00, 0x00, 0x00, 0x02, 0x6E,
    0x00, 0x06, 0x00, 0x00, 0x00, 0x63, 0x6F, 0x75, 0x6E, 0x74, 0x00, 0x00,
    0x00, 0x10, 0x6C, 0x00, 0x05, 0x00, 0x00, 0x00, 0x10, 0x63, 0x00, 0x2D,
    0x01, 0x00, 0x00, 0x10, 0x66, 0x00, 0x00, 0x00, 0x00, 0x00, 0x00, 0x03,
    0x31, 0x00, 0x59, 0x00, 0x00, 0x00, 0x02, 0x6E, 0x00, 0x07, 0x00, 0x00,
    0x00, 0x5F, 0x66, 0x69, 0x65, 0x6C, 0x64, 0x00, 0x04, 0x70, 0x00, 0x2E,
    0x00, 0x00, 0x00, 0x03, 0x30, 0x00, 0x11, 0x00, 0x00, 0x00, 0x02, 0x6E,
    0x00, 0x05, 0x00, 0x00, 0x00, 0x6E, 0x6F, 0x64, 0x65, 0x00, 0x00, 0x03,
    0x31, 0x00, 0x12, 0x00, 0x00, 0x00, 0x02, 0x6E, 0x00, 0x06, 0x00, 0x00,
    0x00, 0x69, 0x6E, 0x64, 0x65, 0x78, 0x00, 0x00, 0x00, 0x10, 0x6C, 0x00,
    0x04, 0x00, 0x00, 0x00, 0x10, 0x63, 0x00, 0x46, 0x01, 0x00, 0x00, 0x10,
    0x66, 0x00, 0x00, 0x00, 0x00, 0x00, 0x00, 0x03, 0x32, 0x00, 0x51, 0x00,
    0x00, 0x00, 0x02, 0x6E, 0x00, 0x06, 0x00, 0x00, 0x00, 0x5F, 0x6D, 0x61,
    0x78, 0x32, 0x00, 0x04, 0x70, 0x00, 0x27, 0x00, 0x00, 0x00, 0x03, 0x30,
    0x00, 0x0E, 0x00, 0x00, 0x00, 0x02, 0x6E, 0x00, 0x02, 0x00, 0x00, 0x00,
    0x61, 0x00, 0x00, 0x03, 0x31, 0x00, 0x0E, 0x00, 0x00, 0x00, 0x02, 0x6E,
    0x00, 0x02, 0x00, 0x00, 0x00, 0x62, 0x00, 0x00, 0x00, 0x10, 0x6C, 0x00,
    0x01, 0x00, 0x00, 0x00, 0x10, 0x63, 0x00, 0x56, 0x01, 0x00, 0x00, 0x10,
    0x66, 0x00, 0x00, 0x00, 0x00, 0x00, 0x00, 0x03, 0x33, 0x00, 0x4A, 0x00,
    0x00, 0x00, 0x02, 0x6E, 0x00, 0x0C, 0x00, 0x00, 0x00, 0x5F, 0x6A, 0x6F,
    0x69, 0x6E, 0x5F, 0x70, 0x61, 0x72, 0x74, 0x73, 0x00, 0x04, 0x70, 0x00,
    0x1A, 0x00, 0x00, 0x00, 0x03, 0x30, 0x00, 0x12, 0x00, 0x00, 0x00, 0x02,
    0x6E, 0x00, 0x06, 0x00, 0x00, 0x00, 0x70, 0x61, 0x72, 0x74, 0x73, 0x00,
    0x00, 0x00, 0x10, 0x6C, 0x00, 0x05, 0x00, 0x00, 0x00, 0x10, 0x63, 0x00,
    0x5D, 0x01, 0x00, 0x00, 0x10, 0x66, 0x00, 0x00, 0x00, 0x00, 0x00, 0x00,
    0x03, 0x34, 0x00, 0x48, 0x00, 0x00, 0x00, 0x02, 0x6E, 0x00, 0x0A, 0x00,
    0x00, 0x00, 0x5F, 0x66, 0x33, 0x32, 0x5F, 0x62, 0x69, 0x74, 0x73, 0x00,
    0x04, 0x70, 0x00, 0x1A, 0x00, 0x00, 0x00, 0x03, 0x30, 0x00, 0x12, 0x00,
    0x00, 0x00, 0x02, 0x6E, 0x00, 0x06, 0x00, 0x00, 0x00, 0x76, 0x61, 0x6C,
    0x75, 0x65, 0x00, 0x00, 0x00, 0x10, 0x6C, 0x00, 0x04, 0x00, 0x00, 0x00,
    0x10, 0x63, 0x00, 0x6D, 0x01, 0x00, 0x00, 0x10, 0x66, 0x00, 0x00, 0x00,
    0x00, 0x00, 0x00, 0x03, 0x35, 0x00, 0xD7, 0x00, 0x00, 0x00, 0x02, 0x6E,
    0x00, 0x0B, 0x00, 0x00, 0x00, 0x5F, 0x65, 0x6D, 0x69, 0x74, 0x5F, 0x70,
    0x61, 0x63, 0x6B, 0x00, 0x04, 0x70, 0x00, 0xA8, 0x00, 0x00, 0x00, 0x03,
    0x30, 0x00, 0x12, 0x00, 0x00, 0x00, 0x02, 0x6E, 0x00, 0x06, 0x00, 0x00,
    0x00, 0x66, 0x72, 0x61, 0x6D, 0x65, 0x00, 0x00, 0x03, 0x31, 0x00, 0x0F,
    0x00, 0x00, 0x00, 0x02, 0x6E, 0x00, 0x03, 0x00, 0x00, 0x00, 0x6F, 0x70,
    0x00, 0x00, 0x03, 0x32, 0x00, 0x15, 0x00, 0x00, 0x00, 0x02, 0x6E, 0x00,
    0x02, 0x00, 0x00, 0x00, 0x66, 0x00, 0x10, 0x64, 0x00, 0x2B, 0x00, 0x00,
    0x00, 0x00, 0x03, 0x33, 0x00, 0x16, 0x00, 0x00, 0x00, 0x02, 0x6E, 0x00,
    0x03, 0x00, 0x00, 0x00, 0x61, 0x30, 0x00, 0x10, 0x64, 0x00, 0x2B, 0x00,
    0x00, 0x00, 0x00, 0x03, 0x34, 0x00, 0x16, 0x00, 0x00, 0x00, 0x02, 0x6E,
    0x00, 0x03, 0x00, 0x00, 0x00, 0x61, 0x31, 0x00, 0x10, 0x64, 0x00, 0x2B,
    0x00, 0x00, 0x00, 0x00, 0x03, 0x35, 0x00, 0x16, 0x00, 0x00, 0x00, 0x02,
    0x6E, 0x00, 0x03, 0x00, 0x00, 0x00, 0x61, 0x32, 0x00, 0x10, 0x64, 0x00,
    0x2B, 0x00, 0x00, 0x00, 0x00, 0x03, 0x36, 0x00, 0x16, 0x00, 0x00, 0x00,
    0x02, 0x6E, 0x00, 0x03, 0x00, 0x00, 0x00, 0x77, 0x31, 0x00, 0x10, 0x64,
    0x00, 0x2C, 0x00, 0x00, 0x00, 0x00, 0x00, 0x10, 0x6C, 0x00, 0x0F, 0x00,
    0x00, 0x00, 0x10, 0x63, 0x00, 0x7C, 0x01, 0x00, 0x00, 0x10, 0x66, 0x00,
    0x00, 0x00, 0x00, 0x00, 0x00, 0x03, 0x36, 0x00, 0x9D, 0x00, 0x00, 0x00,
    0x02, 0x6E, 0x00, 0x0F, 0x00, 0x00, 0x00, 0x5F, 0x65, 0x6D, 0x69, 0x74,
    0x5F, 0x70, 0x61, 0x69, 0x72, 0x61, 0x62, 0x6C, 0x65, 0x00, 0x04, 0x70,
    0x00, 0x6A, 0x00, 0x00, 0x00, 0x03, 0x30, 0x00, 0x12, 0x00, 0x00, 0x00,
    0x02, 0x6E, 0x00, 0x06, 0x00, 0x00, 0x00, 0x66, 0x72, 0x61, 0x6D, 0x65,
    0x00, 0x00, 0x03, 0x31, 0x00, 0x0F, 0x00, 0x00, 0x00, 0x02, 0x6E, 0x00,
    0x03, 0x00, 0x00, 0x00, 0x6F, 0x70, 0x00, 0x00, 0x03, 0x32, 0x00, 0x1B,
    0x00, 0x00, 0x00, 0x02, 0x6E, 0x00, 0x08, 0x00, 0x00, 0x00, 0x70, 0x72,
    0x69, 0x6D, 0x61, 0x72, 0x79, 0x00, 0x10, 0x64, 0x00, 0x2B, 0x00, 0x00,
    0x00, 0x00, 0x03, 0x33, 0x00, 0x1D, 0x00, 0x00, 0x00, 0x02, 0x6E, 0x00,
    0x0A, 0x00, 0x00, 0x00, 0x73, 0x65, 0x63, 0x6F, 0x6E, 0x64, 0x61, 0x72,
    0x79, 0x00, 0x10, 0x64, 0x00, 0x2B, 0x00, 0x00, 0x00, 0x00, 0x00, 0x10,
    0x6C, 0x00, 0x05, 0x00, 0x00, 0x00, 0x10, 0x63, 0x00, 0x9C, 0x01, 0x00,
    0x00, 0x10, 0x66, 0x00, 0x00, 0x00, 0x00, 0x00, 0x00, 0x03, 0x37, 0x00,
    0x6A, 0x00, 0x00, 0x00, 0x02, 0x6E, 0x00, 0x06, 0x00, 0x00, 0x00, 0x5F,
    0x6C, 0x61, 0x6E, 0x64, 0x00, 0x04, 0x70, 0x00, 0x40, 0x00, 0x00, 0x00,
    0x03, 0x30, 0x00, 0x12, 0x00, 0x00, 0x00, 0x02, 0x6E, 0x00, 0x06, 0x00,
    0x00, 0x00, 0x66, 0x72, 0x61, 0x6D, 0x65, 0x00, 0x00, 0x03, 0x31, 0x00,
    0x10, 0x00, 0x00, 0x00, 0x02, 0x6E, 0x00, 0x04, 0x00, 0x00, 0x00, 0x64,
    0x73, 0x74, 0x00, 0x00, 0x03, 0x32, 0x00, 0x10, 0x00, 0x00, 0x00, 0x02,
    0x6E, 0x00, 0x04, 0x00, 0x00, 0x00, 0x72, 0x65, 0x67, 0x00, 0x00, 0x00,
    0x10, 0x6C, 0x00, 0x06, 0x00, 0x00, 0x00, 0x10, 0x63, 0x00, 0xAE, 0x01,
    0x00, 0x00, 0x10, 0x66, 0x00, 0x00, 0x00, 0x00, 0x00, 0x00, 0x03, 0x38,
    0x00, 0x59, 0x00, 0x00, 0x00, 0x02, 0x6E, 0x00, 0x08, 0x00, 0x00, 0x00,
    0x5F, 0x74, 0x61, 0x72, 0x67, 0x65, 0x74, 0x00, 0x04, 0x70, 0x00, 0x2D,
    0x00, 0x00, 0x00, 0x03, 0x30, 0x00, 0x12, 0x00, 0x00, 0x00, 0x02, 0x6E,
    0x00, 0x06, 0x00, 0x00, 0x00, 0x66, 0x72, 0x61, 0x6D, 0x65, 0x00, 0x00,
    0x03, 0x31, 0x00, 0x10, 0x00, 0x00, 0x00, 0x02, 0x6E, 0x00, 0x04, 0x00,
    0x00, 0x00, 0x64, 0x73, 0x74, 0x00, 0x00, 0x00, 0x10, 0x6C, 0x00, 0x02,
    0x00, 0x00, 0x00, 0x10, 0x63, 0x00, 0xC6, 0x01, 0x00, 0x00, 0x10, 0x66,
    0x00, 0x00, 0x00, 0x00, 0x00, 0x00, 0x03, 0x39, 0x00, 0x6D, 0x00, 0x00,
    0x00, 0x02, 0x6E, 0x00, 0x08, 0x00, 0x00, 0x00, 0x5F, 0x73, 0x74, 0x72,
    0x69, 0x6E, 0x67, 0x00, 0x04, 0x70, 0x00, 0x41, 0x00, 0x00, 0x00, 0x03,
    0x30, 0x00, 0x11, 0x00, 0x00, 0x00, 0x02, 0x6E, 0x00, 0x05, 0x00, 0x00,
    0x00, 0x6E, 0x6F, 0x64, 0x65, 0x00, 0x00, 0x03, 0x31, 0x00, 0x12, 0x00,
    0x00, 0x00, 0x02, 0x6E, 0x00, 0x06, 0x00, 0x00, 0x00, 0x66, 0x72, 0x61,
    0x6D, 0x65, 0x00, 0x00, 0x03, 0x32, 0x00, 0x10, 0x00, 0x00, 0x00, 0x02,
    0x6E, 0x00, 0x04, 0x00, 0x00, 0x00, 0x64, 0x73, 0x74, 0x00, 0x00, 0x00,
    0x10, 0x6C, 0x00, 0x09, 0x00, 0x00, 0x00, 0x10, 0x63, 0x00, 0xD0, 0x01,
    0x00, 0x00, 0x10, 0x66, 0x00, 0x00, 0x00, 0x00, 0x00, 0x00, 0x03, 0x31,
    0x30, 0x00, 0x6D, 0x00, 0x00, 0x00, 0x02, 0x6E, 0x00, 0x08, 0x00, 0x00,
    0x00, 0x5F, 0x6E, 0x75, 0x6D, 0x62, 0x65, 0x72, 0x00, 0x04, 0x70, 0x00,
    0x41, 0x00, 0x00, 0x00, 0x03, 0x30, 0x00, 0x11, 0x00, 0x00, 0x00, 0x02,
    0x6E, 0x00, 0x05, 0x00, 0x00, 0x00, 0x6E, 0x6F, 0x64, 0x65, 0x00, 0x00,
    0x03, 0x31, 0x00, 0x12, 0x00, 0x00, 0x00, 0x02, 0x6E, 0x00, 0x06, 0x00,
    0x00, 0x00, 0x66, 0x72, 0x61, 0x6D, 0x65, 0x00, 0x00, 0x03, 0x32, 0x00,
    0x10, 0x00, 0x00, 0x00, 0x02, 0x6E, 0x00, 0x04, 0x00, 0x00, 0x00, 0x64,
    0x73, 0x74, 0x00, 0x00, 0x00, 0x10, 0x6C, 0x00, 0x0E, 0x00, 0x00, 0x00,
    0x10, 0x63, 0x00, 0xFE, 0x01, 0x00, 0x00, 0x10, 0x66, 0x00, 0x00, 0x00,
    0x00, 0x00, 0x00, 0x03, 0x31, 0x31, 0x00, 0x6F, 0x00, 0x00, 0x00, 0x02,
    0x6E, 0x00, 0x0A, 0x00, 0x00, 0x00, 0x5F, 0x63, 0x68, 0x61, 0x72, 0x5F,
    0x6C, 0x69, 0x74, 0x00, 0x04, 0x70, 0x00, 0x41, 0x00, 0x00, 0x00, 0x03,
    0x30, 0x00, 0x11, 0x00, 0x00, 0x00, 0x02, 0x6E, 0x00, 0x05, 0x00, 0x00,
    0x00, 0x6E, 0x6F, 0x64, 0x65, 0x00, 0x00, 0x03, 0x31, 0x00, 0x12, 0x00,
    0x00, 0x00, 0x02, 0x6E, 0x00, 0x06, 0x00, 0x00, 0x00, 0x66, 0x72, 0x61,
    0x6D, 0x65, 0x00, 0x00, 0x03, 0x32, 0x00, 0x10, 0x00, 0x00, 0x00, 0x02,
    0x6E, 0x00, 0x04, 0x00, 0x00, 0x00, 0x64, 0x73, 0x74, 0x00, 0x00, 0x00,
    0x10, 0x6C, 0x00, 0x08, 0x00, 0x00, 0x00, 0x10, 0x63, 0x00, 0x60, 0x02,
    0x00, 0x00, 0x10, 0x66, 0x00, 0x00, 0x00, 0x00, 0x00, 0x00, 0x03, 0x31,
    0x32, 0x00, 0x71, 0x00, 0x00, 0x00, 0x02, 0x6E, 0x00, 0x0C, 0x00, 0x00,
    0x00, 0x5F, 0x73, 0x79, 0x6D, 0x62, 0x6F, 0x6C, 0x5F, 0x6C, 0x69, 0x74,
    0x00, 0x04, 0x70, 0x00, 0x41, 0x00, 0x00, 0x00, 0x03, 0x30, 0x00, 0x11,
    0x00, 0x00, 0x00, 0x02, 0x6E, 0x00, 0x05, 0x00, 0x00, 0x00, 0x6E, 0x6F,
    0x64, 0x65, 0x00, 0x00, 0x03, 0x31, 0x00, 0x12, 0x00, 0x00, 0x00, 0x02,
    0x6E, 0x00, 0x06, 0x00, 0x00, 0x00, 0x66, 0x72, 0x61, 0x6D, 0x65, 0x00,
    0x00, 0x03, 0x32, 0x00, 0x10, 0x00, 0x00, 0x00, 0x02, 0x6E, 0x00, 0x04,
    0x00, 0x00, 0x00, 0x64, 0x73, 0x74, 0x00, 0x00, 0x00, 0x10, 0x6C, 0x00,
    0x09, 0x00, 0x00, 0x00, 0x10, 0x63, 0x00, 0x81, 0x02, 0x00, 0x00, 0x10,
    0x66, 0x00, 0x00, 0x00, 0x00, 0x00, 0x00, 0x03, 0x31, 0x33, 0x00, 0x6F,
    0x00, 0x00, 0x00, 0x02, 0x6E, 0x00, 0x0A, 0x00, 0x00, 0x00, 0x5F, 0x62,
    0x6F, 0x6F, 0x6C, 0x5F, 0x6C, 0x69, 0x74, 0x00, 0x04, 0x70, 0x00, 0x41,
    0x00, 0x00, 0x00, 0x03, 0x30, 0x00, 0x11, 0x00, 0x00, 0x00, 0x02, 0x6E,
    0x00, 0x05, 0x00, 0x00, 0x00, 0x66, 0x6C, 0x61, 0x67, 0x00, 0x00, 0x03,
    0x31, 0x00, 0x12, 0x00, 0x00, 0x00, 0x02, 0x6E, 0x00, 0x06, 0x00, 0x00,
    0x00, 0x66, 0x72, 0x61, 0x6D, 0x65, 0x00, 0x00, 0x03, 0x32, 0x00, 0x10,
    0x00, 0x00, 0x00, 0x02, 0x6E, 0x00, 0x04, 0x00, 0x00, 0x00, 0x64, 0x73,
    0x74, 0x00, 0x00, 0x00, 0x10, 0x6C, 0x00, 0x0B, 0x00, 0x00, 0x00, 0x10,
    0x63, 0x00, 0xB2, 0x02, 0x00, 0x00, 0x10, 0x66, 0x00, 0x00, 0x00, 0x00,
    0x00, 0x00, 0x03, 0x31, 0x34, 0x00, 0x45, 0x00, 0x00, 0x00, 0x02, 0x6E,
    0x00, 0x07, 0x00, 0x00, 0x00, 0x72, 0x65, 0x67, 0x5F, 0x6F, 0x66, 0x00,
    0x04, 0x70, 0x00, 0x1A, 0x00, 0x00, 0x00, 0x03, 0x30, 0x00, 0x12, 0x00,
    0x00, 0x00, 0x02, 0x6E, 0x00, 0x06, 0x00, 0x00, 0x00, 0x77, 0x68, 0x65,
    0x72, 0x65, 0x00, 0x00, 0x00, 0x10, 0x6C, 0x00, 0x02, 0x00, 0x00, 0x00,
    0x10, 0x63, 0x00, 0xD6, 0x02, 0x00, 0x00, 0x10, 0x66, 0x00, 0x00, 0x00,
    0x00, 0x00, 0x00, 0x03, 0x31, 0x35, 0x00, 0x73, 0x00, 0x00, 0x00, 0x02,
    0x6E, 0x00, 0x0B, 0x00, 0x00, 0x00, 0x5F, 0x6C, 0x61, 0x6E, 0x64, 0x5F,
    0x66, 0x72, 0x65, 0x65, 0x00, 0x04, 0x70, 0x00, 0x44, 0x00, 0x00, 0x00,
    0x03, 0x30, 0x00, 0x12, 0x00, 0x00, 0x00, 0x02, 0x6E, 0x00, 0x06, 0x00,
    0x00, 0x00, 0x66, 0x72, 0x61, 0x6D, 0x65, 0x00, 0x00, 0x03, 0x31, 0x00,
    0x10, 0x00, 0x00, 0x00, 0x02, 0x6E, 0x00, 0x04, 0x00, 0x00, 0x00, 0x64,
    0x73, 0x74, 0x00, 0x00, 0x03, 0x32, 0x00, 0x14, 0x00, 0x00, 0x00, 0x02,
    0x6E, 0x00, 0x08, 0x00, 0x00, 0x00, 0x73, 0x6C, 0x6F, 0x74, 0x72, 0x65,
    0x67, 0x00, 0x00, 0x00, 0x10, 0x6C, 0x00, 0x07, 0x00, 0x00, 0x00, 0x10,
    0x63, 0x00, 0xDA, 0x02, 0x00, 0x00, 0x10, 0x66, 0x00, 0x00, 0x00, 0x00,
    0x00, 0x00, 0x03, 0x31, 0x36, 0x00, 0x72, 0x00, 0x00, 0x00, 0x02, 0x6E,
    0x00, 0x0D, 0x00, 0x00, 0x00, 0x72, 0x65, 0x73, 0x6F, 0x6C, 0x76, 0x65,
    0x5F, 0x6E, 0x61, 0x6D, 0x65, 0x00, 0x04, 0x70, 0x00, 0x41, 0x00, 0x00,
    0x00, 0x03, 0x30, 0x00, 0x11, 0x00, 0x00, 0x00, 0x02, 0x6E, 0x00, 0x05,
    0x00, 0x00, 0x00, 0x6E, 0x61, 0x6D, 0x65, 0x00, 0x00, 0x03, 0x31, 0x00,
    0x12, 0x00, 0x00, 0x00, 0x02, 0x6E, 0x00, 0x06, 0x00, 0x00, 0x00, 0x66,
    0x72, 0x61, 0x6D, 0x65, 0x00, 0x00, 0x03, 0x32, 0x00, 0x10, 0x00, 0x00,
    0x00, 0x02, 0x6E, 0x00, 0x04, 0x00, 0x00, 0x00, 0x64, 0x73, 0x74, 0x00,
    0x00, 0x00, 0x10, 0x6C, 0x00, 0x15, 0x00, 0x00, 0x00, 0x10, 0x63, 0x00,
    0xF3, 0x02, 0x00, 0x00, 0x10, 0x66, 0x00, 0x00, 0x00, 0x00, 0x00, 0x00,
    0x03, 0x31, 0x37, 0x00, 0x57, 0x00, 0x00, 0x00, 0x02, 0x6E, 0x00, 0x06,
    0x00, 0x00, 0x00, 0x5F, 0x74, 0x68, 0x69, 0x73, 0x00, 0x04, 0x70, 0x00,
    0x2D, 0x00, 0x00, 0x00, 0x03, 0x30, 0x00, 0x12, 0x00, 0x00, 0x00, 0x02,
    0x6E, 0x00, 0x06, 0x00, 0x00, 0x00, 0x66, 0x72, 0x61, 0x6D, 0x65, 0x00,
    0x00, 0x03, 0x31, 0x00, 0x10, 0x00, 0x00, 0x00, 0x02, 0x6E, 0x00, 0x04,
    0x00, 0x00, 0x00, 0x64, 0x73, 0x74, 0x00, 0x00, 0x00, 0x10, 0x6C, 0x00,
    0x04, 0x00, 0x00, 0x00, 0x10, 0x63, 0x00, 0xA7, 0x03, 0x00, 0x00, 0x10,
    0x66, 0x00, 0x00, 0x00, 0x00, 0x00, 0x00, 0x03, 0x31, 0x38, 0x00, 0x72,
    0x00, 0x00, 0x00, 0x02, 0x6E, 0x00, 0x0D, 0x00, 0x00, 0x00, 0x5F, 0x62,
    0x61, 0x72, 0x65, 0x5F, 0x73, 0x79, 0x6D, 0x62, 0x6F, 0x6C, 0x00, 0x04,
    0x70, 0x00, 0x41, 0x00, 0x00, 0x00, 0x03, 0x30, 0x00, 0x11, 0x00, 0x00,
    0x00, 0x02, 0x6E, 0x00, 0x05, 0x00, 0x00, 0x00, 0x6E, 0x6F, 0x64, 0x65,
    0x00, 0x00, 0x03, 0x31, 0x00, 0x12, 0x00, 0x00, 0x00, 0x02, 0x6E, 0x00,
    0x06, 0x00, 0x00, 0x00, 0x66, 0x72, 0x61, 0x6D, 0x65, 0x00, 0x00, 0x03,
    0x32, 0x00, 0x10, 0x00, 0x00, 0x00, 0x02, 0x6E, 0x00, 0x04, 0x00, 0x00,
    0x00, 0x64, 0x73, 0x74, 0x00, 0x00, 0x00, 0x10, 0x6C, 0x00, 0x08, 0x00,
    0x00, 0x00, 0x10, 0x63, 0x00, 0xBA, 0x03, 0x00, 0x00, 0x10, 0x66, 0x00,
    0x00, 0x00, 0x00, 0x00, 0x00, 0x03, 0x31, 0x39, 0x00, 0x7E, 0x00, 0x00,
    0x00, 0x02, 0x6E, 0x00, 0x07, 0x00, 0x00, 0x00, 0x5F, 0x75, 0x6E, 0x61,
    0x72, 0x79, 0x00, 0x04, 0x70, 0x00, 0x53, 0x00, 0x00, 0x00, 0x03, 0x30,
    0x00, 0x11, 0x00, 0x00, 0x00, 0x02, 0x6E, 0x00, 0x05, 0x00, 0x00, 0x00,
    0x6E, 0x6F, 0x64, 0x65, 0x00, 0x00, 0x03, 0x31, 0x00, 0x12, 0x00, 0x00,
    0x00, 0x02, 0x6E, 0x00, 0x06, 0x00, 0x00, 0x00, 0x66, 0x72, 0x61, 0x6D,
    0x65, 0x00, 0x00, 0x03, 0x32, 0x00, 0x10, 0x00, 0x00, 0x00, 0x02, 0x6E,
    0x00, 0x04, 0x00, 0x00, 0x00, 0x64, 0x73, 0x74, 0x00, 0x00, 0x03, 0x33,
    0x00, 0x0F, 0x00, 0x00, 0x00, 0x02, 0x6E, 0x00, 0x03, 0x00, 0x00, 0x00,
    0x6F, 0x70, 0x00, 0x00, 0x00, 0x10, 0x6C, 0x00, 0x09, 0x00, 0x00, 0x00,
    0x10, 0x63, 0x00, 0x57, 0x04, 0x00, 0x00, 0x10, 0x66, 0x00, 0x00, 0x00,
    0x00, 0x00, 0x00, 0x03, 0x32, 0x30, 0x00, 0x6A, 0x00, 0x00, 0x00, 0x02,
    0x6E, 0x00, 0x05, 0x00, 0x00, 0x00, 0x5F, 0x70, 0x6F, 0x73, 0x00, 0x04,
    0x70, 0x00, 0x41, 0x00, 0x00, 0x00, 0x03, 0x30, 0x00, 0x11, 0x00, 0x00,
    0x00, 0x02, 0x6E, 0x00, 0x05, 0x00, 0x00, 0x00, 0x6E, 0x6F, 0x64, 0x65,
    0x00, 0x00, 0x03, 0x31, 0x00, 0x12, 0x00, 0x00, 0x00, 0x02, 0x6E, 0x00,
    0x06, 0x00, 0x00, 0x00, 0x66, 0x72, 0x61, 0x6D, 0x65, 0x00, 0x00, 0x03,
    0x32, 0x00, 0x10, 0x00, 0x00, 0x00, 0x02, 0x6E, 0x00, 0x04, 0x00, 0x00,
    0x00, 0x64, 0x73, 0x74, 0x00, 0x00, 0x00, 0x10, 0x6C, 0x00, 0x06, 0x00,
    0x00, 0x00, 0x10, 0x63, 0x00, 0x84, 0x04, 0x00, 0x00, 0x10, 0x66, 0x00,
    0x00, 0x00, 0x00, 0x00, 0x00, 0x03, 0x32, 0x31, 0x00, 0x6C, 0x00, 0x00,
    0x00, 0x02, 0x6E, 0x00, 0x07, 0x00, 0x00, 0x00, 0x5F, 0x62, 0x69, 0x6E,
    0x6F, 0x70, 0x00, 0x04, 0x70, 0x00, 0x41, 0x00, 0x00, 0x00, 0x03, 0x30,
    0x00, 0x11, 0x00, 0x00, 0x00, 0x02, 0x6E, 0x00, 0x05, 0x00, 0x00, 0x00,
    0x6E, 0x6F, 0x64, 0x65, 0x00, 0x00, 0x03, 0x31, 0x00, 0x12, 0x00, 0x00,
    0x00, 0x02, 0x6E, 0x00, 0x06, 0x00, 0x00, 0x00, 0x66, 0x72, 0x61, 0x6D,
    0x65, 0x00, 0x00, 0x03, 0x32, 0x00, 0x10, 0x00, 0x00, 0x00, 0x02, 0x6E,
    0x00, 0x04, 0x00, 0x00, 0x00, 0x64, 0x73, 0x74, 0x00, 0x00, 0x00, 0x10,
    0x6C, 0x00, 0x12, 0x00, 0x00, 0x00, 0x10, 0x63, 0x00, 0x9F, 0x04, 0x00,
    0x00, 0x10, 0x66, 0x00, 0x00, 0x00, 0x00, 0x00, 0x00, 0x03, 0x32, 0x32,
    0x00, 0x6A, 0x00, 0x00, 0x00, 0x02, 0x6E, 0x00, 0x05, 0x00, 0x00, 0x00,
    0x5F, 0x65, 0x78, 0x70, 0x00, 0x04, 0x70, 0x00, 0x41, 0x00, 0x00, 0x00,
    0x03, 0x30, 0x00, 0x11, 0x00, 0x00, 0x00, 0x02, 0x6E, 0x00, 0x05, 0x00,
    0x00, 0x00, 0x6E, 0x6F, 0x64, 0x65, 0x00, 0x00, 0x03, 0x31, 0x00, 0x12,
    0x00, 0x00, 0x00, 0x02, 0x6E, 0x00, 0x06, 0x00, 0x00, 0x00, 0x66, 0x72,
    0x61, 0x6D, 0x65, 0x00, 0x00, 0x03, 0x32, 0x00, 0x10, 0x00, 0x00, 0x00,
    0x02, 0x6E, 0x00, 0x04, 0x00, 0x00, 0x00, 0x64, 0x73, 0x74, 0x00, 0x00,
    0x00, 0x10, 0x6C, 0x00, 0x10, 0x00, 0x00, 0x00, 0x10, 0x63, 0x00, 0x0E,
    0x05, 0x00, 0x00, 0x10, 0x66, 0x00, 0x00, 0x00, 0x00, 0x00, 0x00, 0x03,
    0x32, 0x33, 0x00, 0x6C, 0x00, 0x00, 0x00, 0x02, 0x6E, 0x00, 0x07, 0x00,
    0x00, 0x00, 0x5F, 0x69, 0x6E, 0x5F, 0x6F, 0x70, 0x00, 0x04, 0x70, 0x00,
    0x41, 0x00, 0x00, 0x00, 0x03, 0x30, 0x00, 0x11, 0x00, 0x00, 0x00, 0x02,
    0x6E, 0x00, 0x05, 0x00, 0x00, 0x00, 0x6E, 0x6F, 0x64, 0x65, 0x00, 0x00,
    0x03, 0x31, 0x00, 0x12, 0x00, 0x00, 0x00, 0x02, 0x6E, 0x00, 0x06, 0x00,
    0x00, 0x00, 0x66, 0x72, 0x61, 0x6D, 0x65, 0x00, 0x00, 0x03, 0x32, 0x00,
    0x10, 0x00, 0x00, 0x00, 0x02, 0x6E, 0x00, 0x04, 0x00, 0x00, 0x00, 0x64,
    0x73, 0x74, 0x00, 0x00, 0x00, 0x10, 0x6C, 0x00, 0x10, 0x00, 0x00, 0x00,
    0x10, 0x63, 0x00, 0x59, 0x05, 0x00, 0x00, 0x10, 0x66, 0x00, 0x00, 0x00,
    0x00, 0x00, 0x00, 0x03, 0x32, 0x34, 0x00, 0x8A, 0x00, 0x00, 0x00, 0x02,
    0x6E, 0x00, 0x0F, 0x00, 0x00, 0x00, 0x5F, 0x73, 0x68, 0x6F, 0x72, 0x74,
    0x5F, 0x63, 0x69, 0x72, 0x63, 0x75, 0x69, 0x74, 0x00, 0x04, 0x70, 0x00,
    0x57, 0x00, 0x00, 0x00, 0x03, 0x30, 0x00, 0x11, 0x00, 0x00, 0x00, 0x02,
    0x6E, 0x00, 0x05, 0x00, 0x00, 0x00, 0x6E, 0x6F, 0x64, 0x65, 0x00, 0x00,
    0x03, 0x31, 0x00, 0x12, 0x00, 0x00, 0x00, 0x02, 0x6E, 0x00, 0x06, 0x00,
    0x00, 0x00, 0x66, 0x72, 0x61, 0x6D, 0x65, 0x00, 0x00, 0x03, 0x32, 0x00,
    0x10, 0x00, 0x00, 0x00, 0x02, 0x6E, 0x00, 0x04, 0x00, 0x00, 0x00, 0x64,
    0x73, 0x74, 0x00, 0x00, 0x03, 0x33, 0x00, 0x13, 0x00, 0x00, 0x00, 0x02,
    0x6E, 0x00, 0x07, 0x00, 0x00, 0x00, 0x69, 0x73, 0x5F, 0x61, 0x6E, 0x64,
    0x00, 0x00, 0x00, 0x10, 0x6C, 0x00, 0x10, 0x00, 0x00, 0x00, 0x10, 0x63,
    0x00, 0xA4, 0x05, 0x00, 0x00, 0x10, 0x66, 0x00, 0x00, 0x00, 0x00, 0x00,
    0x00, 0x03, 0x32, 0x35, 0x00, 0x4E, 0x00, 0x00, 0x00, 0x02, 0x6E, 0x00,
    0x0C, 0x00, 0x00, 0x00, 0x5F, 0x74, 0x79, 0x70, 0x65, 0x5F, 0x61, 0x74,
    0x6F, 0x6D, 0x73, 0x00, 0x04, 0x70, 0x00, 0x1E, 0x00, 0x00, 0x00, 0x03,
    0x30, 0x00, 0x16, 0x00, 0x00, 0x00, 0x02, 0x6E, 0x00, 0x0A, 0x00, 0x00,
    0x00, 0x74, 0x79, 0x70, 0x65, 0x5F, 0x6E, 0x6F, 0x64, 0x65, 0x00, 0x00,
    0x00, 0x10, 0x6C, 0x00, 0x06, 0x00, 0x00, 0x00, 0x10, 0x63, 0x00, 0x25,
    0x06, 0x00, 0x00, 0x10, 0x66, 0x00, 0x00, 0x00, 0x00, 0x00, 0x00, 0x03,
    0x32, 0x36, 0x00, 0x4E, 0x00, 0x00, 0x00, 0x02, 0x6E, 0x00, 0x0C, 0x00,
    0x00, 0x00, 0x5F, 0x74, 0x79, 0x70, 0x65, 0x5F, 0x70, 0x61, 0x72, 0x74,
    0x73, 0x00, 0x04, 0x70, 0x00, 0x1E, 0x00, 0x00, 0x00, 0x03, 0x30, 0x00,
    0x16, 0x00, 0x00, 0x00, 0x02, 0x6E, 0x00, 0x0A, 0x00, 0x00, 0x00, 0x61,
    0x74, 0x6F, 0x6D, 0x5F, 0x6E, 0x6F, 0x64, 0x65, 0x00, 0x00, 0x00, 0x10,
    0x6C, 0x00, 0x07, 0x00, 0x00, 0x00, 0x10, 0x63, 0x00, 0x63, 0x06, 0x00,
    0x00, 0x10, 0x66, 0x00, 0x00, 0x00, 0x00, 0x00, 0x00, 0x03, 0x32, 0x37,
    0x00, 0x76, 0x00, 0x00, 0x00, 0x02, 0x6E, 0x00, 0x0C, 0x00, 0x00, 0x00,
    0x5F, 0x74, 0x79, 0x70, 0x65, 0x5F, 0x76, 0x61, 0x6C, 0x75, 0x65, 0x00,
    0x04, 0x70, 0x00, 0x46, 0x00, 0x00, 0x00, 0x03, 0x30, 0x00, 0x16, 0x00,
    0x00, 0x00, 0x02, 0x6E, 0x00, 0x0A, 0x00, 0x00, 0x00, 0x61, 0x74, 0x6F,
    0x6D, 0x5F, 0x6E, 0x6F, 0x64, 0x65, 0x00, 0x00, 0x03, 0x31, 0x00, 0x12,
    0x00, 0x00, 0x00, 0x02, 0x6E, 0x00, 0x06, 0x00, 0x00, 0x00, 0x66, 0x72,
    0x61, 0x6D, 0x65, 0x00, 0x00, 0x03, 0x32, 0x00, 0x10, 0x00, 0x00, 0x00,
    0x02, 0x6E, 0x00, 0x04, 0x00, 0x00, 0x00, 0x64, 0x73, 0x74, 0x00, 0x00,
    0x00, 0x10, 0x6C, 0x00, 0x0B, 0x00, 0x00, 0x00, 0x10, 0x63, 0x00, 0xB4,
    0x06, 0x00, 0x00, 0x10, 0x66, 0x00, 0x00, 0x00, 0x00, 0x00, 0x00, 0x03,
    0x32, 0x38, 0x00, 0x71, 0x00, 0x00, 0x00, 0x02, 0x6E, 0x00, 0x0C, 0x00,
    0x00, 0x00, 0x5F, 0x74, 0x79, 0x70, 0x65, 0x5F, 0x63, 0x68, 0x65, 0x63,
    0x6B, 0x00, 0x04, 0x70, 0x00, 0x41, 0x00, 0x00, 0x00, 0x03, 0x30, 0x00,
    0x11, 0x00, 0x00, 0x00, 0x02, 0x6E, 0x00, 0x05, 0x00, 0x00, 0x00, 0x6E,
    0x6F, 0x64, 0x65, 0x00, 0x00, 0x03, 0x31, 0x00, 0x12, 0x00, 0x00, 0x00,
    0x02, 0x6E, 0x00, 0x06, 0x00, 0x00, 0x00, 0x66, 0x72, 0x61, 0x6D, 0x65,
    0x00, 0x00, 0x03, 0x32, 0x00, 0x10, 0x00, 0x00, 0x00, 0x02, 0x6E, 0x00,
    0x04, 0x00, 0x00, 0x00, 0x64, 0x73, 0x74, 0x00, 0x00, 0x00, 0x10, 0x6C,
    0x00, 0x18, 0x00, 0x00, 0x00, 0x10, 0x63, 0x00, 0x28, 0x07, 0x00, 0x00,
    0x10, 0x66, 0x00, 0x00, 0x00, 0x00, 0x00, 0x00, 0x03, 0x32, 0x39, 0x00,
    0x66, 0x00, 0x00, 0x00, 0x02, 0x6E, 0x00, 0x14, 0x00, 0x00, 0x00, 0x63,
    0x6F, 0x6D, 0x70, 0x69, 0x6C, 0x65, 0x5F, 0x69, 0x6E, 0x74, 0x6F, 0x5F,
    0x77, 0x69, 0x6E, 0x64, 0x6F, 0x77, 0x00, 0x04, 0x70, 0x00, 0x2E, 0x00,
    0x00, 0x00, 0x03, 0x30, 0x00, 0x11, 0x00, 0x00, 0x00, 0x02, 0x6E, 0x00,
    0x05, 0x00, 0x00, 0x00, 0x6E, 0x6F, 0x64, 0x65, 0x00, 0x00, 0x03, 0x31,
    0x00, 0x12, 0x00, 0x00, 0x00, 0x02, 0x6E, 0x00, 0x06, 0x00, 0x00, 0x00,
    0x66, 0x72, 0x61, 0x6D, 0x65, 0x00, 0x00, 0x00, 0x10, 0x6C, 0x00, 0x0A,
    0x00, 0x00, 0x00, 0x10, 0x63, 0x00, 0xD0, 0x07, 0x00, 0x00, 0x10, 0x66,
    0x00, 0x00, 0x00, 0x00, 0x00, 0x00, 0x03, 0x33, 0x30, 0x00, 0x53, 0x00,
    0x00, 0x00, 0x02, 0x6E, 0x00, 0x16, 0x00, 0x00, 0x00, 0x68, 0x61, 0x73,
    0x5F, 0x73, 0x70, 0x72, 0x65, 0x61, 0x64, 0x5F, 0x6F, 0x72, 0x5F, 0x6B,
    0x65, 0x79, 0x77, 0x6F, 0x72, 0x64, 0x00, 0x04, 0x70, 0x00, 0x19, 0x00,
    0x00, 0x00, 0x03, 0x30, 0x00, 0x11, 0x00, 0x00, 0x00, 0x02, 0x6E, 0x00,
    0x05, 0x00, 0x00, 0x00, 0x61, 0x72, 0x67, 0x73, 0x00, 0x00, 0x00, 0x10,
    0x6C, 0x00, 0x05, 0x00, 0x00, 0x00, 0x10, 0x63, 0x00, 0x0B, 0x08, 0x00,
    0x00, 0x10, 0x66, 0x00, 0x00, 0x00, 0x00, 0x00, 0x00, 0x03, 0x33, 0x31,
    0x00, 0x74, 0x00, 0x00, 0x00, 0x02, 0x6E, 0x00, 0x0E, 0x00, 0x00, 0x00,
    0x5F, 0x63, 0x6F, 0x6D, 0x70, 0x69, 0x6C, 0x65, 0x5F, 0x63, 0x61, 0x6C,
    0x6C, 0x00, 0x04, 0x70, 0x00, 0x42, 0x00, 0x00, 0x00, 0x03, 0x30, 0x00,
    0x11, 0x00, 0x00, 0x00, 0x02, 0x6E, 0x00, 0x05, 0x00, 0x00, 0x00, 0x6E,
    0x6F, 0x64, 0x65, 0x00, 0x00, 0x03, 0x31, 0x00, 0x12, 0x00, 0x00, 0x00,
    0x02, 0x6E, 0x00, 0x06, 0x00, 0x00, 0x00, 0x66, 0x72, 0x61, 0x6D, 0x65,
    0x00, 0x00, 0x03, 0x32, 0x00, 0x11, 0x00, 0x00, 0x00, 0x02, 0x6E, 0x00,
    0x05, 0x00, 0x00, 0x00, 0x6E, 0x72, 0x65, 0x73, 0x00, 0x00, 0x00, 0x10,
    0x6C, 0x00, 0x17, 0x00, 0x00, 0x00, 0x10, 0x63, 0x00, 0x25, 0x08, 0x00,
    0x00, 0x10, 0x66, 0x00, 0x00, 0x00, 0x00, 0x00, 0x00, 0x03, 0x33, 0x32,
    0x00, 0x73, 0x00, 0x00, 0x00, 0x02, 0x6E, 0x00, 0x0D, 0x00, 0x00, 0x00,
    0x63, 0x6F, 0x6D, 0x70, 0x69, 0x6C, 0x65, 0x5F, 0x63, 0x61, 0x6C, 0x6C,
    0x00, 0x04, 0x70, 0x00, 0x42, 0x00, 0x00, 0x00, 0x03, 0x30, 0x00, 0x11,
    0x00, 0x00, 0x00, 0x02, 0x6E, 0x00, 0x05, 0x00, 0x00, 0x00, 0x6E, 0x6F,
    0x64, 0x65, 0x00, 0x00, 0x03, 0x31, 0x00, 0x12, 0x00, 0x00, 0x00, 0x02,
    0x6E, 0x00, 0x06, 0x00, 0x00, 0x00, 0x66, 0x72, 0x61, 0x6D, 0x65, 0x00,
    0x00, 0x03, 0x32, 0x00, 0x11, 0x00, 0x00, 0x00, 0x02, 0x6E, 0x00, 0x05,
    0x00, 0x00, 0x00, 0x6E, 0x72, 0x65, 0x73, 0x00, 0x00, 0x00, 0x10, 0x6C,
    0x00, 0x0A, 0x00, 0x00, 0x00, 0x10, 0x63, 0x00, 0xCF, 0x08, 0x00, 0x00,
    0x10, 0x66, 0x00, 0x00, 0x00, 0x00, 0x00, 0x00, 0x03, 0x33, 0x33, 0x00,
    0x6B, 0x00, 0x00, 0x00, 0x02, 0x6E, 0x00, 0x06, 0x00, 0x00, 0x00, 0x5F,
    0x63, 0x61, 0x6C, 0x6C, 0x00, 0x04, 0x70, 0x00, 0x41, 0x00, 0x00, 0x00,
    0x03, 0x30, 0x00, 0x11, 0x00, 0x00, 0x00, 0x02, 0x6E, 0x00, 0x05, 0x00,
    0x00, 0x00, 0x6E, 0x6F, 0x64, 0x65, 0x00, 0x00, 0x03, 0x31, 0x00, 0x12,
    0x00, 0x00, 0x00, 0x02, 0x6E, 0x00, 0x06, 0x00, 0x00, 0x00, 0x66, 0x72,
    0x61, 0x6D, 0x65, 0x00, 0x00, 0x03, 0x32, 0x00, 0x10, 0x00, 0x00, 0x00,
    0x02, 0x6E, 0x00, 0x04, 0x00, 0x00, 0x00, 0x64, 0x73, 0x74, 0x00, 0x00,
    0x00, 0x10, 0x6C, 0x00, 0x05, 0x00, 0x00, 0x00, 0x10, 0x63, 0x00, 0xF6,
    0x08, 0x00, 0x00, 0x10, 0x66, 0x00, 0x00, 0x00, 0x00, 0x00, 0x00, 0x03,
    0x33, 0x34, 0x00, 0x5E, 0x00, 0x00, 0x00, 0x02, 0x6E, 0x00, 0x0B, 0x00,
    0x00, 0x00, 0x5F, 0x77, 0x69, 0x6E, 0x64, 0x6F, 0x77, 0x5F, 0x6F, 0x66,
    0x00, 0x04, 0x70, 0x00, 0x2F, 0x00, 0x00, 0x00, 0x03, 0x30, 0x00, 0x12,
    0x00, 0x00, 0x00, 0x02, 0x6E, 0x00, 0x06, 0x00, 0x00, 0x00, 0x69, 0x74,
    0x65, 0x6D, 0x73, 0x00, 0x00, 0x03, 0x31, 0x00, 0x12, 0x00, 0x00, 0x00,
    0x02, 0x6E, 0x00, 0x06, 0x00, 0x00, 0x00, 0x66, 0x72, 0x61, 0x6D, 0x65,
    0x00, 0x00, 0x00, 0x10, 0x6C, 0x00, 0x07, 0x00, 0x00, 0x00, 0x10, 0x63,
    0x00, 0x09, 0x09, 0x00, 0x00, 0x10, 0x66, 0x00, 0x00, 0x00, 0x00, 0x00,
    0x00, 0x03, 0x33, 0x35, 0x00, 0x97, 0x00, 0x00, 0x00, 0x02, 0x6E, 0x00,
    0x0A, 0x00, 0x00, 0x00, 0x5F, 0x73, 0x65, 0x71, 0x75, 0x65, 0x6E, 0x63,
    0x65, 0x00, 0x04, 0x70, 0x00, 0x69, 0x00, 0x00, 0x00, 0x03, 0x30, 0x00,
    0x12, 0x00, 0x00, 0x00, 0x02, 0x6E, 0x00, 0x06, 0x00, 0x00, 0x00, 0x66,
    0x72, 0x61, 0x6D, 0x65, 0x00, 0x00, 0x03, 0x31, 0x00, 0x10, 0x00, 0x00,
    0x00, 0x02, 0x6E, 0x00, 0x04, 0x00, 0x00, 0x00, 0x64, 0x73, 0x74, 0x00,
    0x00, 0x03, 0x32, 0x00, 0x0F, 0x00, 0x00, 0x00, 0x02, 0x6E, 0x00, 0x03,
    0x00, 0x00, 0x00, 0x6F, 0x70, 0x00, 0x00, 0x03, 0x33, 0x00, 0x12, 0x00,
    0x00, 0x00, 0x02, 0x6E, 0x00, 0x06, 0x00, 0x00, 0x00, 0x69, 0x74, 0x65,
    0x6D, 0x73, 0x00, 0x00, 0x03, 0x34, 0x00, 0x12, 0x00, 0x00, 0x00, 0x02,
    0x6E, 0x00, 0x06, 0x00, 0x00, 0x00, 0x6C, 0x69, 0x6D, 0x69, 0x74, 0x00,
    0x00, 0x00, 0x10, 0x6C, 0x00, 0x10, 0x00, 0x00, 0x00, 0x10, 0x63, 0x00,
    0x28, 0x09, 0x00, 0x00, 0x10, 0x66, 0x00, 0x00, 0x00, 0x00, 0x00, 0x00,
    0x03, 0x33, 0x36, 0x00, 0x6C, 0x00, 0x00, 0x00, 0x02, 0x6E, 0x00, 0x07,
    0x00, 0x00, 0x00, 0x5F, 0x61, 0x72, 0x72, 0x61, 0x79, 0x00, 0x04, 0x70,
    0x00, 0x41, 0x00, 0x00, 0x00, 0x03, 0x30, 0x00, 0x11, 0x00, 0x00, 0x00,
    0x02, 0x6E, 0x00, 0x05, 0x00, 0x00, 0x00, 0x6E, 0x6F, 0x64, 0x65, 0x00,
    0x00, 0x03, 0x31, 0x00, 0x12, 0x00, 0x00, 0x00, 0x02, 0x6E, 0x00, 0x06,
    0x00, 0x00, 0x00, 0x66, 0x72, 0x61, 0x6D, 0x65, 0x00, 0x00, 0x03, 0x32,
    0x00, 0x10, 0x00, 0x00, 0x00, 0x02, 0x6E, 0x00, 0x04, 0x00, 0x00, 0x00,
    0x64, 0x73, 0x74, 0x00, 0x00, 0x00, 0x10, 0x6C, 0x00, 0x07, 0x00, 0x00,
    0x00, 0x10, 0x63, 0x00, 0x87, 0x09, 0x00, 0x00, 0x10, 0x66, 0x00, 0x00,
    0x00, 0x00, 0x00, 0x00, 0x03, 0x33, 0x37, 0x00, 0x6C, 0x00, 0x00, 0x00,
    0x02, 0x6E, 0x00, 0x07, 0x00, 0x00, 0x00, 0x5F, 0x74, 0x75, 0x70, 0x6C,
    0x65, 0x00, 0x04, 0x70, 0x00, 0x41, 0x00, 0x00, 0x00, 0x03, 0x30, 0x00,
    0x11, 0x00, 0x00, 0x00, 0x02, 0x6E, 0x00, 0x05, 0x00, 0x00, 0x00, 0x6E,
    0x6F, 0x64, 0x65, 0x00, 0x00, 0x03, 0x31, 0x00, 0x12, 0x00, 0x00, 0x00,
    0x02, 0x6E, 0x00, 0x06, 0x00, 0x00, 0x00, 0x66, 0x72, 0x61, 0x6D, 0x65,
    0x00, 0x00, 0x03, 0x32, 0x00, 0x10, 0x00, 0x00, 0x00, 0x02, 0x6E, 0x00,
    0x04, 0x00, 0x00, 0x00, 0x64, 0x73, 0x74, 0x00, 0x00, 0x00, 0x10, 0x6C,
    0x00, 0x07, 0x00, 0x00, 0x00, 0x10, 0x63, 0x00, 0x98, 0x09, 0x00, 0x00,
    0x10, 0x66, 0x00, 0x00, 0x00, 0x00, 0x00, 0x00, 0x03, 0x33, 0x38, 0x00,
    0x6C, 0x00, 0x00, 0x00, 0x02, 0x6E, 0x00, 0x07, 0x00, 0x00, 0x00, 0x5F,
    0x70, 0x6C, 0x69, 0x73, 0x74, 0x00, 0x04, 0x70, 0x00, 0x41, 0x00, 0x00,
    0x00, 0x03, 0x30, 0x00, 0x11, 0x00, 0x00, 0x00, 0x02, 0x6E, 0x00, 0x05,
    0x00, 0x00, 0x00, 0x6E, 0x6F, 0x64, 0x65, 0x00, 0x00, 0x03, 0x31, 0x00,
    0x12, 0x00, 0x00, 0x00, 0x02, 0x6E, 0x00, 0x06, 0x00, 0x00, 0x00, 0x66,
    0x72, 0x61, 0x6D, 0x65, 0x00, 0x00, 0x03, 0x32, 0x00, 0x10, 0x00, 0x00,
    0x00, 0x02, 0x6E, 0x00, 0x04, 0x00, 0x00, 0x00, 0x64, 0x73, 0x74, 0x00,
    0x00, 0x00, 0x10, 0x6C, 0x00, 0x07, 0x00, 0x00, 0x00, 0x10, 0x63, 0x00,
    0xAA, 0x09, 0x00, 0x00, 0x10, 0x66, 0x00, 0x00, 0x00, 0x00, 0x00, 0x00,
    0x03, 0x33, 0x39, 0x00, 0x6B, 0x00, 0x00, 0x00, 0x02, 0x6E, 0x00, 0x06,
    0x00, 0x00, 0x00, 0x5F, 0x64, 0x69, 0x63, 0x74, 0x00, 0x04, 0x70, 0x00,
    0x41, 0x00, 0x00, 0x00, 0x03, 0x30, 0x00, 0x11, 0x00, 0x00, 0x00, 0x02,
    0x6E, 0x00, 0x05, 0x00, 0x00, 0x00, 0x6E, 0x6F, 0x64, 0x65, 0x00, 0x00,
    0x03, 0x31, 0x00, 0x12, 0x00, 0x00, 0x00, 0x02, 0x6E, 0x00, 0x06, 0x00,
    0x00, 0x00, 0x66, 0x72, 0x61, 0x6D, 0x65, 0x00, 0x00, 0x03, 0x32, 0x00,
    0x10, 0x00, 0x00, 0x00, 0x02, 0x6E, 0x00, 0x04, 0x00, 0x00, 0x00, 0x64,
    0x73, 0x74, 0x00, 0x00, 0x00, 0x10, 0x6C, 0x00, 0x13, 0x00, 0x00, 0x00,
    0x10, 0x63, 0x00, 0xBB, 0x09, 0x00, 0x00, 0x10, 0x66, 0x00, 0x00, 0x00,
    0x00, 0x00, 0x00, 0x03, 0x34, 0x30, 0x00, 0x61, 0x00, 0x00, 0x00, 0x02,
    0x6E, 0x00, 0x0F, 0x00, 0x00, 0x00, 0x6F, 0x77, 0x6E, 0x5F, 0x73, 0x6C,
    0x6F, 0x74, 0x5F, 0x69, 0x6E, 0x64, 0x65, 0x78, 0x00, 0x04, 0x70, 0x00,
    0x2E, 0x00, 0x00, 0x00, 0x03, 0x30, 0x00, 0x11, 0x00, 0x00, 0x00, 0x02,
    0x6E, 0x00, 0x05, 0x00, 0x00, 0x00, 0x6E, 0x6F, 0x64, 0x65, 0x00, 0x00,
    0x03, 0x31, 0x00, 0x12, 0x00, 0x00, 0x00, 0x02, 0x6E, 0x00, 0x06, 0x00,
    0x00, 0x00, 0x66, 0x72, 0x61, 0x6D, 0x65, 0x00, 0x00, 0x00, 0x10, 0x6C,
    0x00, 0x05, 0x00, 0x00, 0x00, 0x10, 0x63, 0x00, 0x14, 0x0A, 0x00, 0x00,
    0x10, 0x66, 0x00, 0x00, 0x00, 0x00, 0x00, 0x00, 0x03, 0x34, 0x31, 0x00,
    0x6B, 0x00, 0x00, 0x00, 0x02, 0x6E, 0x00, 0x06, 0x00, 0x00, 0x00, 0x5F,
    0x61, 0x74, 0x74, 0x72, 0x00, 0x04, 0x70, 0x00, 0x41, 0x00, 0x00, 0x00,
    0x03, 0x30, 0x00, 0x11, 0x00, 0x00, 0x00, 0x02, 0x6E, 0x00, 0x05, 0x00,
    0x00, 0x00, 0x6E, 0x6F, 0x64, 0x65, 0x00, 0x00, 0x03, 0x31, 0x00, 0x12,
    0x00, 0x00, 0x00, 0x02, 0x6E, 0x00, 0x06, 0x00, 0x00, 0x00, 0x66, 0x72,
    0x61, 0x6D, 0x65, 0x00, 0x00, 0x03, 0x32, 0x00, 0x10, 0x00, 0x00, 0x00,
    0x02, 0x6E, 0x00, 0x04, 0x00, 0x00, 0x00, 0x64, 0x73, 0x74, 0x00, 0x00,
    0x00, 0x10, 0x6C, 0x00, 0x12, 0x00, 0x00, 0x00, 0x10, 0x63, 0x00, 0x40,
    0x0A, 0x00, 0x00, 0x10, 0x66, 0x00, 0x00, 0x00, 0x00, 0x00, 0x00, 0x03,
    0x34, 0x32, 0x00, 0x6C, 0x00, 0x00, 0x00, 0x02, 0x6E, 0x00, 0x07, 0x00,
    0x00, 0x00, 0x5F, 0x69, 0x6E, 0x64, 0x65, 0x78, 0x00, 0x04, 0x70, 0x00,
    0x41, 0x00, 0x00, 0x00, 0x03, 0x30, 0x00, 0x11, 0x00, 0x00, 0x00, 0x02,
    0x6E, 0x00, 0x05, 0x00, 0x00, 0x00, 0x6E, 0x6F, 0x64, 0x65, 0x00, 0x00,
    0x03, 0x31, 0x00, 0x12, 0x00, 0x00, 0x00, 0x02, 0x6E, 0x00, 0x06, 0x00,
    0x00, 0x00, 0x66, 0x72, 0x61, 0x6D, 0x65, 0x00, 0x00, 0x03, 0x32, 0x00,
    0x10, 0x00, 0x00, 0x00, 0x02, 0x6E, 0x00, 0x04, 0x00, 0x00, 0x00, 0x64,
    0x73, 0x74, 0x00, 0x00, 0x00, 0x10, 0x6C, 0x00, 0x10, 0x00, 0x00, 0x00,
    0x10, 0x63, 0x00, 0xB2, 0x0A, 0x00, 0x00, 0x10, 0x66, 0x00, 0x00, 0x00,
    0x00, 0x00, 0x00, 0x03, 0x34, 0x33, 0x00, 0x53, 0x00, 0x00, 0x00, 0x02,
    0x6E, 0x00, 0x12, 0x00, 0x00, 0x00, 0x73, 0x65, 0x74, 0x5F, 0x62, 0x6F,
    0x64, 0x79, 0x5F, 0x63, 0x6F, 0x6D, 0x70, 0x69, 0x6C, 0x65, 0x72, 0x00,
    0x04, 0x70, 0x00, 0x1D, 0x00, 0x00, 0x00, 0x03, 0x30, 0x00, 0x15, 0x00,
    0x00, 0x00, 0x02, 0x6E, 0x00, 0x09, 0x00, 0x00, 0x00, 0x63, 0x6F, 0x6D,
    0x70, 0x69, 0x6C, 0x65, 0x72, 0x00, 0x00, 0x00, 0x10, 0x6C, 0x00, 0x01,
    0x00, 0x00, 0x00, 0x10, 0x63, 0x00, 0xFD, 0x0A, 0x00, 0x00, 0x10, 0x66,
    0x00, 0x00, 0x00, 0x00, 0x00, 0x00, 0x03, 0x34, 0x34, 0x00, 0x56, 0x00,
    0x00, 0x00, 0x02, 0x6E, 0x00, 0x15, 0x00, 0x00, 0x00, 0x73, 0x65, 0x74,
    0x5F, 0x63, 0x6C, 0x6F, 0x73, 0x75, 0x72, 0x65, 0x5F, 0x63, 0x6F, 0x6D,
    0x70, 0x69, 0x6C, 0x65, 0x72, 0x00, 0x04, 0x70, 0x00, 0x1D, 0x00, 0x00,
    0x00, 0x03, 0x30, 0x00, 0x15, 0x00, 0x00, 0x00, 0x02, 0x6E, 0x00, 0x09,
    0x00, 0x00, 0x00, 0x63, 0x6F, 0x6D, 0x70, 0x69, 0x6C, 0x65, 0x72, 0x00,
    0x00, 0x00, 0x10, 0x6C, 0x00, 0x01, 0x00, 0x00, 0x00, 0x10, 0x63, 0x00,
    0x01, 0x0B, 0x00, 0x00, 0x10, 0x66, 0x00, 0x00, 0x00, 0x00, 0x00, 0x00,
    0x03, 0x34, 0x35, 0x00, 0x6D, 0x00, 0x00, 0x00, 0x02, 0x6E, 0x00, 0x08,
    0x00, 0x00, 0x00, 0x5F, 0x6C, 0x61, 0x6D, 0x62, 0x64, 0x61, 0x00, 0x04,
    0x70, 0x00, 0x41, 0x00, 0x00, 0x00, 0x03, 0x30, 0x00, 0x11, 0x00, 0x00,
    0x00, 0x02, 0x6E, 0x00, 0x05, 0x00, 0x00, 0x00, 0x6E, 0x6F, 0x64, 0x65,
    0x00, 0x00, 0x03, 0x31, 0x00, 0x12, 0x00, 0x00, 0x00, 0x02, 0x6E, 0x00,
    0x06, 0x00, 0x00, 0x00, 0x66, 0x72, 0x61, 0x6D, 0x65, 0x00, 0x00, 0x03,
    0x32, 0x00, 0x10, 0x00, 0x00, 0x00, 0x02, 0x6E, 0x00, 0x04, 0x00, 0x00,
    0x00, 0x64, 0x73, 0x74, 0x00, 0x00, 0x00, 0x10, 0x6C, 0x00, 0x06, 0x00,
    0x00, 0x00, 0x10, 0x63, 0x00, 0x05, 0x0B, 0x00, 0x00, 0x10, 0x66, 0x00,
    0x00, 0x00, 0x00, 0x00, 0x00, 0x03, 0x34, 0x36, 0x00, 0x69, 0x00, 0x00,
    0x00, 0x02, 0x6E, 0x00, 0x04, 0x00, 0x00, 0x00, 0x5F, 0x64, 0x6F, 0x00,
    0x04, 0x70, 0x00, 0x41, 0x00, 0x00, 0x00, 0x03, 0x30, 0x00, 0x11, 0x00,
    0x00, 0x00, 0x02, 0x6E, 0x00, 0x05, 0x00, 0x00, 0x00, 0x6E, 0x6F, 0x64,
    0x65, 0x00, 0x00, 0x03, 0x31, 0x00, 0x12, 0x00, 0x00, 0x00, 0x02, 0x6E,
    0x00, 0x06, 0x00, 0x00, 0x00, 0x66, 0x72, 0x61, 0x6D, 0x65, 0x00, 0x00,
    0x03, 0x32, 0x00, 0x10, 0x00, 0x00, 0x00, 0x02, 0x6E, 0x00, 0x04, 0x00,
    0x00, 0x00, 0x64, 0x73, 0x74, 0x00, 0x00, 0x00, 0x10, 0x6C, 0x00, 0x07,
    0x00, 0x00, 0x00, 0x10, 0x63, 0x00, 0x22, 0x0B, 0x00, 0x00, 0x10, 0x66,
    0x00, 0x00, 0x00, 0x00, 0x00, 0x00, 0x03, 0x34, 0x37, 0x00, 0x6A, 0x00,
    0x00, 0x00, 0x02, 0x6E, 0x00, 0x05, 0x00, 0x00, 0x00, 0x5F, 0x74, 0x72,
    0x79, 0x00, 0x04, 0x70, 0x00, 0x41, 0x00, 0x00, 0x00, 0x03, 0x30, 0x00,
    0x11, 0x00, 0x00, 0x00, 0x02, 0x6E, 0x00, 0x05, 0x00, 0x00, 0x00, 0x6E,
    0x6F, 0x64, 0x65, 0x00, 0x00, 0x03, 0x31, 0x00, 0x12, 0x00, 0x00, 0x00,
    0x02, 0x6E, 0x00, 0x06, 0x00, 0x00, 0x00, 0x66, 0x72, 0x61, 0x6D, 0x65,
    0x00, 0x00, 0x03, 0x32, 0x00, 0x10, 0x00, 0x00, 0x00, 0x02, 0x6E, 0x00,
    0x04, 0x00, 0x00, 0x00, 0x64, 0x73, 0x74, 0x00, 0x00, 0x00, 0x10, 0x6C,
    0x00, 0x0D, 0x00, 0x00, 0x00, 0x10, 0x63, 0x00, 0x4C, 0x0B, 0x00, 0x00,
    0x10, 0x66, 0x00, 0x00, 0x00, 0x00, 0x00, 0x00, 0x03, 0x34, 0x38, 0x00,
    0x6C, 0x00, 0x00, 0x00, 0x02, 0x6E, 0x00, 0x07, 0x00, 0x00, 0x00, 0x5F,
    0x63, 0x61, 0x74, 0x63, 0x68, 0x00, 0x04, 0x70, 0x00, 0x41, 0x00, 0x00,
    0x00, 0x03, 0x30, 0x00, 0x11, 0x00, 0x00, 0x00, 0x02, 0x6E, 0x00, 0x05,
    0x00, 0x00, 0x00, 0x6E, 0x6F, 0x64, 0x65, 0x00, 0x00, 0x03, 0x31, 0x00,
    0x12, 0x00, 0x00, 0x00, 0x02, 0x6E, 0x00, 0x06, 0x00, 0x00, 0x00, 0x66,
    0x72, 0x61, 0x6D, 0x65, 0x00, 0x00, 0x03, 0x32, 0x00, 0x10, 0x00, 0x00,
    0x00, 0x02, 0x6E, 0x00, 0x04, 0x00, 0x00, 0x00, 0x64, 0x73, 0x74, 0x00,
    0x00, 0x00, 0x10, 0x6C, 0x00, 0x18, 0x00, 0x00, 0x00, 0x10, 0x63, 0x00,
    0x9F, 0x0B, 0x00, 0x00, 0x10, 0x66, 0x00, 0x00, 0x00, 0x00, 0x00, 0x00,
    0x03, 0x34, 0x39, 0x00, 0x60, 0x00, 0x00, 0x00, 0x02, 0x6E, 0x00, 0x0E,
    0x00, 0x00, 0x00, 0x6D, 0x65, 0x73, 0x73, 0x61, 0x67, 0x65, 0x5F, 0x69,
    0x6E, 0x64, 0x65, 0x78, 0x00, 0x04, 0x70, 0x00, 0x2E, 0x00, 0x00, 0x00,
    0x03, 0x30, 0x00, 0x11, 0x00, 0x00, 0x00, 0x02, 0x6E, 0x00, 0x05, 0x00,
    0x00, 0x00, 0x6E, 0x6F, 0x64, 0x65, 0x00, 0x00, 0x03, 0x31, 0x00, 0x12,
    0x00, 0x00, 0x00, 0x02, 0x6E, 0x00, 0x06, 0x00, 0x00, 0x00, 0x66, 0x72,
    0x61, 0x6D, 0x65, 0x00, 0x00, 0x00, 0x10, 0x6C, 0x00, 0x04, 0x00, 0x00,
    0x00, 0x10, 0x63, 0x00, 0x5B, 0x0C, 0x00, 0x00, 0x10, 0x66, 0x00, 0x00,
    0x00, 0x00, 0x00, 0x00, 0x03, 0x35, 0x30, 0x00, 0x96, 0x00, 0x00, 0x00,
    0x02, 0x6E, 0x00, 0x10, 0x00, 0x00, 0x00, 0x63, 0x6F, 0x6D, 0x70, 0x69,
    0x6C, 0x65, 0x5F, 0x6D, 0x65, 0x73, 0x73, 0x61, 0x67, 0x65, 0x00, 0x04,
    0x70, 0x00, 0x62, 0x00, 0x00, 0x00, 0x03, 0x30, 0x00, 0x11, 0x00, 0x00,
    0x00, 0x02, 0x6E, 0x00, 0x05, 0x00, 0x00, 0x00, 0x6E, 0x6F, 0x64, 0x65,
    0x00, 0x00, 0x03, 0x31, 0x00, 0x12, 0x00, 0x00, 0x00, 0x02, 0x6E, 0x00,
    0x06, 0x00, 0x00, 0x00, 0x66, 0x72, 0x61, 0x6D, 0x65, 0x00, 0x00, 0x03,
    0x32, 0x00, 0x11, 0x00, 0x00, 0x00, 0x02, 0x6E, 0x00, 0x05, 0x00, 0x00,
    0x00, 0x6E, 0x72, 0x65, 0x73, 0x00, 0x00, 0x03, 0x33, 0x00, 0x1D, 0x00,
    0x00, 0x00, 0x02, 0x6E, 0x00, 0x0A, 0x00, 0x00, 0x00, 0x72, 0x65, 0x63,
    0x65, 0x69, 0x76, 0x65, 0x72, 0x73, 0x00, 0x10, 0x64, 0x00, 0x2C, 0x00,
    0x00, 0x00, 0x00, 0x00, 0x10, 0x6C, 0x00, 0x21, 0x00, 0x00, 0x00, 0x10,
    0x63, 0x00, 0x6E, 0x0C, 0x00, 0x00, 0x10, 0x66, 0x00, 0x00, 0x00, 0x00,
    0x00, 0x00, 0x03, 0x35, 0x31, 0x00, 0x6E, 0x00, 0x00, 0x00, 0x02, 0x6E,
    0x00, 0x09, 0x00, 0x00, 0x00, 0x5F, 0x6D, 0x65, 0x73, 0x73, 0x61, 0x67,
    0x65, 0x00, 0x04, 0x70, 0x00, 0x41, 0x00, 0x00, 0x00, 0x03, 0x30, 0x00,
    0x11, 0x00, 0x00, 0x00, 0x02, 0x6E, 0x00, 0x05, 0x00, 0x00, 0x00, 0x6E,
    0x6F, 0x64, 0x65, 0x00, 0x00, 0x03, 0x31, 0x00, 0x12, 0x00, 0x00, 0x00,
    0x02, 0x6E, 0x00, 0x06, 0x00, 0x00, 0x00, 0x66, 0x72, 0x61, 0x6D, 0x65,
    0x00, 0x00, 0x03, 0x32, 0x00, 0x10, 0x00, 0x00, 0x00, 0x02, 0x6E, 0x00,
    0x04, 0x00, 0x00, 0x00, 0x64, 0x73, 0x74, 0x00, 0x00, 0x00, 0x10, 0x6C,
    0x00, 0x15, 0x00, 0x00, 0x00, 0x10, 0x63, 0x00, 0x7E, 0x0D, 0x00, 0x00,
    0x10, 0x66, 0x00, 0x00, 0x00, 0x00, 0x00, 0x00, 0x03, 0x35, 0x32, 0x00,
    0x6C, 0x00, 0x00, 0x00, 0x02, 0x6E, 0x00, 0x07, 0x00, 0x00, 0x00, 0x5F,
    0x73, 0x63, 0x6F, 0x70, 0x65, 0x00, 0x04, 0x70, 0x00, 0x41, 0x00, 0x00,
    0x00, 0x03, 0x30, 0x00, 0x11, 0x00, 0x00, 0x00, 0x02, 0x6E, 0x00, 0x05,
    0x00, 0x00, 0x00, 0x6E, 0x6F, 0x64, 0x65, 0x00, 0x00, 0x03, 0x31, 0x00,
    0x12, 0x00, 0x00, 0x00, 0x02, 0x6E, 0x00, 0x06, 0x00, 0x00, 0x00, 0x66,
    0x72, 0x61, 0x6D, 0x65, 0x00, 0x00, 0x03, 0x32, 0x00, 0x10, 0x00, 0x00,
    0x00, 0x02, 0x6E, 0x00, 0x04, 0x00, 0x00, 0x00, 0x64, 0x73, 0x74, 0x00,
    0x00, 0x00, 0x10, 0x6C, 0x00, 0x18, 0x00, 0x00, 0x00, 0x10, 0x63, 0x00,
    0x17, 0x0E, 0x00, 0x00, 0x10, 0x66, 0x00, 0x00, 0x00, 0x00, 0x00, 0x00,
    0x03, 0x35, 0x33, 0x00, 0x6E, 0x00, 0x00, 0x00, 0x02, 0x6E, 0x00, 0x08,
    0x00, 0x00, 0x00, 0x5F, 0x61, 0x73, 0x74, 0x72, 0x65, 0x66, 0x00, 0x04,
    0x70, 0x00, 0x42, 0x00, 0x00, 0x00, 0x03, 0x30, 0x00, 0x12, 0x00, 0x00,
    0x00, 0x02, 0x6E, 0x00, 0x06, 0x00, 0x00, 0x00, 0x70, 0x61, 0x72, 0x74,
    0x73, 0x00, 0x00, 0x03, 0x31, 0x00, 0x12, 0x00, 0x00, 0x00, 0x02, 0x6E,
    0x00, 0x06, 0x00, 0x00, 0x00, 0x66, 0x72, 0x61, 0x6D, 0x65, 0x00, 0x00,
    0x03, 0x32, 0x00, 0x10, 0x00, 0x00, 0x00, 0x02, 0x6E, 0x00, 0x04, 0x00,
    0x00, 0x00, 0x64, 0x73, 0x74, 0x00, 0x00, 0x00, 0x10, 0x6C, 0x00, 0x07,
    0x00, 0x00, 0x00, 0x10, 0x63, 0x00, 0x01, 0x0F, 0x00, 0x00, 0x10, 0x66,
    0x00, 0x00, 0x00, 0x00, 0x00, 0x00, 0x03, 0x35, 0x34, 0x00, 0x73, 0x00,
    0x00, 0x00, 0x02, 0x6E, 0x00, 0x0E, 0x00, 0x00, 0x00, 0x63, 0x6F, 0x6D,
    0x70, 0x69, 0x6C, 0x65, 0x5F, 0x79, 0x69, 0x65, 0x6C, 0x64, 0x00, 0x04,
    0x70, 0x00, 0x41, 0x00, 0x00, 0x00, 0x03, 0x30, 0x00, 0x11, 0x00, 0x00,
    0x00, 0x02, 0x6E, 0x00, 0x05, 0x00, 0x00, 0x00, 0x6E, 0x6F, 0x64, 0x65,
    0x00, 0x00, 0x03, 0x31, 0x00, 0x12, 0x00, 0x00, 0x00, 0x02, 0x6E, 0x00,
    0x06, 0x00, 0x00, 0x00, 0x66, 0x72, 0x61, 0x6D, 0x65, 0x00, 0x00, 0x03,
    0x32, 0x00, 0x10, 0x00, 0x00, 0x00, 0x02, 0x6E, 0x00, 0x04, 0x00, 0x00,
    0x00, 0x64, 0x73, 0x74, 0x00, 0x00, 0x00, 0x10, 0x6C, 0x00, 0x16, 0x00,
    0x00, 0x00, 0x10, 0x63, 0x00, 0x2F, 0x0F, 0x00, 0x00, 0x10, 0x66, 0x00,
    0x00, 0x00, 0x00, 0x00, 0x00, 0x03, 0x35, 0x35, 0x00, 0x6C, 0x00, 0x00,
    0x00, 0x02, 0x6E, 0x00, 0x07, 0x00, 0x00, 0x00, 0x5F, 0x79, 0x69, 0x65,
    0x6C, 0x64, 0x00, 0x04, 0x70, 0x00, 0x41, 0x00, 0x00, 0x00, 0x03, 0x30,
    0x00, 0x11, 0x00, 0x00, 0x00, 0x02, 0x6E, 0x00, 0x05, 0x00, 0x00, 0x00,
    0x6E, 0x6F, 0x64, 0x65, 0x00, 0x00, 0x03, 0x31, 0x00, 0x12, 0x00, 0x00,
    0x00, 0x02, 0x6E, 0x00, 0x06, 0x00, 0x00, 0x00, 0x66, 0x72, 0x61, 0x6D,
    0x65, 0x00, 0x00, 0x03, 0x32, 0x00, 0x10, 0x00, 0x00, 0x00, 0x02, 0x6E,
    0x00, 0x04, 0x00, 0x00, 0x00, 0x64, 0x73, 0x74, 0x00, 0x00, 0x00, 0x10,
    0x6C, 0x00, 0x04, 0x00, 0x00, 0x00, 0x10, 0x63, 0x00, 0xD9, 0x0F, 0x00,
    0x00, 0x10, 0x66, 0x00, 0x00, 0x00, 0x00, 0x00, 0x00, 0x03, 0x35, 0x36,
    0x00, 0x71, 0x00, 0x00, 0x00, 0x02, 0x6E, 0x00, 0x0C, 0x00, 0x00, 0x00,
    0x5F, 0x79, 0x69, 0x65, 0x6C, 0x64, 0x5F, 0x66, 0x72, 0x6F, 0x6D, 0x00,
    0x04, 0x70, 0x00, 0x41, 0x00, 0x00, 0x00, 0x03, 0x30, 0x00, 0x11, 0x00,
    0x00, 0x00, 0x02, 0x6E, 0x00, 0x05, 0x00, 0x00, 0x00, 0x6E, 0x6F, 0x64,
    0x65, 0x00, 0x00, 0x03, 0x31, 0x00, 0x12, 0x00, 0x00, 0x00, 0x02, 0x6E,
    0x00, 0x06, 0x00, 0x00, 0x00, 0x66, 0x72, 0x61, 0x6D, 0x65, 0x00, 0x00,
    0x03, 0x32, 0x00, 0x10, 0x00, 0x00, 0x00, 0x02, 0x6E, 0x00, 0x04, 0x00,
    0x00, 0x00, 0x64, 0x73, 0x74, 0x00, 0x00, 0x00, 0x10, 0x6C, 0x00, 0x0C,
    0x00, 0x00, 0x00, 0x10, 0x63, 0x00, 0xE0, 0x0F, 0x00, 0x00, 0x10, 0x66,
    0x00, 0x00, 0x00, 0x00, 0x00, 0x00, 0x03, 0x35, 0x37, 0x00, 0x99, 0x00,
    0x00, 0x00, 0x02, 0x6E, 0x00, 0x0C, 0x00, 0x00, 0x00, 0x5F, 0x63, 0x6F,
    0x6C, 0x6C, 0x65, 0x63, 0x74, 0x69, 0x6F, 0x6E, 0x00, 0x04, 0x70, 0x00,
    0x69, 0x00, 0x00, 0x00, 0x03, 0x30, 0x00, 0x12, 0x00, 0x00, 0x00, 0x02,
    0x6E, 0x00, 0x06, 0x00, 0x00, 0x00, 0x66, 0x72, 0x61, 0x6D, 0x65, 0x00,
    0x00, 0x03, 0x31, 0x00, 0x0F, 0x00, 0x00, 0x00, 0x02, 0x6E, 0x00, 0x03,
    0x00, 0x00, 0x00, 0x6F, 0x70, 0x00, 0x00, 0x03, 0x32, 0x00, 0x12, 0x00,
    0x00, 0x00, 0x02, 0x6E, 0x00, 0x06, 0x00, 0x00, 0x00, 0x69, 0x74, 0x65,
    0x6D, 0x73, 0x00, 0x00, 0x03, 0x33, 0x00, 0x12, 0x00, 0x00, 0x00, 0x02,
    0x6E, 0x00, 0x06, 0x00, 0x00, 0x00, 0x63, 0x6F, 0x75, 0x6E, 0x74, 0x00,
    0x00, 0x03, 0x34, 0x00, 0x10, 0x00, 0x00, 0x00, 0x02, 0x6E, 0x00, 0x04,
    0x00, 0x00, 0x00, 0x64, 0x73, 0x74, 0x00, 0x00, 0x00, 0x10, 0x6C, 0x00,
    0x0F, 0x00, 0x00, 0x00, 0x10, 0x63, 0x00, 0x1E, 0x10, 0x00, 0x00, 0x10,
    0x66, 0x00, 0x00, 0x00, 0x00, 0x00, 0x00, 0x03, 0x35, 0x38, 0x00, 0x63,
    0x00, 0x00, 0x00, 0x02, 0x6E, 0x00, 0x0D, 0x00, 0x00, 0x00, 0x5F, 0x63,
    0x6F, 0x6E, 0x63, 0x61, 0x74, 0x65, 0x6E, 0x61, 0x74, 0x65, 0x00, 0x04,
    0x70, 0x00, 0x32, 0x00, 0x00, 0x00, 0x03, 0x30, 0x00, 0x12, 0x00, 0x00,
    0x00, 0x02, 0x6E, 0x00, 0x06, 0x00, 0x00, 0x00, 0x66, 0x72, 0x61, 0x6D,
    0x65, 0x00, 0x00, 0x03, 0x31, 0x00, 0x15, 0x00, 0x00, 0x00, 0x02, 0x6E,
    0x00, 0x09, 0x00, 0x00, 0x00, 0x73, 0x65, 0x67, 0x6D, 0x65, 0x6E, 0x74,
    0x73, 0x00, 0x00, 0x00, 0x10, 0x6C, 0x00, 0x0F, 0x00, 0x00, 0x00, 0x10,
    0x63, 0x00, 0x58, 0x10, 0x00, 0x00, 0x10, 0x66, 0x00, 0x00, 0x00, 0x00,
    0x00, 0x00, 0x03, 0x35, 0x39, 0x00, 0x6D, 0x00, 0x00, 0x00, 0x02, 0x6E,
    0x00, 0x1B, 0x00, 0x00, 0x00, 0x5F, 0x70, 0x6F, 0x73, 0x69, 0x74, 0x69,
    0x6F, 0x6E, 0x61, 0x6C, 0x5F, 0x61, 0x72, 0x67, 0x75, 0x6D, 0x65, 0x6E,
    0x74, 0x5F, 0x74, 0x75, 0x70, 0x6C, 0x65, 0x00, 0x04, 0x70, 0x00, 0x2E,
    0x00, 0x00, 0x00, 0x03, 0x30, 0x00, 0x11, 0x00, 0x00, 0x00, 0x02, 0x6E,
    0x00, 0x05, 0x00, 0x00, 0x00, 0x61, 0x72, 0x67, 0x73, 0x00, 0x00, 0x03,
    0x31, 0x00, 0x12, 0x00, 0x00, 0x00, 0x02, 0x6E, 0x00, 0x06, 0x00, 0x00,
    0x00, 0x66, 0x72, 0x61, 0x6D, 0x65, 0x00, 0x00, 0x00, 0x10, 0x6C, 0x00,
    0x0F, 0x00, 0x00, 0x00, 0x10, 0x63, 0x00, 0x8B, 0x10, 0x00, 0x00, 0x10,
    0x66, 0x00, 0x00, 0x00, 0x00, 0x00, 0x00, 0x03, 0x36, 0x30, 0x00, 0x69,
    0x00, 0x00, 0x00, 0x02, 0x6E, 0x00, 0x17, 0x00, 0x00, 0x00, 0x5F, 0x6B,
    0x65, 0x79, 0x77, 0x6F, 0x72, 0x64, 0x5F, 0x61, 0x72, 0x67, 0x75, 0x6D,
    0x65, 0x6E, 0x74, 0x5F, 0x64, 0x69, 0x63, 0x74, 0x00, 0x04, 0x70, 0x00,
    0x2E, 0x00, 0x00, 0x00, 0x03, 0x30, 0x00, 0x11, 0x00, 0x00, 0x00, 0x02,
    0x6E, 0x00, 0x05, 0x00, 0x00, 0x00, 0x61, 0x72, 0x67, 0x73, 0x00, 0x00,
    0x03, 0x31, 0x00, 0x12, 0x00, 0x00, 0x00, 0x02, 0x6E, 0x00, 0x06, 0x00,
    0x00, 0x00, 0x66, 0x72, 0x61, 0x6D, 0x65, 0x00, 0x00, 0x00, 0x10, 0x6C,
    0x00, 0x14, 0x00, 0x00, 0x00, 0x10, 0x63, 0x00, 0x0D, 0x11, 0x00, 0x00,
    0x10, 0x66, 0x00, 0x00, 0x00, 0x00, 0x00, 0x00, 0x03, 0x36, 0x31, 0x00,
    0xD0, 0x00, 0x00, 0x00, 0x02, 0x6E, 0x00, 0x0B, 0x00, 0x00, 0x00, 0x63,
    0x6F, 0x6D, 0x70, 0x69, 0x6C, 0x65, 0x5F, 0x76, 0x61, 0x00, 0x04, 0x70,
    0x00, 0xA1, 0x00, 0x00, 0x00, 0x03, 0x30, 0x00, 0x12, 0x00, 0x00, 0x00,
    0x02, 0x6E, 0x00, 0x06, 0x00, 0x00, 0x00, 0x66, 0x72, 0x61, 0x6D, 0x65,
    0x00, 0x00, 0x03, 0x31, 0x00, 0x11, 0x00, 0x00, 0x00, 0x02, 0x6E, 0x00,
    0x05, 0x00, 0x00, 0x00, 0x6E, 0x72, 0x65, 0x73, 0x00, 0x00, 0x03, 0x32,
    0x00, 0x0F, 0x00, 0x00, 0x00, 0x02, 0x6E, 0x00, 0x03, 0x00, 0x00, 0x00,
    0x6F, 0x70, 0x00, 0x00, 0x03, 0x33, 0x00, 0x18, 0x00, 0x00, 0x00, 0x02,
    0x6E, 0x00, 0x0C, 0x00, 0x00, 0x00, 0x63, 0x61, 0x6C, 0x6C, 0x65, 0x65,
    0x5F, 0x6E, 0x6F, 0x64, 0x65, 0x00, 0x00, 0x03, 0x34, 0x00, 0x11, 0x00,
    0x00, 0x00, 0x02, 0x6E, 0x00, 0x05, 0x00, 0x00, 0x00, 0x61, 0x72, 0x67,
    0x73, 0x00, 0x00, 0x03, 0x35, 0x00, 0x12, 0x00, 0x00, 0x00, 0x02, 0x6E,
    0x00, 0x06, 0x00, 0x00, 0x00, 0x72, 0x65, 0x6C, 0x6F, 0x63, 0x00, 0x00,
    0x03, 0x36, 0x00, 0x1A, 0x00, 0x00, 0x00, 0x02, 0x6E, 0x00, 0x0E, 0x00,
    0x00, 0x00, 0x72, 0x65, 0x63, 0x65, 0x69, 0x76, 0x65, 0x72, 0x5F, 0x6E,
    0x6F, 0x64, 0x65, 0x00, 0x00, 0x00, 0x10, 0x6C, 0x00, 0x1D, 0x00, 0x00,
    0x00, 0x10, 0x63, 0x00, 0xA4, 0x11, 0x00, 0x00, 0x10, 0x66, 0x00, 0x00,
    0x00, 0x00, 0x00, 0x00, 0x03, 0x36, 0x32, 0x00, 0x87, 0x00, 0x00, 0x00,
    0x02, 0x6E, 0x00, 0x0F, 0x00, 0x00, 0x00, 0x5F, 0x65, 0x6D, 0x69, 0x74,
    0x5F, 0x73, 0x65, 0x71, 0x75, 0x65, 0x6E, 0x63, 0x65, 0x00, 0x04, 0x70,
    0x00, 0x54, 0x00, 0x00, 0x00, 0x03, 0x30, 0x00, 0x12, 0x00, 0x00, 0x00,
    0x02, 0x6E, 0x00, 0x06, 0x00, 0x00, 0x00, 0x69, 0x74, 0x65, 0x6D, 0x73,
    0x00, 0x00, 0x03, 0x31, 0x00, 0x12, 0x00, 0x00, 0x00, 0x02, 0x6E, 0x00,
    0x06, 0x00, 0x00, 0x00, 0x66, 0x72, 0x61, 0x6D, 0x65, 0x00, 0x00, 0x03,
    0x32, 0x00, 0x10, 0x00, 0x00, 0x00, 0x02, 0x6E, 0x00, 0x04, 0x00, 0x00,
    0x00, 0x64, 0x73, 0x74, 0x00, 0x00, 0x03, 0x33, 0x00, 0x0F, 0x00, 0x00,
    0x00, 0x02, 0x6E, 0x00, 0x03, 0x00, 0x00, 0x00, 0x6F, 0x70, 0x00, 0x00,
    0x00, 0x10, 0x6C, 0x00, 0x12, 0x00, 0x00, 0x00, 0x10, 0x63, 0x00, 0x93,
    0x12, 0x00, 0x00, 0x10, 0x66, 0x00, 0x00, 0x00, 0x00, 0x00, 0x00, 0x03,
    0x36, 0x33, 0x00, 0x71, 0x00, 0x00, 0x00, 0x02, 0x6E, 0x00, 0x0B, 0x00,
    0x00, 0x00, 0x65, 0x6D, 0x69, 0x74, 0x5F, 0x76, 0x61, 0x6C, 0x75, 0x65,
    0x00, 0x04, 0x70, 0x00, 0x42, 0x00, 0x00, 0x00, 0x03, 0x30, 0x00, 0x12,
    0x00, 0x00, 0x00, 0x02, 0x6E, 0x00, 0x06, 0x00, 0x00, 0x00, 0x76, 0x61,
    0x6C, 0x75, 0x65, 0x00, 0x00, 0x03, 0x31, 0x00, 0x12, 0x00, 0x00, 0x00,
    0x02, 0x6E, 0x00, 0x06, 0x00, 0x00, 0x00, 0x66, 0x72, 0x61, 0x6D, 0x65,
    0x00, 0x00, 0x03, 0x32, 0x00, 0x10, 0x00, 0x00, 0x00, 0x02, 0x6E, 0x00,
    0x04, 0x00, 0x00, 0x00, 0x64, 0x73, 0x74, 0x00, 0x00, 0x00, 0x10, 0x6C,
    0x00, 0x17, 0x00, 0x00, 0x00, 0x10, 0x63, 0x00, 0xEF, 0x12, 0x00, 0x00,
    0x10, 0x66, 0x00, 0x00, 0x00, 0x00, 0x00, 0x00, 0x03, 0x36, 0x34, 0x00,
    0x79, 0x00, 0x00, 0x00, 0x02, 0x6E, 0x00, 0x0D, 0x00, 0x00, 0x00, 0x63,
    0x6F, 0x6D, 0x70, 0x69, 0x6C, 0x65, 0x5F, 0x65, 0x78, 0x70, 0x72, 0x00,
    0x04, 0x70, 0x00, 0x48, 0x00, 0x00, 0x00, 0x03, 0x30, 0x00, 0x11, 0x00,
    0x00, 0x00, 0x02, 0x6E, 0x00, 0x05, 0x00, 0x00, 0x00, 0x6E, 0x6F, 0x64,
    0x65, 0x00, 0x00, 0x03, 0x31, 0x00, 0x12, 0x00, 0x00, 0x00, 0x02, 0x6E,
    0x00, 0x06, 0x00, 0x00, 0x00, 0x66, 0x72, 0x61, 0x6D, 0x65, 0x00, 0x00,
    0x03, 0x32, 0x00, 0x17, 0x00, 0x00, 0x00, 0x02, 0x6E, 0x00, 0x04, 0x00,
    0x00, 0x00, 0x64, 0x73, 0x74, 0x00, 0x10, 0x64, 0x00, 0x2C, 0x00, 0x00,
    0x00, 0x00, 0x00, 0x10, 0x6C, 0x00, 0x08, 0x00, 0x00, 0x00, 0x10, 0x63,
    0x00, 0x0D, 0x14, 0x00, 0x00, 0x10, 0x66, 0x00, 0x00, 0x00, 0x00, 0x00,
    0x00, 0x00,
};

static const uint8_t expressions_classes[] = {
    0x05, 0x00, 0x00, 0x00, 0x00,
};

static const uint8_t expressions_messages[] = {
    0x0B, 0x02, 0x00, 0x00, 0x03, 0x30, 0x00, 0x14, 0x00, 0x00, 0x00, 0x04,
    0x70, 0x00, 0x0C, 0x00, 0x00, 0x00, 0x10, 0x30, 0x00, 0x13, 0x00, 0x00,
    0x00, 0x00, 0x00, 0x03, 0x31, 0x00, 0x14, 0x00, 0x00, 0x00, 0x04, 0x70,
    0x00, 0x0C, 0x00, 0x00, 0x00, 0x10, 0x30, 0x00, 0x14, 0x00, 0x00, 0x00,
    0x00, 0x00, 0x03, 0x32, 0x00, 0x14, 0x00, 0x00, 0x00, 0x04, 0x70, 0x00,
    0x0C, 0x00, 0x00, 0x00, 0x10, 0x30, 0x00, 0x15, 0x00, 0x00, 0x00, 0x00,
    0x00, 0x03, 0x33, 0x00, 0x14, 0x00, 0x00, 0x00, 0x04, 0x70, 0x00, 0x0C,
    0x00, 0x00, 0x00, 0x10, 0x30, 0x00, 0x17, 0x00, 0x00, 0x00, 0x00, 0x00,
    0x03, 0x34, 0x00, 0x14, 0x00, 0x00, 0x00, 0x04, 0x70, 0x00, 0x0C, 0x00,
    0x00, 0x00, 0x10, 0x30, 0x00, 0x18, 0x00, 0x00, 0x00, 0x00, 0x00, 0x03,
    0x35, 0x00, 0x14, 0x00, 0x00, 0x00, 0x04, 0x70, 0x00, 0x0C, 0x00, 0x00,
    0x00, 0x10, 0x30, 0x00, 0x1E, 0x00, 0x00, 0x00, 0x00, 0x00, 0x03, 0x36,
    0x00, 0x14, 0x00, 0x00, 0x00, 0x04, 0x70, 0x00, 0x0C, 0x00, 0x00, 0x00,
    0x10, 0x30, 0x00, 0x22, 0x00, 0x00, 0x00, 0x00, 0x00, 0x03, 0x37, 0x00,
    0x14, 0x00, 0x00, 0x00, 0x04, 0x70, 0x00, 0x0C, 0x00, 0x00, 0x00, 0x10,
    0x30, 0x00, 0x24, 0x00, 0x00, 0x00, 0x00, 0x00, 0x03, 0x38, 0x00, 0x14,
    0x00, 0x00, 0x00, 0x04, 0x70, 0x00, 0x0C, 0x00, 0x00, 0x00, 0x10, 0x30,
    0x00, 0x28, 0x00, 0x00, 0x00, 0x00, 0x00, 0x03, 0x39, 0x00, 0x14, 0x00,
    0x00, 0x00, 0x04, 0x70, 0x00, 0x0C, 0x00, 0x00, 0x00, 0x10, 0x30, 0x00,
    0x2A, 0x00, 0x00, 0x00, 0x00, 0x00, 0x03, 0x31, 0x30, 0x00, 0x14, 0x00,
    0x00, 0x00, 0x04, 0x70, 0x00, 0x0C, 0x00, 0x00, 0x00, 0x10, 0x30, 0x00,
    0x2C, 0x00, 0x00, 0x00, 0x00, 0x00, 0x03, 0x31, 0x31, 0x00, 0x14, 0x00,
    0x00, 0x00, 0x04, 0x70, 0x00, 0x0C, 0x00, 0x00, 0x00, 0x10, 0x30, 0x00,
    0x38, 0x00, 0x00, 0x00, 0x00, 0x00, 0x03, 0x31, 0x32, 0x00, 0x14, 0x00,
    0x00, 0x00, 0x04, 0x70, 0x00, 0x0C, 0x00, 0x00, 0x00, 0x10, 0x30, 0x00,
    0x39, 0x00, 0x00, 0x00, 0x00, 0x00, 0x03, 0x31, 0x33, 0x00, 0x14, 0x00,
    0x00, 0x00, 0x04, 0x70, 0x00, 0x0C, 0x00, 0x00, 0x00, 0x10, 0x30, 0x00,
    0x3A, 0x00, 0x00, 0x00, 0x00, 0x00, 0x03, 0x31, 0x34, 0x00, 0x14, 0x00,
    0x00, 0x00, 0x04, 0x70, 0x00, 0x0C, 0x00, 0x00, 0x00, 0x10, 0x30, 0x00,
    0x3D, 0x00, 0x00, 0x00, 0x00, 0x00, 0x03, 0x31, 0x35, 0x00, 0x14, 0x00,
    0x00, 0x00, 0x04, 0x70, 0x00, 0x0C, 0x00, 0x00, 0x00, 0x10, 0x30, 0x00,
    0x3E, 0x00, 0x00, 0x00, 0x00, 0x00, 0x03, 0x31, 0x36, 0x00, 0x14, 0x00,
    0x00, 0x00, 0x04, 0x70, 0x00, 0x0C, 0x00, 0x00, 0x00, 0x10, 0x30, 0x00,
    0x41, 0x00, 0x00, 0x00, 0x00, 0x00, 0x03, 0x31, 0x37, 0x00, 0x14, 0x00,
    0x00, 0x00, 0x04, 0x70, 0x00, 0x0C, 0x00, 0x00, 0x00, 0x10, 0x30, 0x00,
    0x4C, 0x00, 0x00, 0x00, 0x00, 0x00, 0x03, 0x31, 0x38, 0x00, 0x14, 0x00,
    0x00, 0x00, 0x04, 0x70, 0x00, 0x0C, 0x00, 0x00, 0x00, 0x10, 0x30, 0x00,
    0x4F, 0x00, 0x00, 0x00, 0x00, 0x00, 0x03, 0x31, 0x39, 0x00, 0x14, 0x00,
    0x00, 0x00, 0x04, 0x70, 0x00, 0x0C, 0x00, 0x00, 0x00, 0x10, 0x30, 0x00,
    0x51, 0x00, 0x00, 0x00, 0x00, 0x00, 0x03, 0x32, 0x30, 0x00, 0x14, 0x00,
    0x00, 0x00, 0x04, 0x70, 0x00, 0x0C, 0x00, 0x00, 0x00, 0x10, 0x30, 0x00,
    0x56, 0x00, 0x00, 0x00, 0x00, 0x00, 0x03, 0x32, 0x31, 0x00, 0x14, 0x00,
    0x00, 0x00, 0x04, 0x70, 0x00, 0x0C, 0x00, 0x00, 0x00, 0x10, 0x30, 0x00,
    0x57, 0x00, 0x00, 0x00, 0x00, 0x00, 0x00,
};

static const uint8_t expressions_exports[] = {
    0x96, 0x04, 0x00, 0x00, 0x10, 0x73, 0x74, 0x64, 0x00, 0x00, 0x00, 0x00,
    0x00, 0x10, 0x77, 0x79, 0x72, 0x6D, 0x00, 0x01, 0x00, 0x00, 0x00, 0x10,
    0x5F, 0x74, 0x61, 0x69, 0x6C, 0x00, 0x02, 0x00, 0x00, 0x00, 0x10, 0x5F,
    0x66, 0x69, 0x65, 0x6C, 0x64, 0x00, 0x03, 0x00, 0x00, 0x00, 0x10, 0x5F,
    0x6D, 0x61, 0x78, 0x32, 0x00, 0x04, 0x00, 0x00, 0x00, 0x10, 0x5F, 0x6A,
    0x6F, 0x69, 0x6E, 0x5F, 0x70, 0x61, 0x72, 0x74, 0x73, 0x00, 0x05, 0x00,
    0x00, 0x00, 0x10, 0x5F, 0x66, 0x33, 0x32, 0x5F, 0x62, 0x69, 0x74, 0x73,
    0x00, 0x06, 0x00, 0x00, 0x00, 0x10, 0x5F, 0x65, 0x6D, 0x69, 0x74, 0x5F,
    0x70, 0x61, 0x63, 0x6B, 0x00, 0x07, 0x00, 0x00, 0x00, 0x10, 0x5F, 0x65,
    0x6D, 0x69, 0x74, 0x5F, 0x70, 0x61, 0x69, 0x72, 0x61, 0x62, 0x6C, 0x65,
    0x00, 0x08, 0x00, 0x00, 0x00, 0x10, 0x5F, 0x6C, 0x61, 0x6E, 0x64, 0x00,
    0x09, 0x00, 0x00, 0x00, 0x10, 0x5F, 0x74, 0x61, 0x72, 0x67, 0x65, 0x74,
    0x00, 0x0A, 0x00, 0x00, 0x00, 0x10, 0x5F, 0x73, 0x74, 0x72, 0x69, 0x6E,
    0x67, 0x00, 0x0B, 0x00, 0x00, 0x00, 0x10, 0x5F, 0x6E, 0x75, 0x6D, 0x62,
    0x65, 0x72, 0x00, 0x0C, 0x00, 0x00, 0x00, 0x10, 0x5F, 0x63, 0x68, 0x61,
    0x72, 0x5F, 0x6C, 0x69, 0x74, 0x00, 0x0D, 0x00, 0x00, 0x00, 0x10, 0x5F,
    0x73, 0x79, 0x6D, 0x62, 0x6F, 0x6C, 0x5F, 0x6C, 0x69, 0x74, 0x00, 0x0E,
    0x00, 0x00, 0x00, 0x10, 0x5F, 0x62, 0x6F, 0x6F, 0x6C, 0x5F, 0x6C, 0x69,
    0x74, 0x00, 0x0F, 0x00, 0x00, 0x00, 0x10, 0x72, 0x65, 0x67, 0x5F, 0x6F,
    0x66, 0x00, 0x10, 0x00, 0x00, 0x00, 0x10, 0x5F, 0x6C, 0x61, 0x6E, 0x64,
    0x5F, 0x66, 0x72, 0x65, 0x65, 0x00, 0x11, 0x00, 0x00, 0x00, 0x10, 0x72,
    0x65, 0x73, 0x6F, 0x6C, 0x76, 0x65, 0x5F, 0x6E, 0x61, 0x6D, 0x65, 0x00,
    0x12, 0x00, 0x00, 0x00, 0x10, 0x5F, 0x74, 0x68, 0x69, 0x73, 0x00, 0x13,
    0x00, 0x00, 0x00, 0x10, 0x5F, 0x62, 0x61, 0x72, 0x65, 0x5F, 0x73, 0x79,
    0x6D, 0x62, 0x6F, 0x6C, 0x00, 0x14, 0x00, 0x00, 0x00, 0x10, 0x5F, 0x75,
    0x6E, 0x61, 0x72, 0x79, 0x00, 0x15, 0x00, 0x00, 0x00, 0x10, 0x5F, 0x70,
    0x6F, 0x73, 0x00, 0x16, 0x00, 0x00, 0x00, 0x10, 0x5F, 0x62, 0x69, 0x6E,
    0x6F, 0x70, 0x00, 0x17, 0x00, 0x00, 0x00, 0x10, 0x5F, 0x65, 0x78, 0x70,
    0x00, 0x18, 0x00, 0x00, 0x00, 0x10, 0x5F, 0x69, 0x6E, 0x5F, 0x6F, 0x70,
    0x00, 0x19, 0x00, 0x00, 0x00, 0x10, 0x5F, 0x73, 0x68, 0x6F, 0x72, 0x74,
    0x5F, 0x63, 0x69, 0x72, 0x63, 0x75, 0x69, 0x74, 0x00, 0x1A, 0x00, 0x00,
    0x00, 0x10, 0x5F, 0x74, 0x79, 0x70, 0x65, 0x5F, 0x61, 0x74, 0x6F, 0x6D,
    0x73, 0x00, 0x1B, 0x00, 0x00, 0x00, 0x10, 0x5F, 0x74, 0x79, 0x70, 0x65,
    0x5F, 0x70, 0x61, 0x72, 0x74, 0x73, 0x00, 0x1C, 0x00, 0x00, 0x00, 0x10,
    0x5F, 0x74, 0x79, 0x70, 0x65, 0x5F, 0x76, 0x61, 0x6C, 0x75, 0x65, 0x00,
    0x1D, 0x00, 0x00, 0x00, 0x10, 0x5F, 0x74, 0x79, 0x70, 0x65, 0x5F, 0x63,
    0x68, 0x65, 0x63, 0x6B, 0x00, 0x1E, 0x00, 0x00, 0x00, 0x10, 0x63, 0x6F,
    0x6D, 0x70, 0x69, 0x6C, 0x65, 0x5F, 0x69, 0x6E, 0x74, 0x6F, 0x5F, 0x77,
    0x69, 0x6E, 0x64, 0x6F, 0x77, 0x00, 0x1F, 0x00, 0x00, 0x00, 0x10, 0x68,
    0x61, 0x73, 0x5F, 0x73, 0x70, 0x72, 0x65, 0x61, 0x64, 0x5F, 0x6F, 0x72,
    0x5F, 0x6B, 0x65, 0x79, 0x77, 0x6F, 0x72, 0x64, 0x00, 0x20, 0x00, 0x00,
    0x00, 0x10, 0x5F, 0x63, 0x6F, 0x6D, 0x70, 0x69, 0x6C, 0x65, 0x5F, 0x63,
    0x61, 0x6C, 0x6C, 0x00, 0x21, 0x00, 0x00, 0x00, 0x10, 0x63, 0x6F, 0x6D,
    0x70, 0x69, 0x6C, 0x65, 0x5F, 0x63, 0x61, 0x6C, 0x6C, 0x00, 0x22, 0x00,
    0x00, 0x00, 0x10, 0x5F, 0x63, 0x61, 0x6C, 0x6C, 0x00, 0x23, 0x00, 0x00,
    0x00, 0x10, 0x5F, 0x77, 0x69, 0x6E, 0x64, 0x6F, 0x77, 0x5F, 0x6F, 0x66,
    0x00, 0x24, 0x00, 0x00, 0x00, 0x10, 0x5F, 0x73, 0x65, 0x71, 0x75, 0x65,
    0x6E, 0x63, 0x65, 0x00, 0x25, 0x00, 0x00, 0x00, 0x10, 0x5F, 0x61, 0x72,
    0x72, 0x61, 0x79, 0x00, 0x26, 0x00, 0x00, 0x00, 0x10, 0x5F, 0x74, 0x75,
    0x70, 0x6C, 0x65, 0x00, 0x27, 0x00, 0x00, 0x00, 0x10, 0x5F, 0x70, 0x6C,
    0x69, 0x73, 0x74, 0x00, 0x28, 0x00, 0x00, 0x00, 0x10, 0x5F, 0x64, 0x69,
    0x63, 0x74, 0x00, 0x29, 0x00, 0x00, 0x00, 0x10, 0x6F, 0x77, 0x6E, 0x5F,
    0x73, 0x6C, 0x6F, 0x74, 0x5F, 0x69, 0x6E, 0x64, 0x65, 0x78, 0x00, 0x2A,
    0x00, 0x00, 0x00, 0x10, 0x5F, 0x61, 0x74, 0x74, 0x72, 0x00, 0x2B, 0x00,
    0x00, 0x00, 0x10, 0x5F, 0x69, 0x6E, 0x64, 0x65, 0x78, 0x00, 0x2C, 0x00,
    0x00, 0x00, 0x10, 0x73, 0x65, 0x74, 0x5F, 0x62, 0x6F, 0x64, 0x79, 0x5F,
    0x63, 0x6F, 0x6D, 0x70, 0x69, 0x6C, 0x65, 0x72, 0x00, 0x2D, 0x00, 0x00,
    0x00, 0x10, 0x73, 0x65, 0x74, 0x5F, 0x63, 0x6C, 0x6F, 0x73, 0x75, 0x72,
    0x65, 0x5F, 0x63, 0x6F, 0x6D, 0x70, 0x69, 0x6C, 0x65, 0x72, 0x00, 0x2E,
    0x00, 0x00, 0x00, 0x10, 0x5F, 0x6C, 0x61, 0x6D, 0x62, 0x64, 0x61, 0x00,
    0x2F, 0x00, 0x00, 0x00, 0x10, 0x5F, 0x64, 0x6F, 0x00, 0x30, 0x00, 0x00,
    0x00, 0x10, 0x5F, 0x74, 0x72, 0x79, 0x00, 0x31, 0x00, 0x00, 0x00, 0x10,
    0x5F, 0x63, 0x61, 0x74, 0x63, 0x68, 0x00, 0x32, 0x00, 0x00, 0x00, 0x10,
    0x6D, 0x65, 0x73, 0x73, 0x61, 0x67, 0x65, 0x5F, 0x69, 0x6E, 0x64, 0x65,
    0x78, 0x00, 0x33, 0x00, 0x00, 0x00, 0x10, 0x63, 0x6F, 0x6D, 0x70, 0x69,
    0x6C, 0x65, 0x5F, 0x6D, 0x65, 0x73, 0x73, 0x61, 0x67, 0x65, 0x00, 0x34,
    0x00, 0x00, 0x00, 0x10, 0x5F, 0x6D, 0x65, 0x73, 0x73, 0x61, 0x67, 0x65,
    0x00, 0x35, 0x00, 0x00, 0x00, 0x10, 0x5F, 0x73, 0x63, 0x6F, 0x70, 0x65,
    0x00, 0x36, 0x00, 0x00, 0x00, 0x10, 0x5F, 0x61, 0x73, 0x74, 0x72, 0x65,
    0x66, 0x00, 0x37, 0x00, 0x00, 0x00, 0x10, 0x63, 0x6F, 0x6D, 0x70, 0x69,
    0x6C, 0x65, 0x5F, 0x79, 0x69, 0x65, 0x6C, 0x64, 0x00, 0x38, 0x00, 0x00,
    0x00, 0x10, 0x5F, 0x79, 0x69, 0x65, 0x6C, 0x64, 0x00, 0x39, 0x00, 0x00,
    0x00, 0x10, 0x5F, 0x79, 0x69, 0x65, 0x6C, 0x64, 0x5F, 0x66, 0x72, 0x6F,
    0x6D, 0x00, 0x3A, 0x00, 0x00, 0x00, 0x10, 0x5F, 0x63, 0x6F, 0x6C, 0x6C,
    0x65, 0x63, 0x74, 0x69, 0x6F, 0x6E, 0x00, 0x3B, 0x00, 0x00, 0x00, 0x10,
    0x5F, 0x63, 0x6F, 0x6E, 0x63, 0x61, 0x74, 0x65, 0x6E, 0x61, 0x74, 0x65,
    0x00, 0x3C, 0x00, 0x00, 0x00, 0x10, 0x5F, 0x70, 0x6F, 0x73, 0x69, 0x74,
    0x69, 0x6F, 0x6E, 0x61, 0x6C, 0x5F, 0x61, 0x72, 0x67, 0x75, 0x6D, 0x65,
    0x6E, 0x74, 0x5F, 0x74, 0x75, 0x70, 0x6C, 0x65, 0x00, 0x3D, 0x00, 0x00,
    0x00, 0x10, 0x5F, 0x6B, 0x65, 0x79, 0x77, 0x6F, 0x72, 0x64, 0x5F, 0x61,
    0x72, 0x67, 0x75, 0x6D, 0x65, 0x6E, 0x74, 0x5F, 0x64, 0x69, 0x63, 0x74,
    0x00, 0x3E, 0x00, 0x00, 0x00, 0x10, 0x63, 0x6F, 0x6D, 0x70, 0x69, 0x6C,
    0x65, 0x5F, 0x76, 0x61, 0x00, 0x3F, 0x00, 0x00, 0x00, 0x10, 0x5F, 0x65,
    0x6D, 0x69, 0x74, 0x5F, 0x73, 0x65, 0x71, 0x75, 0x65, 0x6E, 0x63, 0x65,
    0x00, 0x40, 0x00, 0x00, 0x00, 0x10, 0x65, 0x6D, 0x69, 0x74, 0x5F, 0x76,
    0x61, 0x6C, 0x75, 0x65, 0x00, 0x41, 0x00, 0x00, 0x00, 0x10, 0x63, 0x6F,
    0x6D, 0x70, 0x69, 0x6C, 0x65, 0x5F, 0x65, 0x78, 0x70, 0x72, 0x00, 0x42,
    0x00, 0x00, 0x00, 0x10, 0x49, 0x4E, 0x54, 0x33, 0x32, 0x5F, 0x4D, 0x49,
    0x4E, 0x00, 0x43, 0x00, 0x00, 0x00, 0x10, 0x49, 0x4E, 0x54, 0x33, 0x32,
    0x5F, 0x4D, 0x41, 0x58, 0x00, 0x44, 0x00, 0x00, 0x00, 0x10, 0x42, 0x49,
    0x4E, 0x4F, 0x50, 0x53, 0x00, 0x45, 0x00, 0x00, 0x00, 0x10, 0x50, 0x52,
    0x49, 0x4D, 0x49, 0x54, 0x49, 0x56, 0x45, 0x5F, 0x54, 0x59, 0x50, 0x45,
    0x5F, 0x4E, 0x41, 0x4D, 0x45, 0x53, 0x00, 0x46, 0x00, 0x00, 0x00, 0x10,
    0x5F, 0x62, 0x6F, 0x64, 0x79, 0x5F, 0x63, 0x6F, 0x6D, 0x70, 0x69, 0x6C,
    0x65, 0x72, 0x00, 0x47, 0x00, 0x00, 0x00, 0x10, 0x5F, 0x63, 0x6C, 0x6F,
    0x73, 0x75, 0x72, 0x65, 0x5F, 0x63, 0x6F, 0x6D, 0x70, 0x69, 0x6C, 0x65,
    0x72, 0x00, 0x48, 0x00, 0x00, 0x00, 0x10, 0x41, 0x53, 0x54, 0x5F, 0x46,
    0x49, 0x45, 0x4C, 0x44, 0x00, 0x49, 0x00, 0x00, 0x00, 0x00,
};

static const uint8_t expressions_free[] = {
    0x9C, 0x00, 0x00, 0x00, 0x10, 0x65, 0x72, 0x72, 0x6F, 0x72, 0x00, 0x4A,
    0x00, 0x00, 0x00, 0x10, 0x63, 0x64, 0x72, 0x00, 0x4B, 0x00, 0x00, 0x00,
    0x10, 0x63, 0x61, 0x72, 0x00, 0x4C, 0x00, 0x00, 0x00, 0x10, 0x62, 0x79,
    0x74, 0x65, 0x73, 0x00, 0x4D, 0x00, 0x00, 0x00, 0x10, 0x70, 0x61, 0x63,
    0x6B, 0x00, 0x4E, 0x00, 0x00, 0x00, 0x10, 0x70, 0x61, 0x63, 0x6B, 0x5F,
    0x70, 0x61, 0x69, 0x72, 0x61, 0x62, 0x6C, 0x65, 0x00, 0x4F, 0x00, 0x00,
    0x00, 0x10, 0x73, 0x74, 0x72, 0x00, 0x50, 0x00, 0x00, 0x00, 0x10, 0x6E,
    0x6F, 0x64, 0x65, 0x5F, 0x6B, 0x69, 0x6E, 0x64, 0x00, 0x51, 0x00, 0x00,
    0x00, 0x10, 0x6C, 0x65, 0x6E, 0x00, 0x52, 0x00, 0x00, 0x00, 0x10, 0x73,
    0x79, 0x6D, 0x00, 0x53, 0x00, 0x00, 0x00, 0x10, 0x4C, 0x00, 0x54, 0x00,
    0x00, 0x00, 0x10, 0x64, 0x69, 0x73, 0x70, 0x61, 0x74, 0x63, 0x68, 0x00,
    0x55, 0x00, 0x00, 0x00, 0x10, 0x45, 0x58, 0x50, 0x52, 0x5F, 0x48, 0x41,
    0x4E, 0x44, 0x4C, 0x45, 0x52, 0x53, 0x00, 0x56, 0x00, 0x00, 0x00, 0x00,
};

static const uint32_t expressions_code[] = {
    0x00000047,                /* 0000  import L0 <- static#0   ("std") */
    0x00000043,                /* 0001  gset g0 <- L0   (std) */
    0x00010047,                /* 0002  import L0 <- static#1   ("std::pairs") */
    0x000100B5, 0x00000000,    /* 0003  import_star static#1 except 0, 0 names   ("std::pairs") */
    0x00020047,                /* 0005  import L0 <- static#2   ("wyrm") */
    0x00010043,                /* 0006  gset g1 <- L0   (wyrm) */
    0x00030047,                /* 0007  import L0 <- static#3   ("wyrm::opcodes") */
    0x000300B5, 0x00000000,    /* 0008  import_star static#3 except 0, 0 names   ("wyrm::opcodes") */
    0x00020047,                /* 000A  import L0 <- static#2   ("wyrm") */
    0x00010043,                /* 000B  gset g1 <- L0   (wyrm) */
    0x00040047,                /* 000C  import L0 <- static#4   ("wyrm::compiler") */
    0x00050047,                /* 000D  import L0 <- static#5   ("wyrm::compiler::context") */
    0x000500B5, 0x00000000,    /* 000E  import_star static#5 except 0, 0 names   ("wyrm::compiler::context") */
    0x00020047,                /* 0010  import L0 <- static#2   ("wyrm") */
    0x00010043,                /* 0011  gset g1 <- L0   (wyrm) */
    0x00040047,                /* 0012  import L0 <- static#4   ("wyrm::compiler") */
    0x00060047,                /* 0013  import L0 <- static#6   ("wyrm::compiler::analysis") */
    0x000600B5, 0x00000000,    /* 0014  import_star static#6 except 0, 0 names   ("wyrm::compiler::analysis") */
    0x00020047,                /* 0016  import L0 <- static#2   ("wyrm") */
    0x00010043,                /* 0017  gset g1 <- L0   (wyrm) */
    0x00040047,                /* 0018  import L0 <- static#4   ("wyrm::compiler") */
    0x00070047,                /* 0019  import L0 <- static#7   ("wyrm::compiler::handlers") */
    0x000700B5, 0x00000000,    /* 001A  import_star static#7 except 0, 0 names   ("wyrm::compiler::handlers") */
    0x00010240,                /* 001C  i8 L1 <- 2 */
    0x00021F40,                /* 001D  i8 L2 <- 31 */
    0x0003008A, 0x00010002,    /* 001E  pow L3 <- L1 ** L2 */
    0x00000348,                /* 0020  neg L0 <- L3 */
    0x00430043,                /* 0021  gset g67 <- L0   (INT32_MIN) */
    0x00010240,                /* 0022  i8 L1 <- 2 */
    0x00021F40,                /* 0023  i8 L2 <- 31 */
    0x0003008A, 0x00010002,    /* 0024  pow L3 <- L1 ** L2 */
    0x00040140,                /* 0026  i8 L4 <- 1 */
    0x00000086, 0x00030004,    /* 0027  sub L0 <- L3 - L4 */
    0x00440043,                /* 0029  gset g68 <- L0   (INT32_MAX) */
    0x00080146,                /* 002A  lconst L1 <- static#8   ("+") */
    0x00000245,                /* 002B  lsym L2 <- sym#0   ("add") */
    0x00090346,                /* 002C  lconst L3 <- static#9   ("-") */
    0x00010445,                /* 002D  lsym L4 <- sym#1   ("sub") */
    0x000A0546,                /* 002E  lconst L5 <- static#10   ("*") */
    0x00020645,                /* 002F  lsym L6 <- sym#2   ("mul") */
    0x000B0746,                /* 0030  lconst L7 <- static#11   ("/") */
    0x00030845,                /* 0031  lsym L8 <- sym#3   ("div") */
    0x000C0946,                /* 0032  lconst L9 <- static#12   ("%") */
    0x00040A45,                /* 0033  lsym L10 <- sym#4   ("mod") */
    0x000D0B46,                /* 0034  lconst L11 <- static#13   ("**") */
    0x00050C45,                /* 0035  lsym L12 <- sym#5   ("pow") */
    0x000E0D46,                /* 0036  lconst L13 <- static#14   ("&") */
    0x00060E45,                /* 0037  lsym L14 <- sym#6   ("band") */
    0x000F0F46,                /* 0038  lconst L15 <- static#15   ("|") */
    0x00071045,                /* 0039  lsym L16 <- sym#7   ("bor") */
    0x00101146,                /* 003A  lconst L17 <- static#16   ("^") */
    0x00081245,                /* 003B  lsym L18 <- sym#8   ("bxor") */
    0x00111346,                /* 003C  lconst L19 <- static#17   ("<<") */
    0x00091445,                /* 003D  lsym L20 <- sym#9   ("shl") */
    0x00121546,                /* 003E  lconst L21 <- static#18   (">>") */
    0x000A1645,                /* 003F  lsym L22 <- sym#10   ("shr") */
    0x00131746,                /* 0040  lconst L23 <- static#19   ("==") */
    0x000B1845,                /* 0041  lsym L24 <- sym#11   ("eq") */
    0x00141946,                /* 0042  lconst L25 <- static#20   ("!=") */
    0x000C1A45,                /* 0043  lsym L26 <- sym#12   ("ne") */
    0x00151B46,                /* 0044  lconst L27 <- static#21   ("<") */
    0x000D1C45,                /* 0045  lsym L28 <- sym#13   ("lt") */
    0x00161D46,                /* 0046  lconst L29 <- static#22   ("<=") */
    0x000E1E45,                /* 0047  lsym L30 <- sym#14   ("le") */
    0x00171F46,                /* 0048  lconst L31 <- static#23   (">") */
    0x000F2045,                /* 0049  lsym L32 <- sym#15   ("gt") */
    0x00182146,                /* 004A  lconst L33 <- static#24   (">=") */
    0x00102245,                /* 004B  lsym L34 <- sym#16   ("ge") */
    0x00192346,                /* 004C  lconst L35 <- static#25   ("<=>") */
    0x00112445,                /* 004D  lsym L36 <- sym#17   ("cmp3") */
    0x001A2546,                /* 004E  lconst L37 <- static#26   ("in") */
    0x00122645,                /* 004F  lsym L38 <- sym#18   ("in") */
    0x00001383, 0x00010000,    /* 0050  dict L0 <- L1, 19 pairs */
    0x00450043,                /* 0052  gset g69 <- L0   (BINOPS) */
    0x001B0146,                /* 0053  lconst L1 <- static#27   ("nil") */
    0x001C0246,                /* 0054  lconst L2 <- static#28   ("bool") */
    0x001D0346,                /* 0055  lconst L3 <- static#29   ("int") */
    0x001E0446,                /* 0056  lconst L4 <- static#30   ("uint") */
    0x001F0546,                /* 0057  lconst L5 <- static#31   ("float") */
    0x00200646,                /* 0058  lconst L6 <- static#32   ("str") */
    0x00210746,                /* 0059  lconst L7 <- static#33   ("sym") */
    0x00220846,                /* 005A  lconst L8 <- static#34   ("list") */
    0x00230946,                /* 005B  lconst L9 <- static#35   ("tuple") */
    0x00240A46,                /* 005C  lconst L10 <- static#36   ("dict") */
    0x00250B46,                /* 005D  lconst L11 <- static#37   ("bytes") */
    0x00260C46,                /* 005E  lconst L12 <- static#38   ("pair") */
    0x00270D46,                /* 005F  lconst L13 <- static#39   ("error") */
    0x00000D82, 0x00010000,    /* 0060  list L0 <- L1, 13 items */
    0x00460043,                /* 0062  gset g70 <- L0   (PRIMITIVE_TYPE_NAMES) */
    0x000000A8, 0x00000000,    /* 0063  closure L0 <- fn#0, 0 caps */
    0x00020043,                /* 0065  gset g2 <- L0   (_tail) */
    0x000000A8, 0x00010000,    /* 0066  closure L0 <- fn#1, 0 caps */
    0x00030043,                /* 0068  gset g3 <- L0   (_field) */
    0x000000A8, 0x00020000,    /* 0069  closure L0 <- fn#2, 0 caps */
    0x00040043,                /* 006B  gset g4 <- L0   (_max2) */
    0x000000A8, 0x00030000,    /* 006C  closure L0 <- fn#3, 0 caps */
    0x00050043,                /* 006E  gset g5 <- L0   (_join_parts) */
    0x000000A8, 0x00040000,    /* 006F  closure L0 <- fn#4, 0 caps */
    0x00060043,                /* 0071  gset g6 <- L0   (_f32_bits) */
    0x000000A8, 0x00050000,    /* 0072  closure L0 <- fn#5, 0 caps */
    0x00070043,                /* 0074  gset g7 <- L0   (_emit_pack) */
    0x000000A8, 0x00060000,    /* 0075  closure L0 <- fn#6, 0 caps */
    0x00080043,                /* 0077  gset g8 <- L0   (_emit_pairable) */
    0x000000A8, 0x00070000,    /* 0078  closure L0 <- fn#7, 0 caps */
    0x00090043,                /* 007A  gset g9 <- L0   (_land) */
    0x000000A8, 0x00080000,    /* 007B  closure L0 <- fn#8, 0 caps */
    0x000A0043,                /* 007D  gset g10 <- L0   (_target) */
    0x000000A8, 0x00090000,    /* 007E  closure L0 <- fn#9, 0 caps */
    0x000B0043,                /* 0080  gset g11 <- L0   (_string) */
    0x000000A8, 0x000A0000,    /* 0081  closure L0 <- fn#10, 0 caps */
    0x000C0043,                /* 0083  gset g12 <- L0   (_number) */
    0x000000A8, 0x000B0000,    /* 0084  closure L0 <- fn#11, 0 caps */
    0x000D0043,                /* 0086  gset g13 <- L0   (_char_lit) */
    0x000000A8, 0x000C0000,    /* 0087  closure L0 <- fn#12, 0 caps */
    0x000E0043,                /* 0089  gset g14 <- L0   (_symbol_lit) */
    0x000000A8, 0x000D0000,    /* 008A  closure L0 <- fn#13, 0 caps */
    0x000F0043,                /* 008C  gset g15 <- L0   (_bool_lit) */
    0x000000A8, 0x000E0000,    /* 008D  closure L0 <- fn#14, 0 caps */
    0x00100043,                /* 008F  gset g16 <- L0   (reg_of) */
    0x000000A8, 0x000F0000,    /* 0090  closure L0 <- fn#15, 0 caps */
    0x00110043,                /* 0092  gset g17 <- L0   (_land_free) */
    0x000000A8, 0x00100000,    /* 0093  closure L0 <- fn#16, 0 caps */
    0x00120043,                /* 0095  gset g18 <- L0   (resolve_name) */
    0x000000A8, 0x00110000,    /* 0096  closure L0 <- fn#17, 0 caps */
    0x00130043,                /* 0098  gset g19 <- L0   (_this) */
    0x000000A8, 0x00120000,    /* 0099  closure L0 <- fn#18, 0 caps */
    0x00140043,                /* 009B  gset g20 <- L0   (_bare_symbol) */
    0x000000A8, 0x00130000,    /* 009C  closure L0 <- fn#19, 0 caps */
    0x00150043,                /* 009E  gset g21 <- L0   (_unary) */
    0x000000A8, 0x00140000,    /* 009F  closure L0 <- fn#20, 0 caps */
    0x00160043,                /* 00A1  gset g22 <- L0   (_pos) */
    0x000000A8, 0x00150000,    /* 00A2  closure L0 <- fn#21, 0 caps */
    0x00170043,                /* 00A4  gset g23 <- L0   (_binop) */
    0x000000A8, 0x00160000,    /* 00A5  closure L0 <- fn#22, 0 caps */
    0x00180043,                /* 00A7  gset g24 <- L0   (_exp) */
    0x000000A8, 0x00170000,    /* 00A8  closure L0 <- fn#23, 0 caps */
    0x00190043,                /* 00AA  gset g25 <- L0   (_in_op) */
    0x000000A8, 0x00180000,    /* 00AB  closure L0 <- fn#24, 0 caps */
    0x001A0043,                /* 00AD  gset g26 <- L0   (_short_circuit) */
    0x000000A8, 0x00190000,    /* 00AE  closure L0 <- fn#25, 0 caps */
    0x001B0043,                /* 00B0  gset g27 <- L0   (_type_atoms) */
    0x000000A8, 0x001A0000,    /* 00B1  closure L0 <- fn#26, 0 caps */
    0x001C0043,                /* 00B3  gset g28 <- L0   (_type_parts) */
    0x000000A8, 0x001B0000,    /* 00B4  closure L0 <- fn#27, 0 caps */
    0x001D0043,                /* 00B6  gset g29 <- L0   (_type_value) */
    0x000000A8, 0x001C0000,    /* 00B7  closure L0 <- fn#28, 0 caps */
    0x001E0043,                /* 00B9  gset g30 <- L0   (_type_check) */
    0x000000A8, 0x001D0000,    /* 00BA  closure L0 <- fn#29, 0 caps */
    0x001F0043,                /* 00BC  gset g31 <- L0   (compile_into_window) */
    0x000000A8, 0x001E0000,    /* 00BD  closure L0 <- fn#30, 0 caps */
    0x00200043,                /* 00BF  gset g32 <- L0   (has_spread_or_keyword) */
    0x000000A8, 0x001F0000,    /* 00C0  closure L0 <- fn#31, 0 caps */
    0x00210043,                /* 00C2  gset g33 <- L0   (_compile_call) */
    0x000000A8, 0x00200000,    /* 00C3  closure L0 <- fn#32, 0 caps */
    0x00220043,                /* 00C5  gset g34 <- L0   (compile_call) */
    0x000000A8, 0x00210000,    /* 00C6  closure L0 <- fn#33, 0 caps */
    0x00230043,                /* 00C8  gset g35 <- L0   (_call) */
    0x000000A8, 0x00220000,    /* 00C9  closure L0 <- fn#34, 0 caps */
    0x00240043,                /* 00CB  gset g36 <- L0   (_window_of) */
    0x000000A8, 0x00230000,    /* 00CC  closure L0 <- fn#35, 0 caps */
    0x00250043,                /* 00CE  gset g37 <- L0   (_sequence) */
    0x000000A8, 0x00240000,    /* 00CF  closure L0 <- fn#36, 0 caps */
    0x00260043,                /* 00D1  gset g38 <- L0   (_array) */
    0x000000A8, 0x00250000,    /* 00D2  closure L0 <- fn#37, 0 caps */
    0x00270043,                /* 00D4  gset g39 <- L0   (_tuple) */
    0x000000A8, 0x00260000,    /* 00D5  closure L0 <- fn#38, 0 caps */
    0x00280043,                /* 00D7  gset g40 <- L0   (_plist) */
    0x000000A8, 0x00270000,    /* 00D8  closure L0 <- fn#39, 0 caps */
    0x00290043,                /* 00DA  gset g41 <- L0   (_dict) */
    0x000000A8, 0x00280000,    /* 00DB  closure L0 <- fn#40, 0 caps */
    0x002A0043,                /* 00DD  gset g42 <- L0   (own_slot_index) */
    0x000000A8, 0x00290000,    /* 00DE  closure L0 <- fn#41, 0 caps */
    0x002B0043,                /* 00E0  gset g43 <- L0   (_attr) */
    0x000000A8, 0x002A0000,    /* 00E1  closure L0 <- fn#42, 0 caps */
    0x002C0043,                /* 00E3  gset g44 <- L0   (_index) */
    0x00000003,                /* 00E4  lnil L0 */
    0x00470043,                /* 00E5  gset g71 <- L0   (_body_compiler) */
    0x00000003,                /* 00E6  lnil L0 */
    0x00480043,                /* 00E7  gset g72 <- L0   (_closure_compiler) */
    0x000000A8, 0x002B0000,    /* 00E8  closure L0 <- fn#43, 0 caps */
    0x002D0043,                /* 00EA  gset g45 <- L0   (set_body_compiler) */
    0x000000A8, 0x002C0000,    /* 00EB  closure L0 <- fn#44, 0 caps */
    0x002E0043,                /* 00ED  gset g46 <- L0   (set_closure_compiler) */
    0x000000A8, 0x002D0000,    /* 00EE  closure L0 <- fn#45, 0 caps */
    0x002F0043,                /* 00F0  gset g47 <- L0   (_lambda) */
    0x000000A8, 0x002E0000,    /* 00F1  closure L0 <- fn#46, 0 caps */
    0x00300043,                /* 00F3  gset g48 <- L0   (_do) */
    0x000000A8, 0x002F0000,    /* 00F4  closure L0 <- fn#47, 0 caps */
    0x00310043,                /* 00F6  gset g49 <- L0   (_try) */
    0x000000A8, 0x00300000,    /* 00F7  closure L0 <- fn#48, 0 caps */
    0x00320043,                /* 00F9  gset g50 <- L0   (_catch) */
    0x000000A8, 0x00310000,    /* 00FA  closure L0 <- fn#49, 0 caps */
    0x00330043,                /* 00FC  gset g51 <- L0   (message_index) */
    0x000000A8, 0x00320000,    /* 00FD  closure L0 <- fn#50, 0 caps */
    0x00340043,                /* 00FF  gset g52 <- L0   (compile_message) */
    0x000000A8, 0x00330000,    /* 0100  closure L0 <- fn#51, 0 caps */
    0x00350043,                /* 0102  gset g53 <- L0   (_message) */
    0x000000A8, 0x00340000,    /* 0103  closure L0 <- fn#52, 0 caps */
    0x00360043,                /* 0105  gset g54 <- L0   (_scope) */
    0x004A0046,                /* 0106  lconst L0 <- static#74   ("$ast") */
    0x00490043,                /* 0107  gset g73 <- L0   (AST_FIELD) */
    0x000000A8, 0x00350000,    /* 0108  closure L0 <- fn#53, 0 caps */
    0x00370043,                /* 010A  gset g55 <- L0   (_astref) */
    0x000000A8, 0x00360000,    /* 010B  closure L0 <- fn#54, 0 caps */
    0x00380043,                /* 010D  gset g56 <- L0   (compile_yield) */
    0x000000A8, 0x00370000,    /* 010E  closure L0 <- fn#55, 0 caps */
    0x00390043,                /* 0110  gset g57 <- L0   (_yield) */
    0x000000A8, 0x00380000,    /* 0111  closure L0 <- fn#56, 0 caps */
    0x003A0043,                /* 0113  gset g58 <- L0   (_yield_from) */
    0x000000A8, 0x00390000,    /* 0114  closure L0 <- fn#57, 0 caps */
    0x003B0043,                /* 0116  gset g59 <- L0   (_collection) */
    0x000000A8, 0x003A0000,    /* 0117  closure L0 <- fn#58, 0 caps */
    0x003C0043,                /* 0119  gset g60 <- L0   (_concatenate) */
    0x000000A8, 0x003B0000,    /* 011A  closure L0 <- fn#59, 0 caps */
    0x003D0043,                /* 011C  gset g61 <- L0   (_positional_argument_tuple) */
    0x000000A8, 0x003C0000,    /* 011D  closure L0 <- fn#60, 0 caps */
    0x003E0043,                /* 011F  gset g62 <- L0   (_keyword_argument_dict) */
    0x000000A8, 0x003D0000,    /* 0120  closure L0 <- fn#61, 0 caps */
    0x003F0043,                /* 0122  gset g63 <- L0   (compile_va) */
    0x000000A8, 0x003E0000,    /* 0123  closure L0 <- fn#62, 0 caps */
    0x00400043,                /* 0125  gset g64 <- L0   (_emit_sequence) */
    0x000000A8, 0x003F0000,    /* 0126  closure L0 <- fn#63, 0 caps */
    0x00410043,                /* 0128  gset g65 <- L0   (emit_value) */
    0x000000A8, 0x00400000,    /* 0129  closure L0 <- fn#64, 0 caps */
    0x00420043,                /* 012B  gset g66 <- L0   (compile_expr) */
    0x00000002,                /* 012C  return count=0 */
    0x00008041,                /* 012D  move L0 <- P0 */
    0x00010040,                /* 012E  i8 L1 <- 0 */
    0x00020091, 0x00018001,    /* 012F  lt L2 <- L1 < P1 */
    0x0013024B,                /* 0131  jf L2, +19 */
    0x00260246,                /* 0132  lconst L2 <- static#38   ("pair") */
    0x00030097, 0x00000002,    /* 0133  is L3 <- L0 is L2 */
    0x0004034A,                /* 0135  not L4 <- L3 */
    0x0005044B,                /* 0136  jf L4, +5 */
    0x004A0242,                /* 0137  gget L2 <- g74   (error) */
    0x00280346,                /* 0138  lconst L3 <- static#40   ("index out of range") */
    0x000201A0, 0x00010000,    /* 0139  call base=L2 argc=1 nres=1 */
    0x00020102,                /* 013B  return L2 count=1 */
    0x004B0242,                /* 013C  gget L2 <- g75   (cdr) */
    0x00030041,                /* 013D  move L3 <- L0 */
    0x000201A0, 0x00010000,    /* 013E  call base=L2 argc=1 nres=1 */
    0x00000241,                /* 0140  move L0 <- L2 */
    0x00020140,                /* 0141  i8 L2 <- 1 */
    0x00010085, 0x00010002,    /* 0142  add L1 <- L1 + L2 */
    0xFFEA004F,                /* 0144  jmp -22 */
    0x00000102,                /* 0145  return L0 count=1 */
    0x00020142,                /* 0146  gget L1 <- g2   (_tail) */
    0x00028041,                /* 0147  move L2 <- P0 */
    0x00038141,                /* 0148  move L3 <- P1 */
    0x000102A0, 0x00010000,    /* 0149  call base=L1 argc=2 nres=1 */
    0x00000141,                /* 014B  move L0 <- L1 */
    0x00270146,                /* 014C  lconst L1 <- static#39   ("error") */
    0x00020097, 0x00000001,    /* 014D  is L2 <- L0 is L1 */
    0x0001024B,                /* 014F  jf L2, +1 */
    0x00000102,                /* 0150  return L0 count=1 */
    0x004C0142,                /* 0151  gget L1 <- g76   (car) */
    0x00020041,                /* 0152  move L2 <- L0 */
    0x000101A0, 0x00010000,    /* 0153  call base=L1 argc=1 nres=1 */
    0x00010102,                /* 0155  return L1 count=1 */
    0x00000093, 0x80008001,    /* 0156  gt L0 <- P0 > P1 */
    0x0002004B,                /* 0158  jf L0, +2 */
    0x00008041,                /* 0159  move L0 <- P0 */
    0x00000102,                /* 015A  return L0 count=1 */
    0x00008141,                /* 015B  move L0 <- P1 */
    0x00000102,                /* 015C  return L0 count=1 */
    0x00290046,                /* 015D  lconst L0 <- static#41   ("") */
    0x00010104,                /* 015E  lbool L1 <- 1 */
    0x000300AE, 0x80000000,    /* 015F  iter L3 <- P0 */
    0x000200AF, 0x00030009,    /* 0161  itnext L2 <- L3, done +9 */
    0x0004014A,                /* 0163  not L4 <- L1 */
    0x0003044B,                /* 0164  jf L4, +3 */
    0x002A0446,                /* 0165  lconst L4 <- static#42   ("::") */
    0x00000085, 0x00000004,    /* 0166  add L0 <- L0 + L4 */
    0x00000085, 0x00000002,    /* 0168  add L0 <- L0 + L2 */
    0x00010004,                /* 016A  lbool L1 <- 0 */
    0xFFF5004F,                /* 016B  jmp -11 */
    0x00000102,                /* 016C  return L0 count=1 */
    0x004D0142,                /* 016D  gget L1 <- g77   (bytes) */
    0x00020440,                /* 016E  i8 L2 <- 4 */
    0x000101A0, 0x00010000,    /* 016F  call base=L1 argc=1 nres=1 */
    0x00000141,                /* 0171  move L0 <- L1 */
    0x00010041,                /* 0172  move L1 <- L0 */
    0x00020040,                /* 0173  i8 L2 <- 0 */
    0x00038041,                /* 0174  move L3 <- P0 */
    0x000102A2, 0x00000001,    /* 0175  msg base=L1 argc=2 msg#0 nres=1   (pack_f32) */
    0x00010041,                /* 0177  move L1 <- L0 */
    0x00020040,                /* 0178  i8 L2 <- 0 */
    0x000101A2, 0x00010001,    /* 0179  msg base=L1 argc=1 msg#1 nres=1   (unpack_u32) */
    0x00010102,                /* 017B  return L1 count=1 */
    0x004E0142,                /* 017C  gget L1 <- g78   (pack) */
    0x00048141,                /* 017D  move L4 <- P1 */
    0x00050181, 0x00040000,    /* 017E  tuple L5 <- L4, 1 items */
    0x00020541,                /* 0180  move L2 <- L5 */
    0x002D0446,                /* 0181  lconst L4 <- static#45   ("f") */
    0x00058241,                /* 0182  move L5 <- P2 */
    0x002E0646,                /* 0183  lconst L6 <- static#46   ("a0") */
    0x00078341,                /* 0184  move L7 <- P3 */
    0x002F0846,                /* 0185  lconst L8 <- static#47   ("a1") */
    0x00098441,                /* 0186  move L9 <- P4 */
    0x00300A46,                /* 0187  lconst L10 <- static#48   ("a2") */
    0x000B8541,                /* 0188  move L11 <- P5 */
    0x00310C46,                /* 0189  lconst L12 <- static#49   ("w1") */
    0x000D8641,                /* 018A  move L13 <- P6 */
    0x000E0583, 0x00040000,    /* 018B  dict L14 <- L4, 5 pairs */
    0x00030E41,                /* 018D  move L3 <- L14 */
    0x000100A1, 0x00010000,    /* 018E  call_va base=L1 nres=1 */
    0x00000141,                /* 0190  move L0 <- L1 */
    0x00270146,                /* 0191  lconst L1 <- static#39   ("error") */
    0x00020097, 0x00000001,    /* 0192  is L2 <- L0 is L1 */
    0x0001024B,                /* 0194  jf L2, +1 */
    0x00000102,                /* 0195  return L0 count=1 */
    0x00018041,                /* 0196  move L1 <- P0 */
    0x00020041,                /* 0197  move L2 <- L0 */
    0x000101A2, 0x00020001,    /* 0198  msg base=L1 argc=1 msg#2 nres=1   (emit_words) */
    0x00010003,                /* 019A  lnil L1 */
    0x00010102,                /* 019B  return L1 count=1 */
    0x004F0142,                /* 019C  gget L1 <- g79   (pack_pairable) */
    0x00028141,                /* 019D  move L2 <- P1 */
    0x00038241,                /* 019E  move L3 <- P2 */
    0x00048341,                /* 019F  move L4 <- P3 */
    0x000103A0, 0x00010000,    /* 01A0  call base=L1 argc=3 nres=1 */
    0x00000141,                /* 01A2  move L0 <- L1 */
    0x00270146,                /* 01A3  lconst L1 <- static#39   ("error") */
    0x00020097, 0x00000001,    /* 01A4  is L2 <- L0 is L1 */
    0x0001024B,                /* 01A6  jf L2, +1 */
    0x00000102,                /* 01A7  return L0 count=1 */
    0x00018041,                /* 01A8  move L1 <- P0 */
    0x00020041,                /* 01A9  move L2 <- L0 */
    0x000101A2, 0x00020001,    /* 01AA  msg base=L1 argc=1 msg#2 nres=1   (emit_words) */
    0x00010003,                /* 01AC  lnil L1 */
    0x00010102,                /* 01AD  return L1 count=1 */
    0x001B0246,                /* 01AE  lconst L2 <- static#27   ("nil") */
    0x00010097, 0x80010002,    /* 01AF  is L1 <- P1 is L2 */
    0x0002014C,                /* 01B1  jt L1, +2 */
    0x0001008F, 0x80018002,    /* 01B2  eq L1 <- P1 == P2 */
    0x0002014B,                /* 01B4  jf L1, +2 */
    0x00018241,                /* 01B5  move L1 <- P2 */
    0x00010102,                /* 01B6  return L1 count=1 */
    0x00080142,                /* 01B7  gget L1 <- g8   (_emit_pairable) */
    0x00028041,                /* 01B8  move L2 <- P0 */
    0x00160345,                /* 01B9  lsym L3 <- sym#22   ("move") */
    0x00048141,                /* 01BA  move L4 <- P1 */
    0x00058241,                /* 01BB  move L5 <- P2 */
    0x000104A0, 0x00010000,    /* 01BC  call base=L1 argc=4 nres=1 */
    0x00000141,                /* 01BE  move L0 <- L1 */
    0x00270146,                /* 01BF  lconst L1 <- static#39   ("error") */
    0x00020097, 0x00000001,    /* 01C0  is L2 <- L0 is L1 */
    0x0001024B,                /* 01C2  jf L2, +1 */
    0x00000102,                /* 01C3  return L0 count=1 */
    0x00018141,                /* 01C4  move L1 <- P1 */
    0x00010102,                /* 01C5  return L1 count=1 */
    0x001B0046,                /* 01C6  lconst L0 <- static#27   ("nil") */
    0x00010097, 0x80010000,    /* 01C7  is L1 <- P1 is L0 */
    0x0004014B,                /* 01C9  jf L1, +4 */
    0x00008041,                /* 01CA  move L0 <- P0 */
    0x000000A2, 0x00030001,    /* 01CB  msg base=L0 argc=0 msg#3 nres=1   (push) */
    0x00000102,                /* 01CD  return L0 count=1 */
    0x00008141,                /* 01CE  move L0 <- P1 */
    0x00000102,                /* 01CF  return L0 count=1 */
    0x00030442,                /* 01D0  gget L4 <- g3   (_field) */
    0x00058041,                /* 01D1  move L5 <- P0 */
    0x00060140,                /* 01D2  i8 L6 <- 1 */
    0x000402A0, 0x00010000,    /* 01D3  call base=L4 argc=2 nres=1 */
    0x00000441,                /* 01D5  move L0 <- L4 */
    0x0001004E,                /* 01D6  jnerr L0, +1 */
    0x00000003,                /* 01D7  lnil L0 */
    0x0005009A, 0x80010019,    /* 01D8  getattr L5 <- P1.sym#25   ("module") */
    0x0004009A, 0x0005001A,    /* 01DA  getattr L4 <- L5.sym#26   ("image") */
    0x00050041,                /* 01DC  move L5 <- L0 */
    0x000401A2, 0x00040001,    /* 01DD  msg base=L4 argc=1 msg#4 nres=1   (add_static) */
    0x00010441,                /* 01DF  move L1 <- L4 */
    0x00270446,                /* 01E0  lconst L4 <- static#39   ("error") */
    0x00050097, 0x00010004,    /* 01E1  is L5 <- L1 is L4 */
    0x0001054B,                /* 01E3  jf L5, +1 */
    0x00010102,                /* 01E4  return L1 count=1 */
    0x000A0442,                /* 01E5  gget L4 <- g10   (_target) */
    0x00058141,                /* 01E6  move L5 <- P1 */
    0x00068241,                /* 01E7  move L6 <- P2 */
    0x000402A0, 0x00010000,    /* 01E8  call base=L4 argc=2 nres=1 */
    0x00020441,                /* 01EA  move L2 <- L4 */
    0x00270446,                /* 01EB  lconst L4 <- static#39   ("error") */
    0x00050097, 0x00020004,    /* 01EC  is L5 <- L2 is L4 */
    0x0001054B,                /* 01EE  jf L5, +1 */
    0x00020102,                /* 01EF  return L2 count=1 */
    0x00080442,                /* 01F0  gget L4 <- g8   (_emit_pairable) */
    0x00058141,                /* 01F1  move L5 <- P1 */
    0x001B0645,                /* 01F2  lsym L6 <- sym#27   ("lconst") */
    0x00070141,                /* 01F3  move L7 <- L1 */
    0x00080241,                /* 01F4  move L8 <- L2 */
    0x000404A0, 0x00010000,    /* 01F5  call base=L4 argc=4 nres=1 */
    0x00030441,                /* 01F7  move L3 <- L4 */
    0x00270446,                /* 01F8  lconst L4 <- static#39   ("error") */
    0x00050097, 0x00030004,    /* 01F9  is L5 <- L3 is L4 */
    0x0001054B,                /* 01FB  jf L5, +1 */
    0x00030102,                /* 01FC  return L3 count=1 */
    0x00020102,                /* 01FD  return L2 count=1 */
    0x00030642,                /* 01FE  gget L6 <- g3   (_field) */
    0x00078041,                /* 01FF  move L7 <- P0 */
    0x00080140,                /* 0200  i8 L8 <- 1 */
    0x000602A0, 0x00010000,    /* 0201  call base=L6 argc=2 nres=1 */
    0x00000641,                /* 0203  move L0 <- L6 */
    0x0001004E,                /* 0204  jnerr L0, +1 */
    0x00000003,                /* 0205  lnil L0 */
    0x001F0646,                /* 0206  lconst L6 <- static#31   ("float") */
    0x00070097, 0x00000006,    /* 0207  is L7 <- L0 is L6 */
    0x0026074B,                /* 0209  jf L7, +38 */
    0x000A0642,                /* 020A  gget L6 <- g10   (_target) */
    0x00078141,                /* 020B  move L7 <- P1 */
    0x00088241,                /* 020C  move L8 <- P2 */
    0x000602A0, 0x00010000,    /* 020D  call base=L6 argc=2 nres=1 */
    0x00030641,                /* 020F  move L3 <- L6 */
    0x00270646,                /* 0210  lconst L6 <- static#39   ("error") */
    0x00070097, 0x00030006,    /* 0211  is L7 <- L3 is L6 */
    0x0001074B,                /* 0213  jf L7, +1 */
    0x00030102,                /* 0214  return L3 count=1 */
    0x00060642,                /* 0215  gget L6 <- g6   (_f32_bits) */
    0x00070041,                /* 0216  move L7 <- L0 */
    0x000601A0, 0x00010000,    /* 0217  call base=L6 argc=1 nres=1 */
    0x00040641,                /* 0219  move L4 <- L6 */
    0x00070642,                /* 021A  gget L6 <- g7   (_emit_pack) */
    0x00098141,                /* 021B  move L9 <- P1 */
    0x001C0A45,                /* 021C  lsym L10 <- sym#28   ("f32") */
    0x000B0281, 0x00090000,    /* 021D  tuple L11 <- L9, 2 items */
    0x00070B41,                /* 021F  move L7 <- L11 */
    0x002E0946,                /* 0220  lconst L9 <- static#46   ("a0") */
    0x000A0341,                /* 0221  move L10 <- L3 */
    0x00310B46,                /* 0222  lconst L11 <- static#49   ("w1") */
    0x000C0441,                /* 0223  move L12 <- L4 */
    0x000D0283, 0x00090000,    /* 0224  dict L13 <- L9, 2 pairs */
    0x00080D41,                /* 0226  move L8 <- L13 */
    0x000600A1, 0x00010000,    /* 0227  call_va base=L6 nres=1 */
    0x00050641,                /* 0229  move L5 <- L6 */
    0x00270646,                /* 022A  lconst L6 <- static#39   ("error") */
    0x00070097, 0x00050006,    /* 022B  is L7 <- L5 is L6 */
    0x0001074B,                /* 022D  jf L7, +1 */
    0x00050102,                /* 022E  return L5 count=1 */
    0x00030102,                /* 022F  return L3 count=1 */
    0x00430742,                /* 0230  gget L7 <- g67   (INT32_MIN) */
    0x00060091, 0x00000007,    /* 0231  lt L6 <- L0 < L7 */
    0x0003064C,                /* 0233  jt L6, +3 */
    0x00440742,                /* 0234  gget L7 <- g68   (INT32_MAX) */
    0x00060093, 0x00000007,    /* 0235  gt L6 <- L0 > L7 */
    0x000F064B,                /* 0237  jf L6, +15 */
    0x004A0642,                /* 0238  gget L6 <- g74   (error) */
    0x00320746,                /* 0239  lconst L7 <- static#50   ("integer literal ") */
    0x00500842,                /* 023A  gget L8 <- g80   (str) */
    0x00090041,                /* 023B  move L9 <- L0 */
    0x000801A0, 0x00010000,    /* 023C  call base=L8 argc=1 nres=1 */
    0x00090085, 0x00070008,    /* 023E  add L9 <- L7 + L8 */
    0x00330A46,                /* 0240  lconst L10 <- static#51   (" does not fit in an i32") */
    0x000B0085, 0x0009000A,    /* 0241  add L11 <- L9 + L10 */
    0x00070B41,                /* 0243  move L7 <- L11 */
    0x000601A0, 0x00010000,    /* 0244  call base=L6 argc=1 nres=1 */
    0x00060102,                /* 0246  return L6 count=1 */
    0x000A0642,                /* 0247  gget L6 <- g10   (_target) */
    0x00078141,                /* 0248  move L7 <- P1 */
    0x00088241,                /* 0249  move L8 <- P2 */
    0x000602A0, 0x00010000,    /* 024A  call base=L6 argc=2 nres=1 */
    0x00010641,                /* 024C  move L1 <- L6 */
    0x00270646,                /* 024D  lconst L6 <- static#39   ("error") */
    0x00070097, 0x00010006,    /* 024E  is L7 <- L1 is L6 */
    0x0001074B,                /* 0250  jf L7, +1 */
    0x00010102,                /* 0251  return L1 count=1 */
    0x00080642,                /* 0252  gget L6 <- g8   (_emit_pairable) */
    0x00078141,                /* 0253  move L7 <- P1 */
    0x001D0845,                /* 0254  lsym L8 <- sym#29   ("i8") */
    0x00090141,                /* 0255  move L9 <- L1 */
    0x000A0041,                /* 0256  move L10 <- L0 */
    0x000604A0, 0x00010000,    /* 0257  call base=L6 argc=4 nres=1 */
    0x00020641,                /* 0259  move L2 <- L6 */
    0x00270646,                /* 025A  lconst L6 <- static#39   ("error") */
    0x00070097, 0x00020006,    /* 025B  is L7 <- L2 is L6 */
    0x0001074B,                /* 025D  jf L7, +1 */
    0x00020102,                /* 025E  return L2 count=1 */
    0x00010102,                /* 025F  return L1 count=1 */
    0x00030342,                /* 0260  gget L3 <- g3   (_field) */
    0x00048041,                /* 0261  move L4 <- P0 */
    0x00050140,                /* 0262  i8 L5 <- 1 */
    0x000302A0, 0x00010000,    /* 0263  call base=L3 argc=2 nres=1 */
    0x00000341,                /* 0265  move L0 <- L3 */
    0x0001004E,                /* 0266  jnerr L0, +1 */
    0x00000003,                /* 0267  lnil L0 */
    0x000A0342,                /* 0268  gget L3 <- g10   (_target) */
    0x00048141,                /* 0269  move L4 <- P1 */
    0x00058241,                /* 026A  move L5 <- P2 */
    0x000302A0, 0x00010000,    /* 026B  call base=L3 argc=2 nres=1 */
    0x00010341,                /* 026D  move L1 <- L3 */
    0x00270346,                /* 026E  lconst L3 <- static#39   ("error") */
    0x00040097, 0x00010003,    /* 026F  is L4 <- L1 is L3 */
    0x0001044B,                /* 0271  jf L4, +1 */
    0x00010102,                /* 0272  return L1 count=1 */
    0x00080342,                /* 0273  gget L3 <- g8   (_emit_pairable) */
    0x00048141,                /* 0274  move L4 <- P1 */
    0x001D0545,                /* 0275  lsym L5 <- sym#29   ("i8") */
    0x00060141,                /* 0276  move L6 <- L1 */
    0x00070041,                /* 0277  move L7 <- L0 */
    0x000304A0, 0x00010000,    /* 0278  call base=L3 argc=4 nres=1 */
    0x00020341,                /* 027A  move L2 <- L3 */
    0x00270346,                /* 027B  lconst L3 <- static#39   ("error") */
    0x00040097, 0x00020003,    /* 027C  is L4 <- L2 is L3 */
    0x0001044B,                /* 027E  jf L4, +1 */
    0x00020102,                /* 027F  return L2 count=1 */
    0x00010102,                /* 0280  return L1 count=1 */
    0x00030442,                /* 0281  gget L4 <- g3   (_field) */
    0x00058041,                /* 0282  move L5 <- P0 */
    0x00060140,                /* 0283  i8 L6 <- 1 */
    0x000402A0, 0x00010000,    /* 0284  call base=L4 argc=2 nres=1 */
    0x00000441,                /* 0286  move L0 <- L4 */
    0x0001004E,                /* 0287  jnerr L0, +1 */
    0x00000003,                /* 0288  lnil L0 */
    0x0005009A, 0x80010019,    /* 0289  getattr L5 <- P1.sym#25   ("module") */
    0x0004009A, 0x0005001A,    /* 028B  getattr L4 <- L5.sym#26   ("image") */
    0x00500542,                /* 028D  gget L5 <- g80   (str) */
    0x00060041,                /* 028E  move L6 <- L0 */
    0x000501A0, 0x00010000,    /* 028F  call base=L5 argc=1 nres=1 */
    0x000401A2, 0x00050001,    /* 0291  msg base=L4 argc=1 msg#5 nres=1   (add_symbol) */
    0x00010441,                /* 0293  move L1 <- L4 */
    0x00270446,                /* 0294  lconst L4 <- static#39   ("error") */
    0x00050097, 0x00010004,    /* 0295  is L5 <- L1 is L4 */
    0x0001054B,                /* 0297  jf L5, +1 */
    0x00010102,                /* 0298  return L1 count=1 */
    0x000A0442,                /* 0299  gget L4 <- g10   (_target) */
    0x00058141,                /* 029A  move L5 <- P1 */
    0x00068241,                /* 029B  move L6 <- P2 */
    0x000402A0, 0x00010000,    /* 029C  call base=L4 argc=2 nres=1 */
    0x00020441,                /* 029E  move L2 <- L4 */
    0x00270446,                /* 029F  lconst L4 <- static#39   ("error") */
    0x00050097, 0x00020004,    /* 02A0  is L5 <- L2 is L4 */
    0x0001054B,                /* 02A2  jf L5, +1 */
    0x00020102,                /* 02A3  return L2 count=1 */
    0x00080442,                /* 02A4  gget L4 <- g8   (_emit_pairable) */
    0x00058141,                /* 02A5  move L5 <- P1 */
    0x001F0645,                /* 02A6  lsym L6 <- sym#31   ("lsym") */
    0x00070141,                /* 02A7  move L7 <- L1 */
    0x00080241,                /* 02A8  move L8 <- L2 */
    0x000404A0, 0x00010000,    /* 02A9  call base=L4 argc=4 nres=1 */
    0x00030441,                /* 02AB  move L3 <- L4 */
    0x00270446,                /* 02AC  lconst L4 <- static#39   ("error") */
    0x00050097, 0x00030004,    /* 02AD  is L5 <- L3 is L4 */
    0x0001054B,                /* 02AF  jf L5, +1 */
    0x00030102,                /* 02B0  return L3 count=1 */
    0x00020102,                /* 02B1  return L2 count=1 */
    0x000A0342,                /* 02B2  gget L3 <- g10   (_target) */
    0x00048141,                /* 02B3  move L4 <- P1 */
    0x00058241,                /* 02B4  move L5 <- P2 */
    0x000302A0, 0x00010000,    /* 02B5  call base=L3 argc=2 nres=1 */
    0x00000341,                /* 02B7  move L0 <- L3 */
    0x00270346,                /* 02B8  lconst L3 <- static#39   ("error") */
    0x00040097, 0x00000003,    /* 02B9  is L4 <- L0 is L3 */
    0x0001044B,                /* 02BB  jf L4, +1 */
    0x00000102,                /* 02BC  return L0 count=1 */
    0x00010040,                /* 02BD  i8 L1 <- 0 */
    0x0001804B,                /* 02BE  jf P0, +1 */
    0x00010140,                /* 02BF  i8 L1 <- 1 */
    0x00070342,                /* 02C0  gget L3 <- g7   (_emit_pack) */
    0x00068141,                /* 02C1  move L6 <- P1 */
    0x00200745,                /* 02C2  lsym L7 <- sym#32   ("lbool") */
    0x00080281, 0x00060000,    /* 02C3  tuple L8 <- L6, 2 items */
    0x00040841,                /* 02C5  move L4 <- L8 */
    0x002E0646,                /* 02C6  lconst L6 <- static#46   ("a0") */
    0x00070041,                /* 02C7  move L7 <- L0 */
    0x002D0846,                /* 02C8  lconst L8 <- static#45   ("f") */
    0x00090141,                /* 02C9  move L9 <- L1 */
    0x000A0283, 0x00060000,    /* 02CA  dict L10 <- L6, 2 pairs */
    0x00050A41,                /* 02CC  move L5 <- L10 */
    0x000300A1, 0x00010000,    /* 02CD  call_va base=L3 nres=1 */
    0x00020341,                /* 02CF  move L2 <- L3 */
    0x00270346,                /* 02D0  lconst L3 <- static#39   ("error") */
    0x00040097, 0x00020003,    /* 02D1  is L4 <- L2 is L3 */
    0x0001044B,                /* 02D3  jf L4, +1 */
    0x00020102,                /* 02D4  return L2 count=1 */
    0x00000102,                /* 02D5  return L0 count=1 */
    0x00000140,                /* 02D6  i8 L0 <- 1 */
    0x00010098, 0x80000000,    /* 02D7  getidx L1 <- P0[L0] */
    0x00010102,                /* 02D9  return L1 count=1 */
    0x000A0242,                /* 02DA  gget L2 <- g10   (_target) */
    0x00038041,                /* 02DB  move L3 <- P0 */
    0x00048141,                /* 02DC  move L4 <- P1 */
    0x000202A0, 0x00010000,    /* 02DD  call base=L2 argc=2 nres=1 */
    0x00000241,                /* 02DF  move L0 <- L2 */
    0x00270246,                /* 02E0  lconst L2 <- static#39   ("error") */
    0x00030097, 0x00000002,    /* 02E1  is L3 <- L0 is L2 */
    0x0001034B,                /* 02E3  jf L3, +1 */
    0x00000102,                /* 02E4  return L0 count=1 */
    0x00080242,                /* 02E5  gget L2 <- g8   (_emit_pairable) */
    0x00038041,                /* 02E6  move L3 <- P0 */
    0x00210445,                /* 02E7  lsym L4 <- sym#33   ("gget") */
    0x00058241,                /* 02E8  move L5 <- P2 */
    0x00060041,                /* 02E9  move L6 <- L0 */
    0x000204A0, 0x00010000,    /* 02EA  call base=L2 argc=4 nres=1 */
    0x00010241,                /* 02EC  move L1 <- L2 */
    0x00270246,                /* 02ED  lconst L2 <- static#39   ("error") */
    0x00030097, 0x00010002,    /* 02EE  is L3 <- L1 is L2 */
    0x0001034B,                /* 02F0  jf L3, +1 */
    0x00010102,                /* 02F1  return L1 count=1 */
    0x00000102,                /* 02F2  return L0 count=1 */
    0x000B8141,                /* 02F3  move L11 <- P1 */
    0x000C8041,                /* 02F4  move L12 <- P0 */
    0x000B01A2, 0x00060001,    /* 02F5  msg base=L11 argc=1 msg#6 nres=1   (storage) */
    0x00000B41,                /* 02F7  move L0 <- L11 */
    0x001B0B46,                /* 02F8  lconst L11 <- static#27   ("nil") */
    0x000C0097, 0x0000000B,    /* 02F9  is L12 <- L0 is L11 */
    0x000D0C4A,                /* 02FB  not L13 <- L12 */
    0x007B0D4B,                /* 02FC  jf L13, +123 */
    0x000B0040,                /* 02FD  i8 L11 <- 0 */
    0x00030098, 0x0000000B,    /* 02FE  getidx L3 <- L0[L11] */
    0x000B0140,                /* 0300  i8 L11 <- 1 */
    0x00040098, 0x0000000B,    /* 0301  getidx L4 <- L0[L11] */
    0x00340B46,                /* 0303  lconst L11 <- static#52   ("reg") */
    0x000C008F, 0x0003000B,    /* 0304  eq L12 <- L3 == L11 */
    0x003B0C4B,                /* 0306  jf L12, +59 */
    0x000B009A, 0x80010023,    /* 0307  getattr L11 <- P1.sym#35   ("cells") */
    0x000C0096, 0x8000000B,    /* 0309  in L12 <- P0 in L11 */
    0x002F0C4B,                /* 030B  jf L12, +47 */
    0x000A0B42,                /* 030C  gget L11 <- g10   (_target) */
    0x000C8141,                /* 030D  move L12 <- P1 */
    0x000D8241,                /* 030E  move L13 <- P2 */
    0x000B02A0, 0x00010000,    /* 030F  call base=L11 argc=2 nres=1 */
    0x00060B41,                /* 0311  move L6 <- L11 */
    0x00270B46,                /* 0312  lconst L11 <- static#39   ("error") */
    0x000C0097, 0x0006000B,    /* 0313  is L12 <- L6 is L11 */
    0x00010C4B,                /* 0315  jf L12, +1 */
    0x00060102,                /* 0316  return L6 count=1 */
    0x000B8141,                /* 0317  move L11 <- P1 */
    0x000B00A2, 0x00070001,    /* 0318  msg base=L11 argc=0 msg#7 nres=1   (zero) */
    0x00070B41,                /* 031A  move L7 <- L11 */
    0x00270B46,                /* 031B  lconst L11 <- static#39   ("error") */
    0x000C0097, 0x0007000B,    /* 031C  is L12 <- L7 is L11 */
    0x00010C4B,                /* 031E  jf L12, +1 */
    0x00070102,                /* 031F  return L7 count=1 */
    0x00070B42,                /* 0320  gget L11 <- g7   (_emit_pack) */
    0x000E8141,                /* 0321  move L14 <- P1 */
    0x00250F45,                /* 0322  lsym L15 <- sym#37   ("getidx") */
    0x00100281, 0x000E0000,    /* 0323  tuple L16 <- L14, 2 items */
    0x000C1041,                /* 0325  move L12 <- L16 */
    0x002E0E46,                /* 0326  lconst L14 <- static#46   ("a0") */
    0x000F0641,                /* 0327  move L15 <- L6 */
    0x002F1046,                /* 0328  lconst L16 <- static#47   ("a1") */
    0x00101142,                /* 0329  gget L17 <- g16   (reg_of) */
    0x00120041,                /* 032A  move L18 <- L0 */
    0x001101A0, 0x00010000,    /* 032B  call base=L17 argc=1 nres=1 */
    0x00301246,                /* 032D  lconst L18 <- static#48   ("a2") */
    0x00130741,                /* 032E  move L19 <- L7 */
    0x00140383, 0x000E0000,    /* 032F  dict L20 <- L14, 3 pairs */
    0x000D1441,                /* 0331  move L13 <- L20 */
    0x000B00A1, 0x00010000,    /* 0332  call_va base=L11 nres=1 */
    0x00080B41,                /* 0334  move L8 <- L11 */
    0x00270B46,                /* 0335  lconst L11 <- static#39   ("error") */
    0x000C0097, 0x0008000B,    /* 0336  is L12 <- L8 is L11 */
    0x00010C4B,                /* 0338  jf L12, +1 */
    0x00080102,                /* 0339  return L8 count=1 */
    0x00060102,                /* 033A  return L6 count=1 */
    0x00090B42,                /* 033B  gget L11 <- g9   (_land) */
    0x000C8141,                /* 033C  move L12 <- P1 */
    0x000D8241,                /* 033D  move L13 <- P2 */
    0x000E0441,                /* 033E  move L14 <- L4 */
    0x000B03A0, 0x00010000,    /* 033F  call base=L11 argc=3 nres=1 */
    0x000B0102,                /* 0341  return L11 count=1 */
    0x000A0B42,                /* 0342  gget L11 <- g10   (_target) */
    0x000C8141,                /* 0343  move L12 <- P1 */
    0x000D8241,                /* 0344  move L13 <- P2 */
    0x000B02A0, 0x00010000,    /* 0345  call base=L11 argc=2 nres=1 */
    0x00050B41,                /* 0347  move L5 <- L11 */
    0x00270B46,                /* 0348  lconst L11 <- static#39   ("error") */
    0x000C0097, 0x0005000B,    /* 0349  is L12 <- L5 is L11 */
    0x00010C4B,                /* 034B  jf L12, +1 */
    0x00050102,                /* 034C  return L5 count=1 */
    0x00350B46,                /* 034D  lconst L11 <- static#53   ("slot") */
    0x000C008F, 0x0003000B,    /* 034E  eq L12 <- L3 == L11 */
    0x00190C4B,                /* 0350  jf L12, +25 */
    0x00070B42,                /* 0351  gget L11 <- g7   (_emit_pack) */
    0x000E8141,                /* 0352  move L14 <- P1 */
    0x00260F45,                /* 0353  lsym L15 <- sym#38   ("getattr") */
    0x00100281, 0x000E0000,    /* 0354  tuple L16 <- L14, 2 items */
    0x000C1041,                /* 0356  move L12 <- L16 */
    0x002E0E46,                /* 0357  lconst L14 <- static#46   ("a0") */
    0x000F0541,                /* 0358  move L15 <- L5 */
    0x002F1046,                /* 0359  lconst L16 <- static#47   ("a1") */
    0x0011009A, 0x80010027,    /* 035A  getattr L17 <- P1.sym#39   ("this_reg") */
    0x00301246,                /* 035C  lconst L18 <- static#48   ("a2") */
    0x00130441,                /* 035D  move L19 <- L4 */
    0x00140383, 0x000E0000,    /* 035E  dict L20 <- L14, 3 pairs */
    0x000D1441,                /* 0360  move L13 <- L20 */
    0x000B00A1, 0x00010000,    /* 0361  call_va base=L11 nres=1 */
    0x00090B41,                /* 0363  move L9 <- L11 */
    0x00270B46,                /* 0364  lconst L11 <- static#39   ("error") */
    0x000C0097, 0x0009000B,    /* 0365  is L12 <- L9 is L11 */
    0x00010C4B,                /* 0367  jf L12, +1 */
    0x00090102,                /* 0368  return L9 count=1 */
    0x000D004F,                /* 0369  jmp +13 */
    0x00080B42,                /* 036A  gget L11 <- g8   (_emit_pairable) */
    0x000C8141,                /* 036B  move L12 <- P1 */
    0x00210D45,                /* 036C  lsym L13 <- sym#33   ("gget") */
    0x000E0441,                /* 036D  move L14 <- L4 */
    0x000F0541,                /* 036E  move L15 <- L5 */
    0x000B04A0, 0x00010000,    /* 036F  call base=L11 argc=4 nres=1 */
    0x000A0B41,                /* 0371  move L10 <- L11 */
    0x00270B46,                /* 0372  lconst L11 <- static#39   ("error") */
    0x000C0097, 0x000A000B,    /* 0373  is L12 <- L10 is L11 */
    0x00010C4B,                /* 0375  jf L12, +1 */
    0x000A0102,                /* 0376  return L10 count=1 */
    0x00050102,                /* 0377  return L5 count=1 */
    0x0001009A, 0x80010019,    /* 0378  getattr L1 <- P1.sym#25   ("module") */
    0x000C0141,                /* 037A  move L12 <- L1 */
    0x000D8041,                /* 037B  move L13 <- P0 */
    0x000C01A2, 0x00080001,    /* 037C  msg base=L12 argc=1 msg#8 nres=1   (is_builtin) */
    0x000B0C4A,                /* 037E  not L11 <- L12 */
    0x00030B4B,                /* 037F  jf L11, +3 */
    0x000C009A, 0x00010029,    /* 0380  getattr L12 <- L1.sym#41   ("has_wildcard_import") */
    0x000B0C4A,                /* 0382  not L11 <- L12 */
    0x000F0B4B,                /* 0383  jf L11, +15 */
    0x004A0B42,                /* 0384  gget L11 <- g74   (error) */
    0x00360C46,                /* 0385  lconst L12 <- static#54   ("undefined name '") */
    0x00500D42,                /* 0386  gget L13 <- g80   (str) */
    0x000E8041,                /* 0387  move L14 <- P0 */
    0x000D01A0, 0x00010000,    /* 0388  call base=L13 argc=1 nres=1 */
    0x000E0085, 0x000C000D,    /* 038A  add L14 <- L12 + L13 */
    0x00370F46,                /* 038C  lconst L15 <- static#55   ("'") */
    0x00100085, 0x000E000F,    /* 038D  add L16 <- L14 + L15 */
    0x000C1041,                /* 038F  move L12 <- L16 */
    0x000B01A0, 0x00010000,    /* 0390  call base=L11 argc=1 nres=1 */
    0x000B0102,                /* 0392  return L11 count=1 */
    0x000B0141,                /* 0393  move L11 <- L1 */
    0x00500C42,                /* 0394  gget L12 <- g80   (str) */
    0x000D8041,                /* 0395  move L13 <- P0 */
    0x000C01A0, 0x00010000,    /* 0396  call base=L12 argc=1 nres=1 */
    0x000B01A2, 0x00090001,    /* 0398  msg base=L11 argc=1 msg#9 nres=1   (declare_free_global) */
    0x00020B41,                /* 039A  move L2 <- L11 */
    0x00270B46,                /* 039B  lconst L11 <- static#39   ("error") */
    0x000C0097, 0x0002000B,    /* 039C  is L12 <- L2 is L11 */
    0x00010C4B,                /* 039E  jf L12, +1 */
    0x00020102,                /* 039F  return L2 count=1 */
    0x00110B42,                /* 03A0  gget L11 <- g17   (_land_free) */
    0x000C8141,                /* 03A1  move L12 <- P1 */
    0x000D8241,                /* 03A2  move L13 <- P2 */
    0x000E0241,                /* 03A3  move L14 <- L2 */
    0x000B03A0, 0x00010000,    /* 03A4  call base=L11 argc=3 nres=1 */
    0x000B0102,                /* 03A6  return L11 count=1 */
    0x0000009A, 0x80000027,    /* 03A7  getattr L0 <- P0.sym#39   ("this_reg") */
    0x001B0146,                /* 03A9  lconst L1 <- static#27   ("nil") */
    0x00020097, 0x00000001,    /* 03AA  is L2 <- L0 is L1 */
    0x0005024B,                /* 03AC  jf L2, +5 */
    0x004A0042,                /* 03AD  gget L0 <- g74   (error) */
    0x00380146,                /* 03AE  lconst L1 <- static#56   ("`this` is only meaningful inside a method") */
    0x000001A0, 0x00010000,    /* 03AF  call base=L0 argc=1 nres=1 */
    0x00000102,                /* 03B1  return L0 count=1 */
    0x00090042,                /* 03B2  gget L0 <- g9   (_land) */
    0x00018041,                /* 03B3  move L1 <- P0 */
    0x00028141,                /* 03B4  move L2 <- P1 */
    0x0003009A, 0x80000027,    /* 03B5  getattr L3 <- P0.sym#39   ("this_reg") */
    0x000003A0, 0x00010000,    /* 03B7  call base=L0 argc=3 nres=1 */
    0x00000102,                /* 03B9  return L0 count=1 */
    0x002B0245,                /* 03BA  lsym L2 <- sym#43   ("nil") */
    0x0003008F, 0x80000002,    /* 03BB  eq L3 <- P0 == L2 */
    0x002E034B,                /* 03BD  jf L3, +46 */
    0x00028141,                /* 03BE  move L2 <- P1 */
    0x00038041,                /* 03BF  move L3 <- P0 */
    0x000201A2, 0x000A0001,    /* 03C0  msg base=L2 argc=1 msg#10 nres=1   (lookup) */
    0x001B0346,                /* 03C2  lconst L3 <- static#27   ("nil") */
    0x00040097, 0x00020003,    /* 03C3  is L4 <- L2 is L3 */
    0x001F044B,                /* 03C5  jf L4, +31 */
    0x000A0242,                /* 03C6  gget L2 <- g10   (_target) */
    0x00038141,                /* 03C7  move L3 <- P1 */
    0x00048241,                /* 03C8  move L4 <- P2 */
    0x000202A0, 0x00010000,    /* 03C9  call base=L2 argc=2 nres=1 */
    0x00000241,                /* 03CB  move L0 <- L2 */
    0x00270246,                /* 03CC  lconst L2 <- static#39   ("error") */
    0x00030097, 0x00000002,    /* 03CD  is L3 <- L0 is L2 */
    0x0001034B,                /* 03CF  jf L3, +1 */
    0x00000102,                /* 03D0  return L0 count=1 */
    0x00070242,                /* 03D1  gget L2 <- g7   (_emit_pack) */
    0x00058141,                /* 03D2  move L5 <- P1 */
    0x002D0645,                /* 03D3  lsym L6 <- sym#45   ("lnil") */
    0x00070281, 0x00050000,    /* 03D4  tuple L7 <- L5, 2 items */
    0x00030741,                /* 03D6  move L3 <- L7 */
    0x002E0546,                /* 03D7  lconst L5 <- static#46   ("a0") */
    0x00060041,                /* 03D8  move L6 <- L0 */
    0x00070183, 0x00050000,    /* 03D9  dict L7 <- L5, 1 pairs */
    0x00040741,                /* 03DB  move L4 <- L7 */
    0x000200A1, 0x00010000,    /* 03DC  call_va base=L2 nres=1 */
    0x00010241,                /* 03DE  move L1 <- L2 */
    0x00270246,                /* 03DF  lconst L2 <- static#39   ("error") */
    0x00030097, 0x00010002,    /* 03E0  is L3 <- L1 is L2 */
    0x0001034B,                /* 03E2  jf L3, +1 */
    0x00010102,                /* 03E3  return L1 count=1 */
    0x00000102,                /* 03E4  return L0 count=1 */
    0x00120242,                /* 03E5  gget L2 <- g18   (resolve_name) */
    0x00038041,                /* 03E6  move L3 <- P0 */
    0x00048141,                /* 03E7  move L4 <- P1 */
    0x00058241,                /* 03E8  move L5 <- P2 */
    0x000203A0, 0x00010000,    /* 03E9  call base=L2 argc=3 nres=1 */
    0x00020102,                /* 03EB  return L2 count=1 */
    0x002E0245,                /* 03EC  lsym L2 <- sym#46   ("true") */
    0x0003008F, 0x80000002,    /* 03ED  eq L3 <- P0 == L2 */
    0x0007034B,                /* 03EF  jf L3, +7 */
    0x000F0242,                /* 03F0  gget L2 <- g15   (_bool_lit) */
    0x00030104,                /* 03F1  lbool L3 <- 1 */
    0x00048141,                /* 03F2  move L4 <- P1 */
    0x00058241,                /* 03F3  move L5 <- P2 */
    0x000203A0, 0x00010000,    /* 03F4  call base=L2 argc=3 nres=1 */
    0x00020102,                /* 03F6  return L2 count=1 */
    0x002F0245,                /* 03F7  lsym L2 <- sym#47   ("false") */
    0x0003008F, 0x80000002,    /* 03F8  eq L3 <- P0 == L2 */
    0x0007034B,                /* 03FA  jf L3, +7 */
    0x000F0242,                /* 03FB  gget L2 <- g15   (_bool_lit) */
    0x00030004,                /* 03FC  lbool L3 <- 0 */
    0x00048141,                /* 03FD  move L4 <- P1 */
    0x00058241,                /* 03FE  move L5 <- P2 */
    0x000203A0, 0x00010000,    /* 03FF  call base=L2 argc=3 nres=1 */
    0x00020102,                /* 0401  return L2 count=1 */
    0x00300245,                /* 0402  lsym L2 <- sym#48   ("this") */
    0x0003008F, 0x80000002,    /* 0403  eq L3 <- P0 == L2 */
    0x0006034B,                /* 0405  jf L3, +6 */
    0x00130242,                /* 0406  gget L2 <- g19   (_this) */
    0x00038141,                /* 0407  move L3 <- P1 */
    0x00048241,                /* 0408  move L4 <- P2 */
    0x000202A0, 0x00010000,    /* 0409  call base=L2 argc=2 nres=1 */
    0x00020102,                /* 040B  return L2 count=1 */
    0x00310245,                /* 040C  lsym L2 <- sym#49   ("array") */
    0x0003008F, 0x80000002,    /* 040D  eq L3 <- P0 == L2 */
    0x0007034B,                /* 040F  jf L3, +7 */
    0x00260242,                /* 0410  gget L2 <- g38   (_array) */
    0x00038041,                /* 0411  move L3 <- P0 */
    0x00048141,                /* 0412  move L4 <- P1 */
    0x00058241,                /* 0413  move L5 <- P2 */
    0x000203A0, 0x00010000,    /* 0414  call base=L2 argc=3 nres=1 */
    0x00020102,                /* 0416  return L2 count=1 */
    0x00320245,                /* 0417  lsym L2 <- sym#50   ("tuple") */
    0x0003008F, 0x80000002,    /* 0418  eq L3 <- P0 == L2 */
    0x0007034B,                /* 041A  jf L3, +7 */
    0x00270242,                /* 041B  gget L2 <- g39   (_tuple) */
    0x00038041,                /* 041C  move L3 <- P0 */
    0x00048141,                /* 041D  move L4 <- P1 */
    0x00058241,                /* 041E  move L5 <- P2 */
    0x000203A0, 0x00010000,    /* 041F  call base=L2 argc=3 nres=1 */
    0x00020102,                /* 0421  return L2 count=1 */
    0x00330245,                /* 0422  lsym L2 <- sym#51   ("list") */
    0x0003008F, 0x80000002,    /* 0423  eq L3 <- P0 == L2 */
    0x0007034B,                /* 0425  jf L3, +7 */
    0x00280242,                /* 0426  gget L2 <- g40   (_plist) */
    0x00038041,                /* 0427  move L3 <- P0 */
    0x00048141,                /* 0428  move L4 <- P1 */
    0x00058241,                /* 0429  move L5 <- P2 */
    0x000203A0, 0x00010000,    /* 042A  call base=L2 argc=3 nres=1 */
    0x00020102,                /* 042C  return L2 count=1 */
    0x00340245,                /* 042D  lsym L2 <- sym#52   ("dict") */
    0x0003008F, 0x80000002,    /* 042E  eq L3 <- P0 == L2 */
    0x0007034B,                /* 0430  jf L3, +7 */
    0x00290242,                /* 0431  gget L2 <- g41   (_dict) */
    0x00038041,                /* 0432  move L3 <- P0 */
    0x00048141,                /* 0433  move L4 <- P1 */
    0x00058241,                /* 0434  move L5 <- P2 */
    0x000203A0, 0x00010000,    /* 0435  call base=L2 argc=3 nres=1 */
    0x00020102,                /* 0437  return L2 count=1 */
    0x00350345,                /* 0438  lsym L3 <- sym#53   ("break") */
    0x0002008F, 0x80000003,    /* 0439  eq L2 <- P0 == L3 */
    0x0007024C,                /* 043B  jt L2, +7 */
    0x00360345,                /* 043C  lsym L3 <- sym#54   ("continue") */
    0x0002008F, 0x80000003,    /* 043D  eq L2 <- P0 == L3 */
    0x0003024C,                /* 043F  jt L2, +3 */
    0x00370345,                /* 0440  lsym L3 <- sym#55   ("pass") */
    0x0002008F, 0x80000003,    /* 0441  eq L2 <- P0 == L3 */
    0x000C024B,                /* 0443  jf L2, +12 */
    0x004A0242,                /* 0444  gget L2 <- g74   (error) */
    0x00500342,                /* 0445  gget L3 <- g80   (str) */
    0x00048041,                /* 0446  move L4 <- P0 */
    0x000301A0, 0x00010000,    /* 0447  call base=L3 argc=1 nres=1 */
    0x00390446,                /* 0449  lconst L4 <- static#57   (" is not an expression") */
    0x00050085, 0x00030004,    /* 044A  add L5 <- L3 + L4 */
    0x00030541,                /* 044C  move L3 <- L5 */
    0x000201A0, 0x00010000,    /* 044D  call base=L2 argc=1 nres=1 */
    0x00020102,                /* 044F  return L2 count=1 */
    0x00120242,                /* 0450  gget L2 <- g18   (resolve_name) */
    0x00038041,                /* 0451  move L3 <- P0 */
    0x00048141,                /* 0452  move L4 <- P1 */
    0x00058241,                /* 0453  move L5 <- P2 */
    0x000203A0, 0x00010000,    /* 0454  call base=L2 argc=3 nres=1 */
    0x00020102,                /* 0456  return L2 count=1 */
    0x00030442,                /* 0457  gget L4 <- g3   (_field) */
    0x00058041,                /* 0458  move L5 <- P0 */
    0x00060140,                /* 0459  i8 L6 <- 1 */
    0x000402A0, 0x00010000,    /* 045A  call base=L4 argc=2 nres=1 */
    0x00000441,                /* 045C  move L0 <- L4 */
    0x0001004E,                /* 045D  jnerr L0, +1 */
    0x00000003,                /* 045E  lnil L0 */
    0x00420442,                /* 045F  gget L4 <- g66   (compile_expr) */
    0x00050041,                /* 0460  move L5 <- L0 */
    0x00068141,                /* 0461  move L6 <- P1 */
    0x00070003,                /* 0462  lnil L7 */
    0x000403A0, 0x00010000,    /* 0463  call base=L4 argc=3 nres=1 */
    0x00010441,                /* 0465  move L1 <- L4 */
    0x00270446,                /* 0466  lconst L4 <- static#39   ("error") */
    0x00050097, 0x00010004,    /* 0467  is L5 <- L1 is L4 */
    0x0001054B,                /* 0469  jf L5, +1 */
    0x00010102,                /* 046A  return L1 count=1 */
    0x000A0442,                /* 046B  gget L4 <- g10   (_target) */
    0x00058141,                /* 046C  move L5 <- P1 */
    0x00068241,                /* 046D  move L6 <- P2 */
    0x000402A0, 0x00010000,    /* 046E  call base=L4 argc=2 nres=1 */
    0x00020441,                /* 0470  move L2 <- L4 */
    0x00270446,                /* 0471  lconst L4 <- static#39   ("error") */
    0x00050097, 0x00020004,    /* 0472  is L5 <- L2 is L4 */
    0x0001054B,                /* 0474  jf L5, +1 */
    0x00020102,                /* 0475  return L2 count=1 */
    0x00080442,                /* 0476  gget L4 <- g8   (_emit_pairable) */
    0x00058141,                /* 0477  move L5 <- P1 */
    0x00068341,                /* 0478  move L6 <- P3 */
    0x00070241,                /* 0479  move L7 <- L2 */
    0x00080141,                /* 047A  move L8 <- L1 */
    0x000404A0, 0x00010000,    /* 047B  call base=L4 argc=4 nres=1 */
    0x00030441,                /* 047D  move L3 <- L4 */
    0x00270446,                /* 047E  lconst L4 <- static#39   ("error") */
    0x00050097, 0x00030004,    /* 047F  is L5 <- L3 is L4 */
    0x0001054B,                /* 0481  jf L5, +1 */
    0x00030102,                /* 0482  return L3 count=1 */
    0x00020102,                /* 0483  return L2 count=1 */
    0x00030242,                /* 0484  gget L2 <- g3   (_field) */
    0x00038041,                /* 0485  move L3 <- P0 */
    0x00040140,                /* 0486  i8 L4 <- 1 */
    0x000202A0, 0x00010000,    /* 0487  call base=L2 argc=2 nres=1 */
    0x00000241,                /* 0489  move L0 <- L2 */
    0x0001004E,                /* 048A  jnerr L0, +1 */
    0x00000003,                /* 048B  lnil L0 */
    0x00420242,                /* 048C  gget L2 <- g66   (compile_expr) */
    0x00030041,                /* 048D  move L3 <- L0 */
    0x00048141,                /* 048E  move L4 <- P1 */
    0x00050003,                /* 048F  lnil L5 */
    0x000203A0, 0x00010000,    /* 0490  call base=L2 argc=3 nres=1 */
    0x00010241,                /* 0492  move L1 <- L2 */
    0x00270246,                /* 0493  lconst L2 <- static#39   ("error") */
    0x00030097, 0x00010002,    /* 0494  is L3 <- L1 is L2 */
    0x0001034B,                /* 0496  jf L3, +1 */
    0x00010102,                /* 0497  return L1 count=1 */
    0x00090242,                /* 0498  gget L2 <- g9   (_land) */
    0x00038141,                /* 0499  move L3 <- P1 */
    0x00048241,                /* 049A  move L4 <- P2 */
    0x00050141,                /* 049B  move L5 <- L1 */
    0x000203A0, 0x00010000,    /* 049C  call base=L2 argc=3 nres=1 */
    0x00020102,                /* 049E  return L2 count=1 */
    0x00030842,                /* 049F  gget L8 <- g3   (_field) */
    0x00098041,                /* 04A0  move L9 <- P0 */
    0x000A0140,                /* 04A1  i8 L10 <- 1 */
    0x000802A0, 0x00010000,    /* 04A2  call base=L8 argc=2 nres=1 */
    0x00000841,                /* 04A4  move L0 <- L8 */
    0x0001004E,                /* 04A5  jnerr L0, +1 */
    0x00000003,                /* 04A6  lnil L0 */
    0x00030842,                /* 04A7  gget L8 <- g3   (_field) */
    0x00098041,                /* 04A8  move L9 <- P0 */
    0x000A0240,                /* 04A9  i8 L10 <- 2 */
    0x000802A0, 0x00010000,    /* 04AA  call base=L8 argc=2 nres=1 */
    0x00010841,                /* 04AC  move L1 <- L8 */
    0x0001014E,                /* 04AD  jnerr L1, +1 */
    0x00010003,                /* 04AE  lnil L1 */
    0x00030842,                /* 04AF  gget L8 <- g3   (_field) */
    0x00098041,                /* 04B0  move L9 <- P0 */
    0x000A0340,                /* 04B1  i8 L10 <- 3 */
    0x000802A0, 0x00010000,    /* 04B2  call base=L8 argc=2 nres=1 */
    0x00020841,                /* 04B4  move L2 <- L8 */
    0x0001024E,                /* 04B5  jnerr L2, +1 */
    0x00020003,                /* 04B6  lnil L2 */
    0x00450842,                /* 04B7  gget L8 <- g69   (BINOPS) */
    0x00500942,                /* 04B8  gget L9 <- g80   (str) */
    0x000A0041,                /* 04B9  move L10 <- L0 */
    0x000901A0, 0x00010000,    /* 04BA  call base=L9 argc=1 nres=1 */
    0x00030098, 0x00080009,    /* 04BC  getidx L3 <- L8[L9] */
    0x0001034E,                /* 04BE  jnerr L3, +1 */
    0x00030003,                /* 04BF  lnil L3 */
    0x001B0846,                /* 04C0  lconst L8 <- static#27   ("nil") */
    0x00090097, 0x00030008,    /* 04C1  is L9 <- L3 is L8 */
    0x000F094B,                /* 04C3  jf L9, +15 */
    0x004A0842,                /* 04C4  gget L8 <- g74   (error) */
    0x003A0946,                /* 04C5  lconst L9 <- static#58   ("the bytecode compiler does not support the '") */
    0x00500A42,                /* 04C6  gget L10 <- g80   (str) */
    0x000B0041,                /* 04C7  move L11 <- L0 */
    0x000A01A0, 0x00010000,    /* 04C8  call base=L10 argc=1 nres=1 */
    0x000B0085, 0x0009000A,    /* 04CA  add L11 <- L9 + L10 */
    0x003B0C46,                /* 04CC  lconst L12 <- static#59   ("' operator yet") */
    0x000D0085, 0x000B000C,    /* 04CD  add L13 <- L11 + L12 */
    0x00090D41,                /* 04CF  move L9 <- L13 */
    0x000801A0, 0x00010000,    /* 04D0  call base=L8 argc=1 nres=1 */
    0x00080102,                /* 04D2  return L8 count=1 */
    0x00420842,                /* 04D3  gget L8 <- g66   (compile_expr) */
    0x00090141,                /* 04D4  move L9 <- L1 */
    0x000A8141,                /* 04D5  move L10 <- P1 */
    0x000B0003,                /* 04D6  lnil L11 */
    0x000803A0, 0x00010000,    /* 04D7  call base=L8 argc=3 nres=1 */
    0x00040841,                /* 04D9  move L4 <- L8 */
    0x00270846,                /* 04DA  lconst L8 <- static#39   ("error") */
    0x00090097, 0x00040008,    /* 04DB  is L9 <- L4 is L8 */
    0x0001094B,                /* 04DD  jf L9, +1 */
    0x00040102,                /* 04DE  return L4 count=1 */
    0x00420842,                /* 04DF  gget L8 <- g66   (compile_expr) */
    0x00090241,                /* 04E0  move L9 <- L2 */
    0x000A8141,                /* 04E1  move L10 <- P1 */
    0x000B0003,                /* 04E2  lnil L11 */
    0x000803A0, 0x00010000,    /* 04E3  call base=L8 argc=3 nres=1 */
    0x00050841,                /* 04E5  move L5 <- L8 */
    0x00270846,                /* 04E6  lconst L8 <- static#39   ("error") */
    0x00090097, 0x00050008,    /* 04E7  is L9 <- L5 is L8 */
    0x0001094B,                /* 04E9  jf L9, +1 */
    0x00050102,                /* 04EA  return L5 count=1 */
    0x000A0842,                /* 04EB  gget L8 <- g10   (_target) */
    0x00098141,                /* 04EC  move L9 <- P1 */
    0x000A8241,                /* 04ED  move L10 <- P2 */
    0x000802A0, 0x00010000,    /* 04EE  call base=L8 argc=2 nres=1 */
    0x00060841,                /* 04F0  move L6 <- L8 */
    0x00270846,                /* 04F1  lconst L8 <- static#39   ("error") */
    0x00090097, 0x00060008,    /* 04F2  is L9 <- L6 is L8 */
    0x0001094B,                /* 04F4  jf L9, +1 */
    0x00060102,                /* 04F5  return L6 count=1 */
    0x00070842,                /* 04F6  gget L8 <- g7   (_emit_pack) */
    0x000B8141,                /* 04F7  move L11 <- P1 */
    0x000C0341,                /* 04F8  move L12 <- L3 */
    0x000D0281, 0x000B0000,    /* 04F9  tuple L13 <- L11, 2 items */
    0x00090D41,                /* 04FB  move L9 <- L13 */
    0x002E0B46,                /* 04FC  lconst L11 <- static#46   ("a0") */
    0x000C0641,                /* 04FD  move L12 <- L6 */
    0x002F0D46,                /* 04FE  lconst L13 <- static#47   ("a1") */
    0x000E0441,                /* 04FF  move L14 <- L4 */
    0x00300F46,                /* 0500  lconst L15 <- static#48   ("a2") */
    0x00100541,                /* 0501  move L16 <- L5 */
    0x00110383, 0x000B0000,    /* 0502  dict L17 <- L11, 3 pairs */
    0x000A1141,                /* 0504  move L10 <- L17 */
    0x000800A1, 0x00010000,    /* 0505  call_va base=L8 nres=1 */
    0x00070841,                /* 0507  move L7 <- L8 */
    0x00270846,                /* 0508  lconst L8 <- static#39   ("error") */
    0x00090097, 0x00070008,    /* 0509  is L9 <- L7 is L8 */
    0x0001094B,                /* 050B  jf L9, +1 */
    0x00070102,                /* 050C  return L7 count=1 */
    0x00060102,                /* 050D  return L6 count=1 */
    0x00030642,                /* 050E  gget L6 <- g3   (_field) */
    0x00078041,                /* 050F  move L7 <- P0 */
    0x00080140,                /* 0510  i8 L8 <- 1 */
    0x000602A0, 0x00010000,    /* 0511  call base=L6 argc=2 nres=1 */
    0x00000641,                /* 0513  move L0 <- L6 */
    0x0001004E,                /* 0514  jnerr L0, +1 */
    0x00000003,                /* 0515  lnil L0 */
    0x00030642,                /* 0516  gget L6 <- g3   (_field) */
    0x00078041,                /* 0517  move L7 <- P0 */
    0x00080240,                /* 0518  i8 L8 <- 2 */
    0x000602A0, 0x00010000,    /* 0519  call base=L6 argc=2 nres=1 */
    0x00010641,                /* 051B  move L1 <- L6 */
    0x0001014E,                /* 051C  jnerr L1, +1 */
    0x00010003,                /* 051D  lnil L1 */
    0x00420642,                /* 051E  gget L6 <- g66   (compile_expr) */
    0x00070041,                /* 051F  move L7 <- L0 */
    0x00088141,                /* 0520  move L8 <- P1 */
    0x00090003,                /* 0521  lnil L9 */
    0x000603A0, 0x00010000,    /* 0522  call base=L6 argc=3 nres=1 */
    0x00020641,                /* 0524  move L2 <- L6 */
    0x00270646,                /* 0525  lconst L6 <- static#39   ("error") */
    0x00070097, 0x00020006,    /* 0526  is L7 <- L2 is L6 */
    0x0001074B,                /* 0528  jf L7, +1 */
    0x00020102,                /* 0529  return L2 count=1 */
    0x00420642,                /* 052A  gget L6 <- g66   (compile_expr) */
    0x00070141,                /* 052B  move L7 <- L1 */
    0x00088141,                /* 052C  move L8 <- P1 */
    0x00090003,                /* 052D  lnil L9 */
    0x000603A0, 0x00010000,    /* 052E  call base=L6 argc=3 nres=1 */
    0x00030641,                /* 0530  move L3 <- L6 */
    0x00270646,                /* 0531  lconst L6 <- static#39   ("error") */
    0x00070097, 0x00030006,    /* 0532  is L7 <- L3 is L6 */
    0x0001074B,                /* 0534  jf L7, +1 */
    0x00030102,                /* 0535  return L3 count=1 */
    0x000A0642,                /* 0536  gget L6 <- g10   (_target) */
    0x00078141,                /* 0537  move L7 <- P1 */
    0x00088241,                /* 0538  move L8 <- P2 */
    0x000602A0, 0x00010000,    /* 0539  call base=L6 argc=2 nres=1 */
    0x00040641,                /* 053B  move L4 <- L6 */
    0x00270646,                /* 053C  lconst L6 <- static#39   ("error") */
    0x00070097, 0x00040006,    /* 053D  is L7 <- L4 is L6 */
    0x0001074B,                /* 053F  jf L7, +1 */
    0x00040102,                /* 0540  return L4 count=1 */
    0x00070642,                /* 0541  gget L6 <- g7   (_emit_pack) */
    0x00098141,                /* 0542  move L9 <- P1 */
    0x00050A45,                /* 0543  lsym L10 <- sym#5   ("pow") */
    0x000B0281, 0x00090000,    /* 0544  tuple L11 <- L9, 2 items */
    0x00070B41,                /* 0546  move L7 <- L11 */
    0x002E0946,                /* 0547  lconst L9 <- static#46   ("a0") */
    0x000A0441,                /* 0548  move L10 <- L4 */
    0x002F0B46,                /* 0549  lconst L11 <- static#47   ("a1") */
    0x000C0241,                /* 054A  move L12 <- L2 */
    0x00300D46,                /* 054B  lconst L13 <- static#48   ("a2") */
    0x000E0341,                /* 054C  move L14 <- L3 */
    0x000F0383, 0x00090000,    /* 054D  dict L15 <- L9, 3 pairs */
    0x00080F41,                /* 054F  move L8 <- L15 */
    0x000600A1, 0x00010000,    /* 0550  call_va base=L6 nres=1 */
    0x00050641,                /* 0552  move L5 <- L6 */
    0x00270646,                /* 0553  lconst L6 <- static#39   ("error") */
    0x00070097, 0x00050006,    /* 0554  is L7 <- L5 is L6 */
    0x0001074B,                /* 0556  jf L7, +1 */
    0x00050102,                /* 0557  return L5 count=1 */
    0x00040102,                /* 0558  return L4 count=1 */
    0x00030642,                /* 0559  gget L6 <- g3   (_field) */
    0x00078041,                /* 055A  move L7 <- P0 */
    0x00080140,                /* 055B  i8 L8 <- 1 */
    0x000602A0, 0x00010000,    /* 055C  call base=L6 argc=2 nres=1 */
    0x00000641,                /* 055E  move L0 <- L6 */
    0x0001004E,                /* 055F  jnerr L0, +1 */
    0x00000003,                /* 0560  lnil L0 */
    0x00030642,                /* 0561  gget L6 <- g3   (_field) */
    0x00078041,                /* 0562  move L7 <- P0 */
    0x00080240,                /* 0563  i8 L8 <- 2 */
    0x000602A0, 0x00010000,    /* 0564  call base=L6 argc=2 nres=1 */
    0x00010641,                /* 0566  move L1 <- L6 */
    0x0001014E,                /* 0567  jnerr L1, +1 */
    0x00010003,                /* 0568  lnil L1 */
    0x00420642,                /* 0569  gget L6 <- g66   (compile_expr) */
    0x00070041,                /* 056A  move L7 <- L0 */
    0x00088141,                /* 056B  move L8 <- P1 */
    0x00090003,                /* 056C  lnil L9 */
    0x000603A0, 0x00010000,    /* 056D  call base=L6 argc=3 nres=1 */
    0x00020641,                /* 056F  move L2 <- L6 */
    0x00270646,                /* 0570  lconst L6 <- static#39   ("error") */
    0x00070097, 0x00020006,    /* 0571  is L7 <- L2 is L6 */
    0x0001074B,                /* 0573  jf L7, +1 */
    0x00020102,                /* 0574  return L2 count=1 */
    0x00420642,                /* 0575  gget L6 <- g66   (compile_expr) */
    0x00070141,                /* 0576  move L7 <- L1 */
    0x00088141,                /* 0577  move L8 <- P1 */
    0x00090003,                /* 0578  lnil L9 */
    0x000603A0, 0x00010000,    /* 0579  call base=L6 argc=3 nres=1 */
    0x00030641,                /* 057B  move L3 <- L6 */
    0x00270646,                /* 057C  lconst L6 <- static#39   ("error") */
    0x00070097, 0x00030006,    /* 057D  is L7 <- L3 is L6 */
    0x0001074B,                /* 057F  jf L7, +1 */
    0x00030102,                /* 0580  return L3 count=1 */
    0x000A0642,                /* 0581  gget L6 <- g10   (_target) */
    0x00078141,                /* 0582  move L7 <- P1 */
    0x00088241,                /* 0583  move L8 <- P2 */
    0x000602A0, 0x00010000,    /* 0584  call base=L6 argc=2 nres=1 */
    0x00040641,                /* 0586  move L4 <- L6 */
    0x00270646,                /* 0587  lconst L6 <- static#39   ("error") */
    0x00070097, 0x00040006,    /* 0588  is L7 <- L4 is L6 */
    0x0001074B,                /* 058A  jf L7, +1 */
    0x00040102,                /* 058B  return L4 count=1 */
    0x00070642,                /* 058C  gget L6 <- g7   (_emit_pack) */
    0x00098141,                /* 058D  move L9 <- P1 */
    0x00120A45,                /* 058E  lsym L10 <- sym#18   ("in") */
    0x000B0281, 0x00090000,    /* 058F  tuple L11 <- L9, 2 items */
    0x00070B41,                /* 0591  move L7 <- L11 */
    0x002E0946,                /* 0592  lconst L9 <- static#46   ("a0") */
    0x000A0441,                /* 0593  move L10 <- L4 */
    0x002F0B46,                /* 0594  lconst L11 <- static#47   ("a1") */
    0x000C0241,                /* 0595  move L12 <- L2 */
    0x00300D46,                /* 0596  lconst L13 <- static#48   ("a2") */
    0x000E0341,                /* 0597  move L14 <- L3 */
    0x000F0383, 0x00090000,    /* 0598  dict L15 <- L9, 3 pairs */
    0x00080F41,                /* 059A  move L8 <- L15 */
    0x000600A1, 0x00010000,    /* 059B  call_va base=L6 nres=1 */
    0x00050641,                /* 059D  move L5 <- L6 */
    0x00270646,                /* 059E  lconst L6 <- static#39   ("error") */
    0x00070097, 0x00050006,    /* 059F  is L7 <- L5 is L6 */
    0x0001074B,                /* 05A1  jf L7, +1 */
    0x00050102,                /* 05A2  return L5 count=1 */
    0x00040102,                /* 05A3  return L4 count=1 */
    0x00020C42,                /* 05A4  gget L12 <- g2   (_tail) */
    0x000D8041,                /* 05A5  move L13 <- P0 */
    0x000E0140,                /* 05A6  i8 L14 <- 1 */
    0x000C02A0, 0x00010000,    /* 05A7  call base=L12 argc=2 nres=1 */
    0x00000C41,                /* 05A9  move L0 <- L12 */
    0x0001004E,                /* 05AA  jnerr L0, +1 */
    0x00000003,                /* 05AB  lnil L0 */
    0x00260C46,                /* 05AC  lconst L12 <- static#38   ("pair") */
    0x000D0097, 0x0000000C,    /* 05AD  is L13 <- L0 is L12 */
    0x000E0D4A,                /* 05AF  not L14 <- L13 */
    0x00050E4B,                /* 05B0  jf L14, +5 */
    0x004A0C42,                /* 05B1  gget L12 <- g74   (error) */
    0x003C0D46,                /* 05B2  lconst L13 <- static#60   ("'and'/'or' needs at least one operand") */
    0x000C01A0, 0x00010000,    /* 05B3  call base=L12 argc=1 nres=1 */
    0x000C0102,                /* 05B5  return L12 count=1 */
    0x000A0C42,                /* 05B6  gget L12 <- g10   (_target) */
    0x000D8141,                /* 05B7  move L13 <- P1 */
    0x000E8241,                /* 05B8  move L14 <- P2 */
    0x000C02A0, 0x00010000,    /* 05B9  call base=L12 argc=2 nres=1 */
    0x00010C41,                /* 05BB  move L1 <- L12 */
    0x00270C46,                /* 05BC  lconst L12 <- static#39   ("error") */
    0x000D0097, 0x0001000C,    /* 05BD  is L13 <- L1 is L12 */
    0x00010D4B,                /* 05BF  jf L13, +1 */
    0x00010102,                /* 05C0  return L1 count=1 */
    0x000C8141,                /* 05C1  move L12 <- P1 */
    0x000C00A2, 0x000B0001,    /* 05C2  msg base=L12 argc=0 msg#11 nres=1   (mark) */
    0x00020C41,                /* 05C4  move L2 <- L12 */
    0x00420C42,                /* 05C5  gget L12 <- g66   (compile_expr) */
    0x004C0D42,                /* 05C6  gget L13 <- g76   (car) */
    0x000E0041,                /* 05C7  move L14 <- L0 */
    0x000D01A0, 0x00010000,    /* 05C8  call base=L13 argc=1 nres=1 */
    0x000E8141,                /* 05CA  move L14 <- P1 */
    0x000F0141,                /* 05CB  move L15 <- L1 */
    0x000C03A0, 0x00010000,    /* 05CC  call base=L12 argc=3 nres=1 */
    0x00030C41,                /* 05CE  move L3 <- L12 */
    0x00270C46,                /* 05CF  lconst L12 <- static#39   ("error") */
    0x000D0097, 0x0003000C,    /* 05D0  is L13 <- L3 is L12 */
    0x00010D4B,                /* 05D2  jf L13, +1 */
    0x00030102,                /* 05D3  return L3 count=1 */
    0x000C8141,                /* 05D4  move L12 <- P1 */
    0x000D0241,                /* 05D5  move L13 <- L2 */
    0x000C01A2, 0x000C0001,    /* 05D6  msg base=L12 argc=1 msg#12 nres=1   (free_to) */
    0x00040C41,                /* 05D8  move L4 <- L12 */
    0x00270C46,                /* 05D9  lconst L12 <- static#39   ("error") */
    0x000D0097, 0x0004000C,    /* 05DA  is L13 <- L4 is L12 */
    0x00010D4B,                /* 05DC  jf L13, +1 */
    0x00040102,                /* 05DD  return L4 count=1 */
    0x000C8141,                /* 05DE  move L12 <- P1 */
    0x000C00A2, 0x000D0001,    /* 05DF  msg base=L12 argc=0 msg#13 nres=1   (new_label) */
    0x00050C41,                /* 05E1  move L5 <- L12 */
    0x003B0645,                /* 05E2  lsym L6 <- sym#59   ("jf") */
    0x000C834A,                /* 05E3  not L12 <- P3 */
    0x00010C4B,                /* 05E4  jf L12, +1 */
    0x003C0645,                /* 05E5  lsym L6 <- sym#60   ("jt") */
    0x004B0C42,                /* 05E6  gget L12 <- g75   (cdr) */
    0x000D0041,                /* 05E7  move L13 <- L0 */
    0x000C01A0, 0x00010000,    /* 05E8  call base=L12 argc=1 nres=1 */
    0x00070C41,                /* 05EA  move L7 <- L12 */
    0x00260C46,                /* 05EB  lconst L12 <- static#38   ("pair") */
    0x000D0097, 0x0007000C,    /* 05EC  is L13 <- L7 is L12 */
    0x002B0D4B,                /* 05EE  jf L13, +43 */
    0x000C8141,                /* 05EF  move L12 <- P1 */
    0x000D0641,                /* 05F0  move L13 <- L6 */
    0x000E0541,                /* 05F1  move L14 <- L5 */
    0x000F0141,                /* 05F2  move L15 <- L1 */
    0x000C03A2, 0x000E0001,    /* 05F3  msg base=L12 argc=3 msg#14 nres=1   (emit_jump) */
    0x00090C41,                /* 05F5  move L9 <- L12 */
    0x00270C46,                /* 05F6  lconst L12 <- static#39   ("error") */
    0x000D0097, 0x0009000C,    /* 05F7  is L13 <- L9 is L12 */
    0x00010D4B,                /* 05F9  jf L13, +1 */
    0x00090102,                /* 05FA  return L9 count=1 */
    0x00420C42,                /* 05FB  gget L12 <- g66   (compile_expr) */
    0x004C0D42,                /* 05FC  gget L13 <- g76   (car) */
    0x000E0741,                /* 05FD  move L14 <- L7 */
    0x000D01A0, 0x00010000,    /* 05FE  call base=L13 argc=1 nres=1 */
    0x000E8141,                /* 0600  move L14 <- P1 */
    0x000F0141,                /* 0601  move L15 <- L1 */
    0x000C03A0, 0x00010000,    /* 0602  call base=L12 argc=3 nres=1 */
    0x000A0C41,                /* 0604  move L10 <- L12 */
    0x00270C46,                /* 0605  lconst L12 <- static#39   ("error") */
    0x000D0097, 0x000A000C,    /* 0606  is L13 <- L10 is L12 */
    0x00010D4B,                /* 0608  jf L13, +1 */
    0x000A0102,                /* 0609  return L10 count=1 */
    0x000C8141,                /* 060A  move L12 <- P1 */
    0x000D0241,                /* 060B  move L13 <- L2 */
    0x000C01A2, 0x000C0001,    /* 060C  msg base=L12 argc=1 msg#12 nres=1   (free_to) */
    0x000B0C41,                /* 060E  move L11 <- L12 */
    0x00270C46,                /* 060F  lconst L12 <- static#39   ("error") */
    0x000D0097, 0x000B000C,    /* 0610  is L13 <- L11 is L12 */
    0x00010D4B,                /* 0612  jf L13, +1 */
    0x000B0102,                /* 0613  return L11 count=1 */
    0x004B0C42,                /* 0614  gget L12 <- g75   (cdr) */
    0x000D0741,                /* 0615  move L13 <- L7 */
    0x000C01A0, 0x00010000,    /* 0616  call base=L12 argc=1 nres=1 */
    0x00070C41,                /* 0618  move L7 <- L12 */
    0xFFD1004F,                /* 0619  jmp -47 */
    0x000C8141,                /* 061A  move L12 <- P1 */
    0x000D0541,                /* 061B  move L13 <- L5 */
    0x000C01A2, 0x000F0001,    /* 061C  msg base=L12 argc=1 msg#15 nres=1   (mark_label) */
    0x00080C41,                /* 061E  move L8 <- L12 */
    0x00270C46,                /* 061F  lconst L12 <- static#39   ("error") */
    0x000D0097, 0x0008000C,    /* 0620  is L13 <- L8 is L12 */
    0x00010D4B,                /* 0622  jf L13, +1 */
    0x00080102,                /* 0623  return L8 count=1 */
    0x00010102,                /* 0624  return L1 count=1 */
    0x00260446,                /* 0625  lconst L4 <- static#38   ("pair") */
    0x00050097, 0x80000004,    /* 0626  is L5 <- P0 is L4 */
    0x0003054A,                /* 0628  not L3 <- L5 */
    0x0007034C,                /* 0629  jt L3, +7 */
    0x004C0442,                /* 062A  gget L4 <- g76   (car) */
    0x00058041,                /* 062B  move L5 <- P0 */
    0x000401A0, 0x00010000,    /* 062C  call base=L4 argc=1 nres=1 */
    0x003F0545,                /* 062E  lsym L5 <- sym#63   ("type") */
    0x00030090, 0x00040005,    /* 062F  ne L3 <- L4 != L5 */
    0x0005034B,                /* 0631  jf L3, +5 */
    0x004A0342,                /* 0632  gget L3 <- g74   (error) */
    0x003D0446,                /* 0633  lconst L4 <- static#61   ("not a type expression") */
    0x000301A0, 0x00010000,    /* 0634  call base=L3 argc=1 nres=1 */
    0x00030102,                /* 0636  return L3 count=1 */
    0x00030342,                /* 0637  gget L3 <- g3   (_field) */
    0x00048041,                /* 0638  move L4 <- P0 */
    0x00050140,                /* 0639  i8 L5 <- 1 */
    0x000302A0, 0x00010000,    /* 063A  call base=L3 argc=2 nres=1 */
    0x00000341,                /* 063C  move L0 <- L3 */
    0x0001004E,                /* 063D  jnerr L0, +1 */
    0x00000003,                /* 063E  lnil L0 */
    0x00400345,                /* 063F  lsym L3 <- sym#64   ("union") */
    0x0004008F, 0x00000003,    /* 0640  eq L4 <- L0 == L3 */
    0x001C044B,                /* 0642  jf L4, +28 */
    0x00010082, 0x00030000,    /* 0643  list L1 <- L3, 0 items */
    0x00020342,                /* 0645  gget L3 <- g2   (_tail) */
    0x00048041,                /* 0646  move L4 <- P0 */
    0x00050240,                /* 0647  i8 L5 <- 2 */
    0x000302A0, 0x00010000,    /* 0648  call base=L3 argc=2 nres=1 */
    0x00020341,                /* 064A  move L2 <- L3 */
    0x0001024E,                /* 064B  jnerr L2, +1 */
    0x00020003,                /* 064C  lnil L2 */
    0x00260346,                /* 064D  lconst L3 <- static#38   ("pair") */
    0x00040097, 0x00020003,    /* 064E  is L4 <- L2 is L3 */
    0x000D044B,                /* 0650  jf L4, +13 */
    0x00030141,                /* 0651  move L3 <- L1 */
    0x004C0442,                /* 0652  gget L4 <- g76   (car) */
    0x00050241,                /* 0653  move L5 <- L2 */
    0x000401A0, 0x00010000,    /* 0654  call base=L4 argc=1 nres=1 */
    0x000301A2, 0x00100001,    /* 0656  msg base=L3 argc=1 msg#16 nres=1   (append) */
    0x004B0342,                /* 0658  gget L3 <- g75   (cdr) */
    0x00040241,                /* 0659  move L4 <- L2 */
    0x000301A0, 0x00010000,    /* 065A  call base=L3 argc=1 nres=1 */
    0x00020341,                /* 065C  move L2 <- L3 */
    0xFFEF004F,                /* 065D  jmp -17 */
    0x00010102,                /* 065E  return L1 count=1 */
    0x00038041,                /* 065F  move L3 <- P0 */
    0x00040182, 0x00030000,    /* 0660  list L4 <- L3, 1 items */
    0x00040102,                /* 0662  return L4 count=1 */
    0x00260446,                /* 0663  lconst L4 <- static#38   ("pair") */
    0x00050097, 0x80000004,    /* 0664  is L5 <- P0 is L4 */
    0x0003054A,                /* 0666  not L3 <- L5 */
    0x0007034C,                /* 0667  jt L3, +7 */
    0x004C0442,                /* 0668  gget L4 <- g76   (car) */
    0x00058041,                /* 0669  move L5 <- P0 */
    0x000401A0, 0x00010000,    /* 066A  call base=L4 argc=1 nres=1 */
    0x003F0545,                /* 066C  lsym L5 <- sym#63   ("type") */
    0x00030090, 0x00040005,    /* 066D  ne L3 <- L4 != L5 */
    0x0005034B,                /* 066F  jf L3, +5 */
    0x004A0342,                /* 0670  gget L3 <- g74   (error) */
    0x003E0446,                /* 0671  lconst L4 <- static#62   ("not a type atom") */
    0x000301A0, 0x00010000,    /* 0672  call base=L3 argc=1 nres=1 */
    0x00030102,                /* 0674  return L3 count=1 */
    0x00030342,                /* 0675  gget L3 <- g3   (_field) */
    0x00048041,                /* 0676  move L4 <- P0 */
    0x00050140,                /* 0677  i8 L5 <- 1 */
    0x000302A0, 0x00010000,    /* 0678  call base=L3 argc=2 nres=1 */
    0x00000341,                /* 067A  move L0 <- L3 */
    0x0001004E,                /* 067B  jnerr L0, +1 */
    0x00000003,                /* 067C  lnil L0 */
    0x00210346,                /* 067D  lconst L3 <- static#33   ("sym") */
    0x00040097, 0x00000003,    /* 067E  is L4 <- L0 is L3 */
    0x0007044B,                /* 0680  jf L4, +7 */
    0x00500342,                /* 0681  gget L3 <- g80   (str) */
    0x00040041,                /* 0682  move L4 <- L0 */
    0x000301A0, 0x00010000,    /* 0683  call base=L3 argc=1 nres=1 */
    0x00040182, 0x00030000,    /* 0685  list L4 <- L3, 1 items */
    0x00040102,                /* 0687  return L4 count=1 */
    0x00510342,                /* 0688  gget L3 <- g81   (node_kind) */
    0x00040041,                /* 0689  move L4 <- L0 */
    0x000301A0, 0x00010000,    /* 068A  call base=L3 argc=1 nres=1 */
    0x00420445,                /* 068C  lsym L4 <- sym#66   ("qualified_name") */
    0x0005008F, 0x00030004,    /* 068D  eq L5 <- L3 == L4 */
    0x001F054B,                /* 068F  jf L5, +31 */
    0x00010082, 0x00030000,    /* 0690  list L1 <- L3, 0 items */
    0x00020342,                /* 0692  gget L3 <- g2   (_tail) */
    0x00040041,                /* 0693  move L4 <- L0 */
    0x00050140,                /* 0694  i8 L5 <- 1 */
    0x000302A0, 0x00010000,    /* 0695  call base=L3 argc=2 nres=1 */
    0x00020341,                /* 0697  move L2 <- L3 */
    0x0001024E,                /* 0698  jnerr L2, +1 */
    0x00020003,                /* 0699  lnil L2 */
    0x00260346,                /* 069A  lconst L3 <- static#38   ("pair") */
    0x00040097, 0x00020003,    /* 069B  is L4 <- L2 is L3 */
    0x0010044B,                /* 069D  jf L4, +16 */
    0x00030141,                /* 069E  move L3 <- L1 */
    0x00500442,                /* 069F  gget L4 <- g80   (str) */
    0x004C0542,                /* 06A0  gget L5 <- g76   (car) */
    0x00060241,                /* 06A1  move L6 <- L2 */
    0x000501A0, 0x00010000,    /* 06A2  call base=L5 argc=1 nres=1 */
    0x000401A0, 0x00010000,    /* 06A4  call base=L4 argc=1 nres=1 */
    0x000301A2, 0x00100001,    /* 06A6  msg base=L3 argc=1 msg#16 nres=1   (append) */
    0x004B0342,                /* 06A8  gget L3 <- g75   (cdr) */
    0x00040241,                /* 06A9  move L4 <- L2 */
    0x000301A0, 0x00010000,    /* 06AA  call base=L3 argc=1 nres=1 */
    0x00020341,                /* 06AC  move L2 <- L3 */
    0xFFEC004F,                /* 06AD  jmp -20 */
    0x00010102,                /* 06AE  return L1 count=1 */
    0x004A0342,                /* 06AF  gget L3 <- g74   (error) */
    0x003F0446,                /* 06B0  lconst L4 <- static#63   ("unsupported type atom shape") */
    0x000301A0, 0x00010000,    /* 06B1  call base=L3 argc=1 nres=1 */
    0x00030102,                /* 06B3  return L3 count=1 */
    0x001C0642,                /* 06B4  gget L6 <- g28   (_type_parts) */
    0x00078041,                /* 06B5  move L7 <- P0 */
    0x000601A0, 0x00010000,    /* 06B6  call base=L6 argc=1 nres=1 */
    0x00000641,                /* 06B8  move L0 <- L6 */
    0x00270646,                /* 06B9  lconst L6 <- static#39   ("error") */
    0x00070097, 0x00000006,    /* 06BA  is L7 <- L0 is L6 */
    0x0001074B,                /* 06BC  jf L7, +1 */
    0x00000102,                /* 06BD  return L0 count=1 */
    0x00520642,                /* 06BE  gget L6 <- g82   (len) */
    0x00070041,                /* 06BF  move L7 <- L0 */
    0x000601A0, 0x00010000,    /* 06C0  call base=L6 argc=1 nres=1 */
    0x00070040,                /* 06C2  i8 L7 <- 0 */
    0x0008008F, 0x00060007,    /* 06C3  eq L8 <- L6 == L7 */
    0x0005084B,                /* 06C5  jf L8, +5 */
    0x004A0642,                /* 06C6  gget L6 <- g74   (error) */
    0x00400746,                /* 06C7  lconst L7 <- static#64   ("empty type expression") */
    0x000601A0, 0x00010000,    /* 06C8  call base=L6 argc=1 nres=1 */
    0x00060102,                /* 06CA  return L6 count=1 */
    0x00520642,                /* 06CB  gget L6 <- g82   (len) */
    0x00070041,                /* 06CC  move L7 <- L0 */
    0x000601A0, 0x00010000,    /* 06CD  call base=L6 argc=1 nres=1 */
    0x00070140,                /* 06CF  i8 L7 <- 1 */
    0x00080086, 0x00060007,    /* 06D0  sub L8 <- L6 - L7 */
    0x00010098, 0x00000008,    /* 06D2  getidx L1 <- L0[L8] */
    0x00460642,                /* 06D4  gget L6 <- g70   (PRIMITIVE_TYPE_NAMES) */
    0x00070096, 0x00010006,    /* 06D5  in L7 <- L1 in L6 */
    0x0026074B,                /* 06D7  jf L7, +38 */
    0x0007009A, 0x80010019,    /* 06D8  getattr L7 <- P1.sym#25   ("module") */
    0x0006009A, 0x0007001A,    /* 06DA  getattr L6 <- L7.sym#26   ("image") */
    0x00070141,                /* 06DC  move L7 <- L1 */
    0x000601A2, 0x00040001,    /* 06DD  msg base=L6 argc=1 msg#4 nres=1   (add_static) */
    0x00030641,                /* 06DF  move L3 <- L6 */
    0x00270646,                /* 06E0  lconst L6 <- static#39   ("error") */
    0x00070097, 0x00030006,    /* 06E1  is L7 <- L3 is L6 */
    0x0001074B,                /* 06E3  jf L7, +1 */
    0x00030102,                /* 06E4  return L3 count=1 */
    0x000A0642,                /* 06E5  gget L6 <- g10   (_target) */
    0x00078141,                /* 06E6  move L7 <- P1 */
    0x00088241,                /* 06E7  move L8 <- P2 */
    0x000602A0, 0x00010000,    /* 06E8  call base=L6 argc=2 nres=1 */
    0x00040641,                /* 06EA  move L4 <- L6 */
    0x00270646,                /* 06EB  lconst L6 <- static#39   ("error") */
    0x00070097, 0x00040006,    /* 06EC  is L7 <- L4 is L6 */
    0x0001074B,                /* 06EE  jf L7, +1 */
    0x00040102,                /* 06EF  return L4 count=1 */
    0x00080642,                /* 06F0  gget L6 <- g8   (_emit_pairable) */
    0x00078141,                /* 06F1  move L7 <- P1 */
    0x001B0845,                /* 06F2  lsym L8 <- sym#27   ("lconst") */
    0x00090341,                /* 06F3  move L9 <- L3 */
    0x000A0441,                /* 06F4  move L10 <- L4 */
    0x000604A0, 0x00010000,    /* 06F5  call base=L6 argc=4 nres=1 */
    0x00050641,                /* 06F7  move L5 <- L6 */
    0x00270646,                /* 06F8  lconst L6 <- static#39   ("error") */
    0x00070097, 0x00050006,    /* 06F9  is L7 <- L5 is L6 */
    0x0001074B,                /* 06FB  jf L7, +1 */
    0x00050102,                /* 06FC  return L5 count=1 */
    0x00040102,                /* 06FD  return L4 count=1 */
    0x00520642,                /* 06FE  gget L6 <- g82   (len) */
    0x00070041,                /* 06FF  move L7 <- L0 */
    0x000601A0, 0x00010000,    /* 0700  call base=L6 argc=1 nres=1 */
    0x00070140,                /* 0702  i8 L7 <- 1 */
    0x0008008F, 0x00060007,    /* 0703  eq L8 <- L6 == L7 */
    0x000D084B,                /* 0705  jf L8, +13 */
    0x00120642,                /* 0706  gget L6 <- g18   (resolve_name) */
    0x00530742,                /* 0707  gget L7 <- g83   (sym) */
    0x00080040,                /* 0708  i8 L8 <- 0 */
    0x00090098, 0x00000008,    /* 0709  getidx L9 <- L0[L8] */
    0x00080941,                /* 070B  move L8 <- L9 */
    0x000701A0, 0x00010000,    /* 070C  call base=L7 argc=1 nres=1 */
    0x00088141,                /* 070E  move L8 <- P1 */
    0x00098241,                /* 070F  move L9 <- P2 */
    0x000603A0, 0x00010000,    /* 0710  call base=L6 argc=3 nres=1 */
    0x00060102,                /* 0712  return L6 count=1 */
    0x0006009A, 0x80010019,    /* 0713  getattr L6 <- P1.sym#25   ("module") */
    0x00050742,                /* 0715  gget L7 <- g5   (_join_parts) */
    0x00080041,                /* 0716  move L8 <- L0 */
    0x000701A0, 0x00010000,    /* 0717  call base=L7 argc=1 nres=1 */
    0x000601A2, 0x00090001,    /* 0719  msg base=L6 argc=1 msg#9 nres=1   (declare_free_global) */
    0x00020641,                /* 071B  move L2 <- L6 */
    0x00270646,                /* 071C  lconst L6 <- static#39   ("error") */
    0x00070097, 0x00020006,    /* 071D  is L7 <- L2 is L6 */
    0x0001074B,                /* 071F  jf L7, +1 */
    0x00020102,                /* 0720  return L2 count=1 */
    0x00110642,                /* 0721  gget L6 <- g17   (_land_free) */
    0x00078141,                /* 0722  move L7 <- P1 */
    0x00088241,                /* 0723  move L8 <- P2 */
    0x00090241,                /* 0724  move L9 <- L2 */
    0x000603A0, 0x00010000,    /* 0725  call base=L6 argc=3 nres=1 */
    0x00060102,                /* 0727  return L6 count=1 */
    0x00030E42,                /* 0728  gget L14 <- g3   (_field) */
    0x000F8041,                /* 0729  move L15 <- P0 */
    0x00100140,                /* 072A  i8 L16 <- 1 */
    0x000E02A0, 0x00010000,    /* 072B  call base=L14 argc=2 nres=1 */
    0x00000E41,                /* 072D  move L0 <- L14 */
    0x0001004E,                /* 072E  jnerr L0, +1 */
    0x00000003,                /* 072F  lnil L0 */
    0x00030E42,                /* 0730  gget L14 <- g3   (_field) */
    0x000F8041,                /* 0731  move L15 <- P0 */
    0x00100240,                /* 0732  i8 L16 <- 2 */
    0x000E02A0, 0x00010000,    /* 0733  call base=L14 argc=2 nres=1 */
    0x00010E41,                /* 0735  move L1 <- L14 */
    0x0001014E,                /* 0736  jnerr L1, +1 */
    0x00010003,                /* 0737  lnil L1 */
    0x001B0E42,                /* 0738  gget L14 <- g27   (_type_atoms) */
    0x000F0141,                /* 0739  move L15 <- L1 */
    0x000E01A0, 0x00010000,    /* 073A  call base=L14 argc=1 nres=1 */
    0x00020E41,                /* 073C  move L2 <- L14 */
    0x00270E46,                /* 073D  lconst L14 <- static#39   ("error") */
    0x000F0097, 0x0002000E,    /* 073E  is L15 <- L2 is L14 */
    0x00010F4B,                /* 0740  jf L15, +1 */
    0x00020102,                /* 0741  return L2 count=1 */
    0x00420E42,                /* 0742  gget L14 <- g66   (compile_expr) */
    0x000F0041,                /* 0743  move L15 <- L0 */
    0x00108141,                /* 0744  move L16 <- P1 */
    0x00110003,                /* 0745  lnil L17 */
    0x000E03A0, 0x00010000,    /* 0746  call base=L14 argc=3 nres=1 */
    0x00030E41,                /* 0748  move L3 <- L14 */
    0x00270E46,                /* 0749  lconst L14 <- static#39   ("error") */
    0x000F0097, 0x0003000E,    /* 074A  is L15 <- L3 is L14 */
    0x00010F4B,                /* 074C  jf L15, +1 */
    0x00030102,                /* 074D  return L3 count=1 */
    0x00040005,                /* 074E  lunset L4 */
    0x00520E42,                /* 074F  gget L14 <- g82   (len) */
    0x000F0241,                /* 0750  move L15 <- L2 */
    0x000E01A0, 0x00010000,    /* 0751  call base=L14 argc=1 nres=1 */
    0x000F0140,                /* 0753  i8 L15 <- 1 */
    0x0010008F, 0x000E000F,    /* 0754  eq L16 <- L14 == L15 */
    0x0011104B,                /* 0756  jf L16, +17 */
    0x001D0E42,                /* 0757  gget L14 <- g29   (_type_value) */
    0x000F0040,                /* 0758  i8 L15 <- 0 */
    0x00100098, 0x0002000F,    /* 0759  getidx L16 <- L2[L15] */
    0x000F1041,                /* 075B  move L15 <- L16 */
    0x00108141,                /* 075C  move L16 <- P1 */
    0x00110003,                /* 075D  lnil L17 */
    0x000E03A0, 0x00010000,    /* 075E  call base=L14 argc=3 nres=1 */
    0x00070E41,                /* 0760  move L7 <- L14 */
    0x00270E46,                /* 0761  lconst L14 <- static#39   ("error") */
    0x000F0097, 0x0007000E,    /* 0762  is L15 <- L7 is L14 */
    0x00010F4B,                /* 0764  jf L15, +1 */
    0x00070102,                /* 0765  return L7 count=1 */
    0x00040741,                /* 0766  move L4 <- L7 */
    0x0045004F,                /* 0767  jmp +69 */
    0x000E8141,                /* 0768  move L14 <- P1 */
    0x000E00A2, 0x000B0001,    /* 0769  msg base=L14 argc=0 msg#11 nres=1   (mark) */
    0x00080E41,                /* 076B  move L8 <- L14 */
    0x000E00AE, 0x00020000,    /* 076C  iter L14 <- L2 */
    0x000B00AF, 0x000E0016,    /* 076E  itnext L11 <- L14, done +22 */
    0x000F8141,                /* 0770  move L15 <- P1 */
    0x000F00A2, 0x00030001,    /* 0771  msg base=L15 argc=0 msg#3 nres=1   (push) */
    0x000C0F41,                /* 0773  move L12 <- L15 */
    0x00270F46,                /* 0774  lconst L15 <- static#39   ("error") */
    0x00100097, 0x000C000F,    /* 0775  is L16 <- L12 is L15 */
    0x0001104B,                /* 0777  jf L16, +1 */
    0x000C0102,                /* 0778  return L12 count=1 */
    0x001D0F42,                /* 0779  gget L15 <- g29   (_type_value) */
    0x00100B41,                /* 077A  move L16 <- L11 */
    0x00118141,                /* 077B  move L17 <- P1 */
    0x00120C41,                /* 077C  move L18 <- L12 */
    0x000F03A0, 0x00010000,    /* 077D  call base=L15 argc=3 nres=1 */
    0x000D0F41,                /* 077F  move L13 <- L15 */
    0x00270F46,                /* 0780  lconst L15 <- static#39   ("error") */
    0x00100097, 0x000D000F,    /* 0781  is L16 <- L13 is L15 */
    0x0001104B,                /* 0783  jf L16, +1 */
    0x000D0102,                /* 0784  return L13 count=1 */
    0xFFE8004F,                /* 0785  jmp -24 */
    0x000E8141,                /* 0786  move L14 <- P1 */
    0x000E00A2, 0x00030001,    /* 0787  msg base=L14 argc=0 msg#3 nres=1   (push) */
    0x00090E41,                /* 0789  move L9 <- L14 */
    0x00270E46,                /* 078A  lconst L14 <- static#39   ("error") */
    0x000F0097, 0x0009000E,    /* 078B  is L15 <- L9 is L14 */
    0x00010F4B,                /* 078D  jf L15, +1 */
    0x00090102,                /* 078E  return L9 count=1 */
    0x00070E42,                /* 078F  gget L14 <- g7   (_emit_pack) */
    0x00118141,                /* 0790  move L17 <- P1 */
    0x00321245,                /* 0791  lsym L18 <- sym#50   ("tuple") */
    0x00130281, 0x00110000,    /* 0792  tuple L19 <- L17, 2 items */
    0x000F1341,                /* 0794  move L15 <- L19 */
    0x002E1146,                /* 0795  lconst L17 <- static#46   ("a0") */
    0x00120941,                /* 0796  move L18 <- L9 */
    0x002F1346,                /* 0797  lconst L19 <- static#47   ("a1") */
    0x00541442,                /* 0798  gget L20 <- g84   (L) */
    0x00150841,                /* 0799  move L21 <- L8 */
    0x001401A0, 0x00010000,    /* 079A  call base=L20 argc=1 nres=1 */
    0x002D1546,                /* 079C  lconst L21 <- static#45   ("f") */
    0x00521642,                /* 079D  gget L22 <- g82   (len) */
    0x00170241,                /* 079E  move L23 <- L2 */
    0x001601A0, 0x00010000,    /* 079F  call base=L22 argc=1 nres=1 */
    0x00170383, 0x00110000,    /* 07A1  dict L23 <- L17, 3 pairs */
    0x00101741,                /* 07A3  move L16 <- L23 */
    0x000E00A1, 0x00010000,    /* 07A4  call_va base=L14 nres=1 */
    0x000A0E41,                /* 07A6  move L10 <- L14 */
    0x00270E46,                /* 07A7  lconst L14 <- static#39   ("error") */
    0x000F0097, 0x000A000E,    /* 07A8  is L15 <- L10 is L14 */
    0x00010F4B,                /* 07AA  jf L15, +1 */
    0x000A0102,                /* 07AB  return L10 count=1 */
    0x00040941,                /* 07AC  move L4 <- L9 */
    0x000A0E42,                /* 07AD  gget L14 <- g10   (_target) */
    0x000F8141,                /* 07AE  move L15 <- P1 */
    0x00108241,                /* 07AF  move L16 <- P2 */
    0x000E02A0, 0x00010000,    /* 07B0  call base=L14 argc=2 nres=1 */
    0x00050E41,                /* 07B2  move L5 <- L14 */
    0x00270E46,                /* 07B3  lconst L14 <- static#39   ("error") */
    0x000F0097, 0x0005000E,    /* 07B4  is L15 <- L5 is L14 */
    0x00010F4B,                /* 07B6  jf L15, +1 */
    0x00050102,                /* 07B7  return L5 count=1 */
    0x00070E42,                /* 07B8  gget L14 <- g7   (_emit_pack) */
    0x00118141,                /* 07B9  move L17 <- P1 */
    0x00431245,                /* 07BA  lsym L18 <- sym#67   ("is") */
    0x00130281, 0x00110000,    /* 07BB  tuple L19 <- L17, 2 items */
    0x000F1341,                /* 07BD  move L15 <- L19 */
    0x002E1146,                /* 07BE  lconst L17 <- static#46   ("a0") */
    0x00120541,                /* 07BF  move L18 <- L5 */
    0x002F1346,                /* 07C0  lconst L19 <- static#47   ("a1") */
    0x00140341,                /* 07C1  move L20 <- L3 */
    0x00301546,                /* 07C2  lconst L21 <- static#48   ("a2") */
    0x00160441,                /* 07C3  move L22 <- L4 */
    0x00170383, 0x00110000,    /* 07C4  dict L23 <- L17, 3 pairs */
    0x00101741,                /* 07C6  move L16 <- L23 */
    0x000E00A1, 0x00010000,    /* 07C7  call_va base=L14 nres=1 */
    0x00060E41,                /* 07C9  move L6 <- L14 */
    0x00270E46,                /* 07CA  lconst L14 <- static#39   ("error") */
    0x000F0097, 0x0006000E,    /* 07CB  is L15 <- L6 is L14 */
    0x00010F4B,                /* 07CD  jf L15, +1 */
    0x00060102,                /* 07CE  return L6 count=1 */
    0x00050102,                /* 07CF  return L5 count=1 */
    0x00058141,                /* 07D0  move L5 <- P1 */
    0x000500A2, 0x000B0001,    /* 07D1  msg base=L5 argc=0 msg#11 nres=1   (mark) */
    0x00000541,                /* 07D3  move L0 <- L5 */
    0x00420542,                /* 07D4  gget L5 <- g66   (compile_expr) */
    0x00068041,                /* 07D5  move L6 <- P0 */
    0x00078141,                /* 07D6  move L7 <- P1 */
    0x00080003,                /* 07D7  lnil L8 */
    0x000503A0, 0x00010000,    /* 07D8  call base=L5 argc=3 nres=1 */
    0x00010541,                /* 07DA  move L1 <- L5 */
    0x00270546,                /* 07DB  lconst L5 <- static#39   ("error") */
    0x00060097, 0x00010005,    /* 07DC  is L6 <- L1 is L5 */
    0x0001064B,                /* 07DE  jf L6, +1 */
    0x00010102,                /* 07DF  return L1 count=1 */
    0x0005008F, 0x00010000,    /* 07E0  eq L5 <- L1 == L0 */
    0x0005054B,                /* 07E2  jf L5, +5 */
    0x00068141,                /* 07E3  move L6 <- P1 */
    0x000600A2, 0x000B0001,    /* 07E4  msg base=L6 argc=0 msg#11 nres=1   (mark) */
    0x00050093, 0x00060000,    /* 07E6  gt L5 <- L6 > L0 */
    0x0001054B,                /* 07E8  jf L5, +1 */
    0x00010102,                /* 07E9  return L1 count=1 */
    0x00058141,                /* 07EA  move L5 <- P1 */
    0x00060041,                /* 07EB  move L6 <- L0 */
    0x000501A2, 0x000C0001,    /* 07EC  msg base=L5 argc=1 msg#12 nres=1   (free_to) */
    0x00020541,                /* 07EE  move L2 <- L5 */
    0x00270546,                /* 07EF  lconst L5 <- static#39   ("error") */
    0x00060097, 0x00020005,    /* 07F0  is L6 <- L2 is L5 */
    0x0001064B,                /* 07F2  jf L6, +1 */
    0x00020102,                /* 07F3  return L2 count=1 */
    0x00058141,                /* 07F4  move L5 <- P1 */
    0x000500A2, 0x00030001,    /* 07F5  msg base=L5 argc=0 msg#3 nres=1   (push) */
    0x00030541,                /* 07F7  move L3 <- L5 */
    0x00270546,                /* 07F8  lconst L5 <- static#39   ("error") */
    0x00060097, 0x00030005,    /* 07F9  is L6 <- L3 is L5 */
    0x0001064B,                /* 07FB  jf L6, +1 */
    0x00030102,                /* 07FC  return L3 count=1 */
    0x00080542,                /* 07FD  gget L5 <- g8   (_emit_pairable) */
    0x00068141,                /* 07FE  move L6 <- P1 */
    0x00160745,                /* 07FF  lsym L7 <- sym#22   ("move") */
    0x00080341,                /* 0800  move L8 <- L3 */
    0x00090141,                /* 0801  move L9 <- L1 */
    0x000504A0, 0x00010000,    /* 0802  call base=L5 argc=4 nres=1 */
    0x00040541,                /* 0804  move L4 <- L5 */
    0x00270546,                /* 0805  lconst L5 <- static#39   ("error") */
    0x00060097, 0x00040005,    /* 0806  is L6 <- L4 is L5 */
    0x0001064B,                /* 0808  jf L6, +1 */
    0x00040102,                /* 0809  return L4 count=1 */
    0x00030102,                /* 080A  return L3 count=1 */
    0x000200AE, 0x80000000,    /* 080B  iter L2 <- P0 */
    0x000000AF, 0x00020014,    /* 080D  itnext L0 <- L2, done +20 */
    0x00510342,                /* 080F  gget L3 <- g81   (node_kind) */
    0x00040041,                /* 0810  move L4 <- L0 */
    0x000301A0, 0x00010000,    /* 0811  call base=L3 argc=1 nres=1 */
    0x00010341,                /* 0813  move L1 <- L3 */
    0x00440445,                /* 0814  lsym L4 <- sym#68   ("kwarg") */
    0x0003008F, 0x00010004,    /* 0815  eq L3 <- L1 == L4 */
    0x0007034C,                /* 0817  jt L3, +7 */
    0x00450445,                /* 0818  lsym L4 <- sym#69   ("spread") */
    0x0003008F, 0x00010004,    /* 0819  eq L3 <- L1 == L4 */
    0x0003034C,                /* 081B  jt L3, +3 */
    0x00460445,                /* 081C  lsym L4 <- sym#70   ("spread_kw") */
    0x0003008F, 0x00010004,    /* 081D  eq L3 <- L1 == L4 */
    0x0002034B,                /* 081F  jf L3, +2 */
    0x00030104,                /* 0820  lbool L3 <- 1 */
    0x00030102,                /* 0821  return L3 count=1 */
    0xFFEA004F,                /* 0822  jmp -22 */
    0x00020004,                /* 0823  lbool L2 <- 0 */
    0x00020102,                /* 0824  return L2 count=1 */
    0x00030D42,                /* 0825  gget L13 <- g3   (_field) */
    0x000E8041,                /* 0826  move L14 <- P0 */
    0x000F0140,                /* 0827  i8 L15 <- 1 */
    0x000D02A0, 0x00010000,    /* 0828  call base=L13 argc=2 nres=1 */
    0x00000D41,                /* 082A  move L0 <- L13 */
    0x0001004E,                /* 082B  jnerr L0, +1 */
    0x00000003,                /* 082C  lnil L0 */
    0x00030D42,                /* 082D  gget L13 <- g3   (_field) */
    0x000E8041,                /* 082E  move L14 <- P0 */
    0x000F0240,                /* 082F  i8 L15 <- 2 */
    0x000D02A0, 0x00010000,    /* 0830  call base=L13 argc=2 nres=1 */
    0x00010D41,                /* 0832  move L1 <- L13 */
    0x0001014E,                /* 0833  jnerr L1, +1 */
    0x00010003,                /* 0834  lnil L1 */
    0x00520D42,                /* 0835  gget L13 <- g82   (len) */
    0x000E0141,                /* 0836  move L14 <- L1 */
    0x000D01A0, 0x00010000,    /* 0837  call base=L13 argc=1 nres=1 */
    0x00020D41,                /* 0839  move L2 <- L13 */
    0x000D00C0, 0x00000080,    /* 083A  i32 L13 <- 128 */
    0x000E0093, 0x0002000D,    /* 083C  gt L14 <- L2 > L13 */
    0x000C0E4B,                /* 083E  jf L14, +12 */
    0x004A0D42,                /* 083F  gget L13 <- g74   (error) */
    0x00500E42,                /* 0840  gget L14 <- g80   (str) */
    0x000F0241,                /* 0841  move L15 <- L2 */
    0x000E01A0, 0x00010000,    /* 0842  call base=L14 argc=1 nres=1 */
    0x00410F46,                /* 0844  lconst L15 <- static#65   (" arguments, over the 128-parameter call limit") */
    0x00100085, 0x000E000F,    /* 0845  add L16 <- L14 + L15 */
    0x000E1041,                /* 0847  move L14 <- L16 */
    0x000D01A0, 0x00010000,    /* 0848  call base=L13 argc=1 nres=1 */
    0x000D0102,                /* 084A  return L13 count=1 */
    0x000D00C0, 0x00000080,    /* 084B  i32 L13 <- 128 */
    0x000E0093, 0x8002000D,    /* 084D  gt L14 <- P2 > L13 */
    0x000C0E4B,                /* 084F  jf L14, +12 */
    0x004A0D42,                /* 0850  gget L13 <- g74   (error) */
    0x00500E42,                /* 0851  gget L14 <- g80   (str) */
    0x000F8241,                /* 0852  move L15 <- P2 */
    0x000E01A0, 0x00010000,    /* 0853  call base=L14 argc=1 nres=1 */
    0x00420F46,                /* 0855  lconst L15 <- static#66   (" results wanted, over the 128-result call limit") */
    0x00100085, 0x000E000F,    /* 0856  add L16 <- L14 + L15 */
    0x000E1041,                /* 0858  move L14 <- L16 */
    0x000D01A0, 0x00010000,    /* 0859  call base=L13 argc=1 nres=1 */
    0x000D0102,                /* 085B  return L13 count=1 */
    0x000D8141,                /* 085C  move L13 <- P1 */
    0x000D00A2, 0x000B0001,    /* 085D  msg base=L13 argc=0 msg#11 nres=1   (mark) */
    0x00030D41,                /* 085F  move L3 <- L13 */
    0x000D8141,                /* 0860  move L13 <- P1 */
    0x000D00A2, 0x00030001,    /* 0861  msg base=L13 argc=0 msg#3 nres=1   (push) */
    0x00040D41,                /* 0863  move L4 <- L13 */
    0x00270D46,                /* 0864  lconst L13 <- static#39   ("error") */
    0x000E0097, 0x0004000D,    /* 0865  is L14 <- L4 is L13 */
    0x00010E4B,                /* 0867  jf L14, +1 */
    0x00040102,                /* 0868  return L4 count=1 */
    0x00210D46,                /* 0869  lconst L13 <- static#33   ("sym") */
    0x000E0097, 0x0000000D,    /* 086A  is L14 <- L0 is L13 */
    0x000D0E4B,                /* 086C  jf L14, +13 */
    0x00120D42,                /* 086D  gget L13 <- g18   (resolve_name) */
    0x000E0041,                /* 086E  move L14 <- L0 */
    0x000F8141,                /* 086F  move L15 <- P1 */
    0x00100441,                /* 0870  move L16 <- L4 */
    0x000D03A0, 0x00010000,    /* 0871  call base=L13 argc=3 nres=1 */
    0x00080D41,                /* 0873  move L8 <- L13 */
    0x00270D46,                /* 0874  lconst L13 <- static#39   ("error") */
    0x000E0097, 0x0008000D,    /* 0875  is L14 <- L8 is L13 */
    0x00010E4B,                /* 0877  jf L14, +1 */
    0x00080102,                /* 0878  return L8 count=1 */
    0x000C004F,                /* 0879  jmp +12 */
    0x00420D42,                /* 087A  gget L13 <- g66   (compile_expr) */
    0x000E0041,                /* 087B  move L14 <- L0 */
    0x000F8141,                /* 087C  move L15 <- P1 */
    0x00100441,                /* 087D  move L16 <- L4 */
    0x000D03A0, 0x00010000,    /* 087E  call base=L13 argc=3 nres=1 */
    0x00090D41,                /* 0880  move L9 <- L13 */
    0x00270D46,                /* 0881  lconst L13 <- static#39   ("error") */
    0x000E0097, 0x0009000D,    /* 0882  is L14 <- L9 is L13 */
    0x00010E4B,                /* 0884  jf L14, +1 */
    0x00090102,                /* 0885  return L9 count=1 */
    0x000D00AE, 0x00010000,    /* 0886  iter L13 <- L1 */
    0x000A00AF, 0x000D000C,    /* 0888  itnext L10 <- L13, done +12 */
    0x001F0E42,                /* 088A  gget L14 <- g31   (compile_into_window) */
    0x000F0A41,                /* 088B  move L15 <- L10 */
    0x00108141,                /* 088C  move L16 <- P1 */
    0x000E02A0, 0x00010000,    /* 088D  call base=L14 argc=2 nres=1 */
    0x000B0E41,                /* 088F  move L11 <- L14 */
    0x00270E46,                /* 0890  lconst L14 <- static#39   ("error") */
    0x000F0097, 0x000B000E,    /* 0891  is L15 <- L11 is L14 */
    0x00010F4B,                /* 0893  jf L15, +1 */
    0x000B0102,                /* 0894  return L11 count=1 */
    0xFFF2004F,                /* 0895  jmp -14 */
    0x00070D42,                /* 0896  gget L13 <- g7   (_emit_pack) */
    0x00108141,                /* 0897  move L16 <- P1 */
    0x00471145,                /* 0898  lsym L17 <- sym#71   ("call") */
    0x00120281, 0x00100000,    /* 0899  tuple L18 <- L16, 2 items */
    0x000E1241,                /* 089B  move L14 <- L18 */
    0x002E1046,                /* 089C  lconst L16 <- static#46   ("a0") */
    0x00110441,                /* 089D  move L17 <- L4 */
    0x002D1246,                /* 089E  lconst L18 <- static#45   ("f") */
    0x00130241,                /* 089F  move L19 <- L2 */
    0x002F1446,                /* 08A0  lconst L20 <- static#47   ("a1") */
    0x00158241,                /* 08A1  move L21 <- P2 */
    0x00160383, 0x00100000,    /* 08A2  dict L22 <- L16, 3 pairs */
    0x000F1641,                /* 08A4  move L15 <- L22 */
    0x000D00A1, 0x00010000,    /* 08A5  call_va base=L13 nres=1 */
    0x00050D41,                /* 08A7  move L5 <- L13 */
    0x00270D46,                /* 08A8  lconst L13 <- static#39   ("error") */
    0x000E0097, 0x0005000D,    /* 08A9  is L14 <- L5 is L13 */
    0x00010E4B,                /* 08AB  jf L14, +1 */
    0x00050102,                /* 08AC  return L5 count=1 */
    0x00040D42,                /* 08AD  gget L13 <- g4   (_max2) */
    0x000E8241,                /* 08AE  move L14 <- P2 */
    0x000F0140,                /* 08AF  i8 L15 <- 1 */
    0x000D02A0, 0x00010000,    /* 08B0  call base=L13 argc=2 nres=1 */
    0x00060085, 0x0003000D,    /* 08B2  add L6 <- L3 + L13 */
    0x000D8141,                /* 08B4  move L13 <- P1 */
    0x000D00A2, 0x000B0001,    /* 08B5  msg base=L13 argc=0 msg#11 nres=1   (mark) */
    0x000E0091, 0x000D0006,    /* 08B7  lt L14 <- L13 < L6 */
    0x000A0E4B,                /* 08B9  jf L14, +10 */
    0x000D8141,                /* 08BA  move L13 <- P1 */
    0x000D00A2, 0x00030001,    /* 08BB  msg base=L13 argc=0 msg#3 nres=1   (push) */
    0x000C0D41,                /* 08BD  move L12 <- L13 */
    0x00270D46,                /* 08BE  lconst L13 <- static#39   ("error") */
    0x000E0097, 0x000C000D,    /* 08BF  is L14 <- L12 is L13 */
    0x00010E4B,                /* 08C1  jf L14, +1 */
    0x000C0102,                /* 08C2  return L12 count=1 */
    0xFFF0004F,                /* 08C3  jmp -16 */
    0x000D8141,                /* 08C4  move L13 <- P1 */
    0x000E0641,                /* 08C5  move L14 <- L6 */
    0x000D01A2, 0x000C0001,    /* 08C6  msg base=L13 argc=1 msg#12 nres=1   (free_to) */
    0x00070D41,                /* 08C8  move L7 <- L13 */
    0x00270D46,                /* 08C9  lconst L13 <- static#39   ("error") */
    0x000E0097, 0x0007000D,    /* 08CA  is L14 <- L7 is L13 */
    0x00010E4B,                /* 08CC  jf L14, +1 */
    0x00070102,                /* 08CD  return L7 count=1 */
    0x00040102,                /* 08CE  return L4 count=1 */
    0x00030242,                /* 08CF  gget L2 <- g3   (_field) */
    0x00038041,                /* 08D0  move L3 <- P0 */
    0x00040240,                /* 08D1  i8 L4 <- 2 */
    0x000202A0, 0x00010000,    /* 08D2  call base=L2 argc=2 nres=1 */
    0x00000241,                /* 08D4  move L0 <- L2 */
    0x0001004E,                /* 08D5  jnerr L0, +1 */
    0x00000003,                /* 08D6  lnil L0 */
    0x00200242,                /* 08D7  gget L2 <- g32   (has_spread_or_keyword) */
    0x00030041,                /* 08D8  move L3 <- L0 */
    0x000201A0, 0x00010000,    /* 08D9  call base=L2 argc=1 nres=1 */
    0x0013024B,                /* 08DB  jf L2, +19 */
    0x00030242,                /* 08DC  gget L2 <- g3   (_field) */
    0x00038041,                /* 08DD  move L3 <- P0 */
    0x00040140,                /* 08DE  i8 L4 <- 1 */
    0x000202A0, 0x00010000,    /* 08DF  call base=L2 argc=2 nres=1 */
    0x00010241,                /* 08E1  move L1 <- L2 */
    0x0001014E,                /* 08E2  jnerr L1, +1 */
    0x00010003,                /* 08E3  lnil L1 */
    0x003F0242,                /* 08E4  gget L2 <- g63   (compile_va) */
    0x00038141,                /* 08E5  move L3 <- P1 */
    0x00048241,                /* 08E6  move L4 <- P2 */
    0x00480545,                /* 08E7  lsym L5 <- sym#72   ("call_va") */
    0x00060141,                /* 08E8  move L6 <- L1 */
    0x00070041,                /* 08E9  move L7 <- L0 */
    0x00080003,                /* 08EA  lnil L8 */
    0x00090003,                /* 08EB  lnil L9 */
    0x000207A0, 0x00010000,    /* 08EC  call base=L2 argc=7 nres=1 */
    0x00020102,                /* 08EE  return L2 count=1 */
    0x00210242,                /* 08EF  gget L2 <- g33   (_compile_call) */
    0x00038041,                /* 08F0  move L3 <- P0 */
    0x00048141,                /* 08F1  move L4 <- P1 */
    0x00058241,                /* 08F2  move L5 <- P2 */
    0x000203A0, 0x00010000,    /* 08F3  call base=L2 argc=3 nres=1 */
    0x00020102,                /* 08F5  return L2 count=1 */
    0x00220142,                /* 08F6  gget L1 <- g34   (compile_call) */
    0x00028041,                /* 08F7  move L2 <- P0 */
    0x00038141,                /* 08F8  move L3 <- P1 */
    0x00040140,                /* 08F9  i8 L4 <- 1 */
    0x000103A0, 0x00010000,    /* 08FA  call base=L1 argc=3 nres=1 */
    0x00000141,                /* 08FC  move L0 <- L1 */
    0x00270146,                /* 08FD  lconst L1 <- static#39   ("error") */
    0x00020097, 0x00000001,    /* 08FE  is L2 <- L0 is L1 */
    0x0001024B,                /* 0900  jf L2, +1 */
    0x00000102,                /* 0901  return L0 count=1 */
    0x00090142,                /* 0902  gget L1 <- g9   (_land) */
    0x00028141,                /* 0903  move L2 <- P1 */
    0x00038241,                /* 0904  move L3 <- P2 */
    0x00040041,                /* 0905  move L4 <- L0 */
    0x000103A0, 0x00010000,    /* 0906  call base=L1 argc=3 nres=1 */
    0x00010102,                /* 0908  return L1 count=1 */
    0x00038141,                /* 0909  move L3 <- P1 */
    0x000300A2, 0x000B0001,    /* 090A  msg base=L3 argc=0 msg#11 nres=1   (mark) */
    0x00000341,                /* 090C  move L0 <- L3 */
    0x000300AE, 0x80000000,    /* 090D  iter L3 <- P0 */
    0x000100AF, 0x0003000C,    /* 090F  itnext L1 <- L3, done +12 */
    0x001F0442,                /* 0911  gget L4 <- g31   (compile_into_window) */
    0x00050141,                /* 0912  move L5 <- L1 */
    0x00068141,                /* 0913  move L6 <- P1 */
    0x000402A0, 0x00010000,    /* 0914  call base=L4 argc=2 nres=1 */
    0x00020441,                /* 0916  move L2 <- L4 */
    0x00270446,                /* 0917  lconst L4 <- static#39   ("error") */
    0x00050097, 0x00020004,    /* 0918  is L5 <- L2 is L4 */
    0x0001054B,                /* 091A  jf L5, +1 */
    0x00020102,                /* 091B  return L2 count=1 */
    0xFFF2004F,                /* 091C  jmp -14 */
    0x00540342,                /* 091D  gget L3 <- g84   (L) */
    0x00040041,                /* 091E  move L4 <- L0 */
    0x000301A0, 0x00010000,    /* 091F  call base=L3 argc=1 nres=1 */
    0x00520442,                /* 0921  gget L4 <- g82   (len) */
    0x00058041,                /* 0922  move L5 <- P0 */
    0x000401A0, 0x00010000,    /* 0923  call base=L4 argc=1 nres=1 */
    0x00050282, 0x00030000,    /* 0925  list L5 <- L3, 2 items */
    0x00050102,                /* 0927  return L5 count=1 */
    0x00520442,                /* 0928  gget L4 <- g82   (len) */
    0x00058341,                /* 0929  move L5 <- P3 */
    0x000401A0, 0x00010000,    /* 092A  call base=L4 argc=1 nres=1 */
    0x00000441,                /* 092C  move L0 <- L4 */
    0x001B0546,                /* 092D  lconst L5 <- static#27   ("nil") */
    0x00060097, 0x80040005,    /* 092E  is L6 <- P4 is L5 */
    0x0004064A,                /* 0930  not L4 <- L6 */
    0x0002044B,                /* 0931  jf L4, +2 */
    0x00040093, 0x00008004,    /* 0932  gt L4 <- L0 > P4 */
    0x001E044B,                /* 0934  jf L4, +30 */
    0x004A0442,                /* 0935  gget L4 <- g74   (error) */
    0x00500542,                /* 0936  gget L5 <- g80   (str) */
    0x00060041,                /* 0937  move L6 <- L0 */
    0x000501A0, 0x00010000,    /* 0938  call base=L5 argc=1 nres=1 */
    0x00430646,                /* 093A  lconst L6 <- static#67   (" elements, over the ") */
    0x00070085, 0x00050006,    /* 093B  add L7 <- L5 + L6 */
    0x00500842,                /* 093D  gget L8 <- g80   (str) */
    0x00098441,                /* 093E  move L9 <- P4 */
    0x000801A0, 0x00010000,    /* 093F  call base=L8 argc=1 nres=1 */
    0x00090085, 0x00070008,    /* 0941  add L9 <- L7 + L8 */
    0x00440A46,                /* 0943  lconst L10 <- static#68   ("-element ") */
    0x000B0085, 0x0009000A,    /* 0944  add L11 <- L9 + L10 */
    0x00500C42,                /* 0946  gget L12 <- g80   (str) */
    0x000D8241,                /* 0947  move L13 <- P2 */
    0x000C01A0, 0x00010000,    /* 0948  call base=L12 argc=1 nres=1 */
    0x000D0085, 0x000B000C,    /* 094A  add L13 <- L11 + L12 */
    0x00450E46,                /* 094C  lconst L14 <- static#69   (" limit") */
    0x000F0085, 0x000D000E,    /* 094D  add L15 <- L13 + L14 */
    0x00050F41,                /* 094F  move L5 <- L15 */
    0x000401A0, 0x00010000,    /* 0950  call base=L4 argc=1 nres=1 */
    0x00040102,                /* 0952  return L4 count=1 */
    0x00240442,                /* 0953  gget L4 <- g36   (_window_of) */
    0x00058341,                /* 0954  move L5 <- P3 */
    0x00068041,                /* 0955  move L6 <- P0 */
    0x000402A0, 0x00010000,    /* 0956  call base=L4 argc=2 nres=1 */
    0x00010441,                /* 0958  move L1 <- L4 */
    0x00270446,                /* 0959  lconst L4 <- static#39   ("error") */
    0x00050097, 0x00010004,    /* 095A  is L5 <- L1 is L4 */
    0x0001054B,                /* 095C  jf L5, +1 */
    0x00010102,                /* 095D  return L1 count=1 */
    0x000A0442,                /* 095E  gget L4 <- g10   (_target) */
    0x00058041,                /* 095F  move L5 <- P0 */
    0x00068141,                /* 0960  move L6 <- P1 */
    0x000402A0, 0x00010000,    /* 0961  call base=L4 argc=2 nres=1 */
    0x00020441,                /* 0963  move L2 <- L4 */
    0x00270446,                /* 0964  lconst L4 <- static#39   ("error") */
    0x00050097, 0x00020004,    /* 0965  is L5 <- L2 is L4 */
    0x0001054B,                /* 0967  jf L5, +1 */
    0x00020102,                /* 0968  return L2 count=1 */
    0x00070442,                /* 0969  gget L4 <- g7   (_emit_pack) */
    0x00078041,                /* 096A  move L7 <- P0 */
    0x00088241,                /* 096B  move L8 <- P2 */
    0x00090281, 0x00070000,    /* 096C  tuple L9 <- L7, 2 items */
    0x00050941,                /* 096E  move L5 <- L9 */
    0x002E0746,                /* 096F  lconst L7 <- static#46   ("a0") */
    0x00080241,                /* 0970  move L8 <- L2 */
    0x002F0946,                /* 0971  lconst L9 <- static#47   ("a1") */
    0x000A0040,                /* 0972  i8 L10 <- 0 */
    0x000B0098, 0x0001000A,    /* 0973  getidx L11 <- L1[L10] */
    0x000A0B41,                /* 0975  move L10 <- L11 */
    0x002D0B46,                /* 0976  lconst L11 <- static#45   ("f") */
    0x000C0140,                /* 0977  i8 L12 <- 1 */
    0x000D0098, 0x0001000C,    /* 0978  getidx L13 <- L1[L12] */
    0x000C0D41,                /* 097A  move L12 <- L13 */
    0x000D0383, 0x00070000,    /* 097B  dict L13 <- L7, 3 pairs */
    0x00060D41,                /* 097D  move L6 <- L13 */
    0x000400A1, 0x00010000,    /* 097E  call_va base=L4 nres=1 */
    0x00030441,                /* 0980  move L3 <- L4 */
    0x00270446,                /* 0981  lconst L4 <- static#39   ("error") */
    0x00050097, 0x00030004,    /* 0982  is L5 <- L3 is L4 */
    0x0001054B,                /* 0984  jf L5, +1 */
    0x00030102,                /* 0985  return L3 count=1 */
    0x00020102,                /* 0986  return L2 count=1 */
    0x00020142,                /* 0987  gget L1 <- g2   (_tail) */
    0x00028041,                /* 0988  move L2 <- P0 */
    0x00030140,                /* 0989  i8 L3 <- 1 */
    0x000102A0, 0x00010000,    /* 098A  call base=L1 argc=2 nres=1 */
    0x00000141,                /* 098C  move L0 <- L1 */
    0x0001004E,                /* 098D  jnerr L0, +1 */
    0x00000003,                /* 098E  lnil L0 */
    0x00250142,                /* 098F  gget L1 <- g37   (_sequence) */
    0x00028141,                /* 0990  move L2 <- P1 */
    0x00038241,                /* 0991  move L3 <- P2 */
    0x00330445,                /* 0992  lsym L4 <- sym#51   ("list") */
    0x00050041,                /* 0993  move L5 <- L0 */
    0x00060003,                /* 0994  lnil L6 */
    0x000105A0, 0x00010000,    /* 0995  call base=L1 argc=5 nres=1 */
    0x00010102,                /* 0997  return L1 count=1 */
    0x00020142,                /* 0998  gget L1 <- g2   (_tail) */
    0x00028041,                /* 0999  move L2 <- P0 */
    0x00030140,                /* 099A  i8 L3 <- 1 */
    0x000102A0, 0x00010000,    /* 099B  call base=L1 argc=2 nres=1 */
    0x00000141,                /* 099D  move L0 <- L1 */
    0x0001004E,                /* 099E  jnerr L0, +1 */
    0x00000003,                /* 099F  lnil L0 */
    0x00250142,                /* 09A0  gget L1 <- g37   (_sequence) */
    0x00028141,                /* 09A1  move L2 <- P1 */
    0x00038241,                /* 09A2  move L3 <- P2 */
    0x00320445,                /* 09A3  lsym L4 <- sym#50   ("tuple") */
    0x00050041,                /* 09A4  move L5 <- L0 */
    0x000600C0, 0x00000080,    /* 09A5  i32 L6 <- 128 */
    0x000105A0, 0x00010000,    /* 09A7  call base=L1 argc=5 nres=1 */
    0x00010102,                /* 09A9  return L1 count=1 */
    0x00020142,                /* 09AA  gget L1 <- g2   (_tail) */
    0x00028041,                /* 09AB  move L2 <- P0 */
    0x00030140,                /* 09AC  i8 L3 <- 1 */
    0x000102A0, 0x00010000,    /* 09AD  call base=L1 argc=2 nres=1 */
    0x00000141,                /* 09AF  move L0 <- L1 */
    0x0001004E,                /* 09B0  jnerr L0, +1 */
    0x00000003,                /* 09B1  lnil L0 */
    0x00250142,                /* 09B2  gget L1 <- g37   (_sequence) */
    0x00028141,                /* 09B3  move L2 <- P1 */
    0x00038241,                /* 09B4  move L3 <- P2 */
    0x00490445,                /* 09B5  lsym L4 <- sym#73   ("plist") */
    0x00050041,                /* 09B6  move L5 <- L0 */
    0x00060003,                /* 09B7  lnil L6 */
    0x000105A0, 0x00010000,    /* 09B8  call base=L1 argc=5 nres=1 */
    0x00010102,                /* 09BA  return L1 count=1 */
    0x00020942,                /* 09BB  gget L9 <- g2   (_tail) */
    0x000A8041,                /* 09BC  move L10 <- P0 */
    0x000B0140,                /* 09BD  i8 L11 <- 1 */
    0x000902A0, 0x00010000,    /* 09BE  call base=L9 argc=2 nres=1 */
    0x00000941,                /* 09C0  move L0 <- L9 */
    0x0001004E,                /* 09C1  jnerr L0, +1 */
    0x00000003,                /* 09C2  lnil L0 */
    0x00010082, 0x00090000,    /* 09C3  list L1 <- L9, 0 items */
    0x00020040,                /* 09C5  i8 L2 <- 0 */
    0x000900AE, 0x00000000,    /* 09C6  iter L9 <- L0 */
    0x000600AF, 0x00090019,    /* 09C8  itnext L6 <- L9, done +25 */
    0x004C0A42,                /* 09CA  gget L10 <- g76   (car) */
    0x000B0641,                /* 09CB  move L11 <- L6 */
    0x000A01A0, 0x00010000,    /* 09CC  call base=L10 argc=1 nres=1 */
    0x00070A41,                /* 09CE  move L7 <- L10 */
    0x004C0A42,                /* 09CF  gget L10 <- g76   (car) */
    0x004B0B42,                /* 09D0  gget L11 <- g75   (cdr) */
    0x000C0641,                /* 09D1  move L12 <- L6 */
    0x000B01A0, 0x00010000,    /* 09D2  call base=L11 argc=1 nres=1 */
    0x000A01A0, 0x00010000,    /* 09D4  call base=L10 argc=1 nres=1 */
    0x00080A41,                /* 09D6  move L8 <- L10 */
    0x000A0141,                /* 09D7  move L10 <- L1 */
    0x000B0741,                /* 09D8  move L11 <- L7 */
    0x000A01A2, 0x00100001,    /* 09D9  msg base=L10 argc=1 msg#16 nres=1   (append) */
    0x000A0141,                /* 09DB  move L10 <- L1 */
    0x000B0841,                /* 09DC  move L11 <- L8 */
    0x000A01A2, 0x00100001,    /* 09DD  msg base=L10 argc=1 msg#16 nres=1   (append) */
    0x000A0140,                /* 09DF  i8 L10 <- 1 */
    0x00020085, 0x0002000A,    /* 09E0  add L2 <- L2 + L10 */
    0xFFE5004F,                /* 09E2  jmp -27 */
    0x00240942,                /* 09E3  gget L9 <- g36   (_window_of) */
    0x000A0141,                /* 09E4  move L10 <- L1 */
    0x000B8141,                /* 09E5  move L11 <- P1 */
    0x000902A0, 0x00010000,    /* 09E6  call base=L9 argc=2 nres=1 */
    0x00030941,                /* 09E8  move L3 <- L9 */
    0x00270946,                /* 09E9  lconst L9 <- static#39   ("error") */
    0x000A0097, 0x00030009,    /* 09EA  is L10 <- L3 is L9 */
    0x00010A4B,                /* 09EC  jf L10, +1 */
    0x00030102,                /* 09ED  return L3 count=1 */
    0x000A0942,                /* 09EE  gget L9 <- g10   (_target) */
    0x000A8141,                /* 09EF  move L10 <- P1 */
    0x000B8241,                /* 09F0  move L11 <- P2 */
    0x000902A0, 0x00010000,    /* 09F1  call base=L9 argc=2 nres=1 */
    0x00040941,                /* 09F3  move L4 <- L9 */
    0x00270946,                /* 09F4  lconst L9 <- static#39   ("error") */
    0x000A0097, 0x00040009,    /* 09F5  is L10 <- L4 is L9 */
    0x00010A4B,                /* 09F7  jf L10, +1 */
    0x00040102,                /* 09F8  return L4 count=1 */
    0x00070942,                /* 09F9  gget L9 <- g7   (_emit_pack) */
    0x000C8141,                /* 09FA  move L12 <- P1 */
    0x00340D45,                /* 09FB  lsym L13 <- sym#52   ("dict") */
    0x000E0281, 0x000C0000,    /* 09FC  tuple L14 <- L12, 2 items */
    0x000A0E41,                /* 09FE  move L10 <- L14 */
    0x002E0C46,                /* 09FF  lconst L12 <- static#46   ("a0") */
    0x000D0441,                /* 0A00  move L13 <- L4 */
    0x002F0E46,                /* 0A01  lconst L14 <- static#47   ("a1") */
    0x000F0040,                /* 0A02  i8 L15 <- 0 */
    0x00100098, 0x0003000F,    /* 0A03  getidx L16 <- L3[L15] */
    0x000F1041,                /* 0A05  move L15 <- L16 */
    0x002D1046,                /* 0A06  lconst L16 <- static#45   ("f") */
    0x00110241,                /* 0A07  move L17 <- L2 */
    0x00120383, 0x000C0000,    /* 0A08  dict L18 <- L12, 3 pairs */
    0x000B1241,                /* 0A0A  move L11 <- L18 */
    0x000900A1, 0x00010000,    /* 0A0B  call_va base=L9 nres=1 */
    0x00050941,                /* 0A0D  move L5 <- L9 */
    0x00270946,                /* 0A0E  lconst L9 <- static#39   ("error") */
    0x000A0097, 0x00050009,    /* 0A0F  is L10 <- L5 is L9 */
    0x00010A4B,                /* 0A11  jf L10, +1 */
    0x00050102,                /* 0A12  return L5 count=1 */
    0x00040102,                /* 0A13  return L4 count=1 */
    0x00030242,                /* 0A14  gget L2 <- g3   (_field) */
    0x00038041,                /* 0A15  move L3 <- P0 */
    0x00040140,                /* 0A16  i8 L4 <- 1 */
    0x000202A0, 0x00010000,    /* 0A17  call base=L2 argc=2 nres=1 */
    0x00000241,                /* 0A19  move L0 <- L2 */
    0x0001004E,                /* 0A1A  jnerr L0, +1 */
    0x00000003,                /* 0A1B  lnil L0 */
    0x00300345,                /* 0A1C  lsym L3 <- sym#48   ("this") */
    0x00020090, 0x00000003,    /* 0A1D  ne L2 <- L0 != L3 */
    0x0005024C,                /* 0A1F  jt L2, +5 */
    0x0003009A, 0x8001004A,    /* 0A20  getattr L3 <- P1.sym#74   ("this_class") */
    0x001B0446,                /* 0A22  lconst L4 <- static#27   ("nil") */
    0x00020097, 0x00030004,    /* 0A23  is L2 <- L3 is L4 */
    0x0002024B,                /* 0A25  jf L2, +2 */
    0x00020003,                /* 0A26  lnil L2 */
    0x00020102,                /* 0A27  return L2 count=1 */
    0x0002009A, 0x80010019,    /* 0A28  getattr L2 <- P1.sym#25   ("module") */
    0x0003009A, 0x0002004B,    /* 0A2A  getattr L3 <- L2.sym#75   ("slot_optimization") */
    0x0004034A,                /* 0A2C  not L4 <- L3 */
    0x0002044B,                /* 0A2D  jf L4, +2 */
    0x00020003,                /* 0A2E  lnil L2 */
    0x00020102,                /* 0A2F  return L2 count=1 */
    0x00030242,                /* 0A30  gget L2 <- g3   (_field) */
    0x00038041,                /* 0A31  move L3 <- P0 */
    0x00040240,                /* 0A32  i8 L4 <- 2 */
    0x000202A0, 0x00010000,    /* 0A33  call base=L2 argc=2 nres=1 */
    0x00010241,                /* 0A35  move L1 <- L2 */
    0x0001014E,                /* 0A36  jnerr L1, +1 */
    0x00010003,                /* 0A37  lnil L1 */
    0x0002009A, 0x80010019,    /* 0A38  getattr L2 <- P1.sym#25   ("module") */
    0x0003009A, 0x8001004A,    /* 0A3A  getattr L3 <- P1.sym#74   ("this_class") */
    0x00040141,                /* 0A3C  move L4 <- L1 */
    0x000202A2, 0x00110001,    /* 0A3D  msg base=L2 argc=2 msg#17 nres=1   (slot_index) */
    0x00020102,                /* 0A3F  return L2 count=1 */
    0x002A0842,                /* 0A40  gget L8 <- g42   (own_slot_index) */
    0x00098041,                /* 0A41  move L9 <- P0 */
    0x000A8141,                /* 0A42  move L10 <- P1 */
    0x000802A0, 0x00010000,    /* 0A43  call base=L8 argc=2 nres=1 */
    0x00000841,                /* 0A45  move L0 <- L8 */
    0x00030842,                /* 0A46  gget L8 <- g3   (_field) */
    0x00098041,                /* 0A47  move L9 <- P0 */
    0x000A0140,                /* 0A48  i8 L10 <- 1 */
    0x000802A0, 0x00010000,    /* 0A49  call base=L8 argc=2 nres=1 */
    0x00010841,                /* 0A4B  move L1 <- L8 */
    0x0001014E,                /* 0A4C  jnerr L1, +1 */
    0x00010003,                /* 0A4D  lnil L1 */
    0x00420842,                /* 0A4E  gget L8 <- g66   (compile_expr) */
    0x00090141,                /* 0A4F  move L9 <- L1 */
    0x000A8141,                /* 0A50  move L10 <- P1 */
    0x000B0003,                /* 0A51  lnil L11 */
    0x000803A0, 0x00010000,    /* 0A52  call base=L8 argc=3 nres=1 */
    0x00020841,                /* 0A54  move L2 <- L8 */
    0x00270846,                /* 0A55  lconst L8 <- static#39   ("error") */
    0x00090097, 0x00020008,    /* 0A56  is L9 <- L2 is L8 */
    0x0001094B,                /* 0A58  jf L9, +1 */
    0x00020102,                /* 0A59  return L2 count=1 */
    0x000A0842,                /* 0A5A  gget L8 <- g10   (_target) */
    0x00098141,                /* 0A5B  move L9 <- P1 */
    0x000A8241,                /* 0A5C  move L10 <- P2 */
    0x000802A0, 0x00010000,    /* 0A5D  call base=L8 argc=2 nres=1 */
    0x00030841,                /* 0A5F  move L3 <- L8 */
    0x00270846,                /* 0A60  lconst L8 <- static#39   ("error") */
    0x00090097, 0x00030008,    /* 0A61  is L9 <- L3 is L8 */
    0x0001094B,                /* 0A63  jf L9, +1 */
    0x00030102,                /* 0A64  return L3 count=1 */
    0x001B0846,                /* 0A65  lconst L8 <- static#27   ("nil") */
    0x00090097, 0x00000008,    /* 0A66  is L9 <- L0 is L8 */
    0x000A094A,                /* 0A68  not L10 <- L9 */
    0x00180A4B,                /* 0A69  jf L10, +24 */
    0x00070842,                /* 0A6A  gget L8 <- g7   (_emit_pack) */
    0x000B8141,                /* 0A6B  move L11 <- P1 */
    0x004D0C45,                /* 0A6C  lsym L12 <- sym#77   ("getslot") */
    0x000D0281, 0x000B0000,    /* 0A6D  tuple L13 <- L11, 2 items */
    0x00090D41,                /* 0A6F  move L9 <- L13 */
    0x002E0B46,                /* 0A70  lconst L11 <- static#46   ("a0") */
    0x000C0341,                /* 0A71  move L12 <- L3 */
    0x002F0D46,                /* 0A72  lconst L13 <- static#47   ("a1") */
    0x000E0241,                /* 0A73  move L14 <- L2 */
    0x00300F46,                /* 0A74  lconst L15 <- static#48   ("a2") */
    0x00100041,                /* 0A75  move L16 <- L0 */
    0x00110383, 0x000B0000,    /* 0A76  dict L17 <- L11, 3 pairs */
    0x000A1141,                /* 0A78  move L10 <- L17 */
    0x000800A1, 0x00010000,    /* 0A79  call_va base=L8 nres=1 */
    0x00070841,                /* 0A7B  move L7 <- L8 */
    0x00270846,                /* 0A7C  lconst L8 <- static#39   ("error") */
    0x00090097, 0x00070008,    /* 0A7D  is L9 <- L7 is L8 */
    0x0001094B,                /* 0A7F  jf L9, +1 */
    0x00070102,                /* 0A80  return L7 count=1 */
    0x00030102,                /* 0A81  return L3 count=1 */
    0x00030842,                /* 0A82  gget L8 <- g3   (_field) */
    0x00098041,                /* 0A83  move L9 <- P0 */
    0x000A0240,                /* 0A84  i8 L10 <- 2 */
    0x000802A0, 0x00010000,    /* 0A85  call base=L8 argc=2 nres=1 */
    0x00040841,                /* 0A87  move L4 <- L8 */
    0x0001044E,                /* 0A88  jnerr L4, +1 */
    0x00040003,                /* 0A89  lnil L4 */
    0x0009009A, 0x80010019,    /* 0A8A  getattr L9 <- P1.sym#25   ("module") */
    0x0008009A, 0x0009001A,    /* 0A8C  getattr L8 <- L9.sym#26   ("image") */
    0x00500942,                /* 0A8E  gget L9 <- g80   (str) */
    0x000A0441,                /* 0A8F  move L10 <- L4 */
    0x000901A0, 0x00010000,    /* 0A90  call base=L9 argc=1 nres=1 */
    0x000801A2, 0x00050001,    /* 0A92  msg base=L8 argc=1 msg#5 nres=1   (add_symbol) */
    0x00050841,                /* 0A94  move L5 <- L8 */
    0x00270846,                /* 0A95  lconst L8 <- static#39   ("error") */
    0x00090097, 0x00050008,    /* 0A96  is L9 <- L5 is L8 */
    0x0001094B,                /* 0A98  jf L9, +1 */
    0x00050102,                /* 0A99  return L5 count=1 */
    0x00070842,                /* 0A9A  gget L8 <- g7   (_emit_pack) */
    0x000B8141,                /* 0A9B  move L11 <- P1 */
    0x00260C45,                /* 0A9C  lsym L12 <- sym#38   ("getattr") */
    0x000D0281, 0x000B0000,    /* 0A9D  tuple L13 <- L11, 2 items */
    0x00090D41,                /* 0A9F  move L9 <- L13 */
    0x002E0B46,                /* 0AA0  lconst L11 <- static#46   ("a0") */
    0x000C0341,                /* 0AA1  move L12 <- L3 */
    0x002F0D46,                /* 0AA2  lconst L13 <- static#47   ("a1") */
    0x000E0241,                /* 0AA3  move L14 <- L2 */
    0x00300F46,                /* 0AA4  lconst L15 <- static#48   ("a2") */
    0x00100541,                /* 0AA5  move L16 <- L5 */
    0x00110383, 0x000B0000,    /* 0AA6  dict L17 <- L11, 3 pairs */
    0x000A1141,                /* 0AA8  move L10 <- L17 */
    0x000800A1, 0x00010000,    /* 0AA9  call_va base=L8 nres=1 */
    0x00060841,                /* 0AAB  move L6 <- L8 */
    0x00270846,                /* 0AAC  lconst L8 <- static#39   ("error") */
    0x00090097, 0x00060008,    /* 0AAD  is L9 <- L6 is L8 */
    0x0001094B,                /* 0AAF  jf L9, +1 */
    0x00060102,                /* 0AB0  return L6 count=1 */
    0x00030102,                /* 0AB1  return L3 count=1 */
    0x00030642,                /* 0AB2  gget L6 <- g3   (_field) */
    0x00078041,                /* 0AB3  move L7 <- P0 */
    0x00080140,                /* 0AB4  i8 L8 <- 1 */
    0x000602A0, 0x00010000,    /* 0AB5  call base=L6 argc=2 nres=1 */
    0x00000641,                /* 0AB7  move L0 <- L6 */
    0x0001004E,                /* 0AB8  jnerr L0, +1 */
    0x00000003,                /* 0AB9  lnil L0 */
    0x00030642,                /* 0ABA  gget L6 <- g3   (_field) */
    0x00078041,                /* 0ABB  move L7 <- P0 */
    0x00080240,                /* 0ABC  i8 L8 <- 2 */
    0x000602A0, 0x00010000,    /* 0ABD  call base=L6 argc=2 nres=1 */
    0x00010641,                /* 0ABF  move L1 <- L6 */
    0x0001014E,                /* 0AC0  jnerr L1, +1 */
    0x00010003,                /* 0AC1  lnil L1 */
    0x00420642,                /* 0AC2  gget L6 <- g66   (compile_expr) */
    0x00070041,                /* 0AC3  move L7 <- L0 */
    0x00088141,                /* 0AC4  move L8 <- P1 */
    0x00090003,                /* 0AC5  lnil L9 */
    0x000603A0, 0x00010000,    /* 0AC6  call base=L6 argc=3 nres=1 */
    0x00020641,                /* 0AC8  move L2 <- L6 */
    0x00270646,                /* 0AC9  lconst L6 <- static#39   ("error") */
    0x00070097, 0x00020006,    /* 0ACA  is L7 <- L2 is L6 */
    0x0001074B,                /* 0ACC  jf L7, +1 */
    0x00020102,                /* 0ACD  return L2 count=1 */
    0x00420642,                /* 0ACE  gget L6 <- g66   (compile_expr) */
    0x00070141,                /* 0ACF  move L7 <- L1 */
    0x00088141,                /* 0AD0  move L8 <- P1 */
    0x00090003,                /* 0AD1  lnil L9 */
    0x000603A0, 0x00010000,    /* 0AD2  call base=L6 argc=3 nres=1 */
    0x00030641,                /* 0AD4  move L3 <- L6 */
    0x00270646,                /* 0AD5  lconst L6 <- static#39   ("error") */
    0x00070097, 0x00030006,    /* 0AD6  is L7 <- L3 is L6 */
    0x0001074B,                /* 0AD8  jf L7, +1 */
    0x00030102,                /* 0AD9  return L3 count=1 */
    0x000A0642,                /* 0ADA  gget L6 <- g10   (_target) */
    0x00078141,                /* 0ADB  move L7 <- P1 */
    0x00088241,                /* 0ADC  move L8 <- P2 */
    0x000602A0, 0x00010000,    /* 0ADD  call base=L6 argc=2 nres=1 */
    0x00040641,                /* 0ADF  move L4 <- L6 */
    0x00270646,                /* 0AE0  lconst L6 <- static#39   ("error") */
    0x00070097, 0x00040006,    /* 0AE1  is L7 <- L4 is L6 */
    0x0001074B,                /* 0AE3  jf L7, +1 */
    0x00040102,                /* 0AE4  return L4 count=1 */
    0x00070642,                /* 0AE5  gget L6 <- g7   (_emit_pack) */
    0x00098141,                /* 0AE6  move L9 <- P1 */
    0x00250A45,                /* 0AE7  lsym L10 <- sym#37   ("getidx") */
    0x000B0281, 0x00090000,    /* 0AE8  tuple L11 <- L9, 2 items */
    0x00070B41,                /* 0AEA  move L7 <- L11 */
    0x002E0946,                /* 0AEB  lconst L9 <- static#46   ("a0") */
    0x000A0441,                /* 0AEC  move L10 <- L4 */
    0x002F0B46,                /* 0AED  lconst L11 <- static#47   ("a1") */
    0x000C0241,                /* 0AEE  move L12 <- L2 */
    0x00300D46,                /* 0AEF  lconst L13 <- static#48   ("a2") */
    0x000E0341,                /* 0AF0  move L14 <- L3 */
    0x000F0383, 0x00090000,    /* 0AF1  dict L15 <- L9, 3 pairs */
    0x00080F41,                /* 0AF3  move L8 <- L15 */
    0x000600A1, 0x00010000,    /* 0AF4  call_va base=L6 nres=1 */
    0x00050641,                /* 0AF6  move L5 <- L6 */
    0x00270646,                /* 0AF7  lconst L6 <- static#39   ("error") */
    0x00070097, 0x00050006,    /* 0AF8  is L7 <- L5 is L6 */
    0x0001074B,                /* 0AFA  jf L7, +1 */
    0x00050102,                /* 0AFB  return L5 count=1 */
    0x00040102,                /* 0AFC  return L4 count=1 */
    0x00008041,                /* 0AFD  move L0 <- P0 */
    0x00470043,                /* 0AFE  gset g71 <- L0   (_body_compiler) */
    0x00000003,                /* 0AFF  lnil L0 */
    0x00000102,                /* 0B00  return L0 count=1 */
    0x00008041,                /* 0B01  move L0 <- P0 */
    0x00480043,                /* 0B02  gset g72 <- L0   (_closure_compiler) */
    0x00000003,                /* 0B03  lnil L0 */
    0x00000102,                /* 0B04  return L0 count=1 */
    0x00480142,                /* 0B05  gget L1 <- g72   (_closure_compiler) */
    0x001B0246,                /* 0B06  lconst L2 <- static#27   ("nil") */
    0x00030097, 0x00010002,    /* 0B07  is L3 <- L1 is L2 */
    0x0005034B,                /* 0B09  jf L3, +5 */
    0x004A0142,                /* 0B0A  gget L1 <- g74   (error) */
    0x00460246,                /* 0B0B  lconst L2 <- static#70   ("closure lowering needs functions.wy's compile_closure_expr (M4); import wyrm::compiler::functions before compiling a module with lambdas") */
    0x000101A0, 0x00010000,    /* 0B0C  call base=L1 argc=1 nres=1 */
    0x00010102,                /* 0B0E  return L1 count=1 */
    0x000A0142,                /* 0B0F  gget L1 <- g10   (_target) */
    0x00028141,                /* 0B10  move L2 <- P1 */
    0x00038241,                /* 0B11  move L3 <- P2 */
    0x000102A0, 0x00010000,    /* 0B12  call base=L1 argc=2 nres=1 */
    0x00000141,                /* 0B14  move L0 <- L1 */
    0x00270146,                /* 0B15  lconst L1 <- static#39   ("error") */
    0x00020097, 0x00000001,    /* 0B16  is L2 <- L0 is L1 */
    0x0001024B,                /* 0B18  jf L2, +1 */
    0x00000102,                /* 0B19  return L0 count=1 */
    0x00480142,                /* 0B1A  gget L1 <- g72   (_closure_compiler) */
    0x00028041,                /* 0B1B  move L2 <- P0 */
    0x00038141,                /* 0B1C  move L3 <- P1 */
    0x00040041,                /* 0B1D  move L4 <- L0 */
    0x00470546,                /* 0B1E  lconst L5 <- static#71   ("<lambda>") */
    0x000104A0, 0x00010000,    /* 0B1F  call base=L1 argc=4 nres=1 */
    0x00010102,                /* 0B21  return L1 count=1 */
    0x00470342,                /* 0B22  gget L3 <- g71   (_body_compiler) */
    0x001B0446,                /* 0B23  lconst L4 <- static#27   ("nil") */
    0x00050097, 0x00030004,    /* 0B24  is L5 <- L3 is L4 */
    0x0005054B,                /* 0B26  jf L5, +5 */
    0x004A0342,                /* 0B27  gget L3 <- g74   (error) */
    0x00480446,                /* 0B28  lconst L4 <- static#72   ("'do' block lowering needs statements.wy's compile_body; import wyrm::compiler::statements before compiling a module with 'do' blocks") */
    0x000301A0, 0x00010000,    /* 0B29  call base=L3 argc=1 nres=1 */
    0x00030102,                /* 0B2B  return L3 count=1 */
    0x00030342,                /* 0B2C  gget L3 <- g3   (_field) */
    0x00048041,                /* 0B2D  move L4 <- P0 */
    0x00050140,                /* 0B2E  i8 L5 <- 1 */
    0x000302A0, 0x00010000,    /* 0B2F  call base=L3 argc=2 nres=1 */
    0x00000341,                /* 0B31  move L0 <- L3 */
    0x0001004E,                /* 0B32  jnerr L0, +1 */
    0x00000003,                /* 0B33  lnil L0 */
    0x000A0342,                /* 0B34  gget L3 <- g10   (_target) */
    0x00048141,                /* 0B35  move L4 <- P1 */
    0x00058241,                /* 0B36  move L5 <- P2 */
    0x000302A0, 0x00010000,    /* 0B37  call base=L3 argc=2 nres=1 */
    0x00010341,                /* 0B39  move L1 <- L3 */
    0x00270346,                /* 0B3A  lconst L3 <- static#39   ("error") */
    0x00040097, 0x00010003,    /* 0B3B  is L4 <- L1 is L3 */
    0x0001044B,                /* 0B3D  jf L4, +1 */
    0x00010102,                /* 0B3E  return L1 count=1 */
    0x00470342,                /* 0B3F  gget L3 <- g71   (_body_compiler) */
    0x00040041,                /* 0B40  move L4 <- L0 */
    0x00058141,                /* 0B41  move L5 <- P1 */
    0x00060141,                /* 0B42  move L6 <- L1 */
    0x000303A0, 0x00010000,    /* 0B43  call base=L3 argc=3 nres=1 */
    0x00020341,                /* 0B45  move L2 <- L3 */
    0x00270346,                /* 0B46  lconst L3 <- static#39   ("error") */
    0x00040097, 0x00020003,    /* 0B47  is L4 <- L2 is L3 */
    0x0001044B,                /* 0B49  jf L4, +1 */
    0x00020102,                /* 0B4A  return L2 count=1 */
    0x00010102,                /* 0B4B  return L1 count=1 */
    0x00030942,                /* 0B4C  gget L9 <- g3   (_field) */
    0x000A8041,                /* 0B4D  move L10 <- P0 */
    0x000B0140,                /* 0B4E  i8 L11 <- 1 */
    0x000902A0, 0x00010000,    /* 0B4F  call base=L9 argc=2 nres=1 */
    0x00000941,                /* 0B51  move L0 <- L9 */
    0x0001004E,                /* 0B52  jnerr L0, +1 */
    0x00000003,                /* 0B53  lnil L0 */
    0x000A0942,                /* 0B54  gget L9 <- g10   (_target) */
    0x000A8141,                /* 0B55  move L10 <- P1 */
    0x000B8241,                /* 0B56  move L11 <- P2 */
    0x000902A0, 0x00010000,    /* 0B57  call base=L9 argc=2 nres=1 */
    0x00010941,                /* 0B59  move L1 <- L9 */
    0x00270946,                /* 0B5A  lconst L9 <- static#39   ("error") */
    0x000A0097, 0x00010009,    /* 0B5B  is L10 <- L1 is L9 */
    0x00010A4B,                /* 0B5D  jf L10, +1 */
    0x00010102,                /* 0B5E  return L1 count=1 */
    0x00098141,                /* 0B5F  move L9 <- P1 */
    0x000900A2, 0x000B0001,    /* 0B60  msg base=L9 argc=0 msg#11 nres=1   (mark) */
    0x00020941,                /* 0B62  move L2 <- L9 */
    0x00420942,                /* 0B63  gget L9 <- g66   (compile_expr) */
    0x000A0041,                /* 0B64  move L10 <- L0 */
    0x000B8141,                /* 0B65  move L11 <- P1 */
    0x000C0141,                /* 0B66  move L12 <- L1 */
    0x000903A0, 0x00010000,    /* 0B67  call base=L9 argc=3 nres=1 */
    0x00030941,                /* 0B69  move L3 <- L9 */
    0x00270946,                /* 0B6A  lconst L9 <- static#39   ("error") */
    0x000A0097, 0x00030009,    /* 0B6B  is L10 <- L3 is L9 */
    0x00010A4B,                /* 0B6D  jf L10, +1 */
    0x00030102,                /* 0B6E  return L3 count=1 */
    0x00098141,                /* 0B6F  move L9 <- P1 */
    0x000A0241,                /* 0B70  move L10 <- L2 */
    0x000901A2, 0x000C0001,    /* 0B71  msg base=L9 argc=1 msg#12 nres=1   (free_to) */
    0x00040941,                /* 0B73  move L4 <- L9 */
    0x00270946,                /* 0B74  lconst L9 <- static#39   ("error") */
    0x000A0097, 0x00040009,    /* 0B75  is L10 <- L4 is L9 */
    0x00010A4B,                /* 0B77  jf L10, +1 */
    0x00040102,                /* 0B78  return L4 count=1 */
    0x00098141,                /* 0B79  move L9 <- P1 */
    0x000900A2, 0x000D0001,    /* 0B7A  msg base=L9 argc=0 msg#13 nres=1   (new_label) */
    0x00050941,                /* 0B7C  move L5 <- L9 */
    0x00098141,                /* 0B7D  move L9 <- P1 */
    0x004E0A45,                /* 0B7E  lsym L10 <- sym#78   ("jnerr") */
    0x000B0541,                /* 0B7F  move L11 <- L5 */
    0x000C0141,                /* 0B80  move L12 <- L1 */
    0x000903A2, 0x000E0001,    /* 0B81  msg base=L9 argc=3 msg#14 nres=1   (emit_jump) */
    0x00060941,                /* 0B83  move L6 <- L9 */
    0x00270946,                /* 0B84  lconst L9 <- static#39   ("error") */
    0x000A0097, 0x00060009,    /* 0B85  is L10 <- L6 is L9 */
    0x00010A4B,                /* 0B87  jf L10, +1 */
    0x00060102,                /* 0B88  return L6 count=1 */
    0x00098141,                /* 0B89  move L9 <- P1 */
    0x000A0141,                /* 0B8A  move L10 <- L1 */
    0x000B0140,                /* 0B8B  i8 L11 <- 1 */
    0x000902A2, 0x00120001,    /* 0B8C  msg base=L9 argc=2 msg#18 nres=1   (emit_return) */
    0x00070941,                /* 0B8E  move L7 <- L9 */
    0x00270946,                /* 0B8F  lconst L9 <- static#39   ("error") */
    0x000A0097, 0x00070009,    /* 0B90  is L10 <- L7 is L9 */
    0x00010A4B,                /* 0B92  jf L10, +1 */
    0x00070102,                /* 0B93  return L7 count=1 */
    0x00098141,                /* 0B94  move L9 <- P1 */
    0x000A0541,                /* 0B95  move L10 <- L5 */
    0x000901A2, 0x000F0001,    /* 0B96  msg base=L9 argc=1 msg#15 nres=1   (mark_label) */
    0x00080941,                /* 0B98  move L8 <- L9 */
    0x00270946,                /* 0B99  lconst L9 <- static#39   ("error") */
    0x000A0097, 0x00080009,    /* 0B9A  is L10 <- L8 is L9 */
    0x00010A4B,                /* 0B9C  jf L10, +1 */
    0x00080102,                /* 0B9D  return L8 count=1 */
    0x00010102,                /* 0B9E  return L1 count=1 */
    0x00031242,                /* 0B9F  gget L18 <- g3   (_field) */
    0x00138041,                /* 0BA0  move L19 <- P0 */
    0x00140140,                /* 0BA1  i8 L20 <- 1 */
    0x001202A0, 0x00010000,    /* 0BA2  call base=L18 argc=2 nres=1 */
    0x00001241,                /* 0BA4  move L0 <- L18 */
    0x0001004E,                /* 0BA5  jnerr L0, +1 */
    0x00000003,                /* 0BA6  lnil L0 */
    0x00031242,                /* 0BA7  gget L18 <- g3   (_field) */
    0x00138041,                /* 0BA8  move L19 <- P0 */
    0x00140240,                /* 0BA9  i8 L20 <- 2 */
    0x001202A0, 0x00010000,    /* 0BAA  call base=L18 argc=2 nres=1 */
    0x00011241,                /* 0BAC  move L1 <- L18 */
    0x0001014E,                /* 0BAD  jnerr L1, +1 */
    0x00010003,                /* 0BAE  lnil L1 */
    0x000A1242,                /* 0BAF  gget L18 <- g10   (_target) */
    0x00138141,                /* 0BB0  move L19 <- P1 */
    0x00148241,                /* 0BB1  move L20 <- P2 */
    0x001202A0, 0x00010000,    /* 0BB2  call base=L18 argc=2 nres=1 */
    0x00021241,                /* 0BB4  move L2 <- L18 */
    0x00271246,                /* 0BB5  lconst L18 <- static#39   ("error") */
    0x00130097, 0x00020012,    /* 0BB6  is L19 <- L2 is L18 */
    0x0001134B,                /* 0BB8  jf L19, +1 */
    0x00020102,                /* 0BB9  return L2 count=1 */
    0x00128141,                /* 0BBA  move L18 <- P1 */
    0x001200A2, 0x000B0001,    /* 0BBB  msg base=L18 argc=0 msg#11 nres=1   (mark) */
    0x00031241,                /* 0BBD  move L3 <- L18 */
    0x00421242,                /* 0BBE  gget L18 <- g66   (compile_expr) */
    0x00130041,                /* 0BBF  move L19 <- L0 */
    0x00148141,                /* 0BC0  move L20 <- P1 */
    0x00150241,                /* 0BC1  move L21 <- L2 */
    0x001203A0, 0x00010000,    /* 0BC2  call base=L18 argc=3 nres=1 */
    0x00041241,                /* 0BC4  move L4 <- L18 */
    0x00271246,                /* 0BC5  lconst L18 <- static#39   ("error") */
    0x00130097, 0x00040012,    /* 0BC6  is L19 <- L4 is L18 */
    0x0001134B,                /* 0BC8  jf L19, +1 */
    0x00040102,                /* 0BC9  return L4 count=1 */
    0x00128141,                /* 0BCA  move L18 <- P1 */
    0x00130341,                /* 0BCB  move L19 <- L3 */
    0x001201A2, 0x000C0001,    /* 0BCC  msg base=L18 argc=1 msg#12 nres=1   (free_to) */
    0x00051241,                /* 0BCE  move L5 <- L18 */
    0x00271246,                /* 0BCF  lconst L18 <- static#39   ("error") */
    0x00130097, 0x00050012,    /* 0BD0  is L19 <- L5 is L18 */
    0x0001134B,                /* 0BD2  jf L19, +1 */
    0x00050102,                /* 0BD3  return L5 count=1 */
    0x00128141,                /* 0BD4  move L18 <- P1 */
    0x001200A2, 0x000D0001,    /* 0BD5  msg base=L18 argc=0 msg#13 nres=1   (new_label) */
    0x00061241,                /* 0BD7  move L6 <- L18 */
    0x00128141,                /* 0BD8  move L18 <- P1 */
    0x004E1345,                /* 0BD9  lsym L19 <- sym#78   ("jnerr") */
    0x00140641,                /* 0BDA  move L20 <- L6 */
    0x00150241,                /* 0BDB  move L21 <- L2 */
    0x001203A2, 0x000E0001,    /* 0BDC  msg base=L18 argc=3 msg#14 nres=1   (emit_jump) */
    0x00071241,                /* 0BDE  move L7 <- L18 */
    0x00271246,                /* 0BDF  lconst L18 <- static#39   ("error") */
    0x00130097, 0x00070012,    /* 0BE0  is L19 <- L7 is L18 */
    0x0001134B,                /* 0BE2  jf L19, +1 */
    0x00070102,                /* 0BE3  return L7 count=1 */
    0x00511242,                /* 0BE4  gget L18 <- g81   (node_kind) */
    0x00130141,                /* 0BE5  move L19 <- L1 */
    0x001201A0, 0x00010000,    /* 0BE6  call base=L18 argc=1 nres=1 */
    0x00501345,                /* 0BE8  lsym L19 <- sym#80   ("return") */
    0x0014008F, 0x00120013,    /* 0BE9  eq L20 <- L18 == L19 */
    0x004E144B,                /* 0BEB  jf L20, +78 */
    0x00031242,                /* 0BEC  gget L18 <- g3   (_field) */
    0x00130141,                /* 0BED  move L19 <- L1 */
    0x00140140,                /* 0BEE  i8 L20 <- 1 */
    0x001202A0, 0x00010000,    /* 0BEF  call base=L18 argc=2 nres=1 */
    0x00091241,                /* 0BF1  move L9 <- L18 */
    0x0001094E,                /* 0BF2  jnerr L9, +1 */
    0x00090003,                /* 0BF3  lnil L9 */
    0x000A0005,                /* 0BF4  lunset L10 */
    0x001B1246,                /* 0BF5  lconst L18 <- static#27   ("nil") */
    0x00130097, 0x00090012,    /* 0BF6  is L19 <- L9 is L18 */
    0x001E134B,                /* 0BF8  jf L19, +30 */
    0x00128141,                /* 0BF9  move L18 <- P1 */
    0x001200A2, 0x00030001,    /* 0BFA  msg base=L18 argc=0 msg#3 nres=1   (push) */
    0x000D1241,                /* 0BFC  move L13 <- L18 */
    0x00271246,                /* 0BFD  lconst L18 <- static#39   ("error") */
    0x00130097, 0x000D0012,    /* 0BFE  is L19 <- L13 is L18 */
    0x0001134B,                /* 0C00  jf L19, +1 */
    0x000D0102,                /* 0C01  return L13 count=1 */
    0x00071242,                /* 0C02  gget L18 <- g7   (_emit_pack) */
    0x00158141,                /* 0C03  move L21 <- P1 */
    0x002D1645,                /* 0C04  lsym L22 <- sym#45   ("lnil") */
    0x00170281, 0x00150000,    /* 0C05  tuple L23 <- L21, 2 items */
    0x00131741,                /* 0C07  move L19 <- L23 */
    0x002E1546,                /* 0C08  lconst L21 <- static#46   ("a0") */
    0x00160D41,                /* 0C09  move L22 <- L13 */
    0x00170183, 0x00150000,    /* 0C0A  dict L23 <- L21, 1 pairs */
    0x00141741,                /* 0C0C  move L20 <- L23 */
    0x001200A1, 0x00010000,    /* 0C0D  call_va base=L18 nres=1 */
    0x000E1241,                /* 0C0F  move L14 <- L18 */
    0x00271246,                /* 0C10  lconst L18 <- static#39   ("error") */
    0x00130097, 0x000E0012,    /* 0C11  is L19 <- L14 is L18 */
    0x0001134B,                /* 0C13  jf L19, +1 */
    0x000E0102,                /* 0C14  return L14 count=1 */
    0x000A0D41,                /* 0C15  move L10 <- L13 */
    0x000D004F,                /* 0C16  jmp +13 */
    0x00421242,                /* 0C17  gget L18 <- g66   (compile_expr) */
    0x00130941,                /* 0C18  move L19 <- L9 */
    0x00148141,                /* 0C19  move L20 <- P1 */
    0x00150003,                /* 0C1A  lnil L21 */
    0x001203A0, 0x00010000,    /* 0C1B  call base=L18 argc=3 nres=1 */
    0x000F1241,                /* 0C1D  move L15 <- L18 */
    0x00271246,                /* 0C1E  lconst L18 <- static#39   ("error") */
    0x00130097, 0x000F0012,    /* 0C1F  is L19 <- L15 is L18 */
    0x0001134B,                /* 0C21  jf L19, +1 */
    0x000F0102,                /* 0C22  return L15 count=1 */
    0x000A0F41,                /* 0C23  move L10 <- L15 */
    0x00128141,                /* 0C24  move L18 <- P1 */
    0x00130A41,                /* 0C25  move L19 <- L10 */
    0x00140140,                /* 0C26  i8 L20 <- 1 */
    0x001202A2, 0x00120001,    /* 0C27  msg base=L18 argc=2 msg#18 nres=1   (emit_return) */
    0x000B1241,                /* 0C29  move L11 <- L18 */
    0x00271246,                /* 0C2A  lconst L18 <- static#39   ("error") */
    0x00130097, 0x000B0012,    /* 0C2B  is L19 <- L11 is L18 */
    0x0001134B,                /* 0C2D  jf L19, +1 */
    0x000B0102,                /* 0C2E  return L11 count=1 */
    0x00128141,                /* 0C2F  move L18 <- P1 */
    0x00130341,                /* 0C30  move L19 <- L3 */
    0x001201A2, 0x000C0001,    /* 0C31  msg base=L18 argc=1 msg#12 nres=1   (free_to) */
    0x000C1241,                /* 0C33  move L12 <- L18 */
    0x00271246,                /* 0C34  lconst L18 <- static#39   ("error") */
    0x00130097, 0x000C0012,    /* 0C35  is L19 <- L12 is L18 */
    0x0001134B,                /* 0C37  jf L19, +1 */
    0x000C0102,                /* 0C38  return L12 count=1 */
    0x0016004F,                /* 0C39  jmp +22 */
    0x00421242,                /* 0C3A  gget L18 <- g66   (compile_expr) */
    0x00130141,                /* 0C3B  move L19 <- L1 */
    0x00148141,                /* 0C3C  move L20 <- P1 */
    0x00150241,                /* 0C3D  move L21 <- L2 */
    0x001203A0, 0x00010000,    /* 0C3E  call base=L18 argc=3 nres=1 */
    0x00101241,                /* 0C40  move L16 <- L18 */
    0x00271246,                /* 0C41  lconst L18 <- static#39   ("error") */
    0x00130097, 0x00100012,    /* 0C42  is L19 <- L16 is L18 */
    0x0001134B,                /* 0C44  jf L19, +1 */
    0x00100102,                /* 0C45  return L16 count=1 */
    0x00128141,                /* 0C46  move L18 <- P1 */
    0x00130341,                /* 0C47  move L19 <- L3 */
    0x001201A2, 0x000C0001,    /* 0C48  msg base=L18 argc=1 msg#12 nres=1   (free_to) */
    0x00111241,                /* 0C4A  move L17 <- L18 */
    0x00271246,                /* 0C4B  lconst L18 <- static#39   ("error") */
    0x00130097, 0x00110012,    /* 0C4C  is L19 <- L17 is L18 */
    0x0001134B,                /* 0C4E  jf L19, +1 */
    0x00110102,                /* 0C4F  return L17 count=1 */
    0x00128141,                /* 0C50  move L18 <- P1 */
    0x00130641,                /* 0C51  move L19 <- L6 */
    0x001201A2, 0x000F0001,    /* 0C52  msg base=L18 argc=1 msg#15 nres=1   (mark_label) */
    0x00081241,                /* 0C54  move L8 <- L18 */
    0x00271246,                /* 0C55  lconst L18 <- static#39   ("error") */
    0x00130097, 0x00080012,    /* 0C56  is L19 <- L8 is L18 */
    0x0001134B,                /* 0C58  jf L19, +1 */
    0x00080102,                /* 0C59  return L8 count=1 */
    0x00020102,                /* 0C5A  return L2 count=1 */
    0x00030142,                /* 0C5B  gget L1 <- g3   (_field) */
    0x00028041,                /* 0C5C  move L2 <- P0 */
    0x00030240,                /* 0C5D  i8 L3 <- 2 */
    0x000102A0, 0x00010000,    /* 0C5E  call base=L1 argc=2 nres=1 */
    0x00000141,                /* 0C60  move L0 <- L1 */
    0x0001004E,                /* 0C61  jnerr L0, +1 */
    0x00000003,                /* 0C62  lnil L0 */
    0x00018141,                /* 0C63  move L1 <- P1 */
    0x00500242,                /* 0C64  gget L2 <- g80   (str) */
    0x00030041,                /* 0C65  move L3 <- L0 */
    0x000201A0, 0x00010000,    /* 0C66  call base=L2 argc=1 nres=1 */
    0x00030182, 0x00020000,    /* 0C68  list L3 <- L2, 1 items */
    0x00020341,                /* 0C6A  move L2 <- L3 */
    0x000101A2, 0x00130001,    /* 0C6B  msg base=L1 argc=1 msg#19 nres=1   (reference) */
    0x00010102,                /* 0C6D  return L1 count=1 */
    0x00031542,                /* 0C6E  gget L21 <- g3   (_field) */
    0x00168041,                /* 0C6F  move L22 <- P0 */
    0x00170340,                /* 0C70  i8 L23 <- 3 */
    0x001502A0, 0x00010000,    /* 0C71  call base=L21 argc=2 nres=1 */
    0x00001541,                /* 0C73  move L0 <- L21 */
    0x0001004E,                /* 0C74  jnerr L0, +1 */
    0x00000003,                /* 0C75  lnil L0 */
    0x001B1546,                /* 0C76  lconst L21 <- static#27   ("nil") */
    0x00160097, 0x00000015,    /* 0C77  is L22 <- L0 is L21 */
    0x0002164B,                /* 0C79  jf L22, +2 */
    0x00000082, 0x00150000,    /* 0C7A  list L0 <- L21, 0 items */
    0x001B1646,                /* 0C7C  lconst L22 <- static#27   ("nil") */
    0x00150097, 0x80030016,    /* 0C7D  is L21 <- P3 is L22 */
    0x0005154B,                /* 0C7F  jf L21, +5 */
    0x00201642,                /* 0C80  gget L22 <- g32   (has_spread_or_keyword) */
    0x00170041,                /* 0C81  move L23 <- L0 */
    0x001601A0, 0x00010000,    /* 0C82  call base=L22 argc=1 nres=1 */
    0x00151641,                /* 0C84  move L21 <- L22 */
    0x001E154B,                /* 0C85  jf L21, +30 */
    0x00331542,                /* 0C86  gget L21 <- g51   (message_index) */
    0x00168041,                /* 0C87  move L22 <- P0 */
    0x00178141,                /* 0C88  move L23 <- P1 */
    0x001502A0, 0x00010000,    /* 0C89  call base=L21 argc=2 nres=1 */
    0x00081541,                /* 0C8B  move L8 <- L21 */
    0x00271546,                /* 0C8C  lconst L21 <- static#39   ("error") */
    0x00160097, 0x00080015,    /* 0C8D  is L22 <- L8 is L21 */
    0x0001164B,                /* 0C8F  jf L22, +1 */
    0x00080102,                /* 0C90  return L8 count=1 */
    0x00031542,                /* 0C91  gget L21 <- g3   (_field) */
    0x00168041,                /* 0C92  move L22 <- P0 */
    0x00170140,                /* 0C93  i8 L23 <- 1 */
    0x001502A0, 0x00010000,    /* 0C94  call base=L21 argc=2 nres=1 */
    0x00091541,                /* 0C96  move L9 <- L21 */
    0x0001094E,                /* 0C97  jnerr L9, +1 */
    0x00090003,                /* 0C98  lnil L9 */
    0x003F1542,                /* 0C99  gget L21 <- g63   (compile_va) */
    0x00168141,                /* 0C9A  move L22 <- P1 */
    0x00178241,                /* 0C9B  move L23 <- P2 */
    0x00521845,                /* 0C9C  lsym L24 <- sym#82   ("msg_va") */
    0x00190003,                /* 0C9D  lnil L25 */
    0x001A0041,                /* 0C9E  move L26 <- L0 */
    0x001B0841,                /* 0C9F  move L27 <- L8 */
    0x001C0941,                /* 0CA0  move L28 <- L9 */
    0x001507A0, 0x00010000,    /* 0CA1  call base=L21 argc=7 nres=1 */
    0x00150102,                /* 0CA3  return L21 count=1 */
    0x00521542,                /* 0CA4  gget L21 <- g82   (len) */
    0x00160041,                /* 0CA5  move L22 <- L0 */
    0x001501A0, 0x00010000,    /* 0CA6  call base=L21 argc=1 nres=1 */
    0x00011541,                /* 0CA8  move L1 <- L21 */
    0x001500C0, 0x00000080,    /* 0CA9  i32 L21 <- 128 */
    0x00160093, 0x00010015,    /* 0CAB  gt L22 <- L1 > L21 */
    0x000C164B,                /* 0CAD  jf L22, +12 */
    0x004A1542,                /* 0CAE  gget L21 <- g74   (error) */
    0x00501642,                /* 0CAF  gget L22 <- g80   (str) */
    0x00170141,                /* 0CB0  move L23 <- L1 */
    0x001601A0, 0x00010000,    /* 0CB1  call base=L22 argc=1 nres=1 */
    0x00411746,                /* 0CB3  lconst L23 <- static#65   (" arguments, over the 128-parameter call limit") */
    0x00180085, 0x00160017,    /* 0CB4  add L24 <- L22 + L23 */
    0x00161841,                /* 0CB6  move L22 <- L24 */
    0x001501A0, 0x00010000,    /* 0CB7  call base=L21 argc=1 nres=1 */
    0x00150102,                /* 0CB9  return L21 count=1 */
    0x00331542,                /* 0CBA  gget L21 <- g51   (message_index) */
    0x00168041,                /* 0CBB  move L22 <- P0 */
    0x00178141,                /* 0CBC  move L23 <- P1 */
    0x001502A0, 0x00010000,    /* 0CBD  call base=L21 argc=2 nres=1 */
    0x00021541,                /* 0CBF  move L2 <- L21 */
    0x00271546,                /* 0CC0  lconst L21 <- static#39   ("error") */
    0x00160097, 0x00020015,    /* 0CC1  is L22 <- L2 is L21 */
    0x0001164B,                /* 0CC3  jf L22, +1 */
    0x00020102,                /* 0CC4  return L2 count=1 */
    0x00158141,                /* 0CC5  move L21 <- P1 */
    0x001500A2, 0x000B0001,    /* 0CC6  msg base=L21 argc=0 msg#11 nres=1   (mark) */
    0x00031541,                /* 0CC8  move L3 <- L21 */
    0x00158141,                /* 0CC9  move L21 <- P1 */
    0x001500A2, 0x00030001,    /* 0CCA  msg base=L21 argc=0 msg#3 nres=1   (push) */
    0x00041541,                /* 0CCC  move L4 <- L21 */
    0x00271546,                /* 0CCD  lconst L21 <- static#39   ("error") */
    0x00160097, 0x00040015,    /* 0CCE  is L22 <- L4 is L21 */
    0x0001164B,                /* 0CD0  jf L22, +1 */
    0x00040102,                /* 0CD1  return L4 count=1 */
    0x001B1546,                /* 0CD2  lconst L21 <- static#27   ("nil") */
    0x00160097, 0x80030015,    /* 0CD3  is L22 <- P3 is L21 */
    0x0022164B,                /* 0CD5  jf L22, +34 */
    0x00031542,                /* 0CD6  gget L21 <- g3   (_field) */
    0x00168041,                /* 0CD7  move L22 <- P0 */
    0x00170140,                /* 0CD8  i8 L23 <- 1 */
    0x001502A0, 0x00010000,    /* 0CD9  call base=L21 argc=2 nres=1 */
    0x000A1541,                /* 0CDB  move L10 <- L21 */
    0x00010A4E,                /* 0CDC  jnerr L10, +1 */
    0x000A0003,                /* 0CDD  lnil L10 */
    0x00421542,                /* 0CDE  gget L21 <- g66   (compile_expr) */
    0x00160A41,                /* 0CDF  move L22 <- L10 */
    0x00178141,                /* 0CE0  move L23 <- P1 */
    0x00180441,                /* 0CE1  move L24 <- L4 */
    0x001503A0, 0x00010000,    /* 0CE2  call base=L21 argc=3 nres=1 */
    0x000B1541,                /* 0CE4  move L11 <- L21 */
    0x00271546,                /* 0CE5  lconst L21 <- static#39   ("error") */
    0x00160097, 0x000B0015,    /* 0CE6  is L22 <- L11 is L21 */
    0x0001164B,                /* 0CE8  jf L22, +1 */
    0x000B0102,                /* 0CE9  return L11 count=1 */
    0x00158141,                /* 0CEA  move L21 <- P1 */
    0x00160140,                /* 0CEB  i8 L22 <- 1 */
    0x00170085, 0x00040016,    /* 0CEC  add L23 <- L4 + L22 */
    0x00161741,                /* 0CEE  move L22 <- L23 */
    0x001501A2, 0x000C0001,    /* 0CEF  msg base=L21 argc=1 msg#12 nres=1   (free_to) */
    0x000C1541,                /* 0CF1  move L12 <- L21 */
    0x00271546,                /* 0CF2  lconst L21 <- static#39   ("error") */
    0x00160097, 0x000C0015,    /* 0CF3  is L22 <- L12 is L21 */
    0x0001164B,                /* 0CF5  jf L22, +1 */
    0x000C0102,                /* 0CF6  return L12 count=1 */
    0x003B004F,                /* 0CF7  jmp +59 */
    0x00158141,                /* 0CF8  move L21 <- P1 */
    0x001500A2, 0x000B0001,    /* 0CF9  msg base=L21 argc=0 msg#11 nres=1   (mark) */
    0x000D1541,                /* 0CFB  move L13 <- L21 */
    0x001500AE, 0x80030000,    /* 0CFC  iter L21 <- P3 */
    0x001000AF, 0x0015000C,    /* 0CFE  itnext L16 <- L21, done +12 */
    0x001F1642,                /* 0D00  gget L22 <- g31   (compile_into_window) */
    0x00171041,                /* 0D01  move L23 <- L16 */
    0x00188141,                /* 0D02  move L24 <- P1 */
    0x001602A0, 0x00010000,    /* 0D03  call base=L22 argc=2 nres=1 */
    0x00111641,                /* 0D05  move L17 <- L22 */
    0x00271646,                /* 0D06  lconst L22 <- static#39   ("error") */
    0x00170097, 0x00110016,    /* 0D07  is L23 <- L17 is L22 */
    0x0001174B,                /* 0D09  jf L23, +1 */
    0x00110102,                /* 0D0A  return L17 count=1 */
    0xFFF2004F,                /* 0D0B  jmp -14 */
    0x00071542,                /* 0D0C  gget L21 <- g7   (_emit_pack) */
    0x00188141,                /* 0D0D  move L24 <- P1 */
    0x00321945,                /* 0D0E  lsym L25 <- sym#50   ("tuple") */
    0x001A0281, 0x00180000,    /* 0D0F  tuple L26 <- L24, 2 items */
    0x00161A41,                /* 0D11  move L22 <- L26 */
    0x002E1846,                /* 0D12  lconst L24 <- static#46   ("a0") */
    0x00190441,                /* 0D13  move L25 <- L4 */
    0x002F1A46,                /* 0D14  lconst L26 <- static#47   ("a1") */
    0x00541B42,                /* 0D15  gget L27 <- g84   (L) */
    0x001C0D41,                /* 0D16  move L28 <- L13 */
    0x001B01A0, 0x00010000,    /* 0D17  call base=L27 argc=1 nres=1 */
    0x002D1C46,                /* 0D19  lconst L28 <- static#45   ("f") */
    0x00521D42,                /* 0D1A  gget L29 <- g82   (len) */
    0x001E8341,                /* 0D1B  move L30 <- P3 */
    0x001D01A0, 0x00010000,    /* 0D1C  call base=L29 argc=1 nres=1 */
    0x001E0383, 0x00180000,    /* 0D1E  dict L30 <- L24, 3 pairs */
    0x00171E41,                /* 0D20  move L23 <- L30 */
    0x001500A1, 0x00010000,    /* 0D21  call_va base=L21 nres=1 */
    0x000E1541,                /* 0D23  move L14 <- L21 */
    0x00271546,                /* 0D24  lconst L21 <- static#39   ("error") */
    0x00160097, 0x000E0015,    /* 0D25  is L22 <- L14 is L21 */
    0x0001164B,                /* 0D27  jf L22, +1 */
    0x000E0102,                /* 0D28  return L14 count=1 */
    0x00158141,                /* 0D29  move L21 <- P1 */
    0x00160D41,                /* 0D2A  move L22 <- L13 */
    0x001501A2, 0x000C0001,    /* 0D2B  msg base=L21 argc=1 msg#12 nres=1   (free_to) */
    0x000F1541,                /* 0D2D  move L15 <- L21 */
    0x00271546,                /* 0D2E  lconst L21 <- static#39   ("error") */
    0x00160097, 0x000F0015,    /* 0D2F  is L22 <- L15 is L21 */
    0x0001164B,                /* 0D31  jf L22, +1 */
    0x000F0102,                /* 0D32  return L15 count=1 */
    0x001500AE, 0x00000000,    /* 0D33  iter L21 <- L0 */
    0x001200AF, 0x0015000C,    /* 0D35  itnext L18 <- L21, done +12 */
    0x001F1642,                /* 0D37  gget L22 <- g31   (compile_into_window) */
    0x00171241,                /* 0D38  move L23 <- L18 */
    0x00188141,                /* 0D39  move L24 <- P1 */
    0x001602A0, 0x00010000,    /* 0D3A  call base=L22 argc=2 nres=1 */
    0x00131641,                /* 0D3C  move L19 <- L22 */
    0x00271646,                /* 0D3D  lconst L22 <- static#39   ("error") */
    0x00170097, 0x00130016,    /* 0D3E  is L23 <- L19 is L22 */
    0x0001174B,                /* 0D40  jf L23, +1 */
    0x00130102,                /* 0D41  return L19 count=1 */
    0xFFF2004F,                /* 0D42  jmp -14 */
    0x00071542,                /* 0D43  gget L21 <- g7   (_emit_pack) */
    0x00188141,                /* 0D44  move L24 <- P1 */
    0x00531945,                /* 0D45  lsym L25 <- sym#83   ("msg") */
    0x001A0281, 0x00180000,    /* 0D46  tuple L26 <- L24, 2 items */
    0x00161A41,                /* 0D48  move L22 <- L26 */
    0x002E1846,                /* 0D49  lconst L24 <- static#46   ("a0") */
    0x00190441,                /* 0D4A  move L25 <- L4 */
    0x002D1A46,                /* 0D4B  lconst L26 <- static#45   ("f") */
    0x001B0141,                /* 0D4C  move L27 <- L1 */
    0x002F1C46,                /* 0D4D  lconst L28 <- static#47   ("a1") */
    0x001D0241,                /* 0D4E  move L29 <- L2 */
    0x00301E46,                /* 0D4F  lconst L30 <- static#48   ("a2") */
    0x001F8241,                /* 0D50  move L31 <- P2 */
    0x00200483, 0x00180000,    /* 0D51  dict L32 <- L24, 4 pairs */
    0x00172041,                /* 0D53  move L23 <- L32 */
    0x001500A1, 0x00010000,    /* 0D54  call_va base=L21 nres=1 */
    0x00051541,                /* 0D56  move L5 <- L21 */
    0x00271546,                /* 0D57  lconst L21 <- static#39   ("error") */
    0x00160097, 0x00050015,    /* 0D58  is L22 <- L5 is L21 */
    0x0001164B,                /* 0D5A  jf L22, +1 */
    0x00050102,                /* 0D5B  return L5 count=1 */
    0x00041542,                /* 0D5C  gget L21 <- g4   (_max2) */
    0x00168241,                /* 0D5D  move L22 <- P2 */
    0x00170140,                /* 0D5E  i8 L23 <- 1 */
    0x001502A0, 0x00010000,    /* 0D5F  call base=L21 argc=2 nres=1 */
    0x00060085, 0x00030015,    /* 0D61  add L6 <- L3 + L21 */
    0x00158141,                /* 0D63  move L21 <- P1 */
    0x001500A2, 0x000B0001,    /* 0D64  msg base=L21 argc=0 msg#11 nres=1   (mark) */
    0x00160091, 0x00150006,    /* 0D66  lt L22 <- L21 < L6 */
    0x000A164B,                /* 0D68  jf L22, +10 */
    0x00158141,                /* 0D69  move L21 <- P1 */
    0x001500A2, 0x00030001,    /* 0D6A  msg base=L21 argc=0 msg#3 nres=1   (push) */
    0x00141541,                /* 0D6C  move L20 <- L21 */
    0x00271546,                /* 0D6D  lconst L21 <- static#39   ("error") */
    0x00160097, 0x00140015,    /* 0D6E  is L22 <- L20 is L21 */
    0x0001164B,                /* 0D70  jf L22, +1 */
    0x00140102,                /* 0D71  return L20 count=1 */
    0xFFF0004F,                /* 0D72  jmp -16 */
    0x00158141,                /* 0D73  move L21 <- P1 */
    0x00160641,                /* 0D74  move L22 <- L6 */
    0x001501A2, 0x000C0001,    /* 0D75  msg base=L21 argc=1 msg#12 nres=1   (free_to) */
    0x00071541,                /* 0D77  move L7 <- L21 */
    0x00271546,                /* 0D78  lconst L21 <- static#39   ("error") */
    0x00160097, 0x00070015,    /* 0D79  is L22 <- L7 is L21 */
    0x0001164B,                /* 0D7B  jf L22, +1 */
    0x00070102,                /* 0D7C  return L7 count=1 */
    0x00040102,                /* 0D7D  return L4 count=1 */
    0x00030B42,                /* 0D7E  gget L11 <- g3   (_field) */
    0x000C8041,                /* 0D7F  move L12 <- P0 */
    0x000D0340,                /* 0D80  i8 L13 <- 3 */
    0x000B02A0, 0x00010000,    /* 0D81  call base=L11 argc=2 nres=1 */
    0x00000B41,                /* 0D83  move L0 <- L11 */
    0x0001004E,                /* 0D84  jnerr L0, +1 */
    0x00000003,                /* 0D85  lnil L0 */
    0x00030B42,                /* 0D86  gget L11 <- g3   (_field) */
    0x000C8041,                /* 0D87  move L12 <- P0 */
    0x000D0140,                /* 0D88  i8 L13 <- 1 */
    0x000B02A0, 0x00010000,    /* 0D89  call base=L11 argc=2 nres=1 */
    0x00010B41,                /* 0D8B  move L1 <- L11 */
    0x0001014E,                /* 0D8C  jnerr L1, +1 */
    0x00010003,                /* 0D8D  lnil L1 */
    0x00030C42,                /* 0D8E  gget L12 <- g3   (_field) */
    0x000D8041,                /* 0D8F  move L13 <- P0 */
    0x000E0440,                /* 0D90  i8 L14 <- 4 */
    0x000C02A0, 0x00010000,    /* 0D91  call base=L12 argc=2 nres=1 */
    0x000B0C41,                /* 0D93  move L11 <- L12 */
    0x00010B4E,                /* 0D94  jnerr L11, +1 */
    0x000B0003,                /* 0D95  lnil L11 */
    0x00540C45,                /* 0D96  lsym L12 <- sym#84   ("bound") */
    0x000D008F, 0x000B000C,    /* 0D97  eq L13 <- L11 == L12 */
    0x003A0D4B,                /* 0D99  jf L13, +58 */
    0x00420B42,                /* 0D9A  gget L11 <- g66   (compile_expr) */
    0x000C0141,                /* 0D9B  move L12 <- L1 */
    0x000D8141,                /* 0D9C  move L13 <- P1 */
    0x000E0003,                /* 0D9D  lnil L14 */
    0x000B03A0, 0x00010000,    /* 0D9E  call base=L11 argc=3 nres=1 */
    0x00030B41,                /* 0DA0  move L3 <- L11 */
    0x00270B46,                /* 0DA1  lconst L11 <- static#39   ("error") */
    0x000C0097, 0x0003000B,    /* 0DA2  is L12 <- L3 is L11 */
    0x00010C4B,                /* 0DA4  jf L12, +1 */
    0x00030102,                /* 0DA5  return L3 count=1 */
    0x00330B42,                /* 0DA6  gget L11 <- g51   (message_index) */
    0x000C8041,                /* 0DA7  move L12 <- P0 */
    0x000D8141,                /* 0DA8  move L13 <- P1 */
    0x000B02A0, 0x00010000,    /* 0DA9  call base=L11 argc=2 nres=1 */
    0x00040B41,                /* 0DAB  move L4 <- L11 */
    0x00270B46,                /* 0DAC  lconst L11 <- static#39   ("error") */
    0x000C0097, 0x0004000B,    /* 0DAD  is L12 <- L4 is L11 */
    0x00010C4B,                /* 0DAF  jf L12, +1 */
    0x00040102,                /* 0DB0  return L4 count=1 */
    0x000A0B42,                /* 0DB1  gget L11 <- g10   (_target) */
    0x000C8141,                /* 0DB2  move L12 <- P1 */
    0x000D8241,                /* 0DB3  move L13 <- P2 */
    0x000B02A0, 0x00010000,    /* 0DB4  call base=L11 argc=2 nres=1 */
    0x00050B41,                /* 0DB6  move L5 <- L11 */
    0x00270B46,                /* 0DB7  lconst L11 <- static#39   ("error") */
    0x000C0097, 0x0005000B,    /* 0DB8  is L12 <- L5 is L11 */
    0x00010C4B,                /* 0DBA  jf L12, +1 */
    0x00050102,                /* 0DBB  return L5 count=1 */
    0x00070B42,                /* 0DBC  gget L11 <- g7   (_emit_pack) */
    0x000E8141,                /* 0DBD  move L14 <- P1 */
    0x00550F45,                /* 0DBE  lsym L15 <- sym#85   ("getmsg") */
    0x00100281, 0x000E0000,    /* 0DBF  tuple L16 <- L14, 2 items */
    0x000C1041,                /* 0DC1  move L12 <- L16 */
    0x002E0E46,                /* 0DC2  lconst L14 <- static#46   ("a0") */
    0x000F0541,                /* 0DC3  move L15 <- L5 */
    0x002F1046,                /* 0DC4  lconst L16 <- static#47   ("a1") */
    0x00110341,                /* 0DC5  move L17 <- L3 */
    0x00301246,                /* 0DC6  lconst L18 <- static#48   ("a2") */
    0x00130441,                /* 0DC7  move L19 <- L4 */
    0x00140383, 0x000E0000,    /* 0DC8  dict L20 <- L14, 3 pairs */
    0x000D1441,                /* 0DCA  move L13 <- L20 */
    0x000B00A1, 0x00010000,    /* 0DCB  call_va base=L11 nres=1 */
    0x00060B41,                /* 0DCD  move L6 <- L11 */
    0x00270B46,                /* 0DCE  lconst L11 <- static#39   ("error") */
    0x000C0097, 0x0006000B,    /* 0DCF  is L12 <- L6 is L11 */
    0x00010C4B,                /* 0DD1  jf L12, +1 */
    0x00060102,                /* 0DD2  return L6 count=1 */
    0x00050102,                /* 0DD3  return L5 count=1 */
    0x00510B42,                /* 0DD4  gget L11 <- g81   (node_kind) */
    0x000C0141,                /* 0DD5  move L12 <- L1 */
    0x000B01A0, 0x00010000,    /* 0DD6  call base=L11 argc=1 nres=1 */
    0x00320C45,                /* 0DD8  lsym L12 <- sym#50   ("tuple") */
    0x000D008F, 0x000B000C,    /* 0DD9  eq L13 <- L11 == L12 */
    0x00270D4B,                /* 0DDB  jf L13, +39 */
    0x00020B42,                /* 0DDC  gget L11 <- g2   (_tail) */
    0x000C0141,                /* 0DDD  move L12 <- L1 */
    0x000D0140,                /* 0DDE  i8 L13 <- 1 */
    0x000B02A0, 0x00010000,    /* 0DDF  call base=L11 argc=2 nres=1 */
    0x00070B41,                /* 0DE1  move L7 <- L11 */
    0x0001074E,                /* 0DE2  jnerr L7, +1 */
    0x00070003,                /* 0DE3  lnil L7 */
    0x00080082, 0x000B0000,    /* 0DE4  list L8 <- L11, 0 items */
    0x000B00AE, 0x00070000,    /* 0DE6  iter L11 <- L7 */
    0x000A00AF, 0x000B0005,    /* 0DE8  itnext L10 <- L11, done +5 */
    0x000C0841,                /* 0DEA  move L12 <- L8 */
    0x000D0A41,                /* 0DEB  move L13 <- L10 */
    0x000C01A2, 0x00100001,    /* 0DEC  msg base=L12 argc=1 msg#16 nres=1   (append) */
    0xFFF9004F,                /* 0DEE  jmp -7 */
    0x00340B42,                /* 0DEF  gget L11 <- g52   (compile_message) */
    0x000C8041,                /* 0DF0  move L12 <- P0 */
    0x000D8141,                /* 0DF1  move L13 <- P1 */
    0x000E0140,                /* 0DF2  i8 L14 <- 1 */
    0x000F0841,                /* 0DF3  move L15 <- L8 */
    0x000B04A0, 0x00010000,    /* 0DF4  call base=L11 argc=4 nres=1 */
    0x00090B41,                /* 0DF6  move L9 <- L11 */
    0x00270B46,                /* 0DF7  lconst L11 <- static#39   ("error") */
    0x000C0097, 0x0009000B,    /* 0DF8  is L12 <- L9 is L11 */
    0x00010C4B,                /* 0DFA  jf L12, +1 */
    0x00090102,                /* 0DFB  return L9 count=1 */
    0x00090B42,                /* 0DFC  gget L11 <- g9   (_land) */
    0x000C8141,                /* 0DFD  move L12 <- P1 */
    0x000D8241,                /* 0DFE  move L13 <- P2 */
    0x000E0941,                /* 0DFF  move L14 <- L9 */
    0x000B03A0, 0x00010000,    /* 0E00  call base=L11 argc=3 nres=1 */
    0x000B0102,                /* 0E02  return L11 count=1 */
    0x00340B42,                /* 0E03  gget L11 <- g52   (compile_message) */
    0x000C8041,                /* 0E04  move L12 <- P0 */
    0x000D8141,                /* 0E05  move L13 <- P1 */
    0x000E0140,                /* 0E06  i8 L14 <- 1 */
    0x000F0003,                /* 0E07  lnil L15 */
    0x000B04A0, 0x00010000,    /* 0E08  call base=L11 argc=4 nres=1 */
    0x00020B41,                /* 0E0A  move L2 <- L11 */
    0x00270B46,                /* 0E0B  lconst L11 <- static#39   ("error") */
    0x000C0097, 0x0002000B,    /* 0E0C  is L12 <- L2 is L11 */
    0x00010C4B,                /* 0E0E  jf L12, +1 */
    0x00020102,                /* 0E0F  return L2 count=1 */
    0x00090B42,                /* 0E10  gget L11 <- g9   (_land) */
    0x000C8141,                /* 0E11  move L12 <- P1 */
    0x000D8241,                /* 0E12  move L13 <- P2 */
    0x000E0241,                /* 0E13  move L14 <- L2 */
    0x000B03A0, 0x00010000,    /* 0E14  call base=L11 argc=3 nres=1 */
    0x000B0102,                /* 0E16  return L11 count=1 */
    0x00000082, 0x000E0000,    /* 0E17  list L0 <- L14, 0 items */
    0x00020E42,                /* 0E19  gget L14 <- g2   (_tail) */
    0x000F8041,                /* 0E1A  move L15 <- P0 */
    0x00100140,                /* 0E1B  i8 L16 <- 1 */
    0x000E02A0, 0x00010000,    /* 0E1C  call base=L14 argc=2 nres=1 */
    0x00010E41,                /* 0E1E  move L1 <- L14 */
    0x0001014E,                /* 0E1F  jnerr L1, +1 */
    0x00010003,                /* 0E20  lnil L1 */
    0x00260E46,                /* 0E21  lconst L14 <- static#38   ("pair") */
    0x000F0097, 0x0001000E,    /* 0E22  is L15 <- L1 is L14 */
    0x00100F4B,                /* 0E24  jf L15, +16 */
    0x000E0041,                /* 0E25  move L14 <- L0 */
    0x00500F42,                /* 0E26  gget L15 <- g80   (str) */
    0x004C1042,                /* 0E27  gget L16 <- g76   (car) */
    0x00110141,                /* 0E28  move L17 <- L1 */
    0x001001A0, 0x00010000,    /* 0E29  call base=L16 argc=1 nres=1 */
    0x000F01A0, 0x00010000,    /* 0E2B  call base=L15 argc=1 nres=1 */
    0x000E01A2, 0x00100001,    /* 0E2D  msg base=L14 argc=1 msg#16 nres=1   (append) */
    0x004B0E42,                /* 0E2F  gget L14 <- g75   (cdr) */
    0x000F0141,                /* 0E30  move L15 <- L1 */
    0x000E01A0, 0x00010000,    /* 0E31  call base=L14 argc=1 nres=1 */
    0x00010E41,                /* 0E33  move L1 <- L14 */
    0xFFEC004F,                /* 0E34  jmp -20 */
    0x00520E42,                /* 0E35  gget L14 <- g82   (len) */
    0x000F0041,                /* 0E36  move L15 <- L0 */
    0x000E01A0, 0x00010000,    /* 0E37  call base=L14 argc=1 nres=1 */
    0x000F0040,                /* 0E39  i8 L15 <- 0 */
    0x0010008F, 0x000E000F,    /* 0E3A  eq L16 <- L14 == L15 */
    0x0005104B,                /* 0E3C  jf L16, +5 */
    0x004A0E42,                /* 0E3D  gget L14 <- g74   (error) */
    0x00490F46,                /* 0E3E  lconst L15 <- static#73   ("empty qualified name") */
    0x000E01A0, 0x00010000,    /* 0E3F  call base=L14 argc=1 nres=1 */
    0x000E0102,                /* 0E41  return L14 count=1 */
    0x00520E42,                /* 0E42  gget L14 <- g82   (len) */
    0x000F0041,                /* 0E43  move L15 <- L0 */
    0x000E01A0, 0x00010000,    /* 0E44  call base=L14 argc=1 nres=1 */
    0x000F0140,                /* 0E46  i8 L15 <- 1 */
    0x00100086, 0x000E000F,    /* 0E47  sub L16 <- L14 - L15 */
    0x00110098, 0x00000010,    /* 0E49  getidx L17 <- L0[L16] */
    0x00491242,                /* 0E4B  gget L18 <- g73   (AST_FIELD) */
    0x0013008F, 0x00110012,    /* 0E4C  eq L19 <- L17 == L18 */
    0x0007134B,                /* 0E4E  jf L19, +7 */
    0x00370E42,                /* 0E4F  gget L14 <- g55   (_astref) */
    0x000F0041,                /* 0E50  move L15 <- L0 */
    0x00108141,                /* 0E51  move L16 <- P1 */
    0x00118241,                /* 0E52  move L17 <- P2 */
    0x000E03A0, 0x00010000,    /* 0E53  call base=L14 argc=3 nres=1 */
    0x000E0102,                /* 0E55  return L14 count=1 */
    0x00530E42,                /* 0E56  gget L14 <- g83   (sym) */
    0x000F0040,                /* 0E57  i8 L15 <- 0 */
    0x00100098, 0x0000000F,    /* 0E58  getidx L16 <- L0[L15] */
    0x000F1041,                /* 0E5A  move L15 <- L16 */
    0x000E01A0, 0x00010000,    /* 0E5B  call base=L14 argc=1 nres=1 */
    0x00020E41,                /* 0E5D  move L2 <- L14 */
    0x000E8141,                /* 0E5E  move L14 <- P1 */
    0x000F0241,                /* 0E5F  move L15 <- L2 */
    0x000E01A2, 0x000A0001,    /* 0E60  msg base=L14 argc=1 msg#10 nres=1   (lookup) */
    0x001B0F46,                /* 0E62  lconst L15 <- static#27   ("nil") */
    0x00100097, 0x000E000F,    /* 0E63  is L16 <- L14 is L15 */
    0x0043104B,                /* 0E65  jf L16, +67 */
    0x000E009A, 0x80010019,    /* 0E66  getattr L14 <- P1.sym#25   ("module") */
    0x000F0041,                /* 0E68  move L15 <- L0 */
    0x000E01A2, 0x00140001,    /* 0E69  msg base=L14 argc=1 msg#20 nres=1   (class_static) */
    0x00070E41,                /* 0E6B  move L7 <- L14 */
    0x001B0E46,                /* 0E6C  lconst L14 <- static#27   ("nil") */
    0x000F0097, 0x0007000E,    /* 0E6D  is L15 <- L7 is L14 */
    0x00100F4A,                /* 0E6F  not L16 <- L15 */
    0x0019104B,                /* 0E70  jf L16, +25 */
    0x000A0E42,                /* 0E71  gget L14 <- g10   (_target) */
    0x000F8141,                /* 0E72  move L15 <- P1 */
    0x00108241,                /* 0E73  move L16 <- P2 */
    0x000E02A0, 0x00010000,    /* 0E74  call base=L14 argc=2 nres=1 */
    0x00080E41,                /* 0E76  move L8 <- L14 */
    0x00270E46,                /* 0E77  lconst L14 <- static#39   ("error") */
    0x000F0097, 0x0008000E,    /* 0E78  is L15 <- L8 is L14 */
    0x00010F4B,                /* 0E7A  jf L15, +1 */
    0x00080102,                /* 0E7B  return L8 count=1 */
    0x00080E42,                /* 0E7C  gget L14 <- g8   (_emit_pairable) */
    0x000F8141,                /* 0E7D  move L15 <- P1 */
    0x00211045,                /* 0E7E  lsym L16 <- sym#33   ("gget") */
    0x00110741,                /* 0E7F  move L17 <- L7 */
    0x00120841,                /* 0E80  move L18 <- L8 */
    0x000E04A0, 0x00010000,    /* 0E81  call base=L14 argc=4 nres=1 */
    0x00090E41,                /* 0E83  move L9 <- L14 */
    0x00270E46,                /* 0E84  lconst L14 <- static#39   ("error") */
    0x000F0097, 0x0009000E,    /* 0E85  is L15 <- L9 is L14 */
    0x00010F4B,                /* 0E87  jf L15, +1 */
    0x00090102,                /* 0E88  return L9 count=1 */
    0x00080102,                /* 0E89  return L8 count=1 */
    0x000E009A, 0x80010019,    /* 0E8A  getattr L14 <- P1.sym#25   ("module") */
    0x000F0040,                /* 0E8C  i8 L15 <- 0 */
    0x00100098, 0x0000000F,    /* 0E8D  getidx L16 <- L0[L15] */
    0x000F1041,                /* 0E8F  move L15 <- L16 */
    0x000E01A2, 0x00150001,    /* 0E90  msg base=L14 argc=1 msg#21 nres=1   (is_local_class) */
    0x000F0E4A,                /* 0E92  not L15 <- L14 */
    0x00150F4B,                /* 0E93  jf L15, +21 */
    0x000E009A, 0x80010019,    /* 0E94  getattr L14 <- P1.sym#25   ("module") */
    0x00050F42,                /* 0E96  gget L15 <- g5   (_join_parts) */
    0x00100041,                /* 0E97  move L16 <- L0 */
    0x000F01A0, 0x00010000,    /* 0E98  call base=L15 argc=1 nres=1 */
    0x000E01A2, 0x00090001,    /* 0E9A  msg base=L14 argc=1 msg#9 nres=1   (declare_free_global) */
    0x000A0E41,                /* 0E9C  move L10 <- L14 */
    0x00270E46,                /* 0E9D  lconst L14 <- static#39   ("error") */
    0x000F0097, 0x000A000E,    /* 0E9E  is L15 <- L10 is L14 */
    0x00010F4B,                /* 0EA0  jf L15, +1 */
    0x000A0102,                /* 0EA1  return L10 count=1 */
    0x00110E42,                /* 0EA2  gget L14 <- g17   (_land_free) */
    0x000F8141,                /* 0EA3  move L15 <- P1 */
    0x00108241,                /* 0EA4  move L16 <- P2 */
    0x00110A41,                /* 0EA5  move L17 <- L10 */
    0x000E03A0, 0x00010000,    /* 0EA6  call base=L14 argc=3 nres=1 */
    0x000E0102,                /* 0EA8  return L14 count=1 */
    0x00120E42,                /* 0EA9  gget L14 <- g18   (resolve_name) */
    0x000F0241,                /* 0EAA  move L15 <- L2 */
    0x00108141,                /* 0EAB  move L16 <- P1 */
    0x00110003,                /* 0EAC  lnil L17 */
    0x000E03A0, 0x00010000,    /* 0EAD  call base=L14 argc=3 nres=1 */
    0x00030E41,                /* 0EAF  move L3 <- L14 */
    0x00270E46,                /* 0EB0  lconst L14 <- static#39   ("error") */
    0x000F0097, 0x0003000E,    /* 0EB1  is L15 <- L3 is L14 */
    0x00010F4B,                /* 0EB3  jf L15, +1 */
    0x00030102,                /* 0EB4  return L3 count=1 */
    0x00040140,                /* 0EB5  i8 L4 <- 1 */
    0x00520E42,                /* 0EB6  gget L14 <- g82   (len) */
    0x000F0041,                /* 0EB7  move L15 <- L0 */
    0x000E01A0, 0x00010000,    /* 0EB8  call base=L14 argc=1 nres=1 */
    0x00050E41,                /* 0EBA  move L5 <- L14 */
    0x00060341,                /* 0EBB  move L6 <- L3 */
    0x000E0091, 0x00040005,    /* 0EBC  lt L14 <- L4 < L5 */
    0x00410E4B,                /* 0EBE  jf L14, +65 */
    0x000F009A, 0x80010019,    /* 0EBF  getattr L15 <- P1.sym#25   ("module") */
    0x000E009A, 0x000F001A,    /* 0EC1  getattr L14 <- L15.sym#26   ("image") */
    0x000F0098, 0x00000004,    /* 0EC3  getidx L15 <- L0[L4] */
    0x000E01A2, 0x00050001,    /* 0EC5  msg base=L14 argc=1 msg#5 nres=1   (add_symbol) */
    0x000B0E41,                /* 0EC7  move L11 <- L14 */
    0x00270E46,                /* 0EC8  lconst L14 <- static#39   ("error") */
    0x000F0097, 0x000B000E,    /* 0EC9  is L15 <- L11 is L14 */
    0x00010F4B,                /* 0ECB  jf L15, +1 */
    0x000B0102,                /* 0ECC  return L11 count=1 */
    0x000C0005,                /* 0ECD  lunset L12 */
    0x000E0140,                /* 0ECE  i8 L14 <- 1 */
    0x000F0086, 0x0005000E,    /* 0ECF  sub L15 <- L5 - L14 */
    0x0010008F, 0x0004000F,    /* 0ED1  eq L16 <- L4 == L15 */
    0x0007104B,                /* 0ED3  jf L16, +7 */
    0x000A0E42,                /* 0ED4  gget L14 <- g10   (_target) */
    0x000F8141,                /* 0ED5  move L15 <- P1 */
    0x00108241,                /* 0ED6  move L16 <- P2 */
    0x000E02A0, 0x00010000,    /* 0ED7  call base=L14 argc=2 nres=1 */
    0x000C0E41,                /* 0ED9  move L12 <- L14 */
    0x0004004F,                /* 0EDA  jmp +4 */
    0x000E8141,                /* 0EDB  move L14 <- P1 */
    0x000E00A2, 0x00030001,    /* 0EDC  msg base=L14 argc=0 msg#3 nres=1   (push) */
    0x000C0E41,                /* 0EDE  move L12 <- L14 */
    0x00270E46,                /* 0EDF  lconst L14 <- static#39   ("error") */
    0x000F0097, 0x000C000E,    /* 0EE0  is L15 <- L12 is L14 */
    0x00010F4B,                /* 0EE2  jf L15, +1 */
    0x000C0102,                /* 0EE3  return L12 count=1 */
    0x00070E42,                /* 0EE4  gget L14 <- g7   (_emit_pack) */
    0x00118141,                /* 0EE5  move L17 <- P1 */
    0x00581245,                /* 0EE6  lsym L18 <- sym#88   ("getscope") */
    0x00130281, 0x00110000,    /* 0EE7  tuple L19 <- L17, 2 items */
    0x000F1341,                /* 0EE9  move L15 <- L19 */
    0x002E1146,                /* 0EEA  lconst L17 <- static#46   ("a0") */
    0x00120C41,                /* 0EEB  move L18 <- L12 */
    0x002F1346,                /* 0EEC  lconst L19 <- static#47   ("a1") */
    0x00140641,                /* 0EED  move L20 <- L6 */
    0x00301546,                /* 0EEE  lconst L21 <- static#48   ("a2") */
    0x00160B41,                /* 0EEF  move L22 <- L11 */
    0x00170383, 0x00110000,    /* 0EF0  dict L23 <- L17, 3 pairs */
    0x00101741,                /* 0EF2  move L16 <- L23 */
    0x000E00A1, 0x00010000,    /* 0EF3  call_va base=L14 nres=1 */
    0x000D0E41,                /* 0EF5  move L13 <- L14 */
    0x00270E46,                /* 0EF6  lconst L14 <- static#39   ("error") */
    0x000F0097, 0x000D000E,    /* 0EF7  is L15 <- L13 is L14 */
    0x00010F4B,                /* 0EF9  jf L15, +1 */
    0x000D0102,                /* 0EFA  return L13 count=1 */
    0x00060C41,                /* 0EFB  move L6 <- L12 */
    0x000E0140,                /* 0EFC  i8 L14 <- 1 */
    0x00040085, 0x0004000E,    /* 0EFD  add L4 <- L4 + L14 */
    0xFFBC004F,                /* 0EFF  jmp -68 */
    0x00060102,                /* 0F00  return L6 count=1 */
    0x00520242,                /* 0F01  gget L2 <- g82   (len) */
    0x00038041,                /* 0F02  move L3 <- P0 */
    0x000201A0, 0x00010000,    /* 0F03  call base=L2 argc=1 nres=1 */
    0x00030240,                /* 0F05  i8 L3 <- 2 */
    0x00040090, 0x00020003,    /* 0F06  ne L4 <- L2 != L3 */
    0x0005044B,                /* 0F08  jf L4, +5 */
    0x004A0242,                /* 0F09  gget L2 <- g74   (error) */
    0x004B0346,                /* 0F0A  lconst L3 <- static#75   ("`::$ast` needs the name of a definition in this module") */
    0x000201A0, 0x00010000,    /* 0F0B  call base=L2 argc=1 nres=1 */
    0x00020102,                /* 0F0D  return L2 count=1 */
    0x00020040,                /* 0F0E  i8 L2 <- 0 */
    0x00000098, 0x80000002,    /* 0F0F  getidx L0 <- P0[L2] */
    0x0002009A, 0x80010019,    /* 0F11  getattr L2 <- P1.sym#25   ("module") */
    0x0003009A, 0x00020059,    /* 0F13  getattr L3 <- L2.sym#89   ("definitions") */
    0x00010098, 0x00030000,    /* 0F15  getidx L1 <- L3[L0] */
    0x0001014E,                /* 0F17  jnerr L1, +1 */
    0x00010003,                /* 0F18  lnil L1 */
    0x001B0246,                /* 0F19  lconst L2 <- static#27   ("nil") */
    0x00030097, 0x00010002,    /* 0F1A  is L3 <- L1 is L2 */
    0x000B034B,                /* 0F1C  jf L3, +11 */
    0x004A0242,                /* 0F1D  gget L2 <- g74   (error) */
    0x004C0346,                /* 0F1E  lconst L3 <- static#76   ("`") */
    0x00040085, 0x00030000,    /* 0F1F  add L4 <- L3 + L0 */
    0x004D0546,                /* 0F21  lconst L5 <- static#77   ("::$ast` names no fn, co or class defined in this module; a compiled module carries no trees to reach across") */
    0x00060085, 0x00040005,    /* 0F22  add L6 <- L4 + L5 */
    0x00030641,                /* 0F24  move L3 <- L6 */
    0x000201A0, 0x00010000,    /* 0F25  call base=L2 argc=1 nres=1 */
    0x00020102,                /* 0F27  return L2 count=1 */
    0x00410242,                /* 0F28  gget L2 <- g65   (emit_value) */
    0x00030141,                /* 0F29  move L3 <- L1 */
    0x00048141,                /* 0F2A  move L4 <- P1 */
    0x00058241,                /* 0F2B  move L5 <- P2 */
    0x000203A0, 0x00010000,    /* 0F2C  call base=L2 argc=3 nres=1 */
    0x00020102,                /* 0F2E  return L2 count=1 */
    0x000E009A, 0x8001005A,    /* 0F2F  getattr L14 <- P1.sym#90   ("is_coroutine") */
    0x000F0E4A,                /* 0F31  not L15 <- L14 */
    0x00050F4B,                /* 0F32  jf L15, +5 */
    0x004A0E42,                /* 0F33  gget L14 <- g74   (error) */
    0x004E0F46,                /* 0F34  lconst L15 <- static#78   ("`yield` is only meaningful inside a `co`") */
    0x000E01A0, 0x00010000,    /* 0F35  call base=L14 argc=1 nres=1 */
    0x000E0102,                /* 0F37  return L14 count=1 */
    0x00030E42,                /* 0F38  gget L14 <- g3   (_field) */
    0x000F8041,                /* 0F39  move L15 <- P0 */
    0x00100140,                /* 0F3A  i8 L16 <- 1 */
    0x000E02A0, 0x00010000,    /* 0F3B  call base=L14 argc=2 nres=1 */
    0x00000E41,                /* 0F3D  move L0 <- L14 */
    0x0001004E,                /* 0F3E  jnerr L0, +1 */
    0x00000003,                /* 0F3F  lnil L0 */
    0x000E8141,                /* 0F40  move L14 <- P1 */
    0x000E00A2, 0x000B0001,    /* 0F41  msg base=L14 argc=0 msg#11 nres=1   (mark) */
    0x00010E41,                /* 0F43  move L1 <- L14 */
    0x00020005,                /* 0F44  lunset L2 */
    0x001B0E46,                /* 0F45  lconst L14 <- static#27   ("nil") */
    0x000F0097, 0x0000000E,    /* 0F46  is L15 <- L0 is L14 */
    0x001E0F4B,                /* 0F48  jf L15, +30 */
    0x000E8141,                /* 0F49  move L14 <- P1 */
    0x000E00A2, 0x00030001,    /* 0F4A  msg base=L14 argc=0 msg#3 nres=1   (push) */
    0x00060E41,                /* 0F4C  move L6 <- L14 */
    0x00270E46,                /* 0F4D  lconst L14 <- static#39   ("error") */
    0x000F0097, 0x0006000E,    /* 0F4E  is L15 <- L6 is L14 */
    0x00010F4B,                /* 0F50  jf L15, +1 */
    0x00060102,                /* 0F51  return L6 count=1 */
    0x00070E42,                /* 0F52  gget L14 <- g7   (_emit_pack) */
    0x00118141,                /* 0F53  move L17 <- P1 */
    0x002D1245,                /* 0F54  lsym L18 <- sym#45   ("lnil") */
    0x00130281, 0x00110000,    /* 0F55  tuple L19 <- L17, 2 items */
    0x000F1341,                /* 0F57  move L15 <- L19 */
    0x002E1146,                /* 0F58  lconst L17 <- static#46   ("a0") */
    0x00120641,                /* 0F59  move L18 <- L6 */
    0x00130183, 0x00110000,    /* 0F5A  dict L19 <- L17, 1 pairs */
    0x00101341,                /* 0F5C  move L16 <- L19 */
    0x000E00A1, 0x00010000,    /* 0F5D  call_va base=L14 nres=1 */
    0x00070E41,                /* 0F5F  move L7 <- L14 */
    0x00270E46,                /* 0F60  lconst L14 <- static#39   ("error") */
    0x000F0097, 0x0007000E,    /* 0F61  is L15 <- L7 is L14 */
    0x00010F4B,                /* 0F63  jf L15, +1 */
    0x00070102,                /* 0F64  return L7 count=1 */
    0x00020140,                /* 0F65  i8 L2 <- 1 */
    0x0032004F,                /* 0F66  jmp +50 */
    0x00510E42,                /* 0F67  gget L14 <- g81   (node_kind) */
    0x000F0041,                /* 0F68  move L15 <- L0 */
    0x000E01A0, 0x00010000,    /* 0F69  call base=L14 argc=1 nres=1 */
    0x00320F45,                /* 0F6B  lsym L15 <- sym#50   ("tuple") */
    0x0010008F, 0x000E000F,    /* 0F6C  eq L16 <- L14 == L15 */
    0x001E104B,                /* 0F6E  jf L16, +30 */
    0x00020E42,                /* 0F6F  gget L14 <- g2   (_tail) */
    0x000F0041,                /* 0F70  move L15 <- L0 */
    0x00100140,                /* 0F71  i8 L16 <- 1 */
    0x000E02A0, 0x00010000,    /* 0F72  call base=L14 argc=2 nres=1 */
    0x00080E41,                /* 0F74  move L8 <- L14 */
    0x0001084E,                /* 0F75  jnerr L8, +1 */
    0x00080003,                /* 0F76  lnil L8 */
    0x000E00AE, 0x00080000,    /* 0F77  iter L14 <- L8 */
    0x000900AF, 0x000E000C,    /* 0F79  itnext L9 <- L14, done +12 */
    0x001F0F42,                /* 0F7B  gget L15 <- g31   (compile_into_window) */
    0x00100941,                /* 0F7C  move L16 <- L9 */
    0x00118141,                /* 0F7D  move L17 <- P1 */
    0x000F02A0, 0x00010000,    /* 0F7E  call base=L15 argc=2 nres=1 */
    0x000A0F41,                /* 0F80  move L10 <- L15 */
    0x00270F46,                /* 0F81  lconst L15 <- static#39   ("error") */
    0x00100097, 0x000A000F,    /* 0F82  is L16 <- L10 is L15 */
    0x0001104B,                /* 0F84  jf L16, +1 */
    0x000A0102,                /* 0F85  return L10 count=1 */
    0xFFF2004F,                /* 0F86  jmp -14 */
    0x00520E42,                /* 0F87  gget L14 <- g82   (len) */
    0x000F0841,                /* 0F88  move L15 <- L8 */
    0x000E01A0, 0x00010000,    /* 0F89  call base=L14 argc=1 nres=1 */
    0x00020E41,                /* 0F8B  move L2 <- L14 */
    0x000C004F,                /* 0F8C  jmp +12 */
    0x001F0E42,                /* 0F8D  gget L14 <- g31   (compile_into_window) */
    0x000F0041,                /* 0F8E  move L15 <- L0 */
    0x00108141,                /* 0F8F  move L16 <- P1 */
    0x000E02A0, 0x00010000,    /* 0F90  call base=L14 argc=2 nres=1 */
    0x000B0E41,                /* 0F92  move L11 <- L14 */
    0x00270E46,                /* 0F93  lconst L14 <- static#39   ("error") */
    0x000F0097, 0x000B000E,    /* 0F94  is L15 <- L11 is L14 */
    0x00010F4B,                /* 0F96  jf L15, +1 */
    0x000B0102,                /* 0F97  return L11 count=1 */
    0x00020140,                /* 0F98  i8 L2 <- 1 */
    0x000E00C0, 0x00000080,    /* 0F99  i32 L14 <- 128 */
    0x000F0093, 0x0002000E,    /* 0F9B  gt L15 <- L2 > L14 */
    0x000C0F4B,                /* 0F9D  jf L15, +12 */
    0x004A0E42,                /* 0F9E  gget L14 <- g74   (error) */
    0x00500F42,                /* 0F9F  gget L15 <- g80   (str) */
    0x00100241,                /* 0FA0  move L16 <- L2 */
    0x000F01A0, 0x00010000,    /* 0FA1  call base=L15 argc=1 nres=1 */
    0x004F1046,                /* 0FA3  lconst L16 <- static#79   (" yielded values, over the 128-result limit") */
    0x00110085, 0x000F0010,    /* 0FA4  add L17 <- L15 + L16 */
    0x000F1141,                /* 0FA6  move L15 <- L17 */
    0x000E01A0, 0x00010000,    /* 0FA7  call base=L14 argc=1 nres=1 */
    0x000E0102,                /* 0FA9  return L14 count=1 */
    0x00070E42,                /* 0FAA  gget L14 <- g7   (_emit_pack) */
    0x00118141,                /* 0FAB  move L17 <- P1 */
    0x005B1245,                /* 0FAC  lsym L18 <- sym#91   ("yield") */
    0x00130281, 0x00110000,    /* 0FAD  tuple L19 <- L17, 2 items */
    0x000F1341,                /* 0FAF  move L15 <- L19 */
    0x002E1146,                /* 0FB0  lconst L17 <- static#46   ("a0") */
    0x00541242,                /* 0FB1  gget L18 <- g84   (L) */
    0x00130141,                /* 0FB2  move L19 <- L1 */
    0x001201A0, 0x00010000,    /* 0FB3  call base=L18 argc=1 nres=1 */
    0x002D1346,                /* 0FB5  lconst L19 <- static#45   ("f") */
    0x00140241,                /* 0FB6  move L20 <- L2 */
    0x00150283, 0x00110000,    /* 0FB7  dict L21 <- L17, 2 pairs */
    0x00101541,                /* 0FB9  move L16 <- L21 */
    0x000E00A1, 0x00010000,    /* 0FBA  call_va base=L14 nres=1 */
    0x00040E41,                /* 0FBC  move L4 <- L14 */
    0x00270E46,                /* 0FBD  lconst L14 <- static#39   ("error") */
    0x000F0097, 0x0004000E,    /* 0FBE  is L15 <- L4 is L14 */
    0x00010F4B,                /* 0FC0  jf L15, +1 */
    0x00040102,                /* 0FC1  return L4 count=1 */
    0x000E8141,                /* 0FC2  move L14 <- P1 */
    0x000F0140,                /* 0FC3  i8 L15 <- 1 */
    0x00100085, 0x0001000F,    /* 0FC4  add L16 <- L1 + L15 */
    0x000F1041,                /* 0FC6  move L15 <- L16 */
    0x000E01A2, 0x000C0001,    /* 0FC7  msg base=L14 argc=1 msg#12 nres=1   (free_to) */
    0x00050E41,                /* 0FC9  move L5 <- L14 */
    0x00270E46,                /* 0FCA  lconst L14 <- static#39   ("error") */
    0x000F0097, 0x0005000E,    /* 0FCB  is L15 <- L5 is L14 */
    0x00010F4B,                /* 0FCD  jf L15, +1 */
    0x00050102,                /* 0FCE  return L5 count=1 */
    0x00090E42,                /* 0FCF  gget L14 <- g9   (_land) */
    0x000F8141,                /* 0FD0  move L15 <- P1 */
    0x00108241,                /* 0FD1  move L16 <- P2 */
    0x00541142,                /* 0FD2  gget L17 <- g84   (L) */
    0x00120141,                /* 0FD3  move L18 <- L1 */
    0x001101A0, 0x00010000,    /* 0FD4  call base=L17 argc=1 nres=1 */
    0x000E03A0, 0x00010000,    /* 0FD6  call base=L14 argc=3 nres=1 */
    0x000E0102,                /* 0FD8  return L14 count=1 */
    0x00380042,                /* 0FD9  gget L0 <- g56   (compile_yield) */
    0x00018041,                /* 0FDA  move L1 <- P0 */
    0x00028141,                /* 0FDB  move L2 <- P1 */
    0x00038241,                /* 0FDC  move L3 <- P2 */
    0x000003A0, 0x00010000,    /* 0FDD  call base=L0 argc=3 nres=1 */
    0x00000102,                /* 0FDF  return L0 count=1 */
    0x0004009A, 0x8001005A,    /* 0FE0  getattr L4 <- P1.sym#90   ("is_coroutine") */
    0x0005044A,                /* 0FE2  not L5 <- L4 */
    0x0005054B,                /* 0FE3  jf L5, +5 */
    0x004A0442,                /* 0FE4  gget L4 <- g74   (error) */
    0x004E0546,                /* 0FE5  lconst L5 <- static#78   ("`yield` is only meaningful inside a `co`") */
    0x000401A0, 0x00010000,    /* 0FE6  call base=L4 argc=1 nres=1 */
    0x00040102,                /* 0FE8  return L4 count=1 */
    0x00030442,                /* 0FE9  gget L4 <- g3   (_field) */
    0x00058041,                /* 0FEA  move L5 <- P0 */
    0x00060140,                /* 0FEB  i8 L6 <- 1 */
    0x000402A0, 0x00010000,    /* 0FEC  call base=L4 argc=2 nres=1 */
    0x00000441,                /* 0FEE  move L0 <- L4 */
    0x0001004E,                /* 0FEF  jnerr L0, +1 */
    0x00000003,                /* 0FF0  lnil L0 */
    0x00420442,                /* 0FF1  gget L4 <- g66   (compile_expr) */
    0x00050041,                /* 0FF2  move L5 <- L0 */
    0x00068141,                /* 0FF3  move L6 <- P1 */
    0x00070003,                /* 0FF4  lnil L7 */
    0x000403A0, 0x00010000,    /* 0FF5  call base=L4 argc=3 nres=1 */
    0x00010441,                /* 0FF7  move L1 <- L4 */
    0x00270446,                /* 0FF8  lconst L4 <- static#39   ("error") */
    0x00050097, 0x00010004,    /* 0FF9  is L5 <- L1 is L4 */
    0x0001054B,                /* 0FFB  jf L5, +1 */
    0x00010102,                /* 0FFC  return L1 count=1 */
    0x000A0442,                /* 0FFD  gget L4 <- g10   (_target) */
    0x00058141,                /* 0FFE  move L5 <- P1 */
    0x00068241,                /* 0FFF  move L6 <- P2 */
    0x000402A0, 0x00010000,    /* 1000  call base=L4 argc=2 nres=1 */
    0x00020441,                /* 1002  move L2 <- L4 */
    0x00270446,                /* 1003  lconst L4 <- static#39   ("error") */
    0x00050097, 0x00020004,    /* 1004  is L5 <- L2 is L4 */
    0x0001054B,                /* 1006  jf L5, +1 */
    0x00020102,                /* 1007  return L2 count=1 */
    0x00070442,                /* 1008  gget L4 <- g7   (_emit_pack) */
    0x00078141,                /* 1009  move L7 <- P1 */
    0x005C0845,                /* 100A  lsym L8 <- sym#92   ("yield_from") */
    0x00090281, 0x00070000,    /* 100B  tuple L9 <- L7, 2 items */
    0x00050941,                /* 100D  move L5 <- L9 */
    0x002E0746,                /* 100E  lconst L7 <- static#46   ("a0") */
    0x00080241,                /* 100F  move L8 <- L2 */
    0x002F0946,                /* 1010  lconst L9 <- static#47   ("a1") */
    0x000A0141,                /* 1011  move L10 <- L1 */
    0x000B0283, 0x00070000,    /* 1012  dict L11 <- L7, 2 pairs */
    0x00060B41,                /* 1014  move L6 <- L11 */
    0x000400A1, 0x00010000,    /* 1015  call_va base=L4 nres=1 */
    0x00030441,                /* 1017  move L3 <- L4 */
    0x00270446,                /* 1018  lconst L4 <- static#39   ("error") */
    0x00050097, 0x00030004,    /* 1019  is L5 <- L3 is L4 */
    0x0001054B,                /* 101B  jf L5, +1 */
    0x00030102,                /* 101C  return L3 count=1 */
    0x00020102,                /* 101D  return L2 count=1 */
    0x00058041,                /* 101E  move L5 <- P0 */
    0x000500A2, 0x000B0001,    /* 101F  msg base=L5 argc=0 msg#11 nres=1   (mark) */
    0x00000541,                /* 1021  move L0 <- L5 */
    0x000500AE, 0x80020000,    /* 1022  iter L5 <- P2 */
    0x000300AF, 0x0005000C,    /* 1024  itnext L3 <- L5, done +12 */
    0x001F0642,                /* 1026  gget L6 <- g31   (compile_into_window) */
    0x00070341,                /* 1027  move L7 <- L3 */
    0x00088041,                /* 1028  move L8 <- P0 */
    0x000602A0, 0x00010000,    /* 1029  call base=L6 argc=2 nres=1 */
    0x00040641,                /* 102B  move L4 <- L6 */
    0x00270646,                /* 102C  lconst L6 <- static#39   ("error") */
    0x00070097, 0x00040006,    /* 102D  is L7 <- L4 is L6 */
    0x0001074B,                /* 102F  jf L7, +1 */
    0x00040102,                /* 1030  return L4 count=1 */
    0xFFF2004F,                /* 1031  jmp -14 */
    0x000A0542,                /* 1032  gget L5 <- g10   (_target) */
    0x00068041,                /* 1033  move L6 <- P0 */
    0x00078441,                /* 1034  move L7 <- P4 */
    0x000502A0, 0x00010000,    /* 1035  call base=L5 argc=2 nres=1 */
    0x00010541,                /* 1037  move L1 <- L5 */
    0x00270546,                /* 1038  lconst L5 <- static#39   ("error") */
    0x00060097, 0x00010005,    /* 1039  is L6 <- L1 is L5 */
    0x0001064B,                /* 103B  jf L6, +1 */
    0x00010102,                /* 103C  return L1 count=1 */
    0x00070542,                /* 103D  gget L5 <- g7   (_emit_pack) */
    0x00088041,                /* 103E  move L8 <- P0 */
    0x00098141,                /* 103F  move L9 <- P1 */
    0x000A0281, 0x00080000,    /* 1040  tuple L10 <- L8, 2 items */
    0x00060A41,                /* 1042  move L6 <- L10 */
    0x002E0846,                /* 1043  lconst L8 <- static#46   ("a0") */
    0x00090141,                /* 1044  move L9 <- L1 */
    0x002F0A46,                /* 1045  lconst L10 <- static#47   ("a1") */
    0x00540B42,                /* 1046  gget L11 <- g84   (L) */
    0x000C0041,                /* 1047  move L12 <- L0 */
    0x000B01A0, 0x00010000,    /* 1048  call base=L11 argc=1 nres=1 */
    0x002D0C46,                /* 104A  lconst L12 <- static#45   ("f") */
    0x000D8341,                /* 104B  move L13 <- P3 */
    0x000E0383, 0x00080000,    /* 104C  dict L14 <- L8, 3 pairs */
    0x00070E41,                /* 104E  move L7 <- L14 */
    0x000500A1, 0x00010000,    /* 104F  call_va base=L5 nres=1 */
    0x00020541,                /* 1051  move L2 <- L5 */
    0x00270546,                /* 1052  lconst L5 <- static#39   ("error") */
    0x00060097, 0x00020005,    /* 1053  is L6 <- L2 is L5 */
    0x0001064B,                /* 1055  jf L6, +1 */
    0x00020102,                /* 1056  return L2 count=1 */
    0x00010102,                /* 1057  return L1 count=1 */
    0x00050040,                /* 1058  i8 L5 <- 0 */
    0x00000098, 0x80010005,    /* 1059  getidx L0 <- P1[L5] */
    0x00010140,                /* 105B  i8 L1 <- 1 */
    0x00520542,                /* 105C  gget L5 <- g82   (len) */
    0x00068141,                /* 105D  move L6 <- P1 */
    0x000501A0, 0x00010000,    /* 105E  call base=L5 argc=1 nres=1 */
    0x00020541,                /* 1060  move L2 <- L5 */
    0x00050091, 0x00010002,    /* 1061  lt L5 <- L1 < L2 */
    0x0026054B,                /* 1063  jf L5, +38 */
    0x00058041,                /* 1064  move L5 <- P0 */
    0x000500A2, 0x00030001,    /* 1065  msg base=L5 argc=0 msg#3 nres=1   (push) */
    0x00030541,                /* 1067  move L3 <- L5 */
    0x00270546,                /* 1068  lconst L5 <- static#39   ("error") */
    0x00060097, 0x00030005,    /* 1069  is L6 <- L3 is L5 */
    0x0001064B,                /* 106B  jf L6, +1 */
    0x00030102,                /* 106C  return L3 count=1 */
    0x00070542,                /* 106D  gget L5 <- g7   (_emit_pack) */
    0x00088041,                /* 106E  move L8 <- P0 */
    0x00000945,                /* 106F  lsym L9 <- sym#0   ("add") */
    0x000A0281, 0x00080000,    /* 1070  tuple L10 <- L8, 2 items */
    0x00060A41,                /* 1072  move L6 <- L10 */
    0x002E0846,                /* 1073  lconst L8 <- static#46   ("a0") */
    0x00090341,                /* 1074  move L9 <- L3 */
    0x002F0A46,                /* 1075  lconst L10 <- static#47   ("a1") */
    0x000B0041,                /* 1076  move L11 <- L0 */
    0x00300C46,                /* 1077  lconst L12 <- static#48   ("a2") */
    0x000D0098, 0x80010001,    /* 1078  getidx L13 <- P1[L1] */
    0x000E0383, 0x00080000,    /* 107A  dict L14 <- L8, 3 pairs */
    0x00070E41,                /* 107C  move L7 <- L14 */
    0x000500A1, 0x00010000,    /* 107D  call_va base=L5 nres=1 */
    0x00040541,                /* 107F  move L4 <- L5 */
    0x00270546,                /* 1080  lconst L5 <- static#39   ("error") */
    0x00060097, 0x00040005,    /* 1081  is L6 <- L4 is L5 */
    0x0001064B,                /* 1083  jf L6, +1 */
    0x00040102,                /* 1084  return L4 count=1 */
    0x00000341,                /* 1085  move L0 <- L3 */
    0x00050140,                /* 1086  i8 L5 <- 1 */
    0x00010085, 0x00010005,    /* 1087  add L1 <- L1 + L5 */
    0xFFD7004F,                /* 1089  jmp -41 */
    0x00000102,                /* 108A  return L0 count=1 */
    0x00000082, 0x00080000,    /* 108B  list L0 <- L8, 0 items */
    0x00010082, 0x00080000,    /* 108D  list L1 <- L8, 0 items */
    0x000800AE, 0x80000000,    /* 108F  iter L8 <- P0 */
    0x000200AF, 0x0008004F,    /* 1091  itnext L2 <- L8, done +79 */
    0x00510942,                /* 1093  gget L9 <- g81   (node_kind) */
    0x000A0241,                /* 1094  move L10 <- L2 */
    0x000901A0, 0x00010000,    /* 1095  call base=L9 argc=1 nres=1 */
    0x00030941,                /* 1097  move L3 <- L9 */
    0x00450945,                /* 1098  lsym L9 <- sym#69   ("spread") */
    0x000A008F, 0x00030009,    /* 1099  eq L10 <- L3 == L9 */
    0x00380A4B,                /* 109B  jf L10, +56 */
    0x00520942,                /* 109C  gget L9 <- g82   (len) */
    0x000A0141,                /* 109D  move L10 <- L1 */
    0x000901A0, 0x00010000,    /* 109E  call base=L9 argc=1 nres=1 */
    0x000A0040,                /* 10A0  i8 L10 <- 0 */
    0x000B0093, 0x0009000A,    /* 10A1  gt L11 <- L9 > L10 */
    0x00170B4B,                /* 10A3  jf L11, +23 */
    0x003B0942,                /* 10A4  gget L9 <- g59   (_collection) */
    0x000A8141,                /* 10A5  move L10 <- P1 */
    0x00320B45,                /* 10A6  lsym L11 <- sym#50   ("tuple") */
    0x000C0141,                /* 10A7  move L12 <- L1 */
    0x00520D42,                /* 10A8  gget L13 <- g82   (len) */
    0x000E0141,                /* 10A9  move L14 <- L1 */
    0x000D01A0, 0x00010000,    /* 10AA  call base=L13 argc=1 nres=1 */
    0x000E0003,                /* 10AC  lnil L14 */
    0x000905A0, 0x00010000,    /* 10AD  call base=L9 argc=5 nres=1 */
    0x00060941,                /* 10AF  move L6 <- L9 */
    0x00270946,                /* 10B0  lconst L9 <- static#39   ("error") */
    0x000A0097, 0x00060009,    /* 10B1  is L10 <- L6 is L9 */
    0x00010A4B,                /* 10B3  jf L10, +1 */
    0x00060102,                /* 10B4  return L6 count=1 */
    0x00090041,                /* 10B5  move L9 <- L0 */
    0x000A0641,                /* 10B6  move L10 <- L6 */
    0x000901A2, 0x00100001,    /* 10B7  msg base=L9 argc=1 msg#16 nres=1   (append) */
    0x00010082, 0x00090000,    /* 10B9  list L1 <- L9, 0 items */
    0x00030942,                /* 10BB  gget L9 <- g3   (_field) */
    0x000A0241,                /* 10BC  move L10 <- L2 */
    0x000B0140,                /* 10BD  i8 L11 <- 1 */
    0x000902A0, 0x00010000,    /* 10BE  call base=L9 argc=2 nres=1 */
    0x00040941,                /* 10C0  move L4 <- L9 */
    0x0001044E,                /* 10C1  jnerr L4, +1 */
    0x00040003,                /* 10C2  lnil L4 */
    0x00420942,                /* 10C3  gget L9 <- g66   (compile_expr) */
    0x000A0441,                /* 10C4  move L10 <- L4 */
    0x000B8141,                /* 10C5  move L11 <- P1 */
    0x000C0003,                /* 10C6  lnil L12 */
    0x000903A0, 0x00010000,    /* 10C7  call base=L9 argc=3 nres=1 */
    0x00050941,                /* 10C9  move L5 <- L9 */
    0x00270946,                /* 10CA  lconst L9 <- static#39   ("error") */
    0x000A0097, 0x00050009,    /* 10CB  is L10 <- L5 is L9 */
    0x00010A4B,                /* 10CD  jf L10, +1 */
    0x00050102,                /* 10CE  return L5 count=1 */
    0x00090041,                /* 10CF  move L9 <- L0 */
    0x000A0541,                /* 10D0  move L10 <- L5 */
    0x000901A2, 0x00100001,    /* 10D1  msg base=L9 argc=1 msg#16 nres=1   (append) */
    0x000D004F,                /* 10D3  jmp +13 */
    0x00440A45,                /* 10D4  lsym L10 <- sym#68   ("kwarg") */
    0x0009008F, 0x0003000A,    /* 10D5  eq L9 <- L3 == L10 */
    0x0003094C,                /* 10D7  jt L9, +3 */
    0x00460A45,                /* 10D8  lsym L10 <- sym#70   ("spread_kw") */
    0x0009008F, 0x0003000A,    /* 10D9  eq L9 <- L3 == L10 */
    0x000A094A,                /* 10DB  not L10 <- L9 */
    0x00040A4B,                /* 10DC  jf L10, +4 */
    0x00090141,                /* 10DD  move L9 <- L1 */
    0x000A0241,                /* 10DE  move L10 <- L2 */
    0x000901A2, 0x00100001,    /* 10DF  msg base=L9 argc=1 msg#16 nres=1   (append) */
    0xFFAF004F,                /* 10E1  jmp -81 */
    0x00520942,                /* 10E2  gget L9 <- g82   (len) */
    0x000A0141,                /* 10E3  move L10 <- L1 */
    0x000901A0, 0x00010000,    /* 10E4  call base=L9 argc=1 nres=1 */
    0x000A0040,                /* 10E6  i8 L10 <- 0 */
    0x00080093, 0x0009000A,    /* 10E7  gt L8 <- L9 > L10 */
    0x0007084C,                /* 10E9  jt L8, +7 */
    0x00520942,                /* 10EA  gget L9 <- g82   (len) */
    0x000A0041,                /* 10EB  move L10 <- L0 */
    0x000901A0, 0x00010000,    /* 10EC  call base=L9 argc=1 nres=1 */
    0x000A0040,                /* 10EE  i8 L10 <- 0 */
    0x0008008F, 0x0009000A,    /* 10EF  eq L8 <- L9 == L10 */
    0x0015084B,                /* 10F1  jf L8, +21 */
    0x003B0842,                /* 10F2  gget L8 <- g59   (_collection) */
    0x00098141,                /* 10F3  move L9 <- P1 */
    0x00320A45,                /* 10F4  lsym L10 <- sym#50   ("tuple") */
    0x000B0141,                /* 10F5  move L11 <- L1 */
    0x00520C42,                /* 10F6  gget L12 <- g82   (len) */
    0x000D0141,                /* 10F7  move L13 <- L1 */
    0x000C01A0, 0x00010000,    /* 10F8  call base=L12 argc=1 nres=1 */
    0x000D0003,                /* 10FA  lnil L13 */
    0x000805A0, 0x00010000,    /* 10FB  call base=L8 argc=5 nres=1 */
    0x00070841,                /* 10FD  move L7 <- L8 */
    0x00270846,                /* 10FE  lconst L8 <- static#39   ("error") */
    0x00090097, 0x00070008,    /* 10FF  is L9 <- L7 is L8 */
    0x0001094B,                /* 1101  jf L9, +1 */
    0x00070102,                /* 1102  return L7 count=1 */
    0x00080041,                /* 1103  move L8 <- L0 */
    0x00090741,                /* 1104  move L9 <- L7 */
    0x000801A2, 0x00100001,    /* 1105  msg base=L8 argc=1 msg#16 nres=1   (append) */
    0x003C0842,                /* 1107  gget L8 <- g60   (_concatenate) */
    0x00098141,                /* 1108  move L9 <- P1 */
    0x000A0041,                /* 1109  move L10 <- L0 */
    0x000802A0, 0x00010000,    /* 110A  call base=L8 argc=2 nres=1 */
    0x00080102,                /* 110C  return L8 count=1 */
    0x00000082, 0x000D0000,    /* 110D  list L0 <- L13, 0 items */
    0x00010082, 0x000D0000,    /* 110F  list L1 <- L13, 0 items */
    0x00020040,                /* 1111  i8 L2 <- 0 */
    0x000D00AE, 0x80000000,    /* 1112  iter L13 <- P0 */
    0x000300AF, 0x000D0066,    /* 1114  itnext L3 <- L13, done +102 */
    0x00510E42,                /* 1116  gget L14 <- g81   (node_kind) */
    0x000F0341,                /* 1117  move L15 <- L3 */
    0x000E01A0, 0x00010000,    /* 1118  call base=L14 argc=1 nres=1 */
    0x00040E41,                /* 111A  move L4 <- L14 */
    0x00460E45,                /* 111B  lsym L14 <- sym#70   ("spread_kw") */
    0x000F008F, 0x0004000E,    /* 111C  eq L15 <- L4 == L14 */
    0x00360F4B,                /* 111E  jf L15, +54 */
    0x00520E42,                /* 111F  gget L14 <- g82   (len) */
    0x000F0141,                /* 1120  move L15 <- L1 */
    0x000E01A0, 0x00010000,    /* 1121  call base=L14 argc=1 nres=1 */
    0x000F0040,                /* 1123  i8 L15 <- 0 */
    0x00100093, 0x000E000F,    /* 1124  gt L16 <- L14 > L15 */
    0x0015104B,                /* 1126  jf L16, +21 */
    0x003B0E42,                /* 1127  gget L14 <- g59   (_collection) */
    0x000F8141,                /* 1128  move L15 <- P1 */
    0x00341045,                /* 1129  lsym L16 <- sym#52   ("dict") */
    0x00110141,                /* 112A  move L17 <- L1 */
    0x00120241,                /* 112B  move L18 <- L2 */
    0x00130003,                /* 112C  lnil L19 */
    0x000E05A0, 0x00010000,    /* 112D  call base=L14 argc=5 nres=1 */
    0x00090E41,                /* 112F  move L9 <- L14 */
    0x00270E46,                /* 1130  lconst L14 <- static#39   ("error") */
    0x000F0097, 0x0009000E,    /* 1131  is L15 <- L9 is L14 */
    0x00010F4B,                /* 1133  jf L15, +1 */
    0x00090102,                /* 1134  return L9 count=1 */
    0x000E0041,                /* 1135  move L14 <- L0 */
    0x000F0941,                /* 1136  move L15 <- L9 */
    0x000E01A2, 0x00100001,    /* 1137  msg base=L14 argc=1 msg#16 nres=1   (append) */
    0x00010082, 0x000E0000,    /* 1139  list L1 <- L14, 0 items */
    0x00020040,                /* 113B  i8 L2 <- 0 */
    0x00030E42,                /* 113C  gget L14 <- g3   (_field) */
    0x000F0341,                /* 113D  move L15 <- L3 */
    0x00100140,                /* 113E  i8 L16 <- 1 */
    0x000E02A0, 0x00010000,    /* 113F  call base=L14 argc=2 nres=1 */
    0x00070E41,                /* 1141  move L7 <- L14 */
    0x0001074E,                /* 1142  jnerr L7, +1 */
    0x00070003,                /* 1143  lnil L7 */
    0x00420E42,                /* 1144  gget L14 <- g66   (compile_expr) */
    0x000F0741,                /* 1145  move L15 <- L7 */
    0x00108141,                /* 1146  move L16 <- P1 */
    0x00110003,                /* 1147  lnil L17 */
    0x000E03A0, 0x00010000,    /* 1148  call base=L14 argc=3 nres=1 */
    0x00080E41,                /* 114A  move L8 <- L14 */
    0x00270E46,                /* 114B  lconst L14 <- static#39   ("error") */
    0x000F0097, 0x0008000E,    /* 114C  is L15 <- L8 is L14 */
    0x00010F4B,                /* 114E  jf L15, +1 */
    0x00080102,                /* 114F  return L8 count=1 */
    0x000E0041,                /* 1150  move L14 <- L0 */
    0x000F0841,                /* 1151  move L15 <- L8 */
    0x000E01A2, 0x00100001,    /* 1152  msg base=L14 argc=1 msg#16 nres=1   (append) */
    0x0026004F,                /* 1154  jmp +38 */
    0x00440E45,                /* 1155  lsym L14 <- sym#68   ("kwarg") */
    0x000F008F, 0x0004000E,    /* 1156  eq L15 <- L4 == L14 */
    0x00220F4B,                /* 1158  jf L15, +34 */
    0x00030E42,                /* 1159  gget L14 <- g3   (_field) */
    0x000F0341,                /* 115A  move L15 <- L3 */
    0x00100140,                /* 115B  i8 L16 <- 1 */
    0x000E02A0, 0x00010000,    /* 115C  call base=L14 argc=2 nres=1 */
    0x000A0E41,                /* 115E  move L10 <- L14 */
    0x00010A4E,                /* 115F  jnerr L10, +1 */
    0x000A0003,                /* 1160  lnil L10 */
    0x00030E42,                /* 1161  gget L14 <- g3   (_field) */
    0x000F0341,                /* 1162  move L15 <- L3 */
    0x00100240,                /* 1163  i8 L16 <- 2 */
    0x000E02A0, 0x00010000,    /* 1164  call base=L14 argc=2 nres=1 */
    0x000B0E41,                /* 1166  move L11 <- L14 */
    0x00010B4E,                /* 1167  jnerr L11, +1 */
    0x000B0003,                /* 1168  lnil L11 */
    0x000E0141,                /* 1169  move L14 <- L1 */
    0x005D0F45,                /* 116A  lsym L15 <- sym#93   ("str") */
    0x00501042,                /* 116B  gget L16 <- g80   (str) */
    0x00110A41,                /* 116C  move L17 <- L10 */
    0x001001A0, 0x00010000,    /* 116D  call base=L16 argc=1 nres=1 */
    0x00110284, 0x000F0000,    /* 116F  plist L17 <- L15, 2 items */
    0x000F1141,                /* 1171  move L15 <- L17 */
    0x000E01A2, 0x00100001,    /* 1172  msg base=L14 argc=1 msg#16 nres=1   (append) */
    0x000E0141,                /* 1174  move L14 <- L1 */
    0x000F0B41,                /* 1175  move L15 <- L11 */
    0x000E01A2, 0x00100001,    /* 1176  msg base=L14 argc=1 msg#16 nres=1   (append) */
    0x000E0140,                /* 1178  i8 L14 <- 1 */
    0x00020085, 0x0002000E,    /* 1179  add L2 <- L2 + L14 */
    0xFF98004F,                /* 117B  jmp -104 */
    0x00520E42,                /* 117C  gget L14 <- g82   (len) */
    0x000F0141,                /* 117D  move L15 <- L1 */
    0x000E01A0, 0x00010000,    /* 117E  call base=L14 argc=1 nres=1 */
    0x000F0040,                /* 1180  i8 L15 <- 0 */
    0x000D0093, 0x000E000F,    /* 1181  gt L13 <- L14 > L15 */
    0x00070D4C,                /* 1183  jt L13, +7 */
    0x00520E42,                /* 1184  gget L14 <- g82   (len) */
    0x000F0041,                /* 1185  move L15 <- L0 */
    0x000E01A0, 0x00010000,    /* 1186  call base=L14 argc=1 nres=1 */
    0x000F0040,                /* 1188  i8 L15 <- 0 */
    0x000D008F, 0x000E000F,    /* 1189  eq L13 <- L14 == L15 */
    0x00120D4B,                /* 118B  jf L13, +18 */
    0x003B0D42,                /* 118C  gget L13 <- g59   (_collection) */
    0x000E8141,                /* 118D  move L14 <- P1 */
    0x00340F45,                /* 118E  lsym L15 <- sym#52   ("dict") */
    0x00100141,                /* 118F  move L16 <- L1 */
    0x00110241,                /* 1190  move L17 <- L2 */
    0x00120003,                /* 1191  lnil L18 */
    0x000D05A0, 0x00010000,    /* 1192  call base=L13 argc=5 nres=1 */
    0x000C0D41,                /* 1194  move L12 <- L13 */
    0x00270D46,                /* 1195  lconst L13 <- static#39   ("error") */
    0x000E0097, 0x000C000D,    /* 1196  is L14 <- L12 is L13 */
    0x00010E4B,                /* 1198  jf L14, +1 */
    0x000C0102,                /* 1199  return L12 count=1 */
    0x000D0041,                /* 119A  move L13 <- L0 */
    0x000E0C41,                /* 119B  move L14 <- L12 */
    0x000D01A2, 0x00100001,    /* 119C  msg base=L13 argc=1 msg#16 nres=1   (append) */
    0x003C0D42,                /* 119E  gget L13 <- g60   (_concatenate) */
    0x000E8141,                /* 119F  move L14 <- P1 */
    0x000F0041,                /* 11A0  move L15 <- L0 */
    0x000D02A0, 0x00010000,    /* 11A1  call base=L13 argc=2 nres=1 */
    0x000D0102,                /* 11A3  return L13 count=1 */
    0x00138041,                /* 11A4  move L19 <- P0 */
    0x001300A2, 0x000B0001,    /* 11A5  msg base=L19 argc=0 msg#11 nres=1   (mark) */
    0x00001341,                /* 11A7  move L0 <- L19 */
    0x00138041,                /* 11A8  move L19 <- P0 */
    0x001300A2, 0x00030001,    /* 11A9  msg base=L19 argc=0 msg#3 nres=1   (push) */
    0x00011341,                /* 11AB  move L1 <- L19 */
    0x00271346,                /* 11AC  lconst L19 <- static#39   ("error") */
    0x00140097, 0x00010013,    /* 11AD  is L20 <- L1 is L19 */
    0x0001144B,                /* 11AF  jf L20, +1 */
    0x00010102,                /* 11B0  return L1 count=1 */
    0x00138041,                /* 11B1  move L19 <- P0 */
    0x001300A2, 0x00030001,    /* 11B2  msg base=L19 argc=0 msg#3 nres=1   (push) */
    0x00021341,                /* 11B4  move L2 <- L19 */
    0x00271346,                /* 11B5  lconst L19 <- static#39   ("error") */
    0x00140097, 0x00020013,    /* 11B6  is L20 <- L2 is L19 */
    0x0001144B,                /* 11B8  jf L20, +1 */
    0x00020102,                /* 11B9  return L2 count=1 */
    0x00138041,                /* 11BA  move L19 <- P0 */
    0x001300A2, 0x00030001,    /* 11BB  msg base=L19 argc=0 msg#3 nres=1   (push) */
    0x00031341,                /* 11BD  move L3 <- L19 */
    0x00271346,                /* 11BE  lconst L19 <- static#39   ("error") */
    0x00140097, 0x00030013,    /* 11BF  is L20 <- L3 is L19 */
    0x0001144B,                /* 11C1  jf L20, +1 */
    0x00030102,                /* 11C2  return L3 count=1 */
    0x001B1346,                /* 11C3  lconst L19 <- static#27   ("nil") */
    0x00140097, 0x80060013,    /* 11C4  is L20 <- P6 is L19 */
    0x001E144B,                /* 11C6  jf L20, +30 */
    0x00211346,                /* 11C7  lconst L19 <- static#33   ("sym") */
    0x00140097, 0x80030013,    /* 11C8  is L20 <- P3 is L19 */
    0x000D144B,                /* 11CA  jf L20, +13 */
    0x00121342,                /* 11CB  gget L19 <- g18   (resolve_name) */
    0x00148341,                /* 11CC  move L20 <- P3 */
    0x00158041,                /* 11CD  move L21 <- P0 */
    0x00160141,                /* 11CE  move L22 <- L1 */
    0x001303A0, 0x00010000,    /* 11CF  call base=L19 argc=3 nres=1 */
    0x000D1341,                /* 11D1  move L13 <- L19 */
    0x00271346,                /* 11D2  lconst L19 <- static#39   ("error") */
    0x00140097, 0x000D0013,    /* 11D3  is L20 <- L13 is L19 */
    0x0001144B,                /* 11D5  jf L20, +1 */
    0x000D0102,                /* 11D6  return L13 count=1 */
    0x000C004F,                /* 11D7  jmp +12 */
    0x00421342,                /* 11D8  gget L19 <- g66   (compile_expr) */
    0x00148341,                /* 11D9  move L20 <- P3 */
    0x00158041,                /* 11DA  move L21 <- P0 */
    0x00160141,                /* 11DB  move L22 <- L1 */
    0x001303A0, 0x00010000,    /* 11DC  call base=L19 argc=3 nres=1 */
    0x000E1341,                /* 11DE  move L14 <- L19 */
    0x00271346,                /* 11DF  lconst L19 <- static#39   ("error") */
    0x00140097, 0x000E0013,    /* 11E0  is L20 <- L14 is L19 */
    0x0001144B,                /* 11E2  jf L20, +1 */
    0x000E0102,                /* 11E3  return L14 count=1 */
    0x000C004F,                /* 11E4  jmp +12 */
    0x00421342,                /* 11E5  gget L19 <- g66   (compile_expr) */
    0x00148641,                /* 11E6  move L20 <- P6 */
    0x00158041,                /* 11E7  move L21 <- P0 */
    0x00160141,                /* 11E8  move L22 <- L1 */
    0x001303A0, 0x00010000,    /* 11E9  call base=L19 argc=3 nres=1 */
    0x000F1341,                /* 11EB  move L15 <- L19 */
    0x00271346,                /* 11EC  lconst L19 <- static#39   ("error") */
    0x00140097, 0x000F0013,    /* 11ED  is L20 <- L15 is L19 */
    0x0001144B,                /* 11EF  jf L20, +1 */
    0x000F0102,                /* 11F0  return L15 count=1 */
    0x00138041,                /* 11F1  move L19 <- P0 */
    0x001300A2, 0x000B0001,    /* 11F2  msg base=L19 argc=0 msg#11 nres=1   (mark) */
    0x00041341,                /* 11F4  move L4 <- L19 */
    0x003D1342,                /* 11F5  gget L19 <- g61   (_positional_argument_tuple) */
    0x00148441,                /* 11F6  move L20 <- P4 */
    0x00158041,                /* 11F7  move L21 <- P0 */
    0x001302A0, 0x00010000,    /* 11F8  call base=L19 argc=2 nres=1 */
    0x00051341,                /* 11FA  move L5 <- L19 */
    0x00271346,                /* 11FB  lconst L19 <- static#39   ("error") */
    0x00140097, 0x00050013,    /* 11FC  is L20 <- L5 is L19 */
    0x0001144B,                /* 11FE  jf L20, +1 */
    0x00050102,                /* 11FF  return L5 count=1 */
    0x00081342,                /* 1200  gget L19 <- g8   (_emit_pairable) */
    0x00148041,                /* 1201  move L20 <- P0 */
    0x00161545,                /* 1202  lsym L21 <- sym#22   ("move") */
    0x00160241,                /* 1203  move L22 <- L2 */
    0x00170541,                /* 1204  move L23 <- L5 */
    0x001304A0, 0x00010000,    /* 1205  call base=L19 argc=4 nres=1 */
    0x00061341,                /* 1207  move L6 <- L19 */
    0x00271346,                /* 1208  lconst L19 <- static#39   ("error") */
    0x00140097, 0x00060013,    /* 1209  is L20 <- L6 is L19 */
    0x0001144B,                /* 120B  jf L20, +1 */
    0x00060102,                /* 120C  return L6 count=1 */
    0x00138041,                /* 120D  move L19 <- P0 */
    0x00140441,                /* 120E  move L20 <- L4 */
    0x001301A2, 0x000C0001,    /* 120F  msg base=L19 argc=1 msg#12 nres=1   (free_to) */
    0x00071341,                /* 1211  move L7 <- L19 */
    0x00271346,                /* 1212  lconst L19 <- static#39   ("error") */
    0x00140097, 0x00070013,    /* 1213  is L20 <- L7 is L19 */
    0x0001144B,                /* 1215  jf L20, +1 */
    0x00070102,                /* 1216  return L7 count=1 */
    0x003E1342,                /* 1217  gget L19 <- g62   (_keyword_argument_dict) */
    0x00148441,                /* 1218  move L20 <- P4 */
    0x00158041,                /* 1219  move L21 <- P0 */
    0x001302A0, 0x00010000,    /* 121A  call base=L19 argc=2 nres=1 */
    0x00081341,                /* 121C  move L8 <- L19 */
    0x00271346,                /* 121D  lconst L19 <- static#39   ("error") */
    0x00140097, 0x00080013,    /* 121E  is L20 <- L8 is L19 */
    0x0001144B,                /* 1220  jf L20, +1 */
    0x00080102,                /* 1221  return L8 count=1 */
    0x00081342,                /* 1222  gget L19 <- g8   (_emit_pairable) */
    0x00148041,                /* 1223  move L20 <- P0 */
    0x00161545,                /* 1224  lsym L21 <- sym#22   ("move") */
    0x00160341,                /* 1225  move L22 <- L3 */
    0x00170841,                /* 1226  move L23 <- L8 */
    0x001304A0, 0x00010000,    /* 1227  call base=L19 argc=4 nres=1 */
    0x00091341,                /* 1229  move L9 <- L19 */
    0x00271346,                /* 122A  lconst L19 <- static#39   ("error") */
    0x00140097, 0x00090013,    /* 122B  is L20 <- L9 is L19 */
    0x0001144B,                /* 122D  jf L20, +1 */
    0x00090102,                /* 122E  return L9 count=1 */
    0x00138041,                /* 122F  move L19 <- P0 */
    0x00140441,                /* 1230  move L20 <- L4 */
    0x001301A2, 0x000C0001,    /* 1231  msg base=L19 argc=1 msg#12 nres=1   (free_to) */
    0x000A1341,                /* 1233  move L10 <- L19 */
    0x00271346,                /* 1234  lconst L19 <- static#39   ("error") */
    0x00140097, 0x000A0013,    /* 1235  is L20 <- L10 is L19 */
    0x0001144B,                /* 1237  jf L20, +1 */
    0x000A0102,                /* 1238  return L10 count=1 */
    0x00481345,                /* 1239  lsym L19 <- sym#72   ("call_va") */
    0x0014008F, 0x80020013,    /* 123A  eq L20 <- P2 == L19 */
    0x0016144B,                /* 123C  jf L20, +22 */
    0x00071342,                /* 123D  gget L19 <- g7   (_emit_pack) */
    0x00168041,                /* 123E  move L22 <- P0 */
    0x00178241,                /* 123F  move L23 <- P2 */
    0x00180281, 0x00160000,    /* 1240  tuple L24 <- L22, 2 items */
    0x00141841,                /* 1242  move L20 <- L24 */
    0x002E1646,                /* 1243  lconst L22 <- static#46   ("a0") */
    0x00170141,                /* 1244  move L23 <- L1 */
    0x002F1846,                /* 1245  lconst L24 <- static#47   ("a1") */
    0x00198141,                /* 1246  move L25 <- P1 */
    0x001A0283, 0x00160000,    /* 1247  dict L26 <- L22, 2 pairs */
    0x00151A41,                /* 1249  move L21 <- L26 */
    0x001300A1, 0x00010000,    /* 124A  call_va base=L19 nres=1 */
    0x00101341,                /* 124C  move L16 <- L19 */
    0x00271346,                /* 124D  lconst L19 <- static#39   ("error") */
    0x00140097, 0x00100013,    /* 124E  is L20 <- L16 is L19 */
    0x0001144B,                /* 1250  jf L20, +1 */
    0x00100102,                /* 1251  return L16 count=1 */
    0x0017004F,                /* 1252  jmp +23 */
    0x00071342,                /* 1253  gget L19 <- g7   (_emit_pack) */
    0x00168041,                /* 1254  move L22 <- P0 */
    0x00178241,                /* 1255  move L23 <- P2 */
    0x00180281, 0x00160000,    /* 1256  tuple L24 <- L22, 2 items */
    0x00141841,                /* 1258  move L20 <- L24 */
    0x002E1646,                /* 1259  lconst L22 <- static#46   ("a0") */
    0x00170141,                /* 125A  move L23 <- L1 */
    0x002F1846,                /* 125B  lconst L24 <- static#47   ("a1") */
    0x00198541,                /* 125C  move L25 <- P5 */
    0x00301A46,                /* 125D  lconst L26 <- static#48   ("a2") */
    0x001B8141,                /* 125E  move L27 <- P1 */
    0x001C0383, 0x00160000,    /* 125F  dict L28 <- L22, 3 pairs */
    0x00151C41,                /* 1261  move L21 <- L28 */
    0x001300A1, 0x00010000,    /* 1262  call_va base=L19 nres=1 */
    0x00111341,                /* 1264  move L17 <- L19 */
    0x00271346,                /* 1265  lconst L19 <- static#39   ("error") */
    0x00140097, 0x00110013,    /* 1266  is L20 <- L17 is L19 */
    0x0001144B,                /* 1268  jf L20, +1 */
    0x00110102,                /* 1269  return L17 count=1 */
    0x00041342,                /* 126A  gget L19 <- g4   (_max2) */
    0x00148141,                /* 126B  move L20 <- P1 */
    0x00150340,                /* 126C  i8 L21 <- 3 */
    0x001302A0, 0x00010000,    /* 126D  call base=L19 argc=2 nres=1 */
    0x000B0085, 0x00000013,    /* 126F  add L11 <- L0 + L19 */
    0x00138041,                /* 1271  move L19 <- P0 */
    0x001300A2, 0x000B0001,    /* 1272  msg base=L19 argc=0 msg#11 nres=1   (mark) */
    0x00140091, 0x0013000B,    /* 1274  lt L20 <- L19 < L11 */
    0x000A144B,                /* 1276  jf L20, +10 */
    0x00138041,                /* 1277  move L19 <- P0 */
    0x001300A2, 0x00030001,    /* 1278  msg base=L19 argc=0 msg#3 nres=1   (push) */
    0x00121341,                /* 127A  move L18 <- L19 */
    0x00271346,                /* 127B  lconst L19 <- static#39   ("error") */
    0x00140097, 0x00120013,    /* 127C  is L20 <- L18 is L19 */
    0x0001144B,                /* 127E  jf L20, +1 */
    0x00120102,                /* 127F  return L18 count=1 */
    0xFFF0004F,                /* 1280  jmp -16 */
    0x00138041,                /* 1281  move L19 <- P0 */
    0x00041442,                /* 1282  gget L20 <- g4   (_max2) */
    0x00158141,                /* 1283  move L21 <- P1 */
    0x00160140,                /* 1284  i8 L22 <- 1 */
    0x001402A0, 0x00010000,    /* 1285  call base=L20 argc=2 nres=1 */
    0x00150085, 0x00000014,    /* 1287  add L21 <- L0 + L20 */
    0x00141541,                /* 1289  move L20 <- L21 */
    0x001301A2, 0x000C0001,    /* 128A  msg base=L19 argc=1 msg#12 nres=1   (free_to) */
    0x000C1341,                /* 128C  move L12 <- L19 */
    0x00271346,                /* 128D  lconst L19 <- static#39   ("error") */
    0x00140097, 0x000C0013,    /* 128E  is L20 <- L12 is L19 */
    0x0001144B,                /* 1290  jf L20, +1 */
    0x000C0102,                /* 1291  return L12 count=1 */
    0x00010102,                /* 1292  return L1 count=1 */
    0x000A0842,                /* 1293  gget L8 <- g10   (_target) */
    0x00098141,                /* 1294  move L9 <- P1 */
    0x000A8241,                /* 1295  move L10 <- P2 */
    0x000802A0, 0x00010000,    /* 1296  call base=L8 argc=2 nres=1 */
    0x00000841,                /* 1298  move L0 <- L8 */
    0x00270846,                /* 1299  lconst L8 <- static#39   ("error") */
    0x00090097, 0x00000008,    /* 129A  is L9 <- L0 is L8 */
    0x0001094B,                /* 129C  jf L9, +1 */
    0x00000102,                /* 129D  return L0 count=1 */
    0x00088141,                /* 129E  move L8 <- P1 */
    0x000800A2, 0x000B0001,    /* 129F  msg base=L8 argc=0 msg#11 nres=1   (mark) */
    0x00010841,                /* 12A1  move L1 <- L8 */
    0x000800AE, 0x80000000,    /* 12A2  iter L8 <- P0 */
    0x000500AF, 0x00080016,    /* 12A4  itnext L5 <- L8, done +22 */
    0x00098141,                /* 12A6  move L9 <- P1 */
    0x000900A2, 0x00030001,    /* 12A7  msg base=L9 argc=0 msg#3 nres=1   (push) */
    0x00060941,                /* 12A9  move L6 <- L9 */
    0x00270946,                /* 12AA  lconst L9 <- static#39   ("error") */
    0x000A0097, 0x00060009,    /* 12AB  is L10 <- L6 is L9 */
    0x00010A4B,                /* 12AD  jf L10, +1 */
    0x00060102,                /* 12AE  return L6 count=1 */
    0x00410942,                /* 12AF  gget L9 <- g65   (emit_value) */
    0x000A0541,                /* 12B0  move L10 <- L5 */
    0x000B8141,                /* 12B1  move L11 <- P1 */
    0x000C0641,                /* 12B2  move L12 <- L6 */
    0x000903A0, 0x00010000,    /* 12B3  call base=L9 argc=3 nres=1 */
    0x00070941,                /* 12B5  move L7 <- L9 */
    0x00270946,                /* 12B6  lconst L9 <- static#39   ("error") */
    0x000A0097, 0x00070009,    /* 12B7  is L10 <- L7 is L9 */
    0x00010A4B,                /* 12B9  jf L10, +1 */
    0x00070102,                /* 12BA  return L7 count=1 */
    0xFFE8004F,                /* 12BB  jmp -24 */
    0x00020041,                /* 12BC  move L2 <- L0 */
    0x00520842,                /* 12BD  gget L8 <- g82   (len) */
    0x00098041,                /* 12BE  move L9 <- P0 */
    0x000801A0, 0x00010000,    /* 12BF  call base=L8 argc=1 nres=1 */
    0x00090040,                /* 12C1  i8 L9 <- 0 */
    0x000A0093, 0x00080009,    /* 12C2  gt L10 <- L8 > L9 */
    0x00050A4B,                /* 12C4  jf L10, +5 */
    0x00540842,                /* 12C5  gget L8 <- g84   (L) */
    0x00090141,                /* 12C6  move L9 <- L1 */
    0x000801A0, 0x00010000,    /* 12C7  call base=L8 argc=1 nres=1 */
    0x00020841,                /* 12C9  move L2 <- L8 */
    0x00070842,                /* 12CA  gget L8 <- g7   (_emit_pack) */
    0x000B8141,                /* 12CB  move L11 <- P1 */
    0x000C8341,                /* 12CC  move L12 <- P3 */
    0x000D0281, 0x000B0000,    /* 12CD  tuple L13 <- L11, 2 items */
    0x00090D41,                /* 12CF  move L9 <- L13 */
    0x002E0B46,                /* 12D0  lconst L11 <- static#46   ("a0") */
    0x000C0041,                /* 12D1  move L12 <- L0 */
    0x002F0D46,                /* 12D2  lconst L13 <- static#47   ("a1") */
    0x000E0241,                /* 12D3  move L14 <- L2 */
    0x002D0F46,                /* 12D4  lconst L15 <- static#45   ("f") */
    0x00521042,                /* 12D5  gget L16 <- g82   (len) */
    0x00118041,                /* 12D6  move L17 <- P0 */
    0x001001A0, 0x00010000,    /* 12D7  call base=L16 argc=1 nres=1 */
    0x00110383, 0x000B0000,    /* 12D9  dict L17 <- L11, 3 pairs */
    0x000A1141,                /* 12DB  move L10 <- L17 */
    0x000800A1, 0x00010000,    /* 12DC  call_va base=L8 nres=1 */
    0x00030841,                /* 12DE  move L3 <- L8 */
    0x00270846,                /* 12DF  lconst L8 <- static#39   ("error") */
    0x00090097, 0x00030008,    /* 12E0  is L9 <- L3 is L8 */
    0x0001094B,                /* 12E2  jf L9, +1 */
    0x00030102,                /* 12E3  return L3 count=1 */
    0x00088141,                /* 12E4  move L8 <- P1 */
    0x00090141,                /* 12E5  move L9 <- L1 */
    0x000801A2, 0x000C0001,    /* 12E6  msg base=L8 argc=1 msg#12 nres=1   (free_to) */
    0x00040841,                /* 12E8  move L4 <- L8 */
    0x00270846,                /* 12E9  lconst L8 <- static#39   ("error") */
    0x00090097, 0x00040008,    /* 12EA  is L9 <- L4 is L8 */
    0x0001094B,                /* 12EC  jf L9, +1 */
    0x00040102,                /* 12ED  return L4 count=1 */
    0x00000102,                /* 12EE  return L0 count=1 */
    0x00210F46,                /* 12EF  lconst L15 <- static#33   ("sym") */
    0x00100097, 0x8000000F,    /* 12F0  is L16 <- P0 is L15 */
    0x0029104B,                /* 12F2  jf L16, +41 */
    0x0010009A, 0x80010019,    /* 12F3  getattr L16 <- P1.sym#25   ("module") */
    0x000F009A, 0x0010001A,    /* 12F5  getattr L15 <- L16.sym#26   ("image") */
    0x00501042,                /* 12F7  gget L16 <- g80   (str) */
    0x00118041,                /* 12F8  move L17 <- P0 */
    0x001001A0, 0x00010000,    /* 12F9  call base=L16 argc=1 nres=1 */
    0x000F01A2, 0x00050001,    /* 12FB  msg base=L15 argc=1 msg#5 nres=1   (add_symbol) */
    0x00000F41,                /* 12FD  move L0 <- L15 */
    0x00270F46,                /* 12FE  lconst L15 <- static#39   ("error") */
    0x00100097, 0x0000000F,    /* 12FF  is L16 <- L0 is L15 */
    0x0001104B,                /* 1301  jf L16, +1 */
    0x00000102,                /* 1302  return L0 count=1 */
    0x000A0F42,                /* 1303  gget L15 <- g10   (_target) */
    0x00108141,                /* 1304  move L16 <- P1 */
    0x00118241,                /* 1305  move L17 <- P2 */
    0x000F02A0, 0x00010000,    /* 1306  call base=L15 argc=2 nres=1 */
    0x00010F41,                /* 1308  move L1 <- L15 */
    0x00270F46,                /* 1309  lconst L15 <- static#39   ("error") */
    0x00100097, 0x0001000F,    /* 130A  is L16 <- L1 is L15 */
    0x0001104B,                /* 130C  jf L16, +1 */
    0x00010102,                /* 130D  return L1 count=1 */
    0x00080F42,                /* 130E  gget L15 <- g8   (_emit_pairable) */
    0x00108141,                /* 130F  move L16 <- P1 */
    0x001F1145,                /* 1310  lsym L17 <- sym#31   ("lsym") */
    0x00120041,                /* 1311  move L18 <- L0 */
    0x00130141,                /* 1312  move L19 <- L1 */
    0x000F04A0, 0x00010000,    /* 1313  call base=L15 argc=4 nres=1 */
    0x00020F41,                /* 1315  move L2 <- L15 */
    0x00270F46,                /* 1316  lconst L15 <- static#39   ("error") */
    0x00100097, 0x0002000F,    /* 1317  is L16 <- L2 is L15 */
    0x0001104B,                /* 1319  jf L16, +1 */
    0x00020102,                /* 131A  return L2 count=1 */
    0x00010102,                /* 131B  return L1 count=1 */
    0x001B0F46,                /* 131C  lconst L15 <- static#27   ("nil") */
    0x00100097, 0x8000000F,    /* 131D  is L16 <- P0 is L15 */
    0x001F104B,                /* 131F  jf L16, +31 */
    0x000A0F42,                /* 1320  gget L15 <- g10   (_target) */
    0x00108141,                /* 1321  move L16 <- P1 */
    0x00118241,                /* 1322  move L17 <- P2 */
    0x000F02A0, 0x00010000,    /* 1323  call base=L15 argc=2 nres=1 */
    0x00030F41,                /* 1325  move L3 <- L15 */
    0x00270F46,                /* 1326  lconst L15 <- static#39   ("error") */
    0x00100097, 0x0003000F,    /* 1327  is L16 <- L3 is L15 */
    0x0001104B,                /* 1329  jf L16, +1 */
    0x00030102,                /* 132A  return L3 count=1 */
    0x00070F42,                /* 132B  gget L15 <- g7   (_emit_pack) */
    0x00128141,                /* 132C  move L18 <- P1 */
    0x002D1345,                /* 132D  lsym L19 <- sym#45   ("lnil") */
    0x00140281, 0x00120000,    /* 132E  tuple L20 <- L18, 2 items */
    0x00101441,                /* 1330  move L16 <- L20 */
    0x002E1246,                /* 1331  lconst L18 <- static#46   ("a0") */
    0x00130341,                /* 1332  move L19 <- L3 */
    0x00140183, 0x00120000,    /* 1333  dict L20 <- L18, 1 pairs */
    0x00111441,                /* 1335  move L17 <- L20 */
    0x000F00A1, 0x00010000,    /* 1336  call_va base=L15 nres=1 */
    0x00040F41,                /* 1338  move L4 <- L15 */
    0x00270F46,                /* 1339  lconst L15 <- static#39   ("error") */
    0x00100097, 0x0004000F,    /* 133A  is L16 <- L4 is L15 */
    0x0001104B,                /* 133C  jf L16, +1 */
    0x00040102,                /* 133D  return L4 count=1 */
    0x00030102,                /* 133E  return L3 count=1 */
    0x001C0F46,                /* 133F  lconst L15 <- static#28   ("bool") */
    0x00100097, 0x8000000F,    /* 1340  is L16 <- P0 is L15 */
    0x0007104B,                /* 1342  jf L16, +7 */
    0x000F0F42,                /* 1343  gget L15 <- g15   (_bool_lit) */
    0x00108041,                /* 1344  move L16 <- P0 */
    0x00118141,                /* 1345  move L17 <- P1 */
    0x00128241,                /* 1346  move L18 <- P2 */
    0x000F03A0, 0x00010000,    /* 1347  call base=L15 argc=3 nres=1 */
    0x000F0102,                /* 1349  return L15 count=1 */
    0x001D0F46,                /* 134A  lconst L15 <- static#29   ("int") */
    0x00100097, 0x8000000F,    /* 134B  is L16 <- P0 is L15 */
    0x0030104B,                /* 134D  jf L16, +48 */
    0x00431042,                /* 134E  gget L16 <- g67   (INT32_MIN) */
    0x000F0091, 0x80000010,    /* 134F  lt L15 <- P0 < L16 */
    0x00030F4C,                /* 1351  jt L15, +3 */
    0x00441042,                /* 1352  gget L16 <- g68   (INT32_MAX) */
    0x000F0093, 0x80000010,    /* 1353  gt L15 <- P0 > L16 */
    0x000F0F4B,                /* 1355  jf L15, +15 */
    0x004A0F42,                /* 1356  gget L15 <- g74   (error) */
    0x00501046,                /* 1357  lconst L16 <- static#80   ("integer ") */
    0x00501142,                /* 1358  gget L17 <- g80   (str) */
    0x00128041,                /* 1359  move L18 <- P0 */
    0x001101A0, 0x00010000,    /* 135A  call base=L17 argc=1 nres=1 */
    0x00120085, 0x00100011,    /* 135C  add L18 <- L16 + L17 */
    0x00511346,                /* 135E  lconst L19 <- static#81   (" in a tree does not fit in an i32") */
    0x00140085, 0x00120013,    /* 135F  add L20 <- L18 + L19 */
    0x00101441,                /* 1361  move L16 <- L20 */
    0x000F01A0, 0x00010000,    /* 1362  call base=L15 argc=1 nres=1 */
    0x000F0102,                /* 1364  return L15 count=1 */
    0x000A0F42,                /* 1365  gget L15 <- g10   (_target) */
    0x00108141,                /* 1366  move L16 <- P1 */
    0x00118241,                /* 1367  move L17 <- P2 */
    0x000F02A0, 0x00010000,    /* 1368  call base=L15 argc=2 nres=1 */
    0x00050F41,                /* 136A  move L5 <- L15 */
    0x00270F46,                /* 136B  lconst L15 <- static#39   ("error") */
    0x00100097, 0x0005000F,    /* 136C  is L16 <- L5 is L15 */
    0x0001104B,                /* 136E  jf L16, +1 */
    0x00050102,                /* 136F  return L5 count=1 */
    0x00080F42,                /* 1370  gget L15 <- g8   (_emit_pairable) */
    0x00108141,                /* 1371  move L16 <- P1 */
    0x001D1145,                /* 1372  lsym L17 <- sym#29   ("i8") */
    0x00120541,                /* 1373  move L18 <- L5 */
    0x00138041,                /* 1374  move L19 <- P0 */
    0x000F04A0, 0x00010000,    /* 1375  call base=L15 argc=4 nres=1 */
    0x00060F41,                /* 1377  move L6 <- L15 */
    0x00270F46,                /* 1378  lconst L15 <- static#39   ("error") */
    0x00100097, 0x0006000F,    /* 1379  is L16 <- L6 is L15 */
    0x0001104B,                /* 137B  jf L16, +1 */
    0x00060102,                /* 137C  return L6 count=1 */
    0x00050102,                /* 137D  return L5 count=1 */
    0x001F0F46,                /* 137E  lconst L15 <- static#31   ("float") */
    0x00100097, 0x8000000F,    /* 137F  is L16 <- P0 is L15 */
    0x0026104B,                /* 1381  jf L16, +38 */
    0x000A0F42,                /* 1382  gget L15 <- g10   (_target) */
    0x00108141,                /* 1383  move L16 <- P1 */
    0x00118241,                /* 1384  move L17 <- P2 */
    0x000F02A0, 0x00010000,    /* 1385  call base=L15 argc=2 nres=1 */
    0x00070F41,                /* 1387  move L7 <- L15 */
    0x00270F46,                /* 1388  lconst L15 <- static#39   ("error") */
    0x00100097, 0x0007000F,    /* 1389  is L16 <- L7 is L15 */
    0x0001104B,                /* 138B  jf L16, +1 */
    0x00070102,                /* 138C  return L7 count=1 */
    0x00060F42,                /* 138D  gget L15 <- g6   (_f32_bits) */
    0x00108041,                /* 138E  move L16 <- P0 */
    0x000F01A0, 0x00010000,    /* 138F  call base=L15 argc=1 nres=1 */
    0x00080F41,                /* 1391  move L8 <- L15 */
    0x00070F42,                /* 1392  gget L15 <- g7   (_emit_pack) */
    0x00128141,                /* 1393  move L18 <- P1 */
    0x001C1345,                /* 1394  lsym L19 <- sym#28   ("f32") */
    0x00140281, 0x00120000,    /* 1395  tuple L20 <- L18, 2 items */
    0x00101441,                /* 1397  move L16 <- L20 */
    0x002E1246,                /* 1398  lconst L18 <- static#46   ("a0") */
    0x00130741,                /* 1399  move L19 <- L7 */
    0x00311446,                /* 139A  lconst L20 <- static#49   ("w1") */
    0x00150841,                /* 139B  move L21 <- L8 */
    0x00160283, 0x00120000,    /* 139C  dict L22 <- L18, 2 pairs */
    0x00111641,                /* 139E  move L17 <- L22 */
    0x000F00A1, 0x00010000,    /* 139F  call_va base=L15 nres=1 */
    0x00090F41,                /* 13A1  move L9 <- L15 */
    0x00270F46,                /* 13A2  lconst L15 <- static#39   ("error") */
    0x00100097, 0x0009000F,    /* 13A3  is L16 <- L9 is L15 */
    0x0001104B,                /* 13A5  jf L16, +1 */
    0x00090102,                /* 13A6  return L9 count=1 */
    0x00070102,                /* 13A7  return L7 count=1 */
    0x00200F46,                /* 13A8  lconst L15 <- static#32   ("str") */
    0x00100097, 0x8000000F,    /* 13A9  is L16 <- P0 is L15 */
    0x0026104B,                /* 13AB  jf L16, +38 */
    0x0010009A, 0x80010019,    /* 13AC  getattr L16 <- P1.sym#25   ("module") */
    0x000F009A, 0x0010001A,    /* 13AE  getattr L15 <- L16.sym#26   ("image") */
    0x00108041,                /* 13B0  move L16 <- P0 */
    0x000F01A2, 0x00040001,    /* 13B1  msg base=L15 argc=1 msg#4 nres=1   (add_static) */
    0x000A0F41,                /* 13B3  move L10 <- L15 */
    0x00270F46,                /* 13B4  lconst L15 <- static#39   ("error") */
    0x00100097, 0x000A000F,    /* 13B5  is L16 <- L10 is L15 */
    0x0001104B,                /* 13B7  jf L16, +1 */
    0x000A0102,                /* 13B8  return L10 count=1 */
    0x000A0F42,                /* 13B9  gget L15 <- g10   (_target) */
    0x00108141,                /* 13BA  move L16 <- P1 */
    0x00118241,                /* 13BB  move L17 <- P2 */
    0x000F02A0, 0x00010000,    /* 13BC  call base=L15 argc=2 nres=1 */
    0x000B0F41,                /* 13BE  move L11 <- L15 */
    0x00270F46,                /* 13BF  lconst L15 <- static#39   ("error") */
    0x00100097, 0x000B000F,    /* 13C0  is L16 <- L11 is L15 */
    0x0001104B,                /* 13C2  jf L16, +1 */
    0x000B0102,                /* 13C3  return L11 count=1 */
    0x00080F42,                /* 13C4  gget L15 <- g8   (_emit_pairable) */
    0x00108141,                /* 13C5  move L16 <- P1 */
    0x001B1145,                /* 13C6  lsym L17 <- sym#27   ("lconst") */
    0x00120A41,                /* 13C7  move L18 <- L10 */
    0x00130B41,                /* 13C8  move L19 <- L11 */
    0x000F04A0, 0x00010000,    /* 13C9  call base=L15 argc=4 nres=1 */
    0x000C0F41,                /* 13CB  move L12 <- L15 */
    0x00270F46,                /* 13CC  lconst L15 <- static#39   ("error") */
    0x00100097, 0x000C000F,    /* 13CD  is L16 <- L12 is L15 */
    0x0001104B,                /* 13CF  jf L16, +1 */
    0x000C0102,                /* 13D0  return L12 count=1 */
    0x000B0102,                /* 13D1  return L11 count=1 */
    0x00220F46,                /* 13D2  lconst L15 <- static#34   ("list") */
    0x00100097, 0x8000000F,    /* 13D3  is L16 <- P0 is L15 */
    0x0008104B,                /* 13D5  jf L16, +8 */
    0x00400F42,                /* 13D6  gget L15 <- g64   (_emit_sequence) */
    0x00108041,                /* 13D7  move L16 <- P0 */
    0x00118141,                /* 13D8  move L17 <- P1 */
    0x00128241,                /* 13D9  move L18 <- P2 */
    0x00331345,                /* 13DA  lsym L19 <- sym#51   ("list") */
    0x000F04A0, 0x00010000,    /* 13DB  call base=L15 argc=4 nres=1 */
    0x000F0102,                /* 13DD  return L15 count=1 */
    0x00260F46,                /* 13DE  lconst L15 <- static#38   ("pair") */
    0x00100097, 0x8000000F,    /* 13DF  is L16 <- P0 is L15 */
    0x0026104B,                /* 13E1  jf L16, +38 */
    0x000D0082, 0x000F0000,    /* 13E2  list L13 <- L15, 0 items */
    0x000E8041,                /* 13E4  move L14 <- P0 */
    0x00260F46,                /* 13E5  lconst L15 <- static#38   ("pair") */
    0x00100097, 0x000E000F,    /* 13E6  is L16 <- L14 is L15 */
    0x000D104B,                /* 13E8  jf L16, +13 */
    0x000F0D41,                /* 13E9  move L15 <- L13 */
    0x004C1042,                /* 13EA  gget L16 <- g76   (car) */
    0x00110E41,                /* 13EB  move L17 <- L14 */
    0x001001A0, 0x00010000,    /* 13EC  call base=L16 argc=1 nres=1 */
    0x000F01A2, 0x00100001,    /* 13EE  msg base=L15 argc=1 msg#16 nres=1   (append) */
    0x004B0F42,                /* 13F0  gget L15 <- g75   (cdr) */
    0x00100E41,                /* 13F1  move L16 <- L14 */
    0x000F01A0, 0x00010000,    /* 13F2  call base=L15 argc=1 nres=1 */
    0x000E0F41,                /* 13F4  move L14 <- L15 */
    0xFFEF004F,                /* 13F5  jmp -17 */
    0x001B0F46,                /* 13F6  lconst L15 <- static#27   ("nil") */
    0x00100097, 0x000E000F,    /* 13F7  is L16 <- L14 is L15 */
    0x0011104A,                /* 13F9  not L17 <- L16 */
    0x0005114B,                /* 13FA  jf L17, +5 */
    0x004A0F42,                /* 13FB  gget L15 <- g74   (error) */
    0x00521046,                /* 13FC  lconst L16 <- static#82   ("a pair with an improper tail has no bytecode form; only proper pair lists do") */
    0x000F01A0, 0x00010000,    /* 13FD  call base=L15 argc=1 nres=1 */
    0x000F0102,                /* 13FF  return L15 count=1 */
    0x00400F42,                /* 1400  gget L15 <- g64   (_emit_sequence) */
    0x00100D41,                /* 1401  move L16 <- L13 */
    0x00118141,                /* 1402  move L17 <- P1 */
    0x00128241,                /* 1403  move L18 <- P2 */
    0x00491345,                /* 1404  lsym L19 <- sym#73   ("plist") */
    0x000F04A0, 0x00010000,    /* 1405  call base=L15 argc=4 nres=1 */
    0x000F0102,                /* 1407  return L15 count=1 */
    0x004A0F42,                /* 1408  gget L15 <- g74   (error) */
    0x00531046,                /* 1409  lconst L16 <- static#83   ("value has no bytecode form; a tree can only hold symbols, strings, numbers, bools, nil, lists and pair lists") */
    0x000F01A0, 0x00010000,    /* 140A  call base=L15 argc=1 nres=1 */
    0x000F0102,                /* 140C  return L15 count=1 */
    0x00210346,                /* 140D  lconst L3 <- static#33   ("sym") */
    0x00040097, 0x80000003,    /* 140E  is L4 <- P0 is L3 */
    0x0007044B,                /* 1410  jf L4, +7 */
    0x00140342,                /* 1411  gget L3 <- g20   (_bare_symbol) */
    0x00048041,                /* 1412  move L4 <- P0 */
    0x00058141,                /* 1413  move L5 <- P1 */
    0x00068241,                /* 1414  move L6 <- P2 */
    0x000303A0, 0x00010000,    /* 1415  call base=L3 argc=3 nres=1 */
    0x00030102,                /* 1417  return L3 count=1 */
    0x00260346,                /* 1418  lconst L3 <- static#38   ("pair") */
    0x00040097, 0x80000003,    /* 1419  is L4 <- P0 is L3 */
    0x0005044A,                /* 141B  not L5 <- L4 */
    0x000C054B,                /* 141C  jf L5, +12 */
    0x004A0342,                /* 141D  gget L3 <- g74   (error) */
    0x00540446,                /* 141E  lconst L4 <- static#84   ("not an expression: ") */
    0x00500542,                /* 141F  gget L5 <- g80   (str) */
    0x00068041,                /* 1420  move L6 <- P0 */
    0x000501A0, 0x00010000,    /* 1421  call base=L5 argc=1 nres=1 */
    0x00060085, 0x00040005,    /* 1423  add L6 <- L4 + L5 */
    0x00040641,                /* 1425  move L4 <- L6 */
    0x000301A0, 0x00010000,    /* 1426  call base=L3 argc=1 nres=1 */
    0x00030102,                /* 1428  return L3 count=1 */
    0x00510342,                /* 1429  gget L3 <- g81   (node_kind) */
    0x00048041,                /* 142A  move L4 <- P0 */
    0x000301A0, 0x00010000,    /* 142B  call base=L3 argc=1 nres=1 */
    0x00000341,                /* 142D  move L0 <- L3 */
    0x001B0346,                /* 142E  lconst L3 <- static#27   ("nil") */
    0x00040097, 0x00000003,    /* 142F  is L4 <- L0 is L3 */
    0x000C044B,                /* 1431  jf L4, +12 */
    0x004A0342,                /* 1432  gget L3 <- g74   (error) */
    0x00540446,                /* 1433  lconst L4 <- static#84   ("not an expression: ") */
    0x00500542,                /* 1434  gget L5 <- g80   (str) */
    0x00068041,                /* 1435  move L6 <- P0 */
    0x000501A0, 0x00010000,    /* 1436  call base=L5 argc=1 nres=1 */
    0x00060085, 0x00040005,    /* 1438  add L6 <- L4 + L5 */
    0x00040641,                /* 143A  move L4 <- L6 */
    0x000301A0, 0x00010000,    /* 143B  call base=L3 argc=1 nres=1 */
    0x00030102,                /* 143D  return L3 count=1 */
    0x00500342,                /* 143E  gget L3 <- g80   (str) */
    0x00040041,                /* 143F  move L4 <- L0 */
    0x000301A0, 0x00010000,    /* 1440  call base=L3 argc=1 nres=1 */
    0x00010341,                /* 1442  move L1 <- L3 */
    0x00200346,                /* 1443  lconst L3 <- static#32   ("str") */
    0x0004008F, 0x00010003,    /* 1444  eq L4 <- L1 == L3 */
    0x0008044B,                /* 1446  jf L4, +8 */
    0x000B0342,                /* 1447  gget L3 <- g11   (_string) */
    0x00048041,                /* 1448  move L4 <- P0 */
    0x00058141,                /* 1449  move L5 <- P1 */
    0x00068241,                /* 144A  move L6 <- P2 */
    0x000303A0, 0x00010000,    /* 144B  call base=L3 argc=3 nres=1 */
    0x00030102,                /* 144D  return L3 count=1 */
    0x0175004F,                /* 144E  jmp +373 */
    0x001D0446,                /* 144F  lconst L4 <- static#29   ("int") */
    0x0003008F, 0x00010004,    /* 1450  eq L3 <- L1 == L4 */
    0x0003034C,                /* 1452  jt L3, +3 */
    0x001F0446,                /* 1453  lconst L4 <- static#31   ("float") */
    0x0003008F, 0x00010004,    /* 1454  eq L3 <- L1 == L4 */
    0x0008034B,                /* 1456  jf L3, +8 */
    0x000C0342,                /* 1457  gget L3 <- g12   (_number) */
    0x00048041,                /* 1458  move L4 <- P0 */
    0x00058141,                /* 1459  move L5 <- P1 */
    0x00068241,                /* 145A  move L6 <- P2 */
    0x000303A0, 0x00010000,    /* 145B  call base=L3 argc=3 nres=1 */
    0x00030102,                /* 145D  return L3 count=1 */
    0x0165004F,                /* 145E  jmp +357 */
    0x00550346,                /* 145F  lconst L3 <- static#85   ("char") */
    0x0004008F, 0x00010003,    /* 1460  eq L4 <- L1 == L3 */
    0x0008044B,                /* 1462  jf L4, +8 */
    0x000D0342,                /* 1463  gget L3 <- g13   (_char_lit) */
    0x00048041,                /* 1464  move L4 <- P0 */
    0x00058141,                /* 1465  move L5 <- P1 */
    0x00068241,                /* 1466  move L6 <- P2 */
    0x000303A0, 0x00010000,    /* 1467  call base=L3 argc=3 nres=1 */
    0x00030102,                /* 1469  return L3 count=1 */
    0x0159004F,                /* 146A  jmp +345 */
    0x00210346,                /* 146B  lconst L3 <- static#33   ("sym") */
    0x0004008F, 0x00010003,    /* 146C  eq L4 <- L1 == L3 */
    0x0008044B,                /* 146E  jf L4, +8 */
    0x000E0342,                /* 146F  gget L3 <- g14   (_symbol_lit) */
    0x00048041,                /* 1470  move L4 <- P0 */
    0x00058141,                /* 1471  move L5 <- P1 */
    0x00068241,                /* 1472  move L6 <- P2 */
    0x000303A0, 0x00010000,    /* 1473  call base=L3 argc=3 nres=1 */
    0x00030102,                /* 1475  return L3 count=1 */
    0x014D004F,                /* 1476  jmp +333 */
    0x00560346,                /* 1477  lconst L3 <- static#86   ("not") */
    0x0004008F, 0x00010003,    /* 1478  eq L4 <- L1 == L3 */
    0x0009044B,                /* 147A  jf L4, +9 */
    0x00150342,                /* 147B  gget L3 <- g21   (_unary) */
    0x00048041,                /* 147C  move L4 <- P0 */
    0x00058141,                /* 147D  move L5 <- P1 */
    0x00068241,                /* 147E  move L6 <- P2 */
    0x005E0745,                /* 147F  lsym L7 <- sym#94   ("not") */
    0x000304A0, 0x00010000,    /* 1480  call base=L3 argc=4 nres=1 */
    0x00030102,                /* 1482  return L3 count=1 */
    0x0140004F,                /* 1483  jmp +320 */
    0x00570346,                /* 1484  lconst L3 <- static#87   ("neg") */
    0x0004008F, 0x00010003,    /* 1485  eq L4 <- L1 == L3 */
    0x0009044B,                /* 1487  jf L4, +9 */
    0x00150342,                /* 1488  gget L3 <- g21   (_unary) */
    0x00048041,                /* 1489  move L4 <- P0 */
    0x00058141,                /* 148A  move L5 <- P1 */
    0x00068241,                /* 148B  move L6 <- P2 */
    0x005F0745,                /* 148C  lsym L7 <- sym#95   ("neg") */
    0x000304A0, 0x00010000,    /* 148D  call base=L3 argc=4 nres=1 */
    0x00030102,                /* 148F  return L3 count=1 */
    0x0133004F,                /* 1490  jmp +307 */
    0x00580346,                /* 1491  lconst L3 <- static#88   ("invert") */
    0x0004008F, 0x00010003,    /* 1492  eq L4 <- L1 == L3 */
    0x0009044B,                /* 1494  jf L4, +9 */
    0x00150342,                /* 1495  gget L3 <- g21   (_unary) */
    0x00048041,                /* 1496  move L4 <- P0 */
    0x00058141,                /* 1497  move L5 <- P1 */
    0x00068241,                /* 1498  move L6 <- P2 */
    0x00600745,                /* 1499  lsym L7 <- sym#96   ("inv") */
    0x000304A0, 0x00010000,    /* 149A  call base=L3 argc=4 nres=1 */
    0x00030102,                /* 149C  return L3 count=1 */
    0x0126004F,                /* 149D  jmp +294 */
    0x00590346,                /* 149E  lconst L3 <- static#89   ("pos") */
    0x0004008F, 0x00010003,    /* 149F  eq L4 <- L1 == L3 */
    0x0008044B,                /* 14A1  jf L4, +8 */
    0x00160342,                /* 14A2  gget L3 <- g22   (_pos) */
    0x00048041,                /* 14A3  move L4 <- P0 */
    0x00058141,                /* 14A4  move L5 <- P1 */
    0x00068241,                /* 14A5  move L6 <- P2 */
    0x000303A0, 0x00010000,    /* 14A6  call base=L3 argc=3 nres=1 */
    0x00030102,                /* 14A8  return L3 count=1 */
    0x011A004F,                /* 14A9  jmp +282 */
    0x005A0346,                /* 14AA  lconst L3 <- static#90   ("exp") */
    0x0004008F, 0x00010003,    /* 14AB  eq L4 <- L1 == L3 */
    0x0008044B,                /* 14AD  jf L4, +8 */
    0x00180342,                /* 14AE  gget L3 <- g24   (_exp) */
    0x00048041,                /* 14AF  move L4 <- P0 */
    0x00058141,                /* 14B0  move L5 <- P1 */
    0x00068241,                /* 14B1  move L6 <- P2 */
    0x000303A0, 0x00010000,    /* 14B2  call base=L3 argc=3 nres=1 */
    0x00030102,                /* 14B4  return L3 count=1 */
    0x010E004F,                /* 14B5  jmp +270 */
    0x005B0346,                /* 14B6  lconst L3 <- static#91   ("and") */
    0x0004008F, 0x00010003,    /* 14B7  eq L4 <- L1 == L3 */
    0x0009044B,                /* 14B9  jf L4, +9 */
    0x001A0342,                /* 14BA  gget L3 <- g26   (_short_circuit) */
    0x00048041,                /* 14BB  move L4 <- P0 */
    0x00058141,                /* 14BC  move L5 <- P1 */
    0x00068241,                /* 14BD  move L6 <- P2 */
    0x00070104,                /* 14BE  lbool L7 <- 1 */
    0x000304A0, 0x00010000,    /* 14BF  call base=L3 argc=4 nres=1 */
    0x00030102,                /* 14C1  return L3 count=1 */
    0x0101004F,                /* 14C2  jmp +257 */
    0x005C0346,                /* 14C3  lconst L3 <- static#92   ("or") */
    0x0004008F, 0x00010003,    /* 14C4  eq L4 <- L1 == L3 */
    0x0009044B,                /* 14C6  jf L4, +9 */
    0x001A0342,                /* 14C7  gget L3 <- g26   (_short_circuit) */
    0x00048041,                /* 14C8  move L4 <- P0 */
    0x00058141,                /* 14C9  move L5 <- P1 */
    0x00068241,                /* 14CA  move L6 <- P2 */
    0x00070004,                /* 14CB  lbool L7 <- 0 */
    0x000304A0, 0x00010000,    /* 14CC  call base=L3 argc=4 nres=1 */
    0x00030102,                /* 14CE  return L3 count=1 */
    0x00F4004F,                /* 14CF  jmp +244 */
    0x001A0346,                /* 14D0  lconst L3 <- static#26   ("in") */
    0x0004008F, 0x00010003,    /* 14D1  eq L4 <- L1 == L3 */
    0x0008044B,                /* 14D3  jf L4, +8 */
    0x00190342,                /* 14D4  gget L3 <- g25   (_in_op) */
    0x00048041,                /* 14D5  move L4 <- P0 */
    0x00058141,                /* 14D6  move L5 <- P1 */
    0x00068241,                /* 14D7  move L6 <- P2 */
    0x000303A0, 0x00010000,    /* 14D8  call base=L3 argc=3 nres=1 */
    0x00030102,                /* 14DA  return L3 count=1 */
    0x00E8004F,                /* 14DB  jmp +232 */
    0x005D0346,                /* 14DC  lconst L3 <- static#93   ("is") */
    0x0004008F, 0x00010003,    /* 14DD  eq L4 <- L1 == L3 */
    0x0008044B,                /* 14DF  jf L4, +8 */
    0x001E0342,                /* 14E0  gget L3 <- g30   (_type_check) */
    0x00048041,                /* 14E1  move L4 <- P0 */
    0x00058141,                /* 14E2  move L5 <- P1 */
    0x00068241,                /* 14E3  move L6 <- P2 */
    0x000303A0, 0x00010000,    /* 14E4  call base=L3 argc=3 nres=1 */
    0x00030102,                /* 14E6  return L3 count=1 */
    0x00DC004F,                /* 14E7  jmp +220 */
    0x005E0346,                /* 14E8  lconst L3 <- static#94   ("binop") */
    0x0004008F, 0x00010003,    /* 14E9  eq L4 <- L1 == L3 */
    0x0008044B,                /* 14EB  jf L4, +8 */
    0x00170342,                /* 14EC  gget L3 <- g23   (_binop) */
    0x00048041,                /* 14ED  move L4 <- P0 */
    0x00058141,                /* 14EE  move L5 <- P1 */
    0x00068241,                /* 14EF  move L6 <- P2 */
    0x000303A0, 0x00010000,    /* 14F0  call base=L3 argc=3 nres=1 */
    0x00030102,                /* 14F2  return L3 count=1 */
    0x00D0004F,                /* 14F3  jmp +208 */
    0x005F0346,                /* 14F4  lconst L3 <- static#95   ("call") */
    0x0004008F, 0x00010003,    /* 14F5  eq L4 <- L1 == L3 */
    0x0008044B,                /* 14F7  jf L4, +8 */
    0x00230342,                /* 14F8  gget L3 <- g35   (_call) */
    0x00048041,                /* 14F9  move L4 <- P0 */
    0x00058141,                /* 14FA  move L5 <- P1 */
    0x00068241,                /* 14FB  move L6 <- P2 */
    0x000303A0, 0x00010000,    /* 14FC  call base=L3 argc=3 nres=1 */
    0x00030102,                /* 14FE  return L3 count=1 */
    0x00C4004F,                /* 14FF  jmp +196 */
    0x00600346,                /* 1500  lconst L3 <- static#96   ("array") */
    0x0004008F, 0x00010003,    /* 1501  eq L4 <- L1 == L3 */
    0x0008044B,                /* 1503  jf L4, +8 */
    0x00260342,                /* 1504  gget L3 <- g38   (_array) */
    0x00048041,                /* 1505  move L4 <- P0 */
    0x00058141,                /* 1506  move L5 <- P1 */
    0x00068241,                /* 1507  move L6 <- P2 */
    0x000303A0, 0x00010000,    /* 1508  call base=L3 argc=3 nres=1 */
    0x00030102,                /* 150A  return L3 count=1 */
    0x00B8004F,                /* 150B  jmp +184 */
    0x00230346,                /* 150C  lconst L3 <- static#35   ("tuple") */
    0x0004008F, 0x00010003,    /* 150D  eq L4 <- L1 == L3 */
    0x0008044B,                /* 150F  jf L4, +8 */
    0x00270342,                /* 1510  gget L3 <- g39   (_tuple) */
    0x00048041,                /* 1511  move L4 <- P0 */
    0x00058141,                /* 1512  move L5 <- P1 */
    0x00068241,                /* 1513  move L6 <- P2 */
    0x000303A0, 0x00010000,    /* 1514  call base=L3 argc=3 nres=1 */
    0x00030102,                /* 1516  return L3 count=1 */
    0x00AC004F,                /* 1517  jmp +172 */
    0x00220346,                /* 1518  lconst L3 <- static#34   ("list") */
    0x0004008F, 0x00010003,    /* 1519  eq L4 <- L1 == L3 */
    0x0008044B,                /* 151B  jf L4, +8 */
    0x00280342,                /* 151C  gget L3 <- g40   (_plist) */
    0x00048041,                /* 151D  move L4 <- P0 */
    0x00058141,                /* 151E  move L5 <- P1 */
    0x00068241,                /* 151F  move L6 <- P2 */
    0x000303A0, 0x00010000,    /* 1520  call base=L3 argc=3 nres=1 */
    0x00030102,                /* 1522  return L3 count=1 */
    0x00A0004F,                /* 1523  jmp +160 */
    0x00240346,                /* 1524  lconst L3 <- static#36   ("dict") */
    0x0004008F, 0x00010003,    /* 1525  eq L4 <- L1 == L3 */
    0x0008044B,                /* 1527  jf L4, +8 */
    0x00290342,                /* 1528  gget L3 <- g41   (_dict) */
    0x00048041,                /* 1529  move L4 <- P0 */
    0x00058141,                /* 152A  move L5 <- P1 */
    0x00068241,                /* 152B  move L6 <- P2 */
    0x000303A0, 0x00010000,    /* 152C  call base=L3 argc=3 nres=1 */
    0x00030102,                /* 152E  return L3 count=1 */
    0x0094004F,                /* 152F  jmp +148 */
    0x00610346,                /* 1530  lconst L3 <- static#97   ("attr") */
    0x0004008F, 0x00010003,    /* 1531  eq L4 <- L1 == L3 */
    0x0008044B,                /* 1533  jf L4, +8 */
    0x002B0342,                /* 1534  gget L3 <- g43   (_attr) */
    0x00048041,                /* 1535  move L4 <- P0 */
    0x00058141,                /* 1536  move L5 <- P1 */
    0x00068241,                /* 1537  move L6 <- P2 */
    0x000303A0, 0x00010000,    /* 1538  call base=L3 argc=3 nres=1 */
    0x00030102,                /* 153A  return L3 count=1 */
    0x0088004F,                /* 153B  jmp +136 */
    0x00620346,                /* 153C  lconst L3 <- static#98   ("index") */
    0x0004008F, 0x00010003,    /* 153D  eq L4 <- L1 == L3 */
    0x0008044B,                /* 153F  jf L4, +8 */
    0x002C0342,                /* 1540  gget L3 <- g44   (_index) */
    0x00048041,                /* 1541  move L4 <- P0 */
    0x00058141,                /* 1542  move L5 <- P1 */
    0x00068241,                /* 1543  move L6 <- P2 */
    0x000303A0, 0x00010000,    /* 1544  call base=L3 argc=3 nres=1 */
    0x00030102,                /* 1546  return L3 count=1 */
    0x007C004F,                /* 1547  jmp +124 */
    0x00630446,                /* 1548  lconst L4 <- static#99   ("lambda") */
    0x0003008F, 0x00010004,    /* 1549  eq L3 <- L1 == L4 */
    0x0003034C,                /* 154B  jt L3, +3 */
    0x00640446,                /* 154C  lconst L4 <- static#100   ("co_lambda") */
    0x0003008F, 0x00010004,    /* 154D  eq L3 <- L1 == L4 */
    0x0008034B,                /* 154F  jf L3, +8 */
    0x002F0342,                /* 1550  gget L3 <- g47   (_lambda) */
    0x00048041,                /* 1551  move L4 <- P0 */
    0x00058141,                /* 1552  move L5 <- P1 */
    0x00068241,                /* 1553  move L6 <- P2 */
    0x000303A0, 0x00010000,    /* 1554  call base=L3 argc=3 nres=1 */
    0x00030102,                /* 1556  return L3 count=1 */
    0x006C004F,                /* 1557  jmp +108 */
    0x00650346,                /* 1558  lconst L3 <- static#101   ("do") */
    0x0004008F, 0x00010003,    /* 1559  eq L4 <- L1 == L3 */
    0x0008044B,                /* 155B  jf L4, +8 */
    0x00300342,                /* 155C  gget L3 <- g48   (_do) */
    0x00048041,                /* 155D  move L4 <- P0 */
    0x00058141,                /* 155E  move L5 <- P1 */
    0x00068241,                /* 155F  move L6 <- P2 */
    0x000303A0, 0x00010000,    /* 1560  call base=L3 argc=3 nres=1 */
    0x00030102,                /* 1562  return L3 count=1 */
    0x0060004F,                /* 1563  jmp +96 */
    0x00660346,                /* 1564  lconst L3 <- static#102   ("try") */
    0x0004008F, 0x00010003,    /* 1565  eq L4 <- L1 == L3 */
    0x0008044B,                /* 1567  jf L4, +8 */
    0x00310342,                /* 1568  gget L3 <- g49   (_try) */
    0x00048041,                /* 1569  move L4 <- P0 */
    0x00058141,                /* 156A  move L5 <- P1 */
    0x00068241,                /* 156B  move L6 <- P2 */
    0x000303A0, 0x00010000,    /* 156C  call base=L3 argc=3 nres=1 */
    0x00030102,                /* 156E  return L3 count=1 */
    0x0054004F,                /* 156F  jmp +84 */
    0x00670346,                /* 1570  lconst L3 <- static#103   ("catch") */
    0x0004008F, 0x00010003,    /* 1571  eq L4 <- L1 == L3 */
    0x0008044B,                /* 1573  jf L4, +8 */
    0x00320342,                /* 1574  gget L3 <- g50   (_catch) */
    0x00048041,                /* 1575  move L4 <- P0 */
    0x00058141,                /* 1576  move L5 <- P1 */
    0x00068241,                /* 1577  move L6 <- P2 */
    0x000303A0, 0x00010000,    /* 1578  call base=L3 argc=3 nres=1 */
    0x00030102,                /* 157A  return L3 count=1 */
    0x0048004F,                /* 157B  jmp +72 */
    0x00680346,                /* 157C  lconst L3 <- static#104   ("message") */
    0x0004008F, 0x00010003,    /* 157D  eq L4 <- L1 == L3 */
    0x0008044B,                /* 157F  jf L4, +8 */
    0x00350342,                /* 1580  gget L3 <- g53   (_message) */
    0x00048041,                /* 1581  move L4 <- P0 */
    0x00058141,                /* 1582  move L5 <- P1 */
    0x00068241,                /* 1583  move L6 <- P2 */
    0x000303A0, 0x00010000,    /* 1584  call base=L3 argc=3 nres=1 */
    0x00030102,                /* 1586  return L3 count=1 */
    0x003C004F,                /* 1587  jmp +60 */
    0x00690346,                /* 1588  lconst L3 <- static#105   ("yield") */
    0x0004008F, 0x00010003,    /* 1589  eq L4 <- L1 == L3 */
    0x0008044B,                /* 158B  jf L4, +8 */
    0x00390342,                /* 158C  gget L3 <- g57   (_yield) */
    0x00048041,                /* 158D  move L4 <- P0 */
    0x00058141,                /* 158E  move L5 <- P1 */
    0x00068241,                /* 158F  move L6 <- P2 */
    0x000303A0, 0x00010000,    /* 1590  call base=L3 argc=3 nres=1 */
    0x00030102,                /* 1592  return L3 count=1 */
    0x0030004F,                /* 1593  jmp +48 */
    0x006A0346,                /* 1594  lconst L3 <- static#106   ("if") */
    0x0004008F, 0x00010003,    /* 1595  eq L4 <- L1 == L3 */
    0x0009044B,                /* 1597  jf L4, +9 */
    0x00550342,                /* 1598  gget L3 <- g85   (dispatch) */
    0x00560442,                /* 1599  gget L4 <- g86   (EXPR_HANDLERS) */
    0x00058041,                /* 159A  move L5 <- P0 */
    0x00068141,                /* 159B  move L6 <- P1 */
    0x00078241,                /* 159C  move L7 <- P2 */
    0x000304A0, 0x00010000,    /* 159D  call base=L3 argc=4 nres=1 */
    0x00030102,                /* 159F  return L3 count=1 */
    0x0023004F,                /* 15A0  jmp +35 */
    0x006B0346,                /* 15A1  lconst L3 <- static#107   ("yield_from") */
    0x0004008F, 0x00010003,    /* 15A2  eq L4 <- L1 == L3 */
    0x0008044B,                /* 15A4  jf L4, +8 */
    0x003A0342,                /* 15A5  gget L3 <- g58   (_yield_from) */
    0x00048041,                /* 15A6  move L4 <- P0 */
    0x00058141,                /* 15A7  move L5 <- P1 */
    0x00068241,                /* 15A8  move L6 <- P2 */
    0x000303A0, 0x00010000,    /* 15A9  call base=L3 argc=3 nres=1 */
    0x00030102,                /* 15AB  return L3 count=1 */
    0x0017004F,                /* 15AC  jmp +23 */
    0x006C0346,                /* 15AD  lconst L3 <- static#108   ("qualified_name") */
    0x0004008F, 0x00010003,    /* 15AE  eq L4 <- L1 == L3 */
    0x0008044B,                /* 15B0  jf L4, +8 */
    0x00360342,                /* 15B1  gget L3 <- g54   (_scope) */
    0x00048041,                /* 15B2  move L4 <- P0 */
    0x00058141,                /* 15B3  move L5 <- P1 */
    0x00068241,                /* 15B4  move L6 <- P2 */
    0x000303A0, 0x00010000,    /* 15B5  call base=L3 argc=3 nres=1 */
    0x00030102,                /* 15B7  return L3 count=1 */
    0x000B004F,                /* 15B8  jmp +11 */
    0x004A0342,                /* 15B9  gget L3 <- g74   (error) */
    0x006D0446,                /* 15BA  lconst L4 <- static#109   ("the bytecode compiler does not support '") */
    0x00050085, 0x00040001,    /* 15BB  add L5 <- L4 + L1 */
    0x006E0646,                /* 15BD  lconst L6 <- static#110   ("' expressions yet") */
    0x00070085, 0x00050006,    /* 15BE  add L7 <- L5 + L6 */
    0x00040741,                /* 15C0  move L4 <- L7 */
    0x000301A0, 0x00010000,    /* 15C1  call base=L3 argc=1 nres=1 */
    0x00030102,                /* 15C3  return L3 count=1 */
    0x00020102,                /* 15C4  return L2 count=1 */
};

const wy_module_image expressions_image = {
    .name = "expressions",
    .sections = {
        [WY_SEC_HEADER] = { expressions_header, sizeof expressions_header },
        [WY_SEC_STATICS] = { expressions_statics, sizeof expressions_statics },
        [WY_SEC_SYMBOLS] = { expressions_symbols, sizeof expressions_symbols },
        [WY_SEC_FUNCTIONS] = { expressions_functions, sizeof expressions_functions },
        [WY_SEC_CLASSES] = { expressions_classes, sizeof expressions_classes },
        [WY_SEC_MESSAGES] = { expressions_messages, sizeof expressions_messages },
        [WY_SEC_CODE] = { (const uint8_t*) expressions_code, sizeof expressions_code },
        [WY_SEC_EXPORTS] = { expressions_exports, sizeof expressions_exports },
        [WY_SEC_FREE] = { expressions_free, sizeof expressions_free },
    },
};
