/* Generated from tokenizer by wypoc's bytecode compiler. */

#include <stdint.h>
#include "wyrm/image.h"

static const uint8_t tokenizer_header[] = {
    0x2B, 0x00, 0x00, 0x00, 0x02, 0x6E, 0x00, 0x0A, 0x00, 0x00, 0x00, 0x74,
    0x6F, 0x6B, 0x65, 0x6E, 0x69, 0x7A, 0x65, 0x72, 0x00, 0x10, 0x76, 0x00,
    0x01, 0x00, 0x00, 0x00, 0x10, 0x67, 0x00, 0x2C, 0x00, 0x00, 0x00, 0x10,
    0x6C, 0x00, 0x22, 0x00, 0x00, 0x00, 0x00,
};

static const uint8_t tokenizer_statics[] = {
    0xCA, 0x03, 0x00, 0x00, 0x02, 0x30, 0x00, 0x04, 0x00, 0x00, 0x00, 0x73,
    0x74, 0x64, 0x00, 0x02, 0x31, 0x00, 0x0B, 0x00, 0x00, 0x00, 0x73, 0x74,
    0x64, 0x3A, 0x3A, 0x63, 0x74, 0x79, 0x70, 0x65, 0x00, 0x02, 0x32, 0x00,
    0x04, 0x00, 0x00, 0x00, 0x61, 0x6E, 0x64, 0x00, 0x02, 0x33, 0x00, 0x06,
    0x00, 0x00, 0x00, 0x62, 0x72, 0x65, 0x61, 0x6B, 0x00, 0x02, 0x34, 0x00,
    0x06, 0x00, 0x00, 0x00, 0x63, 0x61, 0x74, 0x63, 0x68, 0x00, 0x02, 0x35,
    0x00, 0x06, 0x00, 0x00, 0x00, 0x63, 0x6C, 0x61, 0x73, 0x73, 0x00, 0x02,
    0x36, 0x00, 0x03, 0x00, 0x00, 0x00, 0x63, 0x6F, 0x00, 0x02, 0x37, 0x00,
    0x09, 0x00, 0x00, 0x00, 0x63, 0x6F, 0x6E, 0x74, 0x69, 0x6E, 0x75, 0x65,
    0x00, 0x02, 0x38, 0x00, 0x06, 0x00, 0x00, 0x00, 0x64, 0x65, 0x66, 0x65,
    0x72, 0x00, 0x02, 0x39, 0x00, 0x03, 0x00, 0x00, 0x00, 0x64, 0x6F, 0x00,
    0x02, 0x31, 0x30, 0x00, 0x05, 0x00, 0x00, 0x00, 0x65, 0x6C, 0x69, 0x66,
    0x00, 0x02, 0x31, 0x31, 0x00, 0x05, 0x00, 0x00, 0x00, 0x65, 0x6C, 0x73,
    0x65, 0x00, 0x02, 0x31, 0x32, 0x00, 0x06, 0x00, 0x00, 0x00, 0x66, 0x61,
    0x6C, 0x73, 0x65, 0x00, 0x02, 0x31, 0x33, 0x00, 0x03, 0x00, 0x00, 0x00,
    0x66, 0x6E, 0x00, 0x02, 0x31, 0x34, 0x00, 0x04, 0x00, 0x00, 0x00, 0x66,
    0x6F, 0x72, 0x00, 0x02, 0x31, 0x35, 0x00, 0x05, 0x00, 0x00, 0x00, 0x66,
    0x72, 0x6F, 0x6D, 0x00, 0x02, 0x31, 0x36, 0x00, 0x03, 0x00, 0x00, 0x00,
    0x69, 0x66, 0x00, 0x02, 0x31, 0x37, 0x00, 0x07, 0x00, 0x00, 0x00, 0x69,
    0x6D, 0x70, 0x6F, 0x72, 0x74, 0x00, 0x02, 0x31, 0x38, 0x00, 0x03, 0x00,
    0x00, 0x00, 0x69, 0x6E, 0x00, 0x02, 0x31, 0x39, 0x00, 0x03, 0x00, 0x00,
    0x00, 0x69, 0x73, 0x00, 0x02, 0x32, 0x30, 0x00, 0x04, 0x00, 0x00, 0x00,
    0x6E, 0x69, 0x6C, 0x00, 0x02, 0x32, 0x31, 0x00, 0x04, 0x00, 0x00, 0x00,
    0x6E, 0x6F, 0x74, 0x00, 0x02, 0x32, 0x32, 0x00, 0x03, 0x00, 0x00, 0x00,
    0x6F, 0x72, 0x00, 0x02, 0x32, 0x33, 0x00, 0x05, 0x00, 0x00, 0x00, 0x70,
    0x61, 0x73, 0x73, 0x00, 0x02, 0x32, 0x34, 0x00, 0x07, 0x00, 0x00, 0x00,
    0x72, 0x65, 0x74, 0x75, 0x72, 0x6E, 0x00, 0x02, 0x32, 0x35, 0x00, 0x05,
    0x00, 0x00, 0x00, 0x73, 0x6C, 0x6F, 0x74, 0x00, 0x02, 0x32, 0x36, 0x00,
    0x07, 0x00, 0x00, 0x00, 0x73, 0x74, 0x61, 0x74, 0x69, 0x63, 0x00, 0x02,
    0x32, 0x37, 0x00, 0x05, 0x00, 0x00, 0x00, 0x74, 0x72, 0x75, 0x65, 0x00,
    0x02, 0x32, 0x38, 0x00, 0x04, 0x00, 0x00, 0x00, 0x74, 0x72, 0x79, 0x00,
    0x02, 0x32, 0x39, 0x00, 0x04, 0x00, 0x00, 0x00, 0x76, 0x61, 0x72, 0x00,
    0x02, 0x33, 0x30, 0x00, 0x06, 0x00, 0x00, 0x00, 0x77, 0x68, 0x69, 0x6C,
    0x65, 0x00, 0x02, 0x33, 0x31, 0x00, 0x05, 0x00, 0x00, 0x00, 0x77, 0x69,
    0x74, 0x68, 0x00, 0x02, 0x33, 0x32, 0x00, 0x06, 0x00, 0x00, 0x00, 0x79,
    0x69, 0x65, 0x6C, 0x64, 0x00, 0x02, 0x33, 0x33, 0x00, 0x04, 0x00, 0x00,
    0x00, 0x2E, 0x2E, 0x2E, 0x00, 0x02, 0x33, 0x34, 0x00, 0x04, 0x00, 0x00,
    0x00, 0x3C, 0x3D, 0x3E, 0x00, 0x02, 0x33, 0x35, 0x00, 0x03, 0x00, 0x00,
    0x00, 0x2A, 0x2A, 0x00, 0x02, 0x33, 0x36, 0x00, 0x03, 0x00, 0x00, 0x00,
    0x3C, 0x3C, 0x00, 0x02, 0x33, 0x37, 0x00, 0x03, 0x00, 0x00, 0x00, 0x3E,
    0x3E, 0x00, 0x02, 0x33, 0x38, 0x00, 0x03, 0x00, 0x00, 0x00, 0x3D, 0x3D,
    0x00, 0x02, 0x33, 0x39, 0x00, 0x03, 0x00, 0x00, 0x00, 0x21, 0x3D, 0x00,
    0x02, 0x34, 0x30, 0x00, 0x03, 0x00, 0x00, 0x00, 0x3C, 0x3D, 0x00, 0x02,
    0x34, 0x31, 0x00, 0x03, 0x00, 0x00, 0x00, 0x3E, 0x3D, 0x00, 0x02, 0x34,
    0x32, 0x00, 0x02, 0x00, 0x00, 0x00, 0x2B, 0x00, 0x02, 0x34, 0x33, 0x00,
    0x02, 0x00, 0x00, 0x00, 0x2D, 0x00, 0x02, 0x34, 0x34, 0x00, 0x02, 0x00,
    0x00, 0x00, 0x2A, 0x00, 0x02, 0x34, 0x35, 0x00, 0x02, 0x00, 0x00, 0x00,
    0x2F, 0x00, 0x02, 0x34, 0x36, 0x00, 0x02, 0x00, 0x00, 0x00, 0x25, 0x00,
    0x02, 0x34, 0x37, 0x00, 0x02, 0x00, 0x00, 0x00, 0x26, 0x00, 0x02, 0x34,
    0x38, 0x00, 0x02, 0x00, 0x00, 0x00, 0x7C, 0x00, 0x02, 0x34, 0x39, 0x00,
    0x02, 0x00, 0x00, 0x00, 0x5E, 0x00, 0x02, 0x35, 0x30, 0x00, 0x02, 0x00,
    0x00, 0x00, 0x7E, 0x00, 0x02, 0x35, 0x31, 0x00, 0x02, 0x00, 0x00, 0x00,
    0x3C, 0x00, 0x02, 0x35, 0x32, 0x00, 0x02, 0x00, 0x00, 0x00, 0x3E, 0x00,
    0x02, 0x35, 0x33, 0x00, 0x16, 0x00, 0x00, 0x00, 0x75, 0x6E, 0x65, 0x78,
    0x70, 0x65, 0x63, 0x74, 0x65, 0x64, 0x20, 0x73, 0x74, 0x72, 0x65, 0x61,
    0x6D, 0x20, 0x65, 0x6E, 0x64, 0x00, 0x02, 0x35, 0x34, 0x00, 0x02, 0x00,
    0x00, 0x00, 0x29, 0x00, 0x02, 0x35, 0x35, 0x00, 0x03, 0x00, 0x00, 0x00,
    0x5C, 0x22, 0x00, 0x02, 0x35, 0x36, 0x00, 0x13, 0x00, 0x00, 0x00, 0x62,
    0x61, 0x64, 0x20, 0x73, 0x79, 0x6D, 0x62, 0x6F, 0x6C, 0x20, 0x6C, 0x69,
    0x74, 0x65, 0x72, 0x61, 0x6C, 0x00, 0x02, 0x35, 0x37, 0x00, 0x19, 0x00,
    0x00, 0x00, 0x65, 0x6F, 0x66, 0x20, 0x69, 0x6E, 0x20, 0x63, 0x68, 0x61,
    0x72, 0x61, 0x63, 0x74, 0x65, 0x72, 0x20, 0x6C, 0x69, 0x74, 0x65, 0x72,
    0x61, 0x6C, 0x00, 0x02, 0x35, 0x38, 0x00, 0x2A, 0x00, 0x00, 0x00, 0x75,
    0x6E, 0x65, 0x78, 0x70, 0x65, 0x63, 0x74, 0x65, 0x64, 0x20, 0x63, 0x68,
    0x61, 0x72, 0x61, 0x63, 0x74, 0x65, 0x72, 0x20, 0x69, 0x6E, 0x20, 0x63,
    0x68, 0x61, 0x72, 0x61, 0x63, 0x74, 0x65, 0x72, 0x20, 0x6C, 0x69, 0x74,
    0x65, 0x72, 0x61, 0x6C, 0x00, 0x02, 0x35, 0x39, 0x00, 0x11, 0x00, 0x00,
    0x00, 0x75, 0x6E, 0x65, 0x78, 0x70, 0x65, 0x63, 0x74, 0x65, 0x64, 0x20,
    0x74, 0x6F, 0x6B, 0x65, 0x6E, 0x00, 0x02, 0x36, 0x30, 0x00, 0x06, 0x00,
    0x00, 0x00, 0x65, 0x72, 0x72, 0x6F, 0x72, 0x00, 0x02, 0x36, 0x31, 0x00,
    0x25, 0x00, 0x00, 0x00, 0x75, 0x6E, 0x65, 0x78, 0x70, 0x65, 0x63, 0x74,
    0x65, 0x64, 0x20, 0x65, 0x6E, 0x64, 0x2D, 0x6F, 0x66, 0x2D, 0x6C, 0x69,
    0x6E, 0x65, 0x20, 0x77, 0x69, 0x74, 0x68, 0x69, 0x6E, 0x20, 0x73, 0x74,
    0x72, 0x69, 0x6E, 0x67, 0x00, 0x02, 0x36, 0x32, 0x00, 0x01, 0x00, 0x00,
    0x00, 0x00, 0x02, 0x36, 0x33, 0x00, 0x14, 0x00, 0x00, 0x00, 0x69, 0x6E,
    0x63, 0x6F, 0x6E, 0x73, 0x69, 0x73, 0x74, 0x65, 0x6E, 0x74, 0x20, 0x69,
    0x6E, 0x64, 0x65, 0x6E, 0x74, 0x00, 0x02, 0x36, 0x34, 0x00, 0x2B, 0x00,
    0x00, 0x00, 0x75, 0x6E, 0x69, 0x6E, 0x64, 0x65, 0x6E, 0x74, 0x20, 0x64,
    0x6F, 0x65, 0x73, 0x20, 0x6E, 0x6F, 0x74, 0x20, 0x6D, 0x61, 0x74, 0x63,
    0x68, 0x20, 0x61, 0x6E, 0x20, 0x65, 0x6E, 0x63, 0x6C, 0x6F, 0x73, 0x69,
    0x6E, 0x67, 0x20, 0x6C, 0x65, 0x76, 0x65, 0x6C, 0x00, 0x00,
};

static const uint8_t tokenizer_symbols[] = {
    0xFE, 0x07, 0x00, 0x00, 0x02, 0x30, 0x00, 0x0E, 0x00, 0x00, 0x00, 0x54,
    0x4F, 0x4B, 0x5F, 0x53, 0x50, 0x41, 0x43, 0x45, 0x53, 0x48, 0x49, 0x50,
    0x00, 0x02, 0x31, 0x00, 0x0D, 0x00, 0x00, 0x00, 0x54, 0x4F, 0x4B, 0x5F,
    0x45, 0x4C, 0x4C, 0x49, 0x50, 0x53, 0x49, 0x53, 0x00, 0x02, 0x32, 0x00,
    0x0D, 0x00, 0x00, 0x00, 0x54, 0x4F, 0x4B, 0x5F, 0x45, 0x58, 0x50, 0x4F,
    0x4E, 0x45, 0x4E, 0x54, 0x00, 0x02, 0x33, 0x00, 0x0D, 0x00, 0x00, 0x00,
    0x54, 0x4F, 0x4B, 0x5F, 0x4C, 0x42, 0x52, 0x41, 0x43, 0x45, 0x5F, 0x53,
    0x00, 0x02, 0x34, 0x00, 0x0F, 0x00, 0x00, 0x00, 0x54, 0x4F, 0x4B, 0x5F,
    0x4C, 0x42, 0x52, 0x41, 0x43, 0x4B, 0x45, 0x54, 0x5F, 0x53, 0x00, 0x02,
    0x35, 0x00, 0x0B, 0x00, 0x00, 0x00, 0x54, 0x4F, 0x4B, 0x5F, 0x52, 0x41,
    0x52, 0x52, 0x4F, 0x57, 0x00, 0x02, 0x36, 0x00, 0x0B, 0x00, 0x00, 0x00,
    0x54, 0x4F, 0x4B, 0x5F, 0x4C, 0x41, 0x52, 0x52, 0x4F, 0x57, 0x00, 0x02,
    0x37, 0x00, 0x0B, 0x00, 0x00, 0x00, 0x54, 0x4F, 0x4B, 0x5F, 0x4C, 0x53,
    0x48, 0x49, 0x46, 0x54, 0x00, 0x02, 0x38, 0x00, 0x0B, 0x00, 0x00, 0x00,
    0x54, 0x4F, 0x4B, 0x5F, 0x52, 0x53, 0x48, 0x49, 0x46, 0x54, 0x00, 0x02,
    0x39, 0x00, 0x07, 0x00, 0x00, 0x00, 0x54, 0x4F, 0x4B, 0x5F, 0x4C, 0x45,
    0x00, 0x02, 0x31, 0x30, 0x00, 0x07, 0x00, 0x00, 0x00, 0x54, 0x4F, 0x4B,
    0x5F, 0x47, 0x45, 0x00, 0x02, 0x31, 0x31, 0x00, 0x07, 0x00, 0x00, 0x00,
    0x54, 0x4F, 0x4B, 0x5F, 0x4E, 0x45, 0x00, 0x02, 0x31, 0x32, 0x00, 0x0B,
    0x00, 0x00, 0x00, 0x54, 0x4F, 0x4B, 0x5F, 0x44, 0x45, 0x51, 0x55, 0x41,
    0x4C, 0x00, 0x02, 0x31, 0x33, 0x00, 0x09, 0x00, 0x00, 0x00, 0x54, 0x4F,
    0x4B, 0x5F, 0x42, 0x49, 0x4E, 0x44, 0x00, 0x02, 0x31, 0x34, 0x00, 0x0A,
    0x00, 0x00, 0x00, 0x54, 0x4F, 0x4B, 0x5F, 0x53, 0x43, 0x4F, 0x50, 0x45,
    0x00, 0x02, 0x31, 0x35, 0x00, 0x08, 0x00, 0x00, 0x00, 0x54, 0x4F, 0x4B,
    0x5F, 0x51, 0x45, 0x51, 0x00, 0x02, 0x31, 0x36, 0x00, 0x0E, 0x00, 0x00,
    0x00, 0x54, 0x4F, 0x4B, 0x5F, 0x53, 0x45, 0x4D, 0x49, 0x43, 0x4F, 0x4C,
    0x4F, 0x4E, 0x00, 0x02, 0x31, 0x37, 0x00, 0x0A, 0x00, 0x00, 0x00, 0x54,
    0x4F, 0x4B, 0x5F, 0x43, 0x4F, 0x4D, 0x4D, 0x41, 0x00, 0x02, 0x31, 0x38,
    0x00, 0x0A, 0x00, 0x00, 0x00, 0x54, 0x4F, 0x4B, 0x5F, 0x43, 0x4F, 0x4C,
    0x4F, 0x4E, 0x00, 0x02, 0x31, 0x39, 0x00, 0x07, 0x00, 0x00, 0x00, 0x54,
    0x4F, 0x4B, 0x5F, 0x41, 0x54, 0x00, 0x02, 0x32, 0x30, 0x00, 0x0B, 0x00,
    0x00, 0x00, 0x54, 0x4F, 0x4B, 0x5F, 0x4C, 0x50, 0x41, 0x52, 0x45, 0x4E,
    0x00, 0x02, 0x32, 0x31, 0x00, 0x0B, 0x00, 0x00, 0x00, 0x54, 0x4F, 0x4B,
    0x5F, 0x52, 0x50, 0x41, 0x52, 0x45, 0x4E, 0x00, 0x02, 0x32, 0x32, 0x00,
    0x0B, 0x00, 0x00, 0x00, 0x54, 0x4F, 0x4B, 0x5F, 0x4C, 0x42, 0x52, 0x41,
    0x43, 0x45, 0x00, 0x02, 0x32, 0x33, 0x00, 0x0B, 0x00, 0x00, 0x00, 0x54,
    0x4F, 0x4B, 0x5F, 0x52, 0x42, 0x52, 0x41, 0x43, 0x45, 0x00, 0x02, 0x32,
    0x34, 0x00, 0x0D, 0x00, 0x00, 0x00, 0x54, 0x4F, 0x4B, 0x5F, 0x4C, 0x42,
    0x52, 0x41, 0x43, 0x4B, 0x45, 0x54, 0x00, 0x02, 0x32, 0x35, 0x00, 0x0D,
    0x00, 0x00, 0x00, 0x54, 0x4F, 0x4B, 0x5F, 0x52, 0x42, 0x52, 0x41, 0x43,
    0x4B, 0x45, 0x54, 0x00, 0x02, 0x32, 0x36, 0x00, 0x0A, 0x00, 0x00, 0x00,
    0x54, 0x4F, 0x4B, 0x5F, 0x45, 0x51, 0x55, 0x41, 0x4C, 0x00, 0x02, 0x32,
    0x37, 0x00, 0x09, 0x00, 0x00, 0x00, 0x54, 0x4F, 0x4B, 0x5F, 0x42, 0x41,
    0x4E, 0x47, 0x00, 0x02, 0x32, 0x38, 0x00, 0x08, 0x00, 0x00, 0x00, 0x54,
    0x4F, 0x4B, 0x5F, 0x44, 0x4F, 0x54, 0x00, 0x02, 0x32, 0x39, 0x00, 0x09,
    0x00, 0x00, 0x00, 0x54, 0x4F, 0x4B, 0x5F, 0x50, 0x4C, 0x55, 0x53, 0x00,
    0x02, 0x33, 0x30, 0x00, 0x0A, 0x00, 0x00, 0x00, 0x54, 0x4F, 0x4B, 0x5F,
    0x4D, 0x49, 0x4E, 0x55, 0x53, 0x00, 0x02, 0x33, 0x31, 0x00, 0x08, 0x00,
    0x00, 0x00, 0x54, 0x4F, 0x4B, 0x5F, 0x4D, 0x55, 0x4C, 0x00, 0x02, 0x33,
    0x32, 0x00, 0x08, 0x00, 0x00, 0x00, 0x54, 0x4F, 0x4B, 0x5F, 0x44, 0x49,
    0x56, 0x00, 0x02, 0x33, 0x33, 0x00, 0x08, 0x00, 0x00, 0x00, 0x54, 0x4F,
    0x4B, 0x5F, 0x4D, 0x4F, 0x44, 0x00, 0x02, 0x33, 0x34, 0x00, 0x07, 0x00,
    0x00, 0x00, 0x54, 0x4F, 0x4B, 0x5F, 0x4C, 0x54, 0x00, 0x02, 0x33, 0x35,
    0x00, 0x07, 0x00, 0x00, 0x00, 0x54, 0x4F, 0x4B, 0x5F, 0x47, 0x54, 0x00,
    0x02, 0x33, 0x36, 0x00, 0x08, 0x00, 0x00, 0x00, 0x54, 0x4F, 0x4B, 0x5F,
    0x58, 0x4F, 0x52, 0x00, 0x02, 0x33, 0x37, 0x00, 0x07, 0x00, 0x00, 0x00,
    0x54, 0x4F, 0x4B, 0x5F, 0x4F, 0x52, 0x00, 0x02, 0x33, 0x38, 0x00, 0x08,
    0x00, 0x00, 0x00, 0x54, 0x4F, 0x4B, 0x5F, 0x41, 0x4E, 0x44, 0x00, 0x02,
    0x33, 0x39, 0x00, 0x0A, 0x00, 0x00, 0x00, 0x54, 0x4F, 0x4B, 0x5F, 0x54,
    0x49, 0x4C, 0x44, 0x45, 0x00, 0x02, 0x34, 0x30, 0x00, 0x0B, 0x00, 0x00,
    0x00, 0x54, 0x4F, 0x4B, 0x5F, 0x4B, 0x57, 0x5F, 0x41, 0x4E, 0x44, 0x00,
    0x02, 0x34, 0x31, 0x00, 0x0D, 0x00, 0x00, 0x00, 0x54, 0x4F, 0x4B, 0x5F,
    0x4B, 0x57, 0x5F, 0x42, 0x52, 0x45, 0x41, 0x4B, 0x00, 0x02, 0x34, 0x32,
    0x00, 0x0D, 0x00, 0x00, 0x00, 0x54, 0x4F, 0x4B, 0x5F, 0x4B, 0x57, 0x5F,
    0x43, 0x41, 0x54, 0x43, 0x48, 0x00, 0x02, 0x34, 0x33, 0x00, 0x0D, 0x00,
    0x00, 0x00, 0x54, 0x4F, 0x4B, 0x5F, 0x4B, 0x57, 0x5F, 0x43, 0x4C, 0x41,
    0x53, 0x53, 0x00, 0x02, 0x34, 0x34, 0x00, 0x0A, 0x00, 0x00, 0x00, 0x54,
    0x4F, 0x4B, 0x5F, 0x4B, 0x57, 0x5F, 0x43, 0x4F, 0x00, 0x02, 0x34, 0x35,
    0x00, 0x10, 0x00, 0x00, 0x00, 0x54, 0x4F, 0x4B, 0x5F, 0x4B, 0x57, 0x5F,
    0x43, 0x4F, 0x4E, 0x54, 0x49, 0x4E, 0x55, 0x45, 0x00, 0x02, 0x34, 0x36,
    0x00, 0x0D, 0x00, 0x00, 0x00, 0x54, 0x4F, 0x4B, 0x5F, 0x4B, 0x57, 0x5F,
    0x44, 0x45, 0x46, 0x45, 0x52, 0x00, 0x02, 0x34, 0x37, 0x00, 0x0A, 0x00,
    0x00, 0x00, 0x54, 0x4F, 0x4B, 0x5F, 0x4B, 0x57, 0x5F, 0x44, 0x4F, 0x00,
    0x02, 0x34, 0x38, 0x00, 0x0C, 0x00, 0x00, 0x00, 0x54, 0x4F, 0x4B, 0x5F,
    0x4B, 0x57, 0x5F, 0x45, 0x4C, 0x49, 0x46, 0x00, 0x02, 0x34, 0x39, 0x00,
    0x0C, 0x00, 0x00, 0x00, 0x54, 0x4F, 0x4B, 0x5F, 0x4B, 0x57, 0x5F, 0x45,
    0x4C, 0x53, 0x45, 0x00, 0x02, 0x35, 0x30, 0x00, 0x0D, 0x00, 0x00, 0x00,
    0x54, 0x4F, 0x4B, 0x5F, 0x4B, 0x57, 0x5F, 0x46, 0x41, 0x4C, 0x53, 0x45,
    0x00, 0x02, 0x35, 0x31, 0x00, 0x0A, 0x00, 0x00, 0x00, 0x54, 0x4F, 0x4B,
    0x5F, 0x4B, 0x57, 0x5F, 0x46, 0x4E, 0x00, 0x02, 0x35, 0x32, 0x00, 0x0B,
    0x00, 0x00, 0x00, 0x54, 0x4F, 0x4B, 0x5F, 0x4B, 0x57, 0x5F, 0x46, 0x4F,
    0x52, 0x00, 0x02, 0x35, 0x33, 0x00, 0x0C, 0x00, 0x00, 0x00, 0x54, 0x4F,
    0x4B, 0x5F, 0x4B, 0x57, 0x5F, 0x46, 0x52, 0x4F, 0x4D, 0x00, 0x02, 0x35,
    0x34, 0x00, 0x0A, 0x00, 0x00, 0x00, 0x54, 0x4F, 0x4B, 0x5F, 0x4B, 0x57,
    0x5F, 0x49, 0x46, 0x00, 0x02, 0x35, 0x35, 0x00, 0x0E, 0x00, 0x00, 0x00,
    0x54, 0x4F, 0x4B, 0x5F, 0x4B, 0x57, 0x5F, 0x49, 0x4D, 0x50, 0x4F, 0x52,
    0x54, 0x00, 0x02, 0x35, 0x36, 0x00, 0x0A, 0x00, 0x00, 0x00, 0x54, 0x4F,
    0x4B, 0x5F, 0x4B, 0x57, 0x5F, 0x49, 0x4E, 0x00, 0x02, 0x35, 0x37, 0x00,
    0x0A, 0x00, 0x00, 0x00, 0x54, 0x4F, 0x4B, 0x5F, 0x4B, 0x57, 0x5F, 0x49,
    0x53, 0x00, 0x02, 0x35, 0x38, 0x00, 0x0B, 0x00, 0x00, 0x00, 0x54, 0x4F,
    0x4B, 0x5F, 0x4B, 0x57, 0x5F, 0x4E, 0x49, 0x4C, 0x00, 0x02, 0x35, 0x39,
    0x00, 0x0B, 0x00, 0x00, 0x00, 0x54, 0x4F, 0x4B, 0x5F, 0x4B, 0x57, 0x5F,
    0x4E, 0x4F, 0x54, 0x00, 0x02, 0x36, 0x30, 0x00, 0x0A, 0x00, 0x00, 0x00,
    0x54, 0x4F, 0x4B, 0x5F, 0x4B, 0x57, 0x5F, 0x4F, 0x52, 0x00, 0x02, 0x36,
    0x31, 0x00, 0x0C, 0x00, 0x00, 0x00, 0x54, 0x4F, 0x4B, 0x5F, 0x4B, 0x57,
    0x5F, 0x50, 0x41, 0x53, 0x53, 0x00, 0x02, 0x36, 0x32, 0x00, 0x0E, 0x00,
    0x00, 0x00, 0x54, 0x4F, 0x4B, 0x5F, 0x4B, 0x57, 0x5F, 0x52, 0x45, 0x54,
    0x55, 0x52, 0x4E, 0x00, 0x02, 0x36, 0x33, 0x00, 0x0C, 0x00, 0x00, 0x00,
    0x54, 0x4F, 0x4B, 0x5F, 0x4B, 0x57, 0x5F, 0x53, 0x4C, 0x4F, 0x54, 0x00,
    0x02, 0x36, 0x34, 0x00, 0x0E, 0x00, 0x00, 0x00, 0x54, 0x4F, 0x4B, 0x5F,
    0x4B, 0x57, 0x5F, 0x53, 0x54, 0x41, 0x54, 0x49, 0x43, 0x00, 0x02, 0x36,
    0x35, 0x00, 0x0C, 0x00, 0x00, 0x00, 0x54, 0x4F, 0x4B, 0x5F, 0x4B, 0x57,
    0x5F, 0x54, 0x52, 0x55, 0x45, 0x00, 0x02, 0x36, 0x36, 0x00, 0x0B, 0x00,
    0x00, 0x00, 0x54, 0x4F, 0x4B, 0x5F, 0x4B, 0x57, 0x5F, 0x54, 0x52, 0x59,
    0x00, 0x02, 0x36, 0x37, 0x00, 0x0B, 0x00, 0x00, 0x00, 0x54, 0x4F, 0x4B,
    0x5F, 0x4B, 0x57, 0x5F, 0x56, 0x41, 0x52, 0x00, 0x02, 0x36, 0x38, 0x00,
    0x0D, 0x00, 0x00, 0x00, 0x54, 0x4F, 0x4B, 0x5F, 0x4B, 0x57, 0x5F, 0x57,
    0x48, 0x49, 0x4C, 0x45, 0x00, 0x02, 0x36, 0x39, 0x00, 0x0C, 0x00, 0x00,
    0x00, 0x54, 0x4F, 0x4B, 0x5F, 0x4B, 0x57, 0x5F, 0x57, 0x49, 0x54, 0x48,
    0x00, 0x02, 0x37, 0x30, 0x00, 0x0D, 0x00, 0x00, 0x00, 0x54, 0x4F, 0x4B,
    0x5F, 0x4B, 0x57, 0x5F, 0x59, 0x49, 0x45, 0x4C, 0x44, 0x00, 0x02, 0x37,
    0x31, 0x00, 0x05, 0x00, 0x00, 0x00, 0x6B, 0x69, 0x6E, 0x64, 0x00, 0x02,
    0x37, 0x32, 0x00, 0x06, 0x00, 0x00, 0x00, 0x73, 0x74, 0x61, 0x72, 0x74,
    0x00, 0x02, 0x37, 0x33, 0x00, 0x04, 0x00, 0x00, 0x00, 0x65, 0x6E, 0x64,
    0x00, 0x02, 0x37, 0x34, 0x00, 0x07, 0x00, 0x00, 0x00, 0x73, 0x75, 0x62,
    0x73, 0x74, 0x72, 0x00, 0x02, 0x37, 0x35, 0x00, 0x09, 0x00, 0x00, 0x00,
    0x67, 0x65, 0x74, 0x5F, 0x74, 0x65, 0x78, 0x74, 0x00, 0x02, 0x37, 0x36,
    0x00, 0x04, 0x00, 0x00, 0x00, 0x45, 0x4F, 0x46, 0x00, 0x02, 0x37, 0x37,
    0x00, 0x07, 0x00, 0x00, 0x00, 0x62, 0x75, 0x66, 0x66, 0x65, 0x72, 0x00,
    0x02, 0x37, 0x38, 0x00, 0x08, 0x00, 0x00, 0x00, 0x63, 0x75, 0x72, 0x5F,
    0x70, 0x6F, 0x73, 0x00, 0x02, 0x37, 0x39, 0x00, 0x08, 0x00, 0x00, 0x00,
    0x73, 0x65, 0x74, 0x5F, 0x70, 0x6F, 0x73, 0x00, 0x02, 0x38, 0x30, 0x00,
    0x14, 0x00, 0x00, 0x00, 0x5F, 0x61, 0x64, 0x76, 0x61, 0x6E, 0x63, 0x65,
    0x5F, 0x77, 0x69, 0x74, 0x68, 0x5F, 0x74, 0x6F, 0x6B, 0x65, 0x6E, 0x00,
    0x02, 0x38, 0x31, 0x00, 0x19, 0x00, 0x00, 0x00, 0x5F, 0x61, 0x64, 0x76,
    0x61, 0x6E, 0x63, 0x65, 0x5F, 0x77, 0x69, 0x74, 0x68, 0x5F, 0x74, 0x6F,
    0x6B, 0x65, 0x6E, 0x5F, 0x73, 0x70, 0x61, 0x6E, 0x00, 0x02, 0x38, 0x32,
    0x00, 0x08, 0x00, 0x00, 0x00, 0x54, 0x4F, 0x4B, 0x5F, 0x45, 0x4E, 0x44,
    0x00, 0x02, 0x38, 0x33, 0x00, 0x0E, 0x00, 0x00, 0x00, 0x5F, 0x73, 0x63,
    0x61, 0x6E, 0x5F, 0x63, 0x6F, 0x6D, 0x6D, 0x65, 0x6E, 0x74, 0x00, 0x02,
    0x38, 0x34, 0x00, 0x0C, 0x00, 0x00, 0x00, 0x54, 0x4F, 0x4B, 0x5F, 0x4E,
    0x45, 0x57, 0x4C, 0x49, 0x4E, 0x45, 0x00, 0x02, 0x38, 0x35, 0x00, 0x07,
    0x00, 0x00, 0x00, 0x54, 0x4F, 0x4B, 0x5F, 0x57, 0x53, 0x00, 0x02, 0x38,
    0x36, 0x00, 0x10, 0x00, 0x00, 0x00, 0x54, 0x4F, 0x4B, 0x5F, 0x4C, 0x49,
    0x54, 0x45, 0x52, 0x41, 0x4C, 0x5F, 0x53, 0x59, 0x4D, 0x00, 0x02, 0x38,
    0x37, 0x00, 0x08, 0x00, 0x00, 0x00, 0x54, 0x4F, 0x4B, 0x5F, 0x53, 0x54,
    0x52, 0x00, 0x02, 0x38, 0x38, 0x00, 0x11, 0x00, 0x00, 0x00, 0x5F, 0x73,
    0x63, 0x61, 0x6E, 0x5F, 0x66, 0x69, 0x6E, 0x69, 0x73, 0x68, 0x5F, 0x73,
    0x74, 0x72, 0x00, 0x02, 0x38, 0x39, 0x00, 0x11, 0x00, 0x00, 0x00, 0x54,
    0x4F, 0x4B, 0x5F, 0x4C, 0x49, 0x54, 0x45, 0x52, 0x41, 0x4C, 0x5F, 0x43,
    0x48, 0x41, 0x52, 0x00, 0x02, 0x39, 0x30, 0x00, 0x0D, 0x00, 0x00, 0x00,
    0x5F, 0x73, 0x63, 0x61, 0x6E, 0x5F, 0x6E, 0x75, 0x6D, 0x62, 0x65, 0x72,
    0x00, 0x02, 0x39, 0x31, 0x00, 0x10, 0x00, 0x00, 0x00, 0x5F, 0x73, 0x63,
    0x61, 0x6E, 0x5F, 0x78, 0x69, 0x64, 0x5F, 0x74, 0x6F, 0x6B, 0x65, 0x6E,
    0x00, 0x02, 0x39, 0x32, 0x00, 0x05, 0x00, 0x00, 0x00, 0x73, 0x63, 0x61,
    0x6E, 0x00, 0x02, 0x39, 0x33, 0x00, 0x08, 0x00, 0x00, 0x00, 0x54, 0x4F,
    0x4B, 0x5F, 0x58, 0x49, 0x44, 0x00, 0x02, 0x39, 0x34, 0x00, 0x0C, 0x00,
    0x00, 0x00, 0x54, 0x4F, 0x4B, 0x5F, 0x43, 0x4F, 0x4D, 0x4D, 0x45, 0x4E,
    0x54, 0x00, 0x02, 0x39, 0x35, 0x00, 0x10, 0x00, 0x00, 0x00, 0x54, 0x4F,
    0x4B, 0x5F, 0x4C, 0x49, 0x54, 0x45, 0x52, 0x41, 0x4C, 0x5F, 0x49, 0x4E,
    0x54, 0x00, 0x02, 0x39, 0x36, 0x00, 0x12, 0x00, 0x00, 0x00, 0x54, 0x4F,
    0x4B, 0x5F, 0x4C, 0x49, 0x54, 0x45, 0x52, 0x41, 0x4C, 0x5F, 0x46, 0x4C,
    0x4F, 0x41, 0x54, 0x00, 0x02, 0x39, 0x37, 0x00, 0x07, 0x00, 0x00, 0x00,
    0x74, 0x6F, 0x6B, 0x65, 0x6E, 0x73, 0x00, 0x02, 0x39, 0x38, 0x00, 0x0C,
    0x00, 0x00, 0x00, 0x67, 0x72, 0x6F, 0x75, 0x70, 0x5F, 0x64, 0x65, 0x70,
    0x74, 0x68, 0x00, 0x02, 0x39, 0x39, 0x00, 0x0E, 0x00, 0x00, 0x00, 0x61,
    0x74, 0x5F, 0x6C, 0x69, 0x6E, 0x65, 0x5F, 0x73, 0x74, 0x61, 0x72, 0x74,
    0x00, 0x02, 0x31, 0x30, 0x30, 0x00, 0x08, 0x00, 0x00, 0x00, 0x6C, 0x69,
    0x6E, 0x65, 0x5F, 0x77, 0x73, 0x00, 0x02, 0x31, 0x30, 0x31, 0x00, 0x08,
    0x00, 0x00, 0x00, 0x69, 0x6E, 0x64, 0x65, 0x6E, 0x74, 0x73, 0x00, 0x02,
    0x31, 0x30, 0x32, 0x00, 0x07, 0x00, 0x00, 0x00, 0x61, 0x70, 0x70, 0x65,
    0x6E, 0x64, 0x00, 0x02, 0x31, 0x30, 0x33, 0x00, 0x06, 0x00, 0x00, 0x00,
    0x5F, 0x65, 0x6D, 0x69, 0x74, 0x00, 0x02, 0x31, 0x30, 0x34, 0x00, 0x0B,
    0x00, 0x00, 0x00, 0x54, 0x4F, 0x4B, 0x5F, 0x49, 0x4E, 0x44, 0x45, 0x4E,
    0x54, 0x00, 0x02, 0x31, 0x30, 0x35, 0x00, 0x0B, 0x00, 0x00, 0x00, 0x54,
    0x4F, 0x4B, 0x5F, 0x44, 0x45, 0x44, 0x45, 0x4E, 0x54, 0x00, 0x02, 0x31,
    0x30, 0x36, 0x00, 0x0E, 0x00, 0x00, 0x00, 0x5F, 0x61, 0x70, 0x70, 0x6C,
    0x79, 0x5F, 0x69, 0x6E, 0x64, 0x65, 0x6E, 0x74, 0x00, 0x02, 0x31, 0x30,
    0x37, 0x00, 0x06, 0x00, 0x00, 0x00, 0x5F, 0x70, 0x75, 0x73, 0x68, 0x00,
    0x02, 0x31, 0x30, 0x38, 0x00, 0x08, 0x00, 0x00, 0x00, 0x5F, 0x66, 0x69,
    0x6E, 0x69, 0x73, 0x68, 0x00, 0x00,
};

static const uint8_t tokenizer_functions[] = {
    0x0A, 0x0E, 0x00, 0x00, 0x03, 0x30, 0x00, 0x4D, 0x00, 0x00, 0x00, 0x02,
    0x6E, 0x00, 0x10, 0x00, 0x00, 0x00, 0x5F, 0x6C, 0x6F, 0x6F, 0x6B, 0x75,
    0x70, 0x5F, 0x6B, 0x65, 0x79, 0x77, 0x6F, 0x72, 0x64, 0x00, 0x04, 0x70,
    0x00, 0x19, 0x00, 0x00, 0x00, 0x03, 0x30, 0x00, 0x11, 0x00, 0x00, 0x00,
    0x02, 0x6E, 0x00, 0x05, 0x00, 0x00, 0x00, 0x74, 0x65, 0x78, 0x74, 0x00,
    0x00, 0x00, 0x10, 0x6C, 0x00, 0x06, 0x00, 0x00, 0x00, 0x10, 0x63, 0x00,
    0xEB, 0x01, 0x00, 0x00, 0x10, 0x66, 0x00, 0x00, 0x00, 0x00, 0x00, 0x00,
    0x03, 0x31, 0x00, 0x7A, 0x00, 0x00, 0x00, 0x02, 0x6E, 0x00, 0x06, 0x00,
    0x00, 0x00, 0x69, 0x6E, 0x69, 0x74, 0x21, 0x00, 0x04, 0x70, 0x00, 0x41,
    0x00, 0x00, 0x00, 0x03, 0x30, 0x00, 0x11, 0x00, 0x00, 0x00, 0x02, 0x6E,
    0x00, 0x05, 0x00, 0x00, 0x00, 0x6B, 0x69, 0x6E, 0x64, 0x00, 0x00, 0x03,
    0x31, 0x00, 0x12, 0x00, 0x00, 0x00, 0x02, 0x6E, 0x00, 0x06, 0x00, 0x00,
    0x00, 0x73, 0x74, 0x61, 0x72, 0x74, 0x00, 0x00, 0x03, 0x32, 0x00, 0x10,
    0x00, 0x00, 0x00, 0x02, 0x6E, 0x00, 0x04, 0x00, 0x00, 0x00, 0x65, 0x6E,
    0x64, 0x00, 0x00, 0x00, 0x10, 0x6C, 0x00, 0x02, 0x00, 0x00, 0x00, 0x10,
    0x63, 0x00, 0xFD, 0x01, 0x00, 0x00, 0x10, 0x66, 0x00, 0x02, 0x00, 0x00,
    0x00, 0x04, 0x74, 0x00, 0x0C, 0x00, 0x00, 0x00, 0x10, 0x30, 0x00, 0x02,
    0x00, 0x00, 0x00, 0x00, 0x00, 0x03, 0x32, 0x00, 0x58, 0x00, 0x00, 0x00,
    0x02, 0x6E, 0x00, 0x0A, 0x00, 0x00, 0x00, 0x67, 0x65, 0x74, 0x5F, 0x74,
    0x65, 0x78, 0x74, 0x21, 0x00, 0x04, 0x70, 0x00, 0x1B, 0x00, 0x00, 0x00,
    0x03, 0x30, 0x00, 0x13, 0x00, 0x00, 0x00, 0x02, 0x6E, 0x00, 0x07, 0x00,
    0x00, 0x00, 0x62, 0x75, 0x66, 0x66, 0x65, 0x72, 0x00, 0x00, 0x00, 0x10,
    0x6C, 0x00, 0x05, 0x00, 0x00, 0x00, 0x10, 0x63, 0x00, 0x08, 0x02, 0x00,
    0x00, 0x10, 0x66, 0x00, 0x02, 0x00, 0x00, 0x00, 0x04, 0x74, 0x00, 0x0C,
    0x00, 0x00, 0x00, 0x10, 0x30, 0x00, 0x02, 0x00, 0x00, 0x00, 0x00, 0x00,
    0x03, 0x33, 0x00, 0x60, 0x00, 0x00, 0x00, 0x02, 0x6E, 0x00, 0x0A, 0x00,
    0x00, 0x00, 0x5F, 0x67, 0x65, 0x74, 0x5F, 0x63, 0x68, 0x61, 0x72, 0x00,
    0x04, 0x70, 0x00, 0x32, 0x00, 0x00, 0x00, 0x03, 0x30, 0x00, 0x13, 0x00,
    0x00, 0x00, 0x02, 0x6E, 0x00, 0x07, 0x00, 0x00, 0x00, 0x62, 0x75, 0x66,
    0x66, 0x65, 0x72, 0x00, 0x00, 0x03, 0x31, 0x00, 0x14, 0x00, 0x00, 0x00,
    0x02, 0x6E, 0x00, 0x08, 0x00, 0x00, 0x00, 0x63, 0x75, 0x72, 0x5F, 0x70,
    0x6F, 0x73, 0x00, 0x00, 0x00, 0x10, 0x6C, 0x00, 0x01, 0x00, 0x00, 0x00,
    0x10, 0x63, 0x00, 0x15, 0x02, 0x00, 0x00, 0x10, 0x66, 0x00, 0x00, 0x00,
    0x00, 0x00, 0x00, 0x03, 0x34, 0x00, 0x47, 0x00, 0x00, 0x00, 0x02, 0x6E,
    0x00, 0x0C, 0x00, 0x00, 0x00, 0x5F, 0x69, 0x73, 0x5F, 0x6E, 0x65, 0x77,
    0x6C, 0x69, 0x6E, 0x65, 0x00, 0x04, 0x70, 0x00, 0x17, 0x00, 0x00, 0x00,
    0x03, 0x30, 0x00, 0x0F, 0x00, 0x00, 0x00, 0x02, 0x6E, 0x00, 0x03, 0x00,
    0x00, 0x00, 0x63, 0x68, 0x00, 0x00, 0x00, 0x10, 0x6C, 0x00, 0x02, 0x00,
    0x00, 0x00, 0x10, 0x63, 0x00, 0x1A, 0x02, 0x00, 0x00, 0x10, 0x66, 0x00,
    0x00, 0x00, 0x00, 0x00, 0x00, 0x03, 0x35, 0x00, 0x6C, 0x00, 0x00, 0x00,
    0x02, 0x6E, 0x00, 0x16, 0x00, 0x00, 0x00, 0x5F, 0x73, 0x63, 0x61, 0x6E,
    0x5F, 0x65, 0x73, 0x63, 0x61, 0x70, 0x65, 0x5F, 0x6E, 0x6C, 0x5F, 0x62,
    0x72, 0x65, 0x61, 0x6B, 0x00, 0x04, 0x70, 0x00, 0x32, 0x00, 0x00, 0x00,
    0x03, 0x30, 0x00, 0x13, 0x00, 0x00, 0x00, 0x02, 0x6E, 0x00, 0x07, 0x00,
    0x00, 0x00, 0x62, 0x75, 0x66, 0x66, 0x65, 0x72, 0x00, 0x00, 0x03, 0x31,
    0x00, 0x14, 0x00, 0x00, 0x00, 0x02, 0x6E, 0x00, 0x08, 0x00, 0x00, 0x00,
    0x63, 0x75, 0x72, 0x5F, 0x70, 0x6F, 0x73, 0x00, 0x00, 0x00, 0x10, 0x6C,
    0x00, 0x07, 0x00, 0x00, 0x00, 0x10, 0x63, 0x00, 0x22, 0x02, 0x00, 0x00,
    0x10, 0x66, 0x00, 0x00, 0x00, 0x00, 0x00, 0x00, 0x03, 0x36, 0x00, 0x63,
    0x00, 0x00, 0x00, 0x02, 0x6E, 0x00, 0x0D, 0x00, 0x00, 0x00, 0x5F, 0x73,
    0x63, 0x61, 0x6E, 0x5F, 0x74, 0x6F, 0x5F, 0x65, 0x6F, 0x6C, 0x00, 0x04,
    0x70, 0x00, 0x32, 0x00, 0x00, 0x00, 0x03, 0x30, 0x00, 0x13, 0x00, 0x00,
    0x00, 0x02, 0x6E, 0x00, 0x07, 0x00, 0x00, 0x00, 0x62, 0x75, 0x66, 0x66,
    0x65, 0x72, 0x00, 0x00, 0x03, 0x31, 0x00, 0x14, 0x00, 0x00, 0x00, 0x02,
    0x6E, 0x00, 0x08, 0x00, 0x00, 0x00, 0x63, 0x75, 0x72, 0x5F, 0x70, 0x6F,
    0x73, 0x00, 0x00, 0x00, 0x10, 0x6C, 0x00, 0x06, 0x00, 0x00, 0x00, 0x10,
    0x63, 0x00, 0x5A, 0x02, 0x00, 0x00, 0x10, 0x66, 0x00, 0x00, 0x00, 0x00,
    0x00, 0x00, 0x03, 0x37, 0x00, 0x67, 0x00, 0x00, 0x00, 0x02, 0x6E, 0x00,
    0x11, 0x00, 0x00, 0x00, 0x5F, 0x73, 0x63, 0x61, 0x6E, 0x5F, 0x74, 0x6F,
    0x5F, 0x65, 0x6F, 0x6C, 0x5F, 0x72, 0x61, 0x77, 0x00, 0x04, 0x70, 0x00,
    0x32, 0x00, 0x00, 0x00, 0x03, 0x30, 0x00, 0x13, 0x00, 0x00, 0x00, 0x02,
    0x6E, 0x00, 0x07, 0x00, 0x00, 0x00, 0x62, 0x75, 0x66, 0x66, 0x65, 0x72,
    0x00, 0x00, 0x03, 0x31, 0x00, 0x14, 0x00, 0x00, 0x00, 0x02, 0x6E, 0x00,
    0x08, 0x00, 0x00, 0x00, 0x63, 0x75, 0x72, 0x5F, 0x70, 0x6F, 0x73, 0x00,
    0x00, 0x00, 0x10, 0x6C, 0x00, 0x05, 0x00, 0x00, 0x00, 0x10, 0x63, 0x00,
    0x8B, 0x02, 0x00, 0x00, 0x10, 0x66, 0x00, 0x00, 0x00, 0x00, 0x00, 0x00,
    0x03, 0x38, 0x00, 0x6B, 0x00, 0x00, 0x00, 0x02, 0x6E, 0x00, 0x15, 0x00,
    0x00, 0x00, 0x5F, 0x66, 0x69, 0x6E, 0x64, 0x5F, 0x65, 0x6E, 0x64, 0x5F,
    0x77, 0x68, 0x69, 0x74, 0x65, 0x73, 0x70, 0x61, 0x63, 0x65, 0x00, 0x04,
    0x70, 0x00, 0x32, 0x00, 0x00, 0x00, 0x03, 0x30, 0x00, 0x13, 0x00, 0x00,
    0x00, 0x02, 0x6E, 0x00, 0x07, 0x00, 0x00, 0x00, 0x62, 0x75, 0x66, 0x66,
    0x65, 0x72, 0x00, 0x00, 0x03, 0x31, 0x00, 0x14, 0x00, 0x00, 0x00, 0x02,
    0x6E, 0x00, 0x08, 0x00, 0x00, 0x00, 0x63, 0x75, 0x72, 0x5F, 0x70, 0x6F,
    0x73, 0x00, 0x00, 0x00, 0x10, 0x6C, 0x00, 0x06, 0x00, 0x00, 0x00, 0x10,
    0x63, 0x00, 0xA7, 0x02, 0x00, 0x00, 0x10, 0x66, 0x00, 0x00, 0x00, 0x00,
    0x00, 0x00, 0x03, 0x39, 0x00, 0x63, 0x00, 0x00, 0x00, 0x02, 0x6E, 0x00,
    0x0D, 0x00, 0x00, 0x00, 0x5F, 0x73, 0x63, 0x61, 0x6E, 0x5F, 0x64, 0x69,
    0x67, 0x69, 0x74, 0x73, 0x00, 0x04, 0x70, 0x00, 0x32, 0x00, 0x00, 0x00,
    0x03, 0x30, 0x00, 0x13, 0x00, 0x00, 0x00, 0x02, 0x6E, 0x00, 0x07, 0x00,
    0x00, 0x00, 0x62, 0x75, 0x66, 0x66, 0x65, 0x72, 0x00, 0x00, 0x03, 0x31,
    0x00, 0x14, 0x00, 0x00, 0x00, 0x02, 0x6E, 0x00, 0x08, 0x00, 0x00, 0x00,
    0x63, 0x75, 0x72, 0x5F, 0x70, 0x6F, 0x73, 0x00, 0x00, 0x00, 0x10, 0x6C,
    0x00, 0x05, 0x00, 0x00, 0x00, 0x10, 0x63, 0x00, 0xDB, 0x02, 0x00, 0x00,
    0x10, 0x66, 0x00, 0x00, 0x00, 0x00, 0x00, 0x00, 0x03, 0x31, 0x30, 0x00,
    0x66, 0x00, 0x00, 0x00, 0x02, 0x6E, 0x00, 0x10, 0x00, 0x00, 0x00, 0x5F,
    0x73, 0x63, 0x61, 0x6E, 0x5F, 0x68, 0x65, 0x78, 0x64, 0x69, 0x67, 0x69,
    0x74, 0x73, 0x00, 0x04, 0x70, 0x00, 0x32, 0x00, 0x00, 0x00, 0x03, 0x30,
    0x00, 0x13, 0x00, 0x00, 0x00, 0x02, 0x6E, 0x00, 0x07, 0x00, 0x00, 0x00,
    0x62, 0x75, 0x66, 0x66, 0x65, 0x72, 0x00, 0x00, 0x03, 0x31, 0x00, 0x14,
    0x00, 0x00, 0x00, 0x02, 0x6E, 0x00, 0x08, 0x00, 0x00, 0x00, 0x63, 0x75,
    0x72, 0x5F, 0x70, 0x6F, 0x73, 0x00, 0x00, 0x00, 0x10, 0x6C, 0x00, 0x05,
    0x00, 0x00, 0x00, 0x10, 0x63, 0x00, 0x07, 0x03, 0x00, 0x00, 0x10, 0x66,
    0x00, 0x00, 0x00, 0x00, 0x00, 0x00, 0x03, 0x31, 0x31, 0x00, 0x66, 0x00,
    0x00, 0x00, 0x02, 0x6E, 0x00, 0x10, 0x00, 0x00, 0x00, 0x5F, 0x73, 0x63,
    0x61, 0x6E, 0x5F, 0x62, 0x69, 0x6E, 0x64, 0x69, 0x67, 0x69, 0x74, 0x73,
    0x00, 0x04, 0x70, 0x00, 0x32, 0x00, 0x00, 0x00, 0x03, 0x30, 0x00, 0x13,
    0x00, 0x00, 0x00, 0x02, 0x6E, 0x00, 0x07, 0x00, 0x00, 0x00, 0x62, 0x75,
    0x66, 0x66, 0x65, 0x72, 0x00, 0x00, 0x03, 0x31, 0x00, 0x14, 0x00, 0x00,
    0x00, 0x02, 0x6E, 0x00, 0x08, 0x00, 0x00, 0x00, 0x63, 0x75, 0x72, 0x5F,
    0x70, 0x6F, 0x73, 0x00, 0x00, 0x00, 0x10, 0x6C, 0x00, 0x05, 0x00, 0x00,
    0x00, 0x10, 0x63, 0x00, 0x34, 0x03, 0x00, 0x00, 0x10, 0x66, 0x00, 0x00,
    0x00, 0x00, 0x00, 0x00, 0x03, 0x31, 0x32, 0x00, 0x65, 0x00, 0x00, 0x00,
    0x02, 0x6E, 0x00, 0x0F, 0x00, 0x00, 0x00, 0x5F, 0x73, 0x63, 0x61, 0x6E,
    0x5F, 0x65, 0x78, 0x70, 0x6F, 0x6E, 0x65, 0x6E, 0x74, 0x00, 0x04, 0x70,
    0x00, 0x32, 0x00, 0x00, 0x00, 0x03, 0x30, 0x00, 0x13, 0x00, 0x00, 0x00,
    0x02, 0x6E, 0x00, 0x07, 0x00, 0x00, 0x00, 0x62, 0x75, 0x66, 0x66, 0x65,
    0x72, 0x00, 0x00, 0x03, 0x31, 0x00, 0x14, 0x00, 0x00, 0x00, 0x02, 0x6E,
    0x00, 0x08, 0x00, 0x00, 0x00, 0x63, 0x75, 0x72, 0x5F, 0x70, 0x6F, 0x73,
    0x00, 0x00, 0x00, 0x10, 0x6C, 0x00, 0x05, 0x00, 0x00, 0x00, 0x10, 0x63,
    0x00, 0x60, 0x03, 0x00, 0x00, 0x10, 0x66, 0x00, 0x00, 0x00, 0x00, 0x00,
    0x00, 0x03, 0x31, 0x33, 0x00, 0x60, 0x00, 0x00, 0x00, 0x02, 0x6E, 0x00,
    0x0A, 0x00, 0x00, 0x00, 0x5F, 0x73, 0x63, 0x61, 0x6E, 0x5F, 0x78, 0x69,
    0x64, 0x00, 0x04, 0x70, 0x00, 0x32, 0x00, 0x00, 0x00, 0x03, 0x30, 0x00,
    0x13, 0x00, 0x00, 0x00, 0x02, 0x6E, 0x00, 0x07, 0x00, 0x00, 0x00, 0x62,
    0x75, 0x66, 0x66, 0x65, 0x72, 0x00, 0x00, 0x03, 0x31, 0x00, 0x14, 0x00,
    0x00, 0x00, 0x02, 0x6E, 0x00, 0x08, 0x00, 0x00, 0x00, 0x63, 0x75, 0x72,
    0x5F, 0x70, 0x6F, 0x73, 0x00, 0x00, 0x00, 0x10, 0x6C, 0x00, 0x05, 0x00,
    0x00, 0x00, 0x10, 0x63, 0x00, 0x8B, 0x03, 0x00, 0x00, 0x10, 0x66, 0x00,
    0x00, 0x00, 0x00, 0x00, 0x00, 0x03, 0x31, 0x34, 0x00, 0x6C, 0x00, 0x00,
    0x00, 0x02, 0x6E, 0x00, 0x16, 0x00, 0x00, 0x00, 0x5F, 0x73, 0x63, 0x61,
    0x6E, 0x5F, 0x6F, 0x70, 0x65, 0x72, 0x61, 0x74, 0x6F, 0x72, 0x5F, 0x73,
    0x79, 0x6D, 0x62, 0x6F, 0x6C, 0x00, 0x04, 0x70, 0x00, 0x32, 0x00, 0x00,
    0x00, 0x03, 0x30, 0x00, 0x13, 0x00, 0x00, 0x00, 0x02, 0x6E, 0x00, 0x07,
    0x00, 0x00, 0x00, 0x62, 0x75, 0x66, 0x66, 0x65, 0x72, 0x00, 0x00, 0x03,
    0x31, 0x00, 0x14, 0x00, 0x00, 0x00, 0x02, 0x6E, 0x00, 0x08, 0x00, 0x00,
    0x00, 0x63, 0x75, 0x72, 0x5F, 0x70, 0x6F, 0x73, 0x00, 0x00, 0x00, 0x10,
    0x6C, 0x00, 0x09, 0x00, 0x00, 0x00, 0x10, 0x63, 0x00, 0xBC, 0x03, 0x00,
    0x00, 0x10, 0x66, 0x00, 0x00, 0x00, 0x00, 0x00, 0x00, 0x03, 0x31, 0x35,
    0x00, 0x96, 0x00, 0x00, 0x00, 0x02, 0x6E, 0x00, 0x0D, 0x00, 0x00, 0x00,
    0x5F, 0x63, 0x68, 0x65, 0x63, 0x6B, 0x5F, 0x6D, 0x61, 0x74, 0x63, 0x68,
    0x00, 0x04, 0x70, 0x00, 0x65, 0x00, 0x00, 0x00, 0x03, 0x30, 0x00, 0x13,
    0x00, 0x00, 0x00, 0x02, 0x6E, 0x00, 0x07, 0x00, 0x00, 0x00, 0x62, 0x75,
    0x66, 0x66, 0x65, 0x72, 0x00, 0x00, 0x03, 0x31, 0x00, 0x14, 0x00, 0x00,
    0x00, 0x02, 0x6E, 0x00, 0x08, 0x00, 0x00, 0x00, 0x63, 0x75, 0x72, 0x5F,
    0x70, 0x6F, 0x73, 0x00, 0x00, 0x03, 0x32, 0x00, 0x15, 0x00, 0x00, 0x00,
    0x02, 0x6E, 0x00, 0x09, 0x00, 0x00, 0x00, 0x72, 0x65, 0x71, 0x75, 0x69,
    0x72, 0x65, 0x64, 0x00, 0x00, 0x03, 0x33, 0x00, 0x18, 0x00, 0x00, 0x00,
    0x02, 0x6E, 0x00, 0x0C, 0x00, 0x00, 0x00, 0x6D, 0x61, 0x74, 0x63, 0x68,
    0x5F, 0x63, 0x68, 0x61, 0x72, 0x73, 0x00, 0x00, 0x00, 0x10, 0x6C, 0x00,
    0x07, 0x00, 0x00, 0x00, 0x10, 0x63, 0x00, 0xE3, 0x03, 0x00, 0x00, 0x10,
    0x66, 0x00, 0x00, 0x00, 0x00, 0x00, 0x00, 0x03, 0x31, 0x36, 0x00, 0x6B,
    0x00, 0x00, 0x00, 0x02, 0x6E, 0x00, 0x15, 0x00, 0x00, 0x00, 0x5F, 0x73,
    0x63, 0x61, 0x6E, 0x5F, 0x72, 0x61, 0x77, 0x5F, 0x73, 0x74, 0x72, 0x69,
    0x6E, 0x67, 0x5F, 0x74, 0x61, 0x67, 0x00, 0x04, 0x70, 0x00, 0x32, 0x00,
    0x00, 0x00, 0x03, 0x30, 0x00, 0x13, 0x00, 0x00, 0x00, 0x02, 0x6E, 0x00,
    0x07, 0x00, 0x00, 0x00, 0x62, 0x75, 0x66, 0x66, 0x65, 0x72, 0x00, 0x00,
    0x03, 0x31, 0x00, 0x14, 0x00, 0x00, 0x00, 0x02, 0x6E, 0x00, 0x08, 0x00,
    0x00, 0x00, 0x63, 0x75, 0x72, 0x5F, 0x70, 0x6F, 0x73, 0x00, 0x00, 0x00,
    0x10, 0x6C, 0x00, 0x06, 0x00, 0x00, 0x00, 0x10, 0x63, 0x00, 0x04, 0x04,
    0x00, 0x00, 0x10, 0x66, 0x00, 0x00, 0x00, 0x00, 0x00, 0x00, 0x03, 0x31,
    0x37, 0x00, 0x79, 0x00, 0x00, 0x00, 0x02, 0x6E, 0x00, 0x0D, 0x00, 0x00,
    0x00, 0x5F, 0x66, 0x69, 0x6E, 0x64, 0x5F, 0x6E, 0x65, 0x65, 0x64, 0x6C,
    0x65, 0x00, 0x04, 0x70, 0x00, 0x48, 0x00, 0x00, 0x00, 0x03, 0x30, 0x00,
    0x13, 0x00, 0x00, 0x00, 0x02, 0x6E, 0x00, 0x07, 0x00, 0x00, 0x00, 0x62,
    0x75, 0x66, 0x66, 0x65, 0x72, 0x00, 0x00, 0x03, 0x31, 0x00, 0x14, 0x00,
    0x00, 0x00, 0x02, 0x6E, 0x00, 0x08, 0x00, 0x00, 0x00, 0x63, 0x75, 0x72,
    0x5F, 0x70, 0x6F, 0x73, 0x00, 0x00, 0x03, 0x32, 0x00, 0x13, 0x00, 0x00,
    0x00, 0x02, 0x6E, 0x00, 0x07, 0x00, 0x00, 0x00, 0x6E, 0x65, 0x65, 0x64,
    0x6C, 0x65, 0x00, 0x00, 0x00, 0x10, 0x6C, 0x00, 0x09, 0x00, 0x00, 0x00,
    0x10, 0x63, 0x00, 0x2D, 0x04, 0x00, 0x00, 0x10, 0x66, 0x00, 0x00, 0x00,
    0x00, 0x00, 0x00, 0x03, 0x31, 0x38, 0x00, 0x6E, 0x00, 0x00, 0x00, 0x02,
    0x6E, 0x00, 0x11, 0x00, 0x00, 0x00, 0x5F, 0x73, 0x63, 0x61, 0x6E, 0x5F,
    0x72, 0x61, 0x77, 0x5F, 0x73, 0x74, 0x72, 0x69, 0x6E, 0x67, 0x00, 0x04,
    0x70, 0x00, 0x32, 0x00, 0x00, 0x00, 0x03, 0x30, 0x00, 0x13, 0x00, 0x00,
    0x00, 0x02, 0x6E, 0x00, 0x07, 0x00, 0x00, 0x00, 0x62, 0x75, 0x66, 0x66,
    0x65, 0x72, 0x00, 0x00, 0x03, 0x31, 0x00, 0x14, 0x00, 0x00, 0x00, 0x02,
    0x6E, 0x00, 0x08, 0x00, 0x00, 0x00, 0x63, 0x75, 0x72, 0x5F, 0x70, 0x6F,
    0x73, 0x00, 0x00, 0x00, 0x10, 0x6C, 0x00, 0x0A, 0x00, 0x00, 0x00, 0x10,
    0x63, 0x00, 0x5B, 0x04, 0x00, 0x00, 0x10, 0x66, 0x00, 0x00, 0x00, 0x00,
    0x00, 0x10, 0x72, 0x00, 0x03, 0x00, 0x00, 0x00, 0x00, 0x03, 0x31, 0x39,
    0x00, 0x54, 0x00, 0x00, 0x00, 0x02, 0x6E, 0x00, 0x06, 0x00, 0x00, 0x00,
    0x69, 0x6E, 0x69, 0x74, 0x21, 0x00, 0x04, 0x70, 0x00, 0x1B, 0x00, 0x00,
    0x00, 0x03, 0x30, 0x00, 0x13, 0x00, 0x00, 0x00, 0x02, 0x6E, 0x00, 0x07,
    0x00, 0x00, 0x00, 0x62, 0x75, 0x66, 0x66, 0x65, 0x72, 0x00, 0x00, 0x00,
    0x10, 0x6C, 0x00, 0x02, 0x00, 0x00, 0x00, 0x10, 0x63, 0x00, 0x91, 0x04,
    0x00, 0x00, 0x10, 0x66, 0x00, 0x02, 0x00, 0x00, 0x00, 0x04, 0x74, 0x00,
    0x0C, 0x00, 0x00, 0x00, 0x10, 0x30, 0x00, 0x13, 0x00, 0x00, 0x00, 0x00,
    0x00, 0x03, 0x32, 0x30, 0x00, 0x54, 0x00, 0x00, 0x00, 0x02, 0x6E, 0x00,
    0x09, 0x00, 0x00, 0x00, 0x73, 0x65, 0x74, 0x5F, 0x70, 0x6F, 0x73, 0x21,
    0x00, 0x04, 0x70, 0x00, 0x18, 0x00, 0x00, 0x00, 0x03, 0x30, 0x00, 0x10,
    0x00, 0x00, 0x00, 0x02, 0x6E, 0x00, 0x04, 0x00, 0x00, 0x00, 0x70, 0x6F,
    0x73, 0x00, 0x00, 0x00, 0x10, 0x6C, 0x00, 0x02, 0x00, 0x00, 0x00, 0x10,
    0x63, 0x00, 0x99, 0x04, 0x00, 0x00, 0x10, 0x66, 0x00, 0x02, 0x00, 0x00,
    0x00, 0x04, 0x74, 0x00, 0x0C, 0x00, 0x00, 0x00, 0x10, 0x30, 0x00, 0x13,
    0x00, 0x00, 0x00, 0x00, 0x00, 0x03, 0x32, 0x31, 0x00, 0x78, 0x00, 0x00,
    0x00, 0x02, 0x6E, 0x00, 0x15, 0x00, 0x00, 0x00, 0x5F, 0x61, 0x64, 0x76,
    0x61, 0x6E, 0x63, 0x65, 0x5F, 0x77, 0x69, 0x74, 0x68, 0x5F, 0x74, 0x6F,
    0x6B, 0x65, 0x6E, 0x21, 0x00, 0x04, 0x70, 0x00, 0x30, 0x00, 0x00, 0x00,
    0x03, 0x30, 0x00, 0x11, 0x00, 0x00, 0x00, 0x02, 0x6E, 0x00, 0x05, 0x00,
    0x00, 0x00, 0x6B, 0x69, 0x6E, 0x64, 0x00, 0x00, 0x03, 0x31, 0x00, 0x14,
    0x00, 0x00, 0x00, 0x02, 0x6E, 0x00, 0x08, 0x00, 0x00, 0x00, 0x65, 0x6E,
    0x64, 0x5F, 0x70, 0x6F, 0x73, 0x00, 0x00, 0x00, 0x10, 0x6C, 0x00, 0x05,
    0x00, 0x00, 0x00, 0x10, 0x63, 0x00, 0x9E, 0x04, 0x00, 0x00, 0x10, 0x66,
    0x00, 0x02, 0x00, 0x00, 0x00, 0x04, 0x74, 0x00, 0x0C, 0x00, 0x00, 0x00,
    0x10, 0x30, 0x00, 0x13, 0x00, 0x00, 0x00, 0x00, 0x00, 0x03, 0x32, 0x32,
    0x00, 0xAD, 0x00, 0x00, 0x00, 0x02, 0x6E, 0x00, 0x1A, 0x00, 0x00, 0x00,
    0x5F, 0x61, 0x64, 0x76, 0x61, 0x6E, 0x63, 0x65, 0x5F, 0x77, 0x69, 0x74,
    0x68, 0x5F, 0x74, 0x6F, 0x6B, 0x65, 0x6E, 0x5F, 0x73, 0x70, 0x61, 0x6E,
    0x21, 0x00, 0x04, 0x70, 0x00, 0x60, 0x00, 0x00, 0x00, 0x03, 0x30, 0x00,
    0x11, 0x00, 0x00, 0x00, 0x02, 0x6E, 0x00, 0x05, 0x00, 0x00, 0x00, 0x6B,
    0x69, 0x6E, 0x64, 0x00, 0x00, 0x03, 0x31, 0x00, 0x16, 0x00, 0x00, 0x00,
    0x02, 0x6E, 0x00, 0x0A, 0x00, 0x00, 0x00, 0x74, 0x6F, 0x6B, 0x5F, 0x73,
    0x74, 0x61, 0x72, 0x74, 0x00, 0x00, 0x03, 0x32, 0x00, 0x14, 0x00, 0x00,
    0x00, 0x02, 0x6E, 0x00, 0x08, 0x00, 0x00, 0x00, 0x74, 0x6F, 0x6B, 0x5F,
    0x65, 0x6E, 0x64, 0x00, 0x00, 0x03, 0x33, 0x00, 0x14, 0x00, 0x00, 0x00,
    0x02, 0x6E, 0x00, 0x08, 0x00, 0x00, 0x00, 0x6E, 0x65, 0x77, 0x5F, 0x70,
    0x6F, 0x73, 0x00, 0x00, 0x00, 0x10, 0x6C, 0x00, 0x04, 0x00, 0x00, 0x00,
    0x10, 0x63, 0x00, 0xAB, 0x04, 0x00, 0x00, 0x10, 0x66, 0x00, 0x02, 0x00,
    0x00, 0x00, 0x04, 0x74, 0x00, 0x0C, 0x00, 0x00, 0x00, 0x10, 0x30, 0x00,
    0x13, 0x00, 0x00, 0x00, 0x00, 0x00, 0x03, 0x32, 0x33, 0x00, 0x3E, 0x00,
    0x00, 0x00, 0x02, 0x6E, 0x00, 0x06, 0x00, 0x00, 0x00, 0x73, 0x63, 0x61,
    0x6E, 0x21, 0x00, 0x04, 0x70, 0x00, 0x05, 0x00, 0x00, 0x00, 0x00, 0x10,
    0x6C, 0x00, 0x14, 0x00, 0x00, 0x00, 0x10, 0x63, 0x00, 0xB5, 0x04, 0x00,
    0x00, 0x10, 0x66, 0x00, 0x02, 0x00, 0x00, 0x00, 0x04, 0x74, 0x00, 0x0C,
    0x00, 0x00, 0x00, 0x10, 0x30, 0x00, 0x13, 0x00, 0x00, 0x00, 0x00, 0x00,
    0x03, 0x32, 0x34, 0x00, 0x49, 0x00, 0x00, 0x00, 0x02, 0x6E, 0x00, 0x11,
    0x00, 0x00, 0x00, 0x5F, 0x73, 0x63, 0x61, 0x6E, 0x5F, 0x78, 0x69, 0x64,
    0x5F, 0x74, 0x6F, 0x6B, 0x65, 0x6E, 0x21, 0x00, 0x04, 0x70, 0x00, 0x05,
    0x00, 0x00, 0x00, 0x00, 0x10, 0x6C, 0x00, 0x08, 0x00, 0x00, 0x00, 0x10,
    0x63, 0x00, 0x9A, 0x06, 0x00, 0x00, 0x10, 0x66, 0x00, 0x02, 0x00, 0x00,
    0x00, 0x04, 0x74, 0x00, 0x0C, 0x00, 0x00, 0x00, 0x10, 0x30, 0x00, 0x13,
    0x00, 0x00, 0x00, 0x00, 0x00, 0x03, 0x32, 0x35, 0x00, 0x47, 0x00, 0x00,
    0x00, 0x02, 0x6E, 0x00, 0x0F, 0x00, 0x00, 0x00, 0x5F, 0x73, 0x63, 0x61,
    0x6E, 0x5F, 0x63, 0x6F, 0x6D, 0x6D, 0x65, 0x6E, 0x74, 0x21, 0x00, 0x04,
    0x70, 0x00, 0x05, 0x00, 0x00, 0x00, 0x00, 0x10, 0x6C, 0x00, 0x05, 0x00,
    0x00, 0x00, 0x10, 0x63, 0x00, 0xEF, 0x06, 0x00, 0x00, 0x10, 0x66, 0x00,
    0x02, 0x00, 0x00, 0x00, 0x04, 0x74, 0x00, 0x0C, 0x00, 0x00, 0x00, 0x10,
    0x30, 0x00, 0x13, 0x00, 0x00, 0x00, 0x00, 0x00, 0x03, 0x32, 0x36, 0x00,
    0x95, 0x00, 0x00, 0x00, 0x02, 0x6E, 0x00, 0x12, 0x00, 0x00, 0x00, 0x5F,
    0x73, 0x63, 0x61, 0x6E, 0x5F, 0x66, 0x69, 0x6E, 0x69, 0x73, 0x68, 0x5F,
    0x73, 0x74, 0x72, 0x21, 0x00, 0x04, 0x70, 0x00, 0x50, 0x00, 0x00, 0x00,
    0x03, 0x30, 0x00, 0x16, 0x00, 0x00, 0x00, 0x02, 0x6E, 0x00, 0x0A, 0x00,
    0x00, 0x00, 0x73, 0x74, 0x61, 0x72, 0x74, 0x5F, 0x70, 0x6F, 0x73, 0x00,
    0x00, 0x03, 0x31, 0x00, 0x18, 0x00, 0x00, 0x00, 0x02, 0x6E, 0x00, 0x0C,
    0x00, 0x00, 0x00, 0x73, 0x69, 0x6E, 0x67, 0x6C, 0x65, 0x5F, 0x6C, 0x69,
    0x6E, 0x65, 0x00, 0x00, 0x03, 0x32, 0x00, 0x14, 0x00, 0x00, 0x00, 0x02,
    0x6E, 0x00, 0x08, 0x00, 0x00, 0x00, 0x65, 0x6E, 0x64, 0x5F, 0x73, 0x65,
    0x71, 0x00, 0x00, 0x00, 0x10, 0x6C, 0x00, 0x0A, 0x00, 0x00, 0x00, 0x10,
    0x63, 0x00, 0xFB, 0x06, 0x00, 0x00, 0x10, 0x66, 0x00, 0x02, 0x00, 0x00,
    0x00, 0x04, 0x74, 0x00, 0x0C, 0x00, 0x00, 0x00, 0x10, 0x30, 0x00, 0x13,
    0x00, 0x00, 0x00, 0x00, 0x00, 0x03, 0x32, 0x37, 0x00, 0x46, 0x00, 0x00,
    0x00, 0x02, 0x6E, 0x00, 0x0E, 0x00, 0x00, 0x00, 0x5F, 0x73, 0x63, 0x61,
    0x6E, 0x5F, 0x6E, 0x75, 0x6D, 0x62, 0x65, 0x72, 0x21, 0x00, 0x04, 0x70,
    0x00, 0x05, 0x00, 0x00, 0x00, 0x00, 0x10, 0x6C, 0x00, 0x10, 0x00, 0x00,
    0x00, 0x10, 0x63, 0x00, 0x5F, 0x07, 0x00, 0x00, 0x10, 0x66, 0x00, 0x02,
    0x00, 0x00, 0x00, 0x04, 0x74, 0x00, 0x0C, 0x00, 0x00, 0x00, 0x10, 0x30,
    0x00, 0x13, 0x00, 0x00, 0x00, 0x00, 0x00, 0x03, 0x32, 0x38, 0x00, 0x5E,
    0x00, 0x00, 0x00, 0x02, 0x6E, 0x00, 0x0B, 0x00, 0x00, 0x00, 0x5F, 0x69,
    0x73, 0x5F, 0x70, 0x72, 0x65, 0x66, 0x69, 0x78, 0x00, 0x04, 0x70, 0x00,
    0x2F, 0x00, 0x00, 0x00, 0x03, 0x30, 0x00, 0x13, 0x00, 0x00, 0x00, 0x02,
    0x6E, 0x00, 0x07, 0x00, 0x00, 0x00, 0x70, 0x72, 0x65, 0x66, 0x69, 0x78,
    0x00, 0x00, 0x03, 0x31, 0x00, 0x11, 0x00, 0x00, 0x00, 0x02, 0x6E, 0x00,
    0x05, 0x00, 0x00, 0x00, 0x74, 0x65, 0x78, 0x74, 0x00, 0x00, 0x00, 0x10,
    0x6C, 0x00, 0x04, 0x00, 0x00, 0x00, 0x10, 0x63, 0x00, 0x11, 0x08, 0x00,
    0x00, 0x10, 0x66, 0x00, 0x00, 0x00, 0x00, 0x00, 0x00, 0x03, 0x32, 0x39,
    0x00, 0x54, 0x00, 0x00, 0x00, 0x02, 0x6E, 0x00, 0x06, 0x00, 0x00, 0x00,
    0x69, 0x6E, 0x69, 0x74, 0x21, 0x00, 0x04, 0x70, 0x00, 0x1B, 0x00, 0x00,
    0x00, 0x03, 0x30, 0x00, 0x13, 0x00, 0x00, 0x00, 0x02, 0x6E, 0x00, 0x07,
    0x00, 0x00, 0x00, 0x62, 0x75, 0x66, 0x66, 0x65, 0x72, 0x00, 0x00, 0x00,
    0x10, 0x6C, 0x00, 0x03, 0x00, 0x00, 0x00, 0x10, 0x63, 0x00, 0x29, 0x08,
    0x00, 0x00, 0x10, 0x66, 0x00, 0x02, 0x00, 0x00, 0x00, 0x04, 0x74, 0x00,
    0x0C, 0x00, 0x00, 0x00, 0x10, 0x30, 0x00, 0x15, 0x00, 0x00, 0x00, 0x00,
    0x00, 0x03, 0x33, 0x30, 0x00, 0x66, 0x00, 0x00, 0x00, 0x02, 0x6E, 0x00,
    0x07, 0x00, 0x00, 0x00, 0x5F, 0x65, 0x6D, 0x69, 0x74, 0x21, 0x00, 0x04,
    0x70, 0x00, 0x2C, 0x00, 0x00, 0x00, 0x03, 0x30, 0x00, 0x11, 0x00, 0x00,
    0x00, 0x02, 0x6E, 0x00, 0x05, 0x00, 0x00, 0x00, 0x6B, 0x69, 0x6E, 0x64,
    0x00, 0x00, 0x03, 0x31, 0x00, 0x10, 0x00, 0x00, 0x00, 0x02, 0x6E, 0x00,
    0x04, 0x00, 0x00, 0x00, 0x70, 0x6F, 0x73, 0x00, 0x00, 0x00, 0x10, 0x6C,
    0x00, 0x06, 0x00, 0x00, 0x00, 0x10, 0x63, 0x00, 0x40, 0x08, 0x00, 0x00,
    0x10, 0x66, 0x00, 0x02, 0x00, 0x00, 0x00, 0x04, 0x74, 0x00, 0x0C, 0x00,
    0x00, 0x00, 0x10, 0x30, 0x00, 0x15, 0x00, 0x00, 0x00, 0x00, 0x00, 0x03,
    0x33, 0x31, 0x00, 0x5A, 0x00, 0x00, 0x00, 0x02, 0x6E, 0x00, 0x0F, 0x00,
    0x00, 0x00, 0x5F, 0x61, 0x70, 0x70, 0x6C, 0x79, 0x5F, 0x69, 0x6E, 0x64,
    0x65, 0x6E, 0x74, 0x21, 0x00, 0x04, 0x70, 0x00, 0x18, 0x00, 0x00, 0x00,
    0x03, 0x30, 0x00, 0x10, 0x00, 0x00, 0x00, 0x02, 0x6E, 0x00, 0x04, 0x00,
    0x00, 0x00, 0x70, 0x6F, 0x73, 0x00, 0x00, 0x00, 0x10, 0x6C, 0x00, 0x06,
    0x00, 0x00, 0x00, 0x10, 0x63, 0x00, 0x4C, 0x08, 0x00, 0x00, 0x10, 0x66,
    0x00, 0x02, 0x00, 0x00, 0x00, 0x04, 0x74, 0x00, 0x0C, 0x00, 0x00, 0x00,
    0x10, 0x30, 0x00, 0x15, 0x00, 0x00, 0x00, 0x00, 0x00, 0x03, 0x33, 0x32,
    0x00, 0x54, 0x00, 0x00, 0x00, 0x02, 0x6E, 0x00, 0x07, 0x00, 0x00, 0x00,
    0x5F, 0x70, 0x75, 0x73, 0x68, 0x21, 0x00, 0x04, 0x70, 0x00, 0x1A, 0x00,
    0x00, 0x00, 0x03, 0x30, 0x00, 0x12, 0x00, 0x00, 0x00, 0x02, 0x6E, 0x00,
    0x06, 0x00, 0x00, 0x00, 0x74, 0x6F, 0x6B, 0x65, 0x6E, 0x00, 0x00, 0x00,
    0x10, 0x6C, 0x00, 0x04, 0x00, 0x00, 0x00, 0x10, 0x63, 0x00, 0xB4, 0x08,
    0x00, 0x00, 0x10, 0x66, 0x00, 0x02, 0x00, 0x00, 0x00, 0x04, 0x74, 0x00,
    0x0C, 0x00, 0x00, 0x00, 0x10, 0x30, 0x00, 0x15, 0x00, 0x00, 0x00, 0x00,
    0x00, 0x03, 0x33, 0x33, 0x00, 0x5A, 0x00, 0x00, 0x00, 0x02, 0x6E, 0x00,
    0x09, 0x00, 0x00, 0x00, 0x5F, 0x66, 0x69, 0x6E, 0x69, 0x73, 0x68, 0x21,
    0x00, 0x04, 0x70, 0x00, 0x1E, 0x00, 0x00, 0x00, 0x03, 0x30, 0x00, 0x16,
    0x00, 0x00, 0x00, 0x02, 0x6E, 0x00, 0x0A, 0x00, 0x00, 0x00, 0x65, 0x6E,
    0x64, 0x5F, 0x74, 0x6F, 0x6B, 0x65, 0x6E, 0x00, 0x00, 0x00, 0x10, 0x6C,
    0x00, 0x06, 0x00, 0x00, 0x00, 0x10, 0x63, 0x00, 0x27, 0x09, 0x00, 0x00,
    0x10, 0x66, 0x00, 0x02, 0x00, 0x00, 0x00, 0x04, 0x74, 0x00, 0x0C, 0x00,
    0x00, 0x00, 0x10, 0x30, 0x00, 0x15, 0x00, 0x00, 0x00, 0x00, 0x00, 0x03,
    0x33, 0x34, 0x00, 0x3E, 0x00, 0x00, 0x00, 0x02, 0x6E, 0x00, 0x06, 0x00,
    0x00, 0x00, 0x73, 0x63, 0x61, 0x6E, 0x21, 0x00, 0x04, 0x70, 0x00, 0x05,
    0x00, 0x00, 0x00, 0x00, 0x10, 0x6C, 0x00, 0x05, 0x00, 0x00, 0x00, 0x10,
    0x63, 0x00, 0x49, 0x09, 0x00, 0x00, 0x10, 0x66, 0x00, 0x02, 0x00, 0x00,
    0x00, 0x04, 0x74, 0x00, 0x0C, 0x00, 0x00, 0x00, 0x10, 0x30, 0x00, 0x15,
    0x00, 0x00, 0x00, 0x00, 0x00, 0x00,
};

static const uint8_t tokenizer_classes[] = {
    0xDE, 0x02, 0x00, 0x00, 0x03, 0x30, 0x00, 0x85, 0x00, 0x00, 0x00, 0x02,
    0x6E, 0x00, 0x06, 0x00, 0x00, 0x00, 0x54, 0x6F, 0x6B, 0x65, 0x6E, 0x00,
    0x04, 0x73, 0x6C, 0x00, 0x41, 0x00, 0x00, 0x00, 0x03, 0x30, 0x00, 0x11,
    0x00, 0x00, 0x00, 0x02, 0x6E, 0x00, 0x05, 0x00, 0x00, 0x00, 0x6B, 0x69,
    0x6E, 0x64, 0x00, 0x00, 0x03, 0x31, 0x00, 0x12, 0x00, 0x00, 0x00, 0x02,
    0x6E, 0x00, 0x06, 0x00, 0x00, 0x00, 0x73, 0x74, 0x61, 0x72, 0x74, 0x00,
    0x00, 0x03, 0x32, 0x00, 0x10, 0x00, 0x00, 0x00, 0x02, 0x6E, 0x00, 0x04,
    0x00, 0x00, 0x00, 0x65, 0x6E, 0x64, 0x00, 0x00, 0x00, 0x10, 0x69, 0x00,
    0x01, 0x00, 0x00, 0x00, 0x04, 0x6D, 0x00, 0x1B, 0x00, 0x00, 0x00, 0x03,
    0x30, 0x00, 0x13, 0x00, 0x00, 0x00, 0x10, 0x79, 0x00, 0x4B, 0x00, 0x00,
    0x00, 0x10, 0x66, 0x00, 0x02, 0x00, 0x00, 0x00, 0x00, 0x00, 0x04, 0x73,
    0x74, 0x00, 0x05, 0x00, 0x00, 0x00, 0x00, 0x00, 0x03, 0x31, 0x00, 0x12,
    0x01, 0x00, 0x00, 0x02, 0x6E, 0x00, 0x08, 0x00, 0x00, 0x00, 0x53, 0x63,
    0x61, 0x6E, 0x6E, 0x65, 0x72, 0x00, 0x04, 0x73, 0x6C, 0x00, 0x32, 0x00,
    0x00, 0x00, 0x03, 0x30, 0x00, 0x13, 0x00, 0x00, 0x00, 0x02, 0x6E, 0x00,
    0x07, 0x00, 0x00, 0x00, 0x62, 0x75, 0x66, 0x66, 0x65, 0x72, 0x00, 0x00,
    0x03, 0x31, 0x00, 0x14, 0x00, 0x00, 0x00, 0x02, 0x6E, 0x00, 0x08, 0x00,
    0x00, 0x00, 0x63, 0x75, 0x72, 0x5F, 0x70, 0x6F, 0x73, 0x00, 0x00, 0x00,
    0x10, 0x69, 0x00, 0x13, 0x00, 0x00, 0x00, 0x04, 0x6D, 0x00, 0xB5, 0x00,
    0x00, 0x00, 0x03, 0x30, 0x00, 0x13, 0x00, 0x00, 0x00, 0x10, 0x79, 0x00,
    0x4F, 0x00, 0x00, 0x00, 0x10, 0x66, 0x00, 0x14, 0x00, 0x00, 0x00, 0x00,
    0x03, 0x31, 0x00, 0x13, 0x00, 0x00, 0x00, 0x10, 0x79, 0x00, 0x50, 0x00,
    0x00, 0x00, 0x10, 0x66, 0x00, 0x15, 0x00, 0x00, 0x00, 0x00, 0x03, 0x32,
    0x00, 0x13, 0x00, 0x00, 0x00, 0x10, 0x79, 0x00, 0x51, 0x00, 0x00, 0x00,
    0x10, 0x66, 0x00, 0x16, 0x00, 0x00, 0x00, 0x00, 0x03, 0x33, 0x00, 0x13,
    0x00, 0x00, 0x00, 0x10, 0x79, 0x00, 0x5C, 0x00, 0x00, 0x00, 0x10, 0x66,
    0x00, 0x17, 0x00, 0x00, 0x00, 0x00, 0x03, 0x34, 0x00, 0x13, 0x00, 0x00,
    0x00, 0x10, 0x79, 0x00, 0x5B, 0x00, 0x00, 0x00, 0x10, 0x66, 0x00, 0x18,
    0x00, 0x00, 0x00, 0x00, 0x03, 0x35, 0x00, 0x13, 0x00, 0x00, 0x00, 0x10,
    0x79, 0x00, 0x53, 0x00, 0x00, 0x00, 0x10, 0x66, 0x00, 0x19, 0x00, 0x00,
    0x00, 0x00, 0x03, 0x36, 0x00, 0x13, 0x00, 0x00, 0x00, 0x10, 0x79, 0x00,
    0x58, 0x00, 0x00, 0x00, 0x10, 0x66, 0x00, 0x1A, 0x00, 0x00, 0x00, 0x00,
    0x03, 0x37, 0x00, 0x13, 0x00, 0x00, 0x00, 0x10, 0x79, 0x00, 0x5A, 0x00,
    0x00, 0x00, 0x10, 0x66, 0x00, 0x1B, 0x00, 0x00, 0x00, 0x00, 0x00, 0x04,
    0x73, 0x74, 0x00, 0x05, 0x00, 0x00, 0x00, 0x00, 0x00, 0x03, 0x32, 0x00,
    0x39, 0x01, 0x00, 0x00, 0x02, 0x6E, 0x00, 0x0C, 0x00, 0x00, 0x00, 0x54,
    0x6F, 0x6B, 0x65, 0x6E, 0x53, 0x74, 0x72, 0x65, 0x61, 0x6D, 0x00, 0x04,
    0x73, 0x6C, 0x00, 0x97, 0x00, 0x00, 0x00, 0x03, 0x30, 0x00, 0x13, 0x00,
    0x00, 0x00, 0x02, 0x6E, 0x00, 0x07, 0x00, 0x00, 0x00, 0x62, 0x75, 0x66,
    0x66, 0x65, 0x72, 0x00, 0x00, 0x03, 0x31, 0x00, 0x13, 0x00, 0x00, 0x00,
    0x02, 0x6E, 0x00, 0x07, 0x00, 0x00, 0x00, 0x74, 0x6F, 0x6B, 0x65, 0x6E,
    0x73, 0x00, 0x00, 0x03, 0x32, 0x00, 0x18, 0x00, 0x00, 0x00, 0x02, 0x6E,
    0x00, 0x0C, 0x00, 0x00, 0x00, 0x67, 0x72, 0x6F, 0x75, 0x70, 0x5F, 0x64,
    0x65, 0x70, 0x74, 0x68, 0x00, 0x00, 0x03, 0x33, 0x00, 0x1A, 0x00, 0x00,
    0x00, 0x02, 0x6E, 0x00, 0x0E, 0x00, 0x00, 0x00, 0x61, 0x74, 0x5F, 0x6C,
    0x69, 0x6E, 0x65, 0x5F, 0x73, 0x74, 0x61, 0x72, 0x74, 0x00, 0x00, 0x03,
    0x34, 0x00, 0x14, 0x00, 0x00, 0x00, 0x02, 0x6E, 0x00, 0x08, 0x00, 0x00,
    0x00, 0x6C, 0x69, 0x6E, 0x65, 0x5F, 0x77, 0x73, 0x00, 0x00, 0x03, 0x35,
    0x00, 0x14, 0x00, 0x00, 0x00, 0x02, 0x6E, 0x00, 0x08, 0x00, 0x00, 0x00,
    0x69, 0x6E, 0x64, 0x65, 0x6E, 0x74, 0x73, 0x00, 0x00, 0x00, 0x10, 0x69,
    0x00, 0x1D, 0x00, 0x00, 0x00, 0x04, 0x6D, 0x00, 0x73, 0x00, 0x00, 0x00,
    0x03, 0x30, 0x00, 0x13, 0x00, 0x00, 0x00, 0x10, 0x79, 0x00, 0x67, 0x00,
    0x00, 0x00, 0x10, 0x66, 0x00, 0x1E, 0x00, 0x00, 0x00, 0x00, 0x03, 0x31,
    0x00, 0x13, 0x00, 0x00, 0x00, 0x10, 0x79, 0x00, 0x6A, 0x00, 0x00, 0x00,
    0x10, 0x66, 0x00, 0x1F, 0x00, 0x00, 0x00, 0x00, 0x03, 0x32, 0x00, 0x13,
    0x00, 0x00, 0x00, 0x10, 0x79, 0x00, 0x6B, 0x00, 0x00, 0x00, 0x10, 0x66,
    0x00, 0x20, 0x00, 0x00, 0x00, 0x00, 0x03, 0x33, 0x00, 0x13, 0x00, 0x00,
    0x00, 0x10, 0x79, 0x00, 0x6C, 0x00, 0x00, 0x00, 0x10, 0x66, 0x00, 0x21,
    0x00, 0x00, 0x00, 0x00, 0x03, 0x34, 0x00, 0x13, 0x00, 0x00, 0x00, 0x10,
    0x79, 0x00, 0x5C, 0x00, 0x00, 0x00, 0x10, 0x66, 0x00, 0x22, 0x00, 0x00,
    0x00, 0x00, 0x00, 0x04, 0x73, 0x74, 0x00, 0x05, 0x00, 0x00, 0x00, 0x00,
    0x00, 0x00,
};

static const uint8_t tokenizer_messages[] = {
    0x4B, 0x01, 0x00, 0x00, 0x03, 0x30, 0x00, 0x14, 0x00, 0x00, 0x00, 0x04,
    0x70, 0x00, 0x0C, 0x00, 0x00, 0x00, 0x10, 0x30, 0x00, 0x4A, 0x00, 0x00,
    0x00, 0x00, 0x00, 0x03, 0x31, 0x00, 0x14, 0x00, 0x00, 0x00, 0x04, 0x70,
    0x00, 0x0C, 0x00, 0x00, 0x00, 0x10, 0x30, 0x00, 0x53, 0x00, 0x00, 0x00,
    0x00, 0x00, 0x03, 0x32, 0x00, 0x14, 0x00, 0x00, 0x00, 0x04, 0x70, 0x00,
    0x0C, 0x00, 0x00, 0x00, 0x10, 0x30, 0x00, 0x50, 0x00, 0x00, 0x00, 0x00,
    0x00, 0x03, 0x33, 0x00, 0x14, 0x00, 0x00, 0x00, 0x04, 0x70, 0x00, 0x0C,
    0x00, 0x00, 0x00, 0x10, 0x30, 0x00, 0x51, 0x00, 0x00, 0x00, 0x00, 0x00,
    0x03, 0x34, 0x00, 0x14, 0x00, 0x00, 0x00, 0x04, 0x70, 0x00, 0x0C, 0x00,
    0x00, 0x00, 0x10, 0x30, 0x00, 0x58, 0x00, 0x00, 0x00, 0x00, 0x00, 0x03,
    0x35, 0x00, 0x14, 0x00, 0x00, 0x00, 0x04, 0x70, 0x00, 0x0C, 0x00, 0x00,
    0x00, 0x10, 0x30, 0x00, 0x5A, 0x00, 0x00, 0x00, 0x00, 0x00, 0x03, 0x36,
    0x00, 0x14, 0x00, 0x00, 0x00, 0x04, 0x70, 0x00, 0x0C, 0x00, 0x00, 0x00,
    0x10, 0x30, 0x00, 0x5B, 0x00, 0x00, 0x00, 0x00, 0x00, 0x03, 0x37, 0x00,
    0x14, 0x00, 0x00, 0x00, 0x04, 0x70, 0x00, 0x0C, 0x00, 0x00, 0x00, 0x10,
    0x30, 0x00, 0x66, 0x00, 0x00, 0x00, 0x00, 0x00, 0x03, 0x38, 0x00, 0x14,
    0x00, 0x00, 0x00, 0x04, 0x70, 0x00, 0x0C, 0x00, 0x00, 0x00, 0x10, 0x30,
    0x00, 0x67, 0x00, 0x00, 0x00, 0x00, 0x00, 0x03, 0x39, 0x00, 0x14, 0x00,
    0x00, 0x00, 0x04, 0x70, 0x00, 0x0C, 0x00, 0x00, 0x00, 0x10, 0x30, 0x00,
    0x4B, 0x00, 0x00, 0x00, 0x00, 0x00, 0x03, 0x31, 0x30, 0x00, 0x14, 0x00,
    0x00, 0x00, 0x04, 0x70, 0x00, 0x0C, 0x00, 0x00, 0x00, 0x10, 0x30, 0x00,
    0x6A, 0x00, 0x00, 0x00, 0x00, 0x00, 0x03, 0x31, 0x31, 0x00, 0x14, 0x00,
    0x00, 0x00, 0x04, 0x70, 0x00, 0x0C, 0x00, 0x00, 0x00, 0x10, 0x30, 0x00,
    0x5C, 0x00, 0x00, 0x00, 0x00, 0x00, 0x03, 0x31, 0x32, 0x00, 0x14, 0x00,
    0x00, 0x00, 0x04, 0x70, 0x00, 0x0C, 0x00, 0x00, 0x00, 0x10, 0x30, 0x00,
    0x6C, 0x00, 0x00, 0x00, 0x00, 0x00, 0x03, 0x31, 0x33, 0x00, 0x14, 0x00,
    0x00, 0x00, 0x04, 0x70, 0x00, 0x0C, 0x00, 0x00, 0x00, 0x10, 0x30, 0x00,
    0x6B, 0x00, 0x00, 0x00, 0x00, 0x00, 0x00,
};

static const uint8_t tokenizer_exports[] = {
    0x26, 0x02, 0x00, 0x00, 0x10, 0x73, 0x74, 0x64, 0x00, 0x00, 0x00, 0x00,
    0x00, 0x10, 0x5F, 0x6C, 0x6F, 0x6F, 0x6B, 0x75, 0x70, 0x5F, 0x6B, 0x65,
    0x79, 0x77, 0x6F, 0x72, 0x64, 0x00, 0x01, 0x00, 0x00, 0x00, 0x10, 0x54,
    0x6F, 0x6B, 0x65, 0x6E, 0x00, 0x02, 0x00, 0x00, 0x00, 0x10, 0x5F, 0x67,
    0x65, 0x74, 0x5F, 0x63, 0x68, 0x61, 0x72, 0x00, 0x03, 0x00, 0x00, 0x00,
    0x10, 0x5F, 0x69, 0x73, 0x5F, 0x6E, 0x65, 0x77, 0x6C, 0x69, 0x6E, 0x65,
    0x00, 0x04, 0x00, 0x00, 0x00, 0x10, 0x5F, 0x73, 0x63, 0x61, 0x6E, 0x5F,
    0x65, 0x73, 0x63, 0x61, 0x70, 0x65, 0x5F, 0x6E, 0x6C, 0x5F, 0x62, 0x72,
    0x65, 0x61, 0x6B, 0x00, 0x05, 0x00, 0x00, 0x00, 0x10, 0x5F, 0x73, 0x63,
    0x61, 0x6E, 0x5F, 0x74, 0x6F, 0x5F, 0x65, 0x6F, 0x6C, 0x00, 0x06, 0x00,
    0x00, 0x00, 0x10, 0x5F, 0x73, 0x63, 0x61, 0x6E, 0x5F, 0x74, 0x6F, 0x5F,
    0x65, 0x6F, 0x6C, 0x5F, 0x72, 0x61, 0x77, 0x00, 0x07, 0x00, 0x00, 0x00,
    0x10, 0x5F, 0x66, 0x69, 0x6E, 0x64, 0x5F, 0x65, 0x6E, 0x64, 0x5F, 0x77,
    0x68, 0x69, 0x74, 0x65, 0x73, 0x70, 0x61, 0x63, 0x65, 0x00, 0x08, 0x00,
    0x00, 0x00, 0x10, 0x5F, 0x73, 0x63, 0x61, 0x6E, 0x5F, 0x64, 0x69, 0x67,
    0x69, 0x74, 0x73, 0x00, 0x09, 0x00, 0x00, 0x00, 0x10, 0x5F, 0x73, 0x63,
    0x61, 0x6E, 0x5F, 0x68, 0x65, 0x78, 0x64, 0x69, 0x67, 0x69, 0x74, 0x73,
    0x00, 0x0A, 0x00, 0x00, 0x00, 0x10, 0x5F, 0x73, 0x63, 0x61, 0x6E, 0x5F,
    0x62, 0x69, 0x6E, 0x64, 0x69, 0x67, 0x69, 0x74, 0x73, 0x00, 0x0B, 0x00,
    0x00, 0x00, 0x10, 0x5F, 0x73, 0x63, 0x61, 0x6E, 0x5F, 0x65, 0x78, 0x70,
    0x6F, 0x6E, 0x65, 0x6E, 0x74, 0x00, 0x0C, 0x00, 0x00, 0x00, 0x10, 0x5F,
    0x73, 0x63, 0x61, 0x6E, 0x5F, 0x78, 0x69, 0x64, 0x00, 0x0D, 0x00, 0x00,
    0x00, 0x10, 0x5F, 0x73, 0x63, 0x61, 0x6E, 0x5F, 0x6F, 0x70, 0x65, 0x72,
    0x61, 0x74, 0x6F, 0x72, 0x5F, 0x73, 0x79, 0x6D, 0x62, 0x6F, 0x6C, 0x00,
    0x0E, 0x00, 0x00, 0x00, 0x10, 0x5F, 0x63, 0x68, 0x65, 0x63, 0x6B, 0x5F,
    0x6D, 0x61, 0x74, 0x63, 0x68, 0x00, 0x0F, 0x00, 0x00, 0x00, 0x10, 0x5F,
    0x73, 0x63, 0x61, 0x6E, 0x5F, 0x72, 0x61, 0x77, 0x5F, 0x73, 0x74, 0x72,
    0x69, 0x6E, 0x67, 0x5F, 0x74, 0x61, 0x67, 0x00, 0x10, 0x00, 0x00, 0x00,
    0x10, 0x5F, 0x66, 0x69, 0x6E, 0x64, 0x5F, 0x6E, 0x65, 0x65, 0x64, 0x6C,
    0x65, 0x00, 0x11, 0x00, 0x00, 0x00, 0x10, 0x5F, 0x73, 0x63, 0x61, 0x6E,
    0x5F, 0x72, 0x61, 0x77, 0x5F, 0x73, 0x74, 0x72, 0x69, 0x6E, 0x67, 0x00,
    0x12, 0x00, 0x00, 0x00, 0x10, 0x53, 0x63, 0x61, 0x6E, 0x6E, 0x65, 0x72,
    0x00, 0x13, 0x00, 0x00, 0x00, 0x10, 0x5F, 0x69, 0x73, 0x5F, 0x70, 0x72,
    0x65, 0x66, 0x69, 0x78, 0x00, 0x14, 0x00, 0x00, 0x00, 0x10, 0x54, 0x6F,
    0x6B, 0x65, 0x6E, 0x53, 0x74, 0x72, 0x65, 0x61, 0x6D, 0x00, 0x15, 0x00,
    0x00, 0x00, 0x10, 0x5F, 0x54, 0x52, 0x49, 0x50, 0x4C, 0x45, 0x5F, 0x43,
    0x48, 0x41, 0x52, 0x53, 0x00, 0x16, 0x00, 0x00, 0x00, 0x10, 0x5F, 0x44,
    0x55, 0x41, 0x4C, 0x5F, 0x43, 0x48, 0x41, 0x52, 0x53, 0x00, 0x17, 0x00,
    0x00, 0x00, 0x10, 0x5F, 0x53, 0x5F, 0x43, 0x48, 0x41, 0x52, 0x53, 0x00,
    0x18, 0x00, 0x00, 0x00, 0x10, 0x5F, 0x48, 0x41, 0x52, 0x44, 0x5F, 0x4B,
    0x45, 0x59, 0x57, 0x4F, 0x52, 0x44, 0x53, 0x00, 0x19, 0x00, 0x00, 0x00,
    0x10, 0x5F, 0x4F, 0x50, 0x45, 0x52, 0x41, 0x54, 0x4F, 0x52, 0x5F, 0x53,
    0x59, 0x4D, 0x42, 0x4F, 0x4C, 0x53, 0x00, 0x1A, 0x00, 0x00, 0x00, 0x10,
    0x5F, 0x47, 0x52, 0x4F, 0x55, 0x50, 0x5F, 0x53, 0x54, 0x41, 0x52, 0x54,
    0x00, 0x1B, 0x00, 0x00, 0x00, 0x10, 0x5F, 0x47, 0x52, 0x4F, 0x55, 0x50,
    0x5F, 0x45, 0x4E, 0x44, 0x00, 0x1C, 0x00, 0x00, 0x00, 0x00,
};

static const uint8_t tokenizer_free[] = {
    0xE3, 0x00, 0x00, 0x00, 0x10, 0x69, 0x73, 0x5F, 0x73, 0x70, 0x61, 0x63,
    0x65, 0x00, 0x1D, 0x00, 0x00, 0x00, 0x10, 0x69, 0x73, 0x5F, 0x64, 0x69,
    0x67, 0x69, 0x74, 0x00, 0x1E, 0x00, 0x00, 0x00, 0x10, 0x69, 0x73, 0x5F,
    0x68, 0x65, 0x78, 0x64, 0x69, 0x67, 0x69, 0x74, 0x00, 0x1F, 0x00, 0x00,
    0x00, 0x10, 0x69, 0x73, 0x5F, 0x62, 0x69, 0x6E, 0x64, 0x69, 0x67, 0x69,
    0x74, 0x00, 0x20, 0x00, 0x00, 0x00, 0x10, 0x69, 0x73, 0x5F, 0x78, 0x69,
    0x64, 0x5F, 0x73, 0x74, 0x61, 0x72, 0x74, 0x00, 0x21, 0x00, 0x00, 0x00,
    0x10, 0x69, 0x73, 0x5F, 0x78, 0x69, 0x64, 0x5F, 0x63, 0x6F, 0x6E, 0x74,
    0x69, 0x6E, 0x75, 0x65, 0x00, 0x22, 0x00, 0x00, 0x00, 0x10, 0x6C, 0x65,
    0x6E, 0x00, 0x23, 0x00, 0x00, 0x00, 0x10, 0x65, 0x72, 0x72, 0x6F, 0x72,
    0x00, 0x24, 0x00, 0x00, 0x00, 0x10, 0x69, 0x73, 0x5F, 0x61, 0x6C, 0x70,
    0x68, 0x61, 0x00, 0x25, 0x00, 0x00, 0x00, 0x10, 0x69, 0x73, 0x5F, 0x63,
    0x6E, 0x74, 0x72, 0x6C, 0x00, 0x26, 0x00, 0x00, 0x00, 0x10, 0x69, 0x73,
    0x5F, 0x77, 0x79, 0x5F, 0x78, 0x69, 0x64, 0x5F, 0x73, 0x74, 0x61, 0x72,
    0x74, 0x00, 0x27, 0x00, 0x00, 0x00, 0x10, 0x69, 0x73, 0x5F, 0x77, 0x79,
    0x5F, 0x78, 0x69, 0x64, 0x5F, 0x63, 0x6F, 0x6E, 0x74, 0x69, 0x6E, 0x75,
    0x65, 0x00, 0x28, 0x00, 0x00, 0x00, 0x10, 0x63, 0x61, 0x72, 0x00, 0x29,
    0x00, 0x00, 0x00, 0x10, 0x70, 0x61, 0x69, 0x72, 0x00, 0x2A, 0x00, 0x00,
    0x00, 0x10, 0x63, 0x64, 0x72, 0x00, 0x2B, 0x00, 0x00, 0x00, 0x00,
};

static const uint32_t tokenizer_code[] = {
    0x00000047,                /* 0000  import L0 <- static#0   ("std") */
    0x00000043,                /* 0001  gset g0 <- L0   (std) */
    0x00010047,                /* 0002  import L0 <- static#1   ("std::ctype") */
    0x000100B5, 0x00000000,    /* 0003  import_star static#1 except 0, 0 names   ("std::ctype") */
    0x00000145,                /* 0005  lsym L1 <- sym#0   ("TOK_SPACESHIP") */
    0x00023C40,                /* 0006  i8 L2 <- 60 */
    0x00033D40,                /* 0007  i8 L3 <- 61 */
    0x00043E40,                /* 0008  i8 L4 <- 62 */
    0x00050481, 0x00010000,    /* 0009  tuple L5 <- L1, 4 items */
    0x00010541,                /* 000B  move L1 <- L5 */
    0x00010245,                /* 000C  lsym L2 <- sym#1   ("TOK_ELLIPSIS") */
    0x00032E40,                /* 000D  i8 L3 <- 46 */
    0x00042E40,                /* 000E  i8 L4 <- 46 */
    0x00052E40,                /* 000F  i8 L5 <- 46 */
    0x00060481, 0x00020000,    /* 0010  tuple L6 <- L2, 4 items */
    0x00020641,                /* 0012  move L2 <- L6 */
    0x00000282, 0x00010000,    /* 0013  list L0 <- L1, 2 items */
    0x00160043,                /* 0015  gset g22 <- L0   (_TRIPLE_CHARS) */
    0x00020145,                /* 0016  lsym L1 <- sym#2   ("TOK_EXPONENT") */
    0x00022A40,                /* 0017  i8 L2 <- 42 */
    0x00032A40,                /* 0018  i8 L3 <- 42 */
    0x00040381, 0x00010000,    /* 0019  tuple L4 <- L1, 3 items */
    0x00010441,                /* 001B  move L1 <- L4 */
    0x00030245,                /* 001C  lsym L2 <- sym#3   ("TOK_LBRACE_S") */
    0x00032440,                /* 001D  i8 L3 <- 36 */
    0x00047B40,                /* 001E  i8 L4 <- 123 */
    0x00050381, 0x00020000,    /* 001F  tuple L5 <- L2, 3 items */
    0x00020541,                /* 0021  move L2 <- L5 */
    0x00040345,                /* 0022  lsym L3 <- sym#4   ("TOK_LBRACKET_S") */
    0x00042440,                /* 0023  i8 L4 <- 36 */
    0x00055B40,                /* 0024  i8 L5 <- 91 */
    0x00060381, 0x00030000,    /* 0025  tuple L6 <- L3, 3 items */
    0x00030641,                /* 0027  move L3 <- L6 */
    0x00050445,                /* 0028  lsym L4 <- sym#5   ("TOK_RARROW") */
    0x00052D40,                /* 0029  i8 L5 <- 45 */
    0x00063E40,                /* 002A  i8 L6 <- 62 */
    0x00070381, 0x00040000,    /* 002B  tuple L7 <- L4, 3 items */
    0x00040741,                /* 002D  move L4 <- L7 */
    0x00060545,                /* 002E  lsym L5 <- sym#6   ("TOK_LARROW") */
    0x00063C40,                /* 002F  i8 L6 <- 60 */
    0x00072D40,                /* 0030  i8 L7 <- 45 */
    0x00080381, 0x00050000,    /* 0031  tuple L8 <- L5, 3 items */
    0x00050841,                /* 0033  move L5 <- L8 */
    0x00070645,                /* 0034  lsym L6 <- sym#7   ("TOK_LSHIFT") */
    0x00073C40,                /* 0035  i8 L7 <- 60 */
    0x00083C40,                /* 0036  i8 L8 <- 60 */
    0x00090381, 0x00060000,    /* 0037  tuple L9 <- L6, 3 items */
    0x00060941,                /* 0039  move L6 <- L9 */
    0x00080745,                /* 003A  lsym L7 <- sym#8   ("TOK_RSHIFT") */
    0x00083E40,                /* 003B  i8 L8 <- 62 */
    0x00093E40,                /* 003C  i8 L9 <- 62 */
    0x000A0381, 0x00070000,    /* 003D  tuple L10 <- L7, 3 items */
    0x00070A41,                /* 003F  move L7 <- L10 */
    0x00090845,                /* 0040  lsym L8 <- sym#9   ("TOK_LE") */
    0x00093C40,                /* 0041  i8 L9 <- 60 */
    0x000A3D40,                /* 0042  i8 L10 <- 61 */
    0x000B0381, 0x00080000,    /* 0043  tuple L11 <- L8, 3 items */
    0x00080B41,                /* 0045  move L8 <- L11 */
    0x000A0945,                /* 0046  lsym L9 <- sym#10   ("TOK_GE") */
    0x000A3E40,                /* 0047  i8 L10 <- 62 */
    0x000B3D40,                /* 0048  i8 L11 <- 61 */
    0x000C0381, 0x00090000,    /* 0049  tuple L12 <- L9, 3 items */
    0x00090C41,                /* 004B  move L9 <- L12 */
    0x000B0A45,                /* 004C  lsym L10 <- sym#11   ("TOK_NE") */
    0x000B2140,                /* 004D  i8 L11 <- 33 */
    0x000C3D40,                /* 004E  i8 L12 <- 61 */
    0x000D0381, 0x000A0000,    /* 004F  tuple L13 <- L10, 3 items */
    0x000A0D41,                /* 0051  move L10 <- L13 */
    0x000C0B45,                /* 0052  lsym L11 <- sym#12   ("TOK_DEQUAL") */
    0x000C3D40,                /* 0053  i8 L12 <- 61 */
    0x000D3D40,                /* 0054  i8 L13 <- 61 */
    0x000E0381, 0x000B0000,    /* 0055  tuple L14 <- L11, 3 items */
    0x000B0E41,                /* 0057  move L11 <- L14 */
    0x000D0C45,                /* 0058  lsym L12 <- sym#13   ("TOK_BIND") */
    0x000D3A40,                /* 0059  i8 L13 <- 58 */
    0x000E3D40,                /* 005A  i8 L14 <- 61 */
    0x000F0381, 0x000C0000,    /* 005B  tuple L15 <- L12, 3 items */
    0x000C0F41,                /* 005D  move L12 <- L15 */
    0x000E0D45,                /* 005E  lsym L13 <- sym#14   ("TOK_SCOPE") */
    0x000E3A40,                /* 005F  i8 L14 <- 58 */
    0x000F3A40,                /* 0060  i8 L15 <- 58 */
    0x00100381, 0x000D0000,    /* 0061  tuple L16 <- L13, 3 items */
    0x000D1041,                /* 0063  move L13 <- L16 */
    0x000F0E45,                /* 0064  lsym L14 <- sym#15   ("TOK_QEQ") */
    0x000F3F40,                /* 0065  i8 L15 <- 63 */
    0x00103D40,                /* 0066  i8 L16 <- 61 */
    0x00110381, 0x000E0000,    /* 0067  tuple L17 <- L14, 3 items */
    0x000E1141,                /* 0069  move L14 <- L17 */
    0x00000E82, 0x00010000,    /* 006A  list L0 <- L1, 14 items */
    0x00170043,                /* 006C  gset g23 <- L0   (_DUAL_CHARS) */
    0x00100145,                /* 006D  lsym L1 <- sym#16   ("TOK_SEMICOLON") */
    0x00023B40,                /* 006E  i8 L2 <- 59 */
    0x00030281, 0x00010000,    /* 006F  tuple L3 <- L1, 2 items */
    0x00010341,                /* 0071  move L1 <- L3 */
    0x00110245,                /* 0072  lsym L2 <- sym#17   ("TOK_COMMA") */
    0x00032C40,                /* 0073  i8 L3 <- 44 */
    0x00040281, 0x00020000,    /* 0074  tuple L4 <- L2, 2 items */
    0x00020441,                /* 0076  move L2 <- L4 */
    0x00120345,                /* 0077  lsym L3 <- sym#18   ("TOK_COLON") */
    0x00043A40,                /* 0078  i8 L4 <- 58 */
    0x00050281, 0x00030000,    /* 0079  tuple L5 <- L3, 2 items */
    0x00030541,                /* 007B  move L3 <- L5 */
    0x00130445,                /* 007C  lsym L4 <- sym#19   ("TOK_AT") */
    0x00054040,                /* 007D  i8 L5 <- 64 */
    0x00060281, 0x00040000,    /* 007E  tuple L6 <- L4, 2 items */
    0x00040641,                /* 0080  move L4 <- L6 */
    0x00140545,                /* 0081  lsym L5 <- sym#20   ("TOK_LPAREN") */
    0x00062840,                /* 0082  i8 L6 <- 40 */
    0x00070281, 0x00050000,    /* 0083  tuple L7 <- L5, 2 items */
    0x00050741,                /* 0085  move L5 <- L7 */
    0x00150645,                /* 0086  lsym L6 <- sym#21   ("TOK_RPAREN") */
    0x00072940,                /* 0087  i8 L7 <- 41 */
    0x00080281, 0x00060000,    /* 0088  tuple L8 <- L6, 2 items */
    0x00060841,                /* 008A  move L6 <- L8 */
    0x00160745,                /* 008B  lsym L7 <- sym#22   ("TOK_LBRACE") */
    0x00087B40,                /* 008C  i8 L8 <- 123 */
    0x00090281, 0x00070000,    /* 008D  tuple L9 <- L7, 2 items */
    0x00070941,                /* 008F  move L7 <- L9 */
    0x00170845,                /* 0090  lsym L8 <- sym#23   ("TOK_RBRACE") */
    0x00097D40,                /* 0091  i8 L9 <- 125 */
    0x000A0281, 0x00080000,    /* 0092  tuple L10 <- L8, 2 items */
    0x00080A41,                /* 0094  move L8 <- L10 */
    0x00180945,                /* 0095  lsym L9 <- sym#24   ("TOK_LBRACKET") */
    0x000A5B40,                /* 0096  i8 L10 <- 91 */
    0x000B0281, 0x00090000,    /* 0097  tuple L11 <- L9, 2 items */
    0x00090B41,                /* 0099  move L9 <- L11 */
    0x00190A45,                /* 009A  lsym L10 <- sym#25   ("TOK_RBRACKET") */
    0x000B5D40,                /* 009B  i8 L11 <- 93 */
    0x000C0281, 0x000A0000,    /* 009C  tuple L12 <- L10, 2 items */
    0x000A0C41,                /* 009E  move L10 <- L12 */
    0x001A0B45,                /* 009F  lsym L11 <- sym#26   ("TOK_EQUAL") */
    0x000C3D40,                /* 00A0  i8 L12 <- 61 */
    0x000D0281, 0x000B0000,    /* 00A1  tuple L13 <- L11, 2 items */
    0x000B0D41,                /* 00A3  move L11 <- L13 */
    0x001B0C45,                /* 00A4  lsym L12 <- sym#27   ("TOK_BANG") */
    0x000D2140,                /* 00A5  i8 L13 <- 33 */
    0x000E0281, 0x000C0000,    /* 00A6  tuple L14 <- L12, 2 items */
    0x000C0E41,                /* 00A8  move L12 <- L14 */
    0x001C0D45,                /* 00A9  lsym L13 <- sym#28   ("TOK_DOT") */
    0x000E2E40,                /* 00AA  i8 L14 <- 46 */
    0x000F0281, 0x000D0000,    /* 00AB  tuple L15 <- L13, 2 items */
    0x000D0F41,                /* 00AD  move L13 <- L15 */
    0x001D0E45,                /* 00AE  lsym L14 <- sym#29   ("TOK_PLUS") */
    0x000F2B40,                /* 00AF  i8 L15 <- 43 */
    0x00100281, 0x000E0000,    /* 00B0  tuple L16 <- L14, 2 items */
    0x000E1041,                /* 00B2  move L14 <- L16 */
    0x001E0F45,                /* 00B3  lsym L15 <- sym#30   ("TOK_MINUS") */
    0x00102D40,                /* 00B4  i8 L16 <- 45 */
    0x00110281, 0x000F0000,    /* 00B5  tuple L17 <- L15, 2 items */
    0x000F1141,                /* 00B7  move L15 <- L17 */
    0x001F1045,                /* 00B8  lsym L16 <- sym#31   ("TOK_MUL") */
    0x00112A40,                /* 00B9  i8 L17 <- 42 */
    0x00120281, 0x00100000,    /* 00BA  tuple L18 <- L16, 2 items */
    0x00101241,                /* 00BC  move L16 <- L18 */
    0x00201145,                /* 00BD  lsym L17 <- sym#32   ("TOK_DIV") */
    0x00122F40,                /* 00BE  i8 L18 <- 47 */
    0x00130281, 0x00110000,    /* 00BF  tuple L19 <- L17, 2 items */
    0x00111341,                /* 00C1  move L17 <- L19 */
    0x00211245,                /* 00C2  lsym L18 <- sym#33   ("TOK_MOD") */
    0x00132540,                /* 00C3  i8 L19 <- 37 */
    0x00140281, 0x00120000,    /* 00C4  tuple L20 <- L18, 2 items */
    0x00121441,                /* 00C6  move L18 <- L20 */
    0x00221345,                /* 00C7  lsym L19 <- sym#34   ("TOK_LT") */
    0x00143C40,                /* 00C8  i8 L20 <- 60 */
    0x00150281, 0x00130000,    /* 00C9  tuple L21 <- L19, 2 items */
    0x00131541,                /* 00CB  move L19 <- L21 */
    0x00231445,                /* 00CC  lsym L20 <- sym#35   ("TOK_GT") */
    0x00153E40,                /* 00CD  i8 L21 <- 62 */
    0x00160281, 0x00140000,    /* 00CE  tuple L22 <- L20, 2 items */
    0x00141641,                /* 00D0  move L20 <- L22 */
    0x00241545,                /* 00D1  lsym L21 <- sym#36   ("TOK_XOR") */
    0x00165E40,                /* 00D2  i8 L22 <- 94 */
    0x00170281, 0x00150000,    /* 00D3  tuple L23 <- L21, 2 items */
    0x00151741,                /* 00D5  move L21 <- L23 */
    0x00251645,                /* 00D6  lsym L22 <- sym#37   ("TOK_OR") */
    0x00177C40,                /* 00D7  i8 L23 <- 124 */
    0x00180281, 0x00160000,    /* 00D8  tuple L24 <- L22, 2 items */
    0x00161841,                /* 00DA  move L22 <- L24 */
    0x00261745,                /* 00DB  lsym L23 <- sym#38   ("TOK_AND") */
    0x00182640,                /* 00DC  i8 L24 <- 38 */
    0x00190281, 0x00170000,    /* 00DD  tuple L25 <- L23, 2 items */
    0x00171941,                /* 00DF  move L23 <- L25 */
    0x00271845,                /* 00E0  lsym L24 <- sym#39   ("TOK_TILDE") */
    0x00197E40,                /* 00E1  i8 L25 <- 126 */
    0x001A0281, 0x00180000,    /* 00E2  tuple L26 <- L24, 2 items */
    0x00181A41,                /* 00E4  move L24 <- L26 */
    0x00001882, 0x00010000,    /* 00E5  list L0 <- L1, 24 items */
    0x00180043,                /* 00E7  gset g24 <- L0   (_S_CHARS) */
    0x00020146,                /* 00E8  lconst L1 <- static#2   ("and") */
    0x00280245,                /* 00E9  lsym L2 <- sym#40   ("TOK_KW_AND") */
    0x00030281, 0x00010000,    /* 00EA  tuple L3 <- L1, 2 items */
    0x00010341,                /* 00EC  move L1 <- L3 */
    0x00030246,                /* 00ED  lconst L2 <- static#3   ("break") */
    0x00290345,                /* 00EE  lsym L3 <- sym#41   ("TOK_KW_BREAK") */
    0x00040281, 0x00020000,    /* 00EF  tuple L4 <- L2, 2 items */
    0x00020441,                /* 00F1  move L2 <- L4 */
    0x00040346,                /* 00F2  lconst L3 <- static#4   ("catch") */
    0x002A0445,                /* 00F3  lsym L4 <- sym#42   ("TOK_KW_CATCH") */
    0x00050281, 0x00030000,    /* 00F4  tuple L5 <- L3, 2 items */
    0x00030541,                /* 00F6  move L3 <- L5 */
    0x00050446,                /* 00F7  lconst L4 <- static#5   ("class") */
    0x002B0545,                /* 00F8  lsym L5 <- sym#43   ("TOK_KW_CLASS") */
    0x00060281, 0x00040000,    /* 00F9  tuple L6 <- L4, 2 items */
    0x00040641,                /* 00FB  move L4 <- L6 */
    0x00060546,                /* 00FC  lconst L5 <- static#6   ("co") */
    0x002C0645,                /* 00FD  lsym L6 <- sym#44   ("TOK_KW_CO") */
    0x00070281, 0x00050000,    /* 00FE  tuple L7 <- L5, 2 items */
    0x00050741,                /* 0100  move L5 <- L7 */
    0x00070646,                /* 0101  lconst L6 <- static#7   ("continue") */
    0x002D0745,                /* 0102  lsym L7 <- sym#45   ("TOK_KW_CONTINUE") */
    0x00080281, 0x00060000,    /* 0103  tuple L8 <- L6, 2 items */
    0x00060841,                /* 0105  move L6 <- L8 */
    0x00080746,                /* 0106  lconst L7 <- static#8   ("defer") */
    0x002E0845,                /* 0107  lsym L8 <- sym#46   ("TOK_KW_DEFER") */
    0x00090281, 0x00070000,    /* 0108  tuple L9 <- L7, 2 items */
    0x00070941,                /* 010A  move L7 <- L9 */
    0x00090846,                /* 010B  lconst L8 <- static#9   ("do") */
    0x002F0945,                /* 010C  lsym L9 <- sym#47   ("TOK_KW_DO") */
    0x000A0281, 0x00080000,    /* 010D  tuple L10 <- L8, 2 items */
    0x00080A41,                /* 010F  move L8 <- L10 */
    0x000A0946,                /* 0110  lconst L9 <- static#10   ("elif") */
    0x00300A45,                /* 0111  lsym L10 <- sym#48   ("TOK_KW_ELIF") */
    0x000B0281, 0x00090000,    /* 0112  tuple L11 <- L9, 2 items */
    0x00090B41,                /* 0114  move L9 <- L11 */
    0x000B0A46,                /* 0115  lconst L10 <- static#11   ("else") */
    0x00310B45,                /* 0116  lsym L11 <- sym#49   ("TOK_KW_ELSE") */
    0x000C0281, 0x000A0000,    /* 0117  tuple L12 <- L10, 2 items */
    0x000A0C41,                /* 0119  move L10 <- L12 */
    0x000C0B46,                /* 011A  lconst L11 <- static#12   ("false") */
    0x00320C45,                /* 011B  lsym L12 <- sym#50   ("TOK_KW_FALSE") */
    0x000D0281, 0x000B0000,    /* 011C  tuple L13 <- L11, 2 items */
    0x000B0D41,                /* 011E  move L11 <- L13 */
    0x000D0C46,                /* 011F  lconst L12 <- static#13   ("fn") */
    0x00330D45,                /* 0120  lsym L13 <- sym#51   ("TOK_KW_FN") */
    0x000E0281, 0x000C0000,    /* 0121  tuple L14 <- L12, 2 items */
    0x000C0E41,                /* 0123  move L12 <- L14 */
    0x000E0D46,                /* 0124  lconst L13 <- static#14   ("for") */
    0x00340E45,                /* 0125  lsym L14 <- sym#52   ("TOK_KW_FOR") */
    0x000F0281, 0x000D0000,    /* 0126  tuple L15 <- L13, 2 items */
    0x000D0F41,                /* 0128  move L13 <- L15 */
    0x000F0E46,                /* 0129  lconst L14 <- static#15   ("from") */
    0x00350F45,                /* 012A  lsym L15 <- sym#53   ("TOK_KW_FROM") */
    0x00100281, 0x000E0000,    /* 012B  tuple L16 <- L14, 2 items */
    0x000E1041,                /* 012D  move L14 <- L16 */
    0x00100F46,                /* 012E  lconst L15 <- static#16   ("if") */
    0x00361045,                /* 012F  lsym L16 <- sym#54   ("TOK_KW_IF") */
    0x00110281, 0x000F0000,    /* 0130  tuple L17 <- L15, 2 items */
    0x000F1141,                /* 0132  move L15 <- L17 */
    0x00111046,                /* 0133  lconst L16 <- static#17   ("import") */
    0x00371145,                /* 0134  lsym L17 <- sym#55   ("TOK_KW_IMPORT") */
    0x00120281, 0x00100000,    /* 0135  tuple L18 <- L16, 2 items */
    0x00101241,                /* 0137  move L16 <- L18 */
    0x00121146,                /* 0138  lconst L17 <- static#18   ("in") */
    0x00381245,                /* 0139  lsym L18 <- sym#56   ("TOK_KW_IN") */
    0x00130281, 0x00110000,    /* 013A  tuple L19 <- L17, 2 items */
    0x00111341,                /* 013C  move L17 <- L19 */
    0x00131246,                /* 013D  lconst L18 <- static#19   ("is") */
    0x00391345,                /* 013E  lsym L19 <- sym#57   ("TOK_KW_IS") */
    0x00140281, 0x00120000,    /* 013F  tuple L20 <- L18, 2 items */
    0x00121441,                /* 0141  move L18 <- L20 */
    0x00141346,                /* 0142  lconst L19 <- static#20   ("nil") */
    0x003A1445,                /* 0143  lsym L20 <- sym#58   ("TOK_KW_NIL") */
    0x00150281, 0x00130000,    /* 0144  tuple L21 <- L19, 2 items */
    0x00131541,                /* 0146  move L19 <- L21 */
    0x00151446,                /* 0147  lconst L20 <- static#21   ("not") */
    0x003B1545,                /* 0148  lsym L21 <- sym#59   ("TOK_KW_NOT") */
    0x00160281, 0x00140000,    /* 0149  tuple L22 <- L20, 2 items */
    0x00141641,                /* 014B  move L20 <- L22 */
    0x00161546,                /* 014C  lconst L21 <- static#22   ("or") */
    0x003C1645,                /* 014D  lsym L22 <- sym#60   ("TOK_KW_OR") */
    0x00170281, 0x00150000,    /* 014E  tuple L23 <- L21, 2 items */
    0x00151741,                /* 0150  move L21 <- L23 */
    0x00171646,                /* 0151  lconst L22 <- static#23   ("pass") */
    0x003D1745,                /* 0152  lsym L23 <- sym#61   ("TOK_KW_PASS") */
    0x00180281, 0x00160000,    /* 0153  tuple L24 <- L22, 2 items */
    0x00161841,                /* 0155  move L22 <- L24 */
    0x00181746,                /* 0156  lconst L23 <- static#24   ("return") */
    0x003E1845,                /* 0157  lsym L24 <- sym#62   ("TOK_KW_RETURN") */
    0x00190281, 0x00170000,    /* 0158  tuple L25 <- L23, 2 items */
    0x00171941,                /* 015A  move L23 <- L25 */
    0x00191846,                /* 015B  lconst L24 <- static#25   ("slot") */
    0x003F1945,                /* 015C  lsym L25 <- sym#63   ("TOK_KW_SLOT") */
    0x001A0281, 0x00180000,    /* 015D  tuple L26 <- L24, 2 items */
    0x00181A41,                /* 015F  move L24 <- L26 */
    0x001A1946,                /* 0160  lconst L25 <- static#26   ("static") */
    0x00401A45,                /* 0161  lsym L26 <- sym#64   ("TOK_KW_STATIC") */
    0x001B0281, 0x00190000,    /* 0162  tuple L27 <- L25, 2 items */
    0x00191B41,                /* 0164  move L25 <- L27 */
    0x001B1A46,                /* 0165  lconst L26 <- static#27   ("true") */
    0x00411B45,                /* 0166  lsym L27 <- sym#65   ("TOK_KW_TRUE") */
    0x001C0281, 0x001A0000,    /* 0167  tuple L28 <- L26, 2 items */
    0x001A1C41,                /* 0169  move L26 <- L28 */
    0x001C1B46,                /* 016A  lconst L27 <- static#28   ("try") */
    0x00421C45,                /* 016B  lsym L28 <- sym#66   ("TOK_KW_TRY") */
    0x001D0281, 0x001B0000,    /* 016C  tuple L29 <- L27, 2 items */
    0x001B1D41,                /* 016E  move L27 <- L29 */
    0x001D1C46,                /* 016F  lconst L28 <- static#29   ("var") */
    0x00431D45,                /* 0170  lsym L29 <- sym#67   ("TOK_KW_VAR") */
    0x001E0281, 0x001C0000,    /* 0171  tuple L30 <- L28, 2 items */
    0x001C1E41,                /* 0173  move L28 <- L30 */
    0x001E1D46,                /* 0174  lconst L29 <- static#30   ("while") */
    0x00441E45,                /* 0175  lsym L30 <- sym#68   ("TOK_KW_WHILE") */
    0x001F0281, 0x001D0000,    /* 0176  tuple L31 <- L29, 2 items */
    0x001D1F41,                /* 0178  move L29 <- L31 */
    0x001F1E46,                /* 0179  lconst L30 <- static#31   ("with") */
    0x00451F45,                /* 017A  lsym L31 <- sym#69   ("TOK_KW_WITH") */
    0x00200281, 0x001E0000,    /* 017B  tuple L32 <- L30, 2 items */
    0x001E2041,                /* 017D  move L30 <- L32 */
    0x00201F46,                /* 017E  lconst L31 <- static#32   ("yield") */
    0x00462045,                /* 017F  lsym L32 <- sym#70   ("TOK_KW_YIELD") */
    0x00210281, 0x001F0000,    /* 0180  tuple L33 <- L31, 2 items */
    0x001F2141,                /* 0182  move L31 <- L33 */
    0x00001F82, 0x00010000,    /* 0183  list L0 <- L1, 31 items */
    0x00190043,                /* 0185  gset g25 <- L0   (_HARD_KEYWORDS) */
    0x000000A8, 0x00000000,    /* 0186  closure L0 <- fn#0, 0 caps */
    0x00010043,                /* 0188  gset g1 <- L0   (_lookup_keyword) */
    0x000000A9, 0x00000000,    /* 0189  class L0 <- class#0 */
    0x00020043,                /* 018B  gset g2 <- L0   (Token) */
    0x000000A8, 0x00030000,    /* 018C  closure L0 <- fn#3, 0 caps */
    0x00030043,                /* 018E  gset g3 <- L0   (_get_char) */
    0x000000A8, 0x00040000,    /* 018F  closure L0 <- fn#4, 0 caps */
    0x00040043,                /* 0191  gset g4 <- L0   (_is_newline) */
    0x000000A8, 0x00050000,    /* 0192  closure L0 <- fn#5, 0 caps */
    0x00050043,                /* 0194  gset g5 <- L0   (_scan_escape_nl_break) */
    0x000000A8, 0x00060000,    /* 0195  closure L0 <- fn#6, 0 caps */
    0x00060043,                /* 0197  gset g6 <- L0   (_scan_to_eol) */
    0x000000A8, 0x00070000,    /* 0198  closure L0 <- fn#7, 0 caps */
    0x00070043,                /* 019A  gset g7 <- L0   (_scan_to_eol_raw) */
    0x000000A8, 0x00080000,    /* 019B  closure L0 <- fn#8, 0 caps */
    0x00080043,                /* 019D  gset g8 <- L0   (_find_end_whitespace) */
    0x000000A8, 0x00090000,    /* 019E  closure L0 <- fn#9, 0 caps */
    0x00090043,                /* 01A0  gset g9 <- L0   (_scan_digits) */
    0x000000A8, 0x000A0000,    /* 01A1  closure L0 <- fn#10, 0 caps */
    0x000A0043,                /* 01A3  gset g10 <- L0   (_scan_hexdigits) */
    0x000000A8, 0x000B0000,    /* 01A4  closure L0 <- fn#11, 0 caps */
    0x000B0043,                /* 01A6  gset g11 <- L0   (_scan_bindigits) */
    0x000000A8, 0x000C0000,    /* 01A7  closure L0 <- fn#12, 0 caps */
    0x000C0043,                /* 01A9  gset g12 <- L0   (_scan_exponent) */
    0x000000A8, 0x000D0000,    /* 01AA  closure L0 <- fn#13, 0 caps */
    0x000D0043,                /* 01AC  gset g13 <- L0   (_scan_xid) */
    0x00210146,                /* 01AD  lconst L1 <- static#33   ("...") */
    0x00220246,                /* 01AE  lconst L2 <- static#34   ("<=>") */
    0x00230346,                /* 01AF  lconst L3 <- static#35   ("**") */
    0x00240446,                /* 01B0  lconst L4 <- static#36   ("<<") */
    0x00250546,                /* 01B1  lconst L5 <- static#37   (">>") */
    0x00260646,                /* 01B2  lconst L6 <- static#38   ("==") */
    0x00270746,                /* 01B3  lconst L7 <- static#39   ("!=") */
    0x00280846,                /* 01B4  lconst L8 <- static#40   ("<=") */
    0x00290946,                /* 01B5  lconst L9 <- static#41   (">=") */
    0x002A0A46,                /* 01B6  lconst L10 <- static#42   ("+") */
    0x002B0B46,                /* 01B7  lconst L11 <- static#43   ("-") */
    0x002C0C46,                /* 01B8  lconst L12 <- static#44   ("*") */
    0x002D0D46,                /* 01B9  lconst L13 <- static#45   ("/") */
    0x002E0E46,                /* 01BA  lconst L14 <- static#46   ("%") */
    0x002F0F46,                /* 01BB  lconst L15 <- static#47   ("&") */
    0x00301046,                /* 01BC  lconst L16 <- static#48   ("|") */
    0x00311146,                /* 01BD  lconst L17 <- static#49   ("^") */
    0x00321246,                /* 01BE  lconst L18 <- static#50   ("~") */
    0x00331346,                /* 01BF  lconst L19 <- static#51   ("<") */
    0x00341446,                /* 01C0  lconst L20 <- static#52   (">") */
    0x00001482, 0x00010000,    /* 01C1  list L0 <- L1, 20 items */
    0x001A0043,                /* 01C3  gset g26 <- L0   (_OPERATOR_SYMBOLS) */
    0x000000A8, 0x000E0000,    /* 01C4  closure L0 <- fn#14, 0 caps */
    0x000E0043,                /* 01C6  gset g14 <- L0   (_scan_operator_symbol) */
    0x000000A8, 0x000F0000,    /* 01C7  closure L0 <- fn#15, 0 caps */
    0x000F0043,                /* 01C9  gset g15 <- L0   (_check_match) */
    0x000000A8, 0x00100000,    /* 01CA  closure L0 <- fn#16, 0 caps */
    0x00100043,                /* 01CC  gset g16 <- L0   (_scan_raw_string_tag) */
    0x000000A8, 0x00110000,    /* 01CD  closure L0 <- fn#17, 0 caps */
    0x00110043,                /* 01CF  gset g17 <- L0   (_find_needle) */
    0x000000A8, 0x00120000,    /* 01D0  closure L0 <- fn#18, 0 caps */
    0x00120043,                /* 01D2  gset g18 <- L0   (_scan_raw_string) */
    0x000000A9, 0x00010000,    /* 01D3  class L0 <- class#1 */
    0x00130043,                /* 01D5  gset g19 <- L0   (Scanner) */
    0x00160145,                /* 01D6  lsym L1 <- sym#22   ("TOK_LBRACE") */
    0x00030245,                /* 01D7  lsym L2 <- sym#3   ("TOK_LBRACE_S") */
    0x00040345,                /* 01D8  lsym L3 <- sym#4   ("TOK_LBRACKET_S") */
    0x00140445,                /* 01D9  lsym L4 <- sym#20   ("TOK_LPAREN") */
    0x00180545,                /* 01DA  lsym L5 <- sym#24   ("TOK_LBRACKET") */
    0x00000581, 0x00010000,    /* 01DB  tuple L0 <- L1, 5 items */
    0x001B0043,                /* 01DD  gset g27 <- L0   (_GROUP_START) */
    0x00170145,                /* 01DE  lsym L1 <- sym#23   ("TOK_RBRACE") */
    0x00190245,                /* 01DF  lsym L2 <- sym#25   ("TOK_RBRACKET") */
    0x00150345,                /* 01E0  lsym L3 <- sym#21   ("TOK_RPAREN") */
    0x00000381, 0x00010000,    /* 01E1  tuple L0 <- L1, 3 items */
    0x001C0043,                /* 01E3  gset g28 <- L0   (_GROUP_END) */
    0x000000A8, 0x001C0000,    /* 01E4  closure L0 <- fn#28, 0 caps */
    0x00140043,                /* 01E6  gset g20 <- L0   (_is_prefix) */
    0x000000A9, 0x00020000,    /* 01E7  class L0 <- class#2 */
    0x00150043,                /* 01E9  gset g21 <- L0   (TokenStream) */
    0x00000002,                /* 01EA  return count=0 */
    0x00190142,                /* 01EB  gget L1 <- g25   (_HARD_KEYWORDS) */
    0x000200AE, 0x00010000,    /* 01EC  iter L2 <- L1 */
    0x000000AF, 0x0002000B,    /* 01EE  itnext L0 <- L2, done +11 */
    0x00030040,                /* 01F0  i8 L3 <- 0 */
    0x00040098, 0x00000003,    /* 01F1  getidx L4 <- L0[L3] */
    0x0005008F, 0x00048000,    /* 01F3  eq L5 <- L4 == P0 */
    0x0004054B,                /* 01F5  jf L5, +4 */
    0x00030140,                /* 01F6  i8 L3 <- 1 */
    0x00040098, 0x00000003,    /* 01F7  getidx L4 <- L0[L3] */
    0x00040102,                /* 01F9  return L4 count=1 */
    0xFFF3004F,                /* 01FA  jmp -13 */
    0x00010003,                /* 01FB  lnil L1 */
    0x00010102,                /* 01FC  return L1 count=1 */
    0x00018141,                /* 01FD  move L1 <- P1 */
    0x8000009B, 0x00470001,    /* 01FE  setattr P0.sym#71 <- L1   ("kind") */
    0x00018241,                /* 0200  move L1 <- P2 */
    0x8000009B, 0x00480001,    /* 0201  setattr P0.sym#72 <- L1   ("start") */
    0x00000003,                /* 0203  lnil L0 */
    0x00018341,                /* 0204  move L1 <- P3 */
    0x8000009B, 0x00490001,    /* 0205  setattr P0.sym#73 <- L1   ("end") */
    0x00000102,                /* 0207  return L0 count=1 */
    0x00008141,                /* 0208  move L0 <- P1 */
    0x0001009A, 0x80000048,    /* 0209  getattr L1 <- P0.sym#72   ("start") */
    0x0002009A, 0x80000049,    /* 020B  getattr L2 <- P0.sym#73   ("end") */
    0x0003009A, 0x80000048,    /* 020D  getattr L3 <- P0.sym#72   ("start") */
    0x00040086, 0x00020003,    /* 020F  sub L4 <- L2 - L3 */
    0x00020441,                /* 0211  move L2 <- L4 */
    0x000002A2, 0x00000001,    /* 0212  msg base=L0 argc=2 msg#0 nres=1   (substr) */
    0x00000102,                /* 0214  return L0 count=1 */
    0x00000098, 0x80008001,    /* 0215  getidx L0 <- P0[P1] */
    0x0001004E,                /* 0217  jnerr L0, +1 */
    0x004C0045,                /* 0218  lsym L0 <- sym#76   ("EOF") */
    0x00000102,                /* 0219  return L0 count=1 */
    0x00010D40,                /* 021A  i8 L1 <- 13 */
    0x0000008F, 0x80000001,    /* 021B  eq L0 <- P0 == L1 */
    0x0003004C,                /* 021D  jt L0, +3 */
    0x00010A40,                /* 021E  i8 L1 <- 10 */
    0x0000008F, 0x80000001,    /* 021F  eq L0 <- P0 == L1 */
    0x00000102,                /* 0221  return L0 count=1 */
    0x00030342,                /* 0222  gget L3 <- g3   (_get_char) */
    0x00048041,                /* 0223  move L4 <- P0 */
    0x00058141,                /* 0224  move L5 <- P1 */
    0x000302A0, 0x00010000,    /* 0225  call base=L3 argc=2 nres=1 */
    0x00000341,                /* 0227  move L0 <- L3 */
    0x00035C40,                /* 0228  i8 L3 <- 92 */
    0x00040090, 0x00000003,    /* 0229  ne L4 <- L0 != L3 */
    0x0002044B,                /* 022B  jf L4, +2 */
    0x00030003,                /* 022C  lnil L3 */
    0x00030102,                /* 022D  return L3 count=1 */
    0x00030342,                /* 022E  gget L3 <- g3   (_get_char) */
    0x00048041,                /* 022F  move L4 <- P0 */
    0x00050140,                /* 0230  i8 L5 <- 1 */
    0x00060085, 0x80010005,    /* 0231  add L6 <- P1 + L5 */
    0x00050641,                /* 0233  move L5 <- L6 */
    0x000302A0, 0x00010000,    /* 0234  call base=L3 argc=2 nres=1 */
    0x00010341,                /* 0236  move L1 <- L3 */
    0x00030342,                /* 0237  gget L3 <- g3   (_get_char) */
    0x00048041,                /* 0238  move L4 <- P0 */
    0x00050240,                /* 0239  i8 L5 <- 2 */
    0x00060085, 0x80010005,    /* 023A  add L6 <- P1 + L5 */
    0x00050641,                /* 023C  move L5 <- L6 */
    0x000302A0, 0x00010000,    /* 023D  call base=L3 argc=2 nres=1 */
    0x00020341,                /* 023F  move L2 <- L3 */
    0x00040D40,                /* 0240  i8 L4 <- 13 */
    0x0003008F, 0x00010004,    /* 0241  eq L3 <- L1 == L4 */
    0x0003034B,                /* 0243  jf L3, +3 */
    0x00040A40,                /* 0244  i8 L4 <- 10 */
    0x0003008F, 0x00020004,    /* 0245  eq L3 <- L2 == L4 */
    0x0004034B,                /* 0247  jf L3, +4 */
    0x00030340,                /* 0248  i8 L3 <- 3 */
    0x00040085, 0x80010003,    /* 0249  add L4 <- P1 + L3 */
    0x00040102,                /* 024B  return L4 count=1 */
    0x00040D40,                /* 024C  i8 L4 <- 13 */
    0x0003008F, 0x00010004,    /* 024D  eq L3 <- L1 == L4 */
    0x0003034C,                /* 024F  jt L3, +3 */
    0x00040A40,                /* 0250  i8 L4 <- 10 */
    0x0003008F, 0x00010004,    /* 0251  eq L3 <- L1 == L4 */
    0x0004034B,                /* 0253  jf L3, +4 */
    0x00030240,                /* 0254  i8 L3 <- 2 */
    0x00040085, 0x80010003,    /* 0255  add L4 <- P1 + L3 */
    0x00040102,                /* 0257  return L4 count=1 */
    0x00030003,                /* 0258  lnil L3 */
    0x00030102,                /* 0259  return L3 count=1 */
    0x00008141,                /* 025A  move L0 <- P1 */
    0x00030342,                /* 025B  gget L3 <- g3   (_get_char) */
    0x00048041,                /* 025C  move L4 <- P0 */
    0x00050041,                /* 025D  move L5 <- L0 */
    0x000302A0, 0x00010000,    /* 025E  call base=L3 argc=2 nres=1 */
    0x00010341,                /* 0260  move L1 <- L3 */
    0x004C0445,                /* 0261  lsym L4 <- sym#76   ("EOF") */
    0x00030090, 0x00010004,    /* 0262  ne L3 <- L1 != L4 */
    0x0005034B,                /* 0264  jf L3, +5 */
    0x00040442,                /* 0265  gget L4 <- g4   (_is_newline) */
    0x00050141,                /* 0266  move L5 <- L1 */
    0x000401A0, 0x00010000,    /* 0267  call base=L4 argc=1 nres=1 */
    0x0003044A,                /* 0269  not L3 <- L4 */
    0x001F034B,                /* 026A  jf L3, +31 */
    0x00030140,                /* 026B  i8 L3 <- 1 */
    0x00000085, 0x00000003,    /* 026C  add L0 <- L0 + L3 */
    0x00030342,                /* 026E  gget L3 <- g3   (_get_char) */
    0x00048041,                /* 026F  move L4 <- P0 */
    0x00050041,                /* 0270  move L5 <- L0 */
    0x000302A0, 0x00010000,    /* 0271  call base=L3 argc=2 nres=1 */
    0x00010341,                /* 0273  move L1 <- L3 */
    0x00035C40,                /* 0274  i8 L3 <- 92 */
    0x0004008F, 0x00010003,    /* 0275  eq L4 <- L1 == L3 */
    0x0011044B,                /* 0277  jf L4, +17 */
    0x00050342,                /* 0278  gget L3 <- g5   (_scan_escape_nl_break) */
    0x00048041,                /* 0279  move L4 <- P0 */
    0x00050041,                /* 027A  move L5 <- L0 */
    0x000302A0, 0x00010000,    /* 027B  call base=L3 argc=2 nres=1 */
    0x00020341,                /* 027D  move L2 <- L3 */
    0x00030003,                /* 027E  lnil L3 */
    0x00040090, 0x00020003,    /* 027F  ne L4 <- L2 != L3 */
    0x0007044B,                /* 0281  jf L4, +7 */
    0x00000241,                /* 0282  move L0 <- L2 */
    0x00030342,                /* 0283  gget L3 <- g3   (_get_char) */
    0x00048041,                /* 0284  move L4 <- P0 */
    0x00050041,                /* 0285  move L5 <- L0 */
    0x000302A0, 0x00010000,    /* 0286  call base=L3 argc=2 nres=1 */
    0x00010341,                /* 0288  move L1 <- L3 */
    0xFFD7004F,                /* 0289  jmp -41 */
    0x00000102,                /* 028A  return L0 count=1 */
    0x00008141,                /* 028B  move L0 <- P1 */
    0x00030242,                /* 028C  gget L2 <- g3   (_get_char) */
    0x00038041,                /* 028D  move L3 <- P0 */
    0x00040041,                /* 028E  move L4 <- L0 */
    0x000202A0, 0x00010000,    /* 028F  call base=L2 argc=2 nres=1 */
    0x00010241,                /* 0291  move L1 <- L2 */
    0x004C0345,                /* 0292  lsym L3 <- sym#76   ("EOF") */
    0x00020090, 0x00010003,    /* 0293  ne L2 <- L1 != L3 */
    0x0005024B,                /* 0295  jf L2, +5 */
    0x00040342,                /* 0296  gget L3 <- g4   (_is_newline) */
    0x00040141,                /* 0297  move L4 <- L1 */
    0x000301A0, 0x00010000,    /* 0298  call base=L3 argc=1 nres=1 */
    0x0002034A,                /* 029A  not L2 <- L3 */
    0x000A024B,                /* 029B  jf L2, +10 */
    0x00020140,                /* 029C  i8 L2 <- 1 */
    0x00000085, 0x00000002,    /* 029D  add L0 <- L0 + L2 */
    0x00030242,                /* 029F  gget L2 <- g3   (_get_char) */
    0x00038041,                /* 02A0  move L3 <- P0 */
    0x00040041,                /* 02A1  move L4 <- L0 */
    0x000202A0, 0x00010000,    /* 02A2  call base=L2 argc=2 nres=1 */
    0x00010241,                /* 02A4  move L1 <- L2 */
    0xFFEC004F,                /* 02A5  jmp -20 */
    0x00000102,                /* 02A6  return L0 count=1 */
    0x00008141,                /* 02A7  move L0 <- P1 */
    0x00030342,                /* 02A8  gget L3 <- g3   (_get_char) */
    0x00048041,                /* 02A9  move L4 <- P0 */
    0x00050041,                /* 02AA  move L5 <- L0 */
    0x000302A0, 0x00010000,    /* 02AB  call base=L3 argc=2 nres=1 */
    0x00010341,                /* 02AD  move L1 <- L3 */
    0x004C0345,                /* 02AE  lsym L3 <- sym#76   ("EOF") */
    0x00040090, 0x00010003,    /* 02AF  ne L4 <- L1 != L3 */
    0x0028044B,                /* 02B1  jf L4, +40 */
    0x00040342,                /* 02B2  gget L3 <- g4   (_is_newline) */
    0x00040141,                /* 02B3  move L4 <- L1 */
    0x000301A0, 0x00010000,    /* 02B4  call base=L3 argc=1 nres=1 */
    0x0001034B,                /* 02B6  jf L3, +1 */
    0x00000102,                /* 02B7  return L0 count=1 */
    0x001D0342,                /* 02B8  gget L3 <- g29   (is_space) */
    0x00040141,                /* 02B9  move L4 <- L1 */
    0x000301A0, 0x00010000,    /* 02BA  call base=L3 argc=1 nres=1 */
    0x0004034B,                /* 02BC  jf L3, +4 */
    0x00030140,                /* 02BD  i8 L3 <- 1 */
    0x00000085, 0x00000003,    /* 02BE  add L0 <- L0 + L3 */
    0x0012004F,                /* 02C0  jmp +18 */
    0x00035C40,                /* 02C1  i8 L3 <- 92 */
    0x00040090, 0x00010003,    /* 02C2  ne L4 <- L1 != L3 */
    0x0002044B,                /* 02C4  jf L4, +2 */
    0x00000102,                /* 02C5  return L0 count=1 */
    0x000C004F,                /* 02C6  jmp +12 */
    0x00050342,                /* 02C7  gget L3 <- g5   (_scan_escape_nl_break) */
    0x00048041,                /* 02C8  move L4 <- P0 */
    0x00050041,                /* 02C9  move L5 <- L0 */
    0x000302A0, 0x00010000,    /* 02CA  call base=L3 argc=2 nres=1 */
    0x00020341,                /* 02CC  move L2 <- L3 */
    0x00030003,                /* 02CD  lnil L3 */
    0x0004008F, 0x00020003,    /* 02CE  eq L4 <- L2 == L3 */
    0x0001044B,                /* 02D0  jf L4, +1 */
    0x00000102,                /* 02D1  return L0 count=1 */
    0x00000241,                /* 02D2  move L0 <- L2 */
    0x00030342,                /* 02D3  gget L3 <- g3   (_get_char) */
    0x00048041,                /* 02D4  move L4 <- P0 */
    0x00050041,                /* 02D5  move L5 <- L0 */
    0x000302A0, 0x00010000,    /* 02D6  call base=L3 argc=2 nres=1 */
    0x00010341,                /* 02D8  move L1 <- L3 */
    0xFFD4004F,                /* 02D9  jmp -44 */
    0x00000102,                /* 02DA  return L0 count=1 */
    0x00008141,                /* 02DB  move L0 <- P1 */
    0x00030242,                /* 02DC  gget L2 <- g3   (_get_char) */
    0x00038041,                /* 02DD  move L3 <- P0 */
    0x00040041,                /* 02DE  move L4 <- L0 */
    0x000202A0, 0x00010000,    /* 02DF  call base=L2 argc=2 nres=1 */
    0x00010241,                /* 02E1  move L1 <- L2 */
    0x004C0345,                /* 02E2  lsym L3 <- sym#76   ("EOF") */
    0x0002008F, 0x00010003,    /* 02E3  eq L2 <- L1 == L3 */
    0x0005024C,                /* 02E5  jt L2, +5 */
    0x001E0342,                /* 02E6  gget L3 <- g30   (is_digit) */
    0x00040141,                /* 02E7  move L4 <- L1 */
    0x000301A0, 0x00010000,    /* 02E8  call base=L3 argc=1 nres=1 */
    0x0002034A,                /* 02EA  not L2 <- L3 */
    0x0002024B,                /* 02EB  jf L2, +2 */
    0x00020003,                /* 02EC  lnil L2 */
    0x00020102,                /* 02ED  return L2 count=1 */
    0x004C0345,                /* 02EE  lsym L3 <- sym#76   ("EOF") */
    0x00020090, 0x00010003,    /* 02EF  ne L2 <- L1 != L3 */
    0x0009024B,                /* 02F1  jf L2, +9 */
    0x001E0342,                /* 02F2  gget L3 <- g30   (is_digit) */
    0x00040141,                /* 02F3  move L4 <- L1 */
    0x000301A0, 0x00010000,    /* 02F4  call base=L3 argc=1 nres=1 */
    0x00020341,                /* 02F6  move L2 <- L3 */
    0x0003024C,                /* 02F7  jt L2, +3 */
    0x00035F40,                /* 02F8  i8 L3 <- 95 */
    0x0002008F, 0x00010003,    /* 02F9  eq L2 <- L1 == L3 */
    0x000A024B,                /* 02FB  jf L2, +10 */
    0x00020140,                /* 02FC  i8 L2 <- 1 */
    0x00000085, 0x00000002,    /* 02FD  add L0 <- L0 + L2 */
    0x00030242,                /* 02FF  gget L2 <- g3   (_get_char) */
    0x00038041,                /* 0300  move L3 <- P0 */
    0x00040041,                /* 0301  move L4 <- L0 */
    0x000202A0, 0x00010000,    /* 0302  call base=L2 argc=2 nres=1 */
    0x00010241,                /* 0304  move L1 <- L2 */
    0xFFE8004F,                /* 0305  jmp -24 */
    0x00000102,                /* 0306  return L0 count=1 */
    0x00008141,                /* 0307  move L0 <- P1 */
    0x00030242,                /* 0308  gget L2 <- g3   (_get_char) */
    0x00038041,                /* 0309  move L3 <- P0 */
    0x00040041,                /* 030A  move L4 <- L0 */
    0x000202A0, 0x00010000,    /* 030B  call base=L2 argc=2 nres=1 */
    0x00010241,                /* 030D  move L1 <- L2 */
    0x004C0345,                /* 030E  lsym L3 <- sym#76   ("EOF") */
    0x0002008F, 0x00010003,    /* 030F  eq L2 <- L1 == L3 */
    0x0005024C,                /* 0311  jt L2, +5 */
    0x001F0342,                /* 0312  gget L3 <- g31   (is_hexdigit) */
    0x00040141,                /* 0313  move L4 <- L1 */
    0x000301A0, 0x00010000,    /* 0314  call base=L3 argc=1 nres=1 */
    0x0002034A,                /* 0316  not L2 <- L3 */
    0x0002024B,                /* 0317  jf L2, +2 */
    0x00020003,                /* 0318  lnil L2 */
    0x00020102,                /* 0319  return L2 count=1 */
    0x004C0345,                /* 031A  lsym L3 <- sym#76   ("EOF") */
    0x0004008F, 0x00010003,    /* 031B  eq L4 <- L1 == L3 */
    0x0002044A,                /* 031D  not L2 <- L4 */
    0x0009024B,                /* 031E  jf L2, +9 */
    0x001F0342,                /* 031F  gget L3 <- g31   (is_hexdigit) */
    0x00040141,                /* 0320  move L4 <- L1 */
    0x000301A0, 0x00010000,    /* 0321  call base=L3 argc=1 nres=1 */
    0x00020341,                /* 0323  move L2 <- L3 */
    0x0003024C,                /* 0324  jt L2, +3 */
    0x00035F40,                /* 0325  i8 L3 <- 95 */
    0x0002008F, 0x00010003,    /* 0326  eq L2 <- L1 == L3 */
    0x000A024B,                /* 0328  jf L2, +10 */
    0x00020140,                /* 0329  i8 L2 <- 1 */
    0x00000085, 0x00000002,    /* 032A  add L0 <- L0 + L2 */
    0x00030242,                /* 032C  gget L2 <- g3   (_get_char) */
    0x00038041,                /* 032D  move L3 <- P0 */
    0x00040041,                /* 032E  move L4 <- L0 */
    0x000202A0, 0x00010000,    /* 032F  call base=L2 argc=2 nres=1 */
    0x00010241,                /* 0331  move L1 <- L2 */
    0xFFE7004F,                /* 0332  jmp -25 */
    0x00000102,                /* 0333  return L0 count=1 */
    0x00008141,                /* 0334  move L0 <- P1 */
    0x00030242,                /* 0335  gget L2 <- g3   (_get_char) */
    0x00038041,                /* 0336  move L3 <- P0 */
    0x00040041,                /* 0337  move L4 <- L0 */
    0x000202A0, 0x00010000,    /* 0338  call base=L2 argc=2 nres=1 */
    0x00010241,                /* 033A  move L1 <- L2 */
    0x004C0345,                /* 033B  lsym L3 <- sym#76   ("EOF") */
    0x0002008F, 0x00010003,    /* 033C  eq L2 <- L1 == L3 */
    0x0005024C,                /* 033E  jt L2, +5 */
    0x00200342,                /* 033F  gget L3 <- g32   (is_bindigit) */
    0x00040141,                /* 0340  move L4 <- L1 */
    0x000301A0, 0x00010000,    /* 0341  call base=L3 argc=1 nres=1 */
    0x0002034A,                /* 0343  not L2 <- L3 */
    0x0002024B,                /* 0344  jf L2, +2 */
    0x00020003,                /* 0345  lnil L2 */
    0x00020102,                /* 0346  return L2 count=1 */
    0x004C0345,                /* 0347  lsym L3 <- sym#76   ("EOF") */
    0x00020090, 0x00010003,    /* 0348  ne L2 <- L1 != L3 */
    0x0009024B,                /* 034A  jf L2, +9 */
    0x00200342,                /* 034B  gget L3 <- g32   (is_bindigit) */
    0x00040141,                /* 034C  move L4 <- L1 */
    0x000301A0, 0x00010000,    /* 034D  call base=L3 argc=1 nres=1 */
    0x00020341,                /* 034F  move L2 <- L3 */
    0x0003024C,                /* 0350  jt L2, +3 */
    0x00035F40,                /* 0351  i8 L3 <- 95 */
    0x0002008F, 0x00010003,    /* 0352  eq L2 <- L1 == L3 */
    0x000A024B,                /* 0354  jf L2, +10 */
    0x00020140,                /* 0355  i8 L2 <- 1 */
    0x00000085, 0x00000002,    /* 0356  add L0 <- L0 + L2 */
    0x00030242,                /* 0358  gget L2 <- g3   (_get_char) */
    0x00038041,                /* 0359  move L3 <- P0 */
    0x00040041,                /* 035A  move L4 <- L0 */
    0x000202A0, 0x00010000,    /* 035B  call base=L2 argc=2 nres=1 */
    0x00010241,                /* 035D  move L1 <- L2 */
    0xFFE8004F,                /* 035E  jmp -24 */
    0x00000102,                /* 035F  return L0 count=1 */
    0x00008141,                /* 0360  move L0 <- P1 */
    0x00030242,                /* 0361  gget L2 <- g3   (_get_char) */
    0x00038041,                /* 0362  move L3 <- P0 */
    0x00040041,                /* 0363  move L4 <- L0 */
    0x000202A0, 0x00010000,    /* 0364  call base=L2 argc=2 nres=1 */
    0x00010241,                /* 0366  move L1 <- L2 */
    0x00036540,                /* 0367  i8 L3 <- 101 */
    0x00020090, 0x00010003,    /* 0368  ne L2 <- L1 != L3 */
    0x0003024B,                /* 036A  jf L2, +3 */
    0x00034540,                /* 036B  i8 L3 <- 69 */
    0x00020090, 0x00010003,    /* 036C  ne L2 <- L1 != L3 */
    0x0002024B,                /* 036E  jf L2, +2 */
    0x00020003,                /* 036F  lnil L2 */
    0x00020102,                /* 0370  return L2 count=1 */
    0x00020140,                /* 0371  i8 L2 <- 1 */
    0x00000085, 0x00000002,    /* 0372  add L0 <- L0 + L2 */
    0x00030242,                /* 0374  gget L2 <- g3   (_get_char) */
    0x00038041,                /* 0375  move L3 <- P0 */
    0x00040041,                /* 0376  move L4 <- L0 */
    0x000202A0, 0x00010000,    /* 0377  call base=L2 argc=2 nres=1 */
    0x00010241,                /* 0379  move L1 <- L2 */
    0x00032B40,                /* 037A  i8 L3 <- 43 */
    0x0002008F, 0x00010003,    /* 037B  eq L2 <- L1 == L3 */
    0x0003024C,                /* 037D  jt L2, +3 */
    0x00032D40,                /* 037E  i8 L3 <- 45 */
    0x0002008F, 0x00010003,    /* 037F  eq L2 <- L1 == L3 */
    0x0003024B,                /* 0381  jf L2, +3 */
    0x00020140,                /* 0382  i8 L2 <- 1 */
    0x00000085, 0x00000002,    /* 0383  add L0 <- L0 + L2 */
    0x00090242,                /* 0385  gget L2 <- g9   (_scan_digits) */
    0x00038041,                /* 0386  move L3 <- P0 */
    0x00040041,                /* 0387  move L4 <- L0 */
    0x000202A0, 0x00010000,    /* 0388  call base=L2 argc=2 nres=1 */
    0x00020102,                /* 038A  return L2 count=1 */
    0x00008141,                /* 038B  move L0 <- P1 */
    0x00030242,                /* 038C  gget L2 <- g3   (_get_char) */
    0x00038041,                /* 038D  move L3 <- P0 */
    0x00040041,                /* 038E  move L4 <- L0 */
    0x000202A0, 0x00010000,    /* 038F  call base=L2 argc=2 nres=1 */
    0x00010241,                /* 0391  move L1 <- L2 */
    0x004C0345,                /* 0392  lsym L3 <- sym#76   ("EOF") */
    0x0002008F, 0x00010003,    /* 0393  eq L2 <- L1 == L3 */
    0x0005024C,                /* 0395  jt L2, +5 */
    0x00210342,                /* 0396  gget L3 <- g33   (is_xid_start) */
    0x00040141,                /* 0397  move L4 <- L1 */
    0x000301A0, 0x00010000,    /* 0398  call base=L3 argc=1 nres=1 */
    0x0002034A,                /* 039A  not L2 <- L3 */
    0x0002024B,                /* 039B  jf L2, +2 */
    0x00020003,                /* 039C  lnil L2 */
    0x00020102,                /* 039D  return L2 count=1 */
    0x00020140,                /* 039E  i8 L2 <- 1 */
    0x00000085, 0x00000002,    /* 039F  add L0 <- L0 + L2 */
    0x00030242,                /* 03A1  gget L2 <- g3   (_get_char) */
    0x00038041,                /* 03A2  move L3 <- P0 */
    0x00040041,                /* 03A3  move L4 <- L0 */
    0x000202A0, 0x00010000,    /* 03A4  call base=L2 argc=2 nres=1 */
    0x00010241,                /* 03A6  move L1 <- L2 */
    0x004C0345,                /* 03A7  lsym L3 <- sym#76   ("EOF") */
    0x00020090, 0x00010003,    /* 03A8  ne L2 <- L1 != L3 */
    0x0005024B,                /* 03AA  jf L2, +5 */
    0x00220342,                /* 03AB  gget L3 <- g34   (is_xid_continue) */
    0x00040141,                /* 03AC  move L4 <- L1 */
    0x000301A0, 0x00010000,    /* 03AD  call base=L3 argc=1 nres=1 */
    0x00020341,                /* 03AF  move L2 <- L3 */
    0x000A024B,                /* 03B0  jf L2, +10 */
    0x00020140,                /* 03B1  i8 L2 <- 1 */
    0x00000085, 0x00000002,    /* 03B2  add L0 <- L0 + L2 */
    0x00030242,                /* 03B4  gget L2 <- g3   (_get_char) */
    0x00038041,                /* 03B5  move L3 <- P0 */
    0x00040041,                /* 03B6  move L4 <- L0 */
    0x000202A0, 0x00010000,    /* 03B7  call base=L2 argc=2 nres=1 */
    0x00010241,                /* 03B9  move L1 <- L2 */
    0xFFEC004F,                /* 03BA  jmp -20 */
    0x00000102,                /* 03BB  return L0 count=1 */
    0x001A0442,                /* 03BC  gget L4 <- g26   (_OPERATOR_SYMBOLS) */
    0x000500AE, 0x00040000,    /* 03BD  iter L5 <- L4 */
    0x000000AF, 0x00050020,    /* 03BF  itnext L0 <- L5, done +32 */
    0x00230642,                /* 03C1  gget L6 <- g35   (len) */
    0x00070041,                /* 03C2  move L7 <- L0 */
    0x000601A0, 0x00010000,    /* 03C3  call base=L6 argc=1 nres=1 */
    0x00010641,                /* 03C5  move L1 <- L6 */
    0x00020040,                /* 03C6  i8 L2 <- 0 */
    0x00030104,                /* 03C7  lbool L3 <- 1 */
    0x00060091, 0x00020001,    /* 03C8  lt L6 <- L2 < L1 */
    0x0011064B,                /* 03CA  jf L6, +17 */
    0x00030642,                /* 03CB  gget L6 <- g3   (_get_char) */
    0x00078041,                /* 03CC  move L7 <- P0 */
    0x00080085, 0x80010002,    /* 03CD  add L8 <- P1 + L2 */
    0x000602A0, 0x00010000,    /* 03CF  call base=L6 argc=2 nres=1 */
    0x00070098, 0x00000002,    /* 03D1  getidx L7 <- L0[L2] */
    0x00080090, 0x00060007,    /* 03D3  ne L8 <- L6 != L7 */
    0x0002084B,                /* 03D5  jf L8, +2 */
    0x00030004,                /* 03D6  lbool L3 <- 0 */
    0x0004004F,                /* 03D7  jmp +4 */
    0x00060140,                /* 03D8  i8 L6 <- 1 */
    0x00020085, 0x00020006,    /* 03D9  add L2 <- L2 + L6 */
    0xFFEC004F,                /* 03DB  jmp -20 */
    0x0003034B,                /* 03DC  jf L3, +3 */
    0x00060085, 0x80010001,    /* 03DD  add L6 <- P1 + L1 */
    0x00060102,                /* 03DF  return L6 count=1 */
    0xFFDE004F,                /* 03E0  jmp -34 */
    0x00040003,                /* 03E1  lnil L4 */
    0x00040102,                /* 03E2  return L4 count=1 */
    0x00008141,                /* 03E3  move L0 <- P1 */
    0x000300AE, 0x80030000,    /* 03E4  iter L3 <- P3 */
    0x000100AF, 0x0003001A,    /* 03E6  itnext L1 <- L3, done +26 */
    0x00030442,                /* 03E8  gget L4 <- g3   (_get_char) */
    0x00058041,                /* 03E9  move L5 <- P0 */
    0x00060041,                /* 03EA  move L6 <- L0 */
    0x000402A0, 0x00010000,    /* 03EB  call base=L4 argc=2 nres=1 */
    0x00020441,                /* 03ED  move L2 <- L4 */
    0x00040140,                /* 03EE  i8 L4 <- 1 */
    0x00000085, 0x00000004,    /* 03EF  add L0 <- L0 + L4 */
    0x004C0545,                /* 03F1  lsym L5 <- sym#76   ("EOF") */
    0x0004008F, 0x00020005,    /* 03F2  eq L4 <- L2 == L5 */
    0x0001044B,                /* 03F4  jf L4, +1 */
    0x00048241,                /* 03F5  move L4 <- P2 */
    0x0005044B,                /* 03F6  jf L4, +5 */
    0x00240442,                /* 03F7  gget L4 <- g36   (error) */
    0x00350546,                /* 03F8  lconst L5 <- static#53   ("unexpected stream end") */
    0x000401A0, 0x00010000,    /* 03F9  call base=L4 argc=1 nres=1 */
    0x00040102,                /* 03FB  return L4 count=1 */
    0x00040090, 0x00020001,    /* 03FC  ne L4 <- L2 != L1 */
    0x0002044B,                /* 03FE  jf L4, +2 */
    0x00040004,                /* 03FF  lbool L4 <- 0 */
    0x00040102,                /* 0400  return L4 count=1 */
    0xFFE4004F,                /* 0401  jmp -28 */
    0x00030104,                /* 0402  lbool L3 <- 1 */
    0x00030102,                /* 0403  return L3 count=1 */
    0x00008141,                /* 0404  move L0 <- P1 */
    0x00030242,                /* 0405  gget L2 <- g3   (_get_char) */
    0x00038041,                /* 0406  move L3 <- P0 */
    0x00040041,                /* 0407  move L4 <- L0 */
    0x000202A0, 0x00010000,    /* 0408  call base=L2 argc=2 nres=1 */
    0x00010241,                /* 040A  move L1 <- L2 */
    0x00022840,                /* 040B  i8 L2 <- 40 */
    0x00030090, 0x00010002,    /* 040C  ne L3 <- L1 != L2 */
    0x001D034B,                /* 040E  jf L3, +29 */
    0x004C0345,                /* 040F  lsym L3 <- sym#76   ("EOF") */
    0x0002008F, 0x00010003,    /* 0410  eq L2 <- L1 == L3 */
    0x000C024C,                /* 0412  jt L2, +12 */
    0x00250442,                /* 0413  gget L4 <- g37   (is_alpha) */
    0x00050141,                /* 0414  move L5 <- L1 */
    0x000401A0, 0x00010000,    /* 0415  call base=L4 argc=1 nres=1 */
    0x00030441,                /* 0417  move L3 <- L4 */
    0x0005034C,                /* 0418  jt L3, +5 */
    0x001E0442,                /* 0419  gget L4 <- g30   (is_digit) */
    0x00050141,                /* 041A  move L5 <- L1 */
    0x000401A0, 0x00010000,    /* 041B  call base=L4 argc=1 nres=1 */
    0x00030441,                /* 041D  move L3 <- L4 */
    0x0002034A,                /* 041E  not L2 <- L3 */
    0x0002024B,                /* 041F  jf L2, +2 */
    0x00020003,                /* 0420  lnil L2 */
    0x00020102,                /* 0421  return L2 count=1 */
    0x00020140,                /* 0422  i8 L2 <- 1 */
    0x00000085, 0x00000002,    /* 0423  add L0 <- L0 + L2 */
    0x00030242,                /* 0425  gget L2 <- g3   (_get_char) */
    0x00038041,                /* 0426  move L3 <- P0 */
    0x00040041,                /* 0427  move L4 <- L0 */
    0x000202A0, 0x00010000,    /* 0428  call base=L2 argc=2 nres=1 */
    0x00010241,                /* 042A  move L1 <- L2 */
    0xFFDF004F,                /* 042B  jmp -33 */
    0x00000102,                /* 042C  return L0 count=1 */
    0x00008141,                /* 042D  move L0 <- P1 */
    0x00230542,                /* 042E  gget L5 <- g35   (len) */
    0x00068241,                /* 042F  move L6 <- P2 */
    0x000501A0, 0x00010000,    /* 0430  call base=L5 argc=1 nres=1 */
    0x00010541,                /* 0432  move L1 <- L5 */
    0x00230542,                /* 0433  gget L5 <- g35   (len) */
    0x00068041,                /* 0434  move L6 <- P0 */
    0x000501A0, 0x00010000,    /* 0435  call base=L5 argc=1 nres=1 */
    0x00020541,                /* 0437  move L2 <- L5 */
    0x00050085, 0x00000001,    /* 0438  add L5 <- L0 + L1 */
    0x00060092, 0x00050002,    /* 043A  le L6 <- L5 <= L2 */
    0x001C064B,                /* 043C  jf L6, +28 */
    0x00030040,                /* 043D  i8 L3 <- 0 */
    0x00040104,                /* 043E  lbool L4 <- 1 */
    0x00050091, 0x00030001,    /* 043F  lt L5 <- L3 < L1 */
    0x000F054B,                /* 0441  jf L5, +15 */
    0x00050085, 0x00000003,    /* 0442  add L5 <- L0 + L3 */
    0x00060098, 0x80000005,    /* 0444  getidx L6 <- P0[L5] */
    0x00070098, 0x80020003,    /* 0446  getidx L7 <- P2[L3] */
    0x00080090, 0x00060007,    /* 0448  ne L8 <- L6 != L7 */
    0x0002084B,                /* 044A  jf L8, +2 */
    0x00040004,                /* 044B  lbool L4 <- 0 */
    0x0004004F,                /* 044C  jmp +4 */
    0x00050140,                /* 044D  i8 L5 <- 1 */
    0x00030085, 0x00030005,    /* 044E  add L3 <- L3 + L5 */
    0xFFEE004F,                /* 0450  jmp -18 */
    0x0003044B,                /* 0451  jf L4, +3 */
    0x00050085, 0x00000001,    /* 0452  add L5 <- L0 + L1 */
    0x00050102,                /* 0454  return L5 count=1 */
    0x00050140,                /* 0455  i8 L5 <- 1 */
    0x00000085, 0x00000005,    /* 0456  add L0 <- L0 + L5 */
    0xFFDF004F,                /* 0458  jmp -33 */
    0x00050003,                /* 0459  lnil L5 */
    0x00050102,                /* 045A  return L5 count=1 */
    0x00100642,                /* 045B  gget L6 <- g16   (_scan_raw_string_tag) */
    0x00078041,                /* 045C  move L7 <- P0 */
    0x00088141,                /* 045D  move L8 <- P1 */
    0x000602A0, 0x00010000,    /* 045E  call base=L6 argc=2 nres=1 */
    0x00000641,                /* 0460  move L0 <- L6 */
    0x00060003,                /* 0461  lnil L6 */
    0x0007008F, 0x00000006,    /* 0462  eq L7 <- L0 == L6 */
    0x0002074B,                /* 0464  jf L7, +2 */
    0x00060003,                /* 0465  lnil L6 */
    0x00060102,                /* 0466  return L6 count=1 */
    0x00068041,                /* 0467  move L6 <- P0 */
    0x00078141,                /* 0468  move L7 <- P1 */
    0x00080086, 0x00008001,    /* 0469  sub L8 <- L0 - P1 */
    0x000602A2, 0x00000001,    /* 046B  msg base=L6 argc=2 msg#0 nres=1   (substr) */
    0x00010641,                /* 046D  move L1 <- L6 */
    0x00360646,                /* 046E  lconst L6 <- static#54   (")") */
    0x00070085, 0x00060001,    /* 046F  add L7 <- L6 + L1 */
    0x00370846,                /* 0471  lconst L8 <- static#55   ("\\\"") */
    0x00020085, 0x00070008,    /* 0472  add L2 <- L7 + L8 */
    0x00110642,                /* 0474  gget L6 <- g17   (_find_needle) */
    0x00078041,                /* 0475  move L7 <- P0 */
    0x00080140,                /* 0476  i8 L8 <- 1 */
    0x00090085, 0x00000008,    /* 0477  add L9 <- L0 + L8 */
    0x00080941,                /* 0479  move L8 <- L9 */
    0x00090241,                /* 047A  move L9 <- L2 */
    0x000603A0, 0x00010000,    /* 047B  call base=L6 argc=3 nres=1 */
    0x00030641,                /* 047D  move L3 <- L6 */
    0x00060003,                /* 047E  lnil L6 */
    0x0007008F, 0x00030006,    /* 047F  eq L7 <- L3 == L6 */
    0x0002074B,                /* 0481  jf L7, +2 */
    0x00060003,                /* 0482  lnil L6 */
    0x00060102,                /* 0483  return L6 count=1 */
    0x00060140,                /* 0484  i8 L6 <- 1 */
    0x00040085, 0x00000006,    /* 0485  add L4 <- L0 + L6 */
    0x00230642,                /* 0487  gget L6 <- g35   (len) */
    0x00070241,                /* 0488  move L7 <- L2 */
    0x000601A0, 0x00010000,    /* 0489  call base=L6 argc=1 nres=1 */
    0x00050086, 0x00030006,    /* 048B  sub L5 <- L3 - L6 */
    0x00060441,                /* 048D  move L6 <- L4 */
    0x00070541,                /* 048E  move L7 <- L5 */
    0x00080341,                /* 048F  move L8 <- L3 */
    0x00060302,                /* 0490  return L6 count=3 */
    0x00018141,                /* 0491  move L1 <- P1 */
    0x8000009B, 0x004D0001,    /* 0492  setattr P0.sym#77 <- L1   ("buffer") */
    0x00000003,                /* 0494  lnil L0 */
    0x00010040,                /* 0495  i8 L1 <- 0 */
    0x8000009B, 0x004E0001,    /* 0496  setattr P0.sym#78 <- L1   ("cur_pos") */
    0x00000102,                /* 0498  return L0 count=1 */
    0x00000003,                /* 0499  lnil L0 */
    0x00018141,                /* 049A  move L1 <- P1 */
    0x8000009B, 0x004E0001,    /* 049B  setattr P0.sym#78 <- L1   ("cur_pos") */
    0x00000102,                /* 049D  return L0 count=1 */
    0x0000009A, 0x8000004E,    /* 049E  getattr L0 <- P0.sym#78   ("cur_pos") */
    0x00018241,                /* 04A0  move L1 <- P2 */
    0x8000009B, 0x004E0001,    /* 04A1  setattr P0.sym#78 <- L1   ("cur_pos") */
    0x00020142,                /* 04A3  gget L1 <- g2   (Token) */
    0x00028141,                /* 04A4  move L2 <- P1 */
    0x00030041,                /* 04A5  move L3 <- L0 */
    0x0004009A, 0x8000004E,    /* 04A6  getattr L4 <- P0.sym#78   ("cur_pos") */
    0x000103A0, 0x00010000,    /* 04A8  call base=L1 argc=3 nres=1 */
    0x00010102,                /* 04AA  return L1 count=1 */
    0x00008441,                /* 04AB  move L0 <- P4 */
    0x8000009B, 0x004E0000,    /* 04AC  setattr P0.sym#78 <- L0   ("cur_pos") */
    0x00020042,                /* 04AE  gget L0 <- g2   (Token) */
    0x00018141,                /* 04AF  move L1 <- P1 */
    0x00028241,                /* 04B0  move L2 <- P2 */
    0x00038341,                /* 04B1  move L3 <- P3 */
    0x000003A0, 0x00010000,    /* 04B2  call base=L0 argc=3 nres=1 */
    0x00000102,                /* 04B4  return L0 count=1 */
    0x00000005,                /* 04B5  lunset L0 */
    0x00030D42,                /* 04B6  gget L13 <- g3   (_get_char) */
    0x000E009A, 0x8000004D,    /* 04B7  getattr L14 <- P0.sym#77   ("buffer") */
    0x000F009A, 0x8000004E,    /* 04B9  getattr L15 <- P0.sym#78   ("cur_pos") */
    0x000D02A0, 0x00010000,    /* 04BB  call base=L13 argc=2 nres=1 */
    0x00010D41,                /* 04BD  move L1 <- L13 */
    0x00030D42,                /* 04BE  gget L13 <- g3   (_get_char) */
    0x000E009A, 0x8000004D,    /* 04BF  getattr L14 <- P0.sym#77   ("buffer") */
    0x000F009A, 0x8000004E,    /* 04C1  getattr L15 <- P0.sym#78   ("cur_pos") */
    0x00100140,                /* 04C3  i8 L16 <- 1 */
    0x00110085, 0x000F0010,    /* 04C4  add L17 <- L15 + L16 */
    0x000F1141,                /* 04C6  move L15 <- L17 */
    0x000D02A0, 0x00010000,    /* 04C7  call base=L13 argc=2 nres=1 */
    0x00020D41,                /* 04C9  move L2 <- L13 */
    0x00030D42,                /* 04CA  gget L13 <- g3   (_get_char) */
    0x000E009A, 0x8000004D,    /* 04CB  getattr L14 <- P0.sym#77   ("buffer") */
    0x000F009A, 0x8000004E,    /* 04CD  getattr L15 <- P0.sym#78   ("cur_pos") */
    0x00100240,                /* 04CF  i8 L16 <- 2 */
    0x00110085, 0x000F0010,    /* 04D0  add L17 <- L15 + L16 */
    0x000F1141,                /* 04D2  move L15 <- L17 */
    0x000D02A0, 0x00010000,    /* 04D3  call base=L13 argc=2 nres=1 */
    0x00030D41,                /* 04D5  move L3 <- L13 */
    0x004C0D45,                /* 04D6  lsym L13 <- sym#76   ("EOF") */
    0x000E008F, 0x0001000D,    /* 04D7  eq L14 <- L1 == L13 */
    0x00090E4B,                /* 04D9  jf L14, +9 */
    0x00020D42,                /* 04DA  gget L13 <- g2   (Token) */
    0x00520E45,                /* 04DB  lsym L14 <- sym#82   ("TOK_END") */
    0x000F009A, 0x8000004E,    /* 04DC  getattr L15 <- P0.sym#78   ("cur_pos") */
    0x0010009A, 0x8000004E,    /* 04DE  getattr L16 <- P0.sym#78   ("cur_pos") */
    0x000D03A0, 0x00010000,    /* 04E0  call base=L13 argc=3 nres=1 */
    0x000D0102,                /* 04E2  return L13 count=1 */
    0x000D2340,                /* 04E3  i8 L13 <- 35 */
    0x000E008F, 0x0001000D,    /* 04E4  eq L14 <- L1 == L13 */
    0x00040E4B,                /* 04E6  jf L14, +4 */
    0x000D8041,                /* 04E7  move L13 <- P0 */
    0x000D00A2, 0x00010001,    /* 04E8  msg base=L13 argc=0 msg#1 nres=1   (_scan_comment) */
    0x000D0102,                /* 04EA  return L13 count=1 */
    0x000E0D40,                /* 04EB  i8 L14 <- 13 */
    0x000D008F, 0x0001000E,    /* 04EC  eq L13 <- L1 == L14 */
    0x00030D4B,                /* 04EE  jf L13, +3 */
    0x000E0A40,                /* 04EF  i8 L14 <- 10 */
    0x000D008F, 0x0002000E,    /* 04F0  eq L13 <- L2 == L14 */
    0x000B0D4B,                /* 04F2  jf L13, +11 */
    0x000D8041,                /* 04F3  move L13 <- P0 */
    0x00540E45,                /* 04F4  lsym L14 <- sym#84   ("TOK_NEWLINE") */
    0x000F009A, 0x8000004E,    /* 04F5  getattr L15 <- P0.sym#78   ("cur_pos") */
    0x00100240,                /* 04F7  i8 L16 <- 2 */
    0x00110085, 0x000F0010,    /* 04F8  add L17 <- L15 + L16 */
    0x000F1141,                /* 04FA  move L15 <- L17 */
    0x000D02A2, 0x00020001,    /* 04FB  msg base=L13 argc=2 msg#2 nres=1   (_advance_with_token) */
    0x000D0102,                /* 04FD  return L13 count=1 */
    0x00040D42,                /* 04FE  gget L13 <- g4   (_is_newline) */
    0x000E0141,                /* 04FF  move L14 <- L1 */
    0x000D01A0, 0x00010000,    /* 0500  call base=L13 argc=1 nres=1 */
    0x000B0D4B,                /* 0502  jf L13, +11 */
    0x000D8041,                /* 0503  move L13 <- P0 */
    0x00540E45,                /* 0504  lsym L14 <- sym#84   ("TOK_NEWLINE") */
    0x000F009A, 0x8000004E,    /* 0505  getattr L15 <- P0.sym#78   ("cur_pos") */
    0x00100140,                /* 0507  i8 L16 <- 1 */
    0x00110085, 0x000F0010,    /* 0508  add L17 <- L15 + L16 */
    0x000F1141,                /* 050A  move L15 <- L17 */
    0x000D02A2, 0x00020001,    /* 050B  msg base=L13 argc=2 msg#2 nres=1   (_advance_with_token) */
    0x000D0102,                /* 050D  return L13 count=1 */
    0x000E5C40,                /* 050E  i8 L14 <- 92 */
    0x000D008F, 0x0001000E,    /* 050F  eq L13 <- L1 == L14 */
    0x00050D4B,                /* 0511  jf L13, +5 */
    0x00040E42,                /* 0512  gget L14 <- g4   (_is_newline) */
    0x000F0241,                /* 0513  move L15 <- L2 */
    0x000E01A0, 0x00010000,    /* 0514  call base=L14 argc=1 nres=1 */
    0x000D0E41,                /* 0516  move L13 <- L14 */
    0x00050D4C,                /* 0517  jt L13, +5 */
    0x001D0E42,                /* 0518  gget L14 <- g29   (is_space) */
    0x000F0141,                /* 0519  move L15 <- L1 */
    0x000E01A0, 0x00010000,    /* 051A  call base=L14 argc=1 nres=1 */
    0x000D0E41,                /* 051C  move L13 <- L14 */
    0x000C0D4B,                /* 051D  jf L13, +12 */
    0x000D8041,                /* 051E  move L13 <- P0 */
    0x00550E45,                /* 051F  lsym L14 <- sym#85   ("TOK_WS") */
    0x00080F42,                /* 0520  gget L15 <- g8   (_find_end_whitespace) */
    0x0010009A, 0x8000004D,    /* 0521  getattr L16 <- P0.sym#77   ("buffer") */
    0x0011009A, 0x8000004E,    /* 0523  getattr L17 <- P0.sym#78   ("cur_pos") */
    0x000F02A0, 0x00010000,    /* 0525  call base=L15 argc=2 nres=1 */
    0x000D02A2, 0x00020001,    /* 0527  msg base=L13 argc=2 msg#2 nres=1   (_advance_with_token) */
    0x000D0102,                /* 0529  return L13 count=1 */
    0x000D2740,                /* 052A  i8 L13 <- 39 */
    0x000E008F, 0x0001000D,    /* 052B  eq L14 <- L1 == L13 */
    0x00390E4B,                /* 052D  jf L14, +57 */
    0x000D009A, 0x8000004E,    /* 052E  getattr L13 <- P0.sym#78   ("cur_pos") */
    0x000E0140,                /* 0530  i8 L14 <- 1 */
    0x00040085, 0x000D000E,    /* 0531  add L4 <- L13 + L14 */
    0x000D0D42,                /* 0533  gget L13 <- g13   (_scan_xid) */
    0x000E009A, 0x8000004D,    /* 0534  getattr L14 <- P0.sym#77   ("buffer") */
    0x000F0441,                /* 0536  move L15 <- L4 */
    0x000D02A0, 0x00010000,    /* 0537  call base=L13 argc=2 nres=1 */
    0x00050D41,                /* 0539  move L5 <- L13 */
    0x000D0003,                /* 053A  lnil L13 */
    0x000E0090, 0x0005000D,    /* 053B  ne L14 <- L5 != L13 */
    0x00080E4B,                /* 053D  jf L14, +8 */
    0x000D8041,                /* 053E  move L13 <- P0 */
    0x00560E45,                /* 053F  lsym L14 <- sym#86   ("TOK_LITERAL_SYM") */
    0x000F0441,                /* 0540  move L15 <- L4 */
    0x00100541,                /* 0541  move L16 <- L5 */
    0x00110541,                /* 0542  move L17 <- L5 */
    0x000D04A2, 0x00030001,    /* 0543  msg base=L13 argc=4 msg#3 nres=1   (_advance_with_token_span) */
    0x000D0102,                /* 0545  return L13 count=1 */
    0x000E0D42,                /* 0546  gget L13 <- g14   (_scan_operator_symbol) */
    0x000E009A, 0x8000004D,    /* 0547  getattr L14 <- P0.sym#77   ("buffer") */
    0x000F0441,                /* 0549  move L15 <- L4 */
    0x000D02A0, 0x00010000,    /* 054A  call base=L13 argc=2 nres=1 */
    0x00060D41,                /* 054C  move L6 <- L13 */
    0x000D0003,                /* 054D  lnil L13 */
    0x000E0090, 0x0006000D,    /* 054E  ne L14 <- L6 != L13 */
    0x00080E4B,                /* 0550  jf L14, +8 */
    0x000D8041,                /* 0551  move L13 <- P0 */
    0x00560E45,                /* 0552  lsym L14 <- sym#86   ("TOK_LITERAL_SYM") */
    0x000F0441,                /* 0553  move L15 <- L4 */
    0x00100641,                /* 0554  move L16 <- L6 */
    0x00110641,                /* 0555  move L17 <- L6 */
    0x000D04A2, 0x00030001,    /* 0556  msg base=L13 argc=4 msg#3 nres=1   (_advance_with_token_span) */
    0x000D0102,                /* 0558  return L13 count=1 */
    0x000D8041,                /* 0559  move L13 <- P0 */
    0x00240E42,                /* 055A  gget L14 <- g36   (error) */
    0x00380F46,                /* 055B  lconst L15 <- static#56   ("bad symbol literal") */
    0x000E01A0, 0x00010000,    /* 055C  call base=L14 argc=1 nres=1 */
    0x000F009A, 0x8000004E,    /* 055E  getattr L15 <- P0.sym#78   ("cur_pos") */
    0x00100140,                /* 0560  i8 L16 <- 1 */
    0x00110085, 0x000F0010,    /* 0561  add L17 <- L15 + L16 */
    0x000F1141,                /* 0563  move L15 <- L17 */
    0x000D02A2, 0x00020001,    /* 0564  msg base=L13 argc=2 msg#2 nres=1   (_advance_with_token) */
    0x000D0102,                /* 0566  return L13 count=1 */
    0x000E5240,                /* 0567  i8 L14 <- 82 */
    0x000D008F, 0x0001000E,    /* 0568  eq L13 <- L1 == L14 */
    0x00030D4B,                /* 056A  jf L13, +3 */
    0x000E2240,                /* 056B  i8 L14 <- 34 */
    0x000D008F, 0x0002000E,    /* 056C  eq L13 <- L2 == L14 */
    0x00210D4B,                /* 056E  jf L13, +33 */
    0x00120D42,                /* 056F  gget L13 <- g18   (_scan_raw_string) */
    0x000E009A, 0x8000004D,    /* 0570  getattr L14 <- P0.sym#77   ("buffer") */
    0x000F009A, 0x8000004E,    /* 0572  getattr L15 <- P0.sym#78   ("cur_pos") */
    0x00100240,                /* 0574  i8 L16 <- 2 */
    0x00110085, 0x000F0010,    /* 0575  add L17 <- L15 + L16 */
    0x000F1141,                /* 0577  move L15 <- L17 */
    0x000D02A0, 0x00010000,    /* 0578  call base=L13 argc=2 nres=1 */
    0x00070D41,                /* 057A  move L7 <- L13 */
    0x000D0003,                /* 057B  lnil L13 */
    0x000E0090, 0x0007000D,    /* 057C  ne L14 <- L7 != L13 */
    0x00110E4B,                /* 057E  jf L14, +17 */
    0x000D8041,                /* 057F  move L13 <- P0 */
    0x00570E45,                /* 0580  lsym L14 <- sym#87   ("TOK_STR") */
    0x000F0040,                /* 0581  i8 L15 <- 0 */
    0x00100098, 0x0007000F,    /* 0582  getidx L16 <- L7[L15] */
    0x000F1041,                /* 0584  move L15 <- L16 */
    0x00100140,                /* 0585  i8 L16 <- 1 */
    0x00110098, 0x00070010,    /* 0586  getidx L17 <- L7[L16] */
    0x00101141,                /* 0588  move L16 <- L17 */
    0x00110240,                /* 0589  i8 L17 <- 2 */
    0x00120098, 0x00070011,    /* 058A  getidx L18 <- L7[L17] */
    0x00111241,                /* 058C  move L17 <- L18 */
    0x000D04A2, 0x00030001,    /* 058D  msg base=L13 argc=4 msg#3 nres=1   (_advance_with_token_span) */
    0x000D0102,                /* 058F  return L13 count=1 */
    0x000E2240,                /* 0590  i8 L14 <- 34 */
    0x000D008F, 0x0001000E,    /* 0591  eq L13 <- L1 == L14 */
    0x00070D4B,                /* 0593  jf L13, +7 */
    0x000E2240,                /* 0594  i8 L14 <- 34 */
    0x000D008F, 0x0002000E,    /* 0595  eq L13 <- L2 == L14 */
    0x00030D4B,                /* 0597  jf L13, +3 */
    0x000E2240,                /* 0598  i8 L14 <- 34 */
    0x000D008F, 0x0003000E,    /* 0599  eq L13 <- L3 == L14 */
    0x00110D4B,                /* 059B  jf L13, +17 */
    0x000D8041,                /* 059C  move L13 <- P0 */
    0x000E009A, 0x8000004E,    /* 059D  getattr L14 <- P0.sym#78   ("cur_pos") */
    0x000F0340,                /* 059F  i8 L15 <- 3 */
    0x00100085, 0x000E000F,    /* 05A0  add L16 <- L14 + L15 */
    0x000E1041,                /* 05A2  move L14 <- L16 */
    0x000F0004,                /* 05A3  lbool L15 <- 0 */
    0x00102240,                /* 05A4  i8 L16 <- 34 */
    0x00112240,                /* 05A5  i8 L17 <- 34 */
    0x00122240,                /* 05A6  i8 L18 <- 34 */
    0x00130381, 0x00100000,    /* 05A7  tuple L19 <- L16, 3 items */
    0x00101341,                /* 05A9  move L16 <- L19 */
    0x000D03A2, 0x00040001,    /* 05AA  msg base=L13 argc=3 msg#4 nres=1   (_scan_finish_str) */
    0x000D0102,                /* 05AC  return L13 count=1 */
    0x000D2240,                /* 05AD  i8 L13 <- 34 */
    0x000E008F, 0x0001000D,    /* 05AE  eq L14 <- L1 == L13 */
    0x000F0E4B,                /* 05B0  jf L14, +15 */
    0x000D8041,                /* 05B1  move L13 <- P0 */
    0x000E009A, 0x8000004E,    /* 05B2  getattr L14 <- P0.sym#78   ("cur_pos") */
    0x000F0140,                /* 05B4  i8 L15 <- 1 */
    0x00100085, 0x000E000F,    /* 05B5  add L16 <- L14 + L15 */
    0x000E1041,                /* 05B7  move L14 <- L16 */
    0x000F0104,                /* 05B8  lbool L15 <- 1 */
    0x00102240,                /* 05B9  i8 L16 <- 34 */
    0x00110181, 0x00100000,    /* 05BA  tuple L17 <- L16, 1 items */
    0x00101141,                /* 05BC  move L16 <- L17 */
    0x000D03A2, 0x00040001,    /* 05BD  msg base=L13 argc=3 msg#4 nres=1   (_scan_finish_str) */
    0x000D0102,                /* 05BF  return L13 count=1 */
    0x004C0E45,                /* 05C0  lsym L14 <- sym#76   ("EOF") */
    0x000D0090, 0x0002000E,    /* 05C1  ne L13 <- L2 != L14 */
    0x00030D4B,                /* 05C3  jf L13, +3 */
    0x004C0E45,                /* 05C4  lsym L14 <- sym#76   ("EOF") */
    0x000D0090, 0x0003000E,    /* 05C5  ne L13 <- L3 != L14 */
    0x00260D4B,                /* 05C7  jf L13, +38 */
    0x00160D42,                /* 05C8  gget L13 <- g22   (_TRIPLE_CHARS) */
    0x000E00AE, 0x000D0000,    /* 05C9  iter L14 <- L13 */
    0x000800AF, 0x000E0021,    /* 05CB  itnext L8 <- L14, done +33 */
    0x00100140,                /* 05CD  i8 L16 <- 1 */
    0x00110098, 0x00080010,    /* 05CE  getidx L17 <- L8[L16] */
    0x000F008F, 0x00010011,    /* 05D0  eq L15 <- L1 == L17 */
    0x000B0F4B,                /* 05D2  jf L15, +11 */
    0x00100240,                /* 05D3  i8 L16 <- 2 */
    0x00110098, 0x00080010,    /* 05D4  getidx L17 <- L8[L16] */
    0x000F008F, 0x00020011,    /* 05D6  eq L15 <- L2 == L17 */
    0x00050F4B,                /* 05D8  jf L15, +5 */
    0x00100340,                /* 05D9  i8 L16 <- 3 */
    0x00110098, 0x00080010,    /* 05DA  getidx L17 <- L8[L16] */
    0x000F008F, 0x00030011,    /* 05DC  eq L15 <- L3 == L17 */
    0x000E0F4B,                /* 05DE  jf L15, +14 */
    0x000F8041,                /* 05DF  move L15 <- P0 */
    0x00100040,                /* 05E0  i8 L16 <- 0 */
    0x00110098, 0x00080010,    /* 05E1  getidx L17 <- L8[L16] */
    0x00101141,                /* 05E3  move L16 <- L17 */
    0x0011009A, 0x8000004E,    /* 05E4  getattr L17 <- P0.sym#78   ("cur_pos") */
    0x00120340,                /* 05E6  i8 L18 <- 3 */
    0x00130085, 0x00110012,    /* 05E7  add L19 <- L17 + L18 */
    0x00111341,                /* 05E9  move L17 <- L19 */
    0x000F02A2, 0x00020001,    /* 05EA  msg base=L15 argc=2 msg#2 nres=1   (_advance_with_token) */
    0x000F0102,                /* 05EC  return L15 count=1 */
    0xFFDD004F,                /* 05ED  jmp -35 */
    0x004C0D45,                /* 05EE  lsym L13 <- sym#76   ("EOF") */
    0x000E0090, 0x0002000D,    /* 05EF  ne L14 <- L2 != L13 */
    0x00200E4B,                /* 05F1  jf L14, +32 */
    0x00170D42,                /* 05F2  gget L13 <- g23   (_DUAL_CHARS) */
    0x000E00AE, 0x000D0000,    /* 05F3  iter L14 <- L13 */
    0x000900AF, 0x000E001B,    /* 05F5  itnext L9 <- L14, done +27 */
    0x00100140,                /* 05F7  i8 L16 <- 1 */
    0x00110098, 0x00090010,    /* 05F8  getidx L17 <- L9[L16] */
    0x000F008F, 0x00010011,    /* 05FA  eq L15 <- L1 == L17 */
    0x00050F4B,                /* 05FC  jf L15, +5 */
    0x00100240,                /* 05FD  i8 L16 <- 2 */
    0x00110098, 0x00090010,    /* 05FE  getidx L17 <- L9[L16] */
    0x000F008F, 0x00020011,    /* 0600  eq L15 <- L2 == L17 */
    0x000E0F4B,                /* 0602  jf L15, +14 */
    0x000F8041,                /* 0603  move L15 <- P0 */
    0x00100040,                /* 0604  i8 L16 <- 0 */
    0x00110098, 0x00090010,    /* 0605  getidx L17 <- L9[L16] */
    0x00101141,                /* 0607  move L16 <- L17 */
    0x0011009A, 0x8000004E,    /* 0608  getattr L17 <- P0.sym#78   ("cur_pos") */
    0x00120240,                /* 060A  i8 L18 <- 2 */
    0x00130085, 0x00110012,    /* 060B  add L19 <- L17 + L18 */
    0x00111341,                /* 060D  move L17 <- L19 */
    0x000F02A2, 0x00020001,    /* 060E  msg base=L15 argc=2 msg#2 nres=1   (_advance_with_token) */
    0x000F0102,                /* 0610  return L15 count=1 */
    0xFFE3004F,                /* 0611  jmp -29 */
    0x00180D42,                /* 0612  gget L13 <- g24   (_S_CHARS) */
    0x000E00AE, 0x000D0000,    /* 0613  iter L14 <- L13 */
    0x000A00AF, 0x000E0015,    /* 0615  itnext L10 <- L14, done +21 */
    0x000F0140,                /* 0617  i8 L15 <- 1 */
    0x00100098, 0x000A000F,    /* 0618  getidx L16 <- L10[L15] */
    0x0011008F, 0x00010010,    /* 061A  eq L17 <- L1 == L16 */
    0x000E114B,                /* 061C  jf L17, +14 */
    0x000F8041,                /* 061D  move L15 <- P0 */
    0x00100040,                /* 061E  i8 L16 <- 0 */
    0x00110098, 0x000A0010,    /* 061F  getidx L17 <- L10[L16] */
    0x00101141,                /* 0621  move L16 <- L17 */
    0x0011009A, 0x8000004E,    /* 0622  getattr L17 <- P0.sym#78   ("cur_pos") */
    0x00120140,                /* 0624  i8 L18 <- 1 */
    0x00130085, 0x00110012,    /* 0625  add L19 <- L17 + L18 */
    0x00111341,                /* 0627  move L17 <- L19 */
    0x000F02A2, 0x00020001,    /* 0628  msg base=L15 argc=2 msg#2 nres=1   (_advance_with_token) */
    0x000F0102,                /* 062A  return L15 count=1 */
    0xFFE9004F,                /* 062B  jmp -23 */
    0x000D5C40,                /* 062C  i8 L13 <- 92 */
    0x000E008F, 0x0001000D,    /* 062D  eq L14 <- L1 == L13 */
    0x004A0E4B,                /* 062F  jf L14, +74 */
    0x004C0D45,                /* 0630  lsym L13 <- sym#76   ("EOF") */
    0x000E008F, 0x0002000D,    /* 0631  eq L14 <- L2 == L13 */
    0x000D0E4B,                /* 0633  jf L14, +13 */
    0x000D8041,                /* 0634  move L13 <- P0 */
    0x00240E42,                /* 0635  gget L14 <- g36   (error) */
    0x00390F46,                /* 0636  lconst L15 <- static#57   ("eof in character literal") */
    0x000E01A0, 0x00010000,    /* 0637  call base=L14 argc=1 nres=1 */
    0x00230F42,                /* 0639  gget L15 <- g35   (len) */
    0x0010009A, 0x8000004D,    /* 063A  getattr L16 <- P0.sym#77   ("buffer") */
    0x000F01A0, 0x00010000,    /* 063C  call base=L15 argc=1 nres=1 */
    0x000D02A2, 0x00020001,    /* 063E  msg base=L13 argc=2 msg#2 nres=1   (_advance_with_token) */
    0x000D0102,                /* 0640  return L13 count=1 */
    0x000D009A, 0x8000004E,    /* 0641  getattr L13 <- P0.sym#78   ("cur_pos") */
    0x000E0240,                /* 0643  i8 L14 <- 2 */
    0x000B0085, 0x000D000E,    /* 0644  add L11 <- L13 + L14 */
    0x00260E42,                /* 0646  gget L14 <- g38   (is_cntrl) */
    0x000F0241,                /* 0647  move L15 <- L2 */
    0x000E01A0, 0x00010000,    /* 0648  call base=L14 argc=1 nres=1 */
    0x000D0E41,                /* 064A  move L13 <- L14 */
    0x00050D4C,                /* 064B  jt L13, +5 */
    0x001D0E42,                /* 064C  gget L14 <- g29   (is_space) */
    0x000F0241,                /* 064D  move L15 <- L2 */
    0x000E01A0, 0x00010000,    /* 064E  call base=L14 argc=1 nres=1 */
    0x000D0E41,                /* 0650  move L13 <- L14 */
    0x00090D4B,                /* 0651  jf L13, +9 */
    0x000D8041,                /* 0652  move L13 <- P0 */
    0x00240E42,                /* 0653  gget L14 <- g36   (error) */
    0x003A0F46,                /* 0654  lconst L15 <- static#58   ("unexpected character in character literal") */
    0x000E01A0, 0x00010000,    /* 0655  call base=L14 argc=1 nres=1 */
    0x000F0B41,                /* 0657  move L15 <- L11 */
    0x000D02A2, 0x00020001,    /* 0658  msg base=L13 argc=2 msg#2 nres=1   (_advance_with_token) */
    0x000D0102,                /* 065A  return L13 count=1 */
    0x000D0D42,                /* 065B  gget L13 <- g13   (_scan_xid) */
    0x000E009A, 0x8000004D,    /* 065C  getattr L14 <- P0.sym#77   ("buffer") */
    0x000F009A, 0x8000004E,    /* 065E  getattr L15 <- P0.sym#78   ("cur_pos") */
    0x00100140,                /* 0660  i8 L16 <- 1 */
    0x00110085, 0x000F0010,    /* 0661  add L17 <- L15 + L16 */
    0x000F1141,                /* 0663  move L15 <- L17 */
    0x000D02A0, 0x00010000,    /* 0664  call base=L13 argc=2 nres=1 */
    0x000C0D41,                /* 0666  move L12 <- L13 */
    0x000E0003,                /* 0667  lnil L14 */
    0x000D0090, 0x000C000E,    /* 0668  ne L13 <- L12 != L14 */
    0x00020D4B,                /* 066A  jf L13, +2 */
    0x000D0093, 0x000C000B,    /* 066B  gt L13 <- L12 > L11 */
    0x00060D4B,                /* 066D  jf L13, +6 */
    0x000D8041,                /* 066E  move L13 <- P0 */
    0x00590E45,                /* 066F  lsym L14 <- sym#89   ("TOK_LITERAL_CHAR") */
    0x000F0C41,                /* 0670  move L15 <- L12 */
    0x000D02A2, 0x00020001,    /* 0671  msg base=L13 argc=2 msg#2 nres=1   (_advance_with_token) */
    0x000D0102,                /* 0673  return L13 count=1 */
    0x000D8041,                /* 0674  move L13 <- P0 */
    0x00590E45,                /* 0675  lsym L14 <- sym#89   ("TOK_LITERAL_CHAR") */
    0x000F0B41,                /* 0676  move L15 <- L11 */
    0x000D02A2, 0x00020001,    /* 0677  msg base=L13 argc=2 msg#2 nres=1   (_advance_with_token) */
    0x000D0102,                /* 0679  return L13 count=1 */
    0x000D8041,                /* 067A  move L13 <- P0 */
    0x000D00A2, 0x00050001,    /* 067B  msg base=L13 argc=0 msg#5 nres=1   (_scan_number) */
    0x00000D41,                /* 067D  move L0 <- L13 */
    0x000D0003,                /* 067E  lnil L13 */
    0x000E0090, 0x0000000D,    /* 067F  ne L14 <- L0 != L13 */
    0x00010E4B,                /* 0681  jf L14, +1 */
    0x00000102,                /* 0682  return L0 count=1 */
    0x000D8041,                /* 0683  move L13 <- P0 */
    0x000D00A2, 0x00060001,    /* 0684  msg base=L13 argc=0 msg#6 nres=1   (_scan_xid_token) */
    0x00000D41,                /* 0686  move L0 <- L13 */
    0x000D0003,                /* 0687  lnil L13 */
    0x000E0090, 0x0000000D,    /* 0688  ne L14 <- L0 != L13 */
    0x00010E4B,                /* 068A  jf L14, +1 */
    0x00000102,                /* 068B  return L0 count=1 */
    0x000D8041,                /* 068C  move L13 <- P0 */
    0x00240E42,                /* 068D  gget L14 <- g36   (error) */
    0x003B0F46,                /* 068E  lconst L15 <- static#59   ("unexpected token") */
    0x000E01A0, 0x00010000,    /* 068F  call base=L14 argc=1 nres=1 */
    0x000F009A, 0x8000004E,    /* 0691  getattr L15 <- P0.sym#78   ("cur_pos") */
    0x00100140,                /* 0693  i8 L16 <- 1 */
    0x00110085, 0x000F0010,    /* 0694  add L17 <- L15 + L16 */
    0x000F1141,                /* 0696  move L15 <- L17 */
    0x000D02A2, 0x00020001,    /* 0697  msg base=L13 argc=2 msg#2 nres=1   (_advance_with_token) */
    0x000D0102,                /* 0699  return L13 count=1 */
    0x0000009A, 0x8000004E,    /* 069A  getattr L0 <- P0.sym#78   ("cur_pos") */
    0x00030442,                /* 069C  gget L4 <- g3   (_get_char) */
    0x0005009A, 0x8000004D,    /* 069D  getattr L5 <- P0.sym#77   ("buffer") */
    0x00060041,                /* 069F  move L6 <- L0 */
    0x000402A0, 0x00010000,    /* 06A0  call base=L4 argc=2 nres=1 */
    0x00010441,                /* 06A2  move L1 <- L4 */
    0x004C0545,                /* 06A3  lsym L5 <- sym#76   ("EOF") */
    0x0004008F, 0x00010005,    /* 06A4  eq L4 <- L1 == L5 */
    0x0005044C,                /* 06A6  jt L4, +5 */
    0x00270542,                /* 06A7  gget L5 <- g39   (is_wy_xid_start) */
    0x00060141,                /* 06A8  move L6 <- L1 */
    0x000501A0, 0x00010000,    /* 06A9  call base=L5 argc=1 nres=1 */
    0x0004054A,                /* 06AB  not L4 <- L5 */
    0x0002044B,                /* 06AC  jf L4, +2 */
    0x00040003,                /* 06AD  lnil L4 */
    0x00040102,                /* 06AE  return L4 count=1 */
    0x00040140,                /* 06AF  i8 L4 <- 1 */
    0x00000085, 0x00000004,    /* 06B0  add L0 <- L0 + L4 */
    0x00030442,                /* 06B2  gget L4 <- g3   (_get_char) */
    0x0005009A, 0x8000004D,    /* 06B3  getattr L5 <- P0.sym#77   ("buffer") */
    0x00060041,                /* 06B5  move L6 <- L0 */
    0x000402A0, 0x00010000,    /* 06B6  call base=L4 argc=2 nres=1 */
    0x00010441,                /* 06B8  move L1 <- L4 */
    0x004C0545,                /* 06B9  lsym L5 <- sym#76   ("EOF") */
    0x00040090, 0x00010005,    /* 06BA  ne L4 <- L1 != L5 */
    0x0005044B,                /* 06BC  jf L4, +5 */
    0x00280542,                /* 06BD  gget L5 <- g40   (is_wy_xid_continue) */
    0x00060141,                /* 06BE  move L6 <- L1 */
    0x000501A0, 0x00010000,    /* 06BF  call base=L5 argc=1 nres=1 */
    0x00040541,                /* 06C1  move L4 <- L5 */
    0x000B044B,                /* 06C2  jf L4, +11 */
    0x00040140,                /* 06C3  i8 L4 <- 1 */
    0x00000085, 0x00000004,    /* 06C4  add L0 <- L0 + L4 */
    0x00030442,                /* 06C6  gget L4 <- g3   (_get_char) */
    0x0005009A, 0x8000004D,    /* 06C7  getattr L5 <- P0.sym#77   ("buffer") */
    0x00060041,                /* 06C9  move L6 <- L0 */
    0x000402A0, 0x00010000,    /* 06CA  call base=L4 argc=2 nres=1 */
    0x00010441,                /* 06CC  move L1 <- L4 */
    0xFFEB004F,                /* 06CD  jmp -21 */
    0x0004009A, 0x8000004D,    /* 06CE  getattr L4 <- P0.sym#77   ("buffer") */
    0x0005009A, 0x8000004E,    /* 06D0  getattr L5 <- P0.sym#78   ("cur_pos") */
    0x0006009A, 0x8000004E,    /* 06D2  getattr L6 <- P0.sym#78   ("cur_pos") */
    0x00070086, 0x00000006,    /* 06D4  sub L7 <- L0 - L6 */
    0x00060741,                /* 06D6  move L6 <- L7 */
    0x000402A2, 0x00000001,    /* 06D7  msg base=L4 argc=2 msg#0 nres=1   (substr) */
    0x00020441,                /* 06D9  move L2 <- L4 */
    0x00010442,                /* 06DA  gget L4 <- g1   (_lookup_keyword) */
    0x00050241,                /* 06DB  move L5 <- L2 */
    0x000401A0, 0x00010000,    /* 06DC  call base=L4 argc=1 nres=1 */
    0x00030441,                /* 06DE  move L3 <- L4 */
    0x00040003,                /* 06DF  lnil L4 */
    0x00050090, 0x00030004,    /* 06E0  ne L5 <- L3 != L4 */
    0x0006054B,                /* 06E2  jf L5, +6 */
    0x00048041,                /* 06E3  move L4 <- P0 */
    0x00050341,                /* 06E4  move L5 <- L3 */
    0x00060041,                /* 06E5  move L6 <- L0 */
    0x000402A2, 0x00020001,    /* 06E6  msg base=L4 argc=2 msg#2 nres=1   (_advance_with_token) */
    0x00040102,                /* 06E8  return L4 count=1 */
    0x00048041,                /* 06E9  move L4 <- P0 */
    0x005D0545,                /* 06EA  lsym L5 <- sym#93   ("TOK_XID") */
    0x00060041,                /* 06EB  move L6 <- L0 */
    0x000402A2, 0x00020001,    /* 06EC  msg base=L4 argc=2 msg#2 nres=1   (_advance_with_token) */
    0x00040102,                /* 06EE  return L4 count=1 */
    0x00008041,                /* 06EF  move L0 <- P0 */
    0x005E0145,                /* 06F0  lsym L1 <- sym#94   ("TOK_COMMENT") */
    0x00070242,                /* 06F1  gget L2 <- g7   (_scan_to_eol_raw) */
    0x0003009A, 0x8000004D,    /* 06F2  getattr L3 <- P0.sym#77   ("buffer") */
    0x0004009A, 0x8000004E,    /* 06F4  getattr L4 <- P0.sym#78   ("cur_pos") */
    0x000202A0, 0x00010000,    /* 06F6  call base=L2 argc=2 nres=1 */
    0x000002A2, 0x00020001,    /* 06F8  msg base=L0 argc=2 msg#2 nres=1   (_advance_with_token) */
    0x00000102,                /* 06FA  return L0 count=1 */
    0x00008141,                /* 06FB  move L0 <- P1 */
    0x000F0442,                /* 06FC  gget L4 <- g15   (_check_match) */
    0x0005009A, 0x8000004D,    /* 06FD  getattr L5 <- P0.sym#77   ("buffer") */
    0x00060041,                /* 06FF  move L6 <- L0 */
    0x00070104,                /* 0700  lbool L7 <- 1 */
    0x00088341,                /* 0701  move L8 <- P3 */
    0x000404A0, 0x00010000,    /* 0702  call base=L4 argc=4 nres=1 */
    0x00010441,                /* 0704  move L1 <- L4 */
    0x003C0546,                /* 0705  lconst L5 <- static#60   ("error") */
    0x00060097, 0x00010005,    /* 0706  is L6 <- L1 is L5 */
    0x0004064A,                /* 0708  not L4 <- L6 */
    0x0001044B,                /* 0709  jf L4, +1 */
    0x0004014A,                /* 070A  not L4 <- L1 */
    0x003B044B,                /* 070B  jf L4, +59 */
    0x00020003,                /* 070C  lnil L2 */
    0x00030442,                /* 070D  gget L4 <- g3   (_get_char) */
    0x0005009A, 0x8000004D,    /* 070E  getattr L5 <- P0.sym#77   ("buffer") */
    0x00060041,                /* 0710  move L6 <- L0 */
    0x000402A0, 0x00010000,    /* 0711  call base=L4 argc=2 nres=1 */
    0x00030441,                /* 0713  move L3 <- L4 */
    0x00048241,                /* 0714  move L4 <- P2 */
    0x0005044B,                /* 0715  jf L4, +5 */
    0x00040542,                /* 0716  gget L5 <- g4   (_is_newline) */
    0x00060341,                /* 0717  move L6 <- L3 */
    0x000501A0, 0x00010000,    /* 0718  call base=L5 argc=1 nres=1 */
    0x00040541,                /* 071A  move L4 <- L5 */
    0x0009044B,                /* 071B  jf L4, +9 */
    0x00048041,                /* 071C  move L4 <- P0 */
    0x00240542,                /* 071D  gget L5 <- g36   (error) */
    0x003D0646,                /* 071E  lconst L6 <- static#61   ("unexpected end-of-line within string") */
    0x000501A0, 0x00010000,    /* 071F  call base=L5 argc=1 nres=1 */
    0x00060041,                /* 0721  move L6 <- L0 */
    0x000402A2, 0x00020001,    /* 0722  msg base=L4 argc=2 msg#2 nres=1   (_advance_with_token) */
    0x00040102,                /* 0724  return L4 count=1 */
    0x00045C40,                /* 0725  i8 L4 <- 92 */
    0x0005008F, 0x00030004,    /* 0726  eq L5 <- L3 == L4 */
    0x0011054B,                /* 0728  jf L5, +17 */
    0x00050442,                /* 0729  gget L4 <- g5   (_scan_escape_nl_break) */
    0x0005009A, 0x8000004D,    /* 072A  getattr L5 <- P0.sym#77   ("buffer") */
    0x00060041,                /* 072C  move L6 <- L0 */
    0x000402A0, 0x00010000,    /* 072D  call base=L4 argc=2 nres=1 */
    0x00020441,                /* 072F  move L2 <- L4 */
    0x00040003,                /* 0730  lnil L4 */
    0x00050090, 0x00020004,    /* 0731  ne L5 <- L2 != L4 */
    0x0002054B,                /* 0733  jf L5, +2 */
    0x00000241,                /* 0734  move L0 <- L2 */
    0x0003004F,                /* 0735  jmp +3 */
    0x00040240,                /* 0736  i8 L4 <- 2 */
    0x00000085, 0x00000004,    /* 0737  add L0 <- L0 + L4 */
    0x0003004F,                /* 0739  jmp +3 */
    0x00040140,                /* 073A  i8 L4 <- 1 */
    0x00000085, 0x00000004,    /* 073B  add L0 <- L0 + L4 */
    0x000F0442,                /* 073D  gget L4 <- g15   (_check_match) */
    0x0005009A, 0x8000004D,    /* 073E  getattr L5 <- P0.sym#77   ("buffer") */
    0x00060041,                /* 0740  move L6 <- L0 */
    0x00070104,                /* 0741  lbool L7 <- 1 */
    0x00088341,                /* 0742  move L8 <- P3 */
    0x000404A0, 0x00010000,    /* 0743  call base=L4 argc=4 nres=1 */
    0x00010441,                /* 0745  move L1 <- L4 */
    0xFFBE004F,                /* 0746  jmp -66 */
    0x003C0446,                /* 0747  lconst L4 <- static#60   ("error") */
    0x00050097, 0x00010004,    /* 0748  is L5 <- L1 is L4 */
    0x0006054B,                /* 074A  jf L5, +6 */
    0x00048041,                /* 074B  move L4 <- P0 */
    0x00050141,                /* 074C  move L5 <- L1 */
    0x00060041,                /* 074D  move L6 <- L0 */
    0x000402A2, 0x00020001,    /* 074E  msg base=L4 argc=2 msg#2 nres=1   (_advance_with_token) */
    0x00040102,                /* 0750  return L4 count=1 */
    0x00048041,                /* 0751  move L4 <- P0 */
    0x00570545,                /* 0752  lsym L5 <- sym#87   ("TOK_STR") */
    0x00068141,                /* 0753  move L6 <- P1 */
    0x00070041,                /* 0754  move L7 <- L0 */
    0x00230842,                /* 0755  gget L8 <- g35   (len) */
    0x00098341,                /* 0756  move L9 <- P3 */
    0x000801A0, 0x00010000,    /* 0757  call base=L8 argc=1 nres=1 */
    0x00090085, 0x00000008,    /* 0759  add L9 <- L0 + L8 */
    0x00080941,                /* 075B  move L8 <- L9 */
    0x000404A2, 0x00030001,    /* 075C  msg base=L4 argc=4 msg#3 nres=1   (_advance_with_token_span) */
    0x00040102,                /* 075E  return L4 count=1 */
    0x00030B42,                /* 075F  gget L11 <- g3   (_get_char) */
    0x000C009A, 0x8000004D,    /* 0760  getattr L12 <- P0.sym#77   ("buffer") */
    0x000D009A, 0x8000004E,    /* 0762  getattr L13 <- P0.sym#78   ("cur_pos") */
    0x000B02A0, 0x00010000,    /* 0764  call base=L11 argc=2 nres=1 */
    0x00000B41,                /* 0766  move L0 <- L11 */
    0x00030B42,                /* 0767  gget L11 <- g3   (_get_char) */
    0x000C009A, 0x8000004D,    /* 0768  getattr L12 <- P0.sym#77   ("buffer") */
    0x000D009A, 0x8000004E,    /* 076A  getattr L13 <- P0.sym#78   ("cur_pos") */
    0x000E0140,                /* 076C  i8 L14 <- 1 */
    0x000F0085, 0x000D000E,    /* 076D  add L15 <- L13 + L14 */
    0x000D0F41,                /* 076F  move L13 <- L15 */
    0x000B02A0, 0x00010000,    /* 0770  call base=L11 argc=2 nres=1 */
    0x00010B41,                /* 0772  move L1 <- L11 */
    0x000C3040,                /* 0773  i8 L12 <- 48 */
    0x000B008F, 0x0000000C,    /* 0774  eq L11 <- L0 == L12 */
    0x00070B4B,                /* 0776  jf L11, +7 */
    0x000C6240,                /* 0777  i8 L12 <- 98 */
    0x000B008F, 0x0001000C,    /* 0778  eq L11 <- L1 == L12 */
    0x00030B4C,                /* 077A  jt L11, +3 */
    0x000C4240,                /* 077B  i8 L12 <- 66 */
    0x000B008F, 0x0001000C,    /* 077C  eq L11 <- L1 == L12 */
    0x00160B4B,                /* 077E  jf L11, +22 */
    0x000B0B42,                /* 077F  gget L11 <- g11   (_scan_bindigits) */
    0x000C009A, 0x8000004D,    /* 0780  getattr L12 <- P0.sym#77   ("buffer") */
    0x000D009A, 0x8000004E,    /* 0782  getattr L13 <- P0.sym#78   ("cur_pos") */
    0x000E0240,                /* 0784  i8 L14 <- 2 */
    0x000F0085, 0x000D000E,    /* 0785  add L15 <- L13 + L14 */
    0x000D0F41,                /* 0787  move L13 <- L15 */
    0x000B02A0, 0x00010000,    /* 0788  call base=L11 argc=2 nres=1 */
    0x00050B41,                /* 078A  move L5 <- L11 */
    0x000B0003,                /* 078B  lnil L11 */
    0x000C0090, 0x0005000B,    /* 078C  ne L12 <- L5 != L11 */
    0x00060C4B,                /* 078E  jf L12, +6 */
    0x000B8041,                /* 078F  move L11 <- P0 */
    0x005F0C45,                /* 0790  lsym L12 <- sym#95   ("TOK_LITERAL_INT") */
    0x000D0541,                /* 0791  move L13 <- L5 */
    0x000B02A2, 0x00020001,    /* 0792  msg base=L11 argc=2 msg#2 nres=1   (_advance_with_token) */
    0x000B0102,                /* 0794  return L11 count=1 */
    0x000C3040,                /* 0795  i8 L12 <- 48 */
    0x000B008F, 0x0000000C,    /* 0796  eq L11 <- L0 == L12 */
    0x00070B4B,                /* 0798  jf L11, +7 */
    0x000C7840,                /* 0799  i8 L12 <- 120 */
    0x000B008F, 0x0001000C,    /* 079A  eq L11 <- L1 == L12 */
    0x00030B4C,                /* 079C  jt L11, +3 */
    0x000C5840,                /* 079D  i8 L12 <- 88 */
    0x000B008F, 0x0001000C,    /* 079E  eq L11 <- L1 == L12 */
    0x00160B4B,                /* 07A0  jf L11, +22 */
    0x000A0B42,                /* 07A1  gget L11 <- g10   (_scan_hexdigits) */
    0x000C009A, 0x8000004D,    /* 07A2  getattr L12 <- P0.sym#77   ("buffer") */
    0x000D009A, 0x8000004E,    /* 07A4  getattr L13 <- P0.sym#78   ("cur_pos") */
    0x000E0240,                /* 07A6  i8 L14 <- 2 */
    0x000F0085, 0x000D000E,    /* 07A7  add L15 <- L13 + L14 */
    0x000D0F41,                /* 07A9  move L13 <- L15 */
    0x000B02A0, 0x00010000,    /* 07AA  call base=L11 argc=2 nres=1 */
    0x00060B41,                /* 07AC  move L6 <- L11 */
    0x000B0003,                /* 07AD  lnil L11 */
    0x000C0090, 0x0006000B,    /* 07AE  ne L12 <- L6 != L11 */
    0x00060C4B,                /* 07B0  jf L12, +6 */
    0x000B8041,                /* 07B1  move L11 <- P0 */
    0x005F0C45,                /* 07B2  lsym L12 <- sym#95   ("TOK_LITERAL_INT") */
    0x000D0641,                /* 07B3  move L13 <- L6 */
    0x000B02A2, 0x00020001,    /* 07B4  msg base=L11 argc=2 msg#2 nres=1   (_advance_with_token) */
    0x000B0102,                /* 07B6  return L11 count=1 */
    0x00090B42,                /* 07B7  gget L11 <- g9   (_scan_digits) */
    0x000C009A, 0x8000004D,    /* 07B8  getattr L12 <- P0.sym#77   ("buffer") */
    0x000D009A, 0x8000004E,    /* 07BA  getattr L13 <- P0.sym#78   ("cur_pos") */
    0x000B02A0, 0x00010000,    /* 07BC  call base=L11 argc=2 nres=1 */
    0x00020B41,                /* 07BE  move L2 <- L11 */
    0x000B0003,                /* 07BF  lnil L11 */
    0x000C008F, 0x0002000B,    /* 07C0  eq L12 <- L2 == L11 */
    0x00020C4B,                /* 07C2  jf L12, +2 */
    0x000B0003,                /* 07C3  lnil L11 */
    0x000B0102,                /* 07C4  return L11 count=1 */
    0x00030003,                /* 07C5  lnil L3 */
    0x00030B42,                /* 07C6  gget L11 <- g3   (_get_char) */
    0x000C009A, 0x8000004D,    /* 07C7  getattr L12 <- P0.sym#77   ("buffer") */
    0x000D0241,                /* 07C9  move L13 <- L2 */
    0x000B02A0, 0x00010000,    /* 07CA  call base=L11 argc=2 nres=1 */
    0x00040B41,                /* 07CC  move L4 <- L11 */
    0x000B2E40,                /* 07CD  i8 L11 <- 46 */
    0x000C008F, 0x0004000B,    /* 07CE  eq L12 <- L4 == L11 */
    0x00190C4B,                /* 07D0  jf L12, +25 */
    0x000B0140,                /* 07D1  i8 L11 <- 1 */
    0x00070085, 0x0002000B,    /* 07D2  add L7 <- L2 + L11 */
    0x00090B42,                /* 07D4  gget L11 <- g9   (_scan_digits) */
    0x000C009A, 0x8000004D,    /* 07D5  getattr L12 <- P0.sym#77   ("buffer") */
    0x000D0741,                /* 07D7  move L13 <- L7 */
    0x000B02A0, 0x00010000,    /* 07D8  call base=L11 argc=2 nres=1 */
    0x00080B41,                /* 07DA  move L8 <- L11 */
    0x000B0003,                /* 07DB  lnil L11 */
    0x000C0090, 0x0008000B,    /* 07DC  ne L12 <- L8 != L11 */
    0x00020C4B,                /* 07DE  jf L12, +2 */
    0x00030841,                /* 07DF  move L3 <- L8 */
    0x0001004F,                /* 07E0  jmp +1 */
    0x00030741,                /* 07E1  move L3 <- L7 */
    0x00020341,                /* 07E2  move L2 <- L3 */
    0x00030B42,                /* 07E3  gget L11 <- g3   (_get_char) */
    0x000C009A, 0x8000004D,    /* 07E4  getattr L12 <- P0.sym#77   ("buffer") */
    0x000D0241,                /* 07E6  move L13 <- L2 */
    0x000B02A0, 0x00010000,    /* 07E7  call base=L11 argc=2 nres=1 */
    0x00040B41,                /* 07E9  move L4 <- L11 */
    0x000C6540,                /* 07EA  i8 L12 <- 101 */
    0x000B008F, 0x0004000C,    /* 07EB  eq L11 <- L4 == L12 */
    0x00030B4C,                /* 07ED  jt L11, +3 */
    0x000C4540,                /* 07EE  i8 L12 <- 69 */
    0x000B008F, 0x0004000C,    /* 07EF  eq L11 <- L4 == L12 */
    0x000D0B4B,                /* 07F1  jf L11, +13 */
    0x000C0B42,                /* 07F2  gget L11 <- g12   (_scan_exponent) */
    0x000C009A, 0x8000004D,    /* 07F3  getattr L12 <- P0.sym#77   ("buffer") */
    0x000D0241,                /* 07F5  move L13 <- L2 */
    0x000B02A0, 0x00010000,    /* 07F6  call base=L11 argc=2 nres=1 */
    0x00090B41,                /* 07F8  move L9 <- L11 */
    0x000B0003,                /* 07F9  lnil L11 */
    0x000C0090, 0x0009000B,    /* 07FA  ne L12 <- L9 != L11 */
    0x00020C4B,                /* 07FC  jf L12, +2 */
    0x00030941,                /* 07FD  move L3 <- L9 */
    0x00020941,                /* 07FE  move L2 <- L9 */
    0x000B0003,                /* 07FF  lnil L11 */
    0x000C008F, 0x0003000B,    /* 0800  eq L12 <- L3 == L11 */
    0x00070C4B,                /* 0802  jf L12, +7 */
    0x000B8041,                /* 0803  move L11 <- P0 */
    0x005F0C45,                /* 0804  lsym L12 <- sym#95   ("TOK_LITERAL_INT") */
    0x000D0241,                /* 0805  move L13 <- L2 */
    0x000B02A2, 0x00020001,    /* 0806  msg base=L11 argc=2 msg#2 nres=1   (_advance_with_token) */
    0x000B0102,                /* 0808  return L11 count=1 */
    0x0006004F,                /* 0809  jmp +6 */
    0x000B8041,                /* 080A  move L11 <- P0 */
    0x00600C45,                /* 080B  lsym L12 <- sym#96   ("TOK_LITERAL_FLOAT") */
    0x000D0241,                /* 080C  move L13 <- L2 */
    0x000B02A2, 0x00020001,    /* 080D  msg base=L11 argc=2 msg#2 nres=1   (_advance_with_token) */
    0x000B0102,                /* 080F  return L11 count=1 */
    0x000A0102,                /* 0810  return L10 count=1 */
    0x00230042,                /* 0811  gget L0 <- g35   (len) */
    0x00018041,                /* 0812  move L1 <- P0 */
    0x000001A0, 0x00010000,    /* 0813  call base=L0 argc=1 nres=1 */
    0x00230142,                /* 0815  gget L1 <- g35   (len) */
    0x00028141,                /* 0816  move L2 <- P1 */
    0x000101A0, 0x00010000,    /* 0817  call base=L1 argc=1 nres=1 */
    0x00020093, 0x00000001,    /* 0819  gt L2 <- L0 > L1 */
    0x0002024B,                /* 081B  jf L2, +2 */
    0x00000004,                /* 081C  lbool L0 <- 0 */
    0x00000102,                /* 081D  return L0 count=1 */
    0x00008141,                /* 081E  move L0 <- P1 */
    0x00010040,                /* 081F  i8 L1 <- 0 */
    0x00230242,                /* 0820  gget L2 <- g35   (len) */
    0x00038041,                /* 0821  move L3 <- P0 */
    0x000201A0, 0x00010000,    /* 0822  call base=L2 argc=1 nres=1 */
    0x000002A2, 0x00000001,    /* 0824  msg base=L0 argc=2 msg#0 nres=1   (substr) */
    0x0001008F, 0x00008000,    /* 0826  eq L1 <- L0 == P0 */
    0x00010102,                /* 0828  return L1 count=1 */
    0x00018141,                /* 0829  move L1 <- P1 */
    0x8000009B, 0x004D0001,    /* 082A  setattr P0.sym#77 <- L1   ("buffer") */
    0x00010082, 0x00020000,    /* 082C  list L1 <- L2, 0 items */
    0x8000009B, 0x00610001,    /* 082E  setattr P0.sym#97 <- L1   ("tokens") */
    0x00010040,                /* 0830  i8 L1 <- 0 */
    0x8000009B, 0x00620001,    /* 0831  setattr P0.sym#98 <- L1   ("group_depth") */
    0x00010104,                /* 0833  lbool L1 <- 1 */
    0x8000009B, 0x00630001,    /* 0834  setattr P0.sym#99 <- L1   ("at_line_start") */
    0x003E0146,                /* 0836  lconst L1 <- static#62   ("") */
    0x8000009B, 0x00640001,    /* 0837  setattr P0.sym#100 <- L1   ("line_ws") */
    0x00000003,                /* 0839  lnil L0 */
    0x003E0246,                /* 083A  lconst L2 <- static#62   ("") */
    0x00010184, 0x00020000,    /* 083B  plist L1 <- L2, 1 items */
    0x8000009B, 0x00650001,    /* 083D  setattr P0.sym#101 <- L1   ("indents") */
    0x00000102,                /* 083F  return L0 count=1 */
    0x0001009A, 0x80000061,    /* 0840  getattr L1 <- P0.sym#97   ("tokens") */
    0x00020242,                /* 0842  gget L2 <- g2   (Token) */
    0x00038141,                /* 0843  move L3 <- P1 */
    0x00048241,                /* 0844  move L4 <- P2 */
    0x00058241,                /* 0845  move L5 <- P2 */
    0x000203A0, 0x00010000,    /* 0846  call base=L2 argc=3 nres=1 */
    0x000101A2, 0x00070001,    /* 0848  msg base=L1 argc=1 msg#7 nres=1   (append) */
    0x00000141,                /* 084A  move L0 <- L1 */
    0x00000102,                /* 084B  return L0 count=1 */
    0x00290242,                /* 084C  gget L2 <- g41   (car) */
    0x0003009A, 0x80000065,    /* 084D  getattr L3 <- P0.sym#101   ("indents") */
    0x000201A0, 0x00010000,    /* 084F  call base=L2 argc=1 nres=1 */
    0x00000241,                /* 0851  move L0 <- L2 */
    0x00230242,                /* 0852  gget L2 <- g35   (len) */
    0x0003009A, 0x80000064,    /* 0853  getattr L3 <- P0.sym#100   ("line_ws") */
    0x000201A0, 0x00010000,    /* 0855  call base=L2 argc=1 nres=1 */
    0x00230342,                /* 0857  gget L3 <- g35   (len) */
    0x00040041,                /* 0858  move L4 <- L0 */
    0x000301A0, 0x00010000,    /* 0859  call base=L3 argc=1 nres=1 */
    0x00040093, 0x00020003,    /* 085B  gt L4 <- L2 > L3 */
    0x0023044B,                /* 085D  jf L4, +35 */
    0x00140242,                /* 085E  gget L2 <- g20   (_is_prefix) */
    0x00030041,                /* 085F  move L3 <- L0 */
    0x0004009A, 0x80000064,    /* 0860  getattr L4 <- P0.sym#100   ("line_ws") */
    0x000202A0, 0x00010000,    /* 0862  call base=L2 argc=2 nres=1 */
    0x0003024A,                /* 0864  not L3 <- L2 */
    0x000A034B,                /* 0865  jf L3, +10 */
    0x00028041,                /* 0866  move L2 <- P0 */
    0x00240342,                /* 0867  gget L3 <- g36   (error) */
    0x003F0446,                /* 0868  lconst L4 <- static#63   ("inconsistent indent") */
    0x000301A0, 0x00010000,    /* 0869  call base=L3 argc=1 nres=1 */
    0x00048141,                /* 086B  move L4 <- P1 */
    0x000202A2, 0x00080001,    /* 086C  msg base=L2 argc=2 msg#8 nres=1   (_emit) */
    0x00020003,                /* 086E  lnil L2 */
    0x00020102,                /* 086F  return L2 count=1 */
    0x002A0342,                /* 0870  gget L3 <- g42   (pair) */
    0x0004009A, 0x80000064,    /* 0871  getattr L4 <- P0.sym#100   ("line_ws") */
    0x0005009A, 0x80000065,    /* 0873  getattr L5 <- P0.sym#101   ("indents") */
    0x000302A0, 0x00010000,    /* 0875  call base=L3 argc=2 nres=1 */
    0x00020341,                /* 0877  move L2 <- L3 */
    0x8000009B, 0x00650002,    /* 0878  setattr P0.sym#101 <- L2   ("indents") */
    0x00028041,                /* 087A  move L2 <- P0 */
    0x00680345,                /* 087B  lsym L3 <- sym#104   ("TOK_INDENT") */
    0x00048141,                /* 087C  move L4 <- P1 */
    0x000202A2, 0x00080001,    /* 087D  msg base=L2 argc=2 msg#8 nres=1   (_emit) */
    0x00020003,                /* 087F  lnil L2 */
    0x00020102,                /* 0880  return L2 count=1 */
    0x00230242,                /* 0881  gget L2 <- g35   (len) */
    0x00290342,                /* 0882  gget L3 <- g41   (car) */
    0x0004009A, 0x80000065,    /* 0883  getattr L4 <- P0.sym#101   ("indents") */
    0x000301A0, 0x00010000,    /* 0885  call base=L3 argc=1 nres=1 */
    0x000201A0, 0x00010000,    /* 0887  call base=L2 argc=1 nres=1 */
    0x00230342,                /* 0889  gget L3 <- g35   (len) */
    0x0004009A, 0x80000064,    /* 088A  getattr L4 <- P0.sym#100   ("line_ws") */
    0x000301A0, 0x00010000,    /* 088C  call base=L3 argc=1 nres=1 */
    0x00040093, 0x00020003,    /* 088E  gt L4 <- L2 > L3 */
    0x000E044B,                /* 0890  jf L4, +14 */
    0x002B0342,                /* 0891  gget L3 <- g43   (cdr) */
    0x0004009A, 0x80000065,    /* 0892  getattr L4 <- P0.sym#101   ("indents") */
    0x000301A0, 0x00010000,    /* 0894  call base=L3 argc=1 nres=1 */
    0x00020341,                /* 0896  move L2 <- L3 */
    0x8000009B, 0x00650002,    /* 0897  setattr P0.sym#101 <- L2   ("indents") */
    0x00028041,                /* 0899  move L2 <- P0 */
    0x00690345,                /* 089A  lsym L3 <- sym#105   ("TOK_DEDENT") */
    0x00048141,                /* 089B  move L4 <- P1 */
    0x000202A2, 0x00080001,    /* 089C  msg base=L2 argc=2 msg#8 nres=1   (_emit) */
    0xFFE2004F,                /* 089E  jmp -30 */
    0x00010003,                /* 089F  lnil L1 */
    0x00290242,                /* 08A0  gget L2 <- g41   (car) */
    0x0003009A, 0x80000065,    /* 08A1  getattr L3 <- P0.sym#101   ("indents") */
    0x000201A0, 0x00010000,    /* 08A3  call base=L2 argc=1 nres=1 */
    0x0003009A, 0x80000064,    /* 08A5  getattr L3 <- P0.sym#100   ("line_ws") */
    0x00040090, 0x00020003,    /* 08A7  ne L4 <- L2 != L3 */
    0x0009044B,                /* 08A9  jf L4, +9 */
    0x00028041,                /* 08AA  move L2 <- P0 */
    0x00240342,                /* 08AB  gget L3 <- g36   (error) */
    0x00400446,                /* 08AC  lconst L4 <- static#64   ("unindent does not match an enclosing level") */
    0x000301A0, 0x00010000,    /* 08AD  call base=L3 argc=1 nres=1 */
    0x00048141,                /* 08AF  move L4 <- P1 */
    0x000202A2, 0x00080001,    /* 08B0  msg base=L2 argc=2 msg#8 nres=1   (_emit) */
    0x00010241,                /* 08B2  move L1 <- L2 */
    0x00010102,                /* 08B3  return L1 count=1 */
    0x0001009A, 0x80010047,    /* 08B4  getattr L1 <- P1.sym#71   ("kind") */
    0x00550245,                /* 08B6  lsym L2 <- sym#85   ("TOK_WS") */
    0x0003008F, 0x00010002,    /* 08B7  eq L3 <- L1 == L2 */
    0x000D034B,                /* 08B9  jf L3, +13 */
    0x0001009A, 0x80000063,    /* 08BA  getattr L1 <- P0.sym#99   ("at_line_start") */
    0x0008014B,                /* 08BC  jf L1, +8 */
    0x00028141,                /* 08BD  move L2 <- P1 */
    0x0003009A, 0x8000004D,    /* 08BE  getattr L3 <- P0.sym#77   ("buffer") */
    0x000201A2, 0x00090001,    /* 08C0  msg base=L2 argc=1 msg#9 nres=1   (get_text) */
    0x00010241,                /* 08C2  move L1 <- L2 */
    0x8000009B, 0x00640001,    /* 08C3  setattr P0.sym#100 <- L1   ("line_ws") */
    0x00010003,                /* 08C5  lnil L1 */
    0x00010102,                /* 08C6  return L1 count=1 */
    0x0001009A, 0x80010047,    /* 08C7  getattr L1 <- P1.sym#71   ("kind") */
    0x005E0245,                /* 08C9  lsym L2 <- sym#94   ("TOK_COMMENT") */
    0x0003008F, 0x00010002,    /* 08CA  eq L3 <- L1 == L2 */
    0x0002034B,                /* 08CC  jf L3, +2 */
    0x00010003,                /* 08CD  lnil L1 */
    0x00010102,                /* 08CE  return L1 count=1 */
    0x0001009A, 0x80010047,    /* 08CF  getattr L1 <- P1.sym#71   ("kind") */
    0x00540245,                /* 08D1  lsym L2 <- sym#84   ("TOK_NEWLINE") */
    0x0003008F, 0x00010002,    /* 08D2  eq L3 <- L1 == L2 */
    0x0019034B,                /* 08D4  jf L3, +25 */
    0x0001009A, 0x80000062,    /* 08D5  getattr L1 <- P0.sym#98   ("group_depth") */
    0x00020040,                /* 08D7  i8 L2 <- 0 */
    0x00030093, 0x00010002,    /* 08D8  gt L3 <- L1 > L2 */
    0x0002034B,                /* 08DA  jf L3, +2 */
    0x00010003,                /* 08DB  lnil L1 */
    0x00010102,                /* 08DC  return L1 count=1 */
    0x0001009A, 0x80000063,    /* 08DD  getattr L1 <- P0.sym#99   ("at_line_start") */
    0x0002014A,                /* 08DF  not L2 <- L1 */
    0x0005024B,                /* 08E0  jf L2, +5 */
    0x0001009A, 0x80000061,    /* 08E1  getattr L1 <- P0.sym#97   ("tokens") */
    0x00028141,                /* 08E3  move L2 <- P1 */
    0x000101A2, 0x00070001,    /* 08E4  msg base=L1 argc=1 msg#7 nres=1   (append) */
    0x00010104,                /* 08E6  lbool L1 <- 1 */
    0x8000009B, 0x00630001,    /* 08E7  setattr P0.sym#99 <- L1   ("at_line_start") */
    0x003E0146,                /* 08E9  lconst L1 <- static#62   ("") */
    0x8000009B, 0x00640001,    /* 08EA  setattr P0.sym#100 <- L1   ("line_ws") */
    0x00010003,                /* 08EC  lnil L1 */
    0x00010102,                /* 08ED  return L1 count=1 */
    0x0001009A, 0x80000063,    /* 08EE  getattr L1 <- P0.sym#99   ("at_line_start") */
    0x000E014B,                /* 08F0  jf L1, +14 */
    0x00010004,                /* 08F1  lbool L1 <- 0 */
    0x8000009B, 0x00630001,    /* 08F2  setattr P0.sym#99 <- L1   ("at_line_start") */
    0x0001009A, 0x80000062,    /* 08F4  getattr L1 <- P0.sym#98   ("group_depth") */
    0x00020040,                /* 08F6  i8 L2 <- 0 */
    0x0003008F, 0x00010002,    /* 08F7  eq L3 <- L1 == L2 */
    0x0005034B,                /* 08F9  jf L3, +5 */
    0x00018041,                /* 08FA  move L1 <- P0 */
    0x0002009A, 0x80010048,    /* 08FB  getattr L2 <- P1.sym#72   ("start") */
    0x000101A2, 0x000A0001,    /* 08FD  msg base=L1 argc=1 msg#10 nres=1   (_apply_indent) */
    0x0001009A, 0x80010047,    /* 08FF  getattr L1 <- P1.sym#71   ("kind") */
    0x001B0242,                /* 0901  gget L2 <- g27   (_GROUP_START) */
    0x00030096, 0x00010002,    /* 0902  in L3 <- L1 in L2 */
    0x0008034B,                /* 0904  jf L3, +8 */
    0x0002009A, 0x80000062,    /* 0905  getattr L2 <- P0.sym#98   ("group_depth") */
    0x00030140,                /* 0907  i8 L3 <- 1 */
    0x00010085, 0x00020003,    /* 0908  add L1 <- L2 + L3 */
    0x8000009B, 0x00620001,    /* 090A  setattr P0.sym#98 <- L1   ("group_depth") */
    0x0013004F,                /* 090C  jmp +19 */
    0x0001009A, 0x80010047,    /* 090D  getattr L1 <- P1.sym#71   ("kind") */
    0x001C0242,                /* 090F  gget L2 <- g28   (_GROUP_END) */
    0x00030096, 0x00010002,    /* 0910  in L3 <- L1 in L2 */
    0x000D034B,                /* 0912  jf L3, +13 */
    0x0001009A, 0x80000062,    /* 0913  getattr L1 <- P0.sym#98   ("group_depth") */
    0x00020040,                /* 0915  i8 L2 <- 0 */
    0x00030093, 0x00010002,    /* 0916  gt L3 <- L1 > L2 */
    0x0007034B,                /* 0918  jf L3, +7 */
    0x0002009A, 0x80000062,    /* 0919  getattr L2 <- P0.sym#98   ("group_depth") */
    0x00030140,                /* 091B  i8 L3 <- 1 */
    0x00010086, 0x00020003,    /* 091C  sub L1 <- L2 - L3 */
    0x8000009B, 0x00620001,    /* 091E  setattr P0.sym#98 <- L1   ("group_depth") */
    0x0001009A, 0x80000061,    /* 0920  getattr L1 <- P0.sym#97   ("tokens") */
    0x00028141,                /* 0922  move L2 <- P1 */
    0x000101A2, 0x00070001,    /* 0923  msg base=L1 argc=1 msg#7 nres=1   (append) */
    0x00000141,                /* 0925  move L0 <- L1 */
    0x00000102,                /* 0926  return L0 count=1 */
    0x0001009A, 0x80000063,    /* 0927  getattr L1 <- P0.sym#99   ("at_line_start") */
    0x0002014A,                /* 0929  not L2 <- L1 */
    0x000F024B,                /* 092A  jf L2, +15 */
    0x0001009A, 0x80000061,    /* 092B  getattr L1 <- P0.sym#97   ("tokens") */
    0x00020242,                /* 092D  gget L2 <- g2   (Token) */
    0x00540345,                /* 092E  lsym L3 <- sym#84   ("TOK_NEWLINE") */
    0x0004009A, 0x80010048,    /* 092F  getattr L4 <- P1.sym#72   ("start") */
    0x0005009A, 0x80010048,    /* 0931  getattr L5 <- P1.sym#72   ("start") */
    0x000203A0, 0x00010000,    /* 0933  call base=L2 argc=3 nres=1 */
    0x000101A2, 0x00070001,    /* 0935  msg base=L1 argc=1 msg#7 nres=1   (append) */
    0x00010104,                /* 0937  lbool L1 <- 1 */
    0x8000009B, 0x00630001,    /* 0938  setattr P0.sym#99 <- L1   ("at_line_start") */
    0x003E0146,                /* 093A  lconst L1 <- static#62   ("") */
    0x8000009B, 0x00640001,    /* 093B  setattr P0.sym#100 <- L1   ("line_ws") */
    0x00018041,                /* 093D  move L1 <- P0 */
    0x0002009A, 0x80010048,    /* 093E  getattr L2 <- P1.sym#72   ("start") */
    0x000101A2, 0x000A0001,    /* 0940  msg base=L1 argc=1 msg#10 nres=1   (_apply_indent) */
    0x0001009A, 0x80000061,    /* 0942  getattr L1 <- P0.sym#97   ("tokens") */
    0x00028141,                /* 0944  move L2 <- P1 */
    0x000101A2, 0x00070001,    /* 0945  msg base=L1 argc=1 msg#7 nres=1   (append) */
    0x00000141,                /* 0947  move L0 <- L1 */
    0x00000102,                /* 0948  return L0 count=1 */
    0x00130242,                /* 0949  gget L2 <- g19   (Scanner) */
    0x0003009A, 0x8000004D,    /* 094A  getattr L3 <- P0.sym#77   ("buffer") */
    0x000201A0, 0x00010000,    /* 094C  call base=L2 argc=1 nres=1 */
    0x00000241,                /* 094E  move L0 <- L2 */
    0x00020041,                /* 094F  move L2 <- L0 */
    0x000200A2, 0x000B0001,    /* 0950  msg base=L2 argc=0 msg#11 nres=1   (scan) */
    0x00010241,                /* 0952  move L1 <- L2 */
    0x003C0246,                /* 0953  lconst L2 <- static#60   ("error") */
    0x00030097, 0x00010002,    /* 0954  is L3 <- L1 is L2 */
    0x0004034A,                /* 0956  not L4 <- L3 */
    0x0024044B,                /* 0957  jf L4, +36 */
    0x0002009A, 0x00010047,    /* 0958  getattr L2 <- L1.sym#71   ("kind") */
    0x003C0346,                /* 095A  lconst L3 <- static#60   ("error") */
    0x00040097, 0x00020003,    /* 095B  is L4 <- L2 is L3 */
    0x0008044B,                /* 095D  jf L4, +8 */
    0x0002009A, 0x80000061,    /* 095E  getattr L2 <- P0.sym#97   ("tokens") */
    0x00030141,                /* 0960  move L3 <- L1 */
    0x000201A2, 0x00070001,    /* 0961  msg base=L2 argc=1 msg#7 nres=1   (append) */
    0x0002009A, 0x80000061,    /* 0963  getattr L2 <- P0.sym#97   ("tokens") */
    0x00020102,                /* 0965  return L2 count=1 */
    0x0002009A, 0x00010047,    /* 0966  getattr L2 <- L1.sym#71   ("kind") */
    0x00520345,                /* 0968  lsym L3 <- sym#82   ("TOK_END") */
    0x0004008F, 0x00020003,    /* 0969  eq L4 <- L2 == L3 */
    0x0007044B,                /* 096B  jf L4, +7 */
    0x00028041,                /* 096C  move L2 <- P0 */
    0x00030141,                /* 096D  move L3 <- L1 */
    0x000201A2, 0x000C0001,    /* 096E  msg base=L2 argc=1 msg#12 nres=1   (_finish) */
    0x0002009A, 0x80000061,    /* 0970  getattr L2 <- P0.sym#97   ("tokens") */
    0x00020102,                /* 0972  return L2 count=1 */
    0x00028041,                /* 0973  move L2 <- P0 */
    0x00030141,                /* 0974  move L3 <- L1 */
    0x000201A2, 0x000D0001,    /* 0975  msg base=L2 argc=1 msg#13 nres=1   (_push) */
    0x00020041,                /* 0977  move L2 <- L0 */
    0x000200A2, 0x000B0001,    /* 0978  msg base=L2 argc=0 msg#11 nres=1   (scan) */
    0x00010241,                /* 097A  move L1 <- L2 */
    0xFFD7004F,                /* 097B  jmp -41 */
    0x0002009A, 0x80000061,    /* 097C  getattr L2 <- P0.sym#97   ("tokens") */
    0x00020102,                /* 097E  return L2 count=1 */
};

const wy_module_image tokenizer_image = {
    .name = "tokenizer",
    .sections = {
        [WY_SEC_HEADER] = { tokenizer_header, sizeof tokenizer_header },
        [WY_SEC_STATICS] = { tokenizer_statics, sizeof tokenizer_statics },
        [WY_SEC_SYMBOLS] = { tokenizer_symbols, sizeof tokenizer_symbols },
        [WY_SEC_FUNCTIONS] = { tokenizer_functions, sizeof tokenizer_functions },
        [WY_SEC_CLASSES] = { tokenizer_classes, sizeof tokenizer_classes },
        [WY_SEC_MESSAGES] = { tokenizer_messages, sizeof tokenizer_messages },
        [WY_SEC_CODE] = { (const uint8_t*) tokenizer_code, sizeof tokenizer_code },
        [WY_SEC_EXPORTS] = { tokenizer_exports, sizeof tokenizer_exports },
        [WY_SEC_FREE] = { tokenizer_free, sizeof tokenizer_free },
    },
};
