/* Generated from image by wypoc's bytecode compiler. */

#include <stdint.h>
#include "wyrm/image.h"

static const uint8_t image_header[] = {
    0x27, 0x00, 0x00, 0x00, 0x02, 0x6E, 0x00, 0x06, 0x00, 0x00, 0x00, 0x69,
    0x6D, 0x61, 0x67, 0x65, 0x00, 0x10, 0x76, 0x00, 0x01, 0x00, 0x00, 0x00,
    0x10, 0x67, 0x00, 0x45, 0x00, 0x00, 0x00, 0x10, 0x6C, 0x00, 0x15, 0x00,
    0x00, 0x00, 0x00,
};

static const uint8_t image_statics[] = {
    0x78, 0x08, 0x00, 0x00, 0x02, 0x30, 0x00, 0x06, 0x00, 0x00, 0x00, 0x62,
    0x6A, 0x73, 0x6F, 0x6E, 0x00, 0x02, 0x31, 0x00, 0x08, 0x00, 0x00, 0x00,
    0x6F, 0x70, 0x63, 0x6F, 0x64, 0x65, 0x73, 0x00, 0x02, 0x32, 0x00, 0x06,
    0x00, 0x00, 0x00, 0x57, 0x59, 0x41, 0x20, 0x31, 0x00, 0x02, 0x33, 0x00,
    0x07, 0x00, 0x00, 0x00, 0x68, 0x65, 0x61, 0x64, 0x65, 0x72, 0x00, 0x02,
    0x34, 0x00, 0x08, 0x00, 0x00, 0x00, 0x73, 0x74, 0x61, 0x74, 0x69, 0x63,
    0x73, 0x00, 0x02, 0x35, 0x00, 0x0E, 0x00, 0x00, 0x00, 0x73, 0x6C, 0x6F,
    0x74, 0x5F, 0x64, 0x65, 0x66, 0x61, 0x75, 0x6C, 0x74, 0x73, 0x00, 0x02,
    0x36, 0x00, 0x08, 0x00, 0x00, 0x00, 0x73, 0x79, 0x6D, 0x62, 0x6F, 0x6C,
    0x73, 0x00, 0x02, 0x37, 0x00, 0x0A, 0x00, 0x00, 0x00, 0x66, 0x75, 0x6E,
    0x63, 0x74, 0x69, 0x6F, 0x6E, 0x73, 0x00, 0x02, 0x38, 0x00, 0x08, 0x00,
    0x00, 0x00, 0x63, 0x6C, 0x61, 0x73, 0x73, 0x65, 0x73, 0x00, 0x02, 0x39,
    0x00, 0x09, 0x00, 0x00, 0x00, 0x6D, 0x65, 0x73, 0x73, 0x61, 0x67, 0x65,
    0x73, 0x00, 0x02, 0x31, 0x30, 0x00, 0x05, 0x00, 0x00, 0x00, 0x63, 0x6F,
    0x64, 0x65, 0x00, 0x02, 0x31, 0x31, 0x00, 0x08, 0x00, 0x00, 0x00, 0x65,
    0x78, 0x70, 0x6F, 0x72, 0x74, 0x73, 0x00, 0x02, 0x31, 0x32, 0x00, 0x05,
    0x00, 0x00, 0x00, 0x66, 0x72, 0x65, 0x65, 0x00, 0x02, 0x31, 0x33, 0x00,
    0x0E, 0x00, 0x00, 0x00, 0x57, 0x59, 0x5F, 0x53, 0x45, 0x43, 0x5F, 0x48,
    0x45, 0x41, 0x44, 0x45, 0x52, 0x00, 0x02, 0x31, 0x34, 0x00, 0x0F, 0x00,
    0x00, 0x00, 0x57, 0x59, 0x5F, 0x53, 0x45, 0x43, 0x5F, 0x53, 0x54, 0x41,
    0x54, 0x49, 0x43, 0x53, 0x00, 0x02, 0x31, 0x35, 0x00, 0x15, 0x00, 0x00,
    0x00, 0x57, 0x59, 0x5F, 0x53, 0x45, 0x43, 0x5F, 0x53, 0x4C, 0x4F, 0x54,
    0x5F, 0x44, 0x45, 0x46, 0x41, 0x55, 0x4C, 0x54, 0x53, 0x00, 0x02, 0x31,
    0x36, 0x00, 0x0F, 0x00, 0x00, 0x00, 0x57, 0x59, 0x5F, 0x53, 0x45, 0x43,
    0x5F, 0x53, 0x59, 0x4D, 0x42, 0x4F, 0x4C, 0x53, 0x00, 0x02, 0x31, 0x37,
    0x00, 0x11, 0x00, 0x00, 0x00, 0x57, 0x59, 0x5F, 0x53, 0x45, 0x43, 0x5F,
    0x46, 0x55, 0x4E, 0x43, 0x54, 0x49, 0x4F, 0x4E, 0x53, 0x00, 0x02, 0x31,
    0x38, 0x00, 0x0F, 0x00, 0x00, 0x00, 0x57, 0x59, 0x5F, 0x53, 0x45, 0x43,
    0x5F, 0x43, 0x4C, 0x41, 0x53, 0x53, 0x45, 0x53, 0x00, 0x02, 0x31, 0x39,
    0x00, 0x10, 0x00, 0x00, 0x00, 0x57, 0x59, 0x5F, 0x53, 0x45, 0x43, 0x5F,
    0x4D, 0x45, 0x53, 0x53, 0x41, 0x47, 0x45, 0x53, 0x00, 0x02, 0x32, 0x30,
    0x00, 0x0C, 0x00, 0x00, 0x00, 0x57, 0x59, 0x5F, 0x53, 0x45, 0x43, 0x5F,
    0x43, 0x4F, 0x44, 0x45, 0x00, 0x02, 0x32, 0x31, 0x00, 0x0F, 0x00, 0x00,
    0x00, 0x57, 0x59, 0x5F, 0x53, 0x45, 0x43, 0x5F, 0x45, 0x58, 0x50, 0x4F,
    0x52, 0x54, 0x53, 0x00, 0x02, 0x32, 0x32, 0x00, 0x0C, 0x00, 0x00, 0x00,
    0x57, 0x59, 0x5F, 0x53, 0x45, 0x43, 0x5F, 0x46, 0x52, 0x45, 0x45, 0x00,
    0x02, 0x32, 0x33, 0x00, 0x05, 0x00, 0x00, 0x00, 0x6E, 0x61, 0x6D, 0x65,
    0x00, 0x02, 0x32, 0x34, 0x00, 0x08, 0x00, 0x00, 0x00, 0x76, 0x65, 0x72,
    0x73, 0x69, 0x6F, 0x6E, 0x00, 0x02, 0x32, 0x35, 0x00, 0x08, 0x00, 0x00,
    0x00, 0x67, 0x6C, 0x6F, 0x62, 0x61, 0x6C, 0x73, 0x00, 0x02, 0x32, 0x36,
    0x00, 0x07, 0x00, 0x00, 0x00, 0x69, 0x6E, 0x69, 0x74, 0x5F, 0x6C, 0x00,
    0x0A, 0x32, 0x37, 0x00, 0x02, 0x32, 0x38, 0x00, 0x08, 0x00, 0x00, 0x00,
    0x64, 0x65, 0x66, 0x61, 0x75, 0x6C, 0x74, 0x00, 0x10, 0x32, 0x39, 0x00,
    0x00, 0x00, 0x00, 0x00, 0x02, 0x33, 0x30, 0x00, 0x04, 0x00, 0x00, 0x00,
    0x6E, 0x69, 0x6C, 0x00, 0x02, 0x33, 0x31, 0x00, 0x07, 0x00, 0x00, 0x00,
    0x70, 0x61, 0x72, 0x61, 0x6D, 0x73, 0x00, 0x02, 0x33, 0x32, 0x00, 0x08,
    0x00, 0x00, 0x00, 0x6E, 0x6C, 0x6F, 0x63, 0x61, 0x6C, 0x73, 0x00, 0x02,
    0x33, 0x33, 0x00, 0x0C, 0x00, 0x00, 0x00, 0x63, 0x6F, 0x64, 0x65, 0x5F,
    0x6F, 0x66, 0x66, 0x73, 0x65, 0x74, 0x00, 0x02, 0x33, 0x34, 0x00, 0x06,
    0x00, 0x00, 0x00, 0x66, 0x6C, 0x61, 0x67, 0x73, 0x00, 0x02, 0x33, 0x35,
    0x00, 0x09, 0x00, 0x00, 0x00, 0x64, 0x69, 0x73, 0x70, 0x61, 0x74, 0x63,
    0x68, 0x00, 0x02, 0x33, 0x36, 0x00, 0x0A, 0x00, 0x00, 0x00, 0x6E, 0x63,
    0x61, 0x70, 0x74, 0x75, 0x72, 0x65, 0x73, 0x00, 0x02, 0x33, 0x37, 0x00,
    0x09, 0x00, 0x00, 0x00, 0x6E, 0x72, 0x65, 0x73, 0x75, 0x6C, 0x74, 0x73,
    0x00, 0x02, 0x33, 0x38, 0x00, 0x02, 0x00, 0x00, 0x00, 0x6E, 0x00, 0x02,
    0x33, 0x39, 0x00, 0x02, 0x00, 0x00, 0x00, 0x76, 0x00, 0x02, 0x34, 0x30,
    0x00, 0x02, 0x00, 0x00, 0x00, 0x67, 0x00, 0x02, 0x34, 0x31, 0x00, 0x02,
    0x00, 0x00, 0x00, 0x6C, 0x00, 0x02, 0x34, 0x32, 0x00, 0x02, 0x00, 0x00,
    0x00, 0x64, 0x00, 0x02, 0x34, 0x33, 0x00, 0x02, 0x00, 0x00, 0x00, 0x70,
    0x00, 0x02, 0x34, 0x34, 0x00, 0x02, 0x00, 0x00, 0x00, 0x63, 0x00, 0x02,
    0x34, 0x35, 0x00, 0x02, 0x00, 0x00, 0x00, 0x66, 0x00, 0x02, 0x34, 0x36,
    0x00, 0x02, 0x00, 0x00, 0x00, 0x74, 0x00, 0x02, 0x34, 0x37, 0x00, 0x02,
    0x00, 0x00, 0x00, 0x6B, 0x00, 0x02, 0x34, 0x38, 0x00, 0x02, 0x00, 0x00,
    0x00, 0x72, 0x00, 0x02, 0x34, 0x39, 0x00, 0x07, 0x00, 0x00, 0x00, 0x67,
    0x65, 0x74, 0x74, 0x65, 0x72, 0x00, 0x02, 0x35, 0x30, 0x00, 0x07, 0x00,
    0x00, 0x00, 0x73, 0x65, 0x74, 0x74, 0x65, 0x72, 0x00, 0x02, 0x35, 0x31,
    0x00, 0x02, 0x00, 0x00, 0x00, 0x73, 0x00, 0x02, 0x35, 0x32, 0x00, 0x0B,
    0x00, 0x00, 0x00, 0x73, 0x75, 0x70, 0x65, 0x72, 0x63, 0x6C, 0x61, 0x73,
    0x73, 0x00, 0x02, 0x35, 0x33, 0x00, 0x06, 0x00, 0x00, 0x00, 0x73, 0x6C,
    0x6F, 0x74, 0x73, 0x00, 0x02, 0x35, 0x34, 0x00, 0x03, 0x00, 0x00, 0x00,
    0x73, 0x6C, 0x00, 0x02, 0x35, 0x35, 0x00, 0x05, 0x00, 0x00, 0x00, 0x69,
    0x6E, 0x69, 0x74, 0x00, 0x02, 0x35, 0x36, 0x00, 0x02, 0x00, 0x00, 0x00,
    0x69, 0x00, 0x02, 0x35, 0x37, 0x00, 0x02, 0x00, 0x00, 0x00, 0x79, 0x00,
    0x02, 0x35, 0x38, 0x00, 0x02, 0x00, 0x00, 0x00, 0x6D, 0x00, 0x02, 0x35,
    0x39, 0x00, 0x03, 0x00, 0x00, 0x00, 0x73, 0x74, 0x00, 0x02, 0x36, 0x30,
    0x00, 0x06, 0x00, 0x00, 0x00, 0x65, 0x72, 0x72, 0x6F, 0x72, 0x00, 0x02,
    0x36, 0x31, 0x00, 0x01, 0x00, 0x00, 0x00, 0x00, 0x02, 0x36, 0x32, 0x00,
    0x02, 0x00, 0x00, 0x00, 0x20, 0x00, 0x02, 0x36, 0x33, 0x00, 0x05, 0x00,
    0x00, 0x00, 0x62, 0x6F, 0x6F, 0x6C, 0x00, 0x02, 0x36, 0x34, 0x00, 0x04,
    0x00, 0x00, 0x00, 0x69, 0x6E, 0x74, 0x00, 0x02, 0x36, 0x35, 0x00, 0x06,
    0x00, 0x00, 0x00, 0x66, 0x6C, 0x6F, 0x61, 0x74, 0x00, 0x02, 0x36, 0x36,
    0x00, 0x04, 0x00, 0x00, 0x00, 0x66, 0x36, 0x34, 0x00, 0x02, 0x36, 0x37,
    0x00, 0x04, 0x00, 0x00, 0x00, 0x73, 0x74, 0x72, 0x00, 0x02, 0x36, 0x38,
    0x00, 0x04, 0x00, 0x00, 0x00, 0x62, 0x69, 0x6E, 0x00, 0x02, 0x36, 0x39,
    0x00, 0x05, 0x00, 0x00, 0x00, 0x74, 0x72, 0x75, 0x65, 0x00, 0x02, 0x37,
    0x30, 0x00, 0x06, 0x00, 0x00, 0x00, 0x66, 0x61, 0x6C, 0x73, 0x65, 0x00,
    0x02, 0x37, 0x31, 0x00, 0x07, 0x00, 0x00, 0x00, 0x20, 0x62, 0x79, 0x74,
    0x65, 0x73, 0x00, 0x02, 0x37, 0x32, 0x00, 0x05, 0x00, 0x00, 0x00, 0x6C,
    0x69, 0x73, 0x74, 0x00, 0x02, 0x37, 0x33, 0x00, 0x02, 0x00, 0x00, 0x00,
    0x5B, 0x00, 0x02, 0x37, 0x34, 0x00, 0x03, 0x00, 0x00, 0x00, 0x2C, 0x20,
    0x00, 0x02, 0x37, 0x35, 0x00, 0x02, 0x00, 0x00, 0x00, 0x5D, 0x00, 0x02,
    0x37, 0x36, 0x00, 0x03, 0x00, 0x00, 0x00, 0x5D, 0x20, 0x00, 0x02, 0x37,
    0x37, 0x00, 0x06, 0x00, 0x00, 0x00, 0x20, 0x20, 0x70, 0x3A, 0x5B, 0x00,
    0x02, 0x37, 0x38, 0x00, 0x06, 0x00, 0x00, 0x00, 0x5D, 0x20, 0x20, 0x6C,
    0x3A, 0x00, 0x02, 0x37, 0x39, 0x00, 0x05, 0x00, 0x00, 0x00, 0x20, 0x20,
    0x63, 0x3A, 0x00, 0x02, 0x38, 0x30, 0x00, 0x05, 0x00, 0x00, 0x00, 0x20,
    0x20, 0x66, 0x3A, 0x00, 0x02, 0x38, 0x31, 0x00, 0x06, 0x00, 0x00, 0x00,
    0x5F, 0x70, 0x61, 0x74, 0x68, 0x00, 0x02, 0x38, 0x32, 0x00, 0x03, 0x00,
    0x00, 0x00, 0x3A, 0x3A, 0x00, 0x02, 0x38, 0x33, 0x00, 0x09, 0x00, 0x00,
    0x00, 0x5D, 0x20, 0x63, 0x6C, 0x61, 0x73, 0x73, 0x20, 0x00, 0x02, 0x38,
    0x34, 0x00, 0x03, 0x00, 0x00, 0x00, 0x3A, 0x20, 0x00, 0x02, 0x38, 0x35,
    0x00, 0x02, 0x00, 0x00, 0x00, 0x3A, 0x00, 0x02, 0x38, 0x36, 0x00, 0x03,
    0x00, 0x00, 0x00, 0x3B, 0x20, 0x00, 0x02, 0x38, 0x37, 0x00, 0x07, 0x00,
    0x00, 0x00, 0x73, 0x74, 0x61, 0x74, 0x69, 0x63, 0x00, 0x02, 0x38, 0x38,
    0x00, 0x07, 0x00, 0x00, 0x00, 0x73, 0x79, 0x6D, 0x62, 0x6F, 0x6C, 0x00,
    0x02, 0x38, 0x39, 0x00, 0x08, 0x00, 0x00, 0x00, 0x6D, 0x65, 0x73, 0x73,
    0x61, 0x67, 0x65, 0x00, 0x02, 0x39, 0x30, 0x00, 0x07, 0x00, 0x00, 0x00,
    0x67, 0x6C, 0x6F, 0x62, 0x61, 0x6C, 0x00, 0x02, 0x39, 0x31, 0x00, 0x09,
    0x00, 0x00, 0x00, 0x6F, 0x70, 0x65, 0x72, 0x61, 0x6E, 0x64, 0x73, 0x00,
    0x02, 0x39, 0x32, 0x00, 0x07, 0x00, 0x00, 0x00, 0x66, 0x69, 0x65, 0x6C,
    0x64, 0x73, 0x00, 0x02, 0x39, 0x33, 0x00, 0x02, 0x00, 0x00, 0x00, 0x28,
    0x00, 0x02, 0x39, 0x34, 0x00, 0x02, 0x00, 0x00, 0x00, 0x29, 0x00, 0x02,
    0x39, 0x35, 0x00, 0x0C, 0x00, 0x00, 0x00, 0x6D, 0x6F, 0x64, 0x75, 0x6C,
    0x65, 0x20, 0x69, 0x6E, 0x69, 0x74, 0x00, 0x02, 0x39, 0x36, 0x00, 0x04,
    0x00, 0x00, 0x00, 0x66, 0x6E, 0x20, 0x00, 0x02, 0x39, 0x37, 0x00, 0x0F,
    0x00, 0x00, 0x00, 0x20, 0x28, 0x77, 0x6F, 0x72, 0x64, 0x20, 0x6F, 0x66,
    0x66, 0x73, 0x65, 0x74, 0x20, 0x00, 0x02, 0x39, 0x38, 0x00, 0x07, 0x00,
    0x00, 0x00, 0x6F, 0x66, 0x66, 0x73, 0x65, 0x74, 0x00, 0x02, 0x39, 0x39,
    0x00, 0x07, 0x00, 0x00, 0x00, 0x6E, 0x77, 0x6F, 0x72, 0x64, 0x73, 0x00,
    0x02, 0x31, 0x30, 0x30, 0x00, 0x05, 0x00, 0x00, 0x00, 0x74, 0x65, 0x78,
    0x74, 0x00, 0x02, 0x31, 0x30, 0x31, 0x00, 0x04, 0x00, 0x00, 0x00, 0x20,
    0x20, 0x20, 0x00, 0x02, 0x31, 0x30, 0x32, 0x00, 0x09, 0x00, 0x00, 0x00,
    0x53, 0x45, 0x43, 0x54, 0x49, 0x4F, 0x4E, 0x20, 0x00, 0x02, 0x31, 0x30,
    0x33, 0x00, 0x02, 0x00, 0x00, 0x00, 0x0A, 0x00, 0x02, 0x31, 0x30, 0x34,
    0x00, 0x0D, 0x00, 0x00, 0x00, 0x77, 0x79, 0x72, 0x6D, 0x2F, 0x69, 0x6D,
    0x61, 0x67, 0x65, 0x2E, 0x68, 0x00, 0x02, 0x31, 0x30, 0x35, 0x00, 0x03,
    0x00, 0x00, 0x00, 0x5F, 0x5F, 0x00, 0x02, 0x31, 0x30, 0x36, 0x00, 0x0D,
    0x00, 0x00, 0x00, 0x6D, 0x6F, 0x64, 0x75, 0x6C, 0x65, 0x20, 0x6E, 0x61,
    0x6D, 0x65, 0x20, 0x00, 0x02, 0x31, 0x30, 0x37, 0x00, 0x29, 0x00, 0x00,
    0x00, 0x20, 0x64, 0x6F, 0x65, 0x73, 0x20, 0x6E, 0x6F, 0x74, 0x20, 0x65,
    0x6E, 0x63, 0x6F, 0x64, 0x65, 0x20, 0x74, 0x6F, 0x20, 0x61, 0x20, 0x76,
    0x61, 0x6C, 0x69, 0x64, 0x20, 0x43, 0x20, 0x69, 0x64, 0x65, 0x6E, 0x74,
    0x69, 0x66, 0x69, 0x65, 0x72, 0x00, 0x02, 0x31, 0x30, 0x38, 0x00, 0x13,
    0x00, 0x00, 0x00, 0x2F, 0x2A, 0x20, 0x47, 0x65, 0x6E, 0x65, 0x72, 0x61,
    0x74, 0x65, 0x64, 0x20, 0x66, 0x72, 0x6F, 0x6D, 0x20, 0x00, 0x02, 0x31,
    0x30, 0x39, 0x00, 0x22, 0x00, 0x00, 0x00, 0x20, 0x62, 0x79, 0x20, 0x77,
    0x79, 0x70, 0x6F, 0x63, 0x27, 0x73, 0x20, 0x62, 0x79, 0x74, 0x65, 0x63,
    0x6F, 0x64, 0x65, 0x20, 0x63, 0x6F, 0x6D, 0x70, 0x69, 0x6C, 0x65, 0x72,
    0x2E, 0x20, 0x2A, 0x2F, 0x00, 0x02, 0x31, 0x31, 0x30, 0x00, 0x14, 0x00,
    0x00, 0x00, 0x23, 0x69, 0x6E, 0x63, 0x6C, 0x75, 0x64, 0x65, 0x20, 0x3C,
    0x73, 0x74, 0x64, 0x69, 0x6E, 0x74, 0x2E, 0x68, 0x3E, 0x00, 0x02, 0x31,
    0x31, 0x31, 0x00, 0x0A, 0x00, 0x00, 0x00, 0x23, 0x69, 0x6E, 0x63, 0x6C,
    0x75, 0x64, 0x65, 0x20, 0x00, 0x02, 0x31, 0x31, 0x32, 0x00, 0x16, 0x00,
    0x00, 0x00, 0x73, 0x74, 0x61, 0x74, 0x69, 0x63, 0x20, 0x63, 0x6F, 0x6E,
    0x73, 0x74, 0x20, 0x75, 0x69, 0x6E, 0x74, 0x38, 0x5F, 0x74, 0x20, 0x00,
    0x02, 0x31, 0x31, 0x33, 0x00, 0x02, 0x00, 0x00, 0x00, 0x5F, 0x00, 0x02,
    0x31, 0x31, 0x34, 0x00, 0x07, 0x00, 0x00, 0x00, 0x5B, 0x5D, 0x20, 0x3D,
    0x20, 0x7B, 0x00, 0x02, 0x31, 0x31, 0x35, 0x00, 0x05, 0x00, 0x00, 0x00,
    0x20, 0x20, 0x20, 0x20, 0x00, 0x02, 0x31, 0x31, 0x36, 0x00, 0x03, 0x00,
    0x00, 0x00, 0x30, 0x78, 0x00, 0x02, 0x31, 0x31, 0x37, 0x00, 0x02, 0x00,
    0x00, 0x00, 0x2C, 0x00, 0x02, 0x31, 0x31, 0x38, 0x00, 0x03, 0x00, 0x00,
    0x00, 0x7D, 0x3B, 0x00, 0x02, 0x31, 0x31, 0x39, 0x00, 0x17, 0x00, 0x00,
    0x00, 0x73, 0x74, 0x61, 0x74, 0x69, 0x63, 0x20, 0x63, 0x6F, 0x6E, 0x73,
    0x74, 0x20, 0x75, 0x69, 0x6E, 0x74, 0x33, 0x32, 0x5F, 0x74, 0x20, 0x00,
    0x02, 0x31, 0x32, 0x30, 0x00, 0x0C, 0x00, 0x00, 0x00, 0x5F, 0x63, 0x6F,
    0x64, 0x65, 0x5B, 0x5D, 0x20, 0x3D, 0x20, 0x7B, 0x00, 0x02, 0x31, 0x32,
    0x31, 0x00, 0x05, 0x00, 0x00, 0x00, 0x20, 0x2F, 0x2A, 0x20, 0x00, 0x02,
    0x31, 0x32, 0x32, 0x00, 0x03, 0x00, 0x00, 0x00, 0x20, 0x20, 0x00, 0x02,
    0x31, 0x32, 0x33, 0x00, 0x04, 0x00, 0x00, 0x00, 0x20, 0x2A, 0x2F, 0x00,
    0x02, 0x31, 0x32, 0x34, 0x00, 0x17, 0x00, 0x00, 0x00, 0x63, 0x6F, 0x6E,
    0x73, 0x74, 0x20, 0x77, 0x79, 0x5F, 0x6D, 0x6F, 0x64, 0x75, 0x6C, 0x65,
    0x5F, 0x69, 0x6D, 0x61, 0x67, 0x65, 0x20, 0x00, 0x02, 0x31, 0x32, 0x35,
    0x00, 0x0B, 0x00, 0x00, 0x00, 0x5F, 0x69, 0x6D, 0x61, 0x67, 0x65, 0x20,
    0x3D, 0x20, 0x7B, 0x00, 0x02, 0x31, 0x32, 0x36, 0x00, 0x0D, 0x00, 0x00,
    0x00, 0x20, 0x20, 0x20, 0x20, 0x2E, 0x6E, 0x61, 0x6D, 0x65, 0x20, 0x3D,
    0x20, 0x00, 0x02, 0x31, 0x32, 0x37, 0x00, 0x12, 0x00, 0x00, 0x00, 0x20,
    0x20, 0x20, 0x20, 0x2E, 0x73, 0x65, 0x63, 0x74, 0x69, 0x6F, 0x6E, 0x73,
    0x20, 0x3D, 0x20, 0x7B, 0x00, 0x02, 0x31, 0x32, 0x38, 0x00, 0x0A, 0x00,
    0x00, 0x00, 0x20, 0x20, 0x20, 0x20, 0x20, 0x20, 0x20, 0x20, 0x5B, 0x00,
    0x02, 0x31, 0x32, 0x39, 0x00, 0x18, 0x00, 0x00, 0x00, 0x5D, 0x20, 0x3D,
    0x20, 0x7B, 0x20, 0x28, 0x63, 0x6F, 0x6E, 0x73, 0x74, 0x20, 0x75, 0x69,
    0x6E, 0x74, 0x38, 0x5F, 0x74, 0x2A, 0x29, 0x20, 0x00, 0x02, 0x31, 0x33,
    0x30, 0x00, 0x0F, 0x00, 0x00, 0x00, 0x5F, 0x63, 0x6F, 0x64, 0x65, 0x2C,
    0x20, 0x73, 0x69, 0x7A, 0x65, 0x6F, 0x66, 0x20, 0x00, 0x02, 0x31, 0x33,
    0x31, 0x00, 0x09, 0x00, 0x00, 0x00, 0x5F, 0x63, 0x6F, 0x64, 0x65, 0x20,
    0x7D, 0x2C, 0x00, 0x02, 0x31, 0x33, 0x32, 0x00, 0x07, 0x00, 0x00, 0x00,
    0x5D, 0x20, 0x3D, 0x20, 0x7B, 0x20, 0x00, 0x02, 0x31, 0x33, 0x33, 0x00,
    0x0A, 0x00, 0x00, 0x00, 0x2C, 0x20, 0x73, 0x69, 0x7A, 0x65, 0x6F, 0x66,
    0x20, 0x00, 0x02, 0x31, 0x33, 0x34, 0x00, 0x04, 0x00, 0x00, 0x00, 0x20,
    0x7D, 0x2C, 0x00, 0x02, 0x31, 0x33, 0x35, 0x00, 0x07, 0x00, 0x00, 0x00,
    0x20, 0x20, 0x20, 0x20, 0x7D, 0x2C, 0x00, 0x00,
};

static const uint8_t image_symbols[] = {
    0x32, 0x00, 0x00, 0x00, 0x02, 0x30, 0x00, 0x07, 0x00, 0x00, 0x00, 0x61,
    0x70, 0x70, 0x65, 0x6E, 0x64, 0x00, 0x02, 0x31, 0x00, 0x09, 0x00, 0x00,
    0x00, 0x70, 0x61, 0x63, 0x6B, 0x5F, 0x75, 0x33, 0x32, 0x00, 0x02, 0x32,
    0x00, 0x08, 0x00, 0x00, 0x00, 0x70, 0x61, 0x63, 0x6B, 0x5F, 0x75, 0x38,
    0x00, 0x00,
};

static const uint8_t image_functions[] = {
    0x7D, 0x0E, 0x00, 0x00, 0x03, 0x30, 0x00, 0x92, 0x00, 0x00, 0x00, 0x02,
    0x6E, 0x00, 0x0B, 0x00, 0x00, 0x00, 0x6D, 0x61, 0x6B, 0x65, 0x5F, 0x69,
    0x6D, 0x61, 0x67, 0x65, 0x00, 0x04, 0x70, 0x00, 0x63, 0x00, 0x00, 0x00,
    0x03, 0x30, 0x00, 0x11, 0x00, 0x00, 0x00, 0x02, 0x6E, 0x00, 0x05, 0x00,
    0x00, 0x00, 0x6E, 0x61, 0x6D, 0x65, 0x00, 0x00, 0x03, 0x31, 0x00, 0x14,
    0x00, 0x00, 0x00, 0x02, 0x6E, 0x00, 0x08, 0x00, 0x00, 0x00, 0x76, 0x65,
    0x72, 0x73, 0x69, 0x6F, 0x6E, 0x00, 0x00, 0x03, 0x32, 0x00, 0x1A, 0x00,
    0x00, 0x00, 0x02, 0x6E, 0x00, 0x0E, 0x00, 0x00, 0x00, 0x67, 0x6C, 0x6F,
    0x62, 0x61, 0x6C, 0x73, 0x5F, 0x63, 0x6F, 0x75, 0x6E, 0x74, 0x00, 0x00,
    0x03, 0x33, 0x00, 0x13, 0x00, 0x00, 0x00, 0x02, 0x6E, 0x00, 0x07, 0x00,
    0x00, 0x00, 0x69, 0x6E, 0x69, 0x74, 0x5F, 0x6C, 0x00, 0x00, 0x00, 0x10,
    0x6C, 0x00, 0x1B, 0x00, 0x00, 0x00, 0x10, 0x63, 0x00, 0xD6, 0x00, 0x00,
    0x00, 0x10, 0x66, 0x00, 0x00, 0x00, 0x00, 0x00, 0x00, 0x03, 0x31, 0x00,
    0x66, 0x00, 0x00, 0x00, 0x02, 0x6E, 0x00, 0x0B, 0x00, 0x00, 0x00, 0x6D,
    0x61, 0x6B, 0x65, 0x5F, 0x70, 0x61, 0x72, 0x61, 0x6D, 0x00, 0x04, 0x70,
    0x00, 0x37, 0x00, 0x00, 0x00, 0x03, 0x30, 0x00, 0x11, 0x00, 0x00, 0x00,
    0x02, 0x6E, 0x00, 0x05, 0x00, 0x00, 0x00, 0x6E, 0x61, 0x6D, 0x65, 0x00,
    0x00, 0x03, 0x31, 0x00, 0x1B, 0x00, 0x00, 0x00, 0x02, 0x6E, 0x00, 0x08,
    0x00, 0x00, 0x00, 0x64, 0x65, 0x66, 0x61, 0x75, 0x6C, 0x74, 0x00, 0x10,
    0x64, 0x00, 0x1B, 0x00, 0x00, 0x00, 0x00, 0x00, 0x10, 0x6C, 0x00, 0x05,
    0x00, 0x00, 0x00, 0x10, 0x63, 0x00, 0xF4, 0x00, 0x00, 0x00, 0x10, 0x66,
    0x00, 0x00, 0x00, 0x00, 0x00, 0x00, 0x03, 0x32, 0x00, 0x22, 0x01, 0x00,
    0x00, 0x02, 0x6E, 0x00, 0x0E, 0x00, 0x00, 0x00, 0x6D, 0x61, 0x6B, 0x65,
    0x5F, 0x66, 0x75, 0x6E, 0x63, 0x74, 0x69, 0x6F, 0x6E, 0x00, 0x04, 0x70,
    0x00, 0xF0, 0x00, 0x00, 0x00, 0x03, 0x30, 0x00, 0x11, 0x00, 0x00, 0x00,
    0x02, 0x6E, 0x00, 0x05, 0x00, 0x00, 0x00, 0x6E, 0x61, 0x6D, 0x65, 0x00,
    0x00, 0x03, 0x31, 0x00, 0x1A, 0x00, 0x00, 0x00, 0x02, 0x6E, 0x00, 0x07,
    0x00, 0x00, 0x00, 0x70, 0x61, 0x72, 0x61, 0x6D, 0x73, 0x00, 0x10, 0x64,
    0x00, 0x1B, 0x00, 0x00, 0x00, 0x00, 0x03, 0x32, 0x00, 0x1B, 0x00, 0x00,
    0x00, 0x02, 0x6E, 0x00, 0x08, 0x00, 0x00, 0x00, 0x6E, 0x6C, 0x6F, 0x63,
    0x61, 0x6C, 0x73, 0x00, 0x10, 0x64, 0x00, 0x1D, 0x00, 0x00, 0x00, 0x00,
    0x03, 0x33, 0x00, 0x1F, 0x00, 0x00, 0x00, 0x02, 0x6E, 0x00, 0x0C, 0x00,
    0x00, 0x00, 0x63, 0x6F, 0x64, 0x65, 0x5F, 0x6F, 0x66, 0x66, 0x73, 0x65,
    0x74, 0x00, 0x10, 0x64, 0x00, 0x1D, 0x00, 0x00, 0x00, 0x00, 0x03, 0x34,
    0x00, 0x19, 0x00, 0x00, 0x00, 0x02, 0x6E, 0x00, 0x06, 0x00, 0x00, 0x00,
    0x66, 0x6C, 0x61, 0x67, 0x73, 0x00, 0x10, 0x64, 0x00, 0x1D, 0x00, 0x00,
    0x00, 0x00, 0x03, 0x35, 0x00, 0x1C, 0x00, 0x00, 0x00, 0x02, 0x6E, 0x00,
    0x09, 0x00, 0x00, 0x00, 0x64, 0x69, 0x73, 0x70, 0x61, 0x74, 0x63, 0x68,
    0x00, 0x10, 0x64, 0x00, 0x1B, 0x00, 0x00, 0x00, 0x00, 0x03, 0x36, 0x00,
    0x1D, 0x00, 0x00, 0x00, 0x02, 0x6E, 0x00, 0x0A, 0x00, 0x00, 0x00, 0x6E,
    0x63, 0x61, 0x70, 0x74, 0x75, 0x72, 0x65, 0x73, 0x00, 0x10, 0x64, 0x00,
    0x1B, 0x00, 0x00, 0x00, 0x00, 0x03, 0x37, 0x00, 0x1C, 0x00, 0x00, 0x00,
    0x02, 0x6E, 0x00, 0x09, 0x00, 0x00, 0x00, 0x6E, 0x72, 0x65, 0x73, 0x75,
    0x6C, 0x74, 0x73, 0x00, 0x10, 0x64, 0x00, 0x1B, 0x00, 0x00, 0x00, 0x00,
    0x00, 0x10, 0x6C, 0x00, 0x12, 0x00, 0x00, 0x00, 0x10, 0x63, 0x00, 0xFB,
    0x00, 0x00, 0x00, 0x10, 0x66, 0x00, 0x00, 0x00, 0x00, 0x00, 0x00, 0x03,
    0x33, 0x00, 0x4A, 0x00, 0x00, 0x00, 0x02, 0x6E, 0x00, 0x0C, 0x00, 0x00,
    0x00, 0x5F, 0x68, 0x65, 0x61, 0x64, 0x65, 0x72, 0x5F, 0x64, 0x6F, 0x63,
    0x00, 0x04, 0x70, 0x00, 0x1A, 0x00, 0x00, 0x00, 0x03, 0x30, 0x00, 0x12,
    0x00, 0x00, 0x00, 0x02, 0x6E, 0x00, 0x06, 0x00, 0x00, 0x00, 0x69, 0x6D,
    0x61, 0x67, 0x65, 0x00, 0x00, 0x00, 0x10, 0x6C, 0x00, 0x09, 0x00, 0x00,
    0x00, 0x10, 0x63, 0x00, 0x17, 0x01, 0x00, 0x00, 0x10, 0x66, 0x00, 0x00,
    0x00, 0x00, 0x00, 0x00, 0x03, 0x34, 0x00, 0x4B, 0x00, 0x00, 0x00, 0x02,
    0x6E, 0x00, 0x0E, 0x00, 0x00, 0x00, 0x5F, 0x66, 0x75, 0x6E, 0x63, 0x74,
    0x69, 0x6F, 0x6E, 0x5F, 0x64, 0x6F, 0x63, 0x00, 0x04, 0x70, 0x00, 0x19,
    0x00, 0x00, 0x00, 0x03, 0x30, 0x00, 0x11, 0x00, 0x00, 0x00, 0x02, 0x6E,
    0x00, 0x05, 0x00, 0x00, 0x00, 0x66, 0x75, 0x6E, 0x63, 0x00, 0x00, 0x00,
    0x10, 0x6C, 0x00, 0x0C, 0x00, 0x00, 0x00, 0x10, 0x63, 0x00, 0x2E, 0x01,
    0x00, 0x00, 0x10, 0x66, 0x00, 0x00, 0x00, 0x00, 0x00, 0x00, 0x03, 0x35,
    0x00, 0x4D, 0x00, 0x00, 0x00, 0x02, 0x6E, 0x00, 0x0F, 0x00, 0x00, 0x00,
    0x5F, 0x66, 0x75, 0x6E, 0x63, 0x74, 0x69, 0x6F, 0x6E, 0x5F, 0x64, 0x6F,
    0x63, 0x73, 0x00, 0x04, 0x70, 0x00, 0x1A, 0x00, 0x00, 0x00, 0x03, 0x30,
    0x00, 0x12, 0x00, 0x00, 0x00, 0x02, 0x6E, 0x00, 0x06, 0x00, 0x00, 0x00,
    0x69, 0x6D, 0x61, 0x67, 0x65, 0x00, 0x00, 0x00, 0x10, 0x6C, 0x00, 0x08,
    0x00, 0x00, 0x00, 0x10, 0x63, 0x00, 0xB4, 0x01, 0x00, 0x00, 0x10, 0x66,
    0x00, 0x00, 0x00, 0x00, 0x00, 0x00, 0x03, 0x36, 0x00, 0x45, 0x00, 0x00,
    0x00, 0x02, 0x6E, 0x00, 0x0A, 0x00, 0x00, 0x00, 0x5F, 0x73, 0x6C, 0x6F,
    0x74, 0x5F, 0x64, 0x6F, 0x63, 0x00, 0x04, 0x70, 0x00, 0x17, 0x00, 0x00,
    0x00, 0x03, 0x30, 0x00, 0x0F, 0x00, 0x00, 0x00, 0x02, 0x6E, 0x00, 0x03,
    0x00, 0x00, 0x00, 0x73, 0x6C, 0x00, 0x00, 0x00, 0x10, 0x6C, 0x00, 0x06,
    0x00, 0x00, 0x00, 0x10, 0x63, 0x00, 0xC6, 0x01, 0x00, 0x00, 0x10, 0x66,
    0x00, 0x00, 0x00, 0x00, 0x00, 0x00, 0x03, 0x37, 0x00, 0x47, 0x00, 0x00,
    0x00, 0x02, 0x6E, 0x00, 0x0B, 0x00, 0x00, 0x00, 0x5F, 0x63, 0x6C, 0x61,
    0x73, 0x73, 0x5F, 0x64, 0x6F, 0x63, 0x00, 0x04, 0x70, 0x00, 0x18, 0x00,
    0x00, 0x00, 0x03, 0x30, 0x00, 0x10, 0x00, 0x00, 0x00, 0x02, 0x6E, 0x00,
    0x04, 0x00, 0x00, 0x00, 0x63, 0x6C, 0x73, 0x00, 0x00, 0x00, 0x10, 0x6C,
    0x00, 0x10, 0x00, 0x00, 0x00, 0x10, 0x63, 0x00, 0xF9, 0x01, 0x00, 0x00,
    0x10, 0x66, 0x00, 0x00, 0x00, 0x00, 0x00, 0x00, 0x03, 0x38, 0x00, 0x4A,
    0x00, 0x00, 0x00, 0x02, 0x6E, 0x00, 0x0C, 0x00, 0x00, 0x00, 0x5F, 0x63,
    0x6C, 0x61, 0x73, 0x73, 0x5F, 0x64, 0x6F, 0x63, 0x73, 0x00, 0x04, 0x70,
    0x00, 0x1A, 0x00, 0x00, 0x00, 0x03, 0x30, 0x00, 0x12, 0x00, 0x00, 0x00,
    0x02, 0x6E, 0x00, 0x06, 0x00, 0x00, 0x00, 0x69, 0x6D, 0x61, 0x67, 0x65,
    0x00, 0x00, 0x00, 0x10, 0x6C, 0x00, 0x08, 0x00, 0x00, 0x00, 0x10, 0x63,
    0x00, 0x6F, 0x02, 0x00, 0x00, 0x10, 0x66, 0x00, 0x00, 0x00, 0x00, 0x00,
    0x00, 0x03, 0x39, 0x00, 0x4C, 0x00, 0x00, 0x00, 0x02, 0x6E, 0x00, 0x0E,
    0x00, 0x00, 0x00, 0x5F, 0x6D, 0x65, 0x73, 0x73, 0x61, 0x67, 0x65, 0x5F,
    0x64, 0x6F, 0x63, 0x73, 0x00, 0x04, 0x70, 0x00, 0x1A, 0x00, 0x00, 0x00,
    0x03, 0x30, 0x00, 0x12, 0x00, 0x00, 0x00, 0x02, 0x6E, 0x00, 0x06, 0x00,
    0x00, 0x00, 0x69, 0x6D, 0x61, 0x67, 0x65, 0x00, 0x00, 0x00, 0x10, 0x6C,
    0x00, 0x09, 0x00, 0x00, 0x00, 0x10, 0x63, 0x00, 0x81, 0x02, 0x00, 0x00,
    0x10, 0x66, 0x00, 0x00, 0x00, 0x00, 0x00, 0x00, 0x03, 0x31, 0x30, 0x00,
    0x49, 0x00, 0x00, 0x00, 0x02, 0x6E, 0x00, 0x0B, 0x00, 0x00, 0x00, 0x63,
    0x6F, 0x64, 0x65, 0x5F, 0x62, 0x79, 0x74, 0x65, 0x73, 0x00, 0x04, 0x70,
    0x00, 0x1A, 0x00, 0x00, 0x00, 0x03, 0x30, 0x00, 0x12, 0x00, 0x00, 0x00,
    0x02, 0x6E, 0x00, 0x06, 0x00, 0x00, 0x00, 0x69, 0x6D, 0x61, 0x67, 0x65,
    0x00, 0x00, 0x00, 0x10, 0x6C, 0x00, 0x09, 0x00, 0x00, 0x00, 0x10, 0x63,
    0x00, 0x97, 0x02, 0x00, 0x00, 0x10, 0x66, 0x00, 0x00, 0x00, 0x00, 0x00,
    0x00, 0x03, 0x31, 0x31, 0x00, 0x47, 0x00, 0x00, 0x00, 0x02, 0x6E, 0x00,
    0x09, 0x00, 0x00, 0x00, 0x73, 0x65, 0x63, 0x74, 0x69, 0x6F, 0x6E, 0x73,
    0x00, 0x04, 0x70, 0x00, 0x1A, 0x00, 0x00, 0x00, 0x03, 0x30, 0x00, 0x12,
    0x00, 0x00, 0x00, 0x02, 0x6E, 0x00, 0x06, 0x00, 0x00, 0x00, 0x69, 0x6D,
    0x61, 0x67, 0x65, 0x00, 0x00, 0x00, 0x10, 0x6C, 0x00, 0x0F, 0x00, 0x00,
    0x00, 0x10, 0x63, 0x00, 0xB3, 0x02, 0x00, 0x00, 0x10, 0x66, 0x00, 0x00,
    0x00, 0x00, 0x00, 0x00, 0x03, 0x31, 0x32, 0x00, 0x45, 0x00, 0x00, 0x00,
    0x02, 0x6E, 0x00, 0x07, 0x00, 0x00, 0x00, 0x74, 0x6F, 0x5F, 0x77, 0x79,
    0x63, 0x00, 0x04, 0x70, 0x00, 0x1A, 0x00, 0x00, 0x00, 0x03, 0x30, 0x00,
    0x12, 0x00, 0x00, 0x00, 0x02, 0x6E, 0x00, 0x06, 0x00, 0x00, 0x00, 0x69,
    0x6D, 0x61, 0x67, 0x65, 0x00, 0x00, 0x00, 0x10, 0x6C, 0x00, 0x1A, 0x00,
    0x00, 0x00, 0x10, 0x63, 0x00, 0x97, 0x03, 0x00, 0x00, 0x10, 0x66, 0x00,
    0x00, 0x00, 0x00, 0x00, 0x00, 0x03, 0x31, 0x33, 0x00, 0x57, 0x00, 0x00,
    0x00, 0x02, 0x6E, 0x00, 0x06, 0x00, 0x00, 0x00, 0x5F, 0x6A, 0x6F, 0x69,
    0x6E, 0x00, 0x04, 0x70, 0x00, 0x2D, 0x00, 0x00, 0x00, 0x03, 0x30, 0x00,
    0x12, 0x00, 0x00, 0x00, 0x02, 0x6E, 0x00, 0x06, 0x00, 0x00, 0x00, 0x70,
    0x61, 0x72, 0x74, 0x73, 0x00, 0x00, 0x03, 0x31, 0x00, 0x10, 0x00, 0x00,
    0x00, 0x02, 0x6E, 0x00, 0x04, 0x00, 0x00, 0x00, 0x73, 0x65, 0x70, 0x00,
    0x00, 0x00, 0x10, 0x6C, 0x00, 0x0C, 0x00, 0x00, 0x00, 0x10, 0x63, 0x00,
    0x66, 0x04, 0x00, 0x00, 0x10, 0x66, 0x00, 0x00, 0x00, 0x00, 0x00, 0x00,
    0x03, 0x31, 0x34, 0x00, 0x5A, 0x00, 0x00, 0x00, 0x02, 0x6E, 0x00, 0x08,
    0x00, 0x00, 0x00, 0x5F, 0x70, 0x61, 0x64, 0x5F, 0x74, 0x6F, 0x00, 0x04,
    0x70, 0x00, 0x2E, 0x00, 0x00, 0x00, 0x03, 0x30, 0x00, 0x11, 0x00, 0x00,
    0x00, 0x02, 0x6E, 0x00, 0x05, 0x00, 0x00, 0x00, 0x74, 0x65, 0x78, 0x74,
    0x00, 0x00, 0x03, 0x31, 0x00, 0x12, 0x00, 0x00, 0x00, 0x02, 0x6E, 0x00,
    0x06, 0x00, 0x00, 0x00, 0x77, 0x69, 0x64, 0x74, 0x68, 0x00, 0x00, 0x00,
    0x10, 0x6C, 0x00, 0x02, 0x00, 0x00, 0x00, 0x10, 0x63, 0x00, 0xAA, 0x04,
    0x00, 0x00, 0x10, 0x66, 0x00, 0x00, 0x00, 0x00, 0x00, 0x00, 0x03, 0x31,
    0x35, 0x00, 0x44, 0x00, 0x00, 0x00, 0x02, 0x6E, 0x00, 0x06, 0x00, 0x00,
    0x00, 0x5F, 0x68, 0x65, 0x78, 0x34, 0x00, 0x04, 0x70, 0x00, 0x1A, 0x00,
    0x00, 0x00, 0x03, 0x30, 0x00, 0x12, 0x00, 0x00, 0x00, 0x02, 0x6E, 0x00,
    0x06, 0x00, 0x00, 0x00, 0x76, 0x61, 0x6C, 0x75, 0x65, 0x00, 0x00, 0x00,
    0x10, 0x6C, 0x00, 0x03, 0x00, 0x00, 0x00, 0x10, 0x63, 0x00, 0xB7, 0x04,
    0x00, 0x00, 0x10, 0x66, 0x00, 0x00, 0x00, 0x00, 0x00, 0x00, 0x03, 0x31,
    0x36, 0x00, 0x44, 0x00, 0x00, 0x00, 0x02, 0x6E, 0x00, 0x06, 0x00, 0x00,
    0x00, 0x5F, 0x68, 0x65, 0x78, 0x38, 0x00, 0x04, 0x70, 0x00, 0x1A, 0x00,
    0x00, 0x00, 0x03, 0x30, 0x00, 0x12, 0x00, 0x00, 0x00, 0x02, 0x6E, 0x00,
    0x06, 0x00, 0x00, 0x00, 0x76, 0x61, 0x6C, 0x75, 0x65, 0x00, 0x00, 0x00,
    0x10, 0x6C, 0x00, 0x03, 0x00, 0x00, 0x00, 0x10, 0x63, 0x00, 0xBD, 0x04,
    0x00, 0x00, 0x10, 0x66, 0x00, 0x00, 0x00, 0x00, 0x00, 0x00, 0x03, 0x31,
    0x37, 0x00, 0x5E, 0x00, 0x00, 0x00, 0x02, 0x6E, 0x00, 0x0D, 0x00, 0x00,
    0x00, 0x5F, 0x65, 0x6C, 0x65, 0x6D, 0x65, 0x6E, 0x74, 0x5F, 0x6C, 0x65,
    0x6E, 0x00, 0x04, 0x70, 0x00, 0x2D, 0x00, 0x00, 0x00, 0x03, 0x30, 0x00,
    0x10, 0x00, 0x00, 0x00, 0x02, 0x6E, 0x00, 0x04, 0x00, 0x00, 0x00, 0x6B,
    0x65, 0x79, 0x00, 0x00, 0x03, 0x31, 0x00, 0x12, 0x00, 0x00, 0x00, 0x02,
    0x6E, 0x00, 0x06, 0x00, 0x00, 0x00, 0x76, 0x61, 0x6C, 0x75, 0x65, 0x00,
    0x00, 0x00, 0x10, 0x6C, 0x00, 0x05, 0x00, 0x00, 0x00, 0x10, 0x63, 0x00,
    0xC3, 0x04, 0x00, 0x00, 0x10, 0x66, 0x00, 0x00, 0x00, 0x00, 0x00, 0x00,
    0x03, 0x31, 0x38, 0x00, 0x4B, 0x00, 0x00, 0x00, 0x02, 0x6E, 0x00, 0x0D,
    0x00, 0x00, 0x00, 0x5F, 0x73, 0x74, 0x61, 0x74, 0x69, 0x63, 0x5F, 0x6B,
    0x69, 0x6E, 0x64, 0x00, 0x04, 0x70, 0x00, 0x1A, 0x00, 0x00, 0x00, 0x03,
    0x30, 0x00, 0x12, 0x00, 0x00, 0x00, 0x02, 0x6E, 0x00, 0x06, 0x00, 0x00,
    0x00, 0x76, 0x61, 0x6C, 0x75, 0x65, 0x00, 0x00, 0x00, 0x10, 0x6C, 0x00,
    0x02, 0x00, 0x00, 0x00, 0x10, 0x63, 0x00, 0xDA, 0x04, 0x00, 0x00, 0x10,
    0x66, 0x00, 0x00, 0x00, 0x00, 0x00, 0x00, 0x03, 0x31, 0x39, 0x00, 0x4A,
    0x00, 0x00, 0x00, 0x02, 0x6E, 0x00, 0x0C, 0x00, 0x00, 0x00, 0x5F, 0x65,
    0x73, 0x63, 0x61, 0x70, 0x65, 0x5F, 0x73, 0x74, 0x72, 0x00, 0x04, 0x70,
    0x00, 0x1A, 0x00, 0x00, 0x00, 0x03, 0x30, 0x00, 0x12, 0x00, 0x00, 0x00,
    0x02, 0x6E, 0x00, 0x06, 0x00, 0x00, 0x00, 0x76, 0x61, 0x6C, 0x75, 0x65,
    0x00, 0x00, 0x00, 0x10, 0x6C, 0x00, 0x08, 0x00, 0x00, 0x00, 0x10, 0x63,
    0x00, 0xFA, 0x04, 0x00, 0x00, 0x10, 0x66, 0x00, 0x00, 0x00, 0x00, 0x00,
    0x00, 0x03, 0x32, 0x30, 0x00, 0x4B, 0x00, 0x00, 0x00, 0x02, 0x6E, 0x00,
    0x0D, 0x00, 0x00, 0x00, 0x5F, 0x73, 0x74, 0x61, 0x74, 0x69, 0x63, 0x5F,
    0x72, 0x65, 0x70, 0x72, 0x00, 0x04, 0x70, 0x00, 0x1A, 0x00, 0x00, 0x00,
    0x03, 0x30, 0x00, 0x12, 0x00, 0x00, 0x00, 0x02, 0x6E, 0x00, 0x06, 0x00,
    0x00, 0x00, 0x76, 0x61, 0x6C, 0x75, 0x65, 0x00, 0x00, 0x00, 0x10, 0x6C,
    0x00, 0x04, 0x00, 0x00, 0x00, 0x10, 0x63, 0x00, 0x5D, 0x05, 0x00, 0x00,
    0x10, 0x66, 0x00, 0x00, 0x00, 0x00, 0x00, 0x00, 0x03, 0x32, 0x31, 0x00,
    0x4E, 0x00, 0x00, 0x00, 0x02, 0x6E, 0x00, 0x10, 0x00, 0x00, 0x00, 0x5F,
    0x64, 0x6F, 0x63, 0x5F, 0x76, 0x61, 0x6C, 0x75, 0x65, 0x5F, 0x72, 0x65,
    0x70, 0x72, 0x00, 0x04, 0x70, 0x00, 0x1A, 0x00, 0x00, 0x00, 0x03, 0x30,
    0x00, 0x12, 0x00, 0x00, 0x00, 0x02, 0x6E, 0x00, 0x06, 0x00, 0x00, 0x00,
    0x76, 0x61, 0x6C, 0x75, 0x65, 0x00, 0x00, 0x00, 0x10, 0x6C, 0x00, 0x07,
    0x00, 0x00, 0x00, 0x10, 0x63, 0x00, 0x9B, 0x05, 0x00, 0x00, 0x10, 0x66,
    0x00, 0x00, 0x00, 0x00, 0x00, 0x00, 0x03, 0x32, 0x32, 0x00, 0x5C, 0x00,
    0x00, 0x00, 0x02, 0x6E, 0x00, 0x0F, 0x00, 0x00, 0x00, 0x5F, 0x66, 0x75,
    0x6E, 0x63, 0x74, 0x69, 0x6F, 0x6E, 0x5F, 0x6E, 0x6F, 0x74, 0x65, 0x00,
    0x04, 0x70, 0x00, 0x29, 0x00, 0x00, 0x00, 0x03, 0x30, 0x00, 0x0E, 0x00,
    0x00, 0x00, 0x02, 0x6E, 0x00, 0x02, 0x00, 0x00, 0x00, 0x69, 0x00, 0x00,
    0x03, 0x31, 0x00, 0x10, 0x00, 0x00, 0x00, 0x02, 0x6E, 0x00, 0x04, 0x00,
    0x00, 0x00, 0x64, 0x6F, 0x63, 0x00, 0x00, 0x00, 0x10, 0x6C, 0x00, 0x1B,
    0x00, 0x00, 0x00, 0x10, 0x63, 0x00, 0xBE, 0x05, 0x00, 0x00, 0x10, 0x66,
    0x00, 0x00, 0x00, 0x00, 0x00, 0x00, 0x03, 0x32, 0x33, 0x00, 0x5B, 0x00,
    0x00, 0x00, 0x02, 0x6E, 0x00, 0x0E, 0x00, 0x00, 0x00, 0x5F, 0x6D, 0x65,
    0x73, 0x73, 0x61, 0x67, 0x65, 0x5F, 0x6E, 0x6F, 0x74, 0x65, 0x00, 0x04,
    0x70, 0x00, 0x29, 0x00, 0x00, 0x00, 0x03, 0x30, 0x00, 0x0E, 0x00, 0x00,
    0x00, 0x02, 0x6E, 0x00, 0x02, 0x00, 0x00, 0x00, 0x69, 0x00, 0x00, 0x03,
    0x31, 0x00, 0x10, 0x00, 0x00, 0x00, 0x02, 0x6E, 0x00, 0x04, 0x00, 0x00,
    0x00, 0x64, 0x6F, 0x63, 0x00, 0x00, 0x00, 0x10, 0x6C, 0x00, 0x08, 0x00,
    0x00, 0x00, 0x10, 0x63, 0x00, 0x0D, 0x06, 0x00, 0x00, 0x10, 0x66, 0x00,
    0x00, 0x00, 0x00, 0x00, 0x00, 0x03, 0x32, 0x34, 0x00, 0x83, 0x00, 0x00,
    0x00, 0x02, 0x6E, 0x00, 0x0C, 0x00, 0x00, 0x00, 0x5F, 0x61, 0x72, 0x72,
    0x61, 0x79, 0x5F, 0x6E, 0x6F, 0x74, 0x65, 0x00, 0x04, 0x70, 0x00, 0x53,
    0x00, 0x00, 0x00, 0x03, 0x30, 0x00, 0x11, 0x00, 0x00, 0x00, 0x02, 0x6E,
    0x00, 0x05, 0x00, 0x00, 0x00, 0x6B, 0x69, 0x6E, 0x64, 0x00, 0x00, 0x03,
    0x31, 0x00, 0x0E, 0x00, 0x00, 0x00, 0x02, 0x6E, 0x00, 0x02, 0x00, 0x00,
    0x00, 0x69, 0x00, 0x00, 0x03, 0x32, 0x00, 0x11, 0x00, 0x00, 0x00, 0x02,
    0x6E, 0x00, 0x05, 0x00, 0x00, 0x00, 0x69, 0x74, 0x65, 0x6D, 0x00, 0x00,
    0x03, 0x33, 0x00, 0x12, 0x00, 0x00, 0x00, 0x02, 0x6E, 0x00, 0x06, 0x00,
    0x00, 0x00, 0x69, 0x6D, 0x61, 0x67, 0x65, 0x00, 0x00, 0x00, 0x10, 0x6C,
    0x00, 0x0C, 0x00, 0x00, 0x00, 0x10, 0x63, 0x00, 0x22, 0x06, 0x00, 0x00,
    0x10, 0x66, 0x00, 0x00, 0x00, 0x00, 0x00, 0x00, 0x03, 0x32, 0x35, 0x00,
    0x7A, 0x00, 0x00, 0x00, 0x02, 0x6E, 0x00, 0x13, 0x00, 0x00, 0x00, 0x5F,
    0x61, 0x72, 0x72, 0x61, 0x79, 0x5F, 0x61, 0x6E, 0x6E, 0x6F, 0x74, 0x61,
    0x74, 0x69, 0x6F, 0x6E, 0x73, 0x00, 0x04, 0x70, 0x00, 0x43, 0x00, 0x00,
    0x00, 0x03, 0x30, 0x00, 0x12, 0x00, 0x00, 0x00, 0x02, 0x6E, 0x00, 0x06,
    0x00, 0x00, 0x00, 0x69, 0x74, 0x65, 0x6D, 0x73, 0x00, 0x00, 0x03, 0x31,
    0x00, 0x11, 0x00, 0x00, 0x00, 0x02, 0x6E, 0x00, 0x05, 0x00, 0x00, 0x00,
    0x6B, 0x69, 0x6E, 0x64, 0x00, 0x00, 0x03, 0x32, 0x00, 0x12, 0x00, 0x00,
    0x00, 0x02, 0x6E, 0x00, 0x06, 0x00, 0x00, 0x00, 0x69, 0x6D, 0x61, 0x67,
    0x65, 0x00, 0x00, 0x00, 0x10, 0x6C, 0x00, 0x0C, 0x00, 0x00, 0x00, 0x10,
    0x63, 0x00, 0x8A, 0x06, 0x00, 0x00, 0x10, 0x66, 0x00, 0x00, 0x00, 0x00,
    0x00, 0x00, 0x03, 0x32, 0x36, 0x00, 0x57, 0x00, 0x00, 0x00, 0x02, 0x6E,
    0x00, 0x16, 0x00, 0x00, 0x00, 0x5F, 0x64, 0x6F, 0x63, 0x75, 0x6D, 0x65,
    0x6E, 0x74, 0x5F, 0x61, 0x6E, 0x6E, 0x6F, 0x74, 0x61, 0x74, 0x69, 0x6F,
    0x6E, 0x73, 0x00, 0x04, 0x70, 0x00, 0x1D, 0x00, 0x00, 0x00, 0x03, 0x30,
    0x00, 0x15, 0x00, 0x00, 0x00, 0x02, 0x6E, 0x00, 0x09, 0x00, 0x00, 0x00,
    0x64, 0x6F, 0x63, 0x75, 0x6D, 0x65, 0x6E, 0x74, 0x00, 0x00, 0x00, 0x10,
    0x6C, 0x00, 0x0A, 0x00, 0x00, 0x00, 0x10, 0x63, 0x00, 0xB7, 0x06, 0x00,
    0x00, 0x10, 0x66, 0x00, 0x00, 0x00, 0x00, 0x00, 0x00, 0x03, 0x32, 0x37,
    0x00, 0x67, 0x00, 0x00, 0x00, 0x02, 0x6E, 0x00, 0x15, 0x00, 0x00, 0x00,
    0x5F, 0x73, 0x65, 0x63, 0x74, 0x69, 0x6F, 0x6E, 0x5F, 0x61, 0x6E, 0x6E,
    0x6F, 0x74, 0x61, 0x74, 0x69, 0x6F, 0x6E, 0x73, 0x00, 0x04, 0x70, 0x00,
    0x2E, 0x00, 0x00, 0x00, 0x03, 0x30, 0x00, 0x12, 0x00, 0x00, 0x00, 0x02,
    0x6E, 0x00, 0x06, 0x00, 0x00, 0x00, 0x69, 0x6D, 0x61, 0x67, 0x65, 0x00,
    0x00, 0x03, 0x31, 0x00, 0x11, 0x00, 0x00, 0x00, 0x02, 0x6E, 0x00, 0x05,
    0x00, 0x00, 0x00, 0x6E, 0x61, 0x6D, 0x65, 0x00, 0x00, 0x00, 0x10, 0x6C,
    0x00, 0x04, 0x00, 0x00, 0x00, 0x10, 0x63, 0x00, 0xE0, 0x06, 0x00, 0x00,
    0x10, 0x66, 0x00, 0x00, 0x00, 0x00, 0x00, 0x00, 0x03, 0x32, 0x38, 0x00,
    0x68, 0x00, 0x00, 0x00, 0x02, 0x6E, 0x00, 0x0D, 0x00, 0x00, 0x00, 0x5F,
    0x68, 0x65, 0x78, 0x5F, 0x6C, 0x69, 0x73, 0x74, 0x69, 0x6E, 0x67, 0x00,
    0x04, 0x70, 0x00, 0x37, 0x00, 0x00, 0x00, 0x03, 0x30, 0x00, 0x14, 0x00,
    0x00, 0x00, 0x02, 0x6E, 0x00, 0x08, 0x00, 0x00, 0x00, 0x70, 0x61, 0x79,
    0x6C, 0x6F, 0x61, 0x64, 0x00, 0x00, 0x03, 0x31, 0x00, 0x18, 0x00, 0x00,
    0x00, 0x02, 0x6E, 0x00, 0x0C, 0x00, 0x00, 0x00, 0x61, 0x6E, 0x6E, 0x6F,
    0x74, 0x61, 0x74, 0x69, 0x6F, 0x6E, 0x73, 0x00, 0x00, 0x00, 0x10, 0x6C,
    0x00, 0x0D, 0x00, 0x00, 0x00, 0x10, 0x63, 0x00, 0x59, 0x07, 0x00, 0x00,
    0x10, 0x66, 0x00, 0x00, 0x00, 0x00, 0x00, 0x00, 0x03, 0x32, 0x39, 0x00,
    0x4C, 0x00, 0x00, 0x00, 0x02, 0x6E, 0x00, 0x0E, 0x00, 0x00, 0x00, 0x5F,
    0x67, 0x6C, 0x6F, 0x62, 0x61, 0x6C, 0x5F, 0x6E, 0x61, 0x6D, 0x65, 0x73,
    0x00, 0x04, 0x70, 0x00, 0x1A, 0x00, 0x00, 0x00, 0x03, 0x30, 0x00, 0x12,
    0x00, 0x00, 0x00, 0x02, 0x6E, 0x00, 0x06, 0x00, 0x00, 0x00, 0x69, 0x6D,
    0x61, 0x67, 0x65, 0x00, 0x00, 0x00, 0x10, 0x6C, 0x00, 0x0A, 0x00, 0x00,
    0x00, 0x10, 0x63, 0x00, 0xBD, 0x07, 0x00, 0x00, 0x10, 0x66, 0x00, 0x00,
    0x00, 0x00, 0x00, 0x00, 0x03, 0x33, 0x30, 0x00, 0x8D, 0x00, 0x00, 0x00,
    0x02, 0x6E, 0x00, 0x0A, 0x00, 0x00, 0x00, 0x5F, 0x64, 0x65, 0x73, 0x63,
    0x72, 0x69, 0x62, 0x65, 0x00, 0x04, 0x70, 0x00, 0x5F, 0x00, 0x00, 0x00,
    0x03, 0x30, 0x00, 0x12, 0x00, 0x00, 0x00, 0x02, 0x6E, 0x00, 0x06, 0x00,
    0x00, 0x00, 0x69, 0x6D, 0x61, 0x67, 0x65, 0x00, 0x00, 0x03, 0x31, 0x00,
    0x11, 0x00, 0x00, 0x00, 0x02, 0x6E, 0x00, 0x05, 0x00, 0x00, 0x00, 0x6B,
    0x69, 0x6E, 0x64, 0x00, 0x00, 0x03, 0x32, 0x00, 0x12, 0x00, 0x00, 0x00,
    0x02, 0x6E, 0x00, 0x06, 0x00, 0x00, 0x00, 0x69, 0x6E, 0x64, 0x65, 0x78,
    0x00, 0x00, 0x03, 0x33, 0x00, 0x19, 0x00, 0x00, 0x00, 0x02, 0x6E, 0x00,
    0x0D, 0x00, 0x00, 0x00, 0x67, 0x6C, 0x6F, 0x62, 0x61, 0x6C, 0x5F, 0x6E,
    0x61, 0x6D, 0x65, 0x73, 0x00, 0x00, 0x00, 0x10, 0x6C, 0x00, 0x0A, 0x00,
    0x00, 0x00, 0x10, 0x63, 0x00, 0xF0, 0x07, 0x00, 0x00, 0x10, 0x66, 0x00,
    0x00, 0x00, 0x00, 0x00, 0x00, 0x03, 0x33, 0x31, 0x00, 0x77, 0x00, 0x00,
    0x00, 0x02, 0x6E, 0x00, 0x0A, 0x00, 0x00, 0x00, 0x5F, 0x61, 0x6E, 0x6E,
    0x6F, 0x74, 0x61, 0x74, 0x65, 0x00, 0x04, 0x70, 0x00, 0x49, 0x00, 0x00,
    0x00, 0x03, 0x30, 0x00, 0x10, 0x00, 0x00, 0x00, 0x02, 0x6E, 0x00, 0x04,
    0x00, 0x00, 0x00, 0x72, 0x65, 0x63, 0x00, 0x00, 0x03, 0x31, 0x00, 0x12,
    0x00, 0x00, 0x00, 0x02, 0x6E, 0x00, 0x06, 0x00, 0x00, 0x00, 0x69, 0x6D,
    0x61, 0x67, 0x65, 0x00, 0x00, 0x03, 0x32, 0x00, 0x19, 0x00, 0x00, 0x00,
    0x02, 0x6E, 0x00, 0x0D, 0x00, 0x00, 0x00, 0x67, 0x6C, 0x6F, 0x62, 0x61,
    0x6C, 0x5F, 0x6E, 0x61, 0x6D, 0x65, 0x73, 0x00, 0x00, 0x00, 0x10, 0x6C,
    0x00, 0x0F, 0x00, 0x00, 0x00, 0x10, 0x63, 0x00, 0x58, 0x08, 0x00, 0x00,
    0x10, 0x66, 0x00, 0x00, 0x00, 0x00, 0x00, 0x00, 0x03, 0x33, 0x32, 0x00,
    0x4C, 0x00, 0x00, 0x00, 0x02, 0x6E, 0x00, 0x0E, 0x00, 0x00, 0x00, 0x5F,
    0x63, 0x6F, 0x64, 0x65, 0x5F, 0x6C, 0x69, 0x73, 0x74, 0x69, 0x6E, 0x67,
    0x00, 0x04, 0x70, 0x00, 0x1A, 0x00, 0x00, 0x00, 0x03, 0x30, 0x00, 0x12,
    0x00, 0x00, 0x00, 0x02, 0x6E, 0x00, 0x06, 0x00, 0x00, 0x00, 0x69, 0x6D,
    0x61, 0x67, 0x65, 0x00, 0x00, 0x00, 0x10, 0x6C, 0x00, 0x21, 0x00, 0x00,
    0x00, 0x10, 0x63, 0x00, 0x99, 0x08, 0x00, 0x00, 0x10, 0x66, 0x00, 0x00,
    0x00, 0x00, 0x00, 0x00, 0x03, 0x33, 0x33, 0x00, 0x45, 0x00, 0x00, 0x00,
    0x02, 0x6E, 0x00, 0x07, 0x00, 0x00, 0x00, 0x74, 0x6F, 0x5F, 0x77, 0x79,
    0x61, 0x00, 0x04, 0x70, 0x00, 0x1A, 0x00, 0x00, 0x00, 0x03, 0x30, 0x00,
    0x12, 0x00, 0x00, 0x00, 0x02, 0x6E, 0x00, 0x06, 0x00, 0x00, 0x00, 0x69,
    0x6D, 0x61, 0x67, 0x65, 0x00, 0x00, 0x00, 0x10, 0x6C, 0x00, 0x0F, 0x00,
    0x00, 0x00, 0x10, 0x63, 0x00, 0x75, 0x09, 0x00, 0x00, 0x10, 0x66, 0x00,
    0x00, 0x00, 0x00, 0x00, 0x00, 0x03, 0x33, 0x34, 0x00, 0x4C, 0x00, 0x00,
    0x00, 0x02, 0x6E, 0x00, 0x0F, 0x00, 0x00, 0x00, 0x5F, 0x69, 0x73, 0x5F,
    0x69, 0x64, 0x65, 0x6E, 0x74, 0x69, 0x66, 0x69, 0x65, 0x72, 0x00, 0x04,
    0x70, 0x00, 0x19, 0x00, 0x00, 0x00, 0x03, 0x30, 0x00, 0x11, 0x00, 0x00,
    0x00, 0x02, 0x6E, 0x00, 0x05, 0x00, 0x00, 0x00, 0x74, 0x65, 0x78, 0x74,
    0x00, 0x00, 0x00, 0x10, 0x6C, 0x00, 0x05, 0x00, 0x00, 0x00, 0x10, 0x63,
    0x00, 0xE0, 0x09, 0x00, 0x00, 0x10, 0x66, 0x00, 0x00, 0x00, 0x00, 0x00,
    0x00, 0x03, 0x33, 0x35, 0x00, 0x7B, 0x00, 0x00, 0x00, 0x02, 0x6E, 0x00,
    0x0D, 0x00, 0x00, 0x00, 0x5F, 0x72, 0x65, 0x70, 0x6C, 0x61, 0x63, 0x65,
    0x5F, 0x61, 0x6C, 0x6C, 0x00, 0x04, 0x70, 0x00, 0x4A, 0x00, 0x00, 0x00,
    0x03, 0x30, 0x00, 0x11, 0x00, 0x00, 0x00, 0x02, 0x6E, 0x00, 0x05, 0x00,
    0x00, 0x00, 0x74, 0x65, 0x78, 0x74, 0x00, 0x00, 0x03, 0x31, 0x00, 0x13,
    0x00, 0x00, 0x00, 0x02, 0x6E, 0x00, 0x07, 0x00, 0x00, 0x00, 0x6E, 0x65,
    0x65, 0x64, 0x6C, 0x65, 0x00, 0x00, 0x03, 0x32, 0x00, 0x18, 0x00, 0x00,
    0x00, 0x02, 0x6E, 0x00, 0x0C, 0x00, 0x00, 0x00, 0x72, 0x65, 0x70, 0x6C,
    0x61, 0x63, 0x65, 0x6D, 0x65, 0x6E, 0x74, 0x00, 0x00, 0x00, 0x10, 0x6C,
    0x00, 0x0A, 0x00, 0x00, 0x00, 0x10, 0x63, 0x00, 0x30, 0x0A, 0x00, 0x00,
    0x10, 0x66, 0x00, 0x00, 0x00, 0x00, 0x00, 0x00, 0x03, 0x33, 0x36, 0x00,
    0x48, 0x00, 0x00, 0x00, 0x02, 0x6E, 0x00, 0x0B, 0x00, 0x00, 0x00, 0x5F,
    0x63, 0x5F, 0x63, 0x6F, 0x6D, 0x6D, 0x65, 0x6E, 0x74, 0x00, 0x04, 0x70,
    0x00, 0x19, 0x00, 0x00, 0x00, 0x03, 0x30, 0x00, 0x11, 0x00, 0x00, 0x00,
    0x02, 0x6E, 0x00, 0x05, 0x00, 0x00, 0x00, 0x74, 0x65, 0x78, 0x74, 0x00,
    0x00, 0x00, 0x10, 0x6C, 0x00, 0x08, 0x00, 0x00, 0x00, 0x10, 0x63, 0x00,
    0x6A, 0x0A, 0x00, 0x00, 0x10, 0x66, 0x00, 0x00, 0x00, 0x00, 0x00, 0x00,
    0x03, 0x33, 0x37, 0x00, 0x68, 0x00, 0x00, 0x00, 0x02, 0x6E, 0x00, 0x05,
    0x00, 0x00, 0x00, 0x74, 0x6F, 0x5F, 0x63, 0x00, 0x04, 0x70, 0x00, 0x3F,
    0x00, 0x00, 0x00, 0x03, 0x30, 0x00, 0x12, 0x00, 0x00, 0x00, 0x02, 0x6E,
    0x00, 0x06, 0x00, 0x00, 0x00, 0x69, 0x6D, 0x61, 0x67, 0x65, 0x00, 0x00,
    0x03, 0x31, 0x00, 0x22, 0x00, 0x00, 0x00, 0x02, 0x6E, 0x00, 0x0F, 0x00,
    0x00, 0x00, 0x68, 0x65, 0x61, 0x64, 0x65, 0x72, 0x5F, 0x69, 0x6E, 0x63,
    0x6C, 0x75, 0x64, 0x65, 0x00, 0x10, 0x64, 0x00, 0x68, 0x00, 0x00, 0x00,
    0x00, 0x00, 0x10, 0x6C, 0x00, 0x2C, 0x00, 0x00, 0x00, 0x10, 0x63, 0x00,
    0x85, 0x0A, 0x00, 0x00, 0x10, 0x66, 0x00, 0x00, 0x00, 0x00, 0x00, 0x00,
    0x00,
};

static const uint8_t image_classes[] = {
    0x05, 0x00, 0x00, 0x00, 0x00,
};

static const uint8_t image_messages[] = {
    0x4A, 0x00, 0x00, 0x00, 0x03, 0x30, 0x00, 0x14, 0x00, 0x00, 0x00, 0x04,
    0x70, 0x00, 0x0C, 0x00, 0x00, 0x00, 0x10, 0x30, 0x00, 0x00, 0x00, 0x00,
    0x00, 0x00, 0x00, 0x03, 0x31, 0x00, 0x14, 0x00, 0x00, 0x00, 0x04, 0x70,
    0x00, 0x0C, 0x00, 0x00, 0x00, 0x10, 0x30, 0x00, 0x01, 0x00, 0x00, 0x00,
    0x00, 0x00, 0x03, 0x32, 0x00, 0x14, 0x00, 0x00, 0x00, 0x04, 0x70, 0x00,
    0x0C, 0x00, 0x00, 0x00, 0x10, 0x30, 0x00, 0x02, 0x00, 0x00, 0x00, 0x00,
    0x00, 0x00,
};

static const uint8_t image_exports[] = {
    0xF6, 0x03, 0x00, 0x00, 0x10, 0x62, 0x6A, 0x73, 0x6F, 0x6E, 0x00, 0x00,
    0x00, 0x00, 0x00, 0x10, 0x6F, 0x70, 0x63, 0x6F, 0x64, 0x65, 0x73, 0x00,
    0x01, 0x00, 0x00, 0x00, 0x10, 0x6D, 0x61, 0x6B, 0x65, 0x5F, 0x69, 0x6D,
    0x61, 0x67, 0x65, 0x00, 0x02, 0x00, 0x00, 0x00, 0x10, 0x6D, 0x61, 0x6B,
    0x65, 0x5F, 0x70, 0x61, 0x72, 0x61, 0x6D, 0x00, 0x03, 0x00, 0x00, 0x00,
    0x10, 0x6D, 0x61, 0x6B, 0x65, 0x5F, 0x66, 0x75, 0x6E, 0x63, 0x74, 0x69,
    0x6F, 0x6E, 0x00, 0x04, 0x00, 0x00, 0x00, 0x10, 0x5F, 0x68, 0x65, 0x61,
    0x64, 0x65, 0x72, 0x5F, 0x64, 0x6F, 0x63, 0x00, 0x05, 0x00, 0x00, 0x00,
    0x10, 0x5F, 0x66, 0x75, 0x6E, 0x63, 0x74, 0x69, 0x6F, 0x6E, 0x5F, 0x64,
    0x6F, 0x63, 0x00, 0x06, 0x00, 0x00, 0x00, 0x10, 0x5F, 0x66, 0x75, 0x6E,
    0x63, 0x74, 0x69, 0x6F, 0x6E, 0x5F, 0x64, 0x6F, 0x63, 0x73, 0x00, 0x07,
    0x00, 0x00, 0x00, 0x10, 0x5F, 0x73, 0x6C, 0x6F, 0x74, 0x5F, 0x64, 0x6F,
    0x63, 0x00, 0x08, 0x00, 0x00, 0x00, 0x10, 0x5F, 0x63, 0x6C, 0x61, 0x73,
    0x73, 0x5F, 0x64, 0x6F, 0x63, 0x00, 0x09, 0x00, 0x00, 0x00, 0x10, 0x5F,
    0x63, 0x6C, 0x61, 0x73, 0x73, 0x5F, 0x64, 0x6F, 0x63, 0x73, 0x00, 0x0A,
    0x00, 0x00, 0x00, 0x10, 0x5F, 0x6D, 0x65, 0x73, 0x73, 0x61, 0x67, 0x65,
    0x5F, 0x64, 0x6F, 0x63, 0x73, 0x00, 0x0B, 0x00, 0x00, 0x00, 0x10, 0x63,
    0x6F, 0x64, 0x65, 0x5F, 0x62, 0x79, 0x74, 0x65, 0x73, 0x00, 0x0C, 0x00,
    0x00, 0x00, 0x10, 0x73, 0x65, 0x63, 0x74, 0x69, 0x6F, 0x6E, 0x73, 0x00,
    0x0D, 0x00, 0x00, 0x00, 0x10, 0x74, 0x6F, 0x5F, 0x77, 0x79, 0x63, 0x00,
    0x0E, 0x00, 0x00, 0x00, 0x10, 0x5F, 0x6A, 0x6F, 0x69, 0x6E, 0x00, 0x0F,
    0x00, 0x00, 0x00, 0x10, 0x5F, 0x70, 0x61, 0x64, 0x5F, 0x74, 0x6F, 0x00,
    0x10, 0x00, 0x00, 0x00, 0x10, 0x5F, 0x68, 0x65, 0x78, 0x34, 0x00, 0x11,
    0x00, 0x00, 0x00, 0x10, 0x5F, 0x68, 0x65, 0x78, 0x38, 0x00, 0x12, 0x00,
    0x00, 0x00, 0x10, 0x5F, 0x65, 0x6C, 0x65, 0x6D, 0x65, 0x6E, 0x74, 0x5F,
    0x6C, 0x65, 0x6E, 0x00, 0x13, 0x00, 0x00, 0x00, 0x10, 0x5F, 0x73, 0x74,
    0x61, 0x74, 0x69, 0x63, 0x5F, 0x6B, 0x69, 0x6E, 0x64, 0x00, 0x14, 0x00,
    0x00, 0x00, 0x10, 0x5F, 0x65, 0x73, 0x63, 0x61, 0x70, 0x65, 0x5F, 0x73,
    0x74, 0x72, 0x00, 0x15, 0x00, 0x00, 0x00, 0x10, 0x5F, 0x73, 0x74, 0x61,
    0x74, 0x69, 0x63, 0x5F, 0x72, 0x65, 0x70, 0x72, 0x00, 0x16, 0x00, 0x00,
    0x00, 0x10, 0x5F, 0x64, 0x6F, 0x63, 0x5F, 0x76, 0x61, 0x6C, 0x75, 0x65,
    0x5F, 0x72, 0x65, 0x70, 0x72, 0x00, 0x17, 0x00, 0x00, 0x00, 0x10, 0x5F,
    0x66, 0x75, 0x6E, 0x63, 0x74, 0x69, 0x6F, 0x6E, 0x5F, 0x6E, 0x6F, 0x74,
    0x65, 0x00, 0x18, 0x00, 0x00, 0x00, 0x10, 0x5F, 0x6D, 0x65, 0x73, 0x73,
    0x61, 0x67, 0x65, 0x5F, 0x6E, 0x6F, 0x74, 0x65, 0x00, 0x19, 0x00, 0x00,
    0x00, 0x10, 0x5F, 0x61, 0x72, 0x72, 0x61, 0x79, 0x5F, 0x6E, 0x6F, 0x74,
    0x65, 0x00, 0x1A, 0x00, 0x00, 0x00, 0x10, 0x5F, 0x61, 0x72, 0x72, 0x61,
    0x79, 0x5F, 0x61, 0x6E, 0x6E, 0x6F, 0x74, 0x61, 0x74, 0x69, 0x6F, 0x6E,
    0x73, 0x00, 0x1B, 0x00, 0x00, 0x00, 0x10, 0x5F, 0x64, 0x6F, 0x63, 0x75,
    0x6D, 0x65, 0x6E, 0x74, 0x5F, 0x61, 0x6E, 0x6E, 0x6F, 0x74, 0x61, 0x74,
    0x69, 0x6F, 0x6E, 0x73, 0x00, 0x1C, 0x00, 0x00, 0x00, 0x10, 0x5F, 0x73,
    0x65, 0x63, 0x74, 0x69, 0x6F, 0x6E, 0x5F, 0x61, 0x6E, 0x6E, 0x6F, 0x74,
    0x61, 0x74, 0x69, 0x6F, 0x6E, 0x73, 0x00, 0x1D, 0x00, 0x00, 0x00, 0x10,
    0x5F, 0x68, 0x65, 0x78, 0x5F, 0x6C, 0x69, 0x73, 0x74, 0x69, 0x6E, 0x67,
    0x00, 0x1E, 0x00, 0x00, 0x00, 0x10, 0x5F, 0x67, 0x6C, 0x6F, 0x62, 0x61,
    0x6C, 0x5F, 0x6E, 0x61, 0x6D, 0x65, 0x73, 0x00, 0x1F, 0x00, 0x00, 0x00,
    0x10, 0x5F, 0x64, 0x65, 0x73, 0x63, 0x72, 0x69, 0x62, 0x65, 0x00, 0x20,
    0x00, 0x00, 0x00, 0x10, 0x5F, 0x61, 0x6E, 0x6E, 0x6F, 0x74, 0x61, 0x74,
    0x65, 0x00, 0x21, 0x00, 0x00, 0x00, 0x10, 0x5F, 0x63, 0x6F, 0x64, 0x65,
    0x5F, 0x6C, 0x69, 0x73, 0x74, 0x69, 0x6E, 0x67, 0x00, 0x22, 0x00, 0x00,
    0x00, 0x10, 0x74, 0x6F, 0x5F, 0x77, 0x79, 0x61, 0x00, 0x23, 0x00, 0x00,
    0x00, 0x10, 0x5F, 0x69, 0x73, 0x5F, 0x69, 0x64, 0x65, 0x6E, 0x74, 0x69,
    0x66, 0x69, 0x65, 0x72, 0x00, 0x24, 0x00, 0x00, 0x00, 0x10, 0x5F, 0x72,
    0x65, 0x70, 0x6C, 0x61, 0x63, 0x65, 0x5F, 0x61, 0x6C, 0x6C, 0x00, 0x25,
    0x00, 0x00, 0x00, 0x10, 0x5F, 0x63, 0x5F, 0x63, 0x6F, 0x6D, 0x6D, 0x65,
    0x6E, 0x74, 0x00, 0x26, 0x00, 0x00, 0x00, 0x10, 0x74, 0x6F, 0x5F, 0x63,
    0x00, 0x27, 0x00, 0x00, 0x00, 0x10, 0x53, 0x45, 0x43, 0x5F, 0x48, 0x45,
    0x41, 0x44, 0x45, 0x52, 0x00, 0x28, 0x00, 0x00, 0x00, 0x10, 0x53, 0x45,
    0x43, 0x5F, 0x53, 0x54, 0x41, 0x54, 0x49, 0x43, 0x53, 0x00, 0x29, 0x00,
    0x00, 0x00, 0x10, 0x53, 0x45, 0x43, 0x5F, 0x53, 0x4C, 0x4F, 0x54, 0x5F,
    0x44, 0x45, 0x46, 0x41, 0x55, 0x4C, 0x54, 0x53, 0x00, 0x2A, 0x00, 0x00,
    0x00, 0x10, 0x53, 0x45, 0x43, 0x5F, 0x53, 0x59, 0x4D, 0x42, 0x4F, 0x4C,
    0x53, 0x00, 0x2B, 0x00, 0x00, 0x00, 0x10, 0x53, 0x45, 0x43, 0x5F, 0x46,
    0x55, 0x4E, 0x43, 0x54, 0x49, 0x4F, 0x4E, 0x53, 0x00, 0x2C, 0x00, 0x00,
    0x00, 0x10, 0x53, 0x45, 0x43, 0x5F, 0x43, 0x4C, 0x41, 0x53, 0x53, 0x45,
    0x53, 0x00, 0x2D, 0x00, 0x00, 0x00, 0x10, 0x53, 0x45, 0x43, 0x5F, 0x4D,
    0x45, 0x53, 0x53, 0x41, 0x47, 0x45, 0x53, 0x00, 0x2E, 0x00, 0x00, 0x00,
    0x10, 0x53, 0x45, 0x43, 0x5F, 0x43, 0x4F, 0x44, 0x45, 0x00, 0x2F, 0x00,
    0x00, 0x00, 0x10, 0x53, 0x45, 0x43, 0x5F, 0x45, 0x58, 0x50, 0x4F, 0x52,
    0x54, 0x53, 0x00, 0x30, 0x00, 0x00, 0x00, 0x10, 0x53, 0x45, 0x43, 0x5F,
    0x46, 0x52, 0x45, 0x45, 0x00, 0x31, 0x00, 0x00, 0x00, 0x10, 0x57, 0x59,
    0x43, 0x5F, 0x4D, 0x41, 0x47, 0x49, 0x43, 0x5F, 0x57, 0x00, 0x32, 0x00,
    0x00, 0x00, 0x10, 0x57, 0x59, 0x43, 0x5F, 0x4D, 0x41, 0x47, 0x49, 0x43,
    0x5F, 0x59, 0x00, 0x33, 0x00, 0x00, 0x00, 0x10, 0x57, 0x59, 0x43, 0x5F,
    0x4D, 0x41, 0x47, 0x49, 0x43, 0x5F, 0x43, 0x00, 0x34, 0x00, 0x00, 0x00,
    0x10, 0x43, 0x4F, 0x4E, 0x54, 0x41, 0x49, 0x4E, 0x45, 0x52, 0x5F, 0x56,
    0x45, 0x52, 0x53, 0x49, 0x4F, 0x4E, 0x00, 0x35, 0x00, 0x00, 0x00, 0x10,
    0x41, 0x4C, 0x4C, 0x5F, 0x53, 0x45, 0x43, 0x54, 0x49, 0x4F, 0x4E, 0x5F,
    0x49, 0x44, 0x53, 0x00, 0x36, 0x00, 0x00, 0x00, 0x10, 0x57, 0x59, 0x41,
    0x5F, 0x4D, 0x41, 0x47, 0x49, 0x43, 0x00, 0x37, 0x00, 0x00, 0x00, 0x10,
    0x53, 0x45, 0x43, 0x54, 0x49, 0x4F, 0x4E, 0x5F, 0x4E, 0x41, 0x4D, 0x45,
    0x53, 0x00, 0x38, 0x00, 0x00, 0x00, 0x10, 0x53, 0x45, 0x43, 0x5F, 0x4D,
    0x41, 0x43, 0x52, 0x4F, 0x00, 0x39, 0x00, 0x00, 0x00, 0x10, 0x43, 0x4F,
    0x4D, 0x4D, 0x45, 0x4E, 0x54, 0x5F, 0x43, 0x4F, 0x4C, 0x55, 0x4D, 0x4E,
    0x00, 0x3A, 0x00, 0x00, 0x00, 0x00,
};

static const uint8_t image_free[] = {
    0x94, 0x00, 0x00, 0x00, 0x10, 0x6C, 0x65, 0x6E, 0x00, 0x3B, 0x00, 0x00,
    0x00, 0x10, 0x62, 0x79, 0x74, 0x65, 0x73, 0x00, 0x3C, 0x00, 0x00, 0x00,
    0x10, 0x65, 0x6E, 0x63, 0x6F, 0x64, 0x65, 0x5F, 0x64, 0x6F, 0x63, 0x75,
    0x6D, 0x65, 0x6E, 0x74, 0x00, 0x3D, 0x00, 0x00, 0x00, 0x10, 0x65, 0x6E,
    0x63, 0x6F, 0x64, 0x65, 0x5F, 0x61, 0x72, 0x72, 0x61, 0x79, 0x00, 0x3E,
    0x00, 0x00, 0x00, 0x10, 0x5F, 0x68, 0x65, 0x78, 0x5F, 0x64, 0x69, 0x67,
    0x69, 0x74, 0x73, 0x00, 0x3F, 0x00, 0x00, 0x00, 0x10, 0x5F, 0x63, 0x68,
    0x61, 0x72, 0x5F, 0x66, 0x72, 0x6F, 0x6D, 0x5F, 0x63, 0x70, 0x00, 0x40,
    0x00, 0x00, 0x00, 0x10, 0x73, 0x74, 0x72, 0x00, 0x41, 0x00, 0x00, 0x00,
    0x10, 0x5F, 0x68, 0x65, 0x78, 0x32, 0x00, 0x42, 0x00, 0x00, 0x00, 0x10,
    0x64, 0x69, 0x73, 0x61, 0x73, 0x73, 0x65, 0x6D, 0x62, 0x6C, 0x65, 0x00,
    0x43, 0x00, 0x00, 0x00, 0x10, 0x65, 0x72, 0x72, 0x6F, 0x72, 0x00, 0x44,
    0x00, 0x00, 0x00, 0x00,
};

static const uint32_t image_code[] = {
    0x00000047,                /* 0000  import L0 <- static#0   ("bjson") */
    0x00000043,                /* 0001  gset g0 <- L0   (bjson) */
    0x000000B5, 0x00000000,    /* 0002  import_star static#0 except 0, 0 names   ("bjson") */
    0x00010047,                /* 0004  import L0 <- static#1   ("opcodes") */
    0x00010043,                /* 0005  gset g1 <- L0   (opcodes) */
    0x000100B5, 0x00000000,    /* 0006  import_star static#1 except 0, 0 names   ("opcodes") */
    0x00000140,                /* 0008  i8 L0 <- 1 */
    0x00280043,                /* 0009  gset g40 <- L0   (SEC_HEADER) */
    0x00000240,                /* 000A  i8 L0 <- 2 */
    0x00290043,                /* 000B  gset g41 <- L0   (SEC_STATICS) */
    0x00000340,                /* 000C  i8 L0 <- 3 */
    0x002A0043,                /* 000D  gset g42 <- L0   (SEC_SLOT_DEFAULTS) */
    0x00000440,                /* 000E  i8 L0 <- 4 */
    0x002B0043,                /* 000F  gset g43 <- L0   (SEC_SYMBOLS) */
    0x00000540,                /* 0010  i8 L0 <- 5 */
    0x002C0043,                /* 0011  gset g44 <- L0   (SEC_FUNCTIONS) */
    0x00000640,                /* 0012  i8 L0 <- 6 */
    0x002D0043,                /* 0013  gset g45 <- L0   (SEC_CLASSES) */
    0x00000740,                /* 0014  i8 L0 <- 7 */
    0x002E0043,                /* 0015  gset g46 <- L0   (SEC_MESSAGES) */
    0x00000840,                /* 0016  i8 L0 <- 8 */
    0x002F0043,                /* 0017  gset g47 <- L0   (SEC_CODE) */
    0x00000A40,                /* 0018  i8 L0 <- 10 */
    0x00300043,                /* 0019  gset g48 <- L0   (SEC_EXPORTS) */
    0x00000B40,                /* 001A  i8 L0 <- 11 */
    0x00310043,                /* 001B  gset g49 <- L0   (SEC_FREE) */
    0x00005740,                /* 001C  i8 L0 <- 87 */
    0x00320043,                /* 001D  gset g50 <- L0   (WYC_MAGIC_W) */
    0x00005940,                /* 001E  i8 L0 <- 89 */
    0x00330043,                /* 001F  gset g51 <- L0   (WYC_MAGIC_Y) */
    0x00004340,                /* 0020  i8 L0 <- 67 */
    0x00340043,                /* 0021  gset g52 <- L0   (WYC_MAGIC_C) */
    0x00000140,                /* 0022  i8 L0 <- 1 */
    0x00350043,                /* 0023  gset g53 <- L0   (CONTAINER_VERSION) */
    0x00280142,                /* 0024  gget L1 <- g40   (SEC_HEADER) */
    0x00290242,                /* 0025  gget L2 <- g41   (SEC_STATICS) */
    0x002A0342,                /* 0026  gget L3 <- g42   (SEC_SLOT_DEFAULTS) */
    0x002B0442,                /* 0027  gget L4 <- g43   (SEC_SYMBOLS) */
    0x002C0542,                /* 0028  gget L5 <- g44   (SEC_FUNCTIONS) */
    0x002D0642,                /* 0029  gget L6 <- g45   (SEC_CLASSES) */
    0x002E0742,                /* 002A  gget L7 <- g46   (SEC_MESSAGES) */
    0x002F0842,                /* 002B  gget L8 <- g47   (SEC_CODE) */
    0x00300942,                /* 002C  gget L9 <- g48   (SEC_EXPORTS) */
    0x00310A42,                /* 002D  gget L10 <- g49   (SEC_FREE) */
    0x00000A82, 0x00010000,    /* 002E  list L0 <- L1, 10 items */
    0x00360043,                /* 0030  gset g54 <- L0   (ALL_SECTION_IDS) */
    0x00020046,                /* 0031  lconst L0 <- static#2   ("WYA 1") */
    0x00370043,                /* 0032  gset g55 <- L0   (WYA_MAGIC) */
    0x00280142,                /* 0033  gget L1 <- g40   (SEC_HEADER) */
    0x00030246,                /* 0034  lconst L2 <- static#3   ("header") */
    0x00290342,                /* 0035  gget L3 <- g41   (SEC_STATICS) */
    0x00040446,                /* 0036  lconst L4 <- static#4   ("statics") */
    0x002A0542,                /* 0037  gget L5 <- g42   (SEC_SLOT_DEFAULTS) */
    0x00050646,                /* 0038  lconst L6 <- static#5   ("slot_defaults") */
    0x002B0742,                /* 0039  gget L7 <- g43   (SEC_SYMBOLS) */
    0x00060846,                /* 003A  lconst L8 <- static#6   ("symbols") */
    0x002C0942,                /* 003B  gget L9 <- g44   (SEC_FUNCTIONS) */
    0x00070A46,                /* 003C  lconst L10 <- static#7   ("functions") */
    0x002D0B42,                /* 003D  gget L11 <- g45   (SEC_CLASSES) */
    0x00080C46,                /* 003E  lconst L12 <- static#8   ("classes") */
    0x002E0D42,                /* 003F  gget L13 <- g46   (SEC_MESSAGES) */
    0x00090E46,                /* 0040  lconst L14 <- static#9   ("messages") */
    0x002F0F42,                /* 0041  gget L15 <- g47   (SEC_CODE) */
    0x000A1046,                /* 0042  lconst L16 <- static#10   ("code") */
    0x00301142,                /* 0043  gget L17 <- g48   (SEC_EXPORTS) */
    0x000B1246,                /* 0044  lconst L18 <- static#11   ("exports") */
    0x00311342,                /* 0045  gget L19 <- g49   (SEC_FREE) */
    0x000C1446,                /* 0046  lconst L20 <- static#12   ("free") */
    0x00000A83, 0x00010000,    /* 0047  dict L0 <- L1, 10 pairs */
    0x00380043,                /* 0049  gset g56 <- L0   (SECTION_NAMES) */
    0x00280142,                /* 004A  gget L1 <- g40   (SEC_HEADER) */
    0x000D0246,                /* 004B  lconst L2 <- static#13   ("WY_SEC_HEADER") */
    0x00290342,                /* 004C  gget L3 <- g41   (SEC_STATICS) */
    0x000E0446,                /* 004D  lconst L4 <- static#14   ("WY_SEC_STATICS") */
    0x002A0542,                /* 004E  gget L5 <- g42   (SEC_SLOT_DEFAULTS) */
    0x000F0646,                /* 004F  lconst L6 <- static#15   ("WY_SEC_SLOT_DEFAULTS") */
    0x002B0742,                /* 0050  gget L7 <- g43   (SEC_SYMBOLS) */
    0x00100846,                /* 0051  lconst L8 <- static#16   ("WY_SEC_SYMBOLS") */
    0x002C0942,                /* 0052  gget L9 <- g44   (SEC_FUNCTIONS) */
    0x00110A46,                /* 0053  lconst L10 <- static#17   ("WY_SEC_FUNCTIONS") */
    0x002D0B42,                /* 0054  gget L11 <- g45   (SEC_CLASSES) */
    0x00120C46,                /* 0055  lconst L12 <- static#18   ("WY_SEC_CLASSES") */
    0x002E0D42,                /* 0056  gget L13 <- g46   (SEC_MESSAGES) */
    0x00130E46,                /* 0057  lconst L14 <- static#19   ("WY_SEC_MESSAGES") */
    0x002F0F42,                /* 0058  gget L15 <- g47   (SEC_CODE) */
    0x00141046,                /* 0059  lconst L16 <- static#20   ("WY_SEC_CODE") */
    0x00301142,                /* 005A  gget L17 <- g48   (SEC_EXPORTS) */
    0x00151246,                /* 005B  lconst L18 <- static#21   ("WY_SEC_EXPORTS") */
    0x00311342,                /* 005C  gget L19 <- g49   (SEC_FREE) */
    0x00161446,                /* 005D  lconst L20 <- static#22   ("WY_SEC_FREE") */
    0x00000A83, 0x00010000,    /* 005E  dict L0 <- L1, 10 pairs */
    0x00390043,                /* 0060  gset g57 <- L0   (SEC_MACRO) */
    0x00003640,                /* 0061  i8 L0 <- 54 */
    0x003A0043,                /* 0062  gset g58 <- L0   (COMMENT_COLUMN) */
    0x000000A8, 0x00000000,    /* 0063  closure L0 <- fn#0, 0 caps */
    0x00020043,                /* 0065  gset g2 <- L0   (make_image) */
    0x000000A8, 0x00010000,    /* 0066  closure L0 <- fn#1, 0 caps */
    0x00030043,                /* 0068  gset g3 <- L0   (make_param) */
    0x000000A8, 0x00020000,    /* 0069  closure L0 <- fn#2, 0 caps */
    0x00040043,                /* 006B  gset g4 <- L0   (make_function) */
    0x000000A8, 0x00030000,    /* 006C  closure L0 <- fn#3, 0 caps */
    0x00050043,                /* 006E  gset g5 <- L0   (_header_doc) */
    0x000000A8, 0x00040000,    /* 006F  closure L0 <- fn#4, 0 caps */
    0x00060043,                /* 0071  gset g6 <- L0   (_function_doc) */
    0x000000A8, 0x00050000,    /* 0072  closure L0 <- fn#5, 0 caps */
    0x00070043,                /* 0074  gset g7 <- L0   (_function_docs) */
    0x000000A8, 0x00060000,    /* 0075  closure L0 <- fn#6, 0 caps */
    0x00080043,                /* 0077  gset g8 <- L0   (_slot_doc) */
    0x000000A8, 0x00070000,    /* 0078  closure L0 <- fn#7, 0 caps */
    0x00090043,                /* 007A  gset g9 <- L0   (_class_doc) */
    0x000000A8, 0x00080000,    /* 007B  closure L0 <- fn#8, 0 caps */
    0x000A0043,                /* 007D  gset g10 <- L0   (_class_docs) */
    0x000000A8, 0x00090000,    /* 007E  closure L0 <- fn#9, 0 caps */
    0x000B0043,                /* 0080  gset g11 <- L0   (_message_docs) */
    0x000000A8, 0x000A0000,    /* 0081  closure L0 <- fn#10, 0 caps */
    0x000C0043,                /* 0083  gset g12 <- L0   (code_bytes) */
    0x000000A8, 0x000B0000,    /* 0084  closure L0 <- fn#11, 0 caps */
    0x000D0043,                /* 0086  gset g13 <- L0   (sections) */
    0x000000A8, 0x000C0000,    /* 0087  closure L0 <- fn#12, 0 caps */
    0x000E0043,                /* 0089  gset g14 <- L0   (to_wyc) */
    0x000000A8, 0x000D0000,    /* 008A  closure L0 <- fn#13, 0 caps */
    0x000F0043,                /* 008C  gset g15 <- L0   (_join) */
    0x000000A8, 0x000E0000,    /* 008D  closure L0 <- fn#14, 0 caps */
    0x00100043,                /* 008F  gset g16 <- L0   (_pad_to) */
    0x000000A8, 0x000F0000,    /* 0090  closure L0 <- fn#15, 0 caps */
    0x00110043,                /* 0092  gset g17 <- L0   (_hex4) */
    0x000000A8, 0x00100000,    /* 0093  closure L0 <- fn#16, 0 caps */
    0x00120043,                /* 0095  gset g18 <- L0   (_hex8) */
    0x000000A8, 0x00110000,    /* 0096  closure L0 <- fn#17, 0 caps */
    0x00130043,                /* 0098  gset g19 <- L0   (_element_len) */
    0x000000A8, 0x00120000,    /* 0099  closure L0 <- fn#18, 0 caps */
    0x00140043,                /* 009B  gset g20 <- L0   (_static_kind) */
    0x000000A8, 0x00130000,    /* 009C  closure L0 <- fn#19, 0 caps */
    0x00150043,                /* 009E  gset g21 <- L0   (_escape_str) */
    0x000000A8, 0x00140000,    /* 009F  closure L0 <- fn#20, 0 caps */
    0x00160043,                /* 00A1  gset g22 <- L0   (_static_repr) */
    0x000000A8, 0x00150000,    /* 00A2  closure L0 <- fn#21, 0 caps */
    0x00170043,                /* 00A4  gset g23 <- L0   (_doc_value_repr) */
    0x000000A8, 0x00160000,    /* 00A5  closure L0 <- fn#22, 0 caps */
    0x00180043,                /* 00A7  gset g24 <- L0   (_function_note) */
    0x000000A8, 0x00170000,    /* 00A8  closure L0 <- fn#23, 0 caps */
    0x00190043,                /* 00AA  gset g25 <- L0   (_message_note) */
    0x000000A8, 0x00180000,    /* 00AB  closure L0 <- fn#24, 0 caps */
    0x001A0043,                /* 00AD  gset g26 <- L0   (_array_note) */
    0x000000A8, 0x00190000,    /* 00AE  closure L0 <- fn#25, 0 caps */
    0x001B0043,                /* 00B0  gset g27 <- L0   (_array_annotations) */
    0x000000A8, 0x001A0000,    /* 00B1  closure L0 <- fn#26, 0 caps */
    0x001C0043,                /* 00B3  gset g28 <- L0   (_document_annotations) */
    0x000000A8, 0x001B0000,    /* 00B4  closure L0 <- fn#27, 0 caps */
    0x001D0043,                /* 00B6  gset g29 <- L0   (_section_annotations) */
    0x000000A8, 0x001C0000,    /* 00B7  closure L0 <- fn#28, 0 caps */
    0x001E0043,                /* 00B9  gset g30 <- L0   (_hex_listing) */
    0x000000A8, 0x001D0000,    /* 00BA  closure L0 <- fn#29, 0 caps */
    0x001F0043,                /* 00BC  gset g31 <- L0   (_global_names) */
    0x000000A8, 0x001E0000,    /* 00BD  closure L0 <- fn#30, 0 caps */
    0x00200043,                /* 00BF  gset g32 <- L0   (_describe) */
    0x000000A8, 0x001F0000,    /* 00C0  closure L0 <- fn#31, 0 caps */
    0x00210043,                /* 00C2  gset g33 <- L0   (_annotate) */
    0x000000A8, 0x00200000,    /* 00C3  closure L0 <- fn#32, 0 caps */
    0x00220043,                /* 00C5  gset g34 <- L0   (_code_listing) */
    0x000000A8, 0x00210000,    /* 00C6  closure L0 <- fn#33, 0 caps */
    0x00230043,                /* 00C8  gset g35 <- L0   (to_wya) */
    0x000000A8, 0x00220000,    /* 00C9  closure L0 <- fn#34, 0 caps */
    0x00240043,                /* 00CB  gset g36 <- L0   (_is_identifier) */
    0x000000A8, 0x00230000,    /* 00CC  closure L0 <- fn#35, 0 caps */
    0x00250043,                /* 00CE  gset g37 <- L0   (_replace_all) */
    0x000000A8, 0x00240000,    /* 00CF  closure L0 <- fn#36, 0 caps */
    0x00260043,                /* 00D1  gset g38 <- L0   (_c_comment) */
    0x000000A8, 0x00250000,    /* 00D2  closure L0 <- fn#37, 0 caps */
    0x00270043,                /* 00D4  gset g39 <- L0   (to_c) */
    0x00000002,                /* 00D5  return count=0 */
    0x00170046,                /* 00D6  lconst L0 <- static#23   ("name") */
    0x00018041,                /* 00D7  move L1 <- P0 */
    0x00180246,                /* 00D8  lconst L2 <- static#24   ("version") */
    0x00038141,                /* 00D9  move L3 <- P1 */
    0x00190446,                /* 00DA  lconst L4 <- static#25   ("globals") */
    0x00058241,                /* 00DB  move L5 <- P2 */
    0x001A0646,                /* 00DC  lconst L6 <- static#26   ("init_l") */
    0x00078341,                /* 00DD  move L7 <- P3 */
    0x00040846,                /* 00DE  lconst L8 <- static#4   ("statics") */
    0x00090003,                /* 00DF  lnil L9 */
    0x00050A46,                /* 00E0  lconst L10 <- static#5   ("slot_defaults") */
    0x000B0003,                /* 00E1  lnil L11 */
    0x00060C46,                /* 00E2  lconst L12 <- static#6   ("symbols") */
    0x000D0003,                /* 00E3  lnil L13 */
    0x00070E46,                /* 00E4  lconst L14 <- static#7   ("functions") */
    0x000F0003,                /* 00E5  lnil L15 */
    0x00081046,                /* 00E6  lconst L16 <- static#8   ("classes") */
    0x00110003,                /* 00E7  lnil L17 */
    0x00091246,                /* 00E8  lconst L18 <- static#9   ("messages") */
    0x00130003,                /* 00E9  lnil L19 */
    0x000B1446,                /* 00EA  lconst L20 <- static#11   ("exports") */
    0x00150003,                /* 00EB  lnil L21 */
    0x000C1646,                /* 00EC  lconst L22 <- static#12   ("free") */
    0x00170003,                /* 00ED  lnil L23 */
    0x000A1846,                /* 00EE  lconst L24 <- static#10   ("code") */
    0x00190082, 0x00190000,    /* 00EF  list L25 <- L25, 0 items */
    0x001A0D83, 0x00000000,    /* 00F1  dict L26 <- L0, 13 pairs */
    0x001A0102,                /* 00F3  return L26 count=1 */
    0x00170046,                /* 00F4  lconst L0 <- static#23   ("name") */
    0x00018041,                /* 00F5  move L1 <- P0 */
    0x001C0246,                /* 00F6  lconst L2 <- static#28   ("default") */
    0x00038141,                /* 00F7  move L3 <- P1 */
    0x00040283, 0x00000000,    /* 00F8  dict L4 <- L0, 2 pairs */
    0x00040102,                /* 00FA  return L4 count=1 */
    0x00000005,                /* 00FB  lunset L0 */
    0x001E0146,                /* 00FC  lconst L1 <- static#30   ("nil") */
    0x00020097, 0x80010001,    /* 00FD  is L2 <- P1 is L1 */
    0x0003024B,                /* 00FF  jf L2, +3 */
    0x00000082, 0x00010000,    /* 0100  list L0 <- L1, 0 items */
    0x0001004F,                /* 0102  jmp +1 */
    0x00008141,                /* 0103  move L0 <- P1 */
    0x00170146,                /* 0104  lconst L1 <- static#23   ("name") */
    0x00028041,                /* 0105  move L2 <- P0 */
    0x001F0346,                /* 0106  lconst L3 <- static#31   ("params") */
    0x00040041,                /* 0107  move L4 <- L0 */
    0x00200546,                /* 0108  lconst L5 <- static#32   ("nlocals") */
    0x00068241,                /* 0109  move L6 <- P2 */
    0x00210746,                /* 010A  lconst L7 <- static#33   ("code_offset") */
    0x00088341,                /* 010B  move L8 <- P3 */
    0x00220946,                /* 010C  lconst L9 <- static#34   ("flags") */
    0x000A8441,                /* 010D  move L10 <- P4 */
    0x00230B46,                /* 010E  lconst L11 <- static#35   ("dispatch") */
    0x000C8541,                /* 010F  move L12 <- P5 */
    0x00240D46,                /* 0110  lconst L13 <- static#36   ("ncaptures") */
    0x000E8641,                /* 0111  move L14 <- P6 */
    0x00250F46,                /* 0112  lconst L15 <- static#37   ("nresults") */
    0x00108741,                /* 0113  move L16 <- P7 */
    0x00110883, 0x00010000,    /* 0114  dict L17 <- L1, 8 pairs */
    0x00110102,                /* 0116  return L17 count=1 */
    0x00260046,                /* 0117  lconst L0 <- static#38   ("n") */
    0x00170146,                /* 0118  lconst L1 <- static#23   ("name") */
    0x00020098, 0x80000001,    /* 0119  getidx L2 <- P0[L1] */
    0x00010241,                /* 011B  move L1 <- L2 */
    0x00270246,                /* 011C  lconst L2 <- static#39   ("v") */
    0x00180346,                /* 011D  lconst L3 <- static#24   ("version") */
    0x00040098, 0x80000003,    /* 011E  getidx L4 <- P0[L3] */
    0x00030441,                /* 0120  move L3 <- L4 */
    0x00280446,                /* 0121  lconst L4 <- static#40   ("g") */
    0x00190546,                /* 0122  lconst L5 <- static#25   ("globals") */
    0x00060098, 0x80000005,    /* 0123  getidx L6 <- P0[L5] */
    0x00050641,                /* 0125  move L5 <- L6 */
    0x00290646,                /* 0126  lconst L6 <- static#41   ("l") */
    0x001A0746,                /* 0127  lconst L7 <- static#26   ("init_l") */
    0x00080098, 0x80000007,    /* 0128  getidx L8 <- P0[L7] */
    0x00070841,                /* 012A  move L7 <- L8 */
    0x00080483, 0x00000000,    /* 012B  dict L8 <- L0, 4 pairs */
    0x00080102,                /* 012D  return L8 count=1 */
    0x00000083, 0x00040000,    /* 012E  dict L0 <- L4, 0 pairs */
    0x00260446,                /* 0130  lconst L4 <- static#38   ("n") */
    0x00170646,                /* 0131  lconst L6 <- static#23   ("name") */
    0x00050098, 0x80000006,    /* 0132  getidx L5 <- P0[L6] */
    0x00000099, 0x00040005,    /* 0134  setidx L0[L4] <- L5 */
    0x00010082, 0x00040000,    /* 0136  list L1 <- L4, 0 items */
    0x001F0446,                /* 0138  lconst L4 <- static#31   ("params") */
    0x00050098, 0x80000004,    /* 0139  getidx L5 <- P0[L4] */
    0x000600AE, 0x00050000,    /* 013B  iter L6 <- L5 */
    0x000200AF, 0x0006001B,    /* 013D  itnext L2 <- L6, done +27 */
    0x00030083, 0x00070000,    /* 013F  dict L3 <- L7, 0 pairs */
    0x00260746,                /* 0141  lconst L7 <- static#38   ("n") */
    0x00170946,                /* 0142  lconst L9 <- static#23   ("name") */
    0x00080098, 0x00020009,    /* 0143  getidx L8 <- L2[L9] */
    0x00030099, 0x00070008,    /* 0145  setidx L3[L7] <- L8 */
    0x001C0746,                /* 0147  lconst L7 <- static#28   ("default") */
    0x00080098, 0x00020007,    /* 0148  getidx L8 <- L2[L7] */
    0x001E0946,                /* 014A  lconst L9 <- static#30   ("nil") */
    0x000A0097, 0x00080009,    /* 014B  is L10 <- L8 is L9 */
    0x000B0A4A,                /* 014D  not L11 <- L10 */
    0x00060B4B,                /* 014E  jf L11, +6 */
    0x002A0746,                /* 014F  lconst L7 <- static#42   ("d") */
    0x001C0946,                /* 0150  lconst L9 <- static#28   ("default") */
    0x00080098, 0x00020009,    /* 0151  getidx L8 <- L2[L9] */
    0x00030099, 0x00070008,    /* 0153  setidx L3[L7] <- L8 */
    0x00070141,                /* 0155  move L7 <- L1 */
    0x00080341,                /* 0156  move L8 <- L3 */
    0x000701A2, 0x00000001,    /* 0157  msg base=L7 argc=1 msg#0 nres=1   (append) */
    0xFFE3004F,                /* 0159  jmp -29 */
    0x002B0446,                /* 015A  lconst L4 <- static#43   ("p") */
    0x00050141,                /* 015B  move L5 <- L1 */
    0x00000099, 0x00040005,    /* 015C  setidx L0[L4] <- L5 */
    0x00290446,                /* 015E  lconst L4 <- static#41   ("l") */
    0x00200646,                /* 015F  lconst L6 <- static#32   ("nlocals") */
    0x00050098, 0x80000006,    /* 0160  getidx L5 <- P0[L6] */
    0x00000099, 0x00040005,    /* 0162  setidx L0[L4] <- L5 */
    0x002C0446,                /* 0164  lconst L4 <- static#44   ("c") */
    0x00210646,                /* 0165  lconst L6 <- static#33   ("code_offset") */
    0x00050098, 0x80000006,    /* 0166  getidx L5 <- P0[L6] */
    0x00000099, 0x00040005,    /* 0168  setidx L0[L4] <- L5 */
    0x002D0446,                /* 016A  lconst L4 <- static#45   ("f") */
    0x00220646,                /* 016B  lconst L6 <- static#34   ("flags") */
    0x00050098, 0x80000006,    /* 016C  getidx L5 <- P0[L6] */
    0x00000099, 0x00040005,    /* 016E  setidx L0[L4] <- L5 */
    0x00230446,                /* 0170  lconst L4 <- static#35   ("dispatch") */
    0x00050098, 0x80000004,    /* 0171  getidx L5 <- P0[L4] */
    0x001E0646,                /* 0173  lconst L6 <- static#30   ("nil") */
    0x00070097, 0x00050006,    /* 0174  is L7 <- L5 is L6 */
    0x0008074A,                /* 0176  not L8 <- L7 */
    0x0011084B,                /* 0177  jf L8, +17 */
    0x003B0442,                /* 0178  gget L4 <- g59   (len) */
    0x00230546,                /* 0179  lconst L5 <- static#35   ("dispatch") */
    0x00060098, 0x80000005,    /* 017A  getidx L6 <- P0[L5] */
    0x00050641,                /* 017C  move L5 <- L6 */
    0x000401A0, 0x00010000,    /* 017D  call base=L4 argc=1 nres=1 */
    0x00050040,                /* 017F  i8 L5 <- 0 */
    0x00060093, 0x00040005,    /* 0180  gt L6 <- L4 > L5 */
    0x0006064B,                /* 0182  jf L6, +6 */
    0x002E0446,                /* 0183  lconst L4 <- static#46   ("t") */
    0x00230646,                /* 0184  lconst L6 <- static#35   ("dispatch") */
    0x00050098, 0x80000006,    /* 0185  getidx L5 <- P0[L6] */
    0x00000099, 0x00040005,    /* 0187  setidx L0[L4] <- L5 */
    0x00240446,                /* 0189  lconst L4 <- static#36   ("ncaptures") */
    0x00050098, 0x80000004,    /* 018A  getidx L5 <- P0[L4] */
    0x001E0646,                /* 018C  lconst L6 <- static#30   ("nil") */
    0x00070097, 0x00050006,    /* 018D  is L7 <- L5 is L6 */
    0x0008074A,                /* 018F  not L8 <- L7 */
    0x000D084B,                /* 0190  jf L8, +13 */
    0x00240446,                /* 0191  lconst L4 <- static#36   ("ncaptures") */
    0x00050098, 0x80000004,    /* 0192  getidx L5 <- P0[L4] */
    0x00060040,                /* 0194  i8 L6 <- 0 */
    0x00070093, 0x00050006,    /* 0195  gt L7 <- L5 > L6 */
    0x0006074B,                /* 0197  jf L7, +6 */
    0x002F0446,                /* 0198  lconst L4 <- static#47   ("k") */
    0x00240646,                /* 0199  lconst L6 <- static#36   ("ncaptures") */
    0x00050098, 0x80000006,    /* 019A  getidx L5 <- P0[L6] */
    0x00000099, 0x00040005,    /* 019C  setidx L0[L4] <- L5 */
    0x00250446,                /* 019E  lconst L4 <- static#37   ("nresults") */
    0x00050098, 0x80000004,    /* 019F  getidx L5 <- P0[L4] */
    0x001E0646,                /* 01A1  lconst L6 <- static#30   ("nil") */
    0x00070097, 0x00050006,    /* 01A2  is L7 <- L5 is L6 */
    0x0008074A,                /* 01A4  not L8 <- L7 */
    0x000D084B,                /* 01A5  jf L8, +13 */
    0x00250446,                /* 01A6  lconst L4 <- static#37   ("nresults") */
    0x00050098, 0x80000004,    /* 01A7  getidx L5 <- P0[L4] */
    0x00060140,                /* 01A9  i8 L6 <- 1 */
    0x00070090, 0x00050006,    /* 01AA  ne L7 <- L5 != L6 */
    0x0006074B,                /* 01AC  jf L7, +6 */
    0x00300446,                /* 01AD  lconst L4 <- static#48   ("r") */
    0x00250646,                /* 01AE  lconst L6 <- static#37   ("nresults") */
    0x00050098, 0x80000006,    /* 01AF  getidx L5 <- P0[L6] */
    0x00000099, 0x00040005,    /* 01B1  setidx L0[L4] <- L5 */
    0x00000102,                /* 01B3  return L0 count=1 */
    0x00000082, 0x00020000,    /* 01B4  list L0 <- L2, 0 items */
    0x00070246,                /* 01B6  lconst L2 <- static#7   ("functions") */
    0x00030098, 0x80000002,    /* 01B7  getidx L3 <- P0[L2] */
    0x000400AE, 0x00030000,    /* 01B9  iter L4 <- L3 */
    0x000100AF, 0x00040008,    /* 01BB  itnext L1 <- L4, done +8 */
    0x00050041,                /* 01BD  move L5 <- L0 */
    0x00060642,                /* 01BE  gget L6 <- g6   (_function_doc) */
    0x00070141,                /* 01BF  move L7 <- L1 */
    0x000601A0, 0x00010000,    /* 01C0  call base=L6 argc=1 nres=1 */
    0x000501A2, 0x00000001,    /* 01C2  msg base=L5 argc=1 msg#0 nres=1   (append) */
    0xFFF6004F,                /* 01C4  jmp -10 */
    0x00000102,                /* 01C5  return L0 count=1 */
    0x00000083, 0x00010000,    /* 01C6  dict L0 <- L1, 0 pairs */
    0x00260146,                /* 01C8  lconst L1 <- static#38   ("n") */
    0x00170346,                /* 01C9  lconst L3 <- static#23   ("name") */
    0x00020098, 0x80000003,    /* 01CA  getidx L2 <- P0[L3] */
    0x00000099, 0x00010002,    /* 01CC  setidx L0[L1] <- L2 */
    0x001C0146,                /* 01CE  lconst L1 <- static#28   ("default") */
    0x00020098, 0x80000001,    /* 01CF  getidx L2 <- P0[L1] */
    0x001E0346,                /* 01D1  lconst L3 <- static#30   ("nil") */
    0x00040097, 0x00020003,    /* 01D2  is L4 <- L2 is L3 */
    0x0005044A,                /* 01D4  not L5 <- L4 */
    0x0006054B,                /* 01D5  jf L5, +6 */
    0x002A0146,                /* 01D6  lconst L1 <- static#42   ("d") */
    0x001C0346,                /* 01D7  lconst L3 <- static#28   ("default") */
    0x00020098, 0x80000003,    /* 01D8  getidx L2 <- P0[L3] */
    0x00000099, 0x00010002,    /* 01DA  setidx L0[L1] <- L2 */
    0x00310146,                /* 01DC  lconst L1 <- static#49   ("getter") */
    0x00020098, 0x80000001,    /* 01DD  getidx L2 <- P0[L1] */
    0x001E0346,                /* 01DF  lconst L3 <- static#30   ("nil") */
    0x00040097, 0x00020003,    /* 01E0  is L4 <- L2 is L3 */
    0x0005044A,                /* 01E2  not L5 <- L4 */
    0x0006054B,                /* 01E3  jf L5, +6 */
    0x00280146,                /* 01E4  lconst L1 <- static#40   ("g") */
    0x00310346,                /* 01E5  lconst L3 <- static#49   ("getter") */
    0x00020098, 0x80000003,    /* 01E6  getidx L2 <- P0[L3] */
    0x00000099, 0x00010002,    /* 01E8  setidx L0[L1] <- L2 */
    0x00320146,                /* 01EA  lconst L1 <- static#50   ("setter") */
    0x00020098, 0x80000001,    /* 01EB  getidx L2 <- P0[L1] */
    0x001E0346,                /* 01ED  lconst L3 <- static#30   ("nil") */
    0x00040097, 0x00020003,    /* 01EE  is L4 <- L2 is L3 */
    0x0005044A,                /* 01F0  not L5 <- L4 */
    0x0006054B,                /* 01F1  jf L5, +6 */
    0x00330146,                /* 01F2  lconst L1 <- static#51   ("s") */
    0x00320346,                /* 01F3  lconst L3 <- static#50   ("setter") */
    0x00020098, 0x80000003,    /* 01F4  getidx L2 <- P0[L3] */
    0x00000099, 0x00010002,    /* 01F6  setidx L0[L1] <- L2 */
    0x00000102,                /* 01F8  return L0 count=1 */
    0x00000083, 0x00070000,    /* 01F9  dict L0 <- L7, 0 pairs */
    0x00260746,                /* 01FB  lconst L7 <- static#38   ("n") */
    0x00170946,                /* 01FC  lconst L9 <- static#23   ("name") */
    0x00080098, 0x80000009,    /* 01FD  getidx L8 <- P0[L9] */
    0x00000099, 0x00070008,    /* 01FF  setidx L0[L7] <- L8 */
    0x00340746,                /* 0201  lconst L7 <- static#52   ("superclass") */
    0x00080098, 0x80000007,    /* 0202  getidx L8 <- P0[L7] */
    0x001E0946,                /* 0204  lconst L9 <- static#30   ("nil") */
    0x000A0097, 0x00080009,    /* 0205  is L10 <- L8 is L9 */
    0x000B0A4A,                /* 0207  not L11 <- L10 */
    0x00060B4B,                /* 0208  jf L11, +6 */
    0x00330746,                /* 0209  lconst L7 <- static#51   ("s") */
    0x00340946,                /* 020A  lconst L9 <- static#52   ("superclass") */
    0x00080098, 0x80000009,    /* 020B  getidx L8 <- P0[L9] */
    0x00000099, 0x00070008,    /* 020D  setidx L0[L7] <- L8 */
    0x00010082, 0x00070000,    /* 020F  list L1 <- L7, 0 items */
    0x00350746,                /* 0211  lconst L7 <- static#53   ("slots") */
    0x00080098, 0x80000007,    /* 0212  getidx L8 <- P0[L7] */
    0x000900AE, 0x00080000,    /* 0214  iter L9 <- L8 */
    0x000400AF, 0x00090008,    /* 0216  itnext L4 <- L9, done +8 */
    0x000A0141,                /* 0218  move L10 <- L1 */
    0x00080B42,                /* 0219  gget L11 <- g8   (_slot_doc) */
    0x000C0441,                /* 021A  move L12 <- L4 */
    0x000B01A0, 0x00010000,    /* 021B  call base=L11 argc=1 nres=1 */
    0x000A01A2, 0x00000001,    /* 021D  msg base=L10 argc=1 msg#0 nres=1   (append) */
    0xFFF6004F,                /* 021F  jmp -10 */
    0x00360746,                /* 0220  lconst L7 <- static#54   ("sl") */
    0x00080141,                /* 0221  move L8 <- L1 */
    0x00000099, 0x00070008,    /* 0222  setidx L0[L7] <- L8 */
    0x00370746,                /* 0224  lconst L7 <- static#55   ("init") */
    0x00080098, 0x80000007,    /* 0225  getidx L8 <- P0[L7] */
    0x001E0946,                /* 0227  lconst L9 <- static#30   ("nil") */
    0x000A0097, 0x00080009,    /* 0228  is L10 <- L8 is L9 */
    0x000B0A4A,                /* 022A  not L11 <- L10 */
    0x00060B4B,                /* 022B  jf L11, +6 */
    0x00380746,                /* 022C  lconst L7 <- static#56   ("i") */
    0x00370946,                /* 022D  lconst L9 <- static#55   ("init") */
    0x00080098, 0x80000009,    /* 022E  getidx L8 <- P0[L9] */
    0x00000099, 0x00070008,    /* 0230  setidx L0[L7] <- L8 */
    0x00020082, 0x00070000,    /* 0232  list L2 <- L7, 0 items */
    0x00090746,                /* 0234  lconst L7 <- static#9   ("messages") */
    0x00080098, 0x80000007,    /* 0235  getidx L8 <- P0[L7] */
    0x000900AE, 0x00080000,    /* 0237  iter L9 <- L8 */
    0x000500AF, 0x00090011,    /* 0239  itnext L5 <- L9, done +17 */
    0x000A0241,                /* 023B  move L10 <- L2 */
    0x00390B46,                /* 023C  lconst L11 <- static#57   ("y") */
    0x000C0040,                /* 023D  i8 L12 <- 0 */
    0x000D0098, 0x0005000C,    /* 023E  getidx L13 <- L5[L12] */
    0x000C0D41,                /* 0240  move L12 <- L13 */
    0x002D0D46,                /* 0241  lconst L13 <- static#45   ("f") */
    0x000E0140,                /* 0242  i8 L14 <- 1 */
    0x000F0098, 0x0005000E,    /* 0243  getidx L15 <- L5[L14] */
    0x000E0F41,                /* 0245  move L14 <- L15 */
    0x000F0283, 0x000B0000,    /* 0246  dict L15 <- L11, 2 pairs */
    0x000B0F41,                /* 0248  move L11 <- L15 */
    0x000A01A2, 0x00000001,    /* 0249  msg base=L10 argc=1 msg#0 nres=1   (append) */
    0xFFED004F,                /* 024B  jmp -19 */
    0x003A0746,                /* 024C  lconst L7 <- static#58   ("m") */
    0x00080241,                /* 024D  move L8 <- L2 */
    0x00000099, 0x00070008,    /* 024E  setidx L0[L7] <- L8 */
    0x00030082, 0x00070000,    /* 0250  list L3 <- L7, 0 items */
    0x00040746,                /* 0252  lconst L7 <- static#4   ("statics") */
    0x00080098, 0x80000007,    /* 0253  getidx L8 <- P0[L7] */
    0x000900AE, 0x00080000,    /* 0255  iter L9 <- L8 */
    0x000600AF, 0x00090011,    /* 0257  itnext L6 <- L9, done +17 */
    0x000A0341,                /* 0259  move L10 <- L3 */
    0x00260B46,                /* 025A  lconst L11 <- static#38   ("n") */
    0x000C0040,                /* 025B  i8 L12 <- 0 */
    0x000D0098, 0x0006000C,    /* 025C  getidx L13 <- L6[L12] */
    0x000C0D41,                /* 025E  move L12 <- L13 */
    0x00280D46,                /* 025F  lconst L13 <- static#40   ("g") */
    0x000E0140,                /* 0260  i8 L14 <- 1 */
    0x000F0098, 0x0006000E,    /* 0261  getidx L15 <- L6[L14] */
    0x000E0F41,                /* 0263  move L14 <- L15 */
    0x000F0283, 0x000B0000,    /* 0264  dict L15 <- L11, 2 pairs */
    0x000B0F41,                /* 0266  move L11 <- L15 */
    0x000A01A2, 0x00000001,    /* 0267  msg base=L10 argc=1 msg#0 nres=1   (append) */
    0xFFED004F,                /* 0269  jmp -19 */
    0x003B0746,                /* 026A  lconst L7 <- static#59   ("st") */
    0x00080341,                /* 026B  move L8 <- L3 */
    0x00000099, 0x00070008,    /* 026C  setidx L0[L7] <- L8 */
    0x00000102,                /* 026E  return L0 count=1 */
    0x00000082, 0x00020000,    /* 026F  list L0 <- L2, 0 items */
    0x00080246,                /* 0271  lconst L2 <- static#8   ("classes") */
    0x00030098, 0x80000002,    /* 0272  getidx L3 <- P0[L2] */
    0x000400AE, 0x00030000,    /* 0274  iter L4 <- L3 */
    0x000100AF, 0x00040008,    /* 0276  itnext L1 <- L4, done +8 */
    0x00050041,                /* 0278  move L5 <- L0 */
    0x00090642,                /* 0279  gget L6 <- g9   (_class_doc) */
    0x00070141,                /* 027A  move L7 <- L1 */
    0x000601A0, 0x00010000,    /* 027B  call base=L6 argc=1 nres=1 */
    0x000501A2, 0x00000001,    /* 027D  msg base=L5 argc=1 msg#0 nres=1   (append) */
    0xFFF6004F,                /* 027F  jmp -10 */
    0x00000102,                /* 0280  return L0 count=1 */
    0x00000082, 0x00020000,    /* 0281  list L0 <- L2, 0 items */
    0x00090246,                /* 0283  lconst L2 <- static#9   ("messages") */
    0x00030098, 0x80000002,    /* 0284  getidx L3 <- P0[L2] */
    0x000400AE, 0x00030000,    /* 0286  iter L4 <- L3 */
    0x000100AF, 0x0004000C,    /* 0288  itnext L1 <- L4, done +12 */
    0x00050041,                /* 028A  move L5 <- L0 */
    0x002B0646,                /* 028B  lconst L6 <- static#43   ("p") */
    0x002B0746,                /* 028C  lconst L7 <- static#43   ("p") */
    0x00080098, 0x00010007,    /* 028D  getidx L8 <- L1[L7] */
    0x00070841,                /* 028F  move L7 <- L8 */
    0x00080183, 0x00060000,    /* 0290  dict L8 <- L6, 1 pairs */
    0x00060841,                /* 0292  move L6 <- L8 */
    0x000501A2, 0x00000001,    /* 0293  msg base=L5 argc=1 msg#0 nres=1   (append) */
    0xFFF2004F,                /* 0295  jmp -14 */
    0x00000102,                /* 0296  return L0 count=1 */
    0x003C0342,                /* 0297  gget L3 <- g60   (bytes) */
    0x00040040,                /* 0298  i8 L4 <- 0 */
    0x000301A0, 0x00010000,    /* 0299  call base=L3 argc=1 nres=1 */
    0x00000341,                /* 029B  move L0 <- L3 */
    0x000A0346,                /* 029C  lconst L3 <- static#10   ("code") */
    0x00040098, 0x80000003,    /* 029D  getidx L4 <- P0[L3] */
    0x000500AE, 0x00040000,    /* 029F  iter L5 <- L4 */
    0x000100AF, 0x0005000F,    /* 02A1  itnext L1 <- L5, done +15 */
    0x003C0642,                /* 02A3  gget L6 <- g60   (bytes) */
    0x00070440,                /* 02A4  i8 L7 <- 4 */
    0x000601A0, 0x00010000,    /* 02A5  call base=L6 argc=1 nres=1 */
    0x00020641,                /* 02A7  move L2 <- L6 */
    0x00060241,                /* 02A8  move L6 <- L2 */
    0x00070040,                /* 02A9  i8 L7 <- 0 */
    0x00080141,                /* 02AA  move L8 <- L1 */
    0x000602A2, 0x00010001,    /* 02AB  msg base=L6 argc=2 msg#1 nres=1   (pack_u32) */
    0x00060041,                /* 02AD  move L6 <- L0 */
    0x00070241,                /* 02AE  move L7 <- L2 */
    0x000601A2, 0x00000001,    /* 02AF  msg base=L6 argc=1 msg#0 nres=1   (append) */
    0xFFEF004F,                /* 02B1  jmp -17 */
    0x00000102,                /* 02B2  return L0 count=1 */
    0x00000083, 0x000A0000,    /* 02B3  dict L0 <- L10, 0 pairs */
    0x003D0A42,                /* 02B5  gget L10 <- g61   (encode_document) */
    0x00050B42,                /* 02B6  gget L11 <- g5   (_header_doc) */
    0x000C8041,                /* 02B7  move L12 <- P0 */
    0x000B01A0, 0x00010000,    /* 02B8  call base=L11 argc=1 nres=1 */
    0x000A01A0, 0x00010000,    /* 02BA  call base=L10 argc=1 nres=1 */
    0x00010A41,                /* 02BC  move L1 <- L10 */
    0x003C0A46,                /* 02BD  lconst L10 <- static#60   ("error") */
    0x000B0097, 0x0001000A,    /* 02BE  is L11 <- L1 is L10 */
    0x00010B4B,                /* 02C0  jf L11, +1 */
    0x00010102,                /* 02C1  return L1 count=1 */
    0x00280A42,                /* 02C2  gget L10 <- g40   (SEC_HEADER) */
    0x000B0141,                /* 02C3  move L11 <- L1 */
    0x00000099, 0x000A000B,    /* 02C4  setidx L0[L10] <- L11 */
    0x00040A46,                /* 02C6  lconst L10 <- static#4   ("statics") */
    0x000B0098, 0x8000000A,    /* 02C7  getidx L11 <- P0[L10] */
    0x001E0C46,                /* 02C9  lconst L12 <- static#30   ("nil") */
    0x000D0097, 0x000B000C,    /* 02CA  is L13 <- L11 is L12 */
    0x000E0D4A,                /* 02CC  not L14 <- L13 */
    0x00110E4B,                /* 02CD  jf L14, +17 */
    0x003E0A42,                /* 02CE  gget L10 <- g62   (encode_array) */
    0x00040B46,                /* 02CF  lconst L11 <- static#4   ("statics") */
    0x000C0098, 0x8000000B,    /* 02D0  getidx L12 <- P0[L11] */
    0x000B0C41,                /* 02D2  move L11 <- L12 */
    0x000A01A0, 0x00010000,    /* 02D3  call base=L10 argc=1 nres=1 */
    0x00020A41,                /* 02D5  move L2 <- L10 */
    0x003C0A46,                /* 02D6  lconst L10 <- static#60   ("error") */
    0x000B0097, 0x0002000A,    /* 02D7  is L11 <- L2 is L10 */
    0x00010B4B,                /* 02D9  jf L11, +1 */
    0x00020102,                /* 02DA  return L2 count=1 */
    0x00290A42,                /* 02DB  gget L10 <- g41   (SEC_STATICS) */
    0x000B0241,                /* 02DC  move L11 <- L2 */
    0x00000099, 0x000A000B,    /* 02DD  setidx L0[L10] <- L11 */
    0x00050A46,                /* 02DF  lconst L10 <- static#5   ("slot_defaults") */
    0x000B0098, 0x8000000A,    /* 02E0  getidx L11 <- P0[L10] */
    0x001E0C46,                /* 02E2  lconst L12 <- static#30   ("nil") */
    0x000D0097, 0x000B000C,    /* 02E3  is L13 <- L11 is L12 */
    0x000E0D4A,                /* 02E5  not L14 <- L13 */
    0x00110E4B,                /* 02E6  jf L14, +17 */
    0x003D0A42,                /* 02E7  gget L10 <- g61   (encode_document) */
    0x00050B46,                /* 02E8  lconst L11 <- static#5   ("slot_defaults") */
    0x000C0098, 0x8000000B,    /* 02E9  getidx L12 <- P0[L11] */
    0x000B0C41,                /* 02EB  move L11 <- L12 */
    0x000A01A0, 0x00010000,    /* 02EC  call base=L10 argc=1 nres=1 */
    0x00030A41,                /* 02EE  move L3 <- L10 */
    0x003C0A46,                /* 02EF  lconst L10 <- static#60   ("error") */
    0x000B0097, 0x0003000A,    /* 02F0  is L11 <- L3 is L10 */
    0x00010B4B,                /* 02F2  jf L11, +1 */
    0x00030102,                /* 02F3  return L3 count=1 */
    0x002A0A42,                /* 02F4  gget L10 <- g42   (SEC_SLOT_DEFAULTS) */
    0x000B0341,                /* 02F5  move L11 <- L3 */
    0x00000099, 0x000A000B,    /* 02F6  setidx L0[L10] <- L11 */
    0x00060A46,                /* 02F8  lconst L10 <- static#6   ("symbols") */
    0x000B0098, 0x8000000A,    /* 02F9  getidx L11 <- P0[L10] */
    0x001E0C46,                /* 02FB  lconst L12 <- static#30   ("nil") */
    0x000D0097, 0x000B000C,    /* 02FC  is L13 <- L11 is L12 */
    0x000E0D4A,                /* 02FE  not L14 <- L13 */
    0x00110E4B,                /* 02FF  jf L14, +17 */
    0x003E0A42,                /* 0300  gget L10 <- g62   (encode_array) */
    0x00060B46,                /* 0301  lconst L11 <- static#6   ("symbols") */
    0x000C0098, 0x8000000B,    /* 0302  getidx L12 <- P0[L11] */
    0x000B0C41,                /* 0304  move L11 <- L12 */
    0x000A01A0, 0x00010000,    /* 0305  call base=L10 argc=1 nres=1 */
    0x00040A41,                /* 0307  move L4 <- L10 */
    0x003C0A46,                /* 0308  lconst L10 <- static#60   ("error") */
    0x000B0097, 0x0004000A,    /* 0309  is L11 <- L4 is L10 */
    0x00010B4B,                /* 030B  jf L11, +1 */
    0x00040102,                /* 030C  return L4 count=1 */
    0x002B0A42,                /* 030D  gget L10 <- g43   (SEC_SYMBOLS) */
    0x000B0441,                /* 030E  move L11 <- L4 */
    0x00000099, 0x000A000B,    /* 030F  setidx L0[L10] <- L11 */
    0x00070A46,                /* 0311  lconst L10 <- static#7   ("functions") */
    0x000B0098, 0x8000000A,    /* 0312  getidx L11 <- P0[L10] */
    0x001E0C46,                /* 0314  lconst L12 <- static#30   ("nil") */
    0x000D0097, 0x000B000C,    /* 0315  is L13 <- L11 is L12 */
    0x000E0D4A,                /* 0317  not L14 <- L13 */
    0x00110E4B,                /* 0318  jf L14, +17 */
    0x003E0A42,                /* 0319  gget L10 <- g62   (encode_array) */
    0x00070B42,                /* 031A  gget L11 <- g7   (_function_docs) */
    0x000C8041,                /* 031B  move L12 <- P0 */
    0x000B01A0, 0x00010000,    /* 031C  call base=L11 argc=1 nres=1 */
    0x000A01A0, 0x00010000,    /* 031E  call base=L10 argc=1 nres=1 */
    0x00050A41,                /* 0320  move L5 <- L10 */
    0x003C0A46,                /* 0321  lconst L10 <- static#60   ("error") */
    0x000B0097, 0x0005000A,    /* 0322  is L11 <- L5 is L10 */
    0x00010B4B,                /* 0324  jf L11, +1 */
    0x00050102,                /* 0325  return L5 count=1 */
    0x002C0A42,                /* 0326  gget L10 <- g44   (SEC_FUNCTIONS) */
    0x000B0541,                /* 0327  move L11 <- L5 */
    0x00000099, 0x000A000B,    /* 0328  setidx L0[L10] <- L11 */
    0x00080A46,                /* 032A  lconst L10 <- static#8   ("classes") */
    0x000B0098, 0x8000000A,    /* 032B  getidx L11 <- P0[L10] */
    0x001E0C46,                /* 032D  lconst L12 <- static#30   ("nil") */
    0x000D0097, 0x000B000C,    /* 032E  is L13 <- L11 is L12 */
    0x000E0D4A,                /* 0330  not L14 <- L13 */
    0x00110E4B,                /* 0331  jf L14, +17 */
    0x003E0A42,                /* 0332  gget L10 <- g62   (encode_array) */
    0x000A0B42,                /* 0333  gget L11 <- g10   (_class_docs) */
    0x000C8041,                /* 0334  move L12 <- P0 */
    0x000B01A0, 0x00010000,    /* 0335  call base=L11 argc=1 nres=1 */
    0x000A01A0, 0x00010000,    /* 0337  call base=L10 argc=1 nres=1 */
    0x00060A41,                /* 0339  move L6 <- L10 */
    0x003C0A46,                /* 033A  lconst L10 <- static#60   ("error") */
    0x000B0097, 0x0006000A,    /* 033B  is L11 <- L6 is L10 */
    0x00010B4B,                /* 033D  jf L11, +1 */
    0x00060102,                /* 033E  return L6 count=1 */
    0x002D0A42,                /* 033F  gget L10 <- g45   (SEC_CLASSES) */
    0x000B0641,                /* 0340  move L11 <- L6 */
    0x00000099, 0x000A000B,    /* 0341  setidx L0[L10] <- L11 */
    0x00090A46,                /* 0343  lconst L10 <- static#9   ("messages") */
    0x000B0098, 0x8000000A,    /* 0344  getidx L11 <- P0[L10] */
    0x001E0C46,                /* 0346  lconst L12 <- static#30   ("nil") */
    0x000D0097, 0x000B000C,    /* 0347  is L13 <- L11 is L12 */
    0x000E0D4A,                /* 0349  not L14 <- L13 */
    0x00110E4B,                /* 034A  jf L14, +17 */
    0x003E0A42,                /* 034B  gget L10 <- g62   (encode_array) */
    0x000B0B42,                /* 034C  gget L11 <- g11   (_message_docs) */
    0x000C8041,                /* 034D  move L12 <- P0 */
    0x000B01A0, 0x00010000,    /* 034E  call base=L11 argc=1 nres=1 */
    0x000A01A0, 0x00010000,    /* 0350  call base=L10 argc=1 nres=1 */
    0x00070A41,                /* 0352  move L7 <- L10 */
    0x003C0A46,                /* 0353  lconst L10 <- static#60   ("error") */
    0x000B0097, 0x0007000A,    /* 0354  is L11 <- L7 is L10 */
    0x00010B4B,                /* 0356  jf L11, +1 */
    0x00070102,                /* 0357  return L7 count=1 */
    0x002E0A42,                /* 0358  gget L10 <- g46   (SEC_MESSAGES) */
    0x000B0741,                /* 0359  move L11 <- L7 */
    0x00000099, 0x000A000B,    /* 035A  setidx L0[L10] <- L11 */
    0x002F0A42,                /* 035C  gget L10 <- g47   (SEC_CODE) */
    0x000C0C42,                /* 035D  gget L12 <- g12   (code_bytes) */
    0x000D8041,                /* 035E  move L13 <- P0 */
    0x000C01A0, 0x00010000,    /* 035F  call base=L12 argc=1 nres=1 */
    0x000B0C41,                /* 0361  move L11 <- L12 */
    0x00000099, 0x000A000B,    /* 0362  setidx L0[L10] <- L11 */
    0x000B0A46,                /* 0364  lconst L10 <- static#11   ("exports") */
    0x000B0098, 0x8000000A,    /* 0365  getidx L11 <- P0[L10] */
    0x001E0C46,                /* 0367  lconst L12 <- static#30   ("nil") */
    0x000D0097, 0x000B000C,    /* 0368  is L13 <- L11 is L12 */
    0x000E0D4A,                /* 036A  not L14 <- L13 */
    0x00110E4B,                /* 036B  jf L14, +17 */
    0x003D0A42,                /* 036C  gget L10 <- g61   (encode_document) */
    0x000B0B46,                /* 036D  lconst L11 <- static#11   ("exports") */
    0x000C0098, 0x8000000B,    /* 036E  getidx L12 <- P0[L11] */
    0x000B0C41,                /* 0370  move L11 <- L12 */
    0x000A01A0, 0x00010000,    /* 0371  call base=L10 argc=1 nres=1 */
    0x00080A41,                /* 0373  move L8 <- L10 */
    0x003C0A46,                /* 0374  lconst L10 <- static#60   ("error") */
    0x000B0097, 0x0008000A,    /* 0375  is L11 <- L8 is L10 */
    0x00010B4B,                /* 0377  jf L11, +1 */
    0x00080102,                /* 0378  return L8 count=1 */
    0x00300A42,                /* 0379  gget L10 <- g48   (SEC_EXPORTS) */
    0x000B0841,                /* 037A  move L11 <- L8 */
    0x00000099, 0x000A000B,    /* 037B  setidx L0[L10] <- L11 */
    0x000C0A46,                /* 037D  lconst L10 <- static#12   ("free") */
    0x000B0098, 0x8000000A,    /* 037E  getidx L11 <- P0[L10] */
    0x001E0C46,                /* 0380  lconst L12 <- static#30   ("nil") */
    0x000D0097, 0x000B000C,    /* 0381  is L13 <- L11 is L12 */
    0x000E0D4A,                /* 0383  not L14 <- L13 */
    0x00110E4B,                /* 0384  jf L14, +17 */
    0x003D0A42,                /* 0385  gget L10 <- g61   (encode_document) */
    0x000C0B46,                /* 0386  lconst L11 <- static#12   ("free") */
    0x000C0098, 0x8000000B,    /* 0387  getidx L12 <- P0[L11] */
    0x000B0C41,                /* 0389  move L11 <- L12 */
    0x000A01A0, 0x00010000,    /* 038A  call base=L10 argc=1 nres=1 */
    0x00090A41,                /* 038C  move L9 <- L10 */
    0x003C0A46,                /* 038D  lconst L10 <- static#60   ("error") */
    0x000B0097, 0x0009000A,    /* 038E  is L11 <- L9 is L10 */
    0x00010B4B,                /* 0390  jf L11, +1 */
    0x00090102,                /* 0391  return L9 count=1 */
    0x00310A42,                /* 0392  gget L10 <- g49   (SEC_FREE) */
    0x000B0941,                /* 0393  move L11 <- L9 */
    0x00000099, 0x000A000B,    /* 0394  setidx L0[L10] <- L11 */
    0x00000102,                /* 0396  return L0 count=1 */
    0x000D1442,                /* 0397  gget L20 <- g13   (sections) */
    0x00158041,                /* 0398  move L21 <- P0 */
    0x001401A0, 0x00010000,    /* 0399  call base=L20 argc=1 nres=1 */
    0x00001441,                /* 039B  move L0 <- L20 */
    0x003C1446,                /* 039C  lconst L20 <- static#60   ("error") */
    0x00150097, 0x00000014,    /* 039D  is L21 <- L0 is L20 */
    0x0001154B,                /* 039F  jf L21, +1 */
    0x00000102,                /* 03A0  return L0 count=1 */
    0x00010082, 0x00140000,    /* 03A1  list L1 <- L20, 0 items */
    0x00361442,                /* 03A3  gget L20 <- g54   (ALL_SECTION_IDS) */
    0x001500AE, 0x00140000,    /* 03A4  iter L21 <- L20 */
    0x000800AF, 0x0015000E,    /* 03A6  itnext L8 <- L21, done +14 */
    0x00090098, 0x00000008,    /* 03A8  getidx L9 <- L0[L8] */
    0x0001094E,                /* 03AA  jnerr L9, +1 */
    0x00090003,                /* 03AB  lnil L9 */
    0x001E1646,                /* 03AC  lconst L22 <- static#30   ("nil") */
    0x00170097, 0x00090016,    /* 03AD  is L23 <- L9 is L22 */
    0x0018174A,                /* 03AF  not L24 <- L23 */
    0x0004184B,                /* 03B0  jf L24, +4 */
    0x00160141,                /* 03B1  move L22 <- L1 */
    0x00170841,                /* 03B2  move L23 <- L8 */
    0x001601A2, 0x00000001,    /* 03B3  msg base=L22 argc=1 msg#0 nres=1   (append) */
    0xFFF0004F,                /* 03B5  jmp -16 */
    0x00020040,                /* 03B6  i8 L2 <- 0 */
    0x001400AE, 0x00010000,    /* 03B7  iter L20 <- L1 */
    0x000A00AF, 0x00140004,    /* 03B9  itnext L10 <- L20, done +4 */
    0x00150140,                /* 03BB  i8 L21 <- 1 */
    0x00020085, 0x00020015,    /* 03BC  add L2 <- L2 + L21 */
    0xFFFA004F,                /* 03BE  jmp -6 */
    0x003C1442,                /* 03BF  gget L20 <- g60   (bytes) */
    0x00150840,                /* 03C0  i8 L21 <- 8 */
    0x001401A0, 0x00010000,    /* 03C1  call base=L20 argc=1 nres=1 */
    0x00031441,                /* 03C3  move L3 <- L20 */
    0x00140341,                /* 03C4  move L20 <- L3 */
    0x00150040,                /* 03C5  i8 L21 <- 0 */
    0x00321642,                /* 03C6  gget L22 <- g50   (WYC_MAGIC_W) */
    0x001402A2, 0x00020001,    /* 03C7  msg base=L20 argc=2 msg#2 nres=1   (pack_u8) */
    0x00140341,                /* 03C9  move L20 <- L3 */
    0x00150140,                /* 03CA  i8 L21 <- 1 */
    0x00331642,                /* 03CB  gget L22 <- g51   (WYC_MAGIC_Y) */
    0x001402A2, 0x00020001,    /* 03CC  msg base=L20 argc=2 msg#2 nres=1   (pack_u8) */
    0x00140341,                /* 03CE  move L20 <- L3 */
    0x00150240,                /* 03CF  i8 L21 <- 2 */
    0x00341642,                /* 03D0  gget L22 <- g52   (WYC_MAGIC_C) */
    0x001402A2, 0x00020001,    /* 03D1  msg base=L20 argc=2 msg#2 nres=1   (pack_u8) */
    0x00140341,                /* 03D3  move L20 <- L3 */
    0x00150340,                /* 03D4  i8 L21 <- 3 */
    0x00160040,                /* 03D5  i8 L22 <- 0 */
    0x001402A2, 0x00020001,    /* 03D6  msg base=L20 argc=2 msg#2 nres=1   (pack_u8) */
    0x00140341,                /* 03D8  move L20 <- L3 */
    0x00150440,                /* 03D9  i8 L21 <- 4 */
    0x00351642,                /* 03DA  gget L22 <- g53   (CONTAINER_VERSION) */
    0x001402A2, 0x00020001,    /* 03DB  msg base=L20 argc=2 msg#2 nres=1   (pack_u8) */
    0x00140341,                /* 03DD  move L20 <- L3 */
    0x00150540,                /* 03DE  i8 L21 <- 5 */
    0x00160241,                /* 03DF  move L22 <- L2 */
    0x001402A2, 0x00020001,    /* 03E0  msg base=L20 argc=2 msg#2 nres=1   (pack_u8) */
    0x00140341,                /* 03E2  move L20 <- L3 */
    0x00150640,                /* 03E3  i8 L21 <- 6 */
    0x00160040,                /* 03E4  i8 L22 <- 0 */
    0x001402A2, 0x00020001,    /* 03E5  msg base=L20 argc=2 msg#2 nres=1   (pack_u8) */
    0x00140341,                /* 03E7  move L20 <- L3 */
    0x00150740,                /* 03E8  i8 L21 <- 7 */
    0x00160040,                /* 03E9  i8 L22 <- 0 */
    0x001402A2, 0x00020001,    /* 03EA  msg base=L20 argc=2 msg#2 nres=1   (pack_u8) */
    0x00140840,                /* 03EC  i8 L20 <- 8 */
    0x00150C40,                /* 03ED  i8 L21 <- 12 */
    0x00160087, 0x00150002,    /* 03EE  mul L22 <- L21 * L2 */
    0x00040085, 0x00140016,    /* 03F0  add L4 <- L20 + L22 */
    0x003C1442,                /* 03F2  gget L20 <- g60   (bytes) */
    0x00150040,                /* 03F3  i8 L21 <- 0 */
    0x001401A0, 0x00010000,    /* 03F4  call base=L20 argc=1 nres=1 */
    0x00051441,                /* 03F6  move L5 <- L20 */
    0x003C1442,                /* 03F7  gget L20 <- g60   (bytes) */
    0x00150040,                /* 03F8  i8 L21 <- 0 */
    0x001401A0, 0x00010000,    /* 03F9  call base=L20 argc=1 nres=1 */
    0x00061441,                /* 03FB  move L6 <- L20 */
    0x001400AE, 0x00010000,    /* 03FC  iter L20 <- L1 */
    0x000B00AF, 0x00140054,    /* 03FE  itnext L11 <- L20, done +84 */
    0x000C0098, 0x0000000B,    /* 0400  getidx L12 <- L0[L11] */
    0x003B1542,                /* 0402  gget L21 <- g59   (len) */
    0x00160C41,                /* 0403  move L22 <- L12 */
    0x001501A0, 0x00010000,    /* 0404  call base=L21 argc=1 nres=1 */
    0x000D1541,                /* 0406  move L13 <- L21 */
    0x003B1542,                /* 0407  gget L21 <- g59   (len) */
    0x00160541,                /* 0408  move L22 <- L5 */
    0x001501A0, 0x00010000,    /* 0409  call base=L21 argc=1 nres=1 */
    0x000E1541,                /* 040B  move L14 <- L21 */
    0x000F0085, 0x0004000E,    /* 040C  add L15 <- L4 + L14 */
    0x003C1542,                /* 040E  gget L21 <- g60   (bytes) */
    0x00160C40,                /* 040F  i8 L22 <- 12 */
    0x001501A0, 0x00010000,    /* 0410  call base=L21 argc=1 nres=1 */
    0x00101541,                /* 0412  move L16 <- L21 */
    0x00151041,                /* 0413  move L21 <- L16 */
    0x00160040,                /* 0414  i8 L22 <- 0 */
    0x00170B41,                /* 0415  move L23 <- L11 */
    0x001502A2, 0x00020001,    /* 0416  msg base=L21 argc=2 msg#2 nres=1   (pack_u8) */
    0x00151041,                /* 0418  move L21 <- L16 */
    0x00160140,                /* 0419  i8 L22 <- 1 */
    0x00170040,                /* 041A  i8 L23 <- 0 */
    0x001502A2, 0x00020001,    /* 041B  msg base=L21 argc=2 msg#2 nres=1   (pack_u8) */
    0x00151041,                /* 041D  move L21 <- L16 */
    0x00160240,                /* 041E  i8 L22 <- 2 */
    0x00170040,                /* 041F  i8 L23 <- 0 */
    0x001502A2, 0x00020001,    /* 0420  msg base=L21 argc=2 msg#2 nres=1   (pack_u8) */
    0x00151041,                /* 0422  move L21 <- L16 */
    0x00160340,                /* 0423  i8 L22 <- 3 */
    0x00170040,                /* 0424  i8 L23 <- 0 */
    0x001502A2, 0x00020001,    /* 0425  msg base=L21 argc=2 msg#2 nres=1   (pack_u8) */
    0x00151041,                /* 0427  move L21 <- L16 */
    0x00160440,                /* 0428  i8 L22 <- 4 */
    0x00170F41,                /* 0429  move L23 <- L15 */
    0x001502A2, 0x00010001,    /* 042A  msg base=L21 argc=2 msg#1 nres=1   (pack_u32) */
    0x00151041,                /* 042C  move L21 <- L16 */
    0x00160840,                /* 042D  i8 L22 <- 8 */
    0x00170D41,                /* 042E  move L23 <- L13 */
    0x001502A2, 0x00010001,    /* 042F  msg base=L21 argc=2 msg#1 nres=1   (pack_u32) */
    0x00150641,                /* 0431  move L21 <- L6 */
    0x00161041,                /* 0432  move L22 <- L16 */
    0x001501A2, 0x00000001,    /* 0433  msg base=L21 argc=1 msg#0 nres=1   (append) */
    0x00150541,                /* 0435  move L21 <- L5 */
    0x00160C41,                /* 0436  move L22 <- L12 */
    0x001501A2, 0x00000001,    /* 0437  msg base=L21 argc=1 msg#0 nres=1   (append) */
    0x003B1542,                /* 0439  gget L21 <- g59   (len) */
    0x00160541,                /* 043A  move L22 <- L5 */
    0x001501A0, 0x00010000,    /* 043B  call base=L21 argc=1 nres=1 */
    0x00111541,                /* 043D  move L17 <- L21 */
    0x00150440,                /* 043E  i8 L21 <- 4 */
    0x00160440,                /* 043F  i8 L22 <- 4 */
    0x00170089, 0x00110016,    /* 0440  mod L23 <- L17 % L22 */
    0x00180086, 0x00150017,    /* 0442  sub L24 <- L21 - L23 */
    0x00190440,                /* 0444  i8 L25 <- 4 */
    0x00120089, 0x00180019,    /* 0445  mod L18 <- L24 % L25 */
    0x00130040,                /* 0447  i8 L19 <- 0 */
    0x00150091, 0x00130012,    /* 0448  lt L21 <- L19 < L18 */
    0x0008154B,                /* 044A  jf L21, +8 */
    0x00150541,                /* 044B  move L21 <- L5 */
    0x00160040,                /* 044C  i8 L22 <- 0 */
    0x001501A2, 0x00000001,    /* 044D  msg base=L21 argc=1 msg#0 nres=1   (append) */
    0x00150140,                /* 044F  i8 L21 <- 1 */
    0x00130085, 0x00130015,    /* 0450  add L19 <- L19 + L21 */
    0xFFF5004F,                /* 0452  jmp -11 */
    0xFFAA004F,                /* 0453  jmp -86 */
    0x003C1442,                /* 0454  gget L20 <- g60   (bytes) */
    0x00150040,                /* 0455  i8 L21 <- 0 */
    0x001401A0, 0x00010000,    /* 0456  call base=L20 argc=1 nres=1 */
    0x00071441,                /* 0458  move L7 <- L20 */
    0x00140741,                /* 0459  move L20 <- L7 */
    0x00150341,                /* 045A  move L21 <- L3 */
    0x001401A2, 0x00000001,    /* 045B  msg base=L20 argc=1 msg#0 nres=1   (append) */
    0x00140741,                /* 045D  move L20 <- L7 */
    0x00150641,                /* 045E  move L21 <- L6 */
    0x001401A2, 0x00000001,    /* 045F  msg base=L20 argc=1 msg#0 nres=1   (append) */
    0x00140741,                /* 0461  move L20 <- L7 */
    0x00150541,                /* 0462  move L21 <- L5 */
    0x001401A2, 0x00000001,    /* 0463  msg base=L20 argc=1 msg#0 nres=1   (append) */
    0x00070102,                /* 0465  return L7 count=1 */
    0x003B0542,                /* 0466  gget L5 <- g59   (len) */
    0x00068041,                /* 0467  move L6 <- P0 */
    0x000501A0, 0x00010000,    /* 0468  call base=L5 argc=1 nres=1 */
    0x00000541,                /* 046A  move L0 <- L5 */
    0x00050040,                /* 046B  i8 L5 <- 0 */
    0x0006008F, 0x00000005,    /* 046C  eq L6 <- L0 == L5 */
    0x0002064B,                /* 046E  jf L6, +2 */
    0x003D0546,                /* 046F  lconst L5 <- static#61   ("") */
    0x00050102,                /* 0470  return L5 count=1 */
    0x00018041,                /* 0471  move L1 <- P0 */
    0x003B0542,                /* 0472  gget L5 <- g59   (len) */
    0x00060141,                /* 0473  move L6 <- L1 */
    0x000501A0, 0x00010000,    /* 0474  call base=L5 argc=1 nres=1 */
    0x00060140,                /* 0476  i8 L6 <- 1 */
    0x00070093, 0x00050006,    /* 0477  gt L7 <- L5 > L6 */
    0x002C074B,                /* 0479  jf L7, +44 */
    0x00020082, 0x00050000,    /* 047A  list L2 <- L5, 0 items */
    0x00030040,                /* 047C  i8 L3 <- 0 */
    0x003B0542,                /* 047D  gget L5 <- g59   (len) */
    0x00060141,                /* 047E  move L6 <- L1 */
    0x000501A0, 0x00010000,    /* 047F  call base=L5 argc=1 nres=1 */
    0x00040541,                /* 0481  move L4 <- L5 */
    0x00050091, 0x00030004,    /* 0482  lt L5 <- L3 < L4 */
    0x001F054B,                /* 0484  jf L5, +31 */
    0x00050140,                /* 0485  i8 L5 <- 1 */
    0x00060085, 0x00030005,    /* 0486  add L6 <- L3 + L5 */
    0x00070091, 0x00060004,    /* 0488  lt L7 <- L6 < L4 */
    0x0010074B,                /* 048A  jf L7, +16 */
    0x00050241,                /* 048B  move L5 <- L2 */
    0x00060098, 0x00010003,    /* 048C  getidx L6 <- L1[L3] */
    0x00070085, 0x00068001,    /* 048E  add L7 <- L6 + P1 */
    0x00080140,                /* 0490  i8 L8 <- 1 */
    0x00090085, 0x00030008,    /* 0491  add L9 <- L3 + L8 */
    0x000A0098, 0x00010009,    /* 0493  getidx L10 <- L1[L9] */
    0x000B0085, 0x0007000A,    /* 0495  add L11 <- L7 + L10 */
    0x00060B41,                /* 0497  move L6 <- L11 */
    0x000501A2, 0x00000001,    /* 0498  msg base=L5 argc=1 msg#0 nres=1   (append) */
    0x0005004F,                /* 049A  jmp +5 */
    0x00050241,                /* 049B  move L5 <- L2 */
    0x00060098, 0x00010003,    /* 049C  getidx L6 <- L1[L3] */
    0x000501A2, 0x00000001,    /* 049E  msg base=L5 argc=1 msg#0 nres=1   (append) */
    0x00050240,                /* 04A0  i8 L5 <- 2 */
    0x00030085, 0x00030005,    /* 04A1  add L3 <- L3 + L5 */
    0xFFDE004F,                /* 04A3  jmp -34 */
    0x00010241,                /* 04A4  move L1 <- L2 */
    0xFFCC004F,                /* 04A5  jmp -52 */
    0x00050040,                /* 04A6  i8 L5 <- 0 */
    0x00060098, 0x00010005,    /* 04A7  getidx L6 <- L1[L5] */
    0x00060102,                /* 04A9  return L6 count=1 */
    0x003B0042,                /* 04AA  gget L0 <- g59   (len) */
    0x00018041,                /* 04AB  move L1 <- P0 */
    0x000001A0, 0x00010000,    /* 04AC  call base=L0 argc=1 nres=1 */
    0x00010091, 0x00008001,    /* 04AE  lt L1 <- L0 < P1 */
    0x0004014B,                /* 04B0  jf L1, +4 */
    0x003E0046,                /* 04B1  lconst L0 <- static#62   (" ") */
    0x80000085, 0x80000000,    /* 04B2  add P0 <- P0 + L0 */
    0xFFF5004F,                /* 04B4  jmp -11 */
    0x00008041,                /* 04B5  move L0 <- P0 */
    0x00000102,                /* 04B6  return L0 count=1 */
    0x003F0042,                /* 04B7  gget L0 <- g63   (_hex_digits) */
    0x00018041,                /* 04B8  move L1 <- P0 */
    0x00020440,                /* 04B9  i8 L2 <- 4 */
    0x000002A0, 0x00010000,    /* 04BA  call base=L0 argc=2 nres=1 */
    0x00000102,                /* 04BC  return L0 count=1 */
    0x003F0042,                /* 04BD  gget L0 <- g63   (_hex_digits) */
    0x00018041,                /* 04BE  move L1 <- P0 */
    0x00020840,                /* 04BF  i8 L2 <- 8 */
    0x000002A0, 0x00010000,    /* 04C0  call base=L0 argc=2 nres=1 */
    0x00000102,                /* 04C2  return L0 count=1 */
    0x00000083, 0x00020000,    /* 04C3  dict L0 <- L2, 0 pairs */
    0x00028141,                /* 04C5  move L2 <- P1 */
    0x00000099, 0x80000002,    /* 04C6  setidx L0[P0] <- L2 */
    0x003D0242,                /* 04C8  gget L2 <- g61   (encode_document) */
    0x00030041,                /* 04C9  move L3 <- L0 */
    0x000201A0, 0x00010000,    /* 04CA  call base=L2 argc=1 nres=1 */
    0x00010241,                /* 04CC  move L1 <- L2 */
    0x003C0246,                /* 04CD  lconst L2 <- static#60   ("error") */
    0x00030097, 0x00010002,    /* 04CE  is L3 <- L1 is L2 */
    0x0001034B,                /* 04D0  jf L3, +1 */
    0x00010102,                /* 04D1  return L1 count=1 */
    0x003B0242,                /* 04D2  gget L2 <- g59   (len) */
    0x00030141,                /* 04D3  move L3 <- L1 */
    0x000201A0, 0x00010000,    /* 04D4  call base=L2 argc=1 nres=1 */
    0x00030540,                /* 04D6  i8 L3 <- 5 */
    0x00040086, 0x00020003,    /* 04D7  sub L4 <- L2 - L3 */
    0x00040102,                /* 04D9  return L4 count=1 */
    0x001E0046,                /* 04DA  lconst L0 <- static#30   ("nil") */
    0x00010097, 0x80000000,    /* 04DB  is L1 <- P0 is L0 */
    0x0002014B,                /* 04DD  jf L1, +2 */
    0x001E0046,                /* 04DE  lconst L0 <- static#30   ("nil") */
    0x00000102,                /* 04DF  return L0 count=1 */
    0x003F0046,                /* 04E0  lconst L0 <- static#63   ("bool") */
    0x00010097, 0x80000000,    /* 04E1  is L1 <- P0 is L0 */
    0x0002014B,                /* 04E3  jf L1, +2 */
    0x003F0046,                /* 04E4  lconst L0 <- static#63   ("bool") */
    0x00000102,                /* 04E5  return L0 count=1 */
    0x00400046,                /* 04E6  lconst L0 <- static#64   ("int") */
    0x00010097, 0x80000000,    /* 04E7  is L1 <- P0 is L0 */
    0x0002014B,                /* 04E9  jf L1, +2 */
    0x00400046,                /* 04EA  lconst L0 <- static#64   ("int") */
    0x00000102,                /* 04EB  return L0 count=1 */
    0x00410046,                /* 04EC  lconst L0 <- static#65   ("float") */
    0x00010097, 0x80000000,    /* 04ED  is L1 <- P0 is L0 */
    0x0002014B,                /* 04EF  jf L1, +2 */
    0x00420046,                /* 04F0  lconst L0 <- static#66   ("f64") */
    0x00000102,                /* 04F1  return L0 count=1 */
    0x00430046,                /* 04F2  lconst L0 <- static#67   ("str") */
    0x00010097, 0x80000000,    /* 04F3  is L1 <- P0 is L0 */
    0x0002014B,                /* 04F5  jf L1, +2 */
    0x00430046,                /* 04F6  lconst L0 <- static#67   ("str") */
    0x00000102,                /* 04F7  return L0 count=1 */
    0x00440046,                /* 04F8  lconst L0 <- static#68   ("bin") */
    0x00000102,                /* 04F9  return L0 count=1 */
    0x003D0046,                /* 04FA  lconst L0 <- static#61   ("") */
    0x00010040,                /* 04FB  i8 L1 <- 0 */
    0x003B0442,                /* 04FC  gget L4 <- g59   (len) */
    0x00058041,                /* 04FD  move L5 <- P0 */
    0x000401A0, 0x00010000,    /* 04FE  call base=L4 argc=1 nres=1 */
    0x00020441,                /* 0500  move L2 <- L4 */
    0x00040091, 0x00010002,    /* 0501  lt L4 <- L1 < L2 */
    0x0058044B,                /* 0503  jf L4, +88 */
    0x00030098, 0x80000001,    /* 0504  getidx L3 <- P0[L1] */
    0x00045C40,                /* 0506  i8 L4 <- 92 */
    0x0005008F, 0x00030004,    /* 0507  eq L5 <- L3 == L4 */
    0x000D054B,                /* 0509  jf L5, +13 */
    0x00400442,                /* 050A  gget L4 <- g64   (_char_from_cp) */
    0x00055C40,                /* 050B  i8 L5 <- 92 */
    0x000401A0, 0x00010000,    /* 050C  call base=L4 argc=1 nres=1 */
    0x00050085, 0x00000004,    /* 050E  add L5 <- L0 + L4 */
    0x00400642,                /* 0510  gget L6 <- g64   (_char_from_cp) */
    0x00075C40,                /* 0511  i8 L7 <- 92 */
    0x000601A0, 0x00010000,    /* 0512  call base=L6 argc=1 nres=1 */
    0x00000085, 0x00050006,    /* 0514  add L0 <- L5 + L6 */
    0x0041004F,                /* 0516  jmp +65 */
    0x00042240,                /* 0517  i8 L4 <- 34 */
    0x0005008F, 0x00030004,    /* 0518  eq L5 <- L3 == L4 */
    0x000D054B,                /* 051A  jf L5, +13 */
    0x00400442,                /* 051B  gget L4 <- g64   (_char_from_cp) */
    0x00055C40,                /* 051C  i8 L5 <- 92 */
    0x000401A0, 0x00010000,    /* 051D  call base=L4 argc=1 nres=1 */
    0x00050085, 0x00000004,    /* 051F  add L5 <- L0 + L4 */
    0x00400642,                /* 0521  gget L6 <- g64   (_char_from_cp) */
    0x00072240,                /* 0522  i8 L7 <- 34 */
    0x000601A0, 0x00010000,    /* 0523  call base=L6 argc=1 nres=1 */
    0x00000085, 0x00050006,    /* 0525  add L0 <- L5 + L6 */
    0x0030004F,                /* 0527  jmp +48 */
    0x00040A40,                /* 0528  i8 L4 <- 10 */
    0x0005008F, 0x00030004,    /* 0529  eq L5 <- L3 == L4 */
    0x000A054B,                /* 052B  jf L5, +10 */
    0x00400442,                /* 052C  gget L4 <- g64   (_char_from_cp) */
    0x00055C40,                /* 052D  i8 L5 <- 92 */
    0x000401A0, 0x00010000,    /* 052E  call base=L4 argc=1 nres=1 */
    0x00050085, 0x00000004,    /* 0530  add L5 <- L0 + L4 */
    0x00260646,                /* 0532  lconst L6 <- static#38   ("n") */
    0x00000085, 0x00050006,    /* 0533  add L0 <- L5 + L6 */
    0x0022004F,                /* 0535  jmp +34 */
    0x00040D40,                /* 0536  i8 L4 <- 13 */
    0x0005008F, 0x00030004,    /* 0537  eq L5 <- L3 == L4 */
    0x000A054B,                /* 0539  jf L5, +10 */
    0x00400442,                /* 053A  gget L4 <- g64   (_char_from_cp) */
    0x00055C40,                /* 053B  i8 L5 <- 92 */
    0x000401A0, 0x00010000,    /* 053C  call base=L4 argc=1 nres=1 */
    0x00050085, 0x00000004,    /* 053E  add L5 <- L0 + L4 */
    0x00300646,                /* 0540  lconst L6 <- static#48   ("r") */
    0x00000085, 0x00050006,    /* 0541  add L0 <- L5 + L6 */
    0x0014004F,                /* 0543  jmp +20 */
    0x00040940,                /* 0544  i8 L4 <- 9 */
    0x0005008F, 0x00030004,    /* 0545  eq L5 <- L3 == L4 */
    0x000A054B,                /* 0547  jf L5, +10 */
    0x00400442,                /* 0548  gget L4 <- g64   (_char_from_cp) */
    0x00055C40,                /* 0549  i8 L5 <- 92 */
    0x000401A0, 0x00010000,    /* 054A  call base=L4 argc=1 nres=1 */
    0x00050085, 0x00000004,    /* 054C  add L5 <- L0 + L4 */
    0x002E0646,                /* 054E  lconst L6 <- static#46   ("t") */
    0x00000085, 0x00050006,    /* 054F  add L0 <- L5 + L6 */
    0x0006004F,                /* 0551  jmp +6 */
    0x00400442,                /* 0552  gget L4 <- g64   (_char_from_cp) */
    0x00050341,                /* 0553  move L5 <- L3 */
    0x000401A0, 0x00010000,    /* 0554  call base=L4 argc=1 nres=1 */
    0x00000085, 0x00000004,    /* 0556  add L0 <- L0 + L4 */
    0x00040140,                /* 0558  i8 L4 <- 1 */
    0x00010085, 0x00010004,    /* 0559  add L1 <- L1 + L4 */
    0xFFA5004F,                /* 055B  jmp -91 */
    0x00000102,                /* 055C  return L0 count=1 */
    0x00430146,                /* 055D  lconst L1 <- static#67   ("str") */
    0x00020097, 0x80000001,    /* 055E  is L2 <- P0 is L1 */
    0x000E024B,                /* 0560  jf L2, +14 */
    0x00400142,                /* 0561  gget L1 <- g64   (_char_from_cp) */
    0x00022240,                /* 0562  i8 L2 <- 34 */
    0x000101A0, 0x00010000,    /* 0563  call base=L1 argc=1 nres=1 */
    0x00000141,                /* 0565  move L0 <- L1 */
    0x00150142,                /* 0566  gget L1 <- g21   (_escape_str) */
    0x00028041,                /* 0567  move L2 <- P0 */
    0x000101A0, 0x00010000,    /* 0568  call base=L1 argc=1 nres=1 */
    0x00020085, 0x00000001,    /* 056A  add L2 <- L0 + L1 */
    0x00030085, 0x00020000,    /* 056C  add L3 <- L2 + L0 */
    0x00030102,                /* 056E  return L3 count=1 */
    0x001E0146,                /* 056F  lconst L1 <- static#30   ("nil") */
    0x00020097, 0x80000001,    /* 0570  is L2 <- P0 is L1 */
    0x0002024B,                /* 0572  jf L2, +2 */
    0x001E0146,                /* 0573  lconst L1 <- static#30   ("nil") */
    0x00010102,                /* 0574  return L1 count=1 */
    0x003F0146,                /* 0575  lconst L1 <- static#63   ("bool") */
    0x00020097, 0x80000001,    /* 0576  is L2 <- P0 is L1 */
    0x0005024B,                /* 0578  jf L2, +5 */
    0x0002804B,                /* 0579  jf P0, +2 */
    0x00450146,                /* 057A  lconst L1 <- static#69   ("true") */
    0x00010102,                /* 057B  return L1 count=1 */
    0x00460146,                /* 057C  lconst L1 <- static#70   ("false") */
    0x00010102,                /* 057D  return L1 count=1 */
    0x00410146,                /* 057E  lconst L1 <- static#65   ("float") */
    0x00020097, 0x80000001,    /* 057F  is L2 <- P0 is L1 */
    0x0005024B,                /* 0581  jf L2, +5 */
    0x00410142,                /* 0582  gget L1 <- g65   (str) */
    0x00028041,                /* 0583  move L2 <- P0 */
    0x000101A0, 0x00010000,    /* 0584  call base=L1 argc=1 nres=1 */
    0x00010102,                /* 0586  return L1 count=1 */
    0x00400146,                /* 0587  lconst L1 <- static#64   ("int") */
    0x00020097, 0x80000001,    /* 0588  is L2 <- P0 is L1 */
    0x0005024B,                /* 058A  jf L2, +5 */
    0x00410142,                /* 058B  gget L1 <- g65   (str) */
    0x00028041,                /* 058C  move L2 <- P0 */
    0x000101A0, 0x00010000,    /* 058D  call base=L1 argc=1 nres=1 */
    0x00010102,                /* 058F  return L1 count=1 */
    0x00410142,                /* 0590  gget L1 <- g65   (str) */
    0x003B0242,                /* 0591  gget L2 <- g59   (len) */
    0x00038041,                /* 0592  move L3 <- P0 */
    0x000201A0, 0x00010000,    /* 0593  call base=L2 argc=1 nres=1 */
    0x000101A0, 0x00010000,    /* 0595  call base=L1 argc=1 nres=1 */
    0x00470246,                /* 0597  lconst L2 <- static#71   (" bytes") */
    0x00030085, 0x00010002,    /* 0598  add L3 <- L1 + L2 */
    0x00030102,                /* 059A  return L3 count=1 */
    0x00480246,                /* 059B  lconst L2 <- static#72   ("list") */
    0x00030097, 0x80000002,    /* 059C  is L3 <- P0 is L2 */
    0x001A034B,                /* 059E  jf L3, +26 */
    0x00000082, 0x00020000,    /* 059F  list L0 <- L2, 0 items */
    0x000200AE, 0x80000000,    /* 05A1  iter L2 <- P0 */
    0x000100AF, 0x00020008,    /* 05A3  itnext L1 <- L2, done +8 */
    0x00030041,                /* 05A5  move L3 <- L0 */
    0x00410442,                /* 05A6  gget L4 <- g65   (str) */
    0x00050141,                /* 05A7  move L5 <- L1 */
    0x000401A0, 0x00010000,    /* 05A8  call base=L4 argc=1 nres=1 */
    0x000301A2, 0x00000001,    /* 05AA  msg base=L3 argc=1 msg#0 nres=1   (append) */
    0xFFF6004F,                /* 05AC  jmp -10 */
    0x00490246,                /* 05AD  lconst L2 <- static#73   ("[") */
    0x000F0342,                /* 05AE  gget L3 <- g15   (_join) */
    0x00040041,                /* 05AF  move L4 <- L0 */
    0x004A0546,                /* 05B0  lconst L5 <- static#74   (", ") */
    0x000302A0, 0x00010000,    /* 05B1  call base=L3 argc=2 nres=1 */
    0x00040085, 0x00020003,    /* 05B3  add L4 <- L2 + L3 */
    0x004B0546,                /* 05B5  lconst L5 <- static#75   ("]") */
    0x00060085, 0x00040005,    /* 05B6  add L6 <- L4 + L5 */
    0x00060102,                /* 05B8  return L6 count=1 */
    0x00160242,                /* 05B9  gget L2 <- g22   (_static_repr) */
    0x00038041,                /* 05BA  move L3 <- P0 */
    0x000201A0, 0x00010000,    /* 05BB  call base=L2 argc=1 nres=1 */
    0x00020102,                /* 05BD  return L2 count=1 */
    0x00000082, 0x00020000,    /* 05BE  list L0 <- L2, 0 items */
    0x001F0246,                /* 05C0  lconst L2 <- static#31   ("params") */
    0x00030098, 0x80010002,    /* 05C1  getidx L3 <- P1[L2] */
    0x000400AE, 0x00030000,    /* 05C3  iter L4 <- L3 */
    0x000100AF, 0x00040008,    /* 05C5  itnext L1 <- L4, done +8 */
    0x00050041,                /* 05C7  move L5 <- L0 */
    0x00170646,                /* 05C8  lconst L6 <- static#23   ("name") */
    0x00070098, 0x00010006,    /* 05C9  getidx L7 <- L1[L6] */
    0x00060741,                /* 05CB  move L6 <- L7 */
    0x000501A2, 0x00000001,    /* 05CC  msg base=L5 argc=1 msg#0 nres=1   (append) */
    0xFFF6004F,                /* 05CE  jmp -10 */
    0x00490246,                /* 05CF  lconst L2 <- static#73   ("[") */
    0x00410342,                /* 05D0  gget L3 <- g65   (str) */
    0x00048041,                /* 05D1  move L4 <- P0 */
    0x000301A0, 0x00010000,    /* 05D2  call base=L3 argc=1 nres=1 */
    0x00040085, 0x00020003,    /* 05D4  add L4 <- L2 + L3 */
    0x004C0546,                /* 05D6  lconst L5 <- static#76   ("] ") */
    0x00060085, 0x00040005,    /* 05D7  add L6 <- L4 + L5 */
    0x00170746,                /* 05D9  lconst L7 <- static#23   ("name") */
    0x00080098, 0x80010007,    /* 05DA  getidx L8 <- P1[L7] */
    0x00090085, 0x00060008,    /* 05DC  add L9 <- L6 + L8 */
    0x004D0A46,                /* 05DE  lconst L10 <- static#77   ("  p:[") */
    0x000B0085, 0x0009000A,    /* 05DF  add L11 <- L9 + L10 */
    0x000F0C42,                /* 05E1  gget L12 <- g15   (_join) */
    0x000D0041,                /* 05E2  move L13 <- L0 */
    0x004A0E46,                /* 05E3  lconst L14 <- static#74   (", ") */
    0x000C02A0, 0x00010000,    /* 05E4  call base=L12 argc=2 nres=1 */
    0x000D0085, 0x000B000C,    /* 05E6  add L13 <- L11 + L12 */
    0x004E0E46,                /* 05E8  lconst L14 <- static#78   ("]  l:") */
    0x000F0085, 0x000D000E,    /* 05E9  add L15 <- L13 + L14 */
    0x00411042,                /* 05EB  gget L16 <- g65   (str) */
    0x00201146,                /* 05EC  lconst L17 <- static#32   ("nlocals") */
    0x00120098, 0x80010011,    /* 05ED  getidx L18 <- P1[L17] */
    0x00111241,                /* 05EF  move L17 <- L18 */
    0x001001A0, 0x00010000,    /* 05F0  call base=L16 argc=1 nres=1 */
    0x00110085, 0x000F0010,    /* 05F2  add L17 <- L15 + L16 */
    0x004F1246,                /* 05F4  lconst L18 <- static#79   ("  c:") */
    0x00130085, 0x00110012,    /* 05F5  add L19 <- L17 + L18 */
    0x00411442,                /* 05F7  gget L20 <- g65   (str) */
    0x00211546,                /* 05F8  lconst L21 <- static#33   ("code_offset") */
    0x00160098, 0x80010015,    /* 05F9  getidx L22 <- P1[L21] */
    0x00151641,                /* 05FB  move L21 <- L22 */
    0x001401A0, 0x00010000,    /* 05FC  call base=L20 argc=1 nres=1 */
    0x00150085, 0x00130014,    /* 05FE  add L21 <- L19 + L20 */
    0x00501646,                /* 0600  lconst L22 <- static#80   ("  f:") */
    0x00170085, 0x00150016,    /* 0601  add L23 <- L21 + L22 */
    0x00411842,                /* 0603  gget L24 <- g65   (str) */
    0x00221946,                /* 0604  lconst L25 <- static#34   ("flags") */
    0x001A0098, 0x80010019,    /* 0605  getidx L26 <- P1[L25] */
    0x00191A41,                /* 0607  move L25 <- L26 */
    0x001801A0, 0x00010000,    /* 0608  call base=L24 argc=1 nres=1 */
    0x00190085, 0x00170018,    /* 060A  add L25 <- L23 + L24 */
    0x00190102,                /* 060C  return L25 count=1 */
    0x00490046,                /* 060D  lconst L0 <- static#73   ("[") */
    0x00410142,                /* 060E  gget L1 <- g65   (str) */
    0x00028041,                /* 060F  move L2 <- P0 */
    0x000101A0, 0x00010000,    /* 0610  call base=L1 argc=1 nres=1 */
    0x00020085, 0x00000001,    /* 0612  add L2 <- L0 + L1 */
    0x004C0346,                /* 0614  lconst L3 <- static#76   ("] ") */
    0x00040085, 0x00020003,    /* 0615  add L4 <- L2 + L3 */
    0x000F0542,                /* 0617  gget L5 <- g15   (_join) */
    0x00510646,                /* 0618  lconst L6 <- static#81   ("_path") */
    0x00070098, 0x80010006,    /* 0619  getidx L7 <- P1[L6] */
    0x00060741,                /* 061B  move L6 <- L7 */
    0x00520746,                /* 061C  lconst L7 <- static#82   ("::") */
    0x000502A0, 0x00010000,    /* 061D  call base=L5 argc=2 nres=1 */
    0x00060085, 0x00040005,    /* 061F  add L6 <- L4 + L5 */
    0x00060102,                /* 0621  return L6 count=1 */
    0x00040246,                /* 0622  lconst L2 <- static#4   ("statics") */
    0x0003008F, 0x80000002,    /* 0623  eq L3 <- P0 == L2 */
    0x0020034B,                /* 0625  jf L3, +32 */
    0x00160242,                /* 0626  gget L2 <- g22   (_static_repr) */
    0x00038241,                /* 0627  move L3 <- P2 */
    0x000201A0, 0x00010000,    /* 0628  call base=L2 argc=1 nres=1 */
    0x00000241,                /* 062A  move L0 <- L2 */
    0x003C0246,                /* 062B  lconst L2 <- static#60   ("error") */
    0x00030097, 0x00000002,    /* 062C  is L3 <- L0 is L2 */
    0x0001034B,                /* 062E  jf L3, +1 */
    0x00000102,                /* 062F  return L0 count=1 */
    0x00490246,                /* 0630  lconst L2 <- static#73   ("[") */
    0x00410342,                /* 0631  gget L3 <- g65   (str) */
    0x00048141,                /* 0632  move L4 <- P1 */
    0x000301A0, 0x00010000,    /* 0633  call base=L3 argc=1 nres=1 */
    0x00040085, 0x00020003,    /* 0635  add L4 <- L2 + L3 */
    0x004C0546,                /* 0637  lconst L5 <- static#76   ("] ") */
    0x00060085, 0x00040005,    /* 0638  add L6 <- L4 + L5 */
    0x00140742,                /* 063A  gget L7 <- g20   (_static_kind) */
    0x00088241,                /* 063B  move L8 <- P2 */
    0x000701A0, 0x00010000,    /* 063C  call base=L7 argc=1 nres=1 */
    0x00080085, 0x00060007,    /* 063E  add L8 <- L6 + L7 */
    0x003E0946,                /* 0640  lconst L9 <- static#62   (" ") */
    0x000A0085, 0x00080009,    /* 0641  add L10 <- L8 + L9 */
    0x000B0085, 0x000A0000,    /* 0643  add L11 <- L10 + L0 */
    0x000B0102,                /* 0645  return L11 count=1 */
    0x00060246,                /* 0646  lconst L2 <- static#6   ("symbols") */
    0x0003008F, 0x80000002,    /* 0647  eq L3 <- P0 == L2 */
    0x0016034B,                /* 0649  jf L3, +22 */
    0x00400242,                /* 064A  gget L2 <- g64   (_char_from_cp) */
    0x00032240,                /* 064B  i8 L3 <- 34 */
    0x000201A0, 0x00010000,    /* 064C  call base=L2 argc=1 nres=1 */
    0x00010241,                /* 064E  move L1 <- L2 */
    0x00490246,                /* 064F  lconst L2 <- static#73   ("[") */
    0x00410342,                /* 0650  gget L3 <- g65   (str) */
    0x00048141,                /* 0651  move L4 <- P1 */
    0x000301A0, 0x00010000,    /* 0652  call base=L3 argc=1 nres=1 */
    0x00040085, 0x00020003,    /* 0654  add L4 <- L2 + L3 */
    0x004C0546,                /* 0656  lconst L5 <- static#76   ("] ") */
    0x00060085, 0x00040005,    /* 0657  add L6 <- L4 + L5 */
    0x00070085, 0x00060001,    /* 0659  add L7 <- L6 + L1 */
    0x00080085, 0x00078002,    /* 065B  add L8 <- L7 + P2 */
    0x00090085, 0x00080001,    /* 065D  add L9 <- L8 + L1 */
    0x00090102,                /* 065F  return L9 count=1 */
    0x00070246,                /* 0660  lconst L2 <- static#7   ("functions") */
    0x0003008F, 0x80000002,    /* 0661  eq L3 <- P0 == L2 */
    0x0006034B,                /* 0663  jf L3, +6 */
    0x00180242,                /* 0664  gget L2 <- g24   (_function_note) */
    0x00038141,                /* 0665  move L3 <- P1 */
    0x00048241,                /* 0666  move L4 <- P2 */
    0x000202A0, 0x00010000,    /* 0667  call base=L2 argc=2 nres=1 */
    0x00020102,                /* 0669  return L2 count=1 */
    0x00080246,                /* 066A  lconst L2 <- static#8   ("classes") */
    0x0003008F, 0x80000002,    /* 066B  eq L3 <- P0 == L2 */
    0x0010034B,                /* 066D  jf L3, +16 */
    0x00490246,                /* 066E  lconst L2 <- static#73   ("[") */
    0x00410342,                /* 066F  gget L3 <- g65   (str) */
    0x00048141,                /* 0670  move L4 <- P1 */
    0x000301A0, 0x00010000,    /* 0671  call base=L3 argc=1 nres=1 */
    0x00040085, 0x00020003,    /* 0673  add L4 <- L2 + L3 */
    0x00530546,                /* 0675  lconst L5 <- static#83   ("] class ") */
    0x00060085, 0x00040005,    /* 0676  add L6 <- L4 + L5 */
    0x00170746,                /* 0678  lconst L7 <- static#23   ("name") */
    0x00080098, 0x80020007,    /* 0679  getidx L8 <- P2[L7] */
    0x00090085, 0x00060008,    /* 067B  add L9 <- L6 + L8 */
    0x00090102,                /* 067D  return L9 count=1 */
    0x00090246,                /* 067E  lconst L2 <- static#9   ("messages") */
    0x0003008F, 0x80000002,    /* 067F  eq L3 <- P0 == L2 */
    0x0006034B,                /* 0681  jf L3, +6 */
    0x00190242,                /* 0682  gget L2 <- g25   (_message_note) */
    0x00038141,                /* 0683  move L3 <- P1 */
    0x00048241,                /* 0684  move L4 <- P2 */
    0x000202A0, 0x00010000,    /* 0685  call base=L2 argc=2 nres=1 */
    0x00020102,                /* 0687  return L2 count=1 */
    0x003D0246,                /* 0688  lconst L2 <- static#61   ("") */
    0x00020102,                /* 0689  return L2 count=1 */
    0x00000083, 0x00060000,    /* 068A  dict L0 <- L6, 0 pairs */
    0x00010440,                /* 068C  i8 L1 <- 4 */
    0x00020040,                /* 068D  i8 L2 <- 0 */
    0x000600AE, 0x80000000,    /* 068E  iter L6 <- P0 */
    0x000300AF, 0x00060024,    /* 0690  itnext L3 <- L6, done +36 */
    0x001A0742,                /* 0692  gget L7 <- g26   (_array_note) */
    0x00088141,                /* 0693  move L8 <- P1 */
    0x00090241,                /* 0694  move L9 <- L2 */
    0x000A0341,                /* 0695  move L10 <- L3 */
    0x000B8241,                /* 0696  move L11 <- P2 */
    0x000704A0, 0x00010000,    /* 0697  call base=L7 argc=4 nres=1 */
    0x00040741,                /* 0699  move L4 <- L7 */
    0x003C0746,                /* 069A  lconst L7 <- static#60   ("error") */
    0x00080097, 0x00040007,    /* 069B  is L8 <- L4 is L7 */
    0x0001084B,                /* 069D  jf L8, +1 */
    0x00040102,                /* 069E  return L4 count=1 */
    0x00070441,                /* 069F  move L7 <- L4 */
    0x00000099, 0x00010007,    /* 06A0  setidx L0[L1] <- L7 */
    0x00130742,                /* 06A2  gget L7 <- g19   (_element_len) */
    0x00410842,                /* 06A3  gget L8 <- g65   (str) */
    0x00090241,                /* 06A4  move L9 <- L2 */
    0x000801A0, 0x00010000,    /* 06A5  call base=L8 argc=1 nres=1 */
    0x00090341,                /* 06A7  move L9 <- L3 */
    0x000702A0, 0x00010000,    /* 06A8  call base=L7 argc=2 nres=1 */
    0x00050741,                /* 06AA  move L5 <- L7 */
    0x003C0746,                /* 06AB  lconst L7 <- static#60   ("error") */
    0x00080097, 0x00050007,    /* 06AC  is L8 <- L5 is L7 */
    0x0001084B,                /* 06AE  jf L8, +1 */
    0x00050102,                /* 06AF  return L5 count=1 */
    0x00010085, 0x00010005,    /* 06B0  add L1 <- L1 + L5 */
    0x00070140,                /* 06B2  i8 L7 <- 1 */
    0x00020085, 0x00020007,    /* 06B3  add L2 <- L2 + L7 */
    0xFFDA004F,                /* 06B5  jmp -38 */
    0x00000102,                /* 06B6  return L0 count=1 */
    0x00000083, 0x00060000,    /* 06B7  dict L0 <- L6, 0 pairs */
    0x00010440,                /* 06B9  i8 L1 <- 4 */
    0x000600AE, 0x80000000,    /* 06BA  iter L6 <- P0 */
    0x000200AF, 0x00060021,    /* 06BC  itnext L2 <- L6, done +33 */
    0x00030098, 0x80000002,    /* 06BE  getidx L3 <- P0[L2] */
    0x00170742,                /* 06C0  gget L7 <- g23   (_doc_value_repr) */
    0x00080341,                /* 06C1  move L8 <- L3 */
    0x000701A0, 0x00010000,    /* 06C2  call base=L7 argc=1 nres=1 */
    0x00040741,                /* 06C4  move L4 <- L7 */
    0x003C0746,                /* 06C5  lconst L7 <- static#60   ("error") */
    0x00080097, 0x00040007,    /* 06C6  is L8 <- L4 is L7 */
    0x0001084B,                /* 06C8  jf L8, +1 */
    0x00040102,                /* 06C9  return L4 count=1 */
    0x00540846,                /* 06CA  lconst L8 <- static#84   (": ") */
    0x00090085, 0x00020008,    /* 06CB  add L9 <- L2 + L8 */
    0x00070085, 0x00090004,    /* 06CD  add L7 <- L9 + L4 */
    0x00000099, 0x00010007,    /* 06CF  setidx L0[L1] <- L7 */
    0x00130742,                /* 06D1  gget L7 <- g19   (_element_len) */
    0x00080241,                /* 06D2  move L8 <- L2 */
    0x00090341,                /* 06D3  move L9 <- L3 */
    0x000702A0, 0x00010000,    /* 06D4  call base=L7 argc=2 nres=1 */
    0x00050741,                /* 06D6  move L5 <- L7 */
    0x003C0746,                /* 06D7  lconst L7 <- static#60   ("error") */
    0x00080097, 0x00050007,    /* 06D8  is L8 <- L5 is L7 */
    0x0001084B,                /* 06DA  jf L8, +1 */
    0x00050102,                /* 06DB  return L5 count=1 */
    0x00010085, 0x00010005,    /* 06DC  add L1 <- L1 + L5 */
    0xFFDD004F,                /* 06DE  jmp -35 */
    0x00000102,                /* 06DF  return L0 count=1 */
    0x00030046,                /* 06E0  lconst L0 <- static#3   ("header") */
    0x0001008F, 0x80010000,    /* 06E1  eq L1 <- P1 == L0 */
    0x0008014B,                /* 06E3  jf L1, +8 */
    0x001C0042,                /* 06E4  gget L0 <- g28   (_document_annotations) */
    0x00050142,                /* 06E5  gget L1 <- g5   (_header_doc) */
    0x00028041,                /* 06E6  move L2 <- P0 */
    0x000101A0, 0x00010000,    /* 06E7  call base=L1 argc=1 nres=1 */
    0x000001A0, 0x00010000,    /* 06E9  call base=L0 argc=1 nres=1 */
    0x00000102,                /* 06EB  return L0 count=1 */
    0x00050046,                /* 06EC  lconst L0 <- static#5   ("slot_defaults") */
    0x0001008F, 0x80010000,    /* 06ED  eq L1 <- P1 == L0 */
    0x0008014B,                /* 06EF  jf L1, +8 */
    0x001C0042,                /* 06F0  gget L0 <- g28   (_document_annotations) */
    0x00050146,                /* 06F1  lconst L1 <- static#5   ("slot_defaults") */
    0x00020098, 0x80000001,    /* 06F2  getidx L2 <- P0[L1] */
    0x00010241,                /* 06F4  move L1 <- L2 */
    0x000001A0, 0x00010000,    /* 06F5  call base=L0 argc=1 nres=1 */
    0x00000102,                /* 06F7  return L0 count=1 */
    0x000B0046,                /* 06F8  lconst L0 <- static#11   ("exports") */
    0x0001008F, 0x80010000,    /* 06F9  eq L1 <- P1 == L0 */
    0x0008014B,                /* 06FB  jf L1, +8 */
    0x001C0042,                /* 06FC  gget L0 <- g28   (_document_annotations) */
    0x000B0146,                /* 06FD  lconst L1 <- static#11   ("exports") */
    0x00020098, 0x80000001,    /* 06FE  getidx L2 <- P0[L1] */
    0x00010241,                /* 0700  move L1 <- L2 */
    0x000001A0, 0x00010000,    /* 0701  call base=L0 argc=1 nres=1 */
    0x00000102,                /* 0703  return L0 count=1 */
    0x000C0046,                /* 0704  lconst L0 <- static#12   ("free") */
    0x0001008F, 0x80010000,    /* 0705  eq L1 <- P1 == L0 */
    0x0008014B,                /* 0707  jf L1, +8 */
    0x001C0042,                /* 0708  gget L0 <- g28   (_document_annotations) */
    0x000C0146,                /* 0709  lconst L1 <- static#12   ("free") */
    0x00020098, 0x80000001,    /* 070A  getidx L2 <- P0[L1] */
    0x00010241,                /* 070C  move L1 <- L2 */
    0x000001A0, 0x00010000,    /* 070D  call base=L0 argc=1 nres=1 */
    0x00000102,                /* 070F  return L0 count=1 */
    0x00040046,                /* 0710  lconst L0 <- static#4   ("statics") */
    0x0001008F, 0x80010000,    /* 0711  eq L1 <- P1 == L0 */
    0x000A014B,                /* 0713  jf L1, +10 */
    0x001B0042,                /* 0714  gget L0 <- g27   (_array_annotations) */
    0x00040146,                /* 0715  lconst L1 <- static#4   ("statics") */
    0x00020098, 0x80000001,    /* 0716  getidx L2 <- P0[L1] */
    0x00010241,                /* 0718  move L1 <- L2 */
    0x00040246,                /* 0719  lconst L2 <- static#4   ("statics") */
    0x00038041,                /* 071A  move L3 <- P0 */
    0x000003A0, 0x00010000,    /* 071B  call base=L0 argc=3 nres=1 */
    0x00000102,                /* 071D  return L0 count=1 */
    0x00060046,                /* 071E  lconst L0 <- static#6   ("symbols") */
    0x0001008F, 0x80010000,    /* 071F  eq L1 <- P1 == L0 */
    0x000A014B,                /* 0721  jf L1, +10 */
    0x001B0042,                /* 0722  gget L0 <- g27   (_array_annotations) */
    0x00060146,                /* 0723  lconst L1 <- static#6   ("symbols") */
    0x00020098, 0x80000001,    /* 0724  getidx L2 <- P0[L1] */
    0x00010241,                /* 0726  move L1 <- L2 */
    0x00060246,                /* 0727  lconst L2 <- static#6   ("symbols") */
    0x00038041,                /* 0728  move L3 <- P0 */
    0x000003A0, 0x00010000,    /* 0729  call base=L0 argc=3 nres=1 */
    0x00000102,                /* 072B  return L0 count=1 */
    0x00070046,                /* 072C  lconst L0 <- static#7   ("functions") */
    0x0001008F, 0x80010000,    /* 072D  eq L1 <- P1 == L0 */
    0x000A014B,                /* 072F  jf L1, +10 */
    0x001B0042,                /* 0730  gget L0 <- g27   (_array_annotations) */
    0x00070142,                /* 0731  gget L1 <- g7   (_function_docs) */
    0x00028041,                /* 0732  move L2 <- P0 */
    0x000101A0, 0x00010000,    /* 0733  call base=L1 argc=1 nres=1 */
    0x00070246,                /* 0735  lconst L2 <- static#7   ("functions") */
    0x00038041,                /* 0736  move L3 <- P0 */
    0x000003A0, 0x00010000,    /* 0737  call base=L0 argc=3 nres=1 */
    0x00000102,                /* 0739  return L0 count=1 */
    0x00080046,                /* 073A  lconst L0 <- static#8   ("classes") */
    0x0001008F, 0x80010000,    /* 073B  eq L1 <- P1 == L0 */
    0x000A014B,                /* 073D  jf L1, +10 */
    0x001B0042,                /* 073E  gget L0 <- g27   (_array_annotations) */
    0x00080146,                /* 073F  lconst L1 <- static#8   ("classes") */
    0x00020098, 0x80000001,    /* 0740  getidx L2 <- P0[L1] */
    0x00010241,                /* 0742  move L1 <- L2 */
    0x00080246,                /* 0743  lconst L2 <- static#8   ("classes") */
    0x00038041,                /* 0744  move L3 <- P0 */
    0x000003A0, 0x00010000,    /* 0745  call base=L0 argc=3 nres=1 */
    0x00000102,                /* 0747  return L0 count=1 */
    0x00090046,                /* 0748  lconst L0 <- static#9   ("messages") */
    0x0001008F, 0x80010000,    /* 0749  eq L1 <- P1 == L0 */
    0x000A014B,                /* 074B  jf L1, +10 */
    0x001B0042,                /* 074C  gget L0 <- g27   (_array_annotations) */
    0x00090146,                /* 074D  lconst L1 <- static#9   ("messages") */
    0x00020098, 0x80000001,    /* 074E  getidx L2 <- P0[L1] */
    0x00010241,                /* 0750  move L1 <- L2 */
    0x00090246,                /* 0751  lconst L2 <- static#9   ("messages") */
    0x00038041,                /* 0752  move L3 <- P0 */
    0x000003A0, 0x00010000,    /* 0753  call base=L0 argc=3 nres=1 */
    0x00000102,                /* 0755  return L0 count=1 */
    0x00000083, 0x00000000,    /* 0756  dict L0 <- L0, 0 pairs */
    0x00000102,                /* 0758  return L0 count=1 */
    0x00000082, 0x00080000,    /* 0759  list L0 <- L8, 0 items */
    0x003B0842,                /* 075B  gget L8 <- g59   (len) */
    0x00098041,                /* 075C  move L9 <- P0 */
    0x000801A0, 0x00010000,    /* 075D  call base=L8 argc=1 nres=1 */
    0x00010841,                /* 075F  move L1 <- L8 */
    0x00020040,                /* 0760  i8 L2 <- 0 */
    0x00080091, 0x00020001,    /* 0761  lt L8 <- L2 < L1 */
    0x0058084B,                /* 0763  jf L8, +88 */
    0x00030086, 0x00010002,    /* 0764  sub L3 <- L1 - L2 */
    0x00081040,                /* 0766  i8 L8 <- 16 */
    0x00090093, 0x00030008,    /* 0767  gt L9 <- L3 > L8 */
    0x0001094B,                /* 0769  jf L9, +1 */
    0x00031040,                /* 076A  i8 L3 <- 16 */
    0x00110842,                /* 076B  gget L8 <- g17   (_hex4) */
    0x00090241,                /* 076C  move L9 <- L2 */
    0x000801A0, 0x00010000,    /* 076D  call base=L8 argc=1 nres=1 */
    0x00550946,                /* 076F  lconst L9 <- static#85   (":") */
    0x00040085, 0x00080009,    /* 0770  add L4 <- L8 + L9 */
    0x00050040,                /* 0772  i8 L5 <- 0 */
    0x00080091, 0x00050003,    /* 0773  lt L8 <- L5 < L3 */
    0x0011084B,                /* 0775  jf L8, +17 */
    0x003E0846,                /* 0776  lconst L8 <- static#62   (" ") */
    0x00090085, 0x00040008,    /* 0777  add L9 <- L4 + L8 */
    0x00420A42,                /* 0779  gget L10 <- g66   (_hex2) */
    0x000B0085, 0x00020005,    /* 077A  add L11 <- L2 + L5 */
    0x000C0098, 0x8000000B,    /* 077C  getidx L12 <- P0[L11] */
    0x000B0C41,                /* 077E  move L11 <- L12 */
    0x000A01A0, 0x00010000,    /* 077F  call base=L10 argc=1 nres=1 */
    0x00040085, 0x0009000A,    /* 0781  add L4 <- L9 + L10 */
    0x00080140,                /* 0783  i8 L8 <- 1 */
    0x00050085, 0x00050008,    /* 0784  add L5 <- L5 + L8 */
    0xFFEC004F,                /* 0786  jmp -20 */
    0x003D0646,                /* 0787  lconst L6 <- static#61   ("") */
    0x000800AE, 0x80010000,    /* 0788  iter L8 <- P1 */
    0x000700AF, 0x00080015,    /* 078A  itnext L7 <- L8, done +21 */
    0x00090094, 0x00070002,    /* 078C  ge L9 <- L7 >= L2 */
    0x0005094B,                /* 078E  jf L9, +5 */
    0x000A1040,                /* 078F  i8 L10 <- 16 */
    0x000B0085, 0x0002000A,    /* 0790  add L11 <- L2 + L10 */
    0x00090091, 0x0007000B,    /* 0792  lt L9 <- L7 < L11 */
    0x000B094B,                /* 0794  jf L9, +11 */
    0x003D0946,                /* 0795  lconst L9 <- static#61   ("") */
    0x000A0090, 0x00060009,    /* 0796  ne L10 <- L6 != L9 */
    0x00030A4B,                /* 0798  jf L10, +3 */
    0x00560946,                /* 0799  lconst L9 <- static#86   ("; ") */
    0x00060085, 0x00060009,    /* 079A  add L6 <- L6 + L9 */
    0x00090098, 0x80010007,    /* 079C  getidx L9 <- P1[L7] */
    0x00060085, 0x00060009,    /* 079E  add L6 <- L6 + L9 */
    0xFFE9004F,                /* 07A0  jmp -23 */
    0x003D0846,                /* 07A1  lconst L8 <- static#61   ("") */
    0x0009008F, 0x00060008,    /* 07A2  eq L9 <- L6 == L8 */
    0x0005094B,                /* 07A4  jf L9, +5 */
    0x00080041,                /* 07A5  move L8 <- L0 */
    0x00090441,                /* 07A6  move L9 <- L4 */
    0x000801A2, 0x00000001,    /* 07A7  msg base=L8 argc=1 msg#0 nres=1   (append) */
    0x000E004F,                /* 07A9  jmp +14 */
    0x00080041,                /* 07AA  move L8 <- L0 */
    0x00100942,                /* 07AB  gget L9 <- g16   (_pad_to) */
    0x000A0441,                /* 07AC  move L10 <- L4 */
    0x003A0B42,                /* 07AD  gget L11 <- g58   (COMMENT_COLUMN) */
    0x000902A0, 0x00010000,    /* 07AE  call base=L9 argc=2 nres=1 */
    0x00560A46,                /* 07B0  lconst L10 <- static#86   ("; ") */
    0x000B0085, 0x0009000A,    /* 07B1  add L11 <- L9 + L10 */
    0x000C0085, 0x000B0006,    /* 07B3  add L12 <- L11 + L6 */
    0x00090C41,                /* 07B5  move L9 <- L12 */
    0x000801A2, 0x00000001,    /* 07B6  msg base=L8 argc=1 msg#0 nres=1   (append) */
    0x00081040,                /* 07B8  i8 L8 <- 16 */
    0x00020085, 0x00020008,    /* 07B9  add L2 <- L2 + L8 */
    0xFFA5004F,                /* 07BB  jmp -91 */
    0x00000102,                /* 07BC  return L0 count=1 */
    0x00000083, 0x00030000,    /* 07BD  dict L0 <- L3, 0 pairs */
    0x000B0346,                /* 07BF  lconst L3 <- static#11   ("exports") */
    0x00040098, 0x80000003,    /* 07C0  getidx L4 <- P0[L3] */
    0x001E0546,                /* 07C2  lconst L5 <- static#30   ("nil") */
    0x00060097, 0x00040005,    /* 07C3  is L6 <- L4 is L5 */
    0x0007064A,                /* 07C5  not L7 <- L6 */
    0x0010074B,                /* 07C6  jf L7, +16 */
    0x000B0346,                /* 07C7  lconst L3 <- static#11   ("exports") */
    0x00040098, 0x80000003,    /* 07C8  getidx L4 <- P0[L3] */
    0x000500AE, 0x00040000,    /* 07CA  iter L5 <- L4 */
    0x000100AF, 0x00050009,    /* 07CC  itnext L1 <- L5, done +9 */
    0x000B0646,                /* 07CE  lconst L6 <- static#11   ("exports") */
    0x00070098, 0x80000006,    /* 07CF  getidx L7 <- P0[L6] */
    0x00080098, 0x00070001,    /* 07D1  getidx L8 <- L7[L1] */
    0x00090141,                /* 07D3  move L9 <- L1 */
    0x00000099, 0x00080009,    /* 07D4  setidx L0[L8] <- L9 */
    0xFFF5004F,                /* 07D6  jmp -11 */
    0x000C0346,                /* 07D7  lconst L3 <- static#12   ("free") */
    0x00040098, 0x80000003,    /* 07D8  getidx L4 <- P0[L3] */
    0x001E0546,                /* 07DA  lconst L5 <- static#30   ("nil") */
    0x00060097, 0x00040005,    /* 07DB  is L6 <- L4 is L5 */
    0x0007064A,                /* 07DD  not L7 <- L6 */
    0x0010074B,                /* 07DE  jf L7, +16 */
    0x000C0346,                /* 07DF  lconst L3 <- static#12   ("free") */
    0x00040098, 0x80000003,    /* 07E0  getidx L4 <- P0[L3] */
    0x000500AE, 0x00040000,    /* 07E2  iter L5 <- L4 */
    0x000200AF, 0x00050009,    /* 07E4  itnext L2 <- L5, done +9 */
    0x000C0646,                /* 07E6  lconst L6 <- static#12   ("free") */
    0x00070098, 0x80000006,    /* 07E7  getidx L7 <- P0[L6] */
    0x00080098, 0x00070002,    /* 07E9  getidx L8 <- L7[L2] */
    0x00090241,                /* 07EB  move L9 <- L2 */
    0x00000099, 0x00080009,    /* 07EC  setidx L0[L8] <- L9 */
    0xFFF5004F,                /* 07EE  jmp -11 */
    0x00000102,                /* 07EF  return L0 count=1 */
    0x00570746,                /* 07F0  lconst L7 <- static#87   ("static") */
    0x0008008F, 0x80010007,    /* 07F1  eq L8 <- P1 == L7 */
    0x0018084B,                /* 07F3  jf L8, +24 */
    0x00040746,                /* 07F4  lconst L7 <- static#4   ("statics") */
    0x00000098, 0x80000007,    /* 07F5  getidx L0 <- P0[L7] */
    0x001E0746,                /* 07F7  lconst L7 <- static#30   ("nil") */
    0x00080097, 0x00000007,    /* 07F8  is L8 <- L0 is L7 */
    0x0002084B,                /* 07FA  jf L8, +2 */
    0x00070003,                /* 07FB  lnil L7 */
    0x00070102,                /* 07FC  return L7 count=1 */
    0x00010098, 0x00008002,    /* 07FD  getidx L1 <- L0[P2] */
    0x0001014E,                /* 07FF  jnerr L1, +1 */
    0x00010003,                /* 0800  lnil L1 */
    0x001E0746,                /* 0801  lconst L7 <- static#30   ("nil") */
    0x00080097, 0x00010007,    /* 0802  is L8 <- L1 is L7 */
    0x0002084B,                /* 0804  jf L8, +2 */
    0x00070003,                /* 0805  lnil L7 */
    0x00070102,                /* 0806  return L7 count=1 */
    0x00160742,                /* 0807  gget L7 <- g22   (_static_repr) */
    0x00080141,                /* 0808  move L8 <- L1 */
    0x000701A0, 0x00010000,    /* 0809  call base=L7 argc=1 nres=1 */
    0x00070102,                /* 080B  return L7 count=1 */
    0x00580746,                /* 080C  lconst L7 <- static#88   ("symbol") */
    0x0008008F, 0x80010007,    /* 080D  eq L8 <- P1 == L7 */
    0x001D084B,                /* 080F  jf L8, +29 */
    0x00060746,                /* 0810  lconst L7 <- static#6   ("symbols") */
    0x00020098, 0x80000007,    /* 0811  getidx L2 <- P0[L7] */
    0x001E0746,                /* 0813  lconst L7 <- static#30   ("nil") */
    0x00080097, 0x00020007,    /* 0814  is L8 <- L2 is L7 */
    0x0002084B,                /* 0816  jf L8, +2 */
    0x00070003,                /* 0817  lnil L7 */
    0x00070102,                /* 0818  return L7 count=1 */
    0x00030098, 0x00028002,    /* 0819  getidx L3 <- L2[P2] */
    0x0001034E,                /* 081B  jnerr L3, +1 */
    0x00030003,                /* 081C  lnil L3 */
    0x001E0746,                /* 081D  lconst L7 <- static#30   ("nil") */
    0x00080097, 0x00030007,    /* 081E  is L8 <- L3 is L7 */
    0x0002084B,                /* 0820  jf L8, +2 */
    0x00070003,                /* 0821  lnil L7 */
    0x00070102,                /* 0822  return L7 count=1 */
    0x00400742,                /* 0823  gget L7 <- g64   (_char_from_cp) */
    0x00082240,                /* 0824  i8 L8 <- 34 */
    0x000701A0, 0x00010000,    /* 0825  call base=L7 argc=1 nres=1 */
    0x00040741,                /* 0827  move L4 <- L7 */
    0x00070085, 0x00040003,    /* 0828  add L7 <- L4 + L3 */
    0x00080085, 0x00070004,    /* 082A  add L8 <- L7 + L4 */
    0x00080102,                /* 082C  return L8 count=1 */
    0x00590746,                /* 082D  lconst L7 <- static#89   ("message") */
    0x0008008F, 0x80010007,    /* 082E  eq L8 <- P1 == L7 */
    0x001C084B,                /* 0830  jf L8, +28 */
    0x00090746,                /* 0831  lconst L7 <- static#9   ("messages") */
    0x00050098, 0x80000007,    /* 0832  getidx L5 <- P0[L7] */
    0x001E0746,                /* 0834  lconst L7 <- static#30   ("nil") */
    0x00080097, 0x00050007,    /* 0835  is L8 <- L5 is L7 */
    0x0002084B,                /* 0837  jf L8, +2 */
    0x00070003,                /* 0838  lnil L7 */
    0x00070102,                /* 0839  return L7 count=1 */
    0x00060098, 0x00058002,    /* 083A  getidx L6 <- L5[P2] */
    0x0001064E,                /* 083C  jnerr L6, +1 */
    0x00060003,                /* 083D  lnil L6 */
    0x001E0746,                /* 083E  lconst L7 <- static#30   ("nil") */
    0x00080097, 0x00060007,    /* 083F  is L8 <- L6 is L7 */
    0x0002084B,                /* 0841  jf L8, +2 */
    0x00070003,                /* 0842  lnil L7 */
    0x00070102,                /* 0843  return L7 count=1 */
    0x000F0742,                /* 0844  gget L7 <- g15   (_join) */
    0x00510846,                /* 0845  lconst L8 <- static#81   ("_path") */
    0x00090098, 0x00060008,    /* 0846  getidx L9 <- L6[L8] */
    0x00080941,                /* 0848  move L8 <- L9 */
    0x00520946,                /* 0849  lconst L9 <- static#82   ("::") */
    0x000702A0, 0x00010000,    /* 084A  call base=L7 argc=2 nres=1 */
    0x00070102,                /* 084C  return L7 count=1 */
    0x005A0746,                /* 084D  lconst L7 <- static#90   ("global") */
    0x0008008F, 0x80010007,    /* 084E  eq L8 <- P1 == L7 */
    0x0005084B,                /* 0850  jf L8, +5 */
    0x00070098, 0x80038002,    /* 0851  getidx L7 <- P3[P2] */
    0x0001074E,                /* 0853  jnerr L7, +1 */
    0x00070003,                /* 0854  lnil L7 */
    0x00070102,                /* 0855  return L7 count=1 */
    0x00070003,                /* 0856  lnil L7 */
    0x00070102,                /* 0857  return L7 count=1 */
    0x00000082, 0x00040000,    /* 0858  list L0 <- L4, 0 items */
    0x005B0446,                /* 085A  lconst L4 <- static#91   ("operands") */
    0x00050098, 0x80000004,    /* 085B  getidx L5 <- P0[L4] */
    0x000600AE, 0x00050000,    /* 085D  iter L6 <- L5 */
    0x000100AF, 0x00060022,    /* 085F  itnext L1 <- L6, done +34 */
    0x005B0746,                /* 0861  lconst L7 <- static#91   ("operands") */
    0x00080098, 0x80000007,    /* 0862  getidx L8 <- P0[L7] */
    0x00020098, 0x00080001,    /* 0864  getidx L2 <- L8[L1] */
    0x00200742,                /* 0866  gget L7 <- g32   (_describe) */
    0x00088141,                /* 0867  move L8 <- P1 */
    0x00090140,                /* 0868  i8 L9 <- 1 */
    0x000A0098, 0x00020009,    /* 0869  getidx L10 <- L2[L9] */
    0x00090A41,                /* 086B  move L9 <- L10 */
    0x005C0A46,                /* 086C  lconst L10 <- static#92   ("fields") */
    0x000B0098, 0x8000000A,    /* 086D  getidx L11 <- P0[L10] */
    0x000C0040,                /* 086F  i8 L12 <- 0 */
    0x000D0098, 0x0002000C,    /* 0870  getidx L13 <- L2[L12] */
    0x000E0098, 0x000B000D,    /* 0872  getidx L14 <- L11[L13] */
    0x000A0E41,                /* 0874  move L10 <- L14 */
    0x000B8241,                /* 0875  move L11 <- P2 */
    0x000704A0, 0x00010000,    /* 0876  call base=L7 argc=4 nres=1 */
    0x00030741,                /* 0878  move L3 <- L7 */
    0x001E0746,                /* 0879  lconst L7 <- static#30   ("nil") */
    0x00080097, 0x00030007,    /* 087A  is L8 <- L3 is L7 */
    0x0009084A,                /* 087C  not L9 <- L8 */
    0x0004094B,                /* 087D  jf L9, +4 */
    0x00070041,                /* 087E  move L7 <- L0 */
    0x00080341,                /* 087F  move L8 <- L3 */
    0x000701A2, 0x00000001,    /* 0880  msg base=L7 argc=1 msg#0 nres=1   (append) */
    0xFFDC004F,                /* 0882  jmp -36 */
    0x003B0442,                /* 0883  gget L4 <- g59   (len) */
    0x00050041,                /* 0884  move L5 <- L0 */
    0x000401A0, 0x00010000,    /* 0885  call base=L4 argc=1 nres=1 */
    0x00050040,                /* 0887  i8 L5 <- 0 */
    0x00060093, 0x00040005,    /* 0888  gt L6 <- L4 > L5 */
    0x000C064B,                /* 088A  jf L6, +12 */
    0x005D0446,                /* 088B  lconst L4 <- static#93   ("(") */
    0x000F0542,                /* 088C  gget L5 <- g15   (_join) */
    0x00060041,                /* 088D  move L6 <- L0 */
    0x004A0746,                /* 088E  lconst L7 <- static#74   (", ") */
    0x000502A0, 0x00010000,    /* 088F  call base=L5 argc=2 nres=1 */
    0x00060085, 0x00040005,    /* 0891  add L6 <- L4 + L5 */
    0x005E0746,                /* 0893  lconst L7 <- static#94   (")") */
    0x00080085, 0x00060007,    /* 0894  add L8 <- L6 + L7 */
    0x00080102,                /* 0896  return L8 count=1 */
    0x003D0446,                /* 0897  lconst L4 <- static#61   ("") */
    0x00040102,                /* 0898  return L4 count=1 */
    0x00000083, 0x000F0000,    /* 0899  dict L0 <- L15, 0 pairs */
    0x000F0040,                /* 089B  i8 L15 <- 0 */
    0x005F1046,                /* 089C  lconst L16 <- static#95   ("module init") */
    0x00000099, 0x000F0010,    /* 089D  setidx L0[L15] <- L16 */
    0x00070F46,                /* 089F  lconst L15 <- static#7   ("functions") */
    0x00010098, 0x8000000F,    /* 08A0  getidx L1 <- P0[L15] */
    0x001E0F46,                /* 08A2  lconst L15 <- static#30   ("nil") */
    0x00100097, 0x0001000F,    /* 08A3  is L16 <- L1 is L15 */
    0x0011104A,                /* 08A5  not L17 <- L16 */
    0x001F114B,                /* 08A6  jf L17, +31 */
    0x000F00AE, 0x00010000,    /* 08A7  iter L15 <- L1 */
    0x000500AF, 0x000F001B,    /* 08A9  itnext L5 <- L15, done +27 */
    0x00211046,                /* 08AB  lconst L16 <- static#33   ("code_offset") */
    0x00110098, 0x00050010,    /* 08AC  getidx L17 <- L5[L16] */
    0x00601346,                /* 08AE  lconst L19 <- static#96   ("fn ") */
    0x00171446,                /* 08AF  lconst L20 <- static#23   ("name") */
    0x00150098, 0x00050014,    /* 08B0  getidx L21 <- L5[L20] */
    0x00160085, 0x00130015,    /* 08B2  add L22 <- L19 + L21 */
    0x00611746,                /* 08B4  lconst L23 <- static#97   (" (word offset ") */
    0x00180085, 0x00160017,    /* 08B5  add L24 <- L22 + L23 */
    0x00411942,                /* 08B7  gget L25 <- g65   (str) */
    0x00211A46,                /* 08B8  lconst L26 <- static#33   ("code_offset") */
    0x001B0098, 0x0005001A,    /* 08B9  getidx L27 <- L5[L26] */
    0x001A1B41,                /* 08BB  move L26 <- L27 */
    0x001901A0, 0x00010000,    /* 08BC  call base=L25 argc=1 nres=1 */
    0x001A0085, 0x00180019,    /* 08BE  add L26 <- L24 + L25 */
    0x005E1B46,                /* 08C0  lconst L27 <- static#94   (")") */
    0x00120085, 0x001A001B,    /* 08C1  add L18 <- L26 + L27 */
    0x00000099, 0x00110012,    /* 08C3  setidx L0[L17] <- L18 */
    0xFFE3004F,                /* 08C5  jmp -29 */
    0x00430F42,                /* 08C6  gget L15 <- g67   (disassemble) */
    0x000A1046,                /* 08C7  lconst L16 <- static#10   ("code") */
    0x00110098, 0x80000010,    /* 08C8  getidx L17 <- P0[L16] */
    0x00101141,                /* 08CA  move L16 <- L17 */
    0x00110040,                /* 08CB  i8 L17 <- 0 */
    0x000F02A0, 0x00010000,    /* 08CC  call base=L15 argc=2 nres=1 */
    0x00020F41,                /* 08CE  move L2 <- L15 */
    0x003C0F46,                /* 08CF  lconst L15 <- static#60   ("error") */
    0x00100097, 0x0002000F,    /* 08D0  is L16 <- L2 is L15 */
    0x0001104B,                /* 08D2  jf L16, +1 */
    0x00020102,                /* 08D3  return L2 count=1 */
    0x001F0F42,                /* 08D4  gget L15 <- g31   (_global_names) */
    0x00108041,                /* 08D5  move L16 <- P0 */
    0x000F01A0, 0x00010000,    /* 08D6  call base=L15 argc=1 nres=1 */
    0x00030F41,                /* 08D8  move L3 <- L15 */
    0x00040082, 0x000F0000,    /* 08D9  list L4 <- L15, 0 items */
    0x000F00AE, 0x00020000,    /* 08DB  iter L15 <- L2 */
    0x000600AF, 0x000F0095,    /* 08DD  itnext L6 <- L15, done +149 */
    0x00621046,                /* 08DF  lconst L16 <- static#98   ("offset") */
    0x00070098, 0x00060010,    /* 08E0  getidx L7 <- L6[L16] */
    0x00080098, 0x00000007,    /* 08E2  getidx L8 <- L0[L7] */
    0x0001084E,                /* 08E4  jnerr L8, +1 */
    0x00080003,                /* 08E5  lnil L8 */
    0x001E1046,                /* 08E6  lconst L16 <- static#30   ("nil") */
    0x00110097, 0x00080010,    /* 08E7  is L17 <- L8 is L16 */
    0x0012114A,                /* 08E9  not L18 <- L17 */
    0x0007124B,                /* 08EA  jf L18, +7 */
    0x00100441,                /* 08EB  move L16 <- L4 */
    0x00561146,                /* 08EC  lconst L17 <- static#86   ("; ") */
    0x00120085, 0x00110008,    /* 08ED  add L18 <- L17 + L8 */
    0x00111241,                /* 08EF  move L17 <- L18 */
    0x001001A2, 0x00000001,    /* 08F0  msg base=L16 argc=1 msg#0 nres=1   (append) */
    0x003D0946,                /* 08F2  lconst L9 <- static#61   ("") */
    0x000A0040,                /* 08F3  i8 L10 <- 0 */
    0x00631046,                /* 08F4  lconst L16 <- static#99   ("nwords") */
    0x00110098, 0x00060010,    /* 08F5  getidx L17 <- L6[L16] */
    0x00120091, 0x000A0011,    /* 08F7  lt L18 <- L10 < L17 */
    0x004C124B,                /* 08F9  jf L18, +76 */
    0x000A1046,                /* 08FA  lconst L16 <- static#10   ("code") */
    0x00110098, 0x80000010,    /* 08FB  getidx L17 <- P0[L16] */
    0x00120085, 0x0007000A,    /* 08FD  add L18 <- L7 + L10 */
    0x000E0098, 0x00110012,    /* 08FF  getidx L14 <- L17[L18] */
    0x00100040,                /* 0901  i8 L16 <- 0 */
    0x00110093, 0x000A0010,    /* 0902  gt L17 <- L10 > L16 */
    0x0003114B,                /* 0904  jf L17, +3 */
    0x003E1046,                /* 0905  lconst L16 <- static#62   (" ") */
    0x00090085, 0x00090010,    /* 0906  add L9 <- L9 + L16 */
    0x00421042,                /* 0908  gget L16 <- g66   (_hex2) */
    0x001100C0, 0x000000FF,    /* 0909  i32 L17 <- 255 */
    0x0012008B, 0x000E0011,    /* 090B  band L18 <- L14 & L17 */
    0x00111241,                /* 090D  move L17 <- L18 */
    0x001001A0, 0x00010000,    /* 090E  call base=L16 argc=1 nres=1 */
    0x00110085, 0x00090010,    /* 0910  add L17 <- L9 + L16 */
    0x003E1246,                /* 0912  lconst L18 <- static#62   (" ") */
    0x00130085, 0x00110012,    /* 0913  add L19 <- L17 + L18 */
    0x00421442,                /* 0915  gget L20 <- g66   (_hex2) */
    0x00150840,                /* 0916  i8 L21 <- 8 */
    0x0016008E, 0x000E0015,    /* 0917  shr L22 <- L14 >> L21 */
    0x001700C0, 0x000000FF,    /* 0919  i32 L23 <- 255 */
    0x0018008B, 0x00160017,    /* 091B  band L24 <- L22 & L23 */
    0x00151841,                /* 091D  move L21 <- L24 */
    0x001401A0, 0x00010000,    /* 091E  call base=L20 argc=1 nres=1 */
    0x00150085, 0x00130014,    /* 0920  add L21 <- L19 + L20 */
    0x003E1646,                /* 0922  lconst L22 <- static#62   (" ") */
    0x00170085, 0x00150016,    /* 0923  add L23 <- L21 + L22 */
    0x00421842,                /* 0925  gget L24 <- g66   (_hex2) */
    0x00191040,                /* 0926  i8 L25 <- 16 */
    0x001A008E, 0x000E0019,    /* 0927  shr L26 <- L14 >> L25 */
    0x001B00C0, 0x000000FF,    /* 0929  i32 L27 <- 255 */
    0x001C008B, 0x001A001B,    /* 092B  band L28 <- L26 & L27 */
    0x00191C41,                /* 092D  move L25 <- L28 */
    0x001801A0, 0x00010000,    /* 092E  call base=L24 argc=1 nres=1 */
    0x00190085, 0x00170018,    /* 0930  add L25 <- L23 + L24 */
    0x003E1A46,                /* 0932  lconst L26 <- static#62   (" ") */
    0x001B0085, 0x0019001A,    /* 0933  add L27 <- L25 + L26 */
    0x00421C42,                /* 0935  gget L28 <- g66   (_hex2) */
    0x001D1840,                /* 0936  i8 L29 <- 24 */
    0x001E008E, 0x000E001D,    /* 0937  shr L30 <- L14 >> L29 */
    0x001F00C0, 0x000000FF,    /* 0939  i32 L31 <- 255 */
    0x0020008B, 0x001E001F,    /* 093B  band L32 <- L30 & L31 */
    0x001D2041,                /* 093D  move L29 <- L32 */
    0x001C01A0, 0x00010000,    /* 093E  call base=L28 argc=1 nres=1 */
    0x00090085, 0x001B001C,    /* 0940  add L9 <- L27 + L28 */
    0x00100140,                /* 0942  i8 L16 <- 1 */
    0x000A0085, 0x000A0010,    /* 0943  add L10 <- L10 + L16 */
    0xFFAE004F,                /* 0945  jmp -82 */
    0x00641046,                /* 0946  lconst L16 <- static#100   ("text") */
    0x000B0098, 0x00060010,    /* 0947  getidx L11 <- L6[L16] */
    0x00211042,                /* 0949  gget L16 <- g33   (_annotate) */
    0x00110641,                /* 094A  move L17 <- L6 */
    0x00128041,                /* 094B  move L18 <- P0 */
    0x00130341,                /* 094C  move L19 <- L3 */
    0x001003A0, 0x00010000,    /* 094D  call base=L16 argc=3 nres=1 */
    0x000C1041,                /* 094F  move L12 <- L16 */
    0x003D1046,                /* 0950  lconst L16 <- static#61   ("") */
    0x00110090, 0x000C0010,    /* 0951  ne L17 <- L12 != L16 */
    0x0005114B,                /* 0953  jf L17, +5 */
    0x00651046,                /* 0954  lconst L16 <- static#101   ("   ") */
    0x00110085, 0x000B0010,    /* 0955  add L17 <- L11 + L16 */
    0x000B0085, 0x0011000C,    /* 0957  add L11 <- L17 + L12 */
    0x00111042,                /* 0959  gget L16 <- g17   (_hex4) */
    0x00110440,                /* 095A  i8 L17 <- 4 */
    0x00120087, 0x00070011,    /* 095B  mul L18 <- L7 * L17 */
    0x00111241,                /* 095D  move L17 <- L18 */
    0x001001A0, 0x00010000,    /* 095E  call base=L16 argc=1 nres=1 */
    0x00541146,                /* 0960  lconst L17 <- static#84   (": ") */
    0x00120085, 0x00100011,    /* 0961  add L18 <- L16 + L17 */
    0x000D0085, 0x00120009,    /* 0963  add L13 <- L18 + L9 */
    0x00100441,                /* 0965  move L16 <- L4 */
    0x00101142,                /* 0966  gget L17 <- g16   (_pad_to) */
    0x00120D41,                /* 0967  move L18 <- L13 */
    0x003A1342,                /* 0968  gget L19 <- g58   (COMMENT_COLUMN) */
    0x001102A0, 0x00010000,    /* 0969  call base=L17 argc=2 nres=1 */
    0x00561246,                /* 096B  lconst L18 <- static#86   ("; ") */
    0x00130085, 0x00110012,    /* 096C  add L19 <- L17 + L18 */
    0x00140085, 0x0013000B,    /* 096E  add L20 <- L19 + L11 */
    0x00111441,                /* 0970  move L17 <- L20 */
    0x001001A2, 0x00000001,    /* 0971  msg base=L16 argc=1 msg#0 nres=1   (append) */
    0xFF69004F,                /* 0973  jmp -151 */
    0x00040102,                /* 0974  return L4 count=1 */
    0x000D0942,                /* 0975  gget L9 <- g13   (sections) */
    0x000A8041,                /* 0976  move L10 <- P0 */
    0x000901A0, 0x00010000,    /* 0977  call base=L9 argc=1 nres=1 */
    0x00000941,                /* 0979  move L0 <- L9 */
    0x003C0946,                /* 097A  lconst L9 <- static#60   ("error") */
    0x000A0097, 0x00000009,    /* 097B  is L10 <- L0 is L9 */
    0x00010A4B,                /* 097D  jf L10, +1 */
    0x00000102,                /* 097E  return L0 count=1 */
    0x00370942,                /* 097F  gget L9 <- g55   (WYA_MAGIC) */
    0x003E0A46,                /* 0980  lconst L10 <- static#62   (" ") */
    0x000B0085, 0x0009000A,    /* 0981  add L11 <- L9 + L10 */
    0x00170C46,                /* 0983  lconst L12 <- static#23   ("name") */
    0x000D0098, 0x8000000C,    /* 0984  getidx L13 <- P0[L12] */
    0x000E0085, 0x000B000D,    /* 0986  add L14 <- L11 + L13 */
    0x00090E41,                /* 0988  move L9 <- L14 */
    0x003D0A46,                /* 0989  lconst L10 <- static#61   ("") */
    0x00010282, 0x00090000,    /* 098A  list L1 <- L9, 2 items */
    0x00360942,                /* 098C  gget L9 <- g54   (ALL_SECTION_IDS) */
    0x000A00AE, 0x00090000,    /* 098D  iter L10 <- L9 */
    0x000200AF, 0x000A0049,    /* 098F  itnext L2 <- L10, done +73 */
    0x00030098, 0x00000002,    /* 0991  getidx L3 <- L0[L2] */
    0x0001034E,                /* 0993  jnerr L3, +1 */
    0x00030003,                /* 0994  lnil L3 */
    0x001E0B46,                /* 0995  lconst L11 <- static#30   ("nil") */
    0x000C0097, 0x0003000B,    /* 0996  is L12 <- L3 is L11 */
    0x00010C4B,                /* 0998  jf L12, +1 */
    0xFFF5004F,                /* 0999  jmp -11 */
    0x00380B42,                /* 099A  gget L11 <- g56   (SECTION_NAMES) */
    0x00040098, 0x000B0002,    /* 099B  getidx L4 <- L11[L2] */
    0x000B0141,                /* 099D  move L11 <- L1 */
    0x00660C46,                /* 099E  lconst L12 <- static#102   ("SECTION ") */
    0x000D0085, 0x000C0004,    /* 099F  add L13 <- L12 + L4 */
    0x000C0D41,                /* 09A1  move L12 <- L13 */
    0x000B01A2, 0x00000001,    /* 09A2  msg base=L11 argc=1 msg#0 nres=1   (append) */
    0x000A0B46,                /* 09A4  lconst L11 <- static#10   ("code") */
    0x000C008F, 0x0004000B,    /* 09A5  eq L12 <- L4 == L11 */
    0x00140C4B,                /* 09A7  jf L12, +20 */
    0x00220B42,                /* 09A8  gget L11 <- g34   (_code_listing) */
    0x000C8041,                /* 09A9  move L12 <- P0 */
    0x000B01A0, 0x00010000,    /* 09AA  call base=L11 argc=1 nres=1 */
    0x00050B41,                /* 09AC  move L5 <- L11 */
    0x003C0B46,                /* 09AD  lconst L11 <- static#60   ("error") */
    0x000C0097, 0x0005000B,    /* 09AE  is L12 <- L5 is L11 */
    0x00010C4B,                /* 09B0  jf L12, +1 */
    0x00050102,                /* 09B1  return L5 count=1 */
    0x000B00AE, 0x00050000,    /* 09B2  iter L11 <- L5 */
    0x000600AF, 0x000B0005,    /* 09B4  itnext L6 <- L11, done +5 */
    0x000C0141,                /* 09B6  move L12 <- L1 */
    0x000D0641,                /* 09B7  move L13 <- L6 */
    0x000C01A2, 0x00000001,    /* 09B8  msg base=L12 argc=1 msg#0 nres=1   (append) */
    0xFFF9004F,                /* 09BA  jmp -7 */
    0x0019004F,                /* 09BB  jmp +25 */
    0x001D0B42,                /* 09BC  gget L11 <- g29   (_section_annotations) */
    0x000C8041,                /* 09BD  move L12 <- P0 */
    0x000D0441,                /* 09BE  move L13 <- L4 */
    0x000B02A0, 0x00010000,    /* 09BF  call base=L11 argc=2 nres=1 */
    0x00070B41,                /* 09C1  move L7 <- L11 */
    0x003C0B46,                /* 09C2  lconst L11 <- static#60   ("error") */
    0x000C0097, 0x0007000B,    /* 09C3  is L12 <- L7 is L11 */
    0x00010C4B,                /* 09C5  jf L12, +1 */
    0x00070102,                /* 09C6  return L7 count=1 */
    0x001E0B42,                /* 09C7  gget L11 <- g30   (_hex_listing) */
    0x000C0341,                /* 09C8  move L12 <- L3 */
    0x000D0741,                /* 09C9  move L13 <- L7 */
    0x000B02A0, 0x00010000,    /* 09CA  call base=L11 argc=2 nres=1 */
    0x000C00AE, 0x000B0000,    /* 09CC  iter L12 <- L11 */
    0x000800AF, 0x000C0005,    /* 09CE  itnext L8 <- L12, done +5 */
    0x000D0141,                /* 09D0  move L13 <- L1 */
    0x000E0841,                /* 09D1  move L14 <- L8 */
    0x000D01A2, 0x00000001,    /* 09D2  msg base=L13 argc=1 msg#0 nres=1   (append) */
    0xFFF9004F,                /* 09D4  jmp -7 */
    0x000B0141,                /* 09D5  move L11 <- L1 */
    0x003D0C46,                /* 09D6  lconst L12 <- static#61   ("") */
    0x000B01A2, 0x00000001,    /* 09D7  msg base=L11 argc=1 msg#0 nres=1   (append) */
    0xFFB5004F,                /* 09D9  jmp -75 */
    0x000F0942,                /* 09DA  gget L9 <- g15   (_join) */
    0x000A0141,                /* 09DB  move L10 <- L1 */
    0x00670B46,                /* 09DC  lconst L11 <- static#103   ("\n") */
    0x000902A0, 0x00010000,    /* 09DD  call base=L9 argc=2 nres=1 */
    0x00090102,                /* 09DF  return L9 count=1 */
    0x003B0342,                /* 09E0  gget L3 <- g59   (len) */
    0x00048041,                /* 09E1  move L4 <- P0 */
    0x000301A0, 0x00010000,    /* 09E2  call base=L3 argc=1 nres=1 */
    0x00000341,                /* 09E4  move L0 <- L3 */
    0x00030040,                /* 09E5  i8 L3 <- 0 */
    0x0004008F, 0x00000003,    /* 09E6  eq L4 <- L0 == L3 */
    0x0002044B,                /* 09E8  jf L4, +2 */
    0x00030004,                /* 09E9  lbool L3 <- 0 */
    0x00030102,                /* 09EA  return L3 count=1 */
    0x00030040,                /* 09EB  i8 L3 <- 0 */
    0x00010098, 0x80000003,    /* 09EC  getidx L1 <- P0[L3] */
    0x00044140,                /* 09EE  i8 L4 <- 65 */
    0x00030094, 0x00010004,    /* 09EF  ge L3 <- L1 >= L4 */
    0x0003034B,                /* 09F1  jf L3, +3 */
    0x00045A40,                /* 09F2  i8 L4 <- 90 */
    0x00030092, 0x00010004,    /* 09F3  le L3 <- L1 <= L4 */
    0x000B034C,                /* 09F5  jt L3, +11 */
    0x00046140,                /* 09F6  i8 L4 <- 97 */
    0x00030094, 0x00010004,    /* 09F7  ge L3 <- L1 >= L4 */
    0x0003034B,                /* 09F9  jf L3, +3 */
    0x00047A40,                /* 09FA  i8 L4 <- 122 */
    0x00030092, 0x00010004,    /* 09FB  le L3 <- L1 <= L4 */
    0x0003034C,                /* 09FD  jt L3, +3 */
    0x00045F40,                /* 09FE  i8 L4 <- 95 */
    0x0003008F, 0x00010004,    /* 09FF  eq L3 <- L1 == L4 */
    0x0004034A,                /* 0A01  not L4 <- L3 */
    0x0002044B,                /* 0A02  jf L4, +2 */
    0x00030004,                /* 0A03  lbool L3 <- 0 */
    0x00030102,                /* 0A04  return L3 count=1 */
    0x00020140,                /* 0A05  i8 L2 <- 1 */
    0x00030091, 0x00020000,    /* 0A06  lt L3 <- L2 < L0 */
    0x0025034B,                /* 0A08  jf L3, +37 */
    0x00010098, 0x80000002,    /* 0A09  getidx L1 <- P0[L2] */
    0x00043040,                /* 0A0B  i8 L4 <- 48 */
    0x00030094, 0x00010004,    /* 0A0C  ge L3 <- L1 >= L4 */
    0x0003034B,                /* 0A0E  jf L3, +3 */
    0x00043940,                /* 0A0F  i8 L4 <- 57 */
    0x00030092, 0x00010004,    /* 0A10  le L3 <- L1 <= L4 */
    0x0013034C,                /* 0A12  jt L3, +19 */
    0x00044140,                /* 0A13  i8 L4 <- 65 */
    0x00030094, 0x00010004,    /* 0A14  ge L3 <- L1 >= L4 */
    0x0003034B,                /* 0A16  jf L3, +3 */
    0x00045A40,                /* 0A17  i8 L4 <- 90 */
    0x00030092, 0x00010004,    /* 0A18  le L3 <- L1 <= L4 */
    0x000B034C,                /* 0A1A  jt L3, +11 */
    0x00046140,                /* 0A1B  i8 L4 <- 97 */
    0x00030094, 0x00010004,    /* 0A1C  ge L3 <- L1 >= L4 */
    0x0003034B,                /* 0A1E  jf L3, +3 */
    0x00047A40,                /* 0A1F  i8 L4 <- 122 */
    0x00030092, 0x00010004,    /* 0A20  le L3 <- L1 <= L4 */
    0x0003034C,                /* 0A22  jt L3, +3 */
    0x00045F40,                /* 0A23  i8 L4 <- 95 */
    0x0003008F, 0x00010004,    /* 0A24  eq L3 <- L1 == L4 */
    0x0004034A,                /* 0A26  not L4 <- L3 */
    0x0002044B,                /* 0A27  jf L4, +2 */
    0x00030004,                /* 0A28  lbool L3 <- 0 */
    0x00030102,                /* 0A29  return L3 count=1 */
    0x00030140,                /* 0A2A  i8 L3 <- 1 */
    0x00020085, 0x00020003,    /* 0A2B  add L2 <- L2 + L3 */
    0xFFD8004F,                /* 0A2D  jmp -40 */
    0x00030104,                /* 0A2E  lbool L3 <- 1 */
    0x00030102,                /* 0A2F  return L3 count=1 */
    0x003D0046,                /* 0A30  lconst L0 <- static#61   ("") */
    0x00010040,                /* 0A31  i8 L1 <- 0 */
    0x003B0642,                /* 0A32  gget L6 <- g59   (len) */
    0x00078041,                /* 0A33  move L7 <- P0 */
    0x000601A0, 0x00010000,    /* 0A34  call base=L6 argc=1 nres=1 */
    0x00020641,                /* 0A36  move L2 <- L6 */
    0x003B0642,                /* 0A37  gget L6 <- g59   (len) */
    0x00078141,                /* 0A38  move L7 <- P1 */
    0x000601A0, 0x00010000,    /* 0A39  call base=L6 argc=1 nres=1 */
    0x00030641,                /* 0A3B  move L3 <- L6 */
    0x00060091, 0x00010002,    /* 0A3C  lt L6 <- L1 < L2 */
    0x002A064B,                /* 0A3E  jf L6, +42 */
    0x00040104,                /* 0A3F  lbool L4 <- 1 */
    0x00050040,                /* 0A40  i8 L5 <- 0 */
    0x00060091, 0x00050003,    /* 0A41  lt L6 <- L5 < L3 */
    0x0014064B,                /* 0A43  jf L6, +20 */
    0x00070085, 0x00010005,    /* 0A44  add L7 <- L1 + L5 */
    0x00060094, 0x00070002,    /* 0A46  ge L6 <- L7 >= L2 */
    0x0008064C,                /* 0A48  jt L6, +8 */
    0x00070085, 0x00010005,    /* 0A49  add L7 <- L1 + L5 */
    0x00080098, 0x80000007,    /* 0A4B  getidx L8 <- P0[L7] */
    0x00090098, 0x80010005,    /* 0A4D  getidx L9 <- P1[L5] */
    0x00060090, 0x00080009,    /* 0A4F  ne L6 <- L8 != L9 */
    0x0002064B,                /* 0A51  jf L6, +2 */
    0x00040004,                /* 0A52  lbool L4 <- 0 */
    0x0004004F,                /* 0A53  jmp +4 */
    0x00060140,                /* 0A54  i8 L6 <- 1 */
    0x00050085, 0x00050006,    /* 0A55  add L5 <- L5 + L6 */
    0xFFE9004F,                /* 0A57  jmp -23 */
    0x0005044B,                /* 0A58  jf L4, +5 */
    0x00000085, 0x00008002,    /* 0A59  add L0 <- L0 + P2 */
    0x00010085, 0x00010003,    /* 0A5B  add L1 <- L1 + L3 */
    0x000A004F,                /* 0A5D  jmp +10 */
    0x00400642,                /* 0A5E  gget L6 <- g64   (_char_from_cp) */
    0x00070098, 0x80000001,    /* 0A5F  getidx L7 <- P0[L1] */
    0x000601A0, 0x00010000,    /* 0A61  call base=L6 argc=1 nres=1 */
    0x00000085, 0x00000006,    /* 0A63  add L0 <- L0 + L6 */
    0x00060140,                /* 0A65  i8 L6 <- 1 */
    0x00010085, 0x00010006,    /* 0A66  add L1 <- L1 + L6 */
    0xFFD3004F,                /* 0A68  jmp -45 */
    0x00000102,                /* 0A69  return L0 count=1 */
    0x00400342,                /* 0A6A  gget L3 <- g64   (_char_from_cp) */
    0x00042A40,                /* 0A6B  i8 L4 <- 42 */
    0x000301A0, 0x00010000,    /* 0A6C  call base=L3 argc=1 nres=1 */
    0x00000341,                /* 0A6E  move L0 <- L3 */
    0x00400342,                /* 0A6F  gget L3 <- g64   (_char_from_cp) */
    0x00042F40,                /* 0A70  i8 L4 <- 47 */
    0x000301A0, 0x00010000,    /* 0A71  call base=L3 argc=1 nres=1 */
    0x00010341,                /* 0A73  move L1 <- L3 */
    0x00400342,                /* 0A74  gget L3 <- g64   (_char_from_cp) */
    0x00045C40,                /* 0A75  i8 L4 <- 92 */
    0x000301A0, 0x00010000,    /* 0A76  call base=L3 argc=1 nres=1 */
    0x00020341,                /* 0A78  move L2 <- L3 */
    0x00250342,                /* 0A79  gget L3 <- g37   (_replace_all) */
    0x00048041,                /* 0A7A  move L4 <- P0 */
    0x00050085, 0x00000001,    /* 0A7B  add L5 <- L0 + L1 */
    0x00060085, 0x00000002,    /* 0A7D  add L6 <- L0 + L2 */
    0x00070085, 0x00060001,    /* 0A7F  add L7 <- L6 + L1 */
    0x00060741,                /* 0A81  move L6 <- L7 */
    0x000303A0, 0x00010000,    /* 0A82  call base=L3 argc=3 nres=1 */
    0x00030102,                /* 0A84  return L3 count=1 */
    0x00251942,                /* 0A85  gget L25 <- g37   (_replace_all) */
    0x00171A46,                /* 0A86  lconst L26 <- static#23   ("name") */
    0x001B0098, 0x8000001A,    /* 0A87  getidx L27 <- P0[L26] */
    0x001A1B41,                /* 0A89  move L26 <- L27 */
    0x00521B46,                /* 0A8A  lconst L27 <- static#82   ("::") */
    0x00691C46,                /* 0A8B  lconst L28 <- static#105   ("__") */
    0x001903A0, 0x00010000,    /* 0A8C  call base=L25 argc=3 nres=1 */
    0x00001941,                /* 0A8E  move L0 <- L25 */
    0x00241942,                /* 0A8F  gget L25 <- g36   (_is_identifier) */
    0x001A0041,                /* 0A90  move L26 <- L0 */
    0x001901A0, 0x00010000,    /* 0A91  call base=L25 argc=1 nres=1 */
    0x001A194A,                /* 0A93  not L26 <- L25 */
    0x000E1A4B,                /* 0A94  jf L26, +14 */
    0x00441942,                /* 0A95  gget L25 <- g68   (error) */
    0x006A1A46,                /* 0A96  lconst L26 <- static#106   ("module name ") */
    0x00171B46,                /* 0A97  lconst L27 <- static#23   ("name") */
    0x001C0098, 0x8000001B,    /* 0A98  getidx L28 <- P0[L27] */
    0x001D0085, 0x001A001C,    /* 0A9A  add L29 <- L26 + L28 */
    0x006B1E46,                /* 0A9C  lconst L30 <- static#107   (" does not encode to a valid C identifier") */
    0x001F0085, 0x001D001E,    /* 0A9D  add L31 <- L29 + L30 */
    0x001A1F41,                /* 0A9F  move L26 <- L31 */
    0x001901A0, 0x00010000,    /* 0AA0  call base=L25 argc=1 nres=1 */
    0x00190102,                /* 0AA2  return L25 count=1 */
    0x000D1942,                /* 0AA3  gget L25 <- g13   (sections) */
    0x001A8041,                /* 0AA4  move L26 <- P0 */
    0x001901A0, 0x00010000,    /* 0AA5  call base=L25 argc=1 nres=1 */
    0x00011941,                /* 0AA7  move L1 <- L25 */
    0x003C1946,                /* 0AA8  lconst L25 <- static#60   ("error") */
    0x001A0097, 0x00010019,    /* 0AA9  is L26 <- L1 is L25 */
    0x00011A4B,                /* 0AAB  jf L26, +1 */
    0x00010102,                /* 0AAC  return L1 count=1 */
    0x00401942,                /* 0AAD  gget L25 <- g64   (_char_from_cp) */
    0x001A2240,                /* 0AAE  i8 L26 <- 34 */
    0x001901A0, 0x00010000,    /* 0AAF  call base=L25 argc=1 nres=1 */
    0x00021941,                /* 0AB1  move L2 <- L25 */
    0x00030082, 0x00190000,    /* 0AB2  list L3 <- L25, 0 items */
    0x00190341,                /* 0AB4  move L25 <- L3 */
    0x006C1A46,                /* 0AB5  lconst L26 <- static#108   ("/* Generated from ") */
    0x00171B46,                /* 0AB6  lconst L27 <- static#23   ("name") */
    0x001C0098, 0x8000001B,    /* 0AB7  getidx L28 <- P0[L27] */
    0x001D0085, 0x001A001C,    /* 0AB9  add L29 <- L26 + L28 */
    0x006D1E46,                /* 0ABB  lconst L30 <- static#109   (" by wypoc's bytecode compiler. *\/") */
    0x001F0085, 0x001D001E,    /* 0ABC  add L31 <- L29 + L30 */
    0x001A1F41,                /* 0ABE  move L26 <- L31 */
    0x001901A2, 0x00000001,    /* 0ABF  msg base=L25 argc=1 msg#0 nres=1   (append) */
    0x00190341,                /* 0AC1  move L25 <- L3 */
    0x003D1A46,                /* 0AC2  lconst L26 <- static#61   ("") */
    0x001901A2, 0x00000001,    /* 0AC3  msg base=L25 argc=1 msg#0 nres=1   (append) */
    0x00190341,                /* 0AC5  move L25 <- L3 */
    0x006E1A46,                /* 0AC6  lconst L26 <- static#110   ("#include <stdint.h>") */
    0x001901A2, 0x00000001,    /* 0AC7  msg base=L25 argc=1 msg#0 nres=1   (append) */
    0x00190341,                /* 0AC9  move L25 <- L3 */
    0x006F1A46,                /* 0ACA  lconst L26 <- static#111   ("#include ") */
    0x001B0085, 0x001A0002,    /* 0ACB  add L27 <- L26 + L2 */
    0x001C0085, 0x001B8001,    /* 0ACD  add L28 <- L27 + P1 */
    0x001D0085, 0x001C0002,    /* 0ACF  add L29 <- L28 + L2 */
    0x001A1D41,                /* 0AD1  move L26 <- L29 */
    0x001901A2, 0x00000001,    /* 0AD2  msg base=L25 argc=1 msg#0 nres=1   (append) */
    0x00190341,                /* 0AD4  move L25 <- L3 */
    0x003D1A46,                /* 0AD5  lconst L26 <- static#61   ("") */
    0x001901A2, 0x00000001,    /* 0AD6  msg base=L25 argc=1 msg#0 nres=1   (append) */
    0x00361942,                /* 0AD8  gget L25 <- g54   (ALL_SECTION_IDS) */
    0x001A00AE, 0x00190000,    /* 0AD9  iter L26 <- L25 */
    0x000600AF, 0x001A0061,    /* 0ADB  itnext L6 <- L26, done +97 */
    0x00070098, 0x00010006,    /* 0ADD  getidx L7 <- L1[L6] */
    0x0001074E,                /* 0ADF  jnerr L7, +1 */
    0x00070003,                /* 0AE0  lnil L7 */
    0x001E1B46,                /* 0AE1  lconst L27 <- static#30   ("nil") */
    0x001C0097, 0x0007001B,    /* 0AE2  is L28 <- L7 is L27 */
    0x00011C4B,                /* 0AE4  jf L28, +1 */
    0xFFF5004F,                /* 0AE5  jmp -11 */
    0x00381B42,                /* 0AE6  gget L27 <- g56   (SECTION_NAMES) */
    0x00080098, 0x001B0006,    /* 0AE7  getidx L8 <- L27[L6] */
    0x000A1B46,                /* 0AE9  lconst L27 <- static#10   ("code") */
    0x001C008F, 0x0008001B,    /* 0AEA  eq L28 <- L8 == L27 */
    0x00011C4B,                /* 0AEC  jf L28, +1 */
    0xFFED004F,                /* 0AED  jmp -19 */
    0x001B0341,                /* 0AEE  move L27 <- L3 */
    0x00701C46,                /* 0AEF  lconst L28 <- static#112   ("static const uint8_t ") */
    0x001D0085, 0x001C0000,    /* 0AF0  add L29 <- L28 + L0 */
    0x00711E46,                /* 0AF2  lconst L30 <- static#113   ("_") */
    0x001F0085, 0x001D001E,    /* 0AF3  add L31 <- L29 + L30 */
    0x00200085, 0x001F0008,    /* 0AF5  add L32 <- L31 + L8 */
    0x00722146,                /* 0AF7  lconst L33 <- static#114   ("[] = {") */
    0x00220085, 0x00200021,    /* 0AF8  add L34 <- L32 + L33 */
    0x001C2241,                /* 0AFA  move L28 <- L34 */
    0x001B01A2, 0x00000001,    /* 0AFB  msg base=L27 argc=1 msg#0 nres=1   (append) */
    0x003B1B42,                /* 0AFD  gget L27 <- g59   (len) */
    0x001C0741,                /* 0AFE  move L28 <- L7 */
    0x001B01A0, 0x00010000,    /* 0AFF  call base=L27 argc=1 nres=1 */
    0x00091B41,                /* 0B01  move L9 <- L27 */
    0x000A0040,                /* 0B02  i8 L10 <- 0 */
    0x001B0091, 0x000A0009,    /* 0B03  lt L27 <- L10 < L9 */
    0x002F1B4B,                /* 0B05  jf L27, +47 */
    0x000B0086, 0x0009000A,    /* 0B06  sub L11 <- L9 - L10 */
    0x001B0C40,                /* 0B08  i8 L27 <- 12 */
    0x001C0093, 0x000B001B,    /* 0B09  gt L28 <- L11 > L27 */
    0x00011C4B,                /* 0B0B  jf L28, +1 */
    0x000B0C40,                /* 0B0C  i8 L11 <- 12 */
    0x00730C46,                /* 0B0D  lconst L12 <- static#115   ("    ") */
    0x000D0040,                /* 0B0E  i8 L13 <- 0 */
    0x001B0091, 0x000D000B,    /* 0B0F  lt L27 <- L13 < L11 */
    0x001B1B4B,                /* 0B11  jf L27, +27 */
    0x001B0040,                /* 0B12  i8 L27 <- 0 */
    0x001C0093, 0x000D001B,    /* 0B13  gt L28 <- L13 > L27 */
    0x00031C4B,                /* 0B15  jf L28, +3 */
    0x003E1B46,                /* 0B16  lconst L27 <- static#62   (" ") */
    0x000C0085, 0x000C001B,    /* 0B17  add L12 <- L12 + L27 */
    0x00741B46,                /* 0B19  lconst L27 <- static#116   ("0x") */
    0x001C0085, 0x000C001B,    /* 0B1A  add L28 <- L12 + L27 */
    0x00421D42,                /* 0B1C  gget L29 <- g66   (_hex2) */
    0x001E0085, 0x000A000D,    /* 0B1D  add L30 <- L10 + L13 */
    0x001F0098, 0x0007001E,    /* 0B1F  getidx L31 <- L7[L30] */
    0x001E1F41,                /* 0B21  move L30 <- L31 */
    0x001D01A0, 0x00010000,    /* 0B22  call base=L29 argc=1 nres=1 */
    0x001E0085, 0x001C001D,    /* 0B24  add L30 <- L28 + L29 */
    0x00751F46,                /* 0B26  lconst L31 <- static#117   (",") */
    0x000C0085, 0x001E001F,    /* 0B27  add L12 <- L30 + L31 */
    0x001B0140,                /* 0B29  i8 L27 <- 1 */
    0x000D0085, 0x000D001B,    /* 0B2A  add L13 <- L13 + L27 */
    0xFFE2004F,                /* 0B2C  jmp -30 */
    0x001B0341,                /* 0B2D  move L27 <- L3 */
    0x001C0C41,                /* 0B2E  move L28 <- L12 */
    0x001B01A2, 0x00000001,    /* 0B2F  msg base=L27 argc=1 msg#0 nres=1   (append) */
    0x001B0C40,                /* 0B31  i8 L27 <- 12 */
    0x000A0085, 0x000A001B,    /* 0B32  add L10 <- L10 + L27 */
    0xFFCE004F,                /* 0B34  jmp -50 */
    0x001B0341,                /* 0B35  move L27 <- L3 */
    0x00761C46,                /* 0B36  lconst L28 <- static#118   ("};") */
    0x001B01A2, 0x00000001,    /* 0B37  msg base=L27 argc=1 msg#0 nres=1   (append) */
    0x001B0341,                /* 0B39  move L27 <- L3 */
    0x003D1C46,                /* 0B3A  lconst L28 <- static#61   ("") */
    0x001B01A2, 0x00000001,    /* 0B3B  msg base=L27 argc=1 msg#0 nres=1   (append) */
    0xFF9D004F,                /* 0B3D  jmp -99 */
    0x00190341,                /* 0B3E  move L25 <- L3 */
    0x00771A46,                /* 0B3F  lconst L26 <- static#119   ("static const uint32_t ") */
    0x001B0085, 0x001A0000,    /* 0B40  add L27 <- L26 + L0 */
    0x00781C46,                /* 0B42  lconst L28 <- static#120   ("_code[] = {") */
    0x001D0085, 0x001B001C,    /* 0B43  add L29 <- L27 + L28 */
    0x001A1D41,                /* 0B45  move L26 <- L29 */
    0x001901A2, 0x00000001,    /* 0B46  msg base=L25 argc=1 msg#0 nres=1   (append) */
    0x00431942,                /* 0B48  gget L25 <- g67   (disassemble) */
    0x000A1A46,                /* 0B49  lconst L26 <- static#10   ("code") */
    0x001B0098, 0x8000001A,    /* 0B4A  getidx L27 <- P0[L26] */
    0x001A1B41,                /* 0B4C  move L26 <- L27 */
    0x001B0040,                /* 0B4D  i8 L27 <- 0 */
    0x001902A0, 0x00010000,    /* 0B4E  call base=L25 argc=2 nres=1 */
    0x00041941,                /* 0B50  move L4 <- L25 */
    0x003C1946,                /* 0B51  lconst L25 <- static#60   ("error") */
    0x001A0097, 0x00040019,    /* 0B52  is L26 <- L4 is L25 */
    0x00011A4B,                /* 0B54  jf L26, +1 */
    0x00040102,                /* 0B55  return L4 count=1 */
    0x001F1942,                /* 0B56  gget L25 <- g31   (_global_names) */
    0x001A8041,                /* 0B57  move L26 <- P0 */
    0x001901A0, 0x00010000,    /* 0B58  call base=L25 argc=1 nres=1 */
    0x00051941,                /* 0B5A  move L5 <- L25 */
    0x001900AE, 0x00040000,    /* 0B5B  iter L25 <- L4 */
    0x000E00AF, 0x0019005E,    /* 0B5D  itnext L14 <- L25, done +94 */
    0x00621A46,                /* 0B5F  lconst L26 <- static#98   ("offset") */
    0x000F0098, 0x000E001A,    /* 0B60  getidx L15 <- L14[L26] */
    0x003D1046,                /* 0B62  lconst L16 <- static#61   ("") */
    0x00110040,                /* 0B63  i8 L17 <- 0 */
    0x00631A46,                /* 0B64  lconst L26 <- static#99   ("nwords") */
    0x001B0098, 0x000E001A,    /* 0B65  getidx L27 <- L14[L26] */
    0x001C0091, 0x0011001B,    /* 0B67  lt L28 <- L17 < L27 */
    0x001E1C4B,                /* 0B69  jf L28, +30 */
    0x000A1A46,                /* 0B6A  lconst L26 <- static#10   ("code") */
    0x001B0098, 0x8000001A,    /* 0B6B  getidx L27 <- P0[L26] */
    0x001C0085, 0x000F0011,    /* 0B6D  add L28 <- L15 + L17 */
    0x00140098, 0x001B001C,    /* 0B6F  getidx L20 <- L27[L28] */
    0x001A0040,                /* 0B71  i8 L26 <- 0 */
    0x001B0093, 0x0011001A,    /* 0B72  gt L27 <- L17 > L26 */
    0x00031B4B,                /* 0B74  jf L27, +3 */
    0x003E1A46,                /* 0B75  lconst L26 <- static#62   (" ") */
    0x00100085, 0x0010001A,    /* 0B76  add L16 <- L16 + L26 */
    0x00741A46,                /* 0B78  lconst L26 <- static#116   ("0x") */
    0x001B0085, 0x0010001A,    /* 0B79  add L27 <- L16 + L26 */
    0x00121C42,                /* 0B7B  gget L28 <- g18   (_hex8) */
    0x001D1441,                /* 0B7C  move L29 <- L20 */
    0x001C01A0, 0x00010000,    /* 0B7D  call base=L28 argc=1 nres=1 */
    0x001D0085, 0x001B001C,    /* 0B7F  add L29 <- L27 + L28 */
    0x00751E46,                /* 0B81  lconst L30 <- static#117   (",") */
    0x00100085, 0x001D001E,    /* 0B82  add L16 <- L29 + L30 */
    0x001A0140,                /* 0B84  i8 L26 <- 1 */
    0x00110085, 0x0011001A,    /* 0B85  add L17 <- L17 + L26 */
    0xFFDC004F,                /* 0B87  jmp -36 */
    0x00641A46,                /* 0B88  lconst L26 <- static#100   ("text") */
    0x00120098, 0x000E001A,    /* 0B89  getidx L18 <- L14[L26] */
    0x00211A42,                /* 0B8B  gget L26 <- g33   (_annotate) */
    0x001B0E41,                /* 0B8C  move L27 <- L14 */
    0x001C8041,                /* 0B8D  move L28 <- P0 */
    0x001D0541,                /* 0B8E  move L29 <- L5 */
    0x001A03A0, 0x00010000,    /* 0B8F  call base=L26 argc=3 nres=1 */
    0x00131A41,                /* 0B91  move L19 <- L26 */
    0x003D1A46,                /* 0B92  lconst L26 <- static#61   ("") */
    0x001B0090, 0x0013001A,    /* 0B93  ne L27 <- L19 != L26 */
    0x00051B4B,                /* 0B95  jf L27, +5 */
    0x00651A46,                /* 0B96  lconst L26 <- static#101   ("   ") */
    0x001B0085, 0x0012001A,    /* 0B97  add L27 <- L18 + L26 */
    0x00120085, 0x001B0013,    /* 0B99  add L18 <- L27 + L19 */
    0x001A0341,                /* 0B9B  move L26 <- L3 */
    0x00731B46,                /* 0B9C  lconst L27 <- static#115   ("    ") */
    0x00101C42,                /* 0B9D  gget L28 <- g16   (_pad_to) */
    0x001D1041,                /* 0B9E  move L29 <- L16 */
    0x001E1A40,                /* 0B9F  i8 L30 <- 26 */
    0x001C02A0, 0x00010000,    /* 0BA0  call base=L28 argc=2 nres=1 */
    0x001D0085, 0x001B001C,    /* 0BA2  add L29 <- L27 + L28 */
    0x00791E46,                /* 0BA4  lconst L30 <- static#121   (" /* ") */
    0x001F0085, 0x001D001E,    /* 0BA5  add L31 <- L29 + L30 */
    0x00112042,                /* 0BA7  gget L32 <- g17   (_hex4) */
    0x00210F41,                /* 0BA8  move L33 <- L15 */
    0x002001A0, 0x00010000,    /* 0BA9  call base=L32 argc=1 nres=1 */
    0x00210085, 0x001F0020,    /* 0BAB  add L33 <- L31 + L32 */
    0x007A2246,                /* 0BAD  lconst L34 <- static#122   ("  ") */
    0x00230085, 0x00210022,    /* 0BAE  add L35 <- L33 + L34 */
    0x00262442,                /* 0BB0  gget L36 <- g38   (_c_comment) */
    0x00251241,                /* 0BB1  move L37 <- L18 */
    0x002401A0, 0x00010000,    /* 0BB2  call base=L36 argc=1 nres=1 */
    0x00250085, 0x00230024,    /* 0BB4  add L37 <- L35 + L36 */
    0x007B2646,                /* 0BB6  lconst L38 <- static#123   (" *\/") */
    0x00270085, 0x00250026,    /* 0BB7  add L39 <- L37 + L38 */
    0x001B2741,                /* 0BB9  move L27 <- L39 */
    0x001A01A2, 0x00000001,    /* 0BBA  msg base=L26 argc=1 msg#0 nres=1   (append) */
    0xFFA0004F,                /* 0BBC  jmp -96 */
    0x00190341,                /* 0BBD  move L25 <- L3 */
    0x00761A46,                /* 0BBE  lconst L26 <- static#118   ("};") */
    0x001901A2, 0x00000001,    /* 0BBF  msg base=L25 argc=1 msg#0 nres=1   (append) */
    0x00190341,                /* 0BC1  move L25 <- L3 */
    0x003D1A46,                /* 0BC2  lconst L26 <- static#61   ("") */
    0x001901A2, 0x00000001,    /* 0BC3  msg base=L25 argc=1 msg#0 nres=1   (append) */
    0x00190341,                /* 0BC5  move L25 <- L3 */
    0x007C1A46,                /* 0BC6  lconst L26 <- static#124   ("const wy_module_image ") */
    0x001B0085, 0x001A0000,    /* 0BC7  add L27 <- L26 + L0 */
    0x007D1C46,                /* 0BC9  lconst L28 <- static#125   ("_image = {") */
    0x001D0085, 0x001B001C,    /* 0BCA  add L29 <- L27 + L28 */
    0x001A1D41,                /* 0BCC  move L26 <- L29 */
    0x001901A2, 0x00000001,    /* 0BCD  msg base=L25 argc=1 msg#0 nres=1   (append) */
    0x00190341,                /* 0BCF  move L25 <- L3 */
    0x007E1A46,                /* 0BD0  lconst L26 <- static#126   ("    .name = ") */
    0x001B0085, 0x001A0002,    /* 0BD1  add L27 <- L26 + L2 */
    0x00171C46,                /* 0BD3  lconst L28 <- static#23   ("name") */
    0x001D0098, 0x8000001C,    /* 0BD4  getidx L29 <- P0[L28] */
    0x001E0085, 0x001B001D,    /* 0BD6  add L30 <- L27 + L29 */
    0x001F0085, 0x001E0002,    /* 0BD8  add L31 <- L30 + L2 */
    0x00752046,                /* 0BDA  lconst L32 <- static#117   (",") */
    0x00210085, 0x001F0020,    /* 0BDB  add L33 <- L31 + L32 */
    0x001A2141,                /* 0BDD  move L26 <- L33 */
    0x001901A2, 0x00000001,    /* 0BDE  msg base=L25 argc=1 msg#0 nres=1   (append) */
    0x00190341,                /* 0BE0  move L25 <- L3 */
    0x007F1A46,                /* 0BE1  lconst L26 <- static#127   ("    .sections = {") */
    0x001901A2, 0x00000001,    /* 0BE2  msg base=L25 argc=1 msg#0 nres=1   (append) */
    0x00361942,                /* 0BE4  gget L25 <- g54   (ALL_SECTION_IDS) */
    0x001A00AE, 0x00190000,    /* 0BE5  iter L26 <- L25 */
    0x001500AF, 0x001A0047,    /* 0BE7  itnext L21 <- L26, done +71 */
    0x00160098, 0x00010015,    /* 0BE9  getidx L22 <- L1[L21] */
    0x0001164E,                /* 0BEB  jnerr L22, +1 */
    0x00160003,                /* 0BEC  lnil L22 */
    0x001E1B46,                /* 0BED  lconst L27 <- static#30   ("nil") */
    0x001C0097, 0x0016001B,    /* 0BEE  is L28 <- L22 is L27 */
    0x00011C4B,                /* 0BF0  jf L28, +1 */
    0xFFF5004F,                /* 0BF1  jmp -11 */
    0x00381B42,                /* 0BF2  gget L27 <- g56   (SECTION_NAMES) */
    0x00170098, 0x001B0015,    /* 0BF3  getidx L23 <- L27[L21] */
    0x00391B42,                /* 0BF5  gget L27 <- g57   (SEC_MACRO) */
    0x00180098, 0x001B0015,    /* 0BF6  getidx L24 <- L27[L21] */
    0x000A1B46,                /* 0BF8  lconst L27 <- static#10   ("code") */
    0x001C008F, 0x0017001B,    /* 0BF9  eq L28 <- L23 == L27 */
    0x00151C4B,                /* 0BFB  jf L28, +21 */
    0x001B0341,                /* 0BFC  move L27 <- L3 */
    0x00801C46,                /* 0BFD  lconst L28 <- static#128   ("        [") */
    0x001D0085, 0x001C0018,    /* 0BFE  add L29 <- L28 + L24 */
    0x00811E46,                /* 0C00  lconst L30 <- static#129   ("] = { (const uint8_t*) ") */
    0x001F0085, 0x001D001E,    /* 0C01  add L31 <- L29 + L30 */
    0x00200085, 0x001F0000,    /* 0C03  add L32 <- L31 + L0 */
    0x00822146,                /* 0C05  lconst L33 <- static#130   ("_code, sizeof ") */
    0x00220085, 0x00200021,    /* 0C06  add L34 <- L32 + L33 */
    0x00230085, 0x00220000,    /* 0C08  add L35 <- L34 + L0 */
    0x00832446,                /* 0C0A  lconst L36 <- static#131   ("_code },") */
    0x00250085, 0x00230024,    /* 0C0B  add L37 <- L35 + L36 */
    0x001C2541,                /* 0C0D  move L28 <- L37 */
    0x001B01A2, 0x00000001,    /* 0C0E  msg base=L27 argc=1 msg#0 nres=1   (append) */
    0x001E004F,                /* 0C10  jmp +30 */
    0x001B0341,                /* 0C11  move L27 <- L3 */
    0x00801C46,                /* 0C12  lconst L28 <- static#128   ("        [") */
    0x001D0085, 0x001C0018,    /* 0C13  add L29 <- L28 + L24 */
    0x00841E46,                /* 0C15  lconst L30 <- static#132   ("] = { ") */
    0x001F0085, 0x001D001E,    /* 0C16  add L31 <- L29 + L30 */
    0x00200085, 0x001F0000,    /* 0C18  add L32 <- L31 + L0 */
    0x00712146,                /* 0C1A  lconst L33 <- static#113   ("_") */
    0x00220085, 0x00200021,    /* 0C1B  add L34 <- L32 + L33 */
    0x00230085, 0x00220017,    /* 0C1D  add L35 <- L34 + L23 */
    0x00852446,                /* 0C1F  lconst L36 <- static#133   (", sizeof ") */
    0x00250085, 0x00230024,    /* 0C20  add L37 <- L35 + L36 */
    0x00260085, 0x00250000,    /* 0C22  add L38 <- L37 + L0 */
    0x00712746,                /* 0C24  lconst L39 <- static#113   ("_") */
    0x00280085, 0x00260027,    /* 0C25  add L40 <- L38 + L39 */
    0x00290085, 0x00280017,    /* 0C27  add L41 <- L40 + L23 */
    0x00862A46,                /* 0C29  lconst L42 <- static#134   (" },") */
    0x002B0085, 0x0029002A,    /* 0C2A  add L43 <- L41 + L42 */
    0x001C2B41,                /* 0C2C  move L28 <- L43 */
    0x001B01A2, 0x00000001,    /* 0C2D  msg base=L27 argc=1 msg#0 nres=1   (append) */
    0xFFB7004F,                /* 0C2F  jmp -73 */
    0x00190341,                /* 0C30  move L25 <- L3 */
    0x00871A46,                /* 0C31  lconst L26 <- static#135   ("    },") */
    0x001901A2, 0x00000001,    /* 0C32  msg base=L25 argc=1 msg#0 nres=1   (append) */
    0x00190341,                /* 0C34  move L25 <- L3 */
    0x00761A46,                /* 0C35  lconst L26 <- static#118   ("};") */
    0x001901A2, 0x00000001,    /* 0C36  msg base=L25 argc=1 msg#0 nres=1   (append) */
    0x00190341,                /* 0C38  move L25 <- L3 */
    0x003D1A46,                /* 0C39  lconst L26 <- static#61   ("") */
    0x001901A2, 0x00000001,    /* 0C3A  msg base=L25 argc=1 msg#0 nres=1   (append) */
    0x000F1942,                /* 0C3C  gget L25 <- g15   (_join) */
    0x001A0341,                /* 0C3D  move L26 <- L3 */
    0x00671B46,                /* 0C3E  lconst L27 <- static#103   ("\n") */
    0x001902A0, 0x00010000,    /* 0C3F  call base=L25 argc=2 nres=1 */
    0x00190102,                /* 0C41  return L25 count=1 */
};

const wy_module_image image_image = {
    .name = "image",
    .sections = {
        [WY_SEC_HEADER] = { image_header, sizeof image_header },
        [WY_SEC_STATICS] = { image_statics, sizeof image_statics },
        [WY_SEC_SYMBOLS] = { image_symbols, sizeof image_symbols },
        [WY_SEC_FUNCTIONS] = { image_functions, sizeof image_functions },
        [WY_SEC_CLASSES] = { image_classes, sizeof image_classes },
        [WY_SEC_MESSAGES] = { image_messages, sizeof image_messages },
        [WY_SEC_CODE] = { (const uint8_t*) image_code, sizeof image_code },
        [WY_SEC_EXPORTS] = { image_exports, sizeof image_exports },
        [WY_SEC_FREE] = { image_free, sizeof image_free },
    },
};
