/* Generated from module by wypoc's bytecode compiler. */

#include <stdint.h>
#include "wyrm/image.h"

static const uint8_t module_header[] = {
    0x28, 0x00, 0x00, 0x00, 0x02, 0x6E, 0x00, 0x07, 0x00, 0x00, 0x00, 0x6D,
    0x6F, 0x64, 0x75, 0x6C, 0x65, 0x00, 0x10, 0x76, 0x00, 0x01, 0x00, 0x00,
    0x00, 0x10, 0x67, 0x00, 0x2F, 0x00, 0x00, 0x00, 0x10, 0x6C, 0x00, 0x04,
    0x00, 0x00, 0x00, 0x00,
};

static const uint8_t module_statics[] = {
    0x8C, 0x04, 0x00, 0x00, 0x02, 0x30, 0x00, 0x05, 0x00, 0x00, 0x00, 0x77,
    0x79, 0x72, 0x6D, 0x00, 0x02, 0x31, 0x00, 0x0E, 0x00, 0x00, 0x00, 0x77,
    0x79, 0x72, 0x6D, 0x3A, 0x3A, 0x6F, 0x70, 0x63, 0x6F, 0x64, 0x65, 0x73,
    0x00, 0x02, 0x32, 0x00, 0x0F, 0x00, 0x00, 0x00, 0x77, 0x79, 0x72, 0x6D,
    0x3A, 0x3A, 0x63, 0x6F, 0x6D, 0x70, 0x69, 0x6C, 0x65, 0x72, 0x00, 0x02,
    0x33, 0x00, 0x18, 0x00, 0x00, 0x00, 0x77, 0x79, 0x72, 0x6D, 0x3A, 0x3A,
    0x63, 0x6F, 0x6D, 0x70, 0x69, 0x6C, 0x65, 0x72, 0x3A, 0x3A, 0x63, 0x6F,
    0x6E, 0x74, 0x65, 0x78, 0x74, 0x00, 0x02, 0x34, 0x00, 0x19, 0x00, 0x00,
    0x00, 0x77, 0x79, 0x72, 0x6D, 0x3A, 0x3A, 0x63, 0x6F, 0x6D, 0x70, 0x69,
    0x6C, 0x65, 0x72, 0x3A, 0x3A, 0x61, 0x6E, 0x61, 0x6C, 0x79, 0x73, 0x69,
    0x73, 0x00, 0x02, 0x35, 0x00, 0x1C, 0x00, 0x00, 0x00, 0x77, 0x79, 0x72,
    0x6D, 0x3A, 0x3A, 0x63, 0x6F, 0x6D, 0x70, 0x69, 0x6C, 0x65, 0x72, 0x3A,
    0x3A, 0x65, 0x78, 0x70, 0x72, 0x65, 0x73, 0x73, 0x69, 0x6F, 0x6E, 0x73,
    0x00, 0x02, 0x36, 0x00, 0x1B, 0x00, 0x00, 0x00, 0x77, 0x79, 0x72, 0x6D,
    0x3A, 0x3A, 0x63, 0x6F, 0x6D, 0x70, 0x69, 0x6C, 0x65, 0x72, 0x3A, 0x3A,
    0x73, 0x74, 0x61, 0x74, 0x65, 0x6D, 0x65, 0x6E, 0x74, 0x73, 0x00, 0x02,
    0x37, 0x00, 0x1A, 0x00, 0x00, 0x00, 0x77, 0x79, 0x72, 0x6D, 0x3A, 0x3A,
    0x63, 0x6F, 0x6D, 0x70, 0x69, 0x6C, 0x65, 0x72, 0x3A, 0x3A, 0x66, 0x75,
    0x6E, 0x63, 0x74, 0x69, 0x6F, 0x6E, 0x73, 0x00, 0x02, 0x38, 0x00, 0x18,
    0x00, 0x00, 0x00, 0x77, 0x79, 0x72, 0x6D, 0x3A, 0x3A, 0x63, 0x6F, 0x6D,
    0x70, 0x69, 0x6C, 0x65, 0x72, 0x3A, 0x3A, 0x63, 0x6C, 0x61, 0x73, 0x73,
    0x65, 0x73, 0x00, 0x02, 0x39, 0x00, 0x19, 0x00, 0x00, 0x00, 0x77, 0x79,
    0x72, 0x6D, 0x3A, 0x3A, 0x63, 0x6F, 0x6D, 0x70, 0x69, 0x6C, 0x65, 0x72,
    0x3A, 0x3A, 0x68, 0x61, 0x6E, 0x64, 0x6C, 0x65, 0x72, 0x73, 0x00, 0x02,
    0x31, 0x30, 0x00, 0x1B, 0x00, 0x00, 0x00, 0x77, 0x79, 0x72, 0x6D, 0x3A,
    0x3A, 0x63, 0x6F, 0x6D, 0x70, 0x69, 0x6C, 0x65, 0x72, 0x3A, 0x3A, 0x70,
    0x72, 0x65, 0x64, 0x65, 0x66, 0x69, 0x6E, 0x65, 0x64, 0x00, 0x02, 0x31,
    0x31, 0x00, 0x17, 0x00, 0x00, 0x00, 0x77, 0x79, 0x72, 0x6D, 0x3A, 0x3A,
    0x63, 0x6F, 0x6D, 0x70, 0x69, 0x6C, 0x65, 0x72, 0x3A, 0x3A, 0x76, 0x65,
    0x72, 0x69, 0x66, 0x79, 0x00, 0x02, 0x31, 0x32, 0x00, 0x05, 0x00, 0x00,
    0x00, 0x70, 0x61, 0x69, 0x72, 0x00, 0x02, 0x31, 0x33, 0x00, 0x13, 0x00,
    0x00, 0x00, 0x69, 0x6E, 0x64, 0x65, 0x78, 0x20, 0x6F, 0x75, 0x74, 0x20,
    0x6F, 0x66, 0x20, 0x72, 0x61, 0x6E, 0x67, 0x65, 0x00, 0x02, 0x31, 0x34,
    0x00, 0x06, 0x00, 0x00, 0x00, 0x65, 0x72, 0x72, 0x6F, 0x72, 0x00, 0x10,
    0x31, 0x35, 0x00, 0x00, 0x00, 0x00, 0x00, 0x0A, 0x31, 0x36, 0x00, 0x02,
    0x31, 0x37, 0x00, 0x02, 0x00, 0x00, 0x00, 0x66, 0x00, 0x02, 0x31, 0x38,
    0x00, 0x03, 0x00, 0x00, 0x00, 0x61, 0x30, 0x00, 0x02, 0x31, 0x39, 0x00,
    0x03, 0x00, 0x00, 0x00, 0x61, 0x31, 0x00, 0x02, 0x32, 0x30, 0x00, 0x03,
    0x00, 0x00, 0x00, 0x61, 0x32, 0x00, 0x02, 0x32, 0x31, 0x00, 0x03, 0x00,
    0x00, 0x00, 0x77, 0x31, 0x00, 0x02, 0x32, 0x32, 0x00, 0x01, 0x00, 0x00,
    0x00, 0x00, 0x02, 0x32, 0x33, 0x00, 0x03, 0x00, 0x00, 0x00, 0x3A, 0x3A,
    0x00, 0x02, 0x32, 0x34, 0x00, 0x04, 0x00, 0x00, 0x00, 0x73, 0x79, 0x6D,
    0x00, 0x02, 0x32, 0x35, 0x00, 0x2D, 0x00, 0x00, 0x00, 0x61, 0x6E, 0x20,
    0x69, 0x6D, 0x70, 0x6F, 0x72, 0x74, 0x20, 0x70, 0x61, 0x74, 0x68, 0x20,
    0x69, 0x73, 0x20, 0x61, 0x20, 0x6E, 0x61, 0x6D, 0x65, 0x20, 0x6F, 0x72,
    0x20, 0x61, 0x20, 0x71, 0x75, 0x61, 0x6C, 0x69, 0x66, 0x69, 0x65, 0x64,
    0x20, 0x6E, 0x61, 0x6D, 0x65, 0x00, 0x02, 0x32, 0x36, 0x00, 0x04, 0x00,
    0x00, 0x00, 0x6E, 0x69, 0x6C, 0x00, 0x02, 0x32, 0x37, 0x00, 0x17, 0x00,
    0x00, 0x00, 0x61, 0x6E, 0x20, 0x69, 0x6D, 0x70, 0x6F, 0x72, 0x74, 0x20,
    0x6E, 0x65, 0x65, 0x64, 0x73, 0x20, 0x61, 0x20, 0x62, 0x6F, 0x64, 0x79,
    0x00, 0x02, 0x32, 0x38, 0x00, 0x4A, 0x00, 0x00, 0x00, 0x61, 0x6E, 0x20,
    0x69, 0x6D, 0x70, 0x6F, 0x72, 0x74, 0x20, 0x62, 0x6F, 0x64, 0x79, 0x20,
    0x69, 0x73, 0x20, 0x61, 0x20, 0x71, 0x75, 0x61, 0x6C, 0x69, 0x66, 0x69,
    0x65, 0x64, 0x20, 0x6E, 0x61, 0x6D, 0x65, 0x2C, 0x20, 0x69, 0x6D, 0x70,
    0x6F, 0x72, 0x74, 0x5F, 0x61, 0x73, 0x2C, 0x20, 0x69, 0x6D, 0x70, 0x6F,
    0x72, 0x74, 0x5F, 0x69, 0x74, 0x65, 0x6D, 0x73, 0x20, 0x6F, 0x72, 0x20,
    0x69, 0x6D, 0x70, 0x6F, 0x72, 0x74, 0x5F, 0x61, 0x6C, 0x6C, 0x00, 0x08,
    0x32, 0x39, 0x00, 0x00, 0x02, 0x33, 0x30, 0x00, 0x0C, 0x00, 0x00, 0x00,
    0x63, 0x6F, 0x64, 0x65, 0x5F, 0x6F, 0x66, 0x66, 0x73, 0x65, 0x74, 0x00,
    0x02, 0x33, 0x31, 0x00, 0x09, 0x00, 0x00, 0x00, 0x65, 0x78, 0x70, 0x6F,
    0x72, 0x74, 0x65, 0x64, 0x00, 0x02, 0x33, 0x32, 0x00, 0x05, 0x00, 0x00,
    0x00, 0x6E, 0x61, 0x6D, 0x65, 0x00, 0x02, 0x33, 0x33, 0x00, 0x05, 0x00,
    0x00, 0x00, 0x66, 0x72, 0x65, 0x65, 0x00, 0x02, 0x33, 0x34, 0x00, 0x08,
    0x00, 0x00, 0x00, 0x76, 0x65, 0x72, 0x73, 0x69, 0x6F, 0x6E, 0x00, 0x02,
    0x33, 0x35, 0x00, 0x08, 0x00, 0x00, 0x00, 0x67, 0x6C, 0x6F, 0x62, 0x61,
    0x6C, 0x73, 0x00, 0x02, 0x33, 0x36, 0x00, 0x07, 0x00, 0x00, 0x00, 0x69,
    0x6E, 0x69, 0x74, 0x5F, 0x6C, 0x00, 0x02, 0x33, 0x37, 0x00, 0x0D, 0x00,
    0x00, 0x00, 0x69, 0x6E, 0x69, 0x74, 0x5F, 0x6E, 0x6C, 0x6F, 0x63, 0x61,
    0x6C, 0x73, 0x00, 0x02, 0x33, 0x38, 0x00, 0x0C, 0x00, 0x00, 0x00, 0x6D,
    0x6F, 0x64, 0x75, 0x6C, 0x65, 0x5F, 0x75, 0x73, 0x65, 0x73, 0x00, 0x02,
    0x33, 0x39, 0x00, 0x0A, 0x00, 0x00, 0x00, 0x75, 0x6E, 0x6C, 0x6F, 0x77,
    0x65, 0x72, 0x65, 0x64, 0x00, 0x02, 0x34, 0x30, 0x00, 0x08, 0x00, 0x00,
    0x00, 0x73, 0x74, 0x61, 0x74, 0x69, 0x63, 0x73, 0x00, 0x02, 0x34, 0x31,
    0x00, 0x0E, 0x00, 0x00, 0x00, 0x73, 0x6C, 0x6F, 0x74, 0x5F, 0x64, 0x65,
    0x66, 0x61, 0x75, 0x6C, 0x74, 0x73, 0x00, 0x02, 0x34, 0x32, 0x00, 0x08,
    0x00, 0x00, 0x00, 0x73, 0x79, 0x6D, 0x62, 0x6F, 0x6C, 0x73, 0x00, 0x02,
    0x34, 0x33, 0x00, 0x0A, 0x00, 0x00, 0x00, 0x66, 0x75, 0x6E, 0x63, 0x74,
    0x69, 0x6F, 0x6E, 0x73, 0x00, 0x02, 0x34, 0x34, 0x00, 0x08, 0x00, 0x00,
    0x00, 0x63, 0x6C, 0x61, 0x73, 0x73, 0x65, 0x73, 0x00, 0x02, 0x34, 0x35,
    0x00, 0x09, 0x00, 0x00, 0x00, 0x6D, 0x65, 0x73, 0x73, 0x61, 0x67, 0x65,
    0x73, 0x00, 0x02, 0x34, 0x36, 0x00, 0x08, 0x00, 0x00, 0x00, 0x65, 0x78,
    0x70, 0x6F, 0x72, 0x74, 0x73, 0x00, 0x02, 0x34, 0x37, 0x00, 0x05, 0x00,
    0x00, 0x00, 0x63, 0x6F, 0x64, 0x65, 0x00, 0x02, 0x34, 0x38, 0x00, 0x05,
    0x00, 0x00, 0x00, 0x6C, 0x69, 0x73, 0x74, 0x00, 0x02, 0x34, 0x39, 0x00,
    0x06, 0x00, 0x00, 0x00, 0x74, 0x75, 0x70, 0x6C, 0x65, 0x00, 0x08, 0x35,
    0x30, 0x00, 0x01, 0x02, 0x35, 0x31, 0x00, 0x24, 0x00, 0x00, 0x00, 0x63,
    0x6F, 0x6D, 0x70, 0x69, 0x6C, 0x65, 0x5F, 0x6D, 0x6F, 0x64, 0x75, 0x6C,
    0x65, 0x20, 0x6E, 0x65, 0x65, 0x64, 0x73, 0x20, 0x61, 0x20, 0x27, 0x6D,
    0x6F, 0x64, 0x75, 0x6C, 0x65, 0x20, 0x6E, 0x6F, 0x64, 0x65, 0x00, 0x02,
    0x35, 0x32, 0x00, 0x02, 0x00, 0x00, 0x00, 0x27, 0x00, 0x02, 0x35, 0x33,
    0x00, 0x4E, 0x00, 0x00, 0x00, 0x27, 0x20, 0x68, 0x61, 0x73, 0x20, 0x64,
    0x65, 0x63, 0x6F, 0x72, 0x61, 0x74, 0x6F, 0x72, 0x73, 0x20, 0x62, 0x75,
    0x74, 0x20, 0x6E, 0x6F, 0x20, 0x65, 0x78, 0x70, 0x61, 0x6E, 0x64, 0x65,
    0x72, 0x20, 0x77, 0x61, 0x73, 0x20, 0x73, 0x75, 0x70, 0x70, 0x6C, 0x69,
    0x65, 0x64, 0x20, 0x28, 0x73, 0x65, 0x65, 0x20, 0x77, 0x79, 0x72, 0x6D,
    0x3A, 0x3A, 0x63, 0x6F, 0x6D, 0x70, 0x69, 0x6C, 0x65, 0x72, 0x3A, 0x3A,
    0x65, 0x78, 0x70, 0x61, 0x6E, 0x73, 0x69, 0x6F, 0x6E, 0x29, 0x00, 0x00,
};

static const uint8_t module_symbols[] = {
    0x72, 0x03, 0x00, 0x00, 0x02, 0x30, 0x00, 0x0B, 0x00, 0x00, 0x00, 0x65,
    0x6D, 0x69, 0x74, 0x5F, 0x77, 0x6F, 0x72, 0x64, 0x73, 0x00, 0x02, 0x31,
    0x00, 0x07, 0x00, 0x00, 0x00, 0x61, 0x70, 0x70, 0x65, 0x6E, 0x64, 0x00,
    0x02, 0x32, 0x00, 0x0F, 0x00, 0x00, 0x00, 0x71, 0x75, 0x61, 0x6C, 0x69,
    0x66, 0x69, 0x65, 0x64, 0x5F, 0x6E, 0x61, 0x6D, 0x65, 0x00, 0x02, 0x33,
    0x00, 0x0A, 0x00, 0x00, 0x00, 0x69, 0x6D, 0x70, 0x6F, 0x72, 0x74, 0x5F,
    0x61, 0x73, 0x00, 0x02, 0x34, 0x00, 0x0D, 0x00, 0x00, 0x00, 0x69, 0x6D,
    0x70, 0x6F, 0x72, 0x74, 0x5F, 0x69, 0x74, 0x65, 0x6D, 0x73, 0x00, 0x02,
    0x35, 0x00, 0x0B, 0x00, 0x00, 0x00, 0x69, 0x6D, 0x70, 0x6F, 0x72, 0x74,
    0x5F, 0x61, 0x6C, 0x6C, 0x00, 0x02, 0x36, 0x00, 0x07, 0x00, 0x00, 0x00,
    0x69, 0x6D, 0x70, 0x6F, 0x72, 0x74, 0x00, 0x02, 0x37, 0x00, 0x0E, 0x00,
    0x00, 0x00, 0x69, 0x6D, 0x70, 0x6F, 0x72, 0x74, 0x5F, 0x73, 0x74, 0x61,
    0x74, 0x69, 0x63, 0x00, 0x02, 0x38, 0x00, 0x0F, 0x00, 0x00, 0x00, 0x64,
    0x65, 0x63, 0x6C, 0x61, 0x72, 0x65, 0x5F, 0x67, 0x6C, 0x6F, 0x62, 0x61,
    0x6C, 0x00, 0x02, 0x39, 0x00, 0x0A, 0x00, 0x00, 0x00, 0x63, 0x6C, 0x61,
    0x73, 0x73, 0x5F, 0x64, 0x65, 0x66, 0x00, 0x02, 0x31, 0x30, 0x00, 0x07,
    0x00, 0x00, 0x00, 0x66, 0x6E, 0x5F, 0x64, 0x65, 0x66, 0x00, 0x02, 0x31,
    0x31, 0x00, 0x07, 0x00, 0x00, 0x00, 0x63, 0x6F, 0x5F, 0x64, 0x65, 0x66,
    0x00, 0x02, 0x31, 0x32, 0x00, 0x09, 0x00, 0x00, 0x00, 0x74, 0x65, 0x6D,
    0x70, 0x6C, 0x61, 0x74, 0x65, 0x00, 0x02, 0x31, 0x33, 0x00, 0x0C, 0x00,
    0x00, 0x00, 0x64, 0x65, 0x66, 0x69, 0x6E, 0x69, 0x74, 0x69, 0x6F, 0x6E,
    0x73, 0x00, 0x02, 0x31, 0x34, 0x00, 0x09, 0x00, 0x00, 0x00, 0x69, 0x6E,
    0x69, 0x74, 0x5F, 0x63, 0x74, 0x78, 0x00, 0x02, 0x31, 0x35, 0x00, 0x05,
    0x00, 0x00, 0x00, 0x6D, 0x61, 0x72, 0x6B, 0x00, 0x02, 0x31, 0x36, 0x00,
    0x05, 0x00, 0x00, 0x00, 0x70, 0x75, 0x73, 0x68, 0x00, 0x02, 0x31, 0x37,
    0x00, 0x0B, 0x00, 0x00, 0x00, 0x61, 0x64, 0x64, 0x5F, 0x73, 0x74, 0x61,
    0x74, 0x69, 0x63, 0x00, 0x02, 0x31, 0x38, 0x00, 0x06, 0x00, 0x00, 0x00,
    0x69, 0x6D, 0x61, 0x67, 0x65, 0x00, 0x02, 0x31, 0x39, 0x00, 0x0D, 0x00,
    0x00, 0x00, 0x67, 0x6C, 0x6F, 0x62, 0x61, 0x6C, 0x5F, 0x69, 0x6E, 0x64,
    0x65, 0x78, 0x00, 0x02, 0x32, 0x30, 0x00, 0x05, 0x00, 0x00, 0x00, 0x67,
    0x73, 0x65, 0x74, 0x00, 0x02, 0x32, 0x31, 0x00, 0x08, 0x00, 0x00, 0x00,
    0x66, 0x72, 0x65, 0x65, 0x5F, 0x74, 0x6F, 0x00, 0x02, 0x32, 0x32, 0x00,
    0x0B, 0x00, 0x00, 0x00, 0x61, 0x64, 0x64, 0x5F, 0x73, 0x79, 0x6D, 0x62,
    0x6F, 0x6C, 0x00, 0x02, 0x32, 0x33, 0x00, 0x05, 0x00, 0x00, 0x00, 0x6C,
    0x73, 0x79, 0x6D, 0x00, 0x02, 0x32, 0x34, 0x00, 0x0C, 0x00, 0x00, 0x00,
    0x69, 0x6D, 0x70, 0x6F, 0x72, 0x74, 0x5F, 0x73, 0x74, 0x61, 0x72, 0x00,
    0x02, 0x32, 0x35, 0x00, 0x14, 0x00, 0x00, 0x00, 0x68, 0x61, 0x73, 0x5F,
    0x77, 0x69, 0x6C, 0x64, 0x63, 0x61, 0x72, 0x64, 0x5F, 0x69, 0x6D, 0x70,
    0x6F, 0x72, 0x74, 0x00, 0x02, 0x32, 0x36, 0x00, 0x14, 0x00, 0x00, 0x00,
    0x64, 0x65, 0x63, 0x6C, 0x61, 0x72, 0x65, 0x5F, 0x66, 0x72, 0x65, 0x65,
    0x5F, 0x67, 0x6C, 0x6F, 0x62, 0x61, 0x6C, 0x00, 0x02, 0x32, 0x37, 0x00,
    0x05, 0x00, 0x00, 0x00, 0x67, 0x67, 0x65, 0x74, 0x00, 0x02, 0x32, 0x38,
    0x00, 0x08, 0x00, 0x00, 0x00, 0x63, 0x6C, 0x6F, 0x73, 0x75, 0x72, 0x65,
    0x00, 0x02, 0x32, 0x39, 0x00, 0x10, 0x00, 0x00, 0x00, 0x70, 0x65, 0x6E,
    0x64, 0x69, 0x6E, 0x67, 0x5F, 0x73, 0x74, 0x61, 0x74, 0x69, 0x63, 0x73,
    0x00, 0x02, 0x33, 0x30, 0x00, 0x05, 0x00, 0x00, 0x00, 0x63, 0x6F, 0x64,
    0x65, 0x00, 0x02, 0x33, 0x31, 0x00, 0x08, 0x00, 0x00, 0x00, 0x70, 0x65,
    0x6E, 0x64, 0x69, 0x6E, 0x67, 0x00, 0x02, 0x33, 0x32, 0x00, 0x0A, 0x00,
    0x00, 0x00, 0x66, 0x75, 0x6E, 0x63, 0x74, 0x69, 0x6F, 0x6E, 0x73, 0x00,
    0x02, 0x33, 0x33, 0x00, 0x08, 0x00, 0x00, 0x00, 0x67, 0x6C, 0x6F, 0x62,
    0x61, 0x6C, 0x73, 0x00, 0x02, 0x33, 0x34, 0x00, 0x05, 0x00, 0x00, 0x00,
    0x75, 0x73, 0x65, 0x73, 0x00, 0x02, 0x33, 0x35, 0x00, 0x0A, 0x00, 0x00,
    0x00, 0x75, 0x6E, 0x6C, 0x6F, 0x77, 0x65, 0x72, 0x65, 0x64, 0x00, 0x02,
    0x33, 0x36, 0x00, 0x0C, 0x00, 0x00, 0x00, 0x6D, 0x6F, 0x64, 0x75, 0x6C,
    0x65, 0x5F, 0x6E, 0x61, 0x6D, 0x65, 0x00, 0x02, 0x33, 0x37, 0x00, 0x05,
    0x00, 0x00, 0x00, 0x68, 0x69, 0x67, 0x68, 0x00, 0x02, 0x33, 0x38, 0x00,
    0x08, 0x00, 0x00, 0x00, 0x73, 0x74, 0x61, 0x74, 0x69, 0x63, 0x73, 0x00,
    0x02, 0x33, 0x39, 0x00, 0x08, 0x00, 0x00, 0x00, 0x73, 0x79, 0x6D, 0x62,
    0x6F, 0x6C, 0x73, 0x00, 0x02, 0x34, 0x30, 0x00, 0x08, 0x00, 0x00, 0x00,
    0x63, 0x6C, 0x61, 0x73, 0x73, 0x65, 0x73, 0x00, 0x02, 0x34, 0x31, 0x00,
    0x09, 0x00, 0x00, 0x00, 0x6D, 0x65, 0x73, 0x73, 0x61, 0x67, 0x65, 0x73,
    0x00, 0x02, 0x34, 0x32, 0x00, 0x0A, 0x00, 0x00, 0x00, 0x64, 0x65, 0x63,
    0x6F, 0x72, 0x61, 0x74, 0x65, 0x64, 0x00, 0x02, 0x34, 0x33, 0x00, 0x12,
    0x00, 0x00, 0x00, 0x73, 0x6C, 0x6F, 0x74, 0x5F, 0x6F, 0x70, 0x74, 0x69,
    0x6D, 0x69, 0x7A, 0x61, 0x74, 0x69, 0x6F, 0x6E, 0x00, 0x02, 0x34, 0x34,
    0x00, 0x0F, 0x00, 0x00, 0x00, 0x73, 0x74, 0x75, 0x62, 0x5F, 0x75, 0x6E,
    0x6C, 0x6F, 0x77, 0x65, 0x72, 0x65, 0x64, 0x00, 0x02, 0x34, 0x35, 0x00,
    0x07, 0x00, 0x00, 0x00, 0x6D, 0x6F, 0x64, 0x75, 0x6C, 0x65, 0x00, 0x02,
    0x34, 0x36, 0x00, 0x16, 0x00, 0x00, 0x00, 0x61, 0x6C, 0x6C, 0x6F, 0x63,
    0x61, 0x74, 0x65, 0x5F, 0x62, 0x6C, 0x6F, 0x63, 0x6B, 0x5F, 0x73, 0x63,
    0x6F, 0x70, 0x65, 0x73, 0x00, 0x02, 0x34, 0x37, 0x00, 0x07, 0x00, 0x00,
    0x00, 0x72, 0x65, 0x74, 0x75, 0x72, 0x6E, 0x00, 0x02, 0x34, 0x38, 0x00,
    0x0D, 0x00, 0x00, 0x00, 0x70, 0x61, 0x74, 0x63, 0x68, 0x5F, 0x6C, 0x61,
    0x62, 0x65, 0x6C, 0x73, 0x00, 0x00,
};

static const uint8_t module_functions[] = {
    0xFC, 0x0A, 0x00, 0x00, 0x03, 0x30, 0x00, 0x58, 0x00, 0x00, 0x00, 0x02,
    0x6E, 0x00, 0x06, 0x00, 0x00, 0x00, 0x5F, 0x74, 0x61, 0x69, 0x6C, 0x00,
    0x04, 0x70, 0x00, 0x2E, 0x00, 0x00, 0x00, 0x03, 0x30, 0x00, 0x11, 0x00,
    0x00, 0x00, 0x02, 0x6E, 0x00, 0x05, 0x00, 0x00, 0x00, 0x6E, 0x6F, 0x64,
    0x65, 0x00, 0x00, 0x03, 0x31, 0x00, 0x12, 0x00, 0x00, 0x00, 0x02, 0x6E,
    0x00, 0x06, 0x00, 0x00, 0x00, 0x63, 0x6F, 0x75, 0x6E, 0x74, 0x00, 0x00,
    0x00, 0x10, 0x6C, 0x00, 0x05, 0x00, 0x00, 0x00, 0x10, 0x63, 0x00, 0xA3,
    0x00, 0x00, 0x00, 0x10, 0x66, 0x00, 0x00, 0x00, 0x00, 0x00, 0x00, 0x03,
    0x31, 0x00, 0x59, 0x00, 0x00, 0x00, 0x02, 0x6E, 0x00, 0x07, 0x00, 0x00,
    0x00, 0x5F, 0x66, 0x69, 0x65, 0x6C, 0x64, 0x00, 0x04, 0x70, 0x00, 0x2E,
    0x00, 0x00, 0x00, 0x03, 0x30, 0x00, 0x11, 0x00, 0x00, 0x00, 0x02, 0x6E,
    0x00, 0x05, 0x00, 0x00, 0x00, 0x6E, 0x6F, 0x64, 0x65, 0x00, 0x00, 0x03,
    0x31, 0x00, 0x12, 0x00, 0x00, 0x00, 0x02, 0x6E, 0x00, 0x06, 0x00, 0x00,
    0x00, 0x69, 0x6E, 0x64, 0x65, 0x78, 0x00, 0x00, 0x00, 0x10, 0x6C, 0x00,
    0x04, 0x00, 0x00, 0x00, 0x10, 0x63, 0x00, 0xBC, 0x00, 0x00, 0x00, 0x10,
    0x66, 0x00, 0x00, 0x00, 0x00, 0x00, 0x00, 0x03, 0x32, 0x00, 0xD7, 0x00,
    0x00, 0x00, 0x02, 0x6E, 0x00, 0x0B, 0x00, 0x00, 0x00, 0x5F, 0x65, 0x6D,
    0x69, 0x74, 0x5F, 0x70, 0x61, 0x63, 0x6B, 0x00, 0x04, 0x70, 0x00, 0xA8,
    0x00, 0x00, 0x00, 0x03, 0x30, 0x00, 0x12, 0x00, 0x00, 0x00, 0x02, 0x6E,
    0x00, 0x06, 0x00, 0x00, 0x00, 0x66, 0x72, 0x61, 0x6D, 0x65, 0x00, 0x00,
    0x03, 0x31, 0x00, 0x0F, 0x00, 0x00, 0x00, 0x02, 0x6E, 0x00, 0x03, 0x00,
    0x00, 0x00, 0x6F, 0x70, 0x00, 0x00, 0x03, 0x32, 0x00, 0x15, 0x00, 0x00,
    0x00, 0x02, 0x6E, 0x00, 0x02, 0x00, 0x00, 0x00, 0x66, 0x00, 0x10, 0x64,
    0x00, 0x0F, 0x00, 0x00, 0x00, 0x00, 0x03, 0x33, 0x00, 0x16, 0x00, 0x00,
    0x00, 0x02, 0x6E, 0x00, 0x03, 0x00, 0x00, 0x00, 0x61, 0x30, 0x00, 0x10,
    0x64, 0x00, 0x0F, 0x00, 0x00, 0x00, 0x00, 0x03, 0x34, 0x00, 0x16, 0x00,
    0x00, 0x00, 0x02, 0x6E, 0x00, 0x03, 0x00, 0x00, 0x00, 0x61, 0x31, 0x00,
    0x10, 0x64, 0x00, 0x0F, 0x00, 0x00, 0x00, 0x00, 0x03, 0x35, 0x00, 0x16,
    0x00, 0x00, 0x00, 0x02, 0x6E, 0x00, 0x03, 0x00, 0x00, 0x00, 0x61, 0x32,
    0x00, 0x10, 0x64, 0x00, 0x0F, 0x00, 0x00, 0x00, 0x00, 0x03, 0x36, 0x00,
    0x16, 0x00, 0x00, 0x00, 0x02, 0x6E, 0x00, 0x03, 0x00, 0x00, 0x00, 0x77,
    0x31, 0x00, 0x10, 0x64, 0x00, 0x10, 0x00, 0x00, 0x00, 0x00, 0x00, 0x10,
    0x6C, 0x00, 0x0F, 0x00, 0x00, 0x00, 0x10, 0x63, 0x00, 0xCC, 0x00, 0x00,
    0x00, 0x10, 0x66, 0x00, 0x00, 0x00, 0x00, 0x00, 0x00, 0x03, 0x33, 0x00,
    0x9D, 0x00, 0x00, 0x00, 0x02, 0x6E, 0x00, 0x0F, 0x00, 0x00, 0x00, 0x5F,
    0x65, 0x6D, 0x69, 0x74, 0x5F, 0x70, 0x61, 0x69, 0x72, 0x61, 0x62, 0x6C,
    0x65, 0x00, 0x04, 0x70, 0x00, 0x6A, 0x00, 0x00, 0x00, 0x03, 0x30, 0x00,
    0x12, 0x00, 0x00, 0x00, 0x02, 0x6E, 0x00, 0x06, 0x00, 0x00, 0x00, 0x66,
    0x72, 0x61, 0x6D, 0x65, 0x00, 0x00, 0x03, 0x31, 0x00, 0x0F, 0x00, 0x00,
    0x00, 0x02, 0x6E, 0x00, 0x03, 0x00, 0x00, 0x00, 0x6F, 0x70, 0x00, 0x00,
    0x03, 0x32, 0x00, 0x1B, 0x00, 0x00, 0x00, 0x02, 0x6E, 0x00, 0x08, 0x00,
    0x00, 0x00, 0x70, 0x72, 0x69, 0x6D, 0x61, 0x72, 0x79, 0x00, 0x10, 0x64,
    0x00, 0x0F, 0x00, 0x00, 0x00, 0x00, 0x03, 0x33, 0x00, 0x1D, 0x00, 0x00,
    0x00, 0x02, 0x6E, 0x00, 0x0A, 0x00, 0x00, 0x00, 0x73, 0x65, 0x63, 0x6F,
    0x6E, 0x64, 0x61, 0x72, 0x79, 0x00, 0x10, 0x64, 0x00, 0x0F, 0x00, 0x00,
    0x00, 0x00, 0x00, 0x10, 0x6C, 0x00, 0x05, 0x00, 0x00, 0x00, 0x10, 0x63,
    0x00, 0xEC, 0x00, 0x00, 0x00, 0x10, 0x66, 0x00, 0x00, 0x00, 0x00, 0x00,
    0x00, 0x03, 0x34, 0x00, 0x49, 0x00, 0x00, 0x00, 0x02, 0x6E, 0x00, 0x0B,
    0x00, 0x00, 0x00, 0x5F, 0x6A, 0x6F, 0x69, 0x6E, 0x5F, 0x70, 0x61, 0x74,
    0x68, 0x00, 0x04, 0x70, 0x00, 0x1A, 0x00, 0x00, 0x00, 0x03, 0x30, 0x00,
    0x12, 0x00, 0x00, 0x00, 0x02, 0x6E, 0x00, 0x06, 0x00, 0x00, 0x00, 0x70,
    0x61, 0x72, 0x74, 0x73, 0x00, 0x00, 0x00, 0x10, 0x6C, 0x00, 0x05, 0x00,
    0x00, 0x00, 0x10, 0x63, 0x00, 0xFE, 0x00, 0x00, 0x00, 0x10, 0x66, 0x00,
    0x00, 0x00, 0x00, 0x00, 0x00, 0x03, 0x35, 0x00, 0x57, 0x00, 0x00, 0x00,
    0x02, 0x6E, 0x00, 0x08, 0x00, 0x00, 0x00, 0x5F, 0x70, 0x72, 0x65, 0x66,
    0x69, 0x78, 0x00, 0x04, 0x70, 0x00, 0x2B, 0x00, 0x00, 0x00, 0x03, 0x30,
    0x00, 0x12, 0x00, 0x00, 0x00, 0x02, 0x6E, 0x00, 0x06, 0x00, 0x00, 0x00,
    0x70, 0x61, 0x72, 0x74, 0x73, 0x00, 0x00, 0x03, 0x31, 0x00, 0x0E, 0x00,
    0x00, 0x00, 0x02, 0x6E, 0x00, 0x02, 0x00, 0x00, 0x00, 0x6E, 0x00, 0x00,
    0x00, 0x10, 0x6C, 0x00, 0x04, 0x00, 0x00, 0x00, 0x10, 0x63, 0x00, 0x1B,
    0x01, 0x00, 0x00, 0x10, 0x66, 0x00, 0x00, 0x00, 0x00, 0x00, 0x00, 0x03,
    0x36, 0x00, 0x4C, 0x00, 0x00, 0x00, 0x02, 0x6E, 0x00, 0x0F, 0x00, 0x00,
    0x00, 0x5F, 0x70, 0x61, 0x74, 0x68, 0x5F, 0x70, 0x61, 0x72, 0x74, 0x73,
    0x5F, 0x6F, 0x66, 0x00, 0x04, 0x70, 0x00, 0x19, 0x00, 0x00, 0x00, 0x03,
    0x30, 0x00, 0x11, 0x00, 0x00, 0x00, 0x02, 0x6E, 0x00, 0x05, 0x00, 0x00,
    0x00, 0x70, 0x61, 0x74, 0x68, 0x00, 0x00, 0x00, 0x10, 0x6C, 0x00, 0x06,
    0x00, 0x00, 0x00, 0x10, 0x63, 0x00, 0x2B, 0x01, 0x00, 0x00, 0x10, 0x66,
    0x00, 0x00, 0x00, 0x00, 0x00, 0x00, 0x03, 0x37, 0x00, 0x4B, 0x00, 0x00,
    0x00, 0x02, 0x6E, 0x00, 0x0E, 0x00, 0x00, 0x00, 0x5F, 0x69, 0x6D, 0x70,
    0x6F, 0x72, 0x74, 0x5F, 0x73, 0x68, 0x61, 0x70, 0x65, 0x00, 0x04, 0x70,
    0x00, 0x19, 0x00, 0x00, 0x00, 0x03, 0x30, 0x00, 0x11, 0x00, 0x00, 0x00,
    0x02, 0x6E, 0x00, 0x05, 0x00, 0x00, 0x00, 0x6E, 0x6F, 0x64, 0x65, 0x00,
    0x00, 0x00, 0x10, 0x6C, 0x00, 0x13, 0x00, 0x00, 0x00, 0x10, 0x63, 0x00,
    0x61, 0x01, 0x00, 0x00, 0x10, 0x66, 0x00, 0x00, 0x00, 0x00, 0x00, 0x00,
    0x03, 0x38, 0x00, 0x69, 0x00, 0x00, 0x00, 0x02, 0x6E, 0x00, 0x16, 0x00,
    0x00, 0x00, 0x5F, 0x64, 0x65, 0x63, 0x6C, 0x61, 0x72, 0x65, 0x5F, 0x6D,
    0x6F, 0x64, 0x75, 0x6C, 0x65, 0x5F, 0x6E, 0x61, 0x6D, 0x65, 0x73, 0x00,
    0x04, 0x70, 0x00, 0x2F, 0x00, 0x00, 0x00, 0x03, 0x30, 0x00, 0x11, 0x00,
    0x00, 0x00, 0x02, 0x6E, 0x00, 0x05, 0x00, 0x00, 0x00, 0x62, 0x6F, 0x64,
    0x79, 0x00, 0x00, 0x03, 0x31, 0x00, 0x13, 0x00, 0x00, 0x00, 0x02, 0x6E,
    0x00, 0x07, 0x00, 0x00, 0x00, 0x6D, 0x6F, 0x64, 0x75, 0x6C, 0x65, 0x00,
    0x00, 0x00, 0x10, 0x6C, 0x00, 0x1E, 0x00, 0x00, 0x00, 0x10, 0x63, 0x00,
    0x5C, 0x02, 0x00, 0x00, 0x10, 0x66, 0x00, 0x00, 0x00, 0x00, 0x00, 0x00,
    0x03, 0x39, 0x00, 0x68, 0x00, 0x00, 0x00, 0x02, 0x6E, 0x00, 0x15, 0x00,
    0x00, 0x00, 0x5F, 0x63, 0x6F, 0x6C, 0x6C, 0x65, 0x63, 0x74, 0x5F, 0x64,
    0x65, 0x66, 0x69, 0x6E, 0x69, 0x74, 0x69, 0x6F, 0x6E, 0x73, 0x00, 0x04,
    0x70, 0x00, 0x2F, 0x00, 0x00, 0x00, 0x03, 0x30, 0x00, 0x11, 0x00, 0x00,
    0x00, 0x02, 0x6E, 0x00, 0x05, 0x00, 0x00, 0x00, 0x62, 0x6F, 0x64, 0x79,
    0x00, 0x00, 0x03, 0x31, 0x00, 0x13, 0x00, 0x00, 0x00, 0x02, 0x6E, 0x00,
    0x07, 0x00, 0x00, 0x00, 0x6D, 0x6F, 0x64, 0x75, 0x6C, 0x65, 0x00, 0x00,
    0x00, 0x10, 0x6C, 0x00, 0x09, 0x00, 0x00, 0x00, 0x10, 0x63, 0x00, 0x4D,
    0x03, 0x00, 0x00, 0x10, 0x66, 0x00, 0x00, 0x00, 0x00, 0x00, 0x00, 0x03,
    0x31, 0x30, 0x00, 0x91, 0x00, 0x00, 0x00, 0x02, 0x6E, 0x00, 0x0F, 0x00,
    0x00, 0x00, 0x5F, 0x69, 0x6D, 0x70, 0x6F, 0x72, 0x74, 0x5F, 0x6D, 0x6F,
    0x64, 0x75, 0x6C, 0x65, 0x00, 0x04, 0x70, 0x00, 0x5E, 0x00, 0x00, 0x00,
    0x03, 0x30, 0x00, 0x12, 0x00, 0x00, 0x00, 0x02, 0x6E, 0x00, 0x06, 0x00,
    0x00, 0x00, 0x70, 0x61, 0x72, 0x74, 0x73, 0x00, 0x00, 0x03, 0x31, 0x00,
    0x12, 0x00, 0x00, 0x00, 0x02, 0x6E, 0x00, 0x06, 0x00, 0x00, 0x00, 0x61,
    0x6C, 0x69, 0x61, 0x73, 0x00, 0x00, 0x03, 0x32, 0x00, 0x16, 0x00, 0x00,
    0x00, 0x02, 0x6E, 0x00, 0x0A, 0x00, 0x00, 0x00, 0x62, 0x69, 0x6E, 0x64,
    0x5F, 0x6C, 0x65, 0x61, 0x66, 0x00, 0x00, 0x03, 0x33, 0x00, 0x13, 0x00,
    0x00, 0x00, 0x02, 0x6E, 0x00, 0x07, 0x00, 0x00, 0x00, 0x6D, 0x6F, 0x64,
    0x75, 0x6C, 0x65, 0x00, 0x00, 0x00, 0x10, 0x6C, 0x00, 0x11, 0x00, 0x00,
    0x00, 0x10, 0x63, 0x00, 0x97, 0x03, 0x00, 0x00, 0x10, 0x66, 0x00, 0x00,
    0x00, 0x00, 0x00, 0x00, 0x03, 0x31, 0x31, 0x00, 0x78, 0x00, 0x00, 0x00,
    0x02, 0x6E, 0x00, 0x0D, 0x00, 0x00, 0x00, 0x5F, 0x69, 0x6D, 0x70, 0x6F,
    0x72, 0x74, 0x5F, 0x73, 0x74, 0x61, 0x72, 0x00, 0x04, 0x70, 0x00, 0x47,
    0x00, 0x00, 0x00, 0x03, 0x30, 0x00, 0x12, 0x00, 0x00, 0x00, 0x02, 0x6E,
    0x00, 0x06, 0x00, 0x00, 0x00, 0x70, 0x61, 0x72, 0x74, 0x73, 0x00, 0x00,
    0x03, 0x31, 0x00, 0x14, 0x00, 0x00, 0x00, 0x02, 0x6E, 0x00, 0x08, 0x00,
    0x00, 0x00, 0x65, 0x78, 0x63, 0x65, 0x70, 0x74, 0x73, 0x00, 0x00, 0x03,
    0x32, 0x00, 0x13, 0x00, 0x00, 0x00, 0x02, 0x6E, 0x00, 0x07, 0x00, 0x00,
    0x00, 0x6D, 0x6F, 0x64, 0x75, 0x6C, 0x65, 0x00, 0x00, 0x00, 0x10, 0x6C,
    0x00, 0x16, 0x00, 0x00, 0x00, 0x10, 0x63, 0x00, 0x1D, 0x04, 0x00, 0x00,
    0x10, 0x66, 0x00, 0x00, 0x00, 0x00, 0x00, 0x00, 0x03, 0x31, 0x32, 0x00,
    0x62, 0x00, 0x00, 0x00, 0x02, 0x6E, 0x00, 0x0F, 0x00, 0x00, 0x00, 0x5F,
    0x68, 0x6F, 0x69, 0x73, 0x74, 0x5F, 0x69, 0x6D, 0x70, 0x6F, 0x72, 0x74,
    0x73, 0x00, 0x04, 0x70, 0x00, 0x2F, 0x00, 0x00, 0x00, 0x03, 0x30, 0x00,
    0x11, 0x00, 0x00, 0x00, 0x02, 0x6E, 0x00, 0x05, 0x00, 0x00, 0x00, 0x62,
    0x6F, 0x64, 0x79, 0x00, 0x00, 0x03, 0x31, 0x00, 0x13, 0x00, 0x00, 0x00,
    0x02, 0x6E, 0x00, 0x07, 0x00, 0x00, 0x00, 0x6D, 0x6F, 0x64, 0x75, 0x6C,
    0x65, 0x00, 0x00, 0x00, 0x10, 0x6C, 0x00, 0x13, 0x00, 0x00, 0x00, 0x10,
    0x63, 0x00, 0xA9, 0x04, 0x00, 0x00, 0x10, 0x66, 0x00, 0x00, 0x00, 0x00,
    0x00, 0x00, 0x03, 0x31, 0x33, 0x00, 0x6B, 0x00, 0x00, 0x00, 0x02, 0x6E,
    0x00, 0x15, 0x00, 0x00, 0x00, 0x5F, 0x62, 0x69, 0x6E, 0x64, 0x5F, 0x69,
    0x6D, 0x70, 0x6F, 0x72, 0x74, 0x65, 0x64, 0x5F, 0x6E, 0x61, 0x6D, 0x65,
    0x73, 0x00, 0x04, 0x70, 0x00, 0x32, 0x00, 0x00, 0x00, 0x03, 0x30, 0x00,
    0x14, 0x00, 0x00, 0x00, 0x02, 0x6E, 0x00, 0x08, 0x00, 0x00, 0x00, 0x70,
    0x65, 0x6E, 0x64, 0x69, 0x6E, 0x67, 0x00, 0x00, 0x03, 0x31, 0x00, 0x13,
    0x00, 0x00, 0x00, 0x02, 0x6E, 0x00, 0x07, 0x00, 0x00, 0x00, 0x6D, 0x6F,
    0x64, 0x75, 0x6C, 0x65, 0x00, 0x00, 0x00, 0x10, 0x6C, 0x00, 0x12, 0x00,
    0x00, 0x00, 0x10, 0x63, 0x00, 0x0C, 0x05, 0x00, 0x00, 0x10, 0x66, 0x00,
    0x00, 0x00, 0x00, 0x00, 0x00, 0x03, 0x31, 0x34, 0x00, 0x85, 0x00, 0x00,
    0x00, 0x02, 0x6E, 0x00, 0x13, 0x00, 0x00, 0x00, 0x5F, 0x70, 0x6C, 0x61,
    0x69, 0x6E, 0x5F, 0x66, 0x6E, 0x5F, 0x74, 0x6F, 0x70, 0x6C, 0x65, 0x76,
    0x65, 0x6C, 0x00, 0x04, 0x70, 0x00, 0x4E, 0x00, 0x00, 0x00, 0x03, 0x30,
    0x00, 0x11, 0x00, 0x00, 0x00, 0x02, 0x6E, 0x00, 0x05, 0x00, 0x00, 0x00,
    0x6E, 0x6F, 0x64, 0x65, 0x00, 0x00, 0x03, 0x31, 0x00, 0x13, 0x00, 0x00,
    0x00, 0x02, 0x6E, 0x00, 0x07, 0x00, 0x00, 0x00, 0x6D, 0x6F, 0x64, 0x75,
    0x6C, 0x65, 0x00, 0x00, 0x03, 0x32, 0x00, 0x1C, 0x00, 0x00, 0x00, 0x02,
    0x6E, 0x00, 0x09, 0x00, 0x00, 0x00, 0x74, 0x6F, 0x6C, 0x65, 0x72, 0x61,
    0x6E, 0x74, 0x00, 0x10, 0x64, 0x00, 0x1D, 0x00, 0x00, 0x00, 0x00, 0x00,
    0x10, 0x6C, 0x00, 0x12, 0x00, 0x00, 0x00, 0x10, 0x63, 0x00, 0x75, 0x05,
    0x00, 0x00, 0x10, 0x66, 0x00, 0x00, 0x00, 0x00, 0x00, 0x00, 0x03, 0x31,
    0x35, 0x00, 0x94, 0x00, 0x00, 0x00, 0x02, 0x6E, 0x00, 0x0D, 0x00, 0x00,
    0x00, 0x5F, 0x66, 0x6E, 0x5F, 0x74, 0x6F, 0x70, 0x6C, 0x65, 0x76, 0x65,
    0x6C, 0x00, 0x04, 0x70, 0x00, 0x63, 0x00, 0x00, 0x00, 0x03, 0x30, 0x00,
    0x11, 0x00, 0x00, 0x00, 0x02, 0x6E, 0x00, 0x05, 0x00, 0x00, 0x00, 0x6E,
    0x6F, 0x64, 0x65, 0x00, 0x00, 0x03, 0x31, 0x00, 0x13, 0x00, 0x00, 0x00,
    0x02, 0x6E, 0x00, 0x07, 0x00, 0x00, 0x00, 0x6D, 0x6F, 0x64, 0x75, 0x6C,
    0x65, 0x00, 0x00, 0x03, 0x32, 0x00, 0x12, 0x00, 0x00, 0x00, 0x02, 0x6E,
    0x00, 0x06, 0x00, 0x00, 0x00, 0x65, 0x78, 0x74, 0x72, 0x61, 0x00, 0x00,
    0x03, 0x33, 0x00, 0x1C, 0x00, 0x00, 0x00, 0x02, 0x6E, 0x00, 0x09, 0x00,
    0x00, 0x00, 0x74, 0x6F, 0x6C, 0x65, 0x72, 0x61, 0x6E, 0x74, 0x00, 0x10,
    0x64, 0x00, 0x1D, 0x00, 0x00, 0x00, 0x00, 0x00, 0x10, 0x6C, 0x00, 0x04,
    0x00, 0x00, 0x00, 0x10, 0x63, 0x00, 0xC4, 0x05, 0x00, 0x00, 0x10, 0x66,
    0x00, 0x00, 0x00, 0x00, 0x00, 0x00, 0x03, 0x31, 0x36, 0x00, 0x79, 0x00,
    0x00, 0x00, 0x02, 0x6E, 0x00, 0x11, 0x00, 0x00, 0x00, 0x5F, 0x69, 0x6D,
    0x70, 0x6F, 0x72, 0x74, 0x5F, 0x74, 0x6F, 0x70, 0x6C, 0x65, 0x76, 0x65,
    0x6C, 0x00, 0x04, 0x70, 0x00, 0x44, 0x00, 0x00, 0x00, 0x03, 0x30, 0x00,
    0x11, 0x00, 0x00, 0x00, 0x02, 0x6E, 0x00, 0x05, 0x00, 0x00, 0x00, 0x6E,
    0x6F, 0x64, 0x65, 0x00, 0x00, 0x03, 0x31, 0x00, 0x13, 0x00, 0x00, 0x00,
    0x02, 0x6E, 0x00, 0x07, 0x00, 0x00, 0x00, 0x6D, 0x6F, 0x64, 0x75, 0x6C,
    0x65, 0x00, 0x00, 0x03, 0x32, 0x00, 0x12, 0x00, 0x00, 0x00, 0x02, 0x6E,
    0x00, 0x06, 0x00, 0x00, 0x00, 0x65, 0x78, 0x74, 0x72, 0x61, 0x00, 0x00,
    0x00, 0x10, 0x6C, 0x00, 0x01, 0x00, 0x00, 0x00, 0x10, 0x63, 0x00, 0xDE,
    0x05, 0x00, 0x00, 0x10, 0x66, 0x00, 0x00, 0x00, 0x00, 0x00, 0x00, 0x03,
    0x31, 0x37, 0x00, 0x78, 0x00, 0x00, 0x00, 0x02, 0x6E, 0x00, 0x10, 0x00,
    0x00, 0x00, 0x5F, 0x63, 0x6C, 0x61, 0x73, 0x73, 0x5F, 0x74, 0x6F, 0x70,
    0x6C, 0x65, 0x76, 0x65, 0x6C, 0x00, 0x04, 0x70, 0x00, 0x44, 0x00, 0x00,
    0x00, 0x03, 0x30, 0x00, 0x11, 0x00, 0x00, 0x00, 0x02, 0x6E, 0x00, 0x05,
    0x00, 0x00, 0x00, 0x6E, 0x6F, 0x64, 0x65, 0x00, 0x00, 0x03, 0x31, 0x00,
    0x13, 0x00, 0x00, 0x00, 0x02, 0x6E, 0x00, 0x07, 0x00, 0x00, 0x00, 0x6D,
    0x6F, 0x64, 0x75, 0x6C, 0x65, 0x00, 0x00, 0x03, 0x32, 0x00, 0x12, 0x00,
    0x00, 0x00, 0x02, 0x6E, 0x00, 0x06, 0x00, 0x00, 0x00, 0x65, 0x78, 0x74,
    0x72, 0x61, 0x00, 0x00, 0x00, 0x10, 0x6C, 0x00, 0x03, 0x00, 0x00, 0x00,
    0x10, 0x63, 0x00, 0xE0, 0x05, 0x00, 0x00, 0x10, 0x66, 0x00, 0x00, 0x00,
    0x00, 0x00, 0x00, 0x03, 0x31, 0x38, 0x00, 0x7B, 0x00, 0x00, 0x00, 0x02,
    0x6E, 0x00, 0x13, 0x00, 0x00, 0x00, 0x5F, 0x74, 0x65, 0x6D, 0x70, 0x6C,
    0x61, 0x74, 0x65, 0x5F, 0x74, 0x6F, 0x70, 0x6C, 0x65, 0x76, 0x65, 0x6C,
    0x00, 0x04, 0x70, 0x00, 0x44, 0x00, 0x00, 0x00, 0x03, 0x30, 0x00, 0x11,
    0x00, 0x00, 0x00, 0x02, 0x6E, 0x00, 0x05, 0x00, 0x00, 0x00, 0x6E, 0x6F,
    0x64, 0x65, 0x00, 0x00, 0x03, 0x31, 0x00, 0x13, 0x00, 0x00, 0x00, 0x02,
    0x6E, 0x00, 0x07, 0x00, 0x00, 0x00, 0x6D, 0x6F, 0x64, 0x75, 0x6C, 0x65,
    0x00, 0x00, 0x03, 0x32, 0x00, 0x12, 0x00, 0x00, 0x00, 0x02, 0x6E, 0x00,
    0x06, 0x00, 0x00, 0x00, 0x65, 0x78, 0x74, 0x72, 0x61, 0x00, 0x00, 0x00,
    0x10, 0x6C, 0x00, 0x07, 0x00, 0x00, 0x00, 0x10, 0x63, 0x00, 0xE6, 0x05,
    0x00, 0x00, 0x10, 0x66, 0x00, 0x00, 0x00, 0x00, 0x00, 0x00, 0x03, 0x31,
    0x39, 0x00, 0x4E, 0x00, 0x00, 0x00, 0x02, 0x6E, 0x00, 0x0F, 0x00, 0x00,
    0x00, 0x5F, 0x66, 0x6C, 0x75, 0x73, 0x68, 0x5F, 0x73, 0x74, 0x61, 0x74,
    0x69, 0x63, 0x73, 0x00, 0x04, 0x70, 0x00, 0x1B, 0x00, 0x00, 0x00, 0x03,
    0x30, 0x00, 0x13, 0x00, 0x00, 0x00, 0x02, 0x6E, 0x00, 0x07, 0x00, 0x00,
    0x00, 0x6D, 0x6F, 0x64, 0x75, 0x6C, 0x65, 0x00, 0x00, 0x00, 0x10, 0x6C,
    0x00, 0x10, 0x00, 0x00, 0x00, 0x10, 0x63, 0x00, 0x15, 0x06, 0x00, 0x00,
    0x10, 0x66, 0x00, 0x00, 0x00, 0x00, 0x00, 0x00, 0x03, 0x32, 0x30, 0x00,
    0x49, 0x00, 0x00, 0x00, 0x02, 0x6E, 0x00, 0x0A, 0x00, 0x00, 0x00, 0x5F,
    0x61, 0x73, 0x73, 0x65, 0x6D, 0x62, 0x6C, 0x65, 0x00, 0x04, 0x70, 0x00,
    0x1B, 0x00, 0x00, 0x00, 0x03, 0x30, 0x00, 0x13, 0x00, 0x00, 0x00, 0x02,
    0x6E, 0x00, 0x07, 0x00, 0x00, 0x00, 0x6D, 0x6F, 0x64, 0x75, 0x6C, 0x65,
    0x00, 0x00, 0x00, 0x10, 0x6C, 0x00, 0x18, 0x00, 0x00, 0x00, 0x10, 0x63,
    0x00, 0x5A, 0x06, 0x00, 0x00, 0x10, 0x66, 0x00, 0x00, 0x00, 0x00, 0x00,
    0x00, 0x03, 0x32, 0x31, 0x00, 0x4C, 0x00, 0x00, 0x00, 0x02, 0x6E, 0x00,
    0x0F, 0x00, 0x00, 0x00, 0x5F, 0x68, 0x61, 0x73, 0x5F, 0x64, 0x65, 0x63,
    0x6F, 0x72, 0x61, 0x74, 0x65, 0x64, 0x00, 0x04, 0x70, 0x00, 0x19, 0x00,
    0x00, 0x00, 0x03, 0x30, 0x00, 0x11, 0x00, 0x00, 0x00, 0x02, 0x6E, 0x00,
    0x05, 0x00, 0x00, 0x00, 0x6E, 0x6F, 0x64, 0x65, 0x00, 0x00, 0x00, 0x10,
    0x6C, 0x00, 0x05, 0x00, 0x00, 0x00, 0x10, 0x63, 0x00, 0x32, 0x07, 0x00,
    0x00, 0x10, 0x66, 0x00, 0x00, 0x00, 0x00, 0x00, 0x00, 0x03, 0x32, 0x32,
    0x00, 0x3A, 0x01, 0x00, 0x00, 0x02, 0x6E, 0x00, 0x0F, 0x00, 0x00, 0x00,
    0x63, 0x6F, 0x6D, 0x70, 0x69, 0x6C, 0x65, 0x5F, 0x6D, 0x6F, 0x64, 0x75,
    0x6C, 0x65, 0x00, 0x04, 0x70, 0x00, 0x07, 0x01, 0x00, 0x00, 0x03, 0x30,
    0x00, 0x19, 0x00, 0x00, 0x00, 0x02, 0x6E, 0x00, 0x0D, 0x00, 0x00, 0x00,
    0x70, 0x72, 0x6F, 0x67, 0x72, 0x61, 0x6D, 0x5F, 0x6E, 0x6F, 0x64, 0x65,
    0x00, 0x00, 0x03, 0x31, 0x00, 0x18, 0x00, 0x00, 0x00, 0x02, 0x6E, 0x00,
    0x0C, 0x00, 0x00, 0x00, 0x6D, 0x6F, 0x64, 0x75, 0x6C, 0x65, 0x5F, 0x6E,
    0x61, 0x6D, 0x65, 0x00, 0x00, 0x03, 0x32, 0x00, 0x1F, 0x00, 0x00, 0x00,
    0x02, 0x6E, 0x00, 0x0C, 0x00, 0x00, 0x00, 0x73, 0x6F, 0x75, 0x72, 0x63,
    0x65, 0x5F, 0x66, 0x69, 0x6C, 0x65, 0x00, 0x10, 0x64, 0x00, 0x10, 0x00,
    0x00, 0x00, 0x00, 0x03, 0x33, 0x00, 0x19, 0x00, 0x00, 0x00, 0x02, 0x6E,
    0x00, 0x06, 0x00, 0x00, 0x00, 0x63, 0x68, 0x65, 0x63, 0x6B, 0x00, 0x10,
    0x64, 0x00, 0x32, 0x00, 0x00, 0x00, 0x00, 0x03, 0x34, 0x00, 0x25, 0x00,
    0x00, 0x00, 0x02, 0x6E, 0x00, 0x12, 0x00, 0x00, 0x00, 0x73, 0x6C, 0x6F,
    0x74, 0x5F, 0x6F, 0x70, 0x74, 0x69, 0x6D, 0x69, 0x7A, 0x61, 0x74, 0x69,
    0x6F, 0x6E, 0x00, 0x10, 0x64, 0x00, 0x1D, 0x00, 0x00, 0x00, 0x00, 0x03,
    0x35, 0x00, 0x1E, 0x00, 0x00, 0x00, 0x02, 0x6E, 0x00, 0x0B, 0x00, 0x00,
    0x00, 0x65, 0x6D, 0x69, 0x74, 0x5F, 0x64, 0x65, 0x62, 0x75, 0x67, 0x00,
    0x10, 0x64, 0x00, 0x1D, 0x00, 0x00, 0x00, 0x00, 0x03, 0x36, 0x00, 0x22,
    0x00, 0x00, 0x00, 0x02, 0x6E, 0x00, 0x0F, 0x00, 0x00, 0x00, 0x73, 0x74,
    0x75, 0x62, 0x5F, 0x75, 0x6E, 0x6C, 0x6F, 0x77, 0x65, 0x72, 0x65, 0x64,
    0x00, 0x10, 0x64, 0x00, 0x1D, 0x00, 0x00, 0x00, 0x00, 0x03, 0x37, 0x00,
    0x1C, 0x00, 0x00, 0x00, 0x02, 0x6E, 0x00, 0x09, 0x00, 0x00, 0x00, 0x65,
    0x78, 0x70, 0x61, 0x6E, 0x64, 0x65, 0x72, 0x00, 0x10, 0x64, 0x00, 0x10,
    0x00, 0x00, 0x00, 0x00, 0x00, 0x10, 0x6C, 0x00, 0x1D, 0x00, 0x00, 0x00,
    0x10, 0x63, 0x00, 0x6D, 0x07, 0x00, 0x00, 0x10, 0x66, 0x00, 0x00, 0x00,
    0x00, 0x00, 0x00, 0x00,
};

static const uint8_t module_classes[] = {
    0x05, 0x00, 0x00, 0x00, 0x00,
};

static const uint8_t module_messages[] = {
    0x1B, 0x01, 0x00, 0x00, 0x03, 0x30, 0x00, 0x14, 0x00, 0x00, 0x00, 0x04,
    0x70, 0x00, 0x0C, 0x00, 0x00, 0x00, 0x10, 0x30, 0x00, 0x00, 0x00, 0x00,
    0x00, 0x00, 0x00, 0x03, 0x31, 0x00, 0x14, 0x00, 0x00, 0x00, 0x04, 0x70,
    0x00, 0x0C, 0x00, 0x00, 0x00, 0x10, 0x30, 0x00, 0x01, 0x00, 0x00, 0x00,
    0x00, 0x00, 0x03, 0x32, 0x00, 0x14, 0x00, 0x00, 0x00, 0x04, 0x70, 0x00,
    0x0C, 0x00, 0x00, 0x00, 0x10, 0x30, 0x00, 0x08, 0x00, 0x00, 0x00, 0x00,
    0x00, 0x03, 0x33, 0x00, 0x14, 0x00, 0x00, 0x00, 0x04, 0x70, 0x00, 0x0C,
    0x00, 0x00, 0x00, 0x10, 0x30, 0x00, 0x0F, 0x00, 0x00, 0x00, 0x00, 0x00,
    0x03, 0x34, 0x00, 0x14, 0x00, 0x00, 0x00, 0x04, 0x70, 0x00, 0x0C, 0x00,
    0x00, 0x00, 0x10, 0x30, 0x00, 0x10, 0x00, 0x00, 0x00, 0x00, 0x00, 0x03,
    0x35, 0x00, 0x14, 0x00, 0x00, 0x00, 0x04, 0x70, 0x00, 0x0C, 0x00, 0x00,
    0x00, 0x10, 0x30, 0x00, 0x11, 0x00, 0x00, 0x00, 0x00, 0x00, 0x03, 0x36,
    0x00, 0x14, 0x00, 0x00, 0x00, 0x04, 0x70, 0x00, 0x0C, 0x00, 0x00, 0x00,
    0x10, 0x30, 0x00, 0x13, 0x00, 0x00, 0x00, 0x00, 0x00, 0x03, 0x37, 0x00,
    0x14, 0x00, 0x00, 0x00, 0x04, 0x70, 0x00, 0x0C, 0x00, 0x00, 0x00, 0x10,
    0x30, 0x00, 0x15, 0x00, 0x00, 0x00, 0x00, 0x00, 0x03, 0x38, 0x00, 0x14,
    0x00, 0x00, 0x00, 0x04, 0x70, 0x00, 0x0C, 0x00, 0x00, 0x00, 0x10, 0x30,
    0x00, 0x16, 0x00, 0x00, 0x00, 0x00, 0x00, 0x03, 0x39, 0x00, 0x14, 0x00,
    0x00, 0x00, 0x04, 0x70, 0x00, 0x0C, 0x00, 0x00, 0x00, 0x10, 0x30, 0x00,
    0x1A, 0x00, 0x00, 0x00, 0x00, 0x00, 0x03, 0x31, 0x30, 0x00, 0x14, 0x00,
    0x00, 0x00, 0x04, 0x70, 0x00, 0x0C, 0x00, 0x00, 0x00, 0x10, 0x30, 0x00,
    0x2E, 0x00, 0x00, 0x00, 0x00, 0x00, 0x03, 0x31, 0x31, 0x00, 0x14, 0x00,
    0x00, 0x00, 0x04, 0x70, 0x00, 0x0C, 0x00, 0x00, 0x00, 0x10, 0x30, 0x00,
    0x30, 0x00, 0x00, 0x00, 0x00, 0x00, 0x00,
};

static const uint8_t module_exports[] = {
    0xCF, 0x01, 0x00, 0x00, 0x10, 0x77, 0x79, 0x72, 0x6D, 0x00, 0x00, 0x00,
    0x00, 0x00, 0x10, 0x5F, 0x74, 0x61, 0x69, 0x6C, 0x00, 0x01, 0x00, 0x00,
    0x00, 0x10, 0x5F, 0x66, 0x69, 0x65, 0x6C, 0x64, 0x00, 0x02, 0x00, 0x00,
    0x00, 0x10, 0x5F, 0x65, 0x6D, 0x69, 0x74, 0x5F, 0x70, 0x61, 0x63, 0x6B,
    0x00, 0x03, 0x00, 0x00, 0x00, 0x10, 0x5F, 0x65, 0x6D, 0x69, 0x74, 0x5F,
    0x70, 0x61, 0x69, 0x72, 0x61, 0x62, 0x6C, 0x65, 0x00, 0x04, 0x00, 0x00,
    0x00, 0x10, 0x5F, 0x6A, 0x6F, 0x69, 0x6E, 0x5F, 0x70, 0x61, 0x74, 0x68,
    0x00, 0x05, 0x00, 0x00, 0x00, 0x10, 0x5F, 0x70, 0x72, 0x65, 0x66, 0x69,
    0x78, 0x00, 0x06, 0x00, 0x00, 0x00, 0x10, 0x5F, 0x70, 0x61, 0x74, 0x68,
    0x5F, 0x70, 0x61, 0x72, 0x74, 0x73, 0x5F, 0x6F, 0x66, 0x00, 0x07, 0x00,
    0x00, 0x00, 0x10, 0x5F, 0x69, 0x6D, 0x70, 0x6F, 0x72, 0x74, 0x5F, 0x73,
    0x68, 0x61, 0x70, 0x65, 0x00, 0x08, 0x00, 0x00, 0x00, 0x10, 0x5F, 0x64,
    0x65, 0x63, 0x6C, 0x61, 0x72, 0x65, 0x5F, 0x6D, 0x6F, 0x64, 0x75, 0x6C,
    0x65, 0x5F, 0x6E, 0x61, 0x6D, 0x65, 0x73, 0x00, 0x09, 0x00, 0x00, 0x00,
    0x10, 0x5F, 0x63, 0x6F, 0x6C, 0x6C, 0x65, 0x63, 0x74, 0x5F, 0x64, 0x65,
    0x66, 0x69, 0x6E, 0x69, 0x74, 0x69, 0x6F, 0x6E, 0x73, 0x00, 0x0A, 0x00,
    0x00, 0x00, 0x10, 0x5F, 0x69, 0x6D, 0x70, 0x6F, 0x72, 0x74, 0x5F, 0x6D,
    0x6F, 0x64, 0x75, 0x6C, 0x65, 0x00, 0x0B, 0x00, 0x00, 0x00, 0x10, 0x5F,
    0x69, 0x6D, 0x70, 0x6F, 0x72, 0x74, 0x5F, 0x73, 0x74, 0x61, 0x72, 0x00,
    0x0C, 0x00, 0x00, 0x00, 0x10, 0x5F, 0x68, 0x6F, 0x69, 0x73, 0x74, 0x5F,
    0x69, 0x6D, 0x70, 0x6F, 0x72, 0x74, 0x73, 0x00, 0x0D, 0x00, 0x00, 0x00,
    0x10, 0x5F, 0x62, 0x69, 0x6E, 0x64, 0x5F, 0x69, 0x6D, 0x70, 0x6F, 0x72,
    0x74, 0x65, 0x64, 0x5F, 0x6E, 0x61, 0x6D, 0x65, 0x73, 0x00, 0x0E, 0x00,
    0x00, 0x00, 0x10, 0x5F, 0x70, 0x6C, 0x61, 0x69, 0x6E, 0x5F, 0x66, 0x6E,
    0x5F, 0x74, 0x6F, 0x70, 0x6C, 0x65, 0x76, 0x65, 0x6C, 0x00, 0x0F, 0x00,
    0x00, 0x00, 0x10, 0x5F, 0x66, 0x6E, 0x5F, 0x74, 0x6F, 0x70, 0x6C, 0x65,
    0x76, 0x65, 0x6C, 0x00, 0x10, 0x00, 0x00, 0x00, 0x10, 0x5F, 0x69, 0x6D,
    0x70, 0x6F, 0x72, 0x74, 0x5F, 0x74, 0x6F, 0x70, 0x6C, 0x65, 0x76, 0x65,
    0x6C, 0x00, 0x11, 0x00, 0x00, 0x00, 0x10, 0x5F, 0x63, 0x6C, 0x61, 0x73,
    0x73, 0x5F, 0x74, 0x6F, 0x70, 0x6C, 0x65, 0x76, 0x65, 0x6C, 0x00, 0x12,
    0x00, 0x00, 0x00, 0x10, 0x5F, 0x74, 0x65, 0x6D, 0x70, 0x6C, 0x61, 0x74,
    0x65, 0x5F, 0x74, 0x6F, 0x70, 0x6C, 0x65, 0x76, 0x65, 0x6C, 0x00, 0x13,
    0x00, 0x00, 0x00, 0x10, 0x5F, 0x66, 0x6C, 0x75, 0x73, 0x68, 0x5F, 0x73,
    0x74, 0x61, 0x74, 0x69, 0x63, 0x73, 0x00, 0x14, 0x00, 0x00, 0x00, 0x10,
    0x5F, 0x61, 0x73, 0x73, 0x65, 0x6D, 0x62, 0x6C, 0x65, 0x00, 0x15, 0x00,
    0x00, 0x00, 0x10, 0x5F, 0x68, 0x61, 0x73, 0x5F, 0x64, 0x65, 0x63, 0x6F,
    0x72, 0x61, 0x74, 0x65, 0x64, 0x00, 0x16, 0x00, 0x00, 0x00, 0x10, 0x63,
    0x6F, 0x6D, 0x70, 0x69, 0x6C, 0x65, 0x5F, 0x6D, 0x6F, 0x64, 0x75, 0x6C,
    0x65, 0x00, 0x17, 0x00, 0x00, 0x00, 0x00,
};

static const uint8_t module_free[] = {
    0x9D, 0x01, 0x00, 0x00, 0x10, 0x65, 0x72, 0x72, 0x6F, 0x72, 0x00, 0x18,
    0x00, 0x00, 0x00, 0x10, 0x63, 0x64, 0x72, 0x00, 0x19, 0x00, 0x00, 0x00,
    0x10, 0x63, 0x61, 0x72, 0x00, 0x1A, 0x00, 0x00, 0x00, 0x10, 0x70, 0x61,
    0x63, 0x6B, 0x00, 0x1B, 0x00, 0x00, 0x00, 0x10, 0x70, 0x61, 0x63, 0x6B,
    0x5F, 0x70, 0x61, 0x69, 0x72, 0x61, 0x62, 0x6C, 0x65, 0x00, 0x1C, 0x00,
    0x00, 0x00, 0x10, 0x6C, 0x65, 0x6E, 0x00, 0x1D, 0x00, 0x00, 0x00, 0x10,
    0x73, 0x74, 0x72, 0x00, 0x1E, 0x00, 0x00, 0x00, 0x10, 0x6E, 0x6F, 0x64,
    0x65, 0x5F, 0x6B, 0x69, 0x6E, 0x64, 0x00, 0x1F, 0x00, 0x00, 0x00, 0x10,
    0x6F, 0x77, 0x6E, 0x5F, 0x64, 0x65, 0x63, 0x6C, 0x61, 0x72, 0x65, 0x64,
    0x5F, 0x6E, 0x61, 0x6D, 0x65, 0x73, 0x00, 0x20, 0x00, 0x00, 0x00, 0x10,
    0x77, 0x61, 0x6C, 0x6B, 0x5F, 0x61, 0x6C, 0x6C, 0x5F, 0x62, 0x6F, 0x64,
    0x79, 0x00, 0x21, 0x00, 0x00, 0x00, 0x10, 0x4C, 0x00, 0x22, 0x00, 0x00,
    0x00, 0x10, 0x63, 0x6F, 0x6D, 0x70, 0x69, 0x6C, 0x65, 0x5F, 0x66, 0x75,
    0x6E, 0x63, 0x74, 0x69, 0x6F, 0x6E, 0x00, 0x23, 0x00, 0x00, 0x00, 0x10,
    0x63, 0x6F, 0x6D, 0x70, 0x69, 0x6C, 0x65, 0x5F, 0x64, 0x69, 0x73, 0x70,
    0x61, 0x74, 0x63, 0x68, 0x65, 0x64, 0x5F, 0x66, 0x6E, 0x5F, 0x74, 0x6F,
    0x70, 0x6C, 0x65, 0x76, 0x65, 0x6C, 0x00, 0x24, 0x00, 0x00, 0x00, 0x10,
    0x63, 0x6F, 0x6D, 0x70, 0x69, 0x6C, 0x65, 0x5F, 0x63, 0x6C, 0x61, 0x73,
    0x73, 0x5F, 0x74, 0x6F, 0x70, 0x6C, 0x65, 0x76, 0x65, 0x6C, 0x00, 0x25,
    0x00, 0x00, 0x00, 0x10, 0x63, 0x6F, 0x6D, 0x70, 0x69, 0x6C, 0x65, 0x5F,
    0x73, 0x74, 0x61, 0x74, 0x65, 0x6D, 0x65, 0x6E, 0x74, 0x00, 0x26, 0x00,
    0x00, 0x00, 0x10, 0x72, 0x65, 0x67, 0x69, 0x73, 0x74, 0x65, 0x72, 0x5F,
    0x74, 0x6F, 0x70, 0x6C, 0x65, 0x76, 0x65, 0x6C, 0x00, 0x27, 0x00, 0x00,
    0x00, 0x10, 0x63, 0x6F, 0x6D, 0x70, 0x69, 0x6C, 0x65, 0x5F, 0x65, 0x78,
    0x70, 0x72, 0x00, 0x28, 0x00, 0x00, 0x00, 0x10, 0x4D, 0x6F, 0x64, 0x75,
    0x6C, 0x65, 0x43, 0x6F, 0x6E, 0x74, 0x65, 0x78, 0x74, 0x00, 0x29, 0x00,
    0x00, 0x00, 0x10, 0x65, 0x78, 0x70, 0x61, 0x6E, 0x64, 0x5F, 0x70, 0x72,
    0x65, 0x64, 0x65, 0x66, 0x69, 0x6E, 0x65, 0x64, 0x5F, 0x64, 0x65, 0x63,
    0x6F, 0x72, 0x61, 0x74, 0x6F, 0x72, 0x73, 0x00, 0x2A, 0x00, 0x00, 0x00,
    0x10, 0x73, 0x75, 0x70, 0x70, 0x6F, 0x72, 0x74, 0x65, 0x64, 0x00, 0x2B,
    0x00, 0x00, 0x00, 0x10, 0x54, 0x4F, 0x50, 0x4C, 0x45, 0x56, 0x45, 0x4C,
    0x5F, 0x48, 0x41, 0x4E, 0x44, 0x4C, 0x45, 0x52, 0x53, 0x00, 0x2C, 0x00,
    0x00, 0x00, 0x10, 0x64, 0x69, 0x73, 0x70, 0x61, 0x74, 0x63, 0x68, 0x00,
    0x2D, 0x00, 0x00, 0x00, 0x10, 0x76, 0x65, 0x72, 0x69, 0x66, 0x79, 0x00,
    0x2E, 0x00, 0x00, 0x00, 0x00,
};

static const uint32_t module_code[] = {
    0x00000047,                /* 0000  import L0 <- static#0   ("wyrm") */
    0x00000043,                /* 0001  gset g0 <- L0   (wyrm) */
    0x00010047,                /* 0002  import L0 <- static#1   ("wyrm::opcodes") */
    0x000100B5, 0x00000000,    /* 0003  import_star static#1 except 0, 0 names   ("wyrm::opcodes") */
    0x00000047,                /* 0005  import L0 <- static#0   ("wyrm") */
    0x00000043,                /* 0006  gset g0 <- L0   (wyrm) */
    0x00020047,                /* 0007  import L0 <- static#2   ("wyrm::compiler") */
    0x00030047,                /* 0008  import L0 <- static#3   ("wyrm::compiler::context") */
    0x000300B5, 0x00000000,    /* 0009  import_star static#3 except 0, 0 names   ("wyrm::compiler::context") */
    0x00000047,                /* 000B  import L0 <- static#0   ("wyrm") */
    0x00000043,                /* 000C  gset g0 <- L0   (wyrm) */
    0x00020047,                /* 000D  import L0 <- static#2   ("wyrm::compiler") */
    0x00040047,                /* 000E  import L0 <- static#4   ("wyrm::compiler::analysis") */
    0x000400B5, 0x00000000,    /* 000F  import_star static#4 except 0, 0 names   ("wyrm::compiler::analysis") */
    0x00000047,                /* 0011  import L0 <- static#0   ("wyrm") */
    0x00000043,                /* 0012  gset g0 <- L0   (wyrm) */
    0x00020047,                /* 0013  import L0 <- static#2   ("wyrm::compiler") */
    0x00050047,                /* 0014  import L0 <- static#5   ("wyrm::compiler::expressions") */
    0x000500B5, 0x00000000,    /* 0015  import_star static#5 except 0, 0 names   ("wyrm::compiler::expressions") */
    0x00000047,                /* 0017  import L0 <- static#0   ("wyrm") */
    0x00000043,                /* 0018  gset g0 <- L0   (wyrm) */
    0x00020047,                /* 0019  import L0 <- static#2   ("wyrm::compiler") */
    0x00060047,                /* 001A  import L0 <- static#6   ("wyrm::compiler::statements") */
    0x000600B5, 0x00000000,    /* 001B  import_star static#6 except 0, 0 names   ("wyrm::compiler::statements") */
    0x00000047,                /* 001D  import L0 <- static#0   ("wyrm") */
    0x00000043,                /* 001E  gset g0 <- L0   (wyrm) */
    0x00020047,                /* 001F  import L0 <- static#2   ("wyrm::compiler") */
    0x00070047,                /* 0020  import L0 <- static#7   ("wyrm::compiler::functions") */
    0x000700B5, 0x00000000,    /* 0021  import_star static#7 except 0, 0 names   ("wyrm::compiler::functions") */
    0x00000047,                /* 0023  import L0 <- static#0   ("wyrm") */
    0x00000043,                /* 0024  gset g0 <- L0   (wyrm) */
    0x00020047,                /* 0025  import L0 <- static#2   ("wyrm::compiler") */
    0x00080047,                /* 0026  import L0 <- static#8   ("wyrm::compiler::classes") */
    0x000800B5, 0x00000000,    /* 0027  import_star static#8 except 0, 0 names   ("wyrm::compiler::classes") */
    0x00000047,                /* 0029  import L0 <- static#0   ("wyrm") */
    0x00000043,                /* 002A  gset g0 <- L0   (wyrm) */
    0x00020047,                /* 002B  import L0 <- static#2   ("wyrm::compiler") */
    0x00090047,                /* 002C  import L0 <- static#9   ("wyrm::compiler::handlers") */
    0x000900B5, 0x00000000,    /* 002D  import_star static#9 except 0, 0 names   ("wyrm::compiler::handlers") */
    0x00000047,                /* 002F  import L0 <- static#0   ("wyrm") */
    0x00000043,                /* 0030  gset g0 <- L0   (wyrm) */
    0x00020047,                /* 0031  import L0 <- static#2   ("wyrm::compiler") */
    0x000A0047,                /* 0032  import L0 <- static#10   ("wyrm::compiler::predefined") */
    0x000A00B5, 0x00000000,    /* 0033  import_star static#10 except 0, 0 names   ("wyrm::compiler::predefined") */
    0x00000047,                /* 0035  import L0 <- static#0   ("wyrm") */
    0x00000043,                /* 0036  gset g0 <- L0   (wyrm) */
    0x00020047,                /* 0037  import L0 <- static#2   ("wyrm::compiler") */
    0x000B0047,                /* 0038  import L0 <- static#11   ("wyrm::compiler::verify") */
    0x000B00B5, 0x00000000,    /* 0039  import_star static#11 except 0, 0 names   ("wyrm::compiler::verify") */
    0x000000A8, 0x00000000,    /* 003B  closure L0 <- fn#0, 0 caps */
    0x00010043,                /* 003D  gset g1 <- L0   (_tail) */
    0x000000A8, 0x00010000,    /* 003E  closure L0 <- fn#1, 0 caps */
    0x00020043,                /* 0040  gset g2 <- L0   (_field) */
    0x000000A8, 0x00020000,    /* 0041  closure L0 <- fn#2, 0 caps */
    0x00030043,                /* 0043  gset g3 <- L0   (_emit_pack) */
    0x000000A8, 0x00030000,    /* 0044  closure L0 <- fn#3, 0 caps */
    0x00040043,                /* 0046  gset g4 <- L0   (_emit_pairable) */
    0x000000A8, 0x00040000,    /* 0047  closure L0 <- fn#4, 0 caps */
    0x00050043,                /* 0049  gset g5 <- L0   (_join_path) */
    0x000000A8, 0x00050000,    /* 004A  closure L0 <- fn#5, 0 caps */
    0x00060043,                /* 004C  gset g6 <- L0   (_prefix) */
    0x000000A8, 0x00060000,    /* 004D  closure L0 <- fn#6, 0 caps */
    0x00070043,                /* 004F  gset g7 <- L0   (_path_parts_of) */
    0x000000A8, 0x00070000,    /* 0050  closure L0 <- fn#7, 0 caps */
    0x00080043,                /* 0052  gset g8 <- L0   (_import_shape) */
    0x000000A8, 0x00080000,    /* 0053  closure L0 <- fn#8, 0 caps */
    0x00090043,                /* 0055  gset g9 <- L0   (_declare_module_names) */
    0x000000A8, 0x00090000,    /* 0056  closure L0 <- fn#9, 0 caps */
    0x000A0043,                /* 0058  gset g10 <- L0   (_collect_definitions) */
    0x000000A8, 0x000A0000,    /* 0059  closure L0 <- fn#10, 0 caps */
    0x000B0043,                /* 005B  gset g11 <- L0   (_import_module) */
    0x000000A8, 0x000B0000,    /* 005C  closure L0 <- fn#11, 0 caps */
    0x000C0043,                /* 005E  gset g12 <- L0   (_import_star) */
    0x000000A8, 0x000C0000,    /* 005F  closure L0 <- fn#12, 0 caps */
    0x000D0043,                /* 0061  gset g13 <- L0   (_hoist_imports) */
    0x000000A8, 0x000D0000,    /* 0062  closure L0 <- fn#13, 0 caps */
    0x000E0043,                /* 0064  gset g14 <- L0   (_bind_imported_names) */
    0x000000A8, 0x000E0000,    /* 0065  closure L0 <- fn#14, 0 caps */
    0x000F0043,                /* 0067  gset g15 <- L0   (_plain_fn_toplevel) */
    0x000000A8, 0x000F0000,    /* 0068  closure L0 <- fn#15, 0 caps */
    0x00100043,                /* 006A  gset g16 <- L0   (_fn_toplevel) */
    0x000000A8, 0x00100000,    /* 006B  closure L0 <- fn#16, 0 caps */
    0x00110043,                /* 006D  gset g17 <- L0   (_import_toplevel) */
    0x000000A8, 0x00110000,    /* 006E  closure L0 <- fn#17, 0 caps */
    0x00120043,                /* 0070  gset g18 <- L0   (_class_toplevel) */
    0x000000A8, 0x00120000,    /* 0071  closure L0 <- fn#18, 0 caps */
    0x00130043,                /* 0073  gset g19 <- L0   (_template_toplevel) */
    0x00270042,                /* 0074  gget L0 <- g39   (register_toplevel) */
    0x00090145,                /* 0075  lsym L1 <- sym#9   ("class_def") */
    0x00020182, 0x00010000,    /* 0076  list L2 <- L1, 1 items */
    0x00010241,                /* 0078  move L1 <- L2 */
    0x00120242,                /* 0079  gget L2 <- g18   (_class_toplevel) */
    0x000002A0, 0x00010000,    /* 007A  call base=L0 argc=2 nres=1 */
    0x00270042,                /* 007C  gget L0 <- g39   (register_toplevel) */
    0x000A0145,                /* 007D  lsym L1 <- sym#10   ("fn_def") */
    0x000B0245,                /* 007E  lsym L2 <- sym#11   ("co_def") */
    0x00030282, 0x00010000,    /* 007F  list L3 <- L1, 2 items */
    0x00010341,                /* 0081  move L1 <- L3 */
    0x00100242,                /* 0082  gget L2 <- g16   (_fn_toplevel) */
    0x000002A0, 0x00010000,    /* 0083  call base=L0 argc=2 nres=1 */
    0x00270042,                /* 0085  gget L0 <- g39   (register_toplevel) */
    0x00060145,                /* 0086  lsym L1 <- sym#6   ("import") */
    0x00070245,                /* 0087  lsym L2 <- sym#7   ("import_static") */
    0x00030282, 0x00010000,    /* 0088  list L3 <- L1, 2 items */
    0x00010341,                /* 008A  move L1 <- L3 */
    0x00110242,                /* 008B  gget L2 <- g17   (_import_toplevel) */
    0x000002A0, 0x00010000,    /* 008C  call base=L0 argc=2 nres=1 */
    0x00270042,                /* 008E  gget L0 <- g39   (register_toplevel) */
    0x000C0145,                /* 008F  lsym L1 <- sym#12   ("template") */
    0x00020182, 0x00010000,    /* 0090  list L2 <- L1, 1 items */
    0x00010241,                /* 0092  move L1 <- L2 */
    0x00130242,                /* 0093  gget L2 <- g19   (_template_toplevel) */
    0x000002A0, 0x00010000,    /* 0094  call base=L0 argc=2 nres=1 */
    0x000000A8, 0x00130000,    /* 0096  closure L0 <- fn#19, 0 caps */
    0x00140043,                /* 0098  gset g20 <- L0   (_flush_statics) */
    0x000000A8, 0x00140000,    /* 0099  closure L0 <- fn#20, 0 caps */
    0x00150043,                /* 009B  gset g21 <- L0   (_assemble) */
    0x000000A8, 0x00150000,    /* 009C  closure L0 <- fn#21, 0 caps */
    0x00160043,                /* 009E  gset g22 <- L0   (_has_decorated) */
    0x000000A8, 0x00160000,    /* 009F  closure L0 <- fn#22, 0 caps */
    0x00170043,                /* 00A1  gset g23 <- L0   (compile_module) */
    0x00000002,                /* 00A2  return count=0 */
    0x00008041,                /* 00A3  move L0 <- P0 */
    0x00010040,                /* 00A4  i8 L1 <- 0 */
    0x00020091, 0x00018001,    /* 00A5  lt L2 <- L1 < P1 */
    0x0013024B,                /* 00A7  jf L2, +19 */
    0x000C0246,                /* 00A8  lconst L2 <- static#12   ("pair") */
    0x00030097, 0x00000002,    /* 00A9  is L3 <- L0 is L2 */
    0x0004034A,                /* 00AB  not L4 <- L3 */
    0x0005044B,                /* 00AC  jf L4, +5 */
    0x00180242,                /* 00AD  gget L2 <- g24   (error) */
    0x000D0346,                /* 00AE  lconst L3 <- static#13   ("index out of range") */
    0x000201A0, 0x00010000,    /* 00AF  call base=L2 argc=1 nres=1 */
    0x00020102,                /* 00B1  return L2 count=1 */
    0x00190242,                /* 00B2  gget L2 <- g25   (cdr) */
    0x00030041,                /* 00B3  move L3 <- L0 */
    0x000201A0, 0x00010000,    /* 00B4  call base=L2 argc=1 nres=1 */
    0x00000241,                /* 00B6  move L0 <- L2 */
    0x00020140,                /* 00B7  i8 L2 <- 1 */
    0x00010085, 0x00010002,    /* 00B8  add L1 <- L1 + L2 */
    0xFFEA004F,                /* 00BA  jmp -22 */
    0x00000102,                /* 00BB  return L0 count=1 */
    0x00010142,                /* 00BC  gget L1 <- g1   (_tail) */
    0x00028041,                /* 00BD  move L2 <- P0 */
    0x00038141,                /* 00BE  move L3 <- P1 */
    0x000102A0, 0x00010000,    /* 00BF  call base=L1 argc=2 nres=1 */
    0x00000141,                /* 00C1  move L0 <- L1 */
    0x000E0146,                /* 00C2  lconst L1 <- static#14   ("error") */
    0x00020097, 0x00000001,    /* 00C3  is L2 <- L0 is L1 */
    0x0001024B,                /* 00C5  jf L2, +1 */
    0x00000102,                /* 00C6  return L0 count=1 */
    0x001A0142,                /* 00C7  gget L1 <- g26   (car) */
    0x00020041,                /* 00C8  move L2 <- L0 */
    0x000101A0, 0x00010000,    /* 00C9  call base=L1 argc=1 nres=1 */
    0x00010102,                /* 00CB  return L1 count=1 */
    0x001B0142,                /* 00CC  gget L1 <- g27   (pack) */
    0x00048141,                /* 00CD  move L4 <- P1 */
    0x00050181, 0x00040000,    /* 00CE  tuple L5 <- L4, 1 items */
    0x00020541,                /* 00D0  move L2 <- L5 */
    0x00110446,                /* 00D1  lconst L4 <- static#17   ("f") */
    0x00058241,                /* 00D2  move L5 <- P2 */
    0x00120646,                /* 00D3  lconst L6 <- static#18   ("a0") */
    0x00078341,                /* 00D4  move L7 <- P3 */
    0x00130846,                /* 00D5  lconst L8 <- static#19   ("a1") */
    0x00098441,                /* 00D6  move L9 <- P4 */
    0x00140A46,                /* 00D7  lconst L10 <- static#20   ("a2") */
    0x000B8541,                /* 00D8  move L11 <- P5 */
    0x00150C46,                /* 00D9  lconst L12 <- static#21   ("w1") */
    0x000D8641,                /* 00DA  move L13 <- P6 */
    0x000E0583, 0x00040000,    /* 00DB  dict L14 <- L4, 5 pairs */
    0x00030E41,                /* 00DD  move L3 <- L14 */
    0x000100A1, 0x00010000,    /* 00DE  call_va base=L1 nres=1 */
    0x00000141,                /* 00E0  move L0 <- L1 */
    0x000E0146,                /* 00E1  lconst L1 <- static#14   ("error") */
    0x00020097, 0x00000001,    /* 00E2  is L2 <- L0 is L1 */
    0x0001024B,                /* 00E4  jf L2, +1 */
    0x00000102,                /* 00E5  return L0 count=1 */
    0x00018041,                /* 00E6  move L1 <- P0 */
    0x00020041,                /* 00E7  move L2 <- L0 */
    0x000101A2, 0x00000001,    /* 00E8  msg base=L1 argc=1 msg#0 nres=1   (emit_words) */
    0x00010003,                /* 00EA  lnil L1 */
    0x00010102,                /* 00EB  return L1 count=1 */
    0x001C0142,                /* 00EC  gget L1 <- g28   (pack_pairable) */
    0x00028141,                /* 00ED  move L2 <- P1 */
    0x00038241,                /* 00EE  move L3 <- P2 */
    0x00048341,                /* 00EF  move L4 <- P3 */
    0x000103A0, 0x00010000,    /* 00F0  call base=L1 argc=3 nres=1 */
    0x00000141,                /* 00F2  move L0 <- L1 */
    0x000E0146,                /* 00F3  lconst L1 <- static#14   ("error") */
    0x00020097, 0x00000001,    /* 00F4  is L2 <- L0 is L1 */
    0x0001024B,                /* 00F6  jf L2, +1 */
    0x00000102,                /* 00F7  return L0 count=1 */
    0x00018041,                /* 00F8  move L1 <- P0 */
    0x00020041,                /* 00F9  move L2 <- L0 */
    0x000101A2, 0x00000001,    /* 00FA  msg base=L1 argc=1 msg#0 nres=1   (emit_words) */
    0x00010003,                /* 00FC  lnil L1 */
    0x00010102,                /* 00FD  return L1 count=1 */
    0x00160046,                /* 00FE  lconst L0 <- static#22   ("") */
    0x00010040,                /* 00FF  i8 L1 <- 0 */
    0x001D0342,                /* 0100  gget L3 <- g29   (len) */
    0x00048041,                /* 0101  move L4 <- P0 */
    0x000301A0, 0x00010000,    /* 0102  call base=L3 argc=1 nres=1 */
    0x00020341,                /* 0104  move L2 <- L3 */
    0x00030091, 0x00010002,    /* 0105  lt L3 <- L1 < L2 */
    0x0012034B,                /* 0107  jf L3, +18 */
    0x00030040,                /* 0108  i8 L3 <- 0 */
    0x00040093, 0x00010003,    /* 0109  gt L4 <- L1 > L3 */
    0x0003044B,                /* 010B  jf L4, +3 */
    0x00170346,                /* 010C  lconst L3 <- static#23   ("::") */
    0x00000085, 0x00000003,    /* 010D  add L0 <- L0 + L3 */
    0x001E0342,                /* 010F  gget L3 <- g30   (str) */
    0x00040098, 0x80000001,    /* 0110  getidx L4 <- P0[L1] */
    0x000301A0, 0x00010000,    /* 0112  call base=L3 argc=1 nres=1 */
    0x00000085, 0x00000003,    /* 0114  add L0 <- L0 + L3 */
    0x00030140,                /* 0116  i8 L3 <- 1 */
    0x00010085, 0x00010003,    /* 0117  add L1 <- L1 + L3 */
    0xFFEB004F,                /* 0119  jmp -21 */
    0x00000102,                /* 011A  return L0 count=1 */
    0x00000082, 0x00020000,    /* 011B  list L0 <- L2, 0 items */
    0x00010040,                /* 011D  i8 L1 <- 0 */
    0x00020091, 0x00018001,    /* 011E  lt L2 <- L1 < P1 */
    0x0009024B,                /* 0120  jf L2, +9 */
    0x00020041,                /* 0121  move L2 <- L0 */
    0x00030098, 0x80000001,    /* 0122  getidx L3 <- P0[L1] */
    0x000201A2, 0x00010001,    /* 0124  msg base=L2 argc=1 msg#1 nres=1   (append) */
    0x00020140,                /* 0126  i8 L2 <- 1 */
    0x00010085, 0x00010002,    /* 0127  add L1 <- L1 + L2 */
    0xFFF4004F,                /* 0129  jmp -12 */
    0x00000102,                /* 012A  return L0 count=1 */
    0x00000082, 0x00020000,    /* 012B  list L0 <- L2, 0 items */
    0x00180246,                /* 012D  lconst L2 <- static#24   ("sym") */
    0x00030097, 0x80000002,    /* 012E  is L3 <- P0 is L2 */
    0x0008034B,                /* 0130  jf L3, +8 */
    0x00020041,                /* 0131  move L2 <- L0 */
    0x001E0342,                /* 0132  gget L3 <- g30   (str) */
    0x00048041,                /* 0133  move L4 <- P0 */
    0x000301A0, 0x00010000,    /* 0134  call base=L3 argc=1 nres=1 */
    0x000201A2, 0x00010001,    /* 0136  msg base=L2 argc=1 msg#1 nres=1   (append) */
    0x00000102,                /* 0138  return L0 count=1 */
    0x001F0242,                /* 0139  gget L2 <- g31   (node_kind) */
    0x00038041,                /* 013A  move L3 <- P0 */
    0x000201A0, 0x00010000,    /* 013B  call base=L2 argc=1 nres=1 */
    0x00020345,                /* 013D  lsym L3 <- sym#2   ("qualified_name") */
    0x0004008F, 0x00020003,    /* 013E  eq L4 <- L2 == L3 */
    0x001B044B,                /* 0140  jf L4, +27 */
    0x00010242,                /* 0141  gget L2 <- g1   (_tail) */
    0x00038041,                /* 0142  move L3 <- P0 */
    0x00040140,                /* 0143  i8 L4 <- 1 */
    0x000202A0, 0x00010000,    /* 0144  call base=L2 argc=2 nres=1 */
    0x00010241,                /* 0146  move L1 <- L2 */
    0x000C0246,                /* 0147  lconst L2 <- static#12   ("pair") */
    0x00030097, 0x00010002,    /* 0148  is L3 <- L1 is L2 */
    0x0010034B,                /* 014A  jf L3, +16 */
    0x00020041,                /* 014B  move L2 <- L0 */
    0x001E0342,                /* 014C  gget L3 <- g30   (str) */
    0x001A0442,                /* 014D  gget L4 <- g26   (car) */
    0x00050141,                /* 014E  move L5 <- L1 */
    0x000401A0, 0x00010000,    /* 014F  call base=L4 argc=1 nres=1 */
    0x000301A0, 0x00010000,    /* 0151  call base=L3 argc=1 nres=1 */
    0x000201A2, 0x00010001,    /* 0153  msg base=L2 argc=1 msg#1 nres=1   (append) */
    0x00190242,                /* 0155  gget L2 <- g25   (cdr) */
    0x00030141,                /* 0156  move L3 <- L1 */
    0x000201A0, 0x00010000,    /* 0157  call base=L2 argc=1 nres=1 */
    0x00010241,                /* 0159  move L1 <- L2 */
    0xFFEC004F,                /* 015A  jmp -20 */
    0x00000102,                /* 015B  return L0 count=1 */
    0x00180242,                /* 015C  gget L2 <- g24   (error) */
    0x00190346,                /* 015D  lconst L3 <- static#25   ("an import path is a name or a qualified name") */
    0x000201A0, 0x00010000,    /* 015E  call base=L2 argc=1 nres=1 */
    0x00020102,                /* 0160  return L2 count=1 */
    0x00020D42,                /* 0161  gget L13 <- g2   (_field) */
    0x000E8041,                /* 0162  move L14 <- P0 */
    0x000F0140,                /* 0163  i8 L15 <- 1 */
    0x000D02A0, 0x00010000,    /* 0164  call base=L13 argc=2 nres=1 */
    0x00000D41,                /* 0166  move L0 <- L13 */
    0x0001004E,                /* 0167  jnerr L0, +1 */
    0x00000003,                /* 0168  lnil L0 */
    0x001A0D46,                /* 0169  lconst L13 <- static#26   ("nil") */
    0x000E0097, 0x0000000D,    /* 016A  is L14 <- L0 is L13 */
    0x00050E4B,                /* 016C  jf L14, +5 */
    0x00180D42,                /* 016D  gget L13 <- g24   (error) */
    0x001B0E46,                /* 016E  lconst L14 <- static#27   ("an import needs a body") */
    0x000D01A0, 0x00010000,    /* 016F  call base=L13 argc=1 nres=1 */
    0x000D0102,                /* 0171  return L13 count=1 */
    0x001A0D42,                /* 0172  gget L13 <- g26   (car) */
    0x000E0041,                /* 0173  move L14 <- L0 */
    0x000D01A0, 0x00010000,    /* 0174  call base=L13 argc=1 nres=1 */
    0x00010D41,                /* 0176  move L1 <- L13 */
    0x00180D46,                /* 0177  lconst L13 <- static#24   ("sym") */
    0x000E0097, 0x0001000D,    /* 0178  is L14 <- L1 is L13 */
    0x000E0E4B,                /* 017A  jf L14, +14 */
    0x001E0D42,                /* 017B  gget L13 <- g30   (str) */
    0x000E0141,                /* 017C  move L14 <- L1 */
    0x000D01A0, 0x00010000,    /* 017D  call base=L13 argc=1 nres=1 */
    0x000E0182, 0x000D0000,    /* 017F  list L14 <- L13, 1 items */
    0x000D0E41,                /* 0181  move L13 <- L14 */
    0x000E0003,                /* 0182  lnil L14 */
    0x000F0003,                /* 0183  lnil L15 */
    0x00100004,                /* 0184  lbool L16 <- 0 */
    0x00110003,                /* 0185  lnil L17 */
    0x00120582, 0x000D0000,    /* 0186  list L18 <- L13, 5 items */
    0x00120102,                /* 0188  return L18 count=1 */
    0x001F0D42,                /* 0189  gget L13 <- g31   (node_kind) */
    0x000E0141,                /* 018A  move L14 <- L1 */
    0x000D01A0, 0x00010000,    /* 018B  call base=L13 argc=1 nres=1 */
    0x00020D41,                /* 018D  move L2 <- L13 */
    0x00020D45,                /* 018E  lsym L13 <- sym#2   ("qualified_name") */
    0x000E008F, 0x0002000D,    /* 018F  eq L14 <- L2 == L13 */
    0x00120E4B,                /* 0191  jf L14, +18 */
    0x00070D42,                /* 0192  gget L13 <- g7   (_path_parts_of) */
    0x000E0141,                /* 0193  move L14 <- L1 */
    0x000D01A0, 0x00010000,    /* 0194  call base=L13 argc=1 nres=1 */
    0x00030D41,                /* 0196  move L3 <- L13 */
    0x000E0D46,                /* 0197  lconst L13 <- static#14   ("error") */
    0x000E0097, 0x0003000D,    /* 0198  is L14 <- L3 is L13 */
    0x00010E4B,                /* 019A  jf L14, +1 */
    0x00030102,                /* 019B  return L3 count=1 */
    0x000D0341,                /* 019C  move L13 <- L3 */
    0x000E0003,                /* 019D  lnil L14 */
    0x000F0003,                /* 019E  lnil L15 */
    0x00100004,                /* 019F  lbool L16 <- 0 */
    0x00110003,                /* 01A0  lnil L17 */
    0x00120582, 0x000D0000,    /* 01A1  list L18 <- L13, 5 items */
    0x00120102,                /* 01A3  return L18 count=1 */
    0x00030D45,                /* 01A4  lsym L13 <- sym#3   ("import_as") */
    0x000E008F, 0x0002000D,    /* 01A5  eq L14 <- L2 == L13 */
    0x00230E4B,                /* 01A7  jf L14, +35 */
    0x00070D42,                /* 01A8  gget L13 <- g7   (_path_parts_of) */
    0x00020F42,                /* 01A9  gget L15 <- g2   (_field) */
    0x00100141,                /* 01AA  move L16 <- L1 */
    0x00110140,                /* 01AB  i8 L17 <- 1 */
    0x000F02A0, 0x00010000,    /* 01AC  call base=L15 argc=2 nres=1 */
    0x000E0F41,                /* 01AE  move L14 <- L15 */
    0x00010E4E,                /* 01AF  jnerr L14, +1 */
    0x000E0003,                /* 01B0  lnil L14 */
    0x000D01A0, 0x00010000,    /* 01B1  call base=L13 argc=1 nres=1 */
    0x00040D41,                /* 01B3  move L4 <- L13 */
    0x000E0D46,                /* 01B4  lconst L13 <- static#14   ("error") */
    0x000E0097, 0x0004000D,    /* 01B5  is L14 <- L4 is L13 */
    0x00010E4B,                /* 01B7  jf L14, +1 */
    0x00040102,                /* 01B8  return L4 count=1 */
    0x000D0441,                /* 01B9  move L13 <- L4 */
    0x001E0E42,                /* 01BA  gget L14 <- g30   (str) */
    0x00021042,                /* 01BB  gget L16 <- g2   (_field) */
    0x00110141,                /* 01BC  move L17 <- L1 */
    0x00120240,                /* 01BD  i8 L18 <- 2 */
    0x001002A0, 0x00010000,    /* 01BE  call base=L16 argc=2 nres=1 */
    0x000F1041,                /* 01C0  move L15 <- L16 */
    0x00010F4E,                /* 01C1  jnerr L15, +1 */
    0x000F0003,                /* 01C2  lnil L15 */
    0x000E01A0, 0x00010000,    /* 01C3  call base=L14 argc=1 nres=1 */
    0x000F0003,                /* 01C5  lnil L15 */
    0x00100004,                /* 01C6  lbool L16 <- 0 */
    0x00110003,                /* 01C7  lnil L17 */
    0x00120582, 0x000D0000,    /* 01C8  list L18 <- L13, 5 items */
    0x00120102,                /* 01CA  return L18 count=1 */
    0x00040D45,                /* 01CB  lsym L13 <- sym#4   ("import_items") */
    0x000E008F, 0x0002000D,    /* 01CC  eq L14 <- L2 == L13 */
    0x00630E4B,                /* 01CE  jf L14, +99 */
    0x00070D42,                /* 01CF  gget L13 <- g7   (_path_parts_of) */
    0x00020F42,                /* 01D0  gget L15 <- g2   (_field) */
    0x00100141,                /* 01D1  move L16 <- L1 */
    0x00110140,                /* 01D2  i8 L17 <- 1 */
    0x000F02A0, 0x00010000,    /* 01D3  call base=L15 argc=2 nres=1 */
    0x000E0F41,                /* 01D5  move L14 <- L15 */
    0x00010E4E,                /* 01D6  jnerr L14, +1 */
    0x000E0003,                /* 01D7  lnil L14 */
    0x000D01A0, 0x00010000,    /* 01D8  call base=L13 argc=1 nres=1 */
    0x00050D41,                /* 01DA  move L5 <- L13 */
    0x000E0D46,                /* 01DB  lconst L13 <- static#14   ("error") */
    0x000E0097, 0x0005000D,    /* 01DC  is L14 <- L5 is L13 */
    0x00010E4B,                /* 01DE  jf L14, +1 */
    0x00050102,                /* 01DF  return L5 count=1 */
    0x00060082, 0x000D0000,    /* 01E0  list L6 <- L13, 0 items */
    0x00020D42,                /* 01E2  gget L13 <- g2   (_field) */
    0x000E0141,                /* 01E3  move L14 <- L1 */
    0x000F0240,                /* 01E4  i8 L15 <- 2 */
    0x000D02A0, 0x00010000,    /* 01E5  call base=L13 argc=2 nres=1 */
    0x00070D41,                /* 01E7  move L7 <- L13 */
    0x0001074E,                /* 01E8  jnerr L7, +1 */
    0x00070003,                /* 01E9  lnil L7 */
    0x000C0D46,                /* 01EA  lconst L13 <- static#12   ("pair") */
    0x000E0097, 0x0007000D,    /* 01EB  is L14 <- L7 is L13 */
    0x003C0E4B,                /* 01ED  jf L14, +60 */
    0x001A0D42,                /* 01EE  gget L13 <- g26   (car) */
    0x000E0741,                /* 01EF  move L14 <- L7 */
    0x000D01A0, 0x00010000,    /* 01F0  call base=L13 argc=1 nres=1 */
    0x00080D41,                /* 01F2  move L8 <- L13 */
    0x00020D42,                /* 01F3  gget L13 <- g2   (_field) */
    0x000E0841,                /* 01F4  move L14 <- L8 */
    0x000F0140,                /* 01F5  i8 L15 <- 1 */
    0x000D02A0, 0x00010000,    /* 01F6  call base=L13 argc=2 nres=1 */
    0x00090D41,                /* 01F8  move L9 <- L13 */
    0x0001094E,                /* 01F9  jnerr L9, +1 */
    0x00090003,                /* 01FA  lnil L9 */
    0x00020D42,                /* 01FB  gget L13 <- g2   (_field) */
    0x000E0841,                /* 01FC  move L14 <- L8 */
    0x000F0240,                /* 01FD  i8 L15 <- 2 */
    0x000D02A0, 0x00010000,    /* 01FE  call base=L13 argc=2 nres=1 */
    0x000A0D41,                /* 0200  move L10 <- L13 */
    0x00010A4E,                /* 0201  jnerr L10, +1 */
    0x000A0003,                /* 0202  lnil L10 */
    0x001A0D46,                /* 0203  lconst L13 <- static#26   ("nil") */
    0x000E0097, 0x000A000D,    /* 0204  is L14 <- L10 is L13 */
    0x000F0E4B,                /* 0206  jf L14, +15 */
    0x000D0641,                /* 0207  move L13 <- L6 */
    0x001E0E42,                /* 0208  gget L14 <- g30   (str) */
    0x000F0941,                /* 0209  move L15 <- L9 */
    0x000E01A0, 0x00010000,    /* 020A  call base=L14 argc=1 nres=1 */
    0x001E0F42,                /* 020C  gget L15 <- g30   (str) */
    0x00100941,                /* 020D  move L16 <- L9 */
    0x000F01A0, 0x00010000,    /* 020E  call base=L15 argc=1 nres=1 */
    0x00100282, 0x000E0000,    /* 0210  list L16 <- L14, 2 items */
    0x000E1041,                /* 0212  move L14 <- L16 */
    0x000D01A2, 0x00010001,    /* 0213  msg base=L13 argc=1 msg#1 nres=1   (append) */
    0x000E004F,                /* 0215  jmp +14 */
    0x000D0641,                /* 0216  move L13 <- L6 */
    0x001E0E42,                /* 0217  gget L14 <- g30   (str) */
    0x000F0941,                /* 0218  move L15 <- L9 */
    0x000E01A0, 0x00010000,    /* 0219  call base=L14 argc=1 nres=1 */
    0x001E0F42,                /* 021B  gget L15 <- g30   (str) */
    0x00100A41,                /* 021C  move L16 <- L10 */
    0x000F01A0, 0x00010000,    /* 021D  call base=L15 argc=1 nres=1 */
    0x00100282, 0x000E0000,    /* 021F  list L16 <- L14, 2 items */
    0x000E1041,                /* 0221  move L14 <- L16 */
    0x000D01A2, 0x00010001,    /* 0222  msg base=L13 argc=1 msg#1 nres=1   (append) */
    0x00190D42,                /* 0224  gget L13 <- g25   (cdr) */
    0x000E0741,                /* 0225  move L14 <- L7 */
    0x000D01A0, 0x00010000,    /* 0226  call base=L13 argc=1 nres=1 */
    0x00070D41,                /* 0228  move L7 <- L13 */
    0xFFC0004F,                /* 0229  jmp -64 */
    0x000D0541,                /* 022A  move L13 <- L5 */
    0x000E0003,                /* 022B  lnil L14 */
    0x000F0641,                /* 022C  move L15 <- L6 */
    0x00100004,                /* 022D  lbool L16 <- 0 */
    0x00110003,                /* 022E  lnil L17 */
    0x00120582, 0x000D0000,    /* 022F  list L18 <- L13, 5 items */
    0x00120102,                /* 0231  return L18 count=1 */
    0x00050D45,                /* 0232  lsym L13 <- sym#5   ("import_all") */
    0x000E008F, 0x0002000D,    /* 0233  eq L14 <- L2 == L13 */
    0x00210E4B,                /* 0235  jf L14, +33 */
    0x00070D42,                /* 0236  gget L13 <- g7   (_path_parts_of) */
    0x00020F42,                /* 0237  gget L15 <- g2   (_field) */
    0x00100141,                /* 0238  move L16 <- L1 */
    0x00110140,                /* 0239  i8 L17 <- 1 */
    0x000F02A0, 0x00010000,    /* 023A  call base=L15 argc=2 nres=1 */
    0x000E0F41,                /* 023C  move L14 <- L15 */
    0x00010E4E,                /* 023D  jnerr L14, +1 */
    0x000E0003,                /* 023E  lnil L14 */
    0x000D01A0, 0x00010000,    /* 023F  call base=L13 argc=1 nres=1 */
    0x000B0D41,                /* 0241  move L11 <- L13 */
    0x000E0D46,                /* 0242  lconst L13 <- static#14   ("error") */
    0x000E0097, 0x000B000D,    /* 0243  is L14 <- L11 is L13 */
    0x00010E4B,                /* 0245  jf L14, +1 */
    0x000B0102,                /* 0246  return L11 count=1 */
    0x00020D42,                /* 0247  gget L13 <- g2   (_field) */
    0x000E0141,                /* 0248  move L14 <- L1 */
    0x000F0240,                /* 0249  i8 L15 <- 2 */
    0x000D02A0, 0x00010000,    /* 024A  call base=L13 argc=2 nres=1 */
    0x000C0D41,                /* 024C  move L12 <- L13 */
    0x00010C4E,                /* 024D  jnerr L12, +1 */
    0x000C0003,                /* 024E  lnil L12 */
    0x000D0B41,                /* 024F  move L13 <- L11 */
    0x000E0003,                /* 0250  lnil L14 */
    0x000F0003,                /* 0251  lnil L15 */
    0x00100104,                /* 0252  lbool L16 <- 1 */
    0x00110C41,                /* 0253  move L17 <- L12 */
    0x00120582, 0x000D0000,    /* 0254  list L18 <- L13, 5 items */
    0x00120102,                /* 0256  return L18 count=1 */
    0x00180D42,                /* 0257  gget L13 <- g24   (error) */
    0x001C0E46,                /* 0258  lconst L14 <- static#28   ("an import body is a qualified name, import_as, import_items or import_all") */
    0x000D01A0, 0x00010000,    /* 0259  call base=L13 argc=1 nres=1 */
    0x000D0102,                /* 025B  return L13 count=1 */
    0x001700AE, 0x80000000,    /* 025C  iter L23 <- P0 */
    0x000000AF, 0x001700D8,    /* 025E  itnext L0 <- L23, done +216 */
    0x001F1842,                /* 0260  gget L24 <- g31   (node_kind) */
    0x00190041,                /* 0261  move L25 <- L0 */
    0x001801A0, 0x00010000,    /* 0262  call base=L24 argc=1 nres=1 */
    0x00011841,                /* 0264  move L1 <- L24 */
    0x00061945,                /* 0265  lsym L25 <- sym#6   ("import") */
    0x0018008F, 0x00010019,    /* 0266  eq L24 <- L1 == L25 */
    0x0003184C,                /* 0268  jt L24, +3 */
    0x00071945,                /* 0269  lsym L25 <- sym#7   ("import_static") */
    0x0018008F, 0x00010019,    /* 026A  eq L24 <- L1 == L25 */
    0x0057184B,                /* 026C  jf L24, +87 */
    0x00081842,                /* 026D  gget L24 <- g8   (_import_shape) */
    0x00190041,                /* 026E  move L25 <- L0 */
    0x001801A0, 0x00010000,    /* 026F  call base=L24 argc=1 nres=1 */
    0x00051841,                /* 0271  move L5 <- L24 */
    0x000E1846,                /* 0272  lconst L24 <- static#14   ("error") */
    0x00190097, 0x00050018,    /* 0273  is L25 <- L5 is L24 */
    0x0001194B,                /* 0275  jf L25, +1 */
    0x00050102,                /* 0276  return L5 count=1 */
    0x00180040,                /* 0277  i8 L24 <- 0 */
    0x00060098, 0x00050018,    /* 0278  getidx L6 <- L5[L24] */
    0x00188141,                /* 027A  move L24 <- P1 */
    0x00190040,                /* 027B  i8 L25 <- 0 */
    0x001A0098, 0x00060019,    /* 027C  getidx L26 <- L6[L25] */
    0x00191A41,                /* 027E  move L25 <- L26 */
    0x001801A2, 0x00020001,    /* 027F  msg base=L24 argc=1 msg#2 nres=1   (declare_global) */
    0x00071841,                /* 0281  move L7 <- L24 */
    0x000E1846,                /* 0282  lconst L24 <- static#14   ("error") */
    0x00190097, 0x00070018,    /* 0283  is L25 <- L7 is L24 */
    0x0001194B,                /* 0285  jf L25, +1 */
    0x00070102,                /* 0286  return L7 count=1 */
    0x00180340,                /* 0287  i8 L24 <- 3 */
    0x00190098, 0x00050018,    /* 0288  getidx L25 <- L5[L24] */
    0x001A194A,                /* 028A  not L26 <- L25 */
    0x00371A4B,                /* 028B  jf L26, +55 */
    0x00180140,                /* 028C  i8 L24 <- 1 */
    0x00080098, 0x00050018,    /* 028D  getidx L8 <- L5[L24] */
    0x001A1846,                /* 028F  lconst L24 <- static#26   ("nil") */
    0x00190097, 0x00080018,    /* 0290  is L25 <- L8 is L24 */
    0x0009194B,                /* 0292  jf L25, +9 */
    0x001D1842,                /* 0293  gget L24 <- g29   (len) */
    0x00190641,                /* 0294  move L25 <- L6 */
    0x001801A0, 0x00010000,    /* 0295  call base=L24 argc=1 nres=1 */
    0x00190140,                /* 0297  i8 L25 <- 1 */
    0x001A0086, 0x00180019,    /* 0298  sub L26 <- L24 - L25 */
    0x00080098, 0x0006001A,    /* 029A  getidx L8 <- L6[L26] */
    0x00188141,                /* 029C  move L24 <- P1 */
    0x00190841,                /* 029D  move L25 <- L8 */
    0x001801A2, 0x00020001,    /* 029E  msg base=L24 argc=1 msg#2 nres=1   (declare_global) */
    0x00091841,                /* 02A0  move L9 <- L24 */
    0x000E1846,                /* 02A1  lconst L24 <- static#14   ("error") */
    0x00190097, 0x00090018,    /* 02A2  is L25 <- L9 is L24 */
    0x0001194B,                /* 02A4  jf L25, +1 */
    0x00090102,                /* 02A5  return L9 count=1 */
    0x00180240,                /* 02A6  i8 L24 <- 2 */
    0x00190098, 0x00050018,    /* 02A7  getidx L25 <- L5[L24] */
    0x001A1A46,                /* 02A9  lconst L26 <- static#26   ("nil") */
    0x001B0097, 0x0019001A,    /* 02AA  is L27 <- L25 is L26 */
    0x001C1B4A,                /* 02AC  not L28 <- L27 */
    0x00151C4B,                /* 02AD  jf L28, +21 */
    0x00180240,                /* 02AE  i8 L24 <- 2 */
    0x00190098, 0x00050018,    /* 02AF  getidx L25 <- L5[L24] */
    0x001A00AE, 0x00190000,    /* 02B1  iter L26 <- L25 */
    0x000A00AF, 0x001A000E,    /* 02B3  itnext L10 <- L26, done +14 */
    0x001B8141,                /* 02B5  move L27 <- P1 */
    0x001C0140,                /* 02B6  i8 L28 <- 1 */
    0x001D0098, 0x000A001C,    /* 02B7  getidx L29 <- L10[L28] */
    0x001C1D41,                /* 02B9  move L28 <- L29 */
    0x001B01A2, 0x00020001,    /* 02BA  msg base=L27 argc=1 msg#2 nres=1   (declare_global) */
    0x000B1B41,                /* 02BC  move L11 <- L27 */
    0x000E1B46,                /* 02BD  lconst L27 <- static#14   ("error") */
    0x001C0097, 0x000B001B,    /* 02BE  is L28 <- L11 is L27 */
    0x00011C4B,                /* 02C0  jf L28, +1 */
    0x000B0102,                /* 02C1  return L11 count=1 */
    0xFFF0004F,                /* 02C2  jmp -16 */
    0x0073004F,                /* 02C3  jmp +115 */
    0x00091845,                /* 02C4  lsym L24 <- sym#9   ("class_def") */
    0x0019008F, 0x00010018,    /* 02C5  eq L25 <- L1 == L24 */
    0x0012194B,                /* 02C7  jf L25, +18 */
    0x00188141,                /* 02C8  move L24 <- P1 */
    0x00021A42,                /* 02C9  gget L26 <- g2   (_field) */
    0x001B0041,                /* 02CA  move L27 <- L0 */
    0x001C0140,                /* 02CB  i8 L28 <- 1 */
    0x001A02A0, 0x00010000,    /* 02CC  call base=L26 argc=2 nres=1 */
    0x00191A41,                /* 02CE  move L25 <- L26 */
    0x0001194E,                /* 02CF  jnerr L25, +1 */
    0x00190003,                /* 02D0  lnil L25 */
    0x001801A2, 0x00020001,    /* 02D1  msg base=L24 argc=1 msg#2 nres=1   (declare_global) */
    0x000C1841,                /* 02D3  move L12 <- L24 */
    0x000E1846,                /* 02D4  lconst L24 <- static#14   ("error") */
    0x00190097, 0x000C0018,    /* 02D5  is L25 <- L12 is L24 */
    0x0001194B,                /* 02D7  jf L25, +1 */
    0x000C0102,                /* 02D8  return L12 count=1 */
    0x005D004F,                /* 02D9  jmp +93 */
    0x000A1945,                /* 02DA  lsym L25 <- sym#10   ("fn_def") */
    0x0018008F, 0x00010019,    /* 02DB  eq L24 <- L1 == L25 */
    0x0003184C,                /* 02DD  jt L24, +3 */
    0x000B1945,                /* 02DE  lsym L25 <- sym#11   ("co_def") */
    0x0018008F, 0x00010019,    /* 02DF  eq L24 <- L1 == L25 */
    0x001E184B,                /* 02E1  jf L24, +30 */
    0x00021942,                /* 02E2  gget L25 <- g2   (_field) */
    0x001A0041,                /* 02E3  move L26 <- L0 */
    0x001B0240,                /* 02E4  i8 L27 <- 2 */
    0x001902A0, 0x00010000,    /* 02E5  call base=L25 argc=2 nres=1 */
    0x00181941,                /* 02E7  move L24 <- L25 */
    0x0001184E,                /* 02E8  jnerr L24, +1 */
    0x00180003,                /* 02E9  lnil L24 */
    0x001A1946,                /* 02EA  lconst L25 <- static#26   ("nil") */
    0x001A0097, 0x00180019,    /* 02EB  is L26 <- L24 is L25 */
    0x00111A4B,                /* 02ED  jf L26, +17 */
    0x00188141,                /* 02EE  move L24 <- P1 */
    0x00021A42,                /* 02EF  gget L26 <- g2   (_field) */
    0x001B0041,                /* 02F0  move L27 <- L0 */
    0x001C0140,                /* 02F1  i8 L28 <- 1 */
    0x001A02A0, 0x00010000,    /* 02F2  call base=L26 argc=2 nres=1 */
    0x00191A41,                /* 02F4  move L25 <- L26 */
    0x0001194E,                /* 02F5  jnerr L25, +1 */
    0x00190003,                /* 02F6  lnil L25 */
    0x001801A2, 0x00020001,    /* 02F7  msg base=L24 argc=1 msg#2 nres=1   (declare_global) */
    0x000D1841,                /* 02F9  move L13 <- L24 */
    0x000E1846,                /* 02FA  lconst L24 <- static#14   ("error") */
    0x00190097, 0x000D0018,    /* 02FB  is L25 <- L13 is L24 */
    0x0001194B,                /* 02FD  jf L25, +1 */
    0x000D0102,                /* 02FE  return L13 count=1 */
    0x0037004F,                /* 02FF  jmp +55 */
    0x000C1845,                /* 0300  lsym L24 <- sym#12   ("template") */
    0x0019008F, 0x00010018,    /* 0301  eq L25 <- L1 == L24 */
    0x0033194B,                /* 0303  jf L25, +51 */
    0x00021842,                /* 0304  gget L24 <- g2   (_field) */
    0x00190041,                /* 0305  move L25 <- L0 */
    0x001A0140,                /* 0306  i8 L26 <- 1 */
    0x001802A0, 0x00010000,    /* 0307  call base=L24 argc=2 nres=1 */
    0x000E1841,                /* 0309  move L14 <- L24 */
    0x00010E4E,                /* 030A  jnerr L14, +1 */
    0x000E0003,                /* 030B  lnil L14 */
    0x001F1842,                /* 030C  gget L24 <- g31   (node_kind) */
    0x00190E41,                /* 030D  move L25 <- L14 */
    0x001801A0, 0x00010000,    /* 030E  call base=L24 argc=1 nres=1 */
    0x000F1841,                /* 0310  move L15 <- L24 */
    0x000A1945,                /* 0311  lsym L25 <- sym#10   ("fn_def") */
    0x0018008F, 0x000F0019,    /* 0312  eq L24 <- L15 == L25 */
    0x0003184C,                /* 0314  jt L24, +3 */
    0x000B1945,                /* 0315  lsym L25 <- sym#11   ("co_def") */
    0x0018008F, 0x000F0019,    /* 0316  eq L24 <- L15 == L25 */
    0x001E184B,                /* 0318  jf L24, +30 */
    0x00021942,                /* 0319  gget L25 <- g2   (_field) */
    0x001A0E41,                /* 031A  move L26 <- L14 */
    0x001B0240,                /* 031B  i8 L27 <- 2 */
    0x001902A0, 0x00010000,    /* 031C  call base=L25 argc=2 nres=1 */
    0x00181941,                /* 031E  move L24 <- L25 */
    0x0001184E,                /* 031F  jnerr L24, +1 */
    0x00180003,                /* 0320  lnil L24 */
    0x001A1946,                /* 0321  lconst L25 <- static#26   ("nil") */
    0x001A0097, 0x00180019,    /* 0322  is L26 <- L24 is L25 */
    0x00121A4B,                /* 0324  jf L26, +18 */
    0x00021842,                /* 0325  gget L24 <- g2   (_field) */
    0x00190E41,                /* 0326  move L25 <- L14 */
    0x001A0140,                /* 0327  i8 L26 <- 1 */
    0x001802A0, 0x00010000,    /* 0328  call base=L24 argc=2 nres=1 */
    0x00101841,                /* 032A  move L16 <- L24 */
    0x0001104E,                /* 032B  jnerr L16, +1 */
    0x00100003,                /* 032C  lnil L16 */
    0x00188141,                /* 032D  move L24 <- P1 */
    0x00191041,                /* 032E  move L25 <- L16 */
    0x001801A2, 0x00020001,    /* 032F  msg base=L24 argc=1 msg#2 nres=1   (declare_global) */
    0x00111841,                /* 0331  move L17 <- L24 */
    0x000E1846,                /* 0332  lconst L24 <- static#14   ("error") */
    0x00190097, 0x00110018,    /* 0333  is L25 <- L17 is L24 */
    0x0001194B,                /* 0335  jf L25, +1 */
    0x00110102,                /* 0336  return L17 count=1 */
    0xFF26004F,                /* 0337  jmp -218 */
    0x00201742,                /* 0338  gget L23 <- g32   (own_declared_names) */
    0x00188041,                /* 0339  move L24 <- P0 */
    0x001701A0, 0x00010000,    /* 033A  call base=L23 argc=1 nres=1 */
    0x001800AE, 0x00170000,    /* 033C  iter L24 <- L23 */
    0x001500AF, 0x0018000B,    /* 033E  itnext L21 <- L24, done +11 */
    0x00198141,                /* 0340  move L25 <- P1 */
    0x001A1541,                /* 0341  move L26 <- L21 */
    0x001901A2, 0x00020001,    /* 0342  msg base=L25 argc=1 msg#2 nres=1   (declare_global) */
    0x00161941,                /* 0344  move L22 <- L25 */
    0x000E1946,                /* 0345  lconst L25 <- static#14   ("error") */
    0x001A0097, 0x00160019,    /* 0346  is L26 <- L22 is L25 */
    0x00011A4B,                /* 0348  jf L26, +1 */
    0x00160102,                /* 0349  return L22 count=1 */
    0xFFF3004F,                /* 034A  jmp -13 */
    0x00170003,                /* 034B  lnil L23 */
    0x00170102,                /* 034C  return L23 count=1 */
    0x00210442,                /* 034D  gget L4 <- g33   (walk_all_body) */
    0x00058041,                /* 034E  move L5 <- P0 */
    0x000401A0, 0x00010000,    /* 034F  call base=L4 argc=1 nres=1 */
    0x000500AE, 0x00040000,    /* 0351  iter L5 <- L4 */
    0x000000AF, 0x00050040,    /* 0353  itnext L0 <- L5, done +64 */
    0x001F0642,                /* 0355  gget L6 <- g31   (node_kind) */
    0x00070041,                /* 0356  move L7 <- L0 */
    0x000601A0, 0x00010000,    /* 0357  call base=L6 argc=1 nres=1 */
    0x00010641,                /* 0359  move L1 <- L6 */
    0x000C0645,                /* 035A  lsym L6 <- sym#12   ("template") */
    0x0007008F, 0x00010006,    /* 035B  eq L7 <- L1 == L6 */
    0x000D074B,                /* 035D  jf L7, +13 */
    0x00020642,                /* 035E  gget L6 <- g2   (_field) */
    0x00070041,                /* 035F  move L7 <- L0 */
    0x00080140,                /* 0360  i8 L8 <- 1 */
    0x000602A0, 0x00010000,    /* 0361  call base=L6 argc=2 nres=1 */
    0x00000641,                /* 0363  move L0 <- L6 */
    0x0001004E,                /* 0364  jnerr L0, +1 */
    0x00000003,                /* 0365  lnil L0 */
    0x001F0642,                /* 0366  gget L6 <- g31   (node_kind) */
    0x00070041,                /* 0367  move L7 <- L0 */
    0x000601A0, 0x00010000,    /* 0368  call base=L6 argc=1 nres=1 */
    0x00010641,                /* 036A  move L1 <- L6 */
    0x000A0745,                /* 036B  lsym L7 <- sym#10   ("fn_def") */
    0x0006008F, 0x00010007,    /* 036C  eq L6 <- L1 == L7 */
    0x0007064C,                /* 036E  jt L6, +7 */
    0x000B0745,                /* 036F  lsym L7 <- sym#11   ("co_def") */
    0x0006008F, 0x00010007,    /* 0370  eq L6 <- L1 == L7 */
    0x0003064C,                /* 0372  jt L6, +3 */
    0x00090745,                /* 0373  lsym L7 <- sym#9   ("class_def") */
    0x0006008F, 0x00010007,    /* 0374  eq L6 <- L1 == L7 */
    0x001D064B,                /* 0376  jf L6, +29 */
    0x00020642,                /* 0377  gget L6 <- g2   (_field) */
    0x00070041,                /* 0378  move L7 <- L0 */
    0x00080140,                /* 0379  i8 L8 <- 1 */
    0x000602A0, 0x00010000,    /* 037A  call base=L6 argc=2 nres=1 */
    0x00020641,                /* 037C  move L2 <- L6 */
    0x0001024E,                /* 037D  jnerr L2, +1 */
    0x00020003,                /* 037E  lnil L2 */
    0x001A0646,                /* 037F  lconst L6 <- static#26   ("nil") */
    0x00070097, 0x00020006,    /* 0380  is L7 <- L2 is L6 */
    0x0008074A,                /* 0382  not L8 <- L7 */
    0x0010084B,                /* 0383  jf L8, +16 */
    0x001E0642,                /* 0384  gget L6 <- g30   (str) */
    0x00070241,                /* 0385  move L7 <- L2 */
    0x000601A0, 0x00010000,    /* 0386  call base=L6 argc=1 nres=1 */
    0x00030641,                /* 0388  move L3 <- L6 */
    0x0006009A, 0x8001000D,    /* 0389  getattr L6 <- P1.sym#13   ("definitions") */
    0x00070096, 0x00030006,    /* 038B  in L7 <- L3 in L6 */
    0x0008074A,                /* 038D  not L8 <- L7 */
    0x0005084B,                /* 038E  jf L8, +5 */
    0x0006009A, 0x8001000D,    /* 038F  getattr L6 <- P1.sym#13   ("definitions") */
    0x00070041,                /* 0391  move L7 <- L0 */
    0x00060099, 0x00030007,    /* 0392  setidx L6[L3] <- L7 */
    0xFFBE004F,                /* 0394  jmp -66 */
    0x00040003,                /* 0395  lnil L4 */
    0x00040102,                /* 0396  return L4 count=1 */
    0x0000009A, 0x8003000E,    /* 0397  getattr L0 <- P3.sym#14   ("init_ctx") */
    0x000C0041,                /* 0399  move L12 <- L0 */
    0x000C00A2, 0x00030001,    /* 039A  msg base=L12 argc=0 msg#3 nres=1   (mark) */
    0x00010C41,                /* 039C  move L1 <- L12 */
    0x000C0041,                /* 039D  move L12 <- L0 */
    0x000C00A2, 0x00040001,    /* 039E  msg base=L12 argc=0 msg#4 nres=1   (push) */
    0x00020C41,                /* 03A0  move L2 <- L12 */
    0x000E0C46,                /* 03A1  lconst L12 <- static#14   ("error") */
    0x000D0097, 0x0002000C,    /* 03A2  is L13 <- L2 is L12 */
    0x00010D4B,                /* 03A4  jf L13, +1 */
    0x00020102,                /* 03A5  return L2 count=1 */
    0x00030140,                /* 03A6  i8 L3 <- 1 */
    0x001D0C42,                /* 03A7  gget L12 <- g29   (len) */
    0x000D8041,                /* 03A8  move L13 <- P0 */
    0x000C01A0, 0x00010000,    /* 03A9  call base=L12 argc=1 nres=1 */
    0x00040C41,                /* 03AB  move L4 <- L12 */
    0x000C0092, 0x00030004,    /* 03AC  le L12 <- L3 <= L4 */
    0x00470C4B,                /* 03AE  jf L12, +71 */
    0x000C009A, 0x80030012,    /* 03AF  getattr L12 <- P3.sym#18   ("image") */
    0x00050D42,                /* 03B1  gget L13 <- g5   (_join_path) */
    0x00060E42,                /* 03B2  gget L14 <- g6   (_prefix) */
    0x000F8041,                /* 03B3  move L15 <- P0 */
    0x00100341,                /* 03B4  move L16 <- L3 */
    0x000E02A0, 0x00010000,    /* 03B5  call base=L14 argc=2 nres=1 */
    0x000D01A0, 0x00010000,    /* 03B7  call base=L13 argc=1 nres=1 */
    0x000C01A2, 0x00050001,    /* 03B9  msg base=L12 argc=1 msg#5 nres=1   (add_static) */
    0x00050C41,                /* 03BB  move L5 <- L12 */
    0x000E0C46,                /* 03BC  lconst L12 <- static#14   ("error") */
    0x000D0097, 0x0005000C,    /* 03BD  is L13 <- L5 is L12 */
    0x00010D4B,                /* 03BF  jf L13, +1 */
    0x00050102,                /* 03C0  return L5 count=1 */
    0x00040C42,                /* 03C1  gget L12 <- g4   (_emit_pairable) */
    0x000D0041,                /* 03C2  move L13 <- L0 */
    0x00060E45,                /* 03C3  lsym L14 <- sym#6   ("import") */
    0x000F0541,                /* 03C4  move L15 <- L5 */
    0x00100241,                /* 03C5  move L16 <- L2 */
    0x000C04A0, 0x00010000,    /* 03C6  call base=L12 argc=4 nres=1 */
    0x00060C41,                /* 03C8  move L6 <- L12 */
    0x000E0C46,                /* 03C9  lconst L12 <- static#14   ("error") */
    0x000D0097, 0x0006000C,    /* 03CA  is L13 <- L6 is L12 */
    0x00010D4B,                /* 03CC  jf L13, +1 */
    0x00060102,                /* 03CD  return L6 count=1 */
    0x000D0140,                /* 03CE  i8 L13 <- 1 */
    0x000C008F, 0x0003000D,    /* 03CF  eq L12 <- L3 == L13 */
    0x00050C4B,                /* 03D1  jf L12, +5 */
    0x000D0140,                /* 03D2  i8 L13 <- 1 */
    0x000C0093, 0x0004000D,    /* 03D3  gt L12 <- L4 > L13 */
    0x00010C4C,                /* 03D5  jt L12, +1 */
    0x000C824A,                /* 03D6  not L12 <- P2 */
    0x001A0C4B,                /* 03D7  jf L12, +26 */
    0x000C8341,                /* 03D8  move L12 <- P3 */
    0x000D0040,                /* 03D9  i8 L13 <- 0 */
    0x000E0098, 0x8000000D,    /* 03DA  getidx L14 <- P0[L13] */
    0x000D0E41,                /* 03DC  move L13 <- L14 */
    0x000C01A2, 0x00060001,    /* 03DD  msg base=L12 argc=1 msg#6 nres=1   (global_index) */
    0x00070C41,                /* 03DF  move L7 <- L12 */
    0x000E0C46,                /* 03E0  lconst L12 <- static#14   ("error") */
    0x000D0097, 0x0007000C,    /* 03E1  is L13 <- L7 is L12 */
    0x00010D4B,                /* 03E3  jf L13, +1 */
    0x00070102,                /* 03E4  return L7 count=1 */
    0x00040C42,                /* 03E5  gget L12 <- g4   (_emit_pairable) */
    0x000D0041,                /* 03E6  move L13 <- L0 */
    0x00140E45,                /* 03E7  lsym L14 <- sym#20   ("gset") */
    0x000F0741,                /* 03E8  move L15 <- L7 */
    0x00100241,                /* 03E9  move L16 <- L2 */
    0x000C04A0, 0x00010000,    /* 03EA  call base=L12 argc=4 nres=1 */
    0x00080C41,                /* 03EC  move L8 <- L12 */
    0x000E0C46,                /* 03ED  lconst L12 <- static#14   ("error") */
    0x000D0097, 0x0008000C,    /* 03EE  is L13 <- L8 is L12 */
    0x00010D4B,                /* 03F0  jf L13, +1 */
    0x00080102,                /* 03F1  return L8 count=1 */
    0x000C0140,                /* 03F2  i8 L12 <- 1 */
    0x00030085, 0x0003000C,    /* 03F3  add L3 <- L3 + L12 */
    0xFFB6004F,                /* 03F5  jmp -74 */
    0x0021824B,                /* 03F6  jf P2, +33 */
    0x00098141,                /* 03F7  move L9 <- P1 */
    0x001A0C46,                /* 03F8  lconst L12 <- static#26   ("nil") */
    0x000D0097, 0x0009000C,    /* 03F9  is L13 <- L9 is L12 */
    0x00050D4B,                /* 03FB  jf L13, +5 */
    0x000C0140,                /* 03FC  i8 L12 <- 1 */
    0x000D0086, 0x0004000C,    /* 03FD  sub L13 <- L4 - L12 */
    0x00090098, 0x8000000D,    /* 03FF  getidx L9 <- P0[L13] */
    0x000C8341,                /* 0401  move L12 <- P3 */
    0x000D0941,                /* 0402  move L13 <- L9 */
    0x000C01A2, 0x00060001,    /* 0403  msg base=L12 argc=1 msg#6 nres=1   (global_index) */
    0x000A0C41,                /* 0405  move L10 <- L12 */
    0x000E0C46,                /* 0406  lconst L12 <- static#14   ("error") */
    0x000D0097, 0x000A000C,    /* 0407  is L13 <- L10 is L12 */
    0x00010D4B,                /* 0409  jf L13, +1 */
    0x000A0102,                /* 040A  return L10 count=1 */
    0x00040C42,                /* 040B  gget L12 <- g4   (_emit_pairable) */
    0x000D0041,                /* 040C  move L13 <- L0 */
    0x00140E45,                /* 040D  lsym L14 <- sym#20   ("gset") */
    0x000F0A41,                /* 040E  move L15 <- L10 */
    0x00100241,                /* 040F  move L16 <- L2 */
    0x000C04A0, 0x00010000,    /* 0410  call base=L12 argc=4 nres=1 */
    0x000B0C41,                /* 0412  move L11 <- L12 */
    0x000E0C46,                /* 0413  lconst L12 <- static#14   ("error") */
    0x000D0097, 0x000B000C,    /* 0414  is L13 <- L11 is L12 */
    0x00010D4B,                /* 0416  jf L13, +1 */
    0x000B0102,                /* 0417  return L11 count=1 */
    0x000C0041,                /* 0418  move L12 <- L0 */
    0x000D0141,                /* 0419  move L13 <- L1 */
    0x000C01A2, 0x00070001,    /* 041A  msg base=L12 argc=1 msg#7 nres=1   (free_to) */
    0x000C0102,                /* 041C  return L12 count=1 */
    0x0000009A, 0x8002000E,    /* 041D  getattr L0 <- P2.sym#14   ("init_ctx") */
    0x000B0C42,                /* 041F  gget L12 <- g11   (_import_module) */
    0x000D8041,                /* 0420  move L13 <- P0 */
    0x000E0003,                /* 0421  lnil L14 */
    0x000F0004,                /* 0422  lbool L15 <- 0 */
    0x00108241,                /* 0423  move L16 <- P2 */
    0x000C04A0, 0x00010000,    /* 0424  call base=L12 argc=4 nres=1 */
    0x00010C41,                /* 0426  move L1 <- L12 */
    0x000E0C46,                /* 0427  lconst L12 <- static#14   ("error") */
    0x000D0097, 0x0001000C,    /* 0428  is L13 <- L1 is L12 */
    0x00010D4B,                /* 042A  jf L13, +1 */
    0x00010102,                /* 042B  return L1 count=1 */
    0x000C009A, 0x80020012,    /* 042C  getattr L12 <- P2.sym#18   ("image") */
    0x00050D42,                /* 042E  gget L13 <- g5   (_join_path) */
    0x000E8041,                /* 042F  move L14 <- P0 */
    0x000D01A0, 0x00010000,    /* 0430  call base=L13 argc=1 nres=1 */
    0x000C01A2, 0x00050001,    /* 0432  msg base=L12 argc=1 msg#5 nres=1   (add_static) */
    0x00020C41,                /* 0434  move L2 <- L12 */
    0x000E0C46,                /* 0435  lconst L12 <- static#14   ("error") */
    0x000D0097, 0x0002000C,    /* 0436  is L13 <- L2 is L12 */
    0x00010D4B,                /* 0438  jf L13, +1 */
    0x00020102,                /* 0439  return L2 count=1 */
    0x000C0041,                /* 043A  move L12 <- L0 */
    0x000C00A2, 0x00030001,    /* 043B  msg base=L12 argc=0 msg#3 nres=1   (mark) */
    0x00030C41,                /* 043D  move L3 <- L12 */
    0x00040082, 0x000C0000,    /* 043E  list L4 <- L12, 0 items */
    0x001A0C46,                /* 0440  lconst L12 <- static#26   ("nil") */
    0x000D0097, 0x8001000C,    /* 0441  is L13 <- P1 is L12 */
    0x000E0D4A,                /* 0443  not L14 <- L13 */
    0x00150E4B,                /* 0444  jf L14, +21 */
    0x00078141,                /* 0445  move L7 <- P1 */
    0x000C0C46,                /* 0446  lconst L12 <- static#12   ("pair") */
    0x000D0097, 0x0007000C,    /* 0447  is L13 <- L7 is L12 */
    0x00100D4B,                /* 0449  jf L13, +16 */
    0x000C0441,                /* 044A  move L12 <- L4 */
    0x001E0D42,                /* 044B  gget L13 <- g30   (str) */
    0x001A0E42,                /* 044C  gget L14 <- g26   (car) */
    0x000F0741,                /* 044D  move L15 <- L7 */
    0x000E01A0, 0x00010000,    /* 044E  call base=L14 argc=1 nres=1 */
    0x000D01A0, 0x00010000,    /* 0450  call base=L13 argc=1 nres=1 */
    0x000C01A2, 0x00010001,    /* 0452  msg base=L12 argc=1 msg#1 nres=1   (append) */
    0x00190C42,                /* 0454  gget L12 <- g25   (cdr) */
    0x000D0741,                /* 0455  move L13 <- L7 */
    0x000C01A0, 0x00010000,    /* 0456  call base=L12 argc=1 nres=1 */
    0x00070C41,                /* 0458  move L7 <- L12 */
    0xFFEC004F,                /* 0459  jmp -20 */
    0x000C00AE, 0x00040000,    /* 045A  iter L12 <- L4 */
    0x000800AF, 0x000C0022,    /* 045C  itnext L8 <- L12, done +34 */
    0x000D009A, 0x80020012,    /* 045E  getattr L13 <- P2.sym#18   ("image") */
    0x000E0841,                /* 0460  move L14 <- L8 */
    0x000D01A2, 0x00080001,    /* 0461  msg base=L13 argc=1 msg#8 nres=1   (add_symbol) */
    0x00090D41,                /* 0463  move L9 <- L13 */
    0x000E0D46,                /* 0464  lconst L13 <- static#14   ("error") */
    0x000E0097, 0x0009000D,    /* 0465  is L14 <- L9 is L13 */
    0x00010E4B,                /* 0467  jf L14, +1 */
    0x00090102,                /* 0468  return L9 count=1 */
    0x000D0041,                /* 0469  move L13 <- L0 */
    0x000D00A2, 0x00040001,    /* 046A  msg base=L13 argc=0 msg#4 nres=1   (push) */
    0x000A0D41,                /* 046C  move L10 <- L13 */
    0x000E0D46,                /* 046D  lconst L13 <- static#14   ("error") */
    0x000E0097, 0x000A000D,    /* 046E  is L14 <- L10 is L13 */
    0x00010E4B,                /* 0470  jf L14, +1 */
    0x000A0102,                /* 0471  return L10 count=1 */
    0x00040D42,                /* 0472  gget L13 <- g4   (_emit_pairable) */
    0x000E0041,                /* 0473  move L14 <- L0 */
    0x00170F45,                /* 0474  lsym L15 <- sym#23   ("lsym") */
    0x00100941,                /* 0475  move L16 <- L9 */
    0x00110A41,                /* 0476  move L17 <- L10 */
    0x000D04A0, 0x00010000,    /* 0477  call base=L13 argc=4 nres=1 */
    0x000B0D41,                /* 0479  move L11 <- L13 */
    0x000E0D46,                /* 047A  lconst L13 <- static#14   ("error") */
    0x000E0097, 0x000B000D,    /* 047B  is L14 <- L11 is L13 */
    0x00010E4B,                /* 047D  jf L14, +1 */
    0x000B0102,                /* 047E  return L11 count=1 */
    0xFFDC004F,                /* 047F  jmp -36 */
    0x000C0041,                /* 0480  move L12 <- L0 */
    0x000C00A2, 0x00030001,    /* 0481  msg base=L12 argc=0 msg#3 nres=1   (mark) */
    0x00050C41,                /* 0483  move L5 <- L12 */
    0x00030C42,                /* 0484  gget L12 <- g3   (_emit_pack) */
    0x000F0041,                /* 0485  move L15 <- L0 */
    0x00181045,                /* 0486  lsym L16 <- sym#24   ("import_star") */
    0x00110281, 0x000F0000,    /* 0487  tuple L17 <- L15, 2 items */
    0x000D1141,                /* 0489  move L13 <- L17 */
    0x00110F46,                /* 048A  lconst L15 <- static#17   ("f") */
    0x001D1042,                /* 048B  gget L16 <- g29   (len) */
    0x00110441,                /* 048C  move L17 <- L4 */
    0x001001A0, 0x00010000,    /* 048D  call base=L16 argc=1 nres=1 */
    0x00121146,                /* 048F  lconst L17 <- static#18   ("a0") */
    0x00120241,                /* 0490  move L18 <- L2 */
    0x00131346,                /* 0491  lconst L19 <- static#19   ("a1") */
    0x00221442,                /* 0492  gget L20 <- g34   (L) */
    0x00150541,                /* 0493  move L21 <- L5 */
    0x001401A0, 0x00010000,    /* 0494  call base=L20 argc=1 nres=1 */
    0x00150383, 0x000F0000,    /* 0496  dict L21 <- L15, 3 pairs */
    0x000E1541,                /* 0498  move L14 <- L21 */
    0x000C00A1, 0x00010000,    /* 0499  call_va base=L12 nres=1 */
    0x00060C41,                /* 049B  move L6 <- L12 */
    0x000E0C46,                /* 049C  lconst L12 <- static#14   ("error") */
    0x000D0097, 0x0006000C,    /* 049D  is L13 <- L6 is L12 */
    0x00010D4B,                /* 049F  jf L13, +1 */
    0x00060102,                /* 04A0  return L6 count=1 */
    0x000C0104,                /* 04A1  lbool L12 <- 1 */
    0x8002009B, 0x0019000C,    /* 04A2  setattr P2.sym#25 <- L12   ("has_wildcard_import") */
    0x000C0041,                /* 04A4  move L12 <- L0 */
    0x000D0341,                /* 04A5  move L13 <- L3 */
    0x000C01A2, 0x00070001,    /* 04A6  msg base=L12 argc=1 msg#7 nres=1   (free_to) */
    0x000C0102,                /* 04A8  return L12 count=1 */
    0x00000082, 0x000C0000,    /* 04A9  list L0 <- L12, 0 items */
    0x000C00AE, 0x80000000,    /* 04AB  iter L12 <- P0 */
    0x000100AF, 0x000C005C,    /* 04AD  itnext L1 <- L12, done +92 */
    0x001F0D42,                /* 04AF  gget L13 <- g31   (node_kind) */
    0x000E0141,                /* 04B0  move L14 <- L1 */
    0x000D01A0, 0x00010000,    /* 04B1  call base=L13 argc=1 nres=1 */
    0x00020D41,                /* 04B3  move L2 <- L13 */
    0x00060E45,                /* 04B4  lsym L14 <- sym#6   ("import") */
    0x000D0090, 0x0002000E,    /* 04B5  ne L13 <- L2 != L14 */
    0x00030D4B,                /* 04B7  jf L13, +3 */
    0x00070E45,                /* 04B8  lsym L14 <- sym#7   ("import_static") */
    0x000D0090, 0x0002000E,    /* 04B9  ne L13 <- L2 != L14 */
    0x00010D4B,                /* 04BB  jf L13, +1 */
    0xFFF0004F,                /* 04BC  jmp -16 */
    0x00080D42,                /* 04BD  gget L13 <- g8   (_import_shape) */
    0x000E0141,                /* 04BE  move L14 <- L1 */
    0x000D01A0, 0x00010000,    /* 04BF  call base=L13 argc=1 nres=1 */
    0x00030D41,                /* 04C1  move L3 <- L13 */
    0x000E0D46,                /* 04C2  lconst L13 <- static#14   ("error") */
    0x000E0097, 0x0003000D,    /* 04C3  is L14 <- L3 is L13 */
    0x00010E4B,                /* 04C5  jf L14, +1 */
    0x00030102,                /* 04C6  return L3 count=1 */
    0x000D0040,                /* 04C7  i8 L13 <- 0 */
    0x00040098, 0x0003000D,    /* 04C8  getidx L4 <- L3[L13] */
    0x000D0140,                /* 04CA  i8 L13 <- 1 */
    0x00050098, 0x0003000D,    /* 04CB  getidx L5 <- L3[L13] */
    0x000D0240,                /* 04CD  i8 L13 <- 2 */
    0x00060098, 0x0003000D,    /* 04CE  getidx L6 <- L3[L13] */
    0x000D0340,                /* 04D0  i8 L13 <- 3 */
    0x00070098, 0x0003000D,    /* 04D1  getidx L7 <- L3[L13] */
    0x000D0440,                /* 04D3  i8 L13 <- 4 */
    0x00080098, 0x0003000D,    /* 04D4  getidx L8 <- L3[L13] */
    0x000D074B,                /* 04D6  jf L7, +13 */
    0x000C0D42,                /* 04D7  gget L13 <- g12   (_import_star) */
    0x000E0441,                /* 04D8  move L14 <- L4 */
    0x000F0841,                /* 04D9  move L15 <- L8 */
    0x00108141,                /* 04DA  move L16 <- P1 */
    0x000D03A0, 0x00010000,    /* 04DB  call base=L13 argc=3 nres=1 */
    0x000A0D41,                /* 04DD  move L10 <- L13 */
    0x000E0D46,                /* 04DE  lconst L13 <- static#14   ("error") */
    0x000E0097, 0x000A000D,    /* 04DF  is L14 <- L10 is L13 */
    0x00010E4B,                /* 04E1  jf L14, +1 */
    0x000A0102,                /* 04E2  return L10 count=1 */
    0xFFC9004F,                /* 04E3  jmp -55 */
    0x000B0D42,                /* 04E4  gget L13 <- g11   (_import_module) */
    0x000E0441,                /* 04E5  move L14 <- L4 */
    0x000F0541,                /* 04E6  move L15 <- L5 */
    0x00100104,                /* 04E7  lbool L16 <- 1 */
    0x00118141,                /* 04E8  move L17 <- P1 */
    0x000D04A0, 0x00010000,    /* 04E9  call base=L13 argc=4 nres=1 */
    0x00090D41,                /* 04EB  move L9 <- L13 */
    0x000E0D46,                /* 04EC  lconst L13 <- static#14   ("error") */
    0x000E0097, 0x0009000D,    /* 04ED  is L14 <- L9 is L13 */
    0x00010E4B,                /* 04EF  jf L14, +1 */
    0x00090102,                /* 04F0  return L9 count=1 */
    0x001A0D46,                /* 04F1  lconst L13 <- static#26   ("nil") */
    0x000E0097, 0x0006000D,    /* 04F2  is L14 <- L6 is L13 */
    0x000F0E4A,                /* 04F4  not L15 <- L14 */
    0x00140F4B,                /* 04F5  jf L15, +20 */
    0x000D00AE, 0x00060000,    /* 04F6  iter L13 <- L6 */
    0x000B00AF, 0x000D0010,    /* 04F8  itnext L11 <- L13, done +16 */
    0x000E0041,                /* 04FA  move L14 <- L0 */
    0x000F0441,                /* 04FB  move L15 <- L4 */
    0x00100040,                /* 04FC  i8 L16 <- 0 */
    0x00110098, 0x000B0010,    /* 04FD  getidx L17 <- L11[L16] */
    0x00101141,                /* 04FF  move L16 <- L17 */
    0x00110140,                /* 0500  i8 L17 <- 1 */
    0x00120098, 0x000B0011,    /* 0501  getidx L18 <- L11[L17] */
    0x00111241,                /* 0503  move L17 <- L18 */
    0x00120382, 0x000F0000,    /* 0504  list L18 <- L15, 3 items */
    0x000F1241,                /* 0506  move L15 <- L18 */
    0x000E01A2, 0x00010001,    /* 0507  msg base=L14 argc=1 msg#1 nres=1   (append) */
    0xFFEE004F,                /* 0509  jmp -18 */
    0xFFA2004F,                /* 050A  jmp -94 */
    0x00000102,                /* 050B  return L0 count=1 */
    0x0000009A, 0x8001000E,    /* 050C  getattr L0 <- P1.sym#14   ("init_ctx") */
    0x000C00AE, 0x80000000,    /* 050E  iter L12 <- P0 */
    0x000100AF, 0x000C0061,    /* 0510  itnext L1 <- L12, done +97 */
    0x000D0040,                /* 0512  i8 L13 <- 0 */
    0x00020098, 0x0001000D,    /* 0513  getidx L2 <- L1[L13] */
    0x00030082, 0x000D0000,    /* 0515  list L3 <- L13, 0 items */
    0x000D00AE, 0x00020000,    /* 0517  iter L13 <- L2 */
    0x000B00AF, 0x000D0005,    /* 0519  itnext L11 <- L13, done +5 */
    0x000E0341,                /* 051B  move L14 <- L3 */
    0x000F0B41,                /* 051C  move L15 <- L11 */
    0x000E01A2, 0x00010001,    /* 051D  msg base=L14 argc=1 msg#1 nres=1   (append) */
    0xFFF9004F,                /* 051F  jmp -7 */
    0x000D0341,                /* 0520  move L13 <- L3 */
    0x000E0140,                /* 0521  i8 L14 <- 1 */
    0x000F0098, 0x0001000E,    /* 0522  getidx L15 <- L1[L14] */
    0x000E0F41,                /* 0524  move L14 <- L15 */
    0x000D01A2, 0x00010001,    /* 0525  msg base=L13 argc=1 msg#1 nres=1   (append) */
    0x000D8141,                /* 0527  move L13 <- P1 */
    0x00050E42,                /* 0528  gget L14 <- g5   (_join_path) */
    0x000F0341,                /* 0529  move L15 <- L3 */
    0x000E01A0, 0x00010000,    /* 052A  call base=L14 argc=1 nres=1 */
    0x000D01A2, 0x00090001,    /* 052C  msg base=L13 argc=1 msg#9 nres=1   (declare_free_global) */
    0x00040D41,                /* 052E  move L4 <- L13 */
    0x000E0D46,                /* 052F  lconst L13 <- static#14   ("error") */
    0x000E0097, 0x0004000D,    /* 0530  is L14 <- L4 is L13 */
    0x00010E4B,                /* 0532  jf L14, +1 */
    0x00040102,                /* 0533  return L4 count=1 */
    0x000D8141,                /* 0534  move L13 <- P1 */
    0x000E0240,                /* 0535  i8 L14 <- 2 */
    0x000F0098, 0x0001000E,    /* 0536  getidx L15 <- L1[L14] */
    0x000E0F41,                /* 0538  move L14 <- L15 */
    0x000D01A2, 0x00060001,    /* 0539  msg base=L13 argc=1 msg#6 nres=1   (global_index) */
    0x00050D41,                /* 053B  move L5 <- L13 */
    0x000E0D46,                /* 053C  lconst L13 <- static#14   ("error") */
    0x000E0097, 0x0005000D,    /* 053D  is L14 <- L5 is L13 */
    0x00010E4B,                /* 053F  jf L14, +1 */
    0x00050102,                /* 0540  return L5 count=1 */
    0x000D0041,                /* 0541  move L13 <- L0 */
    0x000D00A2, 0x00030001,    /* 0542  msg base=L13 argc=0 msg#3 nres=1   (mark) */
    0x00060D41,                /* 0544  move L6 <- L13 */
    0x000D0041,                /* 0545  move L13 <- L0 */
    0x000D00A2, 0x00040001,    /* 0546  msg base=L13 argc=0 msg#4 nres=1   (push) */
    0x00070D41,                /* 0548  move L7 <- L13 */
    0x000E0D46,                /* 0549  lconst L13 <- static#14   ("error") */
    0x000E0097, 0x0007000D,    /* 054A  is L14 <- L7 is L13 */
    0x00010E4B,                /* 054C  jf L14, +1 */
    0x00070102,                /* 054D  return L7 count=1 */
    0x00040D42,                /* 054E  gget L13 <- g4   (_emit_pairable) */
    0x000E0041,                /* 054F  move L14 <- L0 */
    0x001B0F45,                /* 0550  lsym L15 <- sym#27   ("gget") */
    0x00100441,                /* 0551  move L16 <- L4 */
    0x00110741,                /* 0552  move L17 <- L7 */
    0x000D04A0, 0x00010000,    /* 0553  call base=L13 argc=4 nres=1 */
    0x00080D41,                /* 0555  move L8 <- L13 */
    0x000E0D46,                /* 0556  lconst L13 <- static#14   ("error") */
    0x000E0097, 0x0008000D,    /* 0557  is L14 <- L8 is L13 */
    0x00010E4B,                /* 0559  jf L14, +1 */
    0x00080102,                /* 055A  return L8 count=1 */
    0x00040D42,                /* 055B  gget L13 <- g4   (_emit_pairable) */
    0x000E0041,                /* 055C  move L14 <- L0 */
    0x00140F45,                /* 055D  lsym L15 <- sym#20   ("gset") */
    0x00100541,                /* 055E  move L16 <- L5 */
    0x00110741,                /* 055F  move L17 <- L7 */
    0x000D04A0, 0x00010000,    /* 0560  call base=L13 argc=4 nres=1 */
    0x00090D41,                /* 0562  move L9 <- L13 */
    0x000E0D46,                /* 0563  lconst L13 <- static#14   ("error") */
    0x000E0097, 0x0009000D,    /* 0564  is L14 <- L9 is L13 */
    0x00010E4B,                /* 0566  jf L14, +1 */
    0x00090102,                /* 0567  return L9 count=1 */
    0x000D0041,                /* 0568  move L13 <- L0 */
    0x000E0641,                /* 0569  move L14 <- L6 */
    0x000D01A2, 0x00070001,    /* 056A  msg base=L13 argc=1 msg#7 nres=1   (free_to) */
    0x000A0D41,                /* 056C  move L10 <- L13 */
    0x000E0D46,                /* 056D  lconst L13 <- static#14   ("error") */
    0x000E0097, 0x000A000D,    /* 056E  is L14 <- L10 is L13 */
    0x00010E4B,                /* 0570  jf L14, +1 */
    0x000A0102,                /* 0571  return L10 count=1 */
    0xFF9D004F,                /* 0572  jmp -99 */
    0x000C0003,                /* 0573  lnil L12 */
    0x000C0102,                /* 0574  return L12 count=1 */
    0x00230642,                /* 0575  gget L6 <- g35   (compile_function) */
    0x00078041,                /* 0576  move L7 <- P0 */
    0x00088141,                /* 0577  move L8 <- P1 */
    0x00090003,                /* 0578  lnil L9 */
    0x000A0040,                /* 0579  i8 L10 <- 0 */
    0x000B0003,                /* 057A  lnil L11 */
    0x000C8241,                /* 057B  move L12 <- P2 */
    0x000606A0, 0x00010000,    /* 057C  call base=L6 argc=6 nres=1 */
    0x00000641,                /* 057E  move L0 <- L6 */
    0x000E0646,                /* 057F  lconst L6 <- static#14   ("error") */
    0x00070097, 0x00000006,    /* 0580  is L7 <- L0 is L6 */
    0x0001074B,                /* 0582  jf L7, +1 */
    0x00000102,                /* 0583  return L0 count=1 */
    0x00060040,                /* 0584  i8 L6 <- 0 */
    0x00010098, 0x00000006,    /* 0585  getidx L1 <- L0[L6] */
    0x00068141,                /* 0587  move L6 <- P1 */
    0x00020842,                /* 0588  gget L8 <- g2   (_field) */
    0x00098041,                /* 0589  move L9 <- P0 */
    0x000A0140,                /* 058A  i8 L10 <- 1 */
    0x000802A0, 0x00010000,    /* 058B  call base=L8 argc=2 nres=1 */
    0x00070841,                /* 058D  move L7 <- L8 */
    0x0001074E,                /* 058E  jnerr L7, +1 */
    0x00070003,                /* 058F  lnil L7 */
    0x000601A2, 0x00020001,    /* 0590  msg base=L6 argc=1 msg#2 nres=1   (declare_global) */
    0x00020641,                /* 0592  move L2 <- L6 */
    0x000E0646,                /* 0593  lconst L6 <- static#14   ("error") */
    0x00070097, 0x00020006,    /* 0594  is L7 <- L2 is L6 */
    0x0001074B,                /* 0596  jf L7, +1 */
    0x00020102,                /* 0597  return L2 count=1 */
    0x0003009A, 0x8001000E,    /* 0598  getattr L3 <- P1.sym#14   ("init_ctx") */
    0x00060341,                /* 059A  move L6 <- L3 */
    0x000600A2, 0x00040001,    /* 059B  msg base=L6 argc=0 msg#4 nres=1   (push) */
    0x00040641,                /* 059D  move L4 <- L6 */
    0x000E0646,                /* 059E  lconst L6 <- static#14   ("error") */
    0x00070097, 0x00040006,    /* 059F  is L7 <- L4 is L6 */
    0x0001074B,                /* 05A1  jf L7, +1 */
    0x00040102,                /* 05A2  return L4 count=1 */
    0x00030642,                /* 05A3  gget L6 <- g3   (_emit_pack) */
    0x00090341,                /* 05A4  move L9 <- L3 */
    0x001C0A45,                /* 05A5  lsym L10 <- sym#28   ("closure") */
    0x000B0281, 0x00090000,    /* 05A6  tuple L11 <- L9, 2 items */
    0x00070B41,                /* 05A8  move L7 <- L11 */
    0x00120946,                /* 05A9  lconst L9 <- static#18   ("a0") */
    0x000A0441,                /* 05AA  move L10 <- L4 */
    0x00130B46,                /* 05AB  lconst L11 <- static#19   ("a1") */
    0x000C0141,                /* 05AC  move L12 <- L1 */
    0x00140D46,                /* 05AD  lconst L13 <- static#20   ("a2") */
    0x000E0040,                /* 05AE  i8 L14 <- 0 */
    0x00110F46,                /* 05AF  lconst L15 <- static#17   ("f") */
    0x00100040,                /* 05B0  i8 L16 <- 0 */
    0x00110483, 0x00090000,    /* 05B1  dict L17 <- L9, 4 pairs */
    0x00081141,                /* 05B3  move L8 <- L17 */
    0x000600A1, 0x00010000,    /* 05B4  call_va base=L6 nres=1 */
    0x00050641,                /* 05B6  move L5 <- L6 */
    0x000E0646,                /* 05B7  lconst L6 <- static#14   ("error") */
    0x00070097, 0x00050006,    /* 05B8  is L7 <- L5 is L6 */
    0x0001074B,                /* 05BA  jf L7, +1 */
    0x00050102,                /* 05BB  return L5 count=1 */
    0x00040642,                /* 05BC  gget L6 <- g4   (_emit_pairable) */
    0x00070341,                /* 05BD  move L7 <- L3 */
    0x00140845,                /* 05BE  lsym L8 <- sym#20   ("gset") */
    0x00090241,                /* 05BF  move L9 <- L2 */
    0x000A0441,                /* 05C0  move L10 <- L4 */
    0x000604A0, 0x00010000,    /* 05C1  call base=L6 argc=4 nres=1 */
    0x00060102,                /* 05C3  return L6 count=1 */
    0x00020142,                /* 05C4  gget L1 <- g2   (_field) */
    0x00028041,                /* 05C5  move L2 <- P0 */
    0x00030240,                /* 05C6  i8 L3 <- 2 */
    0x000102A0, 0x00010000,    /* 05C7  call base=L1 argc=2 nres=1 */
    0x00000141,                /* 05C9  move L0 <- L1 */
    0x0001004E,                /* 05CA  jnerr L0, +1 */
    0x00000003,                /* 05CB  lnil L0 */
    0x001A0146,                /* 05CC  lconst L1 <- static#26   ("nil") */
    0x00020097, 0x00000001,    /* 05CD  is L2 <- L0 is L1 */
    0x0007024B,                /* 05CF  jf L2, +7 */
    0x000F0042,                /* 05D0  gget L0 <- g15   (_plain_fn_toplevel) */
    0x00018041,                /* 05D1  move L1 <- P0 */
    0x00028141,                /* 05D2  move L2 <- P1 */
    0x00038341,                /* 05D3  move L3 <- P3 */
    0x000003A0, 0x00010000,    /* 05D4  call base=L0 argc=3 nres=1 */
    0x00000102,                /* 05D6  return L0 count=1 */
    0x00240042,                /* 05D7  gget L0 <- g36   (compile_dispatched_fn_toplevel) */
    0x00018041,                /* 05D8  move L1 <- P0 */
    0x00028141,                /* 05D9  move L2 <- P1 */
    0x00038341,                /* 05DA  move L3 <- P3 */
    0x000003A0, 0x00010000,    /* 05DB  call base=L0 argc=3 nres=1 */
    0x00000102,                /* 05DD  return L0 count=1 */
    0x00000003,                /* 05DE  lnil L0 */
    0x00000102,                /* 05DF  return L0 count=1 */
    0x00250042,                /* 05E0  gget L0 <- g37   (compile_class_toplevel) */
    0x00018041,                /* 05E1  move L1 <- P0 */
    0x00028141,                /* 05E2  move L2 <- P1 */
    0x000002A0, 0x00010000,    /* 05E3  call base=L0 argc=2 nres=1 */
    0x00000102,                /* 05E5  return L0 count=1 */
    0x00020242,                /* 05E6  gget L2 <- g2   (_field) */
    0x00038041,                /* 05E7  move L3 <- P0 */
    0x00040140,                /* 05E8  i8 L4 <- 1 */
    0x000202A0, 0x00010000,    /* 05E9  call base=L2 argc=2 nres=1 */
    0x00000241,                /* 05EB  move L0 <- L2 */
    0x0001004E,                /* 05EC  jnerr L0, +1 */
    0x00000003,                /* 05ED  lnil L0 */
    0x001F0242,                /* 05EE  gget L2 <- g31   (node_kind) */
    0x00030041,                /* 05EF  move L3 <- L0 */
    0x000201A0, 0x00010000,    /* 05F0  call base=L2 argc=1 nres=1 */
    0x00010241,                /* 05F2  move L1 <- L2 */
    0x000A0345,                /* 05F3  lsym L3 <- sym#10   ("fn_def") */
    0x0002008F, 0x00010003,    /* 05F4  eq L2 <- L1 == L3 */
    0x0003024C,                /* 05F6  jt L2, +3 */
    0x000B0345,                /* 05F7  lsym L3 <- sym#11   ("co_def") */
    0x0002008F, 0x00010003,    /* 05F8  eq L2 <- L1 == L3 */
    0x0008024B,                /* 05FA  jf L2, +8 */
    0x00100242,                /* 05FB  gget L2 <- g16   (_fn_toplevel) */
    0x00030041,                /* 05FC  move L3 <- L0 */
    0x00048141,                /* 05FD  move L4 <- P1 */
    0x00058241,                /* 05FE  move L5 <- P2 */
    0x00060104,                /* 05FF  lbool L6 <- 1 */
    0x000204A0, 0x00010000,    /* 0600  call base=L2 argc=4 nres=1 */
    0x00020102,                /* 0602  return L2 count=1 */
    0x00090245,                /* 0603  lsym L2 <- sym#9   ("class_def") */
    0x0003008F, 0x00010002,    /* 0604  eq L3 <- L1 == L2 */
    0x0007034B,                /* 0606  jf L3, +7 */
    0x00120242,                /* 0607  gget L2 <- g18   (_class_toplevel) */
    0x00030041,                /* 0608  move L3 <- L0 */
    0x00048141,                /* 0609  move L4 <- P1 */
    0x00058241,                /* 060A  move L5 <- P2 */
    0x000203A0, 0x00010000,    /* 060B  call base=L2 argc=3 nres=1 */
    0x00020102,                /* 060D  return L2 count=1 */
    0x00260242,                /* 060E  gget L2 <- g38   (compile_statement) */
    0x00030041,                /* 060F  move L3 <- L0 */
    0x0004009A, 0x8001000E,    /* 0610  getattr L4 <- P1.sym#14   ("init_ctx") */
    0x000202A0, 0x00010000,    /* 0612  call base=L2 argc=2 nres=1 */
    0x00020102,                /* 0614  return L2 count=1 */
    0x0000009A, 0x8000000E,    /* 0615  getattr L0 <- P0.sym#14   ("init_ctx") */
    0x0001009A, 0x8000001D,    /* 0617  getattr L1 <- P0.sym#29   ("pending_statics") */
    0x000A0082, 0x000B0000,    /* 0619  list L10 <- L11, 0 items */
    0x8000009B, 0x001D000A,    /* 061B  setattr P0.sym#29 <- L10   ("pending_statics") */
    0x000A00AE, 0x00010000,    /* 061D  iter L10 <- L1 */
    0x000200AF, 0x000A0037,    /* 061F  itnext L2 <- L10, done +55 */
    0x000B0040,                /* 0621  i8 L11 <- 0 */
    0x00030098, 0x0002000B,    /* 0622  getidx L3 <- L2[L11] */
    0x000B0140,                /* 0624  i8 L11 <- 1 */
    0x00040098, 0x0002000B,    /* 0625  getidx L4 <- L2[L11] */
    0x000B0041,                /* 0627  move L11 <- L0 */
    0x000B00A2, 0x00030001,    /* 0628  msg base=L11 argc=0 msg#3 nres=1   (mark) */
    0x00050B41,                /* 062A  move L5 <- L11 */
    0x000B0041,                /* 062B  move L11 <- L0 */
    0x000B00A2, 0x00040001,    /* 062C  msg base=L11 argc=0 msg#4 nres=1   (push) */
    0x00060B41,                /* 062E  move L6 <- L11 */
    0x000E0B46,                /* 062F  lconst L11 <- static#14   ("error") */
    0x000C0097, 0x0006000B,    /* 0630  is L12 <- L6 is L11 */
    0x00010C4B,                /* 0632  jf L12, +1 */
    0x00060102,                /* 0633  return L6 count=1 */
    0x00280B42,                /* 0634  gget L11 <- g40   (compile_expr) */
    0x000C0441,                /* 0635  move L12 <- L4 */
    0x000D0041,                /* 0636  move L13 <- L0 */
    0x000E0641,                /* 0637  move L14 <- L6 */
    0x000B03A0, 0x00010000,    /* 0638  call base=L11 argc=3 nres=1 */
    0x00070B41,                /* 063A  move L7 <- L11 */
    0x000E0B46,                /* 063B  lconst L11 <- static#14   ("error") */
    0x000C0097, 0x0007000B,    /* 063C  is L12 <- L7 is L11 */
    0x00010C4B,                /* 063E  jf L12, +1 */
    0x00070102,                /* 063F  return L7 count=1 */
    0x00040B42,                /* 0640  gget L11 <- g4   (_emit_pairable) */
    0x000C0041,                /* 0641  move L12 <- L0 */
    0x00140D45,                /* 0642  lsym L13 <- sym#20   ("gset") */
    0x000E0341,                /* 0643  move L14 <- L3 */
    0x000F0641,                /* 0644  move L15 <- L6 */
    0x000B04A0, 0x00010000,    /* 0645  call base=L11 argc=4 nres=1 */
    0x00080B41,                /* 0647  move L8 <- L11 */
    0x000E0B46,                /* 0648  lconst L11 <- static#14   ("error") */
    0x000C0097, 0x0008000B,    /* 0649  is L12 <- L8 is L11 */
    0x00010C4B,                /* 064B  jf L12, +1 */
    0x00080102,                /* 064C  return L8 count=1 */
    0x000B0041,                /* 064D  move L11 <- L0 */
    0x000C0541,                /* 064E  move L12 <- L5 */
    0x000B01A2, 0x00070001,    /* 064F  msg base=L11 argc=1 msg#7 nres=1   (free_to) */
    0x00090B41,                /* 0651  move L9 <- L11 */
    0x000E0B46,                /* 0652  lconst L11 <- static#14   ("error") */
    0x000C0097, 0x0009000B,    /* 0653  is L12 <- L9 is L11 */
    0x00010C4B,                /* 0655  jf L12, +1 */
    0x00090102,                /* 0656  return L9 count=1 */
    0xFFC7004F,                /* 0657  jmp -57 */
    0x000A0003,                /* 0658  lnil L10 */
    0x000A0102,                /* 0659  return L10 count=1 */
    0x0000009A, 0x80000012,    /* 065A  getattr L0 <- P0.sym#18   ("image") */
    0x0001009A, 0x8000000E,    /* 065C  getattr L1 <- P0.sym#14   ("init_ctx") */
    0x00020082, 0x00100000,    /* 065E  list L2 <- L16, 0 items */
    0x0010009A, 0x0001001E,    /* 0660  getattr L16 <- L1.sym#30   ("code") */
    0x001100AE, 0x00100000,    /* 0662  iter L17 <- L16 */
    0x000900AF, 0x00110005,    /* 0664  itnext L9 <- L17, done +5 */
    0x00120241,                /* 0666  move L18 <- L2 */
    0x00130941,                /* 0667  move L19 <- L9 */
    0x001201A2, 0x00010001,    /* 0668  msg base=L18 argc=1 msg#1 nres=1   (append) */
    0xFFF9004F,                /* 066A  jmp -7 */
    0x0010009A, 0x8000001F,    /* 066B  getattr L16 <- P0.sym#31   ("pending") */
    0x001100AE, 0x00100000,    /* 066D  iter L17 <- L16 */
    0x000A00AF, 0x0011001E,    /* 066F  itnext L10 <- L17, done +30 */
    0x0012009A, 0x00000020,    /* 0671  getattr L18 <- L0.sym#32   ("functions") */
    0x00130040,                /* 0673  i8 L19 <- 0 */
    0x00140098, 0x000A0013,    /* 0674  getidx L20 <- L10[L19] */
    0x000B0098, 0x00120014,    /* 0676  getidx L11 <- L18[L20] */
    0x001E1246,                /* 0678  lconst L18 <- static#30   ("code_offset") */
    0x001D1442,                /* 0679  gget L20 <- g29   (len) */
    0x00150241,                /* 067A  move L21 <- L2 */
    0x001401A0, 0x00010000,    /* 067B  call base=L20 argc=1 nres=1 */
    0x00131441,                /* 067D  move L19 <- L20 */
    0x000B0099, 0x00120013,    /* 067E  setidx L11[L18] <- L19 */
    0x00120140,                /* 0680  i8 L18 <- 1 */
    0x00130098, 0x000A0012,    /* 0681  getidx L19 <- L10[L18] */
    0x0014009A, 0x0013001E,    /* 0683  getattr L20 <- L19.sym#30   ("code") */
    0x001500AE, 0x00140000,    /* 0685  iter L21 <- L20 */
    0x000C00AF, 0x00150005,    /* 0687  itnext L12 <- L21, done +5 */
    0x00160241,                /* 0689  move L22 <- L2 */
    0x00170C41,                /* 068A  move L23 <- L12 */
    0x001601A2, 0x00010001,    /* 068B  msg base=L22 argc=1 msg#1 nres=1   (append) */
    0xFFF9004F,                /* 068D  jmp -7 */
    0xFFE0004F,                /* 068E  jmp -32 */
    0x00030083, 0x00100000,    /* 068F  dict L3 <- L16, 0 pairs */
    0x00040083, 0x00100000,    /* 0691  dict L4 <- L16, 0 pairs */
    0x00050040,                /* 0693  i8 L5 <- 0 */
    0x001D1042,                /* 0694  gget L16 <- g29   (len) */
    0x0011009A, 0x00000021,    /* 0695  getattr L17 <- L0.sym#33   ("globals") */
    0x001001A0, 0x00010000,    /* 0697  call base=L16 argc=1 nres=1 */
    0x00110091, 0x00050010,    /* 0699  lt L17 <- L5 < L16 */
    0x001C114B,                /* 069B  jf L17, +28 */
    0x0010009A, 0x00000021,    /* 069C  getattr L16 <- L0.sym#33   ("globals") */
    0x000D0098, 0x00100005,    /* 069E  getidx L13 <- L16[L5] */
    0x001F1046,                /* 06A0  lconst L16 <- static#31   ("exported") */
    0x00110098, 0x000D0010,    /* 06A1  getidx L17 <- L13[L16] */
    0x0006114B,                /* 06A3  jf L17, +6 */
    0x00201046,                /* 06A4  lconst L16 <- static#32   ("name") */
    0x00110098, 0x000D0010,    /* 06A5  getidx L17 <- L13[L16] */
    0x00120541,                /* 06A7  move L18 <- L5 */
    0x00030099, 0x00110012,    /* 06A8  setidx L3[L17] <- L18 */
    0x00211046,                /* 06AA  lconst L16 <- static#33   ("free") */
    0x00110098, 0x000D0010,    /* 06AB  getidx L17 <- L13[L16] */
    0x0006114B,                /* 06AD  jf L17, +6 */
    0x00201046,                /* 06AE  lconst L16 <- static#32   ("name") */
    0x00110098, 0x000D0010,    /* 06AF  getidx L17 <- L13[L16] */
    0x00120541,                /* 06B1  move L18 <- L5 */
    0x00040099, 0x00110012,    /* 06B2  setidx L4[L17] <- L18 */
    0x00100140,                /* 06B4  i8 L16 <- 1 */
    0x00050085, 0x00050010,    /* 06B5  add L5 <- L5 + L16 */
    0xFFDC004F,                /* 06B7  jmp -36 */
    0x00060082, 0x00100000,    /* 06B8  list L6 <- L16, 0 items */
    0x0010009A, 0x00010022,    /* 06BA  getattr L16 <- L1.sym#34   ("uses") */
    0x001100AE, 0x00100000,    /* 06BC  iter L17 <- L16 */
    0x000E00AF, 0x00110005,    /* 06BE  itnext L14 <- L17, done +5 */
    0x00120641,                /* 06C0  move L18 <- L6 */
    0x00130E41,                /* 06C1  move L19 <- L14 */
    0x001201A2, 0x00010001,    /* 06C2  msg base=L18 argc=1 msg#1 nres=1   (append) */
    0xFFF9004F,                /* 06C4  jmp -7 */
    0x00070082, 0x00100000,    /* 06C5  list L7 <- L16, 0 items */
    0x0010009A, 0x00000023,    /* 06C7  getattr L16 <- L0.sym#35   ("unlowered") */
    0x001100AE, 0x00100000,    /* 06C9  iter L17 <- L16 */
    0x000F00AF, 0x00110005,    /* 06CB  itnext L15 <- L17, done +5 */
    0x00120741,                /* 06CD  move L18 <- L7 */
    0x00130F41,                /* 06CE  move L19 <- L15 */
    0x001201A2, 0x00010001,    /* 06CF  msg base=L18 argc=1 msg#1 nres=1   (append) */
    0xFFF9004F,                /* 06D1  jmp -7 */
    0x00080083, 0x00100000,    /* 06D2  dict L8 <- L16, 0 pairs */
    0x00201046,                /* 06D4  lconst L16 <- static#32   ("name") */
    0x0011009A, 0x00000024,    /* 06D5  getattr L17 <- L0.sym#36   ("module_name") */
    0x00080099, 0x00100011,    /* 06D7  setidx L8[L16] <- L17 */
    0x00221046,                /* 06D9  lconst L16 <- static#34   ("version") */
    0x00110140,                /* 06DA  i8 L17 <- 1 */
    0x00080099, 0x00100011,    /* 06DB  setidx L8[L16] <- L17 */
    0x00231046,                /* 06DD  lconst L16 <- static#35   ("globals") */
    0x001D1242,                /* 06DE  gget L18 <- g29   (len) */
    0x0013009A, 0x00000021,    /* 06DF  getattr L19 <- L0.sym#33   ("globals") */
    0x001201A0, 0x00010000,    /* 06E1  call base=L18 argc=1 nres=1 */
    0x00111241,                /* 06E3  move L17 <- L18 */
    0x00080099, 0x00100011,    /* 06E4  setidx L8[L16] <- L17 */
    0x00241046,                /* 06E6  lconst L16 <- static#36   ("init_l") */
    0x0011009A, 0x00010025,    /* 06E7  getattr L17 <- L1.sym#37   ("high") */
    0x00080099, 0x00100011,    /* 06E9  setidx L8[L16] <- L17 */
    0x00251046,                /* 06EB  lconst L16 <- static#37   ("init_nlocals") */
    0x0011009A, 0x00010025,    /* 06EC  getattr L17 <- L1.sym#37   ("high") */
    0x00080099, 0x00100011,    /* 06EE  setidx L8[L16] <- L17 */
    0x00261046,                /* 06F0  lconst L16 <- static#38   ("module_uses") */
    0x00110641,                /* 06F1  move L17 <- L6 */
    0x00080099, 0x00100011,    /* 06F2  setidx L8[L16] <- L17 */
    0x00271046,                /* 06F4  lconst L16 <- static#39   ("unlowered") */
    0x00110741,                /* 06F5  move L17 <- L7 */
    0x00080099, 0x00100011,    /* 06F6  setidx L8[L16] <- L17 */
    0x00281046,                /* 06F8  lconst L16 <- static#40   ("statics") */
    0x0011009A, 0x00000026,    /* 06F9  getattr L17 <- L0.sym#38   ("statics") */
    0x00080099, 0x00100011,    /* 06FB  setidx L8[L16] <- L17 */
    0x00291046,                /* 06FD  lconst L16 <- static#41   ("slot_defaults") */
    0x00110003,                /* 06FE  lnil L17 */
    0x00080099, 0x00100011,    /* 06FF  setidx L8[L16] <- L17 */
    0x002A1046,                /* 0701  lconst L16 <- static#42   ("symbols") */
    0x0011009A, 0x00000027,    /* 0702  getattr L17 <- L0.sym#39   ("symbols") */
    0x00080099, 0x00100011,    /* 0704  setidx L8[L16] <- L17 */
    0x002B1046,                /* 0706  lconst L16 <- static#43   ("functions") */
    0x0011009A, 0x00000020,    /* 0707  getattr L17 <- L0.sym#32   ("functions") */
    0x00080099, 0x00100011,    /* 0709  setidx L8[L16] <- L17 */
    0x002C1046,                /* 070B  lconst L16 <- static#44   ("classes") */
    0x0011009A, 0x00000028,    /* 070C  getattr L17 <- L0.sym#40   ("classes") */
    0x00080099, 0x00100011,    /* 070E  setidx L8[L16] <- L17 */
    0x002D1046,                /* 0710  lconst L16 <- static#45   ("messages") */
    0x0011009A, 0x00000029,    /* 0711  getattr L17 <- L0.sym#41   ("messages") */
    0x00080099, 0x00100011,    /* 0713  setidx L8[L16] <- L17 */
    0x001D1042,                /* 0715  gget L16 <- g29   (len) */
    0x00110341,                /* 0716  move L17 <- L3 */
    0x001001A0, 0x00010000,    /* 0717  call base=L16 argc=1 nres=1 */
    0x00110040,                /* 0719  i8 L17 <- 0 */
    0x00120093, 0x00100011,    /* 071A  gt L18 <- L16 > L17 */
    0x0004124B,                /* 071C  jf L18, +4 */
    0x002E1046,                /* 071D  lconst L16 <- static#46   ("exports") */
    0x00110341,                /* 071E  move L17 <- L3 */
    0x00080099, 0x00100011,    /* 071F  setidx L8[L16] <- L17 */
    0x001D1042,                /* 0721  gget L16 <- g29   (len) */
    0x00110441,                /* 0722  move L17 <- L4 */
    0x001001A0, 0x00010000,    /* 0723  call base=L16 argc=1 nres=1 */
    0x00110040,                /* 0725  i8 L17 <- 0 */
    0x00120093, 0x00100011,    /* 0726  gt L18 <- L16 > L17 */
    0x0004124B,                /* 0728  jf L18, +4 */
    0x00211046,                /* 0729  lconst L16 <- static#33   ("free") */
    0x00110441,                /* 072A  move L17 <- L4 */
    0x00080099, 0x00100011,    /* 072B  setidx L8[L16] <- L17 */
    0x002F1046,                /* 072D  lconst L16 <- static#47   ("code") */
    0x00110241,                /* 072E  move L17 <- L2 */
    0x00080099, 0x00100011,    /* 072F  setidx L8[L16] <- L17 */
    0x00080102,                /* 0731  return L8 count=1 */
    0x000C0246,                /* 0732  lconst L2 <- static#12   ("pair") */
    0x00030097, 0x80000002,    /* 0733  is L3 <- P0 is L2 */
    0x0021034B,                /* 0735  jf L3, +33 */
    0x001A0242,                /* 0736  gget L2 <- g26   (car) */
    0x00038041,                /* 0737  move L3 <- P0 */
    0x000201A0, 0x00010000,    /* 0738  call base=L2 argc=1 nres=1 */
    0x002A0345,                /* 073A  lsym L3 <- sym#42   ("decorated") */
    0x0004008F, 0x00020003,    /* 073B  eq L4 <- L2 == L3 */
    0x0002044B,                /* 073D  jf L4, +2 */
    0x00020104,                /* 073E  lbool L2 <- 1 */
    0x00020102,                /* 073F  return L2 count=1 */
    0x00008041,                /* 0740  move L0 <- P0 */
    0x000C0246,                /* 0741  lconst L2 <- static#12   ("pair") */
    0x00030097, 0x00000002,    /* 0742  is L3 <- L0 is L2 */
    0x0010034B,                /* 0744  jf L3, +16 */
    0x00160242,                /* 0745  gget L2 <- g22   (_has_decorated) */
    0x001A0342,                /* 0746  gget L3 <- g26   (car) */
    0x00040041,                /* 0747  move L4 <- L0 */
    0x000301A0, 0x00010000,    /* 0748  call base=L3 argc=1 nres=1 */
    0x000201A0, 0x00010000,    /* 074A  call base=L2 argc=1 nres=1 */
    0x0002024B,                /* 074C  jf L2, +2 */
    0x00020104,                /* 074D  lbool L2 <- 1 */
    0x00020102,                /* 074E  return L2 count=1 */
    0x00190242,                /* 074F  gget L2 <- g25   (cdr) */
    0x00030041,                /* 0750  move L3 <- L0 */
    0x000201A0, 0x00010000,    /* 0751  call base=L2 argc=1 nres=1 */
    0x00000241,                /* 0753  move L0 <- L2 */
    0xFFEC004F,                /* 0754  jmp -20 */
    0x00020004,                /* 0755  lbool L2 <- 0 */
    0x00020102,                /* 0756  return L2 count=1 */
    0x00300346,                /* 0757  lconst L3 <- static#48   ("list") */
    0x00020097, 0x80000003,    /* 0758  is L2 <- P0 is L3 */
    0x0003024C,                /* 075A  jt L2, +3 */
    0x00310346,                /* 075B  lconst L3 <- static#49   ("tuple") */
    0x00020097, 0x80000003,    /* 075C  is L2 <- P0 is L3 */
    0x000C024B,                /* 075E  jf L2, +12 */
    0x000200AE, 0x80000000,    /* 075F  iter L2 <- P0 */
    0x000100AF, 0x00020008,    /* 0761  itnext L1 <- L2, done +8 */
    0x00160342,                /* 0763  gget L3 <- g22   (_has_decorated) */
    0x00040141,                /* 0764  move L4 <- L1 */
    0x000301A0, 0x00010000,    /* 0765  call base=L3 argc=1 nres=1 */
    0x0002034B,                /* 0767  jf L3, +2 */
    0x00030104,                /* 0768  lbool L3 <- 1 */
    0x00030102,                /* 0769  return L3 count=1 */
    0xFFF6004F,                /* 076A  jmp -10 */
    0x00020004,                /* 076B  lbool L2 <- 0 */
    0x00020102,                /* 076C  return L2 count=1 */
    0x00291542,                /* 076D  gget L21 <- g41   (ModuleContext) */
    0x00168141,                /* 076E  move L22 <- P1 */
    0x00178241,                /* 076F  move L23 <- P2 */
    0x001502A0, 0x00010000,    /* 0770  call base=L21 argc=2 nres=1 */
    0x00001541,                /* 0772  move L0 <- L21 */
    0x00158441,                /* 0773  move L21 <- P4 */
    0x0000009B, 0x002B0015,    /* 0774  setattr L0.sym#43 <- L21   ("slot_optimization") */
    0x00158641,                /* 0776  move L21 <- P6 */
    0x0000009B, 0x002C0015,    /* 0777  setattr L0.sym#44 <- L21   ("stub_unlowered") */
    0x00191542,                /* 0779  gget L21 <- g25   (cdr) */
    0x00168041,                /* 077A  move L22 <- P0 */
    0x001501A0, 0x00010000,    /* 077B  call base=L21 argc=1 nres=1 */
    0x00011541,                /* 077D  move L1 <- L21 */
    0x001F1542,                /* 077E  gget L21 <- g31   (node_kind) */
    0x00168041,                /* 077F  move L22 <- P0 */
    0x001501A0, 0x00010000,    /* 0780  call base=L21 argc=1 nres=1 */
    0x002D1645,                /* 0782  lsym L22 <- sym#45   ("module") */
    0x00170090, 0x00150016,    /* 0783  ne L23 <- L21 != L22 */
    0x0005174B,                /* 0785  jf L23, +5 */
    0x00181542,                /* 0786  gget L21 <- g24   (error) */
    0x00331646,                /* 0787  lconst L22 <- static#51   ("compile_module needs a 'module node") */
    0x001501A0, 0x00010000,    /* 0788  call base=L21 argc=1 nres=1 */
    0x00150102,                /* 078A  return L21 count=1 */
    0x002A1542,                /* 078B  gget L21 <- g42   (expand_predefined_decorators) */
    0x00160141,                /* 078C  move L22 <- L1 */
    0x001501A0, 0x00010000,    /* 078D  call base=L21 argc=1 nres=1 */
    0x00021541,                /* 078F  move L2 <- L21 */
    0x000E1546,                /* 0790  lconst L21 <- static#14   ("error") */
    0x00160097, 0x00020015,    /* 0791  is L22 <- L2 is L21 */
    0x0001164B,                /* 0793  jf L22, +1 */
    0x00020102,                /* 0794  return L2 count=1 */
    0x00010241,                /* 0795  move L1 <- L2 */
    0x00161542,                /* 0796  gget L21 <- g22   (_has_decorated) */
    0x00160141,                /* 0797  move L22 <- L1 */
    0x001501A0, 0x00010000,    /* 0798  call base=L21 argc=1 nres=1 */
    0x001F154B,                /* 079A  jf L21, +31 */
    0x001A1546,                /* 079B  lconst L21 <- static#26   ("nil") */
    0x00160097, 0x80070015,    /* 079C  is L22 <- P7 is L21 */
    0x000B164B,                /* 079E  jf L22, +11 */
    0x00181542,                /* 079F  gget L21 <- g24   (error) */
    0x00341646,                /* 07A0  lconst L22 <- static#52   ("'") */
    0x00170085, 0x00168001,    /* 07A1  add L23 <- L22 + P1 */
    0x00351846,                /* 07A3  lconst L24 <- static#53   ("' has decorators but no expander was supplied (see wyrm::compiler::expansion)") */
    0x00190085, 0x00170018,    /* 07A4  add L25 <- L23 + L24 */
    0x00161941,                /* 07A6  move L22 <- L25 */
    0x001501A0, 0x00010000,    /* 07A7  call base=L21 argc=1 nres=1 */
    0x00150102,                /* 07A9  return L21 count=1 */
    0x00158741,                /* 07AA  move L21 <- P7 */
    0x00160141,                /* 07AB  move L22 <- L1 */
    0x00178141,                /* 07AC  move L23 <- P1 */
    0x001502A0, 0x00010000,    /* 07AD  call base=L21 argc=2 nres=1 */
    0x000D1541,                /* 07AF  move L13 <- L21 */
    0x000E1546,                /* 07B0  lconst L21 <- static#14   ("error") */
    0x00160097, 0x000D0015,    /* 07B1  is L22 <- L13 is L21 */
    0x0001164B,                /* 07B3  jf L22, +1 */
    0x000D0102,                /* 07B4  return L13 count=1 */
    0x00191542,                /* 07B5  gget L21 <- g25   (cdr) */
    0x00160D41,                /* 07B6  move L22 <- L13 */
    0x001501A0, 0x00010000,    /* 07B7  call base=L21 argc=1 nres=1 */
    0x00011541,                /* 07B9  move L1 <- L21 */
    0x00091542,                /* 07BA  gget L21 <- g9   (_declare_module_names) */
    0x00160141,                /* 07BB  move L22 <- L1 */
    0x00170041,                /* 07BC  move L23 <- L0 */
    0x001502A0, 0x00010000,    /* 07BD  call base=L21 argc=2 nres=1 */
    0x00031541,                /* 07BF  move L3 <- L21 */
    0x000E1546,                /* 07C0  lconst L21 <- static#14   ("error") */
    0x00160097, 0x00030015,    /* 07C1  is L22 <- L3 is L21 */
    0x0001164B,                /* 07C3  jf L22, +1 */
    0x00030102,                /* 07C4  return L3 count=1 */
    0x000A1542,                /* 07C5  gget L21 <- g10   (_collect_definitions) */
    0x00160141,                /* 07C6  move L22 <- L1 */
    0x00170041,                /* 07C7  move L23 <- L0 */
    0x001502A0, 0x00010000,    /* 07C8  call base=L21 argc=2 nres=1 */
    0x00041541,                /* 07CA  move L4 <- L21 */
    0x000E1546,                /* 07CB  lconst L21 <- static#14   ("error") */
    0x00160097, 0x00040015,    /* 07CC  is L22 <- L4 is L21 */
    0x0001164B,                /* 07CE  jf L22, +1 */
    0x00040102,                /* 07CF  return L4 count=1 */
    0x000D1542,                /* 07D0  gget L21 <- g13   (_hoist_imports) */
    0x00160141,                /* 07D1  move L22 <- L1 */
    0x00170041,                /* 07D2  move L23 <- L0 */
    0x001502A0, 0x00010000,    /* 07D3  call base=L21 argc=2 nres=1 */
    0x00051541,                /* 07D5  move L5 <- L21 */
    0x000E1546,                /* 07D6  lconst L21 <- static#14   ("error") */
    0x00160097, 0x00050015,    /* 07D7  is L22 <- L5 is L21 */
    0x0001164B,                /* 07D9  jf L22, +1 */
    0x00050102,                /* 07DA  return L5 count=1 */
    0x000E1542,                /* 07DB  gget L21 <- g14   (_bind_imported_names) */
    0x00160541,                /* 07DC  move L22 <- L5 */
    0x00170041,                /* 07DD  move L23 <- L0 */
    0x001502A0, 0x00010000,    /* 07DE  call base=L21 argc=2 nres=1 */
    0x00061541,                /* 07E0  move L6 <- L21 */
    0x000E1546,                /* 07E1  lconst L21 <- static#14   ("error") */
    0x00160097, 0x00060015,    /* 07E2  is L22 <- L6 is L21 */
    0x0001164B,                /* 07E4  jf L22, +1 */
    0x00060102,                /* 07E5  return L6 count=1 */
    0x0007009A, 0x0000000E,    /* 07E6  getattr L7 <- L0.sym#14   ("init_ctx") */
    0x00080082, 0x00150000,    /* 07E8  list L8 <- L21, 0 items */
    0x0015009A, 0x00000021,    /* 07EA  getattr L21 <- L0.sym#33   ("globals") */
    0x001600AE, 0x00150000,    /* 07EC  iter L22 <- L21 */
    0x000E00AF, 0x00160005,    /* 07EE  itnext L14 <- L22, done +5 */
    0x00170841,                /* 07F0  move L23 <- L8 */
    0x00180E41,                /* 07F1  move L24 <- L14 */
    0x001701A2, 0x00010001,    /* 07F2  msg base=L23 argc=1 msg#1 nres=1   (append) */
    0xFFF9004F,                /* 07F4  jmp -7 */
    0x00150741,                /* 07F5  move L21 <- L7 */
    0x00160141,                /* 07F6  move L22 <- L1 */
    0x00170841,                /* 07F7  move L23 <- L8 */
    0x001502A2, 0x000A0001,    /* 07F8  msg base=L21 argc=2 msg#10 nres=1   (allocate_block_scopes) */
    0x00091541,                /* 07FA  move L9 <- L21 */
    0x000E1546,                /* 07FB  lconst L21 <- static#14   ("error") */
    0x00160097, 0x00090015,    /* 07FC  is L22 <- L9 is L21 */
    0x0001164B,                /* 07FE  jf L22, +1 */
    0x00090102,                /* 07FF  return L9 count=1 */
    0x001500AE, 0x00010000,    /* 0800  iter L21 <- L1 */
    0x000F00AF, 0x00150034,    /* 0802  itnext L15 <- L21, done +52 */
    0x00160741,                /* 0804  move L22 <- L7 */
    0x001600A2, 0x00030001,    /* 0805  msg base=L22 argc=0 msg#3 nres=1   (mark) */
    0x00101641,                /* 0807  move L16 <- L22 */
    0x00110005,                /* 0808  lunset L17 */
    0x002B1642,                /* 0809  gget L22 <- g43   (supported) */
    0x002C1742,                /* 080A  gget L23 <- g44   (TOPLEVEL_HANDLERS) */
    0x00180F41,                /* 080B  move L24 <- L15 */
    0x001602A0, 0x00010000,    /* 080C  call base=L22 argc=2 nres=1 */
    0x0009164B,                /* 080E  jf L22, +9 */
    0x002D1642,                /* 080F  gget L22 <- g45   (dispatch) */
    0x002C1742,                /* 0810  gget L23 <- g44   (TOPLEVEL_HANDLERS) */
    0x00180F41,                /* 0811  move L24 <- L15 */
    0x00190041,                /* 0812  move L25 <- L0 */
    0x001A0003,                /* 0813  lnil L26 */
    0x001604A0, 0x00010000,    /* 0814  call base=L22 argc=4 nres=1 */
    0x00111641,                /* 0816  move L17 <- L22 */
    0x0006004F,                /* 0817  jmp +6 */
    0x00261642,                /* 0818  gget L22 <- g38   (compile_statement) */
    0x00170F41,                /* 0819  move L23 <- L15 */
    0x00180741,                /* 081A  move L24 <- L7 */
    0x001602A0, 0x00010000,    /* 081B  call base=L22 argc=2 nres=1 */
    0x00111641,                /* 081D  move L17 <- L22 */
    0x000E1646,                /* 081E  lconst L22 <- static#14   ("error") */
    0x00170097, 0x00110016,    /* 081F  is L23 <- L17 is L22 */
    0x0001174B,                /* 0821  jf L23, +1 */
    0x00110102,                /* 0822  return L17 count=1 */
    0x00141642,                /* 0823  gget L22 <- g20   (_flush_statics) */
    0x00170041,                /* 0824  move L23 <- L0 */
    0x001601A0, 0x00010000,    /* 0825  call base=L22 argc=1 nres=1 */
    0x00121641,                /* 0827  move L18 <- L22 */
    0x000E1646,                /* 0828  lconst L22 <- static#14   ("error") */
    0x00170097, 0x00120016,    /* 0829  is L23 <- L18 is L22 */
    0x0001174B,                /* 082B  jf L23, +1 */
    0x00120102,                /* 082C  return L18 count=1 */
    0x00160741,                /* 082D  move L22 <- L7 */
    0x00171041,                /* 082E  move L23 <- L16 */
    0x001601A2, 0x00070001,    /* 082F  msg base=L22 argc=1 msg#7 nres=1   (free_to) */
    0x00131641,                /* 0831  move L19 <- L22 */
    0x000E1646,                /* 0832  lconst L22 <- static#14   ("error") */
    0x00170097, 0x00130016,    /* 0833  is L23 <- L19 is L22 */
    0x0001174B,                /* 0835  jf L23, +1 */
    0x00130102,                /* 0836  return L19 count=1 */
    0xFFCA004F,                /* 0837  jmp -54 */
    0x00031542,                /* 0838  gget L21 <- g3   (_emit_pack) */
    0x00180741,                /* 0839  move L24 <- L7 */
    0x002F1945,                /* 083A  lsym L25 <- sym#47   ("return") */
    0x001A0281, 0x00180000,    /* 083B  tuple L26 <- L24, 2 items */
    0x00161A41,                /* 083D  move L22 <- L26 */
    0x00121846,                /* 083E  lconst L24 <- static#18   ("a0") */
    0x00190040,                /* 083F  i8 L25 <- 0 */
    0x00111A46,                /* 0840  lconst L26 <- static#17   ("f") */
    0x001B0040,                /* 0841  i8 L27 <- 0 */
    0x001C0283, 0x00180000,    /* 0842  dict L28 <- L24, 2 pairs */
    0x00171C41,                /* 0844  move L23 <- L28 */
    0x001500A1, 0x00010000,    /* 0845  call_va base=L21 nres=1 */
    0x000A1541,                /* 0847  move L10 <- L21 */
    0x000E1546,                /* 0848  lconst L21 <- static#14   ("error") */
    0x00160097, 0x000A0015,    /* 0849  is L22 <- L10 is L21 */
    0x0001164B,                /* 084B  jf L22, +1 */
    0x000A0102,                /* 084C  return L10 count=1 */
    0x00150741,                /* 084D  move L21 <- L7 */
    0x001500A2, 0x000B0001,    /* 084E  msg base=L21 argc=0 msg#11 nres=1   (patch_labels) */
    0x000B1541,                /* 0850  move L11 <- L21 */
    0x000E1546,                /* 0851  lconst L21 <- static#14   ("error") */
    0x00160097, 0x000B0015,    /* 0852  is L22 <- L11 is L21 */
    0x0001164B,                /* 0854  jf L22, +1 */
    0x000B0102,                /* 0855  return L11 count=1 */
    0x00151542,                /* 0856  gget L21 <- g21   (_assemble) */
    0x00160041,                /* 0857  move L22 <- L0 */
    0x001501A0, 0x00010000,    /* 0858  call base=L21 argc=1 nres=1 */
    0x000C1541,                /* 085A  move L12 <- L21 */
    0x000E1546,                /* 085B  lconst L21 <- static#14   ("error") */
    0x00160097, 0x000C0015,    /* 085C  is L22 <- L12 is L21 */
    0x0001164B,                /* 085E  jf L22, +1 */
    0x000C0102,                /* 085F  return L12 count=1 */
    0x000A834B,                /* 0860  jf P3, +10 */
    0x002E1542,                /* 0861  gget L21 <- g46   (verify) */
    0x00160C41,                /* 0862  move L22 <- L12 */
    0x001501A0, 0x00010000,    /* 0863  call base=L21 argc=1 nres=1 */
    0x00141541,                /* 0865  move L20 <- L21 */
    0x000E1546,                /* 0866  lconst L21 <- static#14   ("error") */
    0x00160097, 0x00140015,    /* 0867  is L22 <- L20 is L21 */
    0x0001164B,                /* 0869  jf L22, +1 */
    0x00140102,                /* 086A  return L20 count=1 */
    0x000C0102,                /* 086B  return L12 count=1 */
};

const wy_module_image module_image = {
    .name = "module",
    .sections = {
        [WY_SEC_HEADER] = { module_header, sizeof module_header },
        [WY_SEC_STATICS] = { module_statics, sizeof module_statics },
        [WY_SEC_SYMBOLS] = { module_symbols, sizeof module_symbols },
        [WY_SEC_FUNCTIONS] = { module_functions, sizeof module_functions },
        [WY_SEC_CLASSES] = { module_classes, sizeof module_classes },
        [WY_SEC_MESSAGES] = { module_messages, sizeof module_messages },
        [WY_SEC_CODE] = { (const uint8_t*) module_code, sizeof module_code },
        [WY_SEC_EXPORTS] = { module_exports, sizeof module_exports },
        [WY_SEC_FREE] = { module_free, sizeof module_free },
    },
};
